"limits",20.0,100.0074
"peaks",43.68043210345579,50.77133653122569,74.87175812328272,90.80082859987625,96.76018052773415
"masked X","X","obs","calc","bkg","diff"
20.0,20.0,242.0,248.9005407331573,248.8479,-42.7605407331573
20.0195,20.0195,253.0,248.91984452673609,248.86711686097027,-31.779844526736085
20.0389,20.0389,252.0,248.9390495321487,248.88623517393555,-32.799049532148686
20.0584,20.0584,242.0,248.9583537557167,248.90545203490578,-42.8183537557167
20.0778,20.0778,254.0,248.97755919543286,248.92457034787108,-30.83755919543286
20.0973,20.0973,255.0,248.99686384755202,248.94378720884131,-29.85686384755202
20.1167,20.1167,264.0,249.01606971725738,248.9629055218066,-20.87606971725738
20.1362,20.1362,247.0,249.03537481374676,248.98212238277685,-37.895374813746756
20.1557,20.1557,267.0,249.05468011013076,249.0013392437471,-17.91468011013076
20.1751,20.1751,245.0,249.07388664135806,249.0204575567124,-39.93388664135806
20.1946,20.1946,230.0,249.09319239505507,249.03967441768265,-54.95319239505507
20.214,20.214,251.0,249.11239935914776,249.05879273064792,-33.97239935914776
20.2335,20.2335,257.0,249.1317055600911,249.07800959161816,-27.99170556009109
20.2529,20.2529,232.0,249.1509129642397,249.09712790458343,-53.010912964239694
20.2724,20.2724,244.0,249.17021960380083,249.1163447655537,-41.03021960380083
20.2919,20.2919,259.0,249.18952647058035,249.13556162652395,-26.049526470580346
20.3113,20.3113,255.0,249.20873454344132,249.15467993948923,-30.068734543441323
20.3308,20.3308,255.0,249.22804186609574,249.1738968004595,-30.088041866095736
20.3502,20.3502,266.0,249.2472503933935,249.19301511342476,-19.1072503933935
20.3697,20.3697,230.0,249.26655816617043,249.212231974395,-55.126558166170426
20.3891,20.3891,265.0,249.28576714790498,249.23135028736027,-20.145767147904976
20.4086,20.4086,260.0,249.30507538230918,249.25056714833053,-25.165075382309183
20.4281,20.4281,245.0,249.32438382811276,249.2697840093008,-40.18438382811276
20.4475,20.4475,246.0,249.34359350444535,249.28890232226607,-39.20359350444535
20.467,20.467,268.0,249.36290242194283,249.30811918323633,-17.222902421942834
20.4864,20.4864,273.0,249.38211254983602,249.3272374962016,-12.242112549836023
20.5059,20.5059,260.0,249.40142193902736,249.34645435717184,-25.261421939027358
20.5253,20.5253,258.0,249.42063252998588,249.3655726701371,-27.28063252998588
20.5448,20.5448,245.0,249.4399423808045,249.38478953110737,-40.299942380804495
20.5643,20.5643,275.0,249.45925247178434,249.40400639207763,-10.319252471784338
20.5837,20.5837,267.0,249.47846376740753,249.4231247050429,-18.338463767407532
20.6032,20.6032,259.0,249.49777433008126,249.44234156601317,-26.357774330081256
20.6226,20.6226,270.0,249.51698609452214,249.46145987897845,-15.376986094522138
20.6421,20.6421,255.0,249.5362971346421,249.48067673994868,-30.396297134642097
20.6615,20.6615,233.0,249.55550937796733,249.49979505291395,-52.415509377967325
20.681,20.681,241.0,249.57482089697166,249.5190119138842,-44.43482089697166
20.7005,20.7005,228.0,249.59413264607056,249.53822877485447,-57.45413264607056
20.7199,20.7199,230.0,249.61334560987945,249.55734708781975,-55.473345609879445
20.7394,20.7394,247.0,249.6326578522436,249.57656394879,-38.492657852243596
20.7588,20.7588,246.0,249.65187129637494,249.5956822617553,-39.511871296374935
20.7783,20.7783,247.0,249.6711840320043,249.61489912272552,-38.531184032004305
20.7977,20.7977,230.0,249.69039796364854,249.6340174356908,-55.550397963648535
20.8172,20.8172,260.0,249.70971117816228,249.65323429666105,-25.56971117816228
20.8367,20.8367,259.0,249.729024644342,249.67245115763131,-26.58902464434199
20.8561,20.8561,259.0,249.7482393237936,249.6915694705966,-26.608239323793597
20.8756,20.8756,239.0,249.76755328180047,249.71078633156685,-46.62755328180047
20.895,20.895,247.0,249.78676844013643,249.72990464453213,-38.64676844013643
20.9145,20.9145,245.0,249.80608290722753,249.74912150550236,-40.66608290722753
20.9339,20.9339,269.0,249.8252985688954,249.76823981846766,-16.68529856889539
20.9534,20.9534,264.0,249.8446135364422,249.7874566794379,-21.70461353644221
20.9729,20.9729,269.0,249.863928739836,249.80667354040816,-16.723928739836012
20.9923,20.9923,226.0,249.88314516225404,249.82579185337343,-59.74314516225404
21.0118,21.0118,221.0,249.9024608919892,249.8450087143437,-64.76246089198919
21.0312,21.0312,256.0,249.92167780911058,249.86412702730897,-29.781677809110576
21.0507,21.0507,247.0,249.94099405224424,249.8833438882792,-38.800994052244235
21.0701,21.0701,237.0,249.96021148276418,249.9024622012445,-48.82021148276418
21.0896,21.0896,243.0,249.97952823642018,249.92167906221474,-42.83952823642018
21.1091,21.1091,256.0,249.9988452474945,249.940895923185,-29.8588452474945
21.1285,21.1285,238.0,250.01806345170746,249.96001423615027,-47.87806345170746
21.148,21.148,243.0,250.03738098337078,249.97923109712053,-42.89738098337078
21.1674,21.1674,226.0,250.0565997096108,249.9983494100858,-59.91659970961079
21.1869,21.1869,234.0,250.0759177633012,250.01756627105607,-51.93591776330119
21.2063,21.2063,243.0,250.09513700581593,250.03668458402134,-42.95513700581593
21.2258,21.2258,267.0,250.1144555973524,250.05590144499158,-18.97445559735239
21.2453,21.2453,269.0,250.13377443624054,250.07511830596184,-16.993774436240543
21.2647,21.2647,250.0,250.15299447833397,250.0942366189271,-36.012994478333965
21.2842,21.2842,236.0,250.17231386225865,250.11345347989737,-50.03231386225865
21.3036,21.3036,246.0,250.1915344321315,250.13257179286265,-40.051534432131504
21.3231,21.3231,258.0,250.21085435246417,250.1517886538329,-28.070854352464167
21.3425,21.3425,251.0,250.23007546018312,250.17090696679819,-35.090075460183115
21.362,21.362,250.0,250.24939591692376,250.19012382776842,-36.10939591692376
21.3815,21.3815,260.0,250.26871664546366,250.20934068873868,-26.128716645463655
21.4009,21.4009,255.0,250.28793857001833,250.22845900170395,-31.147938570018326
21.4204,21.4204,255.0,250.30725984503286,250.2476758626742,-31.16725984503286
21.4398,21.4398,248.0,250.326482313186,250.2667941756395,-38.186482313186005
21.4593,21.4593,261.0,250.34580413036088,250.28601103660975,-25.205804130360875
21.4787,21.4787,269.0,250.36502714786482,250.30512934957503,-17.22502714786482
21.4982,21.4982,217.0,250.3843495287714,250.32434621054526,-69.2443495287714
21.5176,21.5176,248.0,250.40357309274995,250.34346452351053,-38.26357309274995
21.5371,21.5371,255.0,250.42289603019782,250.3626813844808,-31.28289603019782
21.5566,21.5566,227.0,250.44221924519726,250.38189824545105,-59.302219245197264
21.576,21.576,243.0,250.46144364758297,250.40101655841633,-43.32144364758297
21.5955,21.5955,249.0,250.48076743781888,250.4202334193866,-37.34076743781888
21.6149,21.6149,269.0,250.4999924024982,250.43935173235187,-17.359992402498207
21.6344,21.6344,258.0,250.5193167535896,250.4585685933221,-28.379316753589606
21.6538,21.6538,230.0,250.5385422762483,250.47768690628737,-56.39854227624831
21.6733,21.6733,253.0,250.55786720976664,250.49690376725763,-33.41786720976664
21.6928,21.6928,256.0,250.5771924165223,250.5161206282279,-30.437192416522308
21.7122,21.7122,217.0,250.59641880203566,250.53523894119317,-69.45641880203566
21.7317,21.7317,262.0,250.6157445926563,250.55445580216343,-24.475744592656312
21.7511,21.7511,231.0,250.6349715548442,250.5735741151287,-55.49497155484421
21.7706,21.7706,247.0,250.65429793076794,250.59279097609894,-39.51429793076794
21.79,21.79,244.0,250.67352547825894,250.61190928906422,-42.53352547825894
21.8095,21.8095,256.0,250.69285242941913,250.63112615003448,-30.552852429419133
21.829,21.829,269.0,250.71217967682608,250.65034301100474,-17.57217967682608
21.8484,21.8484,246.0,250.73140811880975,250.66946132397,-40.59140811880975
21.8679,21.8679,232.0,250.7507359558341,250.68867818494027,-54.6107359558341
21.8873,21.8873,256.0,250.76996497305421,250.70779649790555,-30.629964973054214
21.9068,21.9068,277.0,250.78929341551486,250.72701335887578,-9.649293415514862
21.9262,21.9262,257.0,250.80852302666665,250.74613167184108,-29.668523026666648
21.9457,21.9457,244.0,250.82785207456368,250.76534853281132,-42.68785207456368
21.9652,21.9652,272.0,250.8471814172694,250.78456539378158,-14.70718141726941
21.9846,21.9846,230.0,250.8664119301043,250.80368370674685,-56.726411930104305
22.0041,22.0041,236.0,250.8857418825607,250.8229005677171,-50.745741882560694
22.0235,22.0235,263.0,250.90497299364148,250.8420188806824,-23.76497299364148
22.043,22.043,270.0,250.92430357454364,250.86123574165262,-16.784303574543642
22.0624,22.0624,234.0,250.94353530256558,250.88035405461792,-52.80353530256558
22.0819,22.0819,248.0,250.96286647883747,250.89957091558816,-38.82286647883747
22.1014,22.1014,242.0,250.982197964299,250.91878777655842,-44.84219796429899
22.1208,22.1208,261.0,251.00143063139438,250.9379060895237,-25.861430631394384
22.1403,22.1403,227.0,251.02076273954935,250.95712295049395,-59.880762739549354
22.1597,22.1597,252.0,251.03999602070965,250.97624126345923,-34.89999602070965
22.1792,22.1792,284.0,251.05932875874853,250.9954581244295,-2.9193287587485344
22.1986,22.1986,257.0,251.0785626626023,251.01457643739477,-29.93856266260231
22.2181,22.2181,254.0,251.09789603915362,251.033793298365,-32.957896039153624
22.2376,22.2376,269.0,251.11722972920884,251.05301015933526,-17.977229729208844
22.257,22.257,266.0,251.13646457788846,251.07212847230053,-20.99646457788846
22.2765,22.2765,279.0,251.15579891077041,251.0913453332708,-8.015798910770414
22.2959,22.2959,236.0,251.17503440659104,251.11046364623607,-51.03503440659104
22.3154,22.3154,263.0,251.19436937942353,251.12968050720633,-24.054369379423534
22.3348,22.3348,293.0,251.21360551663284,251.1487988201716,5.926394483367162
22.3543,22.3543,247.0,251.2329411380444,251.16801568114184,-40.092941138044395
22.3738,22.3738,279.0,251.25227707727413,251.1872325421121,-8.112277077274129
22.3932,22.3932,254.0,251.27151419526155,251.20635085507737,-33.131514195261545
22.4127,22.4127,264.0,251.29085080032746,251.22556771604764,-23.15085080032746
22.4321,22.4321,259.0,251.31008855682737,251.2446860290129,-28.170088556827366
22.4516,22.4516,264.0,251.32942582053903,251.26390288998317,-23.18942582053903
22.471,22.471,252.0,251.3486642428751,251.28302120294845,-35.20866424287509
22.4905,22.4905,234.0,251.36800217673718,251.30223806391868,-53.22800217673718
22.51,22.51,267.0,251.3873404384841,251.32145492488894,-20.247340438484102
22.5294,22.5294,253.0,251.4065798574173,251.34057323785422,-34.26657985741731
22.5489,22.5489,278.0,251.42591879794324,251.35979009882448,-9.28591879794324
22.5683,22.5683,269.0,251.44515888415074,251.37890841178975,-18.305158884150742
22.5878,22.5878,245.0,251.46449850776995,251.39812527276,-42.324498507769945
22.6072,22.6072,253.0,251.48373927275645,251.4172435857253,-34.34373927275645
22.6267,22.6267,261.0,251.50307956940227,251.43646044669552,-26.363079569402274
22.6462,22.6462,256.0,251.52242020399953,251.45567730766578,-31.38242020399953
22.6656,22.6656,251.0,251.54166200441168,251.47479562063106,-36.401662004411676
22.6851,22.6851,228.0,251.56100333360692,251.49401248160132,-59.42100333360692
22.7045,22.7045,233.0,251.58024581136,251.5131307945666,-54.440245811359986
22.724,22.724,247.0,251.59958783946755,251.53234765553685,-40.459587839467545
22.7434,22.7434,253.0,251.61883101038052,251.55146596850213,-34.47883101038052
22.7629,22.7629,263.0,251.63817374027653,251.57068282947236,-24.498173740276528
22.7824,22.7824,258.0,251.65751682538104,251.58989969044262,-29.517516825381037
22.8018,22.8018,244.0,251.67676104466247,251.6090180034079,-43.53676104466247
22.8213,22.8213,246.0,251.69610483586973,251.62823486437816,-41.55610483586973
22.8407,22.8407,254.0,251.71534977851098,251.64735317734343,-33.57534977851098
22.8602,22.8602,233.0,251.73469427438292,251.6665700383137,-54.59469427438292
22.8796,22.8796,251.0,251.75393992456497,251.68568835127897,-36.613939924564974
22.8991,22.8991,254.0,251.7732851452348,251.7049052122492,-33.63328514523481
22.9186,22.9186,248.0,251.79263072542744,251.72412207321946,-39.65263072542744
22.938,22.938,235.0,251.81187746280642,251.74324038618474,-52.67187746280642
22.9575,22.9575,266.0,251.83122375773033,251.762457247155,-21.691223757730327
22.9769,22.9769,238.0,251.8504712242215,251.78157556012027,-49.71047122422151
22.9964,22.9964,241.0,251.86981825544808,251.80079242109053,-46.72981825544808
23.0158,23.0158,247.0,251.88906644242292,251.8199107340558,-40.749066442422915
23.0353,23.0353,232.0,251.9084142286473,251.83912759502604,-55.7684142286473
23.0548,23.0548,236.0,251.9277623729564,251.8583444559963,-51.78776237295641
23.0742,23.0742,257.0,251.9470116715757,251.87746276896158,-30.807011671575694
23.0937,23.0937,250.0,251.96636056369218,251.89667962993184,-37.82636056369218
23.1131,23.1131,248.0,251.98561062018547,251.91579794289711,-39.84561062018547
23.1326,23.1326,270.0,252.00496026154744,251.93501480386738,-17.864960261547438
23.152,23.152,236.0,252.0242110543434,251.95413311683265,-51.884211054343396
23.1715,23.1715,230.0,252.04356147371266,251.9733499778029,-57.90356147371266
23.191,23.191,222.0,252.06291225979516,251.99256683877314,-65.92291225979515
23.2104,23.2104,266.0,252.0821641973116,252.01168515173842,-21.942164197311612
23.2299,23.2299,252.0,252.10151573839198,252.03090201270868,-35.96151573839198
23.2493,23.2493,316.0,252.1207684294682,252.05002032567396,28.0192315705318
23.2688,23.2688,267.0,252.14012076725103,252.06923718664422,-21.000120767251033
23.2882,23.2882,224.0,252.15937423777265,252.0883554996095,-64.01937423777265
23.3077,23.3077,251.0,252.17872734781042,252.10757236057975,-37.03872734781042
23.3272,23.3272,247.0,252.19808083750422,252.12678922154998,-41.05808083750422
23.3466,23.3466,225.0,252.217335478632,252.14590753451526,-63.07733547863201
23.3661,23.3661,249.0,252.23668975927598,252.16512439548552,-39.096689759275975
23.3855,23.3855,252.0,252.25594519135387,252.1842427084508,-36.11594519135387
23.405,23.405,248.0,252.27530027445266,252.20345956942106,-40.13530027445266
23.4244,23.4244,244.0,252.29455648453788,252.22257788238633,-44.15455648453788
23.4439,23.4439,238.0,252.31391236433916,252.2417947433566,-50.17391236433916
23.4634,23.4634,260.0,252.33326864536784,252.26101160432682,-28.193268645367837
23.4828,23.4828,267.0,252.3525260620115,252.2801299172921,-21.21252606201149
23.5023,23.5023,262.0,252.37188314261886,252.29934677826236,-26.231883142618855
23.5217,23.5217,266.0,252.3911413890411,252.31846509122764,-22.25114138904111
23.5412,23.5412,275.0,252.4104992778557,252.3376819521979,-13.270499277855706
23.5606,23.5606,229.0,252.4297583094757,252.35680026516317,-59.28975830947569
23.5801,23.5801,248.0,252.44911704964022,252.37601712613343,-40.30911704964022
23.5996,23.5996,255.0,252.4684761982226,252.39523398710367,-33.32847619822259
23.619,23.619,259.0,252.48773647091525,252.41435230006894,-29.34773647091525
23.6385,23.6385,278.0,252.50709642770485,252.4335691610392,-10.367096427704851
23.6579,23.6579,259.0,252.5263575402427,252.45268747400448,-29.386357540242713
23.6774,23.6774,267.0,252.5457183455061,252.47190433497474,-21.405718345506088
23.6968,23.6968,270.0,252.56498028350828,252.49102264794,-18.424980283508276
23.7163,23.7163,227.0,252.58434195450252,252.51023950891027,-61.44434195450252
23.7358,23.7358,251.0,252.60370402240986,252.5294563698805,-37.46370402240986
23.7552,23.7552,227.0,252.62296723456078,252.54857468284578,-61.482967234560775
23.7747,23.7747,231.0,252.64233016244665,252.56779154381604,-57.502330162446654
23.7941,23.7941,267.0,252.66159421731896,252.58690985678132,-21.521594217318963
23.8136,23.8136,273.0,252.68095801956426,252.60612671775158,-15.540958019564258
23.833,23.833,247.0,252.70022294591976,252.62524503071685,-41.56022294591976
23.8525,23.8525,257.0,252.71958760526738,252.64446189168711,-31.579587605267378
23.872,23.872,238.0,252.73895270179463,252.66367875265735,-50.59895270179463
23.8914,23.8914,264.0,252.75821892243218,252.68279706562262,-24.618218922432177
23.9109,23.9109,258.0,252.77758491057597,252.70201392659288,-30.637584910575967
23.9303,23.9303,247.0,252.7968520084491,252.72113223955816,-41.65685200844909
23.9498,23.9498,232.0,252.8162188709523,252.74034910052842,-56.6762188709523
23.9692,23.9692,269.0,252.8354868661943,252.7594674134937,-19.695486866194287
23.9887,23.9887,282.0,252.85485460593307,252.77868427446396,-6.71485460593307
24.0082,24.0082,252.0,252.8742228087372,252.7979011354342,-36.73422280873719
24.0276,24.0276,249.0,252.89349213277538,252.81701944839946,-39.75349213277538
24.0471,24.0471,249.0,252.91286125308164,252.83623630936972,-39.77286125308164
24.0665,24.0665,244.0,252.9321314744887,252.855354622335,-44.7921314744887
24.086,24.086,253.0,252.95150147203054,252.87457148330526,-35.81150147203054
24.1054,24.1054,245.0,252.9707726195683,252.89368979627054,-43.83077261956829
24.1249,24.1249,255.0,252.9901435489932,252.9129066572408,-33.85014354899319
24.1444,24.1444,248.0,253.00951495011196,252.93212351821103,-40.86951495011196
24.1638,24.1638,238.0,253.02878746671243,252.9512418311763,-50.88878746671243
24.1833,24.1833,246.0,253.048159779581,252.97045869214656,-42.908159779581
24.2027,24.2027,254.0,253.0674332223122,252.98957700511184,-34.92743322231219
24.2222,24.2222,241.0,253.0868064670638,253.0087938660821,-47.94680646706381
24.2416,24.2416,245.0,253.10608083592567,253.02791217904738,-43.966080835925666
24.2611,24.2611,250.0,253.1254550499507,253.04712904001764,-38.98545504995069
24.2805,24.2805,242.0,253.1447303650765,253.0662473529829,-47.0047303650765
24.3,24.3,259.0,253.1641055224893,253.08546421395317,-30.024105522489307
24.3195,24.3195,271.0,253.1834811372151,253.1046810749234,-18.043481137215096
24.3389,24.3389,225.0,253.20275788755583,253.12379938788868,-64.06275788755583
24.3584,24.3584,231.0,253.22213446867886,253.14301624885894,-58.08213446867886
24.3778,24.3778,263.0,253.24141218541686,253.16213456182422,-26.101412185416862
24.3973,24.3973,255.0,253.26078974731806,253.18135142279448,-34.12078974731806
24.4167,24.4167,267.0,253.28006841894856,253.20046973575975,-22.14006841894856
24.4362,24.4362,254.0,253.29944695299932,253.21968659673,-35.15944695299932
24.4557,24.4557,249.0,253.31882599325814,253.23890345770025,-40.178825993258144
24.4751,24.4751,229.0,253.33048832998924,253.25040396603697,-60.190488329989236
24.4946,24.4946,247.0,253.34160787614272,253.26136034924752,-42.20160787614272
24.514,24.514,260.0,253.3526708992023,253.27226054587751,-29.21267089920231
24.5335,24.5335,249.0,253.3637914232577,253.28321692908804,-40.22379142325771
24.5529,24.5529,258.0,253.37485543284782,253.29411712571803,-31.234855432847823
24.5724,24.5724,259.0,253.3859769837003,253.30507350892856,-30.245976983700288
24.5919,24.5919,246.0,253.39709905514178,253.3160298921391,-43.25709905514178
24.6113,24.6113,250.0,253.40816457760374,253.3269300887691,-39.26816457760374
24.6308,24.6308,245.0,253.41928763269956,253.33788647197963,-44.279287632699564
24.6502,24.6502,274.0,253.43035418483475,253.34878666860962,-15.290354184834754
24.6697,24.6697,236.0,253.44147827248,253.35974305182015,-53.30147827248
24.6891,24.6891,257.0,253.4525458427837,253.37064324845014,-32.312545842783706
24.7086,24.7086,260.0,253.46367098311165,253.38159963166066,-29.323670983111654
24.7281,24.7281,242.0,253.4747966411524,253.39255601487122,-47.33479664115241
24.7475,24.7475,249.0,253.48586576747073,253.4034562115012,-40.34586576747073
24.767,24.767,273.0,253.49699245230852,253.41441259471173,-16.356992452308518
24.7864,24.7864,236.0,253.5080626255572,253.42531279134172,-53.36806262555719
24.8059,24.8059,249.0,253.51919039183952,253.43626917455225,-40.379190391839515
24.8253,24.8253,257.0,253.53026161201853,253.44716937118224,-32.390261612018534
24.8448,24.8448,267.0,253.54139044824066,253.4581257543928,-22.40139044824066
24.8643,24.8643,269.0,253.55251979642324,253.46908213760332,-20.41251979642324
24.8837,24.8837,248.0,253.56359262438812,253.4799823342333,-41.42359262438812
24.9032,24.9032,267.0,253.57472307702466,253.49093871744384,-22.434723077024657
24.9226,24.9226,261.0,253.58579697492934,253.50183891407383,-28.445796974929337
24.9421,24.9421,271.0,253.59692851188663,253.51279529728438,-18.45692851188663
24.9615,24.9615,246.0,253.60800349411198,253.52369549391435,-43.46800349411198
24.981,24.981,259.0,253.61913611826617,253.5346518771249,-30.47913611826617
25.0005,25.0005,269.0,253.63026930327584,253.54560826033543,-20.490269303275838
25.0199,25.0199,258.0,253.64134593930604,253.55650845696542,-31.501345939306034
25.0394,25.0394,266.0,253.65248024315062,253.56746484017594,-23.51248024315062
25.0588,25.0588,246.0,253.66355798651097,253.57836503680593,-43.523557986510966
25.0783,25.0783,240.0,253.67469337755244,253.5893214200165,-49.53469337755244
25.0977,25.0977,273.0,253.68577225988096,253.60022161664645,-16.545772259880962
25.1172,25.1172,263.0,253.6969087927668,253.611177999857,-26.556908792766805
25.1367,25.1367,245.0,253.70804591527,253.62213438306753,-44.56804591526999
25.1561,25.1561,241.0,253.71912647153658,253.63303457969752,-48.57912647153658
25.1756,25.1756,268.0,253.73026471575088,253.64399096290808,-21.590264715750877
25.195,25.195,260.0,253.74134641961416,253.65489115953804,-29.60134641961416
25.2145,25.2145,274.0,253.75248581717753,253.6658475427486,-15.612485817177529
25.2339,25.2339,225.0,253.76356866863753,253.67674773937856,-64.62356866863753
25.2534,25.2534,250.0,253.77470925981655,253.6877041225891,-39.634709259816546
25.2729,25.2729,281.0,253.78585041472724,253.69866050579964,-8.645850414727235
25.2923,25.2923,266.0,253.79693501490607,253.70956070242963,-23.656935014906068
25.3118,25.3118,276.0,253.8086453927897,253.72051708564018,-13.668645392789713
25.3312,25.3312,229.0,253.8197314901656,253.73141728227014,-60.679731490165594
25.3507,25.3507,288.0,253.83087533195882,253.7423736654807,-1.6908753319588214
25.3701,25.3701,244.0,253.84196260908192,253.75327386211066,-45.70196260908192
25.3896,25.3896,246.0,253.85310764776554,253.76423024532122,-43.71310764776554
25.4091,25.4091,246.0,253.86425328509364,253.77518662853177,-43.72425328509364
25.4285,25.4285,235.0,253.87534236333317,253.78608682516173,-54.735342363333174
25.448,25.448,240.0,253.8864892265413,253.7970432083723,-49.7464892265413
25.4674,25.4674,256.0,253.8975795190422,253.80794340500225,-33.75757951904221
25.4869,25.4869,251.0,253.90872759645475,253.8188997882128,-38.76872759645475
25.5063,25.5063,249.0,253.9198191321497,253.82979998484277,-40.77981913214971
25.5258,25.5258,252.0,253.93096841502427,253.84075636805332,-37.79096841502427
25.5453,25.5453,252.0,253.94211835682927,253.85171275126388,-37.80211835682927
25.5647,25.5647,269.0,253.9532117283257,253.86261294789384,-20.813211728325697
25.5842,25.5842,234.0,253.964362933458,253.8735693311044,-55.824362933458005
25.6036,25.6036,251.0,253.97545755361608,253.88446952773435,-38.83545755361608
25.6231,25.6231,256.0,253.98660998445757,253.8954259109449,-33.84660998445757
25.6425,25.6425,246.0,253.99799003384996,253.90632610757487,-43.85799003384996
25.662,25.662,271.0,254.00914390197872,253.91728249078542,-18.869143901978717
25.6815,25.6815,267.0,254.02029843501805,253.92823887399598,-22.880298435018048
25.7009,25.7009,267.0,254.03139638558923,253.93913907062594,-22.891396385589232
25.7204,25.7204,262.0,254.0425521991845,253.9500954538365,-27.902552199184512
25.7398,25.7398,264.0,254.05365144187328,253.96099565046646,-25.913651441873284
25.7593,25.7593,265.0,254.0648085363092,253.971952033677,-24.924808536309186
25.7787,25.7787,241.0,254.07590907675407,253.982852230307,-48.93590907675407
25.7982,25.7982,258.0,254.0870675180404,253.99380861351753,-31.947067518040413
25.8177,25.8177,253.0,254.09822660675252,254.00476499672808,-36.95822660675252
25.8371,25.8371,262.0,254.10932911578723,254.01566519335805,-27.969329115787232
25.8566,25.8566,251.0,254.12048951119712,254.0266215765686,-38.98048951119712
25.876,25.876,285.0,254.1315933614723,254.0375217731986,-4.991593361472312
25.8955,25.8955,270.0,254.14275512956135,254.04847815640912,-20.00275512956135
25.9149,25.9149,251.0,254.1538603064114,254.0593783530391,-39.01386030641139
25.9344,25.9344,260.0,254.1650234155701,254.07033473624963,-30.02502341557009
25.9539,25.9539,262.0,254.17618720111562,254.0812911194602,-28.036187201115624
25.9733,25.9733,252.0,254.1872944182892,254.09219131609015,-38.04729441828921
25.9928,25.9928,250.0,254.19845958821793,254.1031476993007,-40.05845958821793
26.0122,26.0122,272.0,254.20956818376615,254.1140478959307,-18.06956818376615
26.0317,26.0317,242.0,254.2207347407834,254.12500427914122,-48.0807347407834
26.0511,26.0511,269.0,254.23184470061003,254.1359044757712,-21.091844700610025
26.0706,26.0706,257.0,254.2430126157832,254.14686085898174,-33.103012615783186
26.0901,26.0901,247.0,254.25418127640006,254.1578172421923,-43.11418127640006
26.1095,26.1095,315.0,254.26529333134005,254.16871743882228,24.874706668659954
26.129,26.129,274.0,254.27646341934047,254.1796738220328,-16.136463419340473
26.1484,26.1484,241.0,254.28757689015933,254.1905740186628,-49.14757689015933
26.1679,26.1679,229.0,254.29874837111456,254.20153040187333,-61.158748371114555
26.1873,26.1873,278.0,254.30986326347917,254.21243059850332,-12.169863263479172
26.2068,26.2068,253.0,254.32103618318038,254.22338698171387,-37.18103618318038
26.2263,26.2263,284.0,254.33220985393527,254.2343433649244,-6.1922098539352675
26.2457,26.2457,233.0,254.34332691929797,254.2452435615544,-57.203326919297965
26.2652,26.2652,282.0,254.35450202905503,254.25619994476492,-8.214502029055026
26.2846,26.2846,231.0,254.36562055617316,254.2671001413949,-59.225620556173155
26.3041,26.3041,251.0,254.37679711640865,254.27805652460543,-39.23679711640865
26.3235,26.3235,238.0,254.3879171082153,254.28895672123542,-52.247917108215304
26.343,26.343,275.0,254.39909519647233,254.29991310444598,-15.25909519647233
26.3625,26.3625,261.0,254.41027400984044,254.3108694876565,-29.270274009840435
26.3819,26.3819,248.0,254.4213962378073,254.3217696842865,-42.2813962378073
26.4014,26.4014,259.0,254.43257655630129,254.33272606749702,-31.292576556301285
26.4208,26.4208,237.0,254.4437002778324,254.343626264127,-53.30370027783239
26.4403,26.4403,262.0,254.45488213875728,254.35458264733757,-28.314882138757284
26.4597,26.4597,251.0,254.46600738833834,254.36548284396753,-39.32600738833834
26.4792,26.4792,245.0,254.47719075145602,254.37643922717808,-45.33719075145602
26.4987,26.4987,267.0,254.48837488581756,254.3873956103886,-23.348374885817563
26.5181,26.5181,258.0,254.49950244035944,254.3982958070186,-32.359502440359435
26.5376,26.5376,232.0,254.5106881518369,254.40925219022913,-58.37068815183689
26.557,26.557,249.0,254.5218172746668,254.42015238685912,-41.3818172746668
26.5765,26.5765,265.0,254.5330045487084,254.43110877006967,-25.39300454870839
26.5959,26.5959,244.0,254.54413521134921,254.44200896669963,-46.404135211349214
26.6154,26.6154,259.0,254.55532403044162,254.4529653499102,-31.415324030441624
26.6349,26.6349,245.0,254.5665136929672,254.4639217331207,-45.42651369296719
26.6543,26.6543,248.0,254.5776467467404,254.4748219297507,-42.43764674674041
26.6738,26.6738,235.0,254.5888380150583,254.48577831296126,-55.448838015058286
26.6932,26.6932,235.0,254.5999726688714,254.49667850959122,-55.4599726688714
26.7127,26.7127,270.0,254.6111655371438,254.50763489280178,-20.47116553714379
26.7321,26.7321,232.0,254.62230181679706,254.51853508943174,-58.48230181679706
26.7516,26.7516,248.0,254.6334962964433,254.5294914726423,-42.4934962964433
26.7711,26.7711,264.0,254.64469165096136,254.54044785585282,-26.504691650961362
26.7905,26.7905,239.0,254.6558303737746,254.5513480524828,-51.51583037377459
26.81,26.81,258.0,254.66702736566603,254.56230443569336,-32.52702736566603
26.8294,26.8294,260.0,254.67816774313815,254.57320463232332,-30.538167743138146
26.8489,26.8489,247.0,254.68936638393615,254.58416101553388,-43.549366383936146
26.8683,26.8683,248.0,254.7005084563337,254.59506121216384,-42.56050845633369
26.8878,26.8878,253.0,254.71170880364733,254.6060175953744,-37.571708803647326
26.9073,26.9073,264.0,254.72291000242475,254.61697397858495,-26.582910002424754
26.9267,26.9267,252.0,254.73405459267758,254.6278741752149,-38.59405459267758
26.9462,26.9462,240.0,254.74525748951288,254.63883055842547,-50.60525748951288
26.9656,26.9656,281.0,254.75640378912902,254.64973075505543,-9.616403789129023
26.9851,26.9851,265.0,254.76760843821415,254.66068713826598,-25.627608438214153
27.0045,27.0045,248.0,254.7787564702885,254.67158733489595,-42.6387564702885
27.024,27.024,269.0,254.78996283739397,254.6825437181065,-21.64996283739397
27.0434,27.0434,236.0,254.80111263020433,254.6934439147365,-54.66111263020433
27.0629,27.0629,246.0,254.81232072971105,254.70440029794702,-44.672320729711046
27.0824,27.0824,283.0,254.82352976431864,254.71535668115757,-7.683529764318635
27.1018,27.1018,268.0,254.83468220182095,254.72625687778753,-22.694682201820953
27.1213,27.1213,279.0,254.84589302057262,254.7372132609981,-11.705893020572617
27.1407,27.1407,254.0,254.8570472135141,254.74811345762805,-36.71704721351411
27.1602,27.1602,261.0,254.8682598133913,254.7590698408386,-29.72825981339129
27.1796,27.1796,260.0,254.8794158333064,254.7699700374686,-30.73941583330641
27.1991,27.1991,259.0,254.89063023449933,254.78092642067912,-31.750630234499326
27.2186,27.2186,247.0,254.90184559983965,254.79188280388968,-43.761845599839646
27.238,27.238,279.0,254.91300433045654,254.80278300051964,-11.773004330456544
27.2575,27.2575,259.0,254.92422150576965,254.8137393837302,-31.78422150576965
27.2769,27.2769,255.0,254.93538210684457,254.82463958036018,-35.79538210684457
27.2964,27.2964,238.0,254.9466011352162,254.8355959635707,-52.80660113521621
27.3158,27.3158,270.0,254.95776359786433,254.8464961602007,-20.817763597864328
27.3353,27.3353,275.0,254.96898452827503,254.85745254341123,-15.82898452827503
27.3548,27.3548,264.0,254.98020641101525,254.86840892662178,-26.840206411015245
27.3742,27.3742,269.0,254.9913716736692,254.87930912325177,-21.851371673669192
27.3937,27.3937,259.0,255.0025954500192,254.8902655064623,-31.862595450019185
27.4131,27.4131,261.0,255.0137626376647,254.9011657030923,-29.87376263766471
27.4326,27.4326,259.0,255.02498835036866,254.91212208630282,-31.88498835036866
27.452,27.452,244.0,255.03615744574864,254.9230222829328,-46.89615744574864
27.4715,27.4715,266.0,255.04738510369134,254.93397866614333,-24.90738510369134
27.491,27.491,257.0,255.05861373122065,254.9449350493539,-33.918613731220645
27.5104,27.5104,244.0,255.0697857503962,254.95583524598388,-46.92978575039619
27.5299,27.5299,260.0,255.08101638626937,254.9667916291944,-30.941016386269368
27.5493,27.5493,250.0,255.0921903677984,254.9776918258244,-40.952190367798394
27.5688,27.5688,272.0,255.10342299512854,254.98864820903492,-18.96342299512854
27.5882,27.5882,259.0,255.11459896745967,254.9995484056649,-31.97459896745967
27.6077,27.6077,257.0,255.1258335658288,255.01050478887547,-33.9858335658288
27.6272,27.6272,278.0,255.1370691800312,255.021461172086,-12.997069180031204
27.6466,27.6466,244.0,255.14824819966287,255.03236136871598,-47.00824819966287
27.6661,27.6661,296.0,255.15948588554213,255.0433177519265,4.9805141144578755
27.6855,27.6855,249.0,255.17066692248792,255.0542179485565,-42.030666922487924
27.705,27.705,248.0,255.18190663684436,255.06517433176703,-43.04190663684436
27.7244,27.7244,273.0,255.19308977687726,255.07607452839702,-18.053089776877258
27.7439,27.7439,286.0,255.20433154585282,255.08703091160757,-5.0643315458528235
27.7634,27.7634,251.0,255.2155744168617,255.0979872948181,-40.0755744168617
27.7828,27.7828,235.0,255.22676066169032,255.1088874914481,-56.08676066169032
27.8023,27.8023,241.0,255.23800561588078,255.1198438746586,-50.09800561588078
27.8217,27.8217,278.0,255.24919395559502,255.1307440712886,-13.109193955595018
27.8412,27.8412,218.0,255.26044104775693,255.14170045449916,-73.12044104775693
27.8606,27.8606,281.0,255.27163155389118,255.15260065112912,-10.131631553891182
27.8801,27.8801,260.0,255.28288078687223,255.16355703433968,-31.142880786872226
27.8996,27.8996,278.0,255.29413112450652,255.1745134175502,-13.15413112450652
27.919,27.919,249.0,255.30532486794021,255.1854136141802,-42.165324867940214
27.9385,27.9385,268.0,255.3165773494122,255.19636999739075,-23.1765773494122
27.9579,27.9579,242.0,255.32777326231295,255.2072701940207,-49.187773262312945
27.9774,27.9774,249.0,255.3390279966328,255.21822657723126,-42.19902799663281
27.9968,27.9968,237.0,255.35022609919082,255.22912677386122,-54.21022609919082
28.0163,28.0163,280.0,255.36148308342544,255.24008315707178,-11.22148308342544
28.0358,28.0358,279.0,255.3727411296546,255.2510395402823,-12.232741129654599
28.0552,28.0552,253.0,255.38394261041648,255.2619397369123,-38.24394261041648
28.0747,28.0747,247.0,255.3952029410177,255.27289612012285,-44.255202941017686
28.0941,28.0941,270.0,255.40640666896047,255.2837963167528,-21.26640666896047
28.1136,28.1136,231.0,255.41766931024637,255.29475269996337,-60.27766931024637
28.133,28.133,267.0,255.4288753108002,255.30565289659333,-24.288875310800208
28.1525,28.1525,271.0,255.4401402453144,255.31660927980388,-20.30014024531441
28.172,28.172,255.0,255.4514063250616,255.32756566301444,-36.31140632506161
28.1914,28.1914,257.0,255.46261581610432,255.3384658596444,-34.32261581610432
28.2109,28.2109,258.0,255.47388427240372,255.34942224285496,-33.33388427240372
28.2303,28.2303,254.0,255.4850960941505,255.36032243948492,-37.34509609415049
28.2498,28.2498,243.0,255.49636690123032,255.37127882269547,-48.35636690123032
28.2692,28.2692,288.0,255.50758111368245,255.38217901932543,-3.367581113682448
28.2887,28.2887,235.0,255.51885427148576,255.393135402536,-56.378854271485764
28.3082,28.3082,259.0,255.53012869241712,255.40409178574654,-32.39012869241712
28.3276,28.3276,253.0,255.54134647290113,255.4149919823765,-38.401346472901125
28.3471,28.3471,236.0,255.55262332232675,255.42594836558706,-55.41262332232675
28.3665,28.3665,256.0,255.56384351117177,255.43684856221702,-35.42384351117177
28.386,28.386,245.0,255.57512280330178,255.44780494542758,-46.43512280330178
28.4054,28.4054,244.0,255.58634548081318,255.45870514205757,-47.44634548081318
28.4249,28.4249,263.0,255.59762723014236,255.4696615252681,-28.457627230142364
28.4444,28.4444,265.0,255.608910248295,255.48061790847865,-26.46891024829499
28.4638,28.4638,279.0,255.6201366576952,255.4915181051086,-12.480136657695212
28.4833,28.4833,260.0,255.63142215033258,255.50247448831917,-31.491422150332582
28.5027,28.5027,254.0,255.6426510658271,255.51337468494913,-37.502651065827095
28.5222,28.5222,263.0,255.65393913933949,255.52433106815968,-28.513939139339485
28.5416,28.5416,289.0,255.66517057217678,255.53523126478967,-2.5251705721767763
28.5611,28.5611,276.0,255.67646124379277,255.5461876480002,-15.536461243792772
28.5806,28.5806,237.0,255.68775314399414,255.55714403121075,-54.54775314399414
28.6,28.6,245.0,255.69898847585202,255.56804422784072,-46.55898847585202
28.6195,28.6195,233.0,255.71028301430968,255.57900061105127,-58.57028301430968
28.6389,28.6389,258.0,255.72152092410948,255.58990080768126,-33.58152092410948
28.6584,28.6584,248.0,255.73281812986997,255.6008571908918,-43.59281812986997
28.6778,28.6778,256.0,255.74405867766984,255.61175738752178,-35.60405867766984
28.6973,28.6973,255.0,255.75535851320043,255.6227137707323,-36.615358513200434
28.7168,28.7168,244.0,255.7666596665065,255.63367015394286,-47.62665966650651
28.7362,28.7362,273.0,255.77790423677504,255.64457035057282,-18.637904236775043
28.7557,28.7557,242.0,255.7892081379171,255.65552673378338,-49.649208137917086
28.7751,28.7751,279.0,255.80045538989785,255.66642693041337,-12.660455389897848
28.7946,28.7946,267.0,255.81176202409628,255.6773833136239,-24.67176202409628
28.814,28.814,233.0,255.82301203516147,255.68828351025388,-58.68301203516147
28.8335,28.8335,258.0,255.83432137974853,255.6992398934644,-33.69432137974853
28.853,28.853,256.0,255.84563216003457,255.71019627667496,-35.70563216003457
28.8724,28.8724,217.0,255.8568863142827,255.72109647330495,-74.71688631428269
28.8919,28.8919,256.0,255.86819990271906,255.73205285651548,-35.728199902719055
28.9113,28.9113,269.0,255.87945684771807,255.74295305314547,-22.739456847718074
28.9308,28.9308,247.0,255.89077325583798,255.753909436356,-44.750773255837984
28.9502,28.9502,242.0,255.90203308368268,255.764809632986,-49.76203308368268
28.9697,28.9697,255.0,255.913352328487,255.7757660161965,-36.77335232848701
28.9892,28.9892,257.0,255.9246730923711,255.78672239940707,-34.78467309237111
29.0086,29.0086,246.0,255.93593719003616,255.79762259603706,-45.795937190036156
29.0281,29.0281,268.0,255.9472607766508,255.80857897924759,-23.807260776650807
29.0475,29.0475,244.0,255.95852782328524,255.81947917587758,-47.81852782328524
29.067,29.067,270.0,255.96985438196415,255.8304355590881,-21.829854381964154
29.0864,29.0864,220.0,255.98112434866383,255.8413357557181,-71.84112434866383
29.1059,29.1059,265.0,255.99245392226507,255.85229213892865,-26.85245392226507
29.1254,29.1254,241.0,256.0037849547455,255.86324852213917,-50.863784954745526
29.1448,29.1448,255.0,256.01505939854997,255.87414871876916,-36.875059398549965
29.1643,29.1643,241.0,256.02639346346604,255.8851051019797,-50.886393463466035
29.1837,29.1837,243.0,256.037670908125,255.89600529860968,-48.897670908124994
29.2032,29.2032,248.0,256.0490080600388,255.9069616818202,-43.90900806003877
29.2226,29.2226,286.0,256.0602885628197,255.9178618784502,-5.920288562819721
29.2421,29.2421,262.0,256.0716287817972,255.92881826166075,-29.931628781797187
29.2616,29.2616,242.0,256.08297052572067,255.93977464487128,-49.94297052572067
29.281,29.281,240.0,256.09425569796895,255.95067484150127,-51.95425569796895
29.3005,29.3005,245.0,256.1056006297557,255.9616312247118,-46.96560062975571
29.3199,29.3199,230.0,256.11688892092445,255.97253142134178,-61.97688892092445
29.3394,29.3394,248.0,256.12823699438485,255.98348780455234,-43.98823699438485
29.3588,29.3588,255.0,256.13952850197944,255.9943880011823,-36.99952850197944
29.3783,29.3783,258.0,256.1508797457614,256.00534438439286,-34.010879745761414
29.3978,29.3978,255.0,256.16223267282174,256.0163007676034,-37.022232672821744
29.4172,29.4172,264.0,256.17352897358796,256.0272009642334,-28.033528973587963
29.4367,29.4367,251.0,256.1848851345021,256.0381573474439,-41.04488513450211
29.4561,29.4561,298.0,256.19618471516947,256.0490575440739,5.943815284830535
29.4756,29.4756,248.0,256.20754414140464,256.06001392728444,-44.06754414140464
29.495,29.495,222.0,256.21884703358273,256.0709141239144,-70.07884703358273
29.5145,29.5145,256.0,256.2302097971573,256.08187050712496,-36.09020979715727
29.534,29.534,252.0,256.2415743156016,256.0928268903355,-40.10157431560161
29.5534,29.5534,237.0,256.25288217357917,256.1037270869655,-55.112882173579166
29.5729,29.5729,246.0,256.26424999504803,256.11468347017603,-46.12424999504803
29.5923,29.5923,258.0,256.2755612880129,256.125583666806,-34.13556128801291
29.6118,29.6118,278.0,256.2869325504776,256.13654005001655,-14.146932550477615
29.6312,29.6312,259.0,256.2982472440579,256.1474402466465,-33.158247244057904
29.6507,29.6507,268.0,256.30962201614824,256.15839662985707,-24.16962201614824
29.6702,29.6702,251.0,256.32099850890734,256.1693530130676,-41.18099850890734
29.6896,29.6896,259.0,256.33231841580965,256.1802532096976,-33.19231841580965
29.7091,29.7091,247.0,256.3436984184791,256.19120959290814,-45.20369841847911
29.7285,29.7285,266.0,256.3550218295394,256.2021097895381,-26.215021829539396
29.748,29.748,273.0,256.3664054457756,256.21306617274865,-19.226405445775626
29.7674,29.7674,280.0,256.3777324182898,256.2239663693786,-12.23773241828978
29.7869,29.7869,243.0,256.3891196305795,256.23492275258917,-49.2491196305795
29.8063,29.8063,247.0,256.4004502054119,256.24582294921913,-45.260450205411914
29.8258,29.8258,233.0,256.41184098513565,256.2567793324297,-59.271840985135654
29.8453,29.8453,249.0,256.4232336811085,256.26773571564024,-43.28323368110851
29.8647,29.8647,253.0,256.4345697336155,256.2786359122702,-39.29456973361549
29.8842,29.8842,264.0,256.44596608900326,256.28959229548076,-28.305966089003263
29.9036,29.9036,239.0,256.4573058986299,256.3004924921107,-53.3173058986299
29.9231,29.9231,258.0,256.4682261885106,256.3109690755617,-34.328226188510584
29.9425,29.9425,250.0,256.47897194571885,256.3212714911591,-42.33897194571885
29.962,29.962,246.0,256.4897749476141,256.3316270119916,-46.34977494761408
29.9815,29.9815,280.0,256.50057994039685,256.3419825328241,-12.360579940396846
30.0009,30.0009,278.0,256.511331370917,256.3522849484215,-14.371331370916991
30.0204,30.0204,290.0,256.52214014966665,256.362640469254,-2.382140149666654
30.0398,30.0398,244.0,256.5328954813433,256.37294288485145,-48.3928954813433
30.0593,30.0593,281.0,256.54370813818315,256.38329840568395,-11.403708138183148
30.0787,30.0787,236.0,256.5544673479784,256.3936008212814,-56.4144673479784
30.0982,30.0982,268.0,256.56528401535513,256.4039563421139,-24.425284015355132
30.1177,30.1177,259.0,256.5761026332959,256.41431186294636,-33.436102633295874
30.1371,30.1371,230.0,256.5868677867642,256.4246142785438,-62.44686778676417
30.1566,30.1566,242.0,256.597690397757,256.4349697993763,-50.45769039775699
30.176,30.176,232.0,256.608459550229,256.4452722149738,-60.468459550228985
30.1955,30.1955,272.0,256.6192862750735,256.4556277358063,-20.479286275073477
30.2149,30.2149,283.0,256.6300594782919,256.4659301514037,-9.490059478291911
30.2344,30.2344,239.0,256.6408902943772,256.4762856722362,-53.500890294377186
30.2539,30.2539,232.0,256.6517231413034,256.4866411930687,-60.51172314130342
30.2733,30.2733,270.0,256.6625025356035,256.49694360866613,-22.522502535603493
30.2928,30.2928,282.0,256.67333961735187,256.5072991294986,-10.53333961735187
30.3122,30.3122,237.0,256.68412318869423,256.51760154509606,-55.54412318869423
30.3317,30.3317,260.0,256.6949645110171,256.52795706592855,-32.554964511017076
30.3511,30.3511,260.0,256.7057523058762,256.538259481526,-32.56575230587622
30.3706,30.3706,263.0,256.71659779390745,256.5486150023585,-29.576597793907453
30.3901,30.3901,271.0,256.72744553182497,256.55897052319096,-21.58744553182497
30.4095,30.4095,283.0,256.73823977656525,256.56927293878846,-9.59823977656525
30.429,30.429,291.0,256.7490918353911,256.57962845962095,-1.6090918353910837
30.4484,30.4484,235.0,256.7598904585917,256.5899308752184,-57.61989045859171
30.4679,30.4679,262.0,256.7707469189729,256.6002863960509,-30.630746918972918
30.4873,30.4873,247.0,256.78154992089026,256.6105888116483,-45.641549920890256
30.5068,30.5068,255.0,256.7924108060355,256.6209443324808,-37.65241080603549
30.5263,30.5263,252.0,256.8032740214009,256.6312998533133,-40.66327402140091
30.5457,30.5457,266.0,256.81408372055097,256.64160226891073,-26.674083720550968
30.5652,30.5652,278.0,256.8249513950238,256.6519577897432,-14.684951395023788
30.5846,30.5846,264.0,256.835765691338,256.66226020534066,-28.695765691337996
30.6041,30.6041,244.0,256.8466379399086,256.67261572617315,-48.70663793990859
30.6235,30.6235,251.0,256.8574567758919,256.6829181417706,-41.717456775891876
30.643,30.643,264.0,256.8683337310639,256.6932736626031,-28.7283337310639
30.6625,30.6625,275.0,256.87921301073214,256.70362918343557,-17.739213010732144
30.6819,30.6819,269.0,256.8900388604137,256.71393159903306,-23.75003886041371
30.7014,30.7014,250.0,256.9009228581597,256.72428711986555,-42.760922858159674
30.7208,30.7208,281.0,256.9117534315004,256.734589535463,-11.771753431500414
30.7403,30.7403,242.0,256.922642250582,256.7449450562955,-50.782642250581986
30.7597,30.7597,259.0,256.93347758816174,256.7552474718929,-33.793477588161736
30.7792,30.7792,230.0,256.944371274854,256.7656029927254,-62.804371274854006
30.7987,30.7987,268.0,256.95526730324264,256.7759585135579,-24.815267303242635
30.8181,30.8181,271.0,256.9661099479481,256.78626092915533,-21.826109947948098
30.8376,30.8376,227.0,256.97701099943214,256.7966164499878,-65.83701099943214
30.857,30.857,251.0,256.9878585745688,256.80691886558526,-41.847858574568804
30.8765,30.8765,232.0,256.99876464308267,256.81727438641775,-60.858764643082665
30.8959,30.8959,272.0,257.0096172012476,256.82757680201524,-20.86961720124758
30.9154,30.9154,273.0,257.02052825224865,256.83793232284773,-19.880528252248652
30.9349,30.9349,253.0,257.03144185798277,256.84828784368017,-39.89144185798277
30.9543,30.9543,236.0,257.04230204540585,256.85859025927766,-56.90230204540585
30.9738,30.9738,258.0,257.0532208118651,256.86894578011015,-34.913220811865116
30.9932,30.9932,243.0,257.06408618883194,256.8792481957076,-49.924086188831936
31.0127,31.0127,262.0,257.0750101796909,256.8896037165401,-30.935010179690877
31.0321,31.0321,260.0,257.0858807232775,256.8999061321375,-32.94588072327751
31.0516,31.0516,252.0,257.09680992691756,256.91026165297,-40.95680992691756
31.0711,31.0711,260.0,257.1077419038806,256.9206171738025,-32.967741903880594
31.0905,31.0905,262.0,257.1186204045532,256.93091958939993,-30.97862040455321
31.11,31.11,242.0,257.12955769764056,256.9412751102324,-50.989557697640564
31.1294,31.1294,254.0,257.14044157811213,256.95157752582986,-39.00044157811213
31.1489,31.1489,246.0,257.15138427360927,256.96193304666235,-47.011384273609266
31.1683,31.1683,265.0,257.1622736485285,256.97223546225985,-28.022273648528525
31.1878,31.1878,246.0,257.1732218675198,256.98259098309234,-47.03322186751983
31.2073,31.2073,272.0,257.184172876892,256.9929465039248,-21.044172876891977
31.2267,31.2267,271.0,257.19507052541957,257.00324891952226,-22.055070525419566
31.2462,31.2462,249.0,257.2060271330381,257.01360444035475,-44.066027133038105
31.2656,31.2656,240.0,257.2169303795843,257.0239068559522,-53.07693037958431
31.2851,31.2851,291.0,257.22789271749747,257.0342623767847,-2.0878927174974677
31.3045,31.3045,280.0,257.238801654271,257.0445647923821,-13.098801654271014
31.324,31.324,253.0,257.2497697919057,257.0549203132146,-40.10976979190569
31.3435,31.3435,241.0,257.26074069665543,257.0652758340471,-52.12074069665543
31.3629,31.3629,273.0,257.2716582983405,257.07557824964454,-20.131658298340525
31.3824,31.3824,262.0,257.2826351810782,257.085933770477,-31.142635181078205
31.4018,31.4018,256.0,257.29355865111467,257.0962361860745,-37.153558651114665
31.4213,31.4213,252.0,257.3045414943838,257.10659170690695,-41.16454149438378
31.4407,31.4407,288.0,257.31547091908556,257.11689412250445,-5.175470919085555
31.4602,31.4602,295.0,257.3264596999337,257.12724964333694,1.8135403000662933
31.4797,31.4797,255.0,257.3374515243521,257.13760516416943,-38.197451524352104
31.4991,31.4991,272.0,257.34839002810713,257.14790757976687,-21.208390028107132
31.5186,31.5186,279.0,257.3593880431801,257.15826310059936,-14.219388043180103
31.538,31.538,292.0,257.3703326916846,257.1685655161968,-1.230332691684609
31.5575,31.5575,254.0,257.3813368741749,257.1789210370293,-39.241336874174905
31.5769,31.5769,250.0,257.39228777068683,257.1892234526267,-43.252287770686834
31.5964,31.5964,239.0,257.4032981498403,257.1995789734592,-54.26329814984028
31.6159,31.6159,253.0,257.41431187168695,257.2099344942917,-40.27431187168695
31.6353,31.6353,272.0,257.4252722095657,257.22023690988914,-21.28527220956572
31.6548,31.6548,248.0,257.43629228316166,257.23059243072163,-45.29629228316166
31.6742,31.6742,261.0,257.4472590302564,257.2408948463191,-32.30725903025642
31.6937,31.6937,239.0,257.4582855991544,257.2512503671516,-54.31828559915441
31.7131,31.7131,269.0,257.4692589166452,257.26155278274905,-24.329258916645173
31.7326,31.7326,258.0,257.48029205030076,257.27190830358154,-35.34029205030076
31.7521,31.7521,292.0,257.49132853823966,257.28226382441403,-1.351328538239656
31.7715,31.7715,231.0,257.5023117744581,257.29256624001147,-62.36231177445812
31.791,31.791,249.0,257.5133549073745,257.30292176084396,-44.37335490737449
31.8104,31.8104,243.0,257.52434484620795,257.3132241764414,-50.38434484620795
31.8299,31.8299,257.0,257.5353948542533,257.3235796972739,-36.3953948542533
31.8493,31.8493,273.0,257.5463915820442,257.3338821128713,-20.40639158204418
31.8688,31.8688,267.0,257.55744852880775,257.3442376337038,-26.417448528807753
31.8883,31.8883,251.0,257.56850882370367,257.3545931545363,-42.428508823703666
31.9077,31.9077,234.0,257.5795160053345,257.36489557013374,-59.43951600533448
31.9272,31.9272,253.0,257.5905834001287,257.37525109096623,-40.45058340012871
31.9466,31.9466,249.0,257.60159758329826,257.3855535065637,-44.46159758329826
31.9661,31.9661,267.0,257.61267214083966,257.3959090273962,-26.472672140839663
31.9855,31.9855,271.0,257.62369342920425,257.40621144299365,-22.48369342920425
32.005,32.005,270.0,257.6347752013781,257.41656696382614,-23.49477520137809
32.0245,32.0245,245.0,257.6458605578159,257.42692248465863,-48.50586055781592
32.0439,32.0439,281.0,257.6568927317325,257.43722490025607,-12.516892731732511
32.0634,32.0634,248.0,257.6679855557644,257.44758042108856,-45.5279855557644
32.0828,32.0828,266.0,257.679025134113,257.457882836686,-27.539025134112975
32.1023,32.1023,264.0,257.6901253741385,257.4682383575185,-29.550125374138517
32.1217,32.1217,233.0,257.7011724601199,257.4785407731159,-60.56117246011989
32.1412,32.1412,274.0,257.712280173805,257.4888962939484,-19.572280173805026
32.1607,32.1607,276.0,257.7233918399055,257.4992518147809,-17.583391839905502
32.1801,32.1801,270.0,257.7344503002191,257.5095542303784,-23.594450300219123
32.1996,32.1996,264.0,257.7455696468366,257.5199097512109,-29.6055696468366
32.219,32.219,253.0,257.7566358280476,257.5302121668083,-40.61663582804759
32.2385,32.2385,256.0,257.7677629758393,257.5405676876408,-37.627762975839275
32.2579,32.2579,256.0,257.77883706199486,257.55087010323825,-37.63883706199486
32.2774,32.2774,258.0,257.7899721206828,257.56122562407074,-35.64997212068282
32.2969,32.2969,282.0,257.8011112756522,257.57158114490323,-11.661111275652203
32.3163,32.3163,276.0,257.8121973226249,257.58188356050067,-17.67219732262491
32.3358,32.3358,240.0,257.8233444629581,257.59223908133316,-53.68334446295812
32.3552,32.3552,241.0,257.83443860458954,257.6025414969306,-52.694438604589536
32.3747,32.3747,257.0,257.84559402963725,257.6128970177631,-36.705594029637254
32.3941,32.3941,244.0,257.8566963639739,257.6231994333606,-49.716696363973924
32.4136,32.4136,263.0,257.86786018849875,257.6335549541931,-30.727860188498752
32.4331,32.4331,230.0,257.8790280804293,257.6439104750255,-63.73902808042929
32.4525,32.4525,256.0,257.8901430372758,257.654212890623,-37.75014303727578
32.472,32.472,258.0,257.9013194728627,257.6645684114555,-35.76131947286272
32.4914,32.4914,254.0,257.9124429153578,257.6748708270529,-39.772442915357814
32.5109,32.5109,253.0,257.92362804399176,257.6852263478854,-40.783628043991754
32.5303,32.5303,261.0,257.93476008171524,257.69552876348286,-32.79476008171524
32.5498,32.5498,253.0,257.9459539148155,257.70588428431535,-40.805953914815504
32.5692,32.5692,254.0,257.9570947606902,257.7161866999128,-39.81709476069021
32.5887,32.5887,240.0,257.9682973155993,257.7265422207453,-53.82829731559927
32.6082,32.6082,254.0,257.979504576398,257.73689774157776,-39.83950457639803
32.6276,32.6276,253.0,257.99065873506635,257.7472001571752,-40.85065873506635
32.6471,32.6471,252.0,258.00187496513945,257.7575556780077,-41.86187496513945
32.6665,32.6665,239.0,258.01303827109234,257.7678580936052,-54.87303827109234
32.686,32.686,266.0,258.02426359109717,257.7782136144377,-27.884263591097167
32.7054,32.7054,250.0,258.03543609058113,257.7885160300351,-43.89543609058113
32.7249,32.7249,229.0,258.0466707822981,257.7988715508676,-64.90667078229812
32.7444,32.7444,267.0,258.0579102263223,257.8092270717001,-26.91791022632229
32.7638,32.7638,265.0,258.06909679207416,257.81952948729753,-28.929096792074162
32.7833,32.7833,249.0,258.08034563642997,257.82988500813,-44.94034563642997
32.8027,32.8027,230.0,258.09154176970213,257.84018742372746,-63.95154176970213
32.8222,32.8222,268.0,258.1028003023779,257.85054294455995,-25.962800302377886
32.8416,32.8416,286.0,258.1140059799047,257.8608453601574,-7.974005979904675
32.8611,32.8611,258.0,258.12527445955743,257.8712008809899,-35.98527445955743
32.8806,32.8806,256.0,258.13654768556574,257.88155640182237,-37.996547685565744
32.9,32.9,231.0,258.14776824628166,257.8918588174198,-63.00776824628166
32.9195,32.9195,251.0,258.1590515342004,257.9022143382523,-43.019051534200386
32.9389,32.9389,248.0,258.1702820823877,257.9125167538498,-46.0302820823877
32.9584,32.9584,259.0,258.18157562232966,257.9228722746823,-35.04157562232966
32.9778,32.9778,255.0,258.1928162555507,257.9331746902797,-39.052816255550724
32.9973,32.9973,254.0,258.2041200073348,257.9435302111122,-40.06412000733478
33.0168,33.0168,280.0,258.215429017207,257.9538857319447,-14.075429017206986
33.0362,33.0362,263.0,258.2266852410726,257.96418814754213,-31.086685241072573
33.0557,33.0557,223.0,258.2380048422721,257.9745436683746,-71.09800484227212
33.0751,33.0751,235.0,258.2492715713788,257.98484608397206,-59.10927157137881
33.0946,33.0946,283.0,258.26060180992454,257.99520160480455,-11.120601809924537
33.114,33.114,243.0,258.27187934889145,258.005504020402,-51.131879348891445
33.1335,33.1335,239.0,258.2832203110973,258.0158595412345,-55.143220311097295
33.153,33.153,261.0,258.2945668996851,258.02621506206697,-33.15456689968509
33.1724,33.1724,263.0,258.30586072533265,258.03651747766446,-31.16586072533265
33.1919,33.1919,232.0,258.317218371417,258.04687299849695,-62.17721837141703
33.2113,33.2113,273.0,258.32852338094233,258.0571754140944,-21.18852338094233
33.2308,33.2308,282.0,258.33989221056277,258.0675309349269,-12.199892210562766
33.2502,33.2502,288.0,258.3512084386224,258.0778333505243,-6.211208438622393
33.2697,33.2697,264.0,258.3625886994723,258.0881888713568,-30.222588699472325
33.2892,33.2892,275.0,258.3739748169411,258.0985443921893,-19.233974816941085
33.3086,33.3086,250.0,258.385308321145,258.10884680778673,-44.245308321144975
33.3281,33.3281,254.0,258.3967059962813,258.1192023286192,-40.2567059962813
33.3475,33.3475,295.0,258.408051253847,258.12950474421666,0.7319487461529803
33.367,33.367,280.0,258.4194608089257,258.13986026504915,-14.279460808925691
33.3864,33.3864,282.0,258.4308178541398,258.15016268064664,-12.290817854139775
33.4059,33.4059,260.0,258.4422395997315,258.1605182014791,-34.30223959973152
33.4254,33.4254,263.0,258.45366722500853,258.17087372231157,-31.31366722500853
33.4448,33.4448,247.0,258.46504259896415,258.18117613790906,-47.325042598964146
33.4643,33.4643,268.0,258.47648258157284,258.19153165874155,-26.336482581572838
33.4837,33.4837,245.0,258.48787018092577,258.201834074339,-49.34787018092577
33.5032,33.5032,255.0,258.49932281406586,258.2121895951715,-39.35932281406586
33.5226,33.5226,272.0,258.51072289724556,258.2224920107689,-22.370722897245557
33.5421,33.5421,261.0,258.52218816394475,258.2328475316014,-33.38218816394475
33.5616,33.5616,263.0,258.533659856519,258.2432030524339,-31.393659856519022
33.581,33.581,222.0,258.5450791025901,258.25350546803134,-72.40507910259008
33.6005,33.6005,257.0,258.5565638775502,258.2638609888638,-37.41656387755022
33.6199,33.6199,277.0,258.5679961540365,258.27416340446126,-17.427996154036506
33.6394,33.6394,243.0,258.5794940568889,258.28451892529375,-51.439494056888904
33.6588,33.6588,240.0,258.59093968034136,258.29482134089125,-54.450939680341364
33.6783,33.6783,252.0,258.6024508321988,258.30517686172374,-42.462450832198826
33.6978,33.6978,255.0,258.6139689797288,258.3155323825562,-39.47396897972878
33.7172,33.7172,254.0,258.6254347554507,258.32583479815366,-40.485434755450726
33.7367,33.7367,278.0,258.63696658347004,258.33619031898616,-16.49696658347004
33.7561,33.7561,269.0,258.6484460969773,258.3464927345836,-25.508446096977295
33.7756,33.7756,237.0,258.65999191591436,258.3568482554161,-57.51999191591436
33.795,33.795,282.0,258.67148545508127,258.3671506710135,-12.531485455081267
33.8145,33.8145,275.0,258.68304525348833,258.377506191846,-19.54304525348833
33.834,33.834,268.0,258.694612461795,258.3878617126785,-26.554612461794974
33.8534,33.8534,247.0,258.70612733263704,258.39816412827594,-47.56612733263704
33.8729,33.8729,274.0,258.71770886538474,258.4085196491084,-20.577708865384736
33.8923,33.8923,249.0,258.7292383370091,258.41882206470586,-45.58923833700912
33.9118,33.9118,261.0,258.7408345627762,258.42917758553835,-33.60083456277617
33.9312,33.9312,268.0,258.75237880763996,258.43948000113585,-26.612378807639956
33.9507,33.9507,261.0,258.7639901290066,258.44983552196834,-33.62399012900657
33.9702,33.9702,263.0,258.77560894040727,258.46019104280083,-31.635608940407266
33.9896,33.9896,267.0,258.7871757824663,258.47049345839827,-27.647175782466306
34.0091,34.0091,255.0,258.79880996558,258.48084897923076,-39.658809965580005
34.0285,34.0285,275.0,258.8103922715892,258.4911513948282,-19.670392271589193
34.048,34.048,257.0,258.82204201023535,258.5015069156607,-37.68204201023535
34.0674,34.0674,262.0,258.8336398372343,258.5118093312581,-32.69363983723427
34.0869,34.0869,248.0,258.8453054193728,258.5221648520906,-46.70530541937278
34.1064,34.1064,257.0,258.856979009486,258.5325203729231,-37.716979009485996
34.1258,34.1258,267.0,258.86860077970505,258.54282278852054,-27.728600779705047
34.1453,34.1453,283.0,258.88029068471974,258.55317830935303,-11.740290684719739
34.1647,34.1647,273.0,258.89192873561086,258.5634807249505,-21.75192873561086
34.1842,34.1842,255.0,258.90363509366915,258.57383624578296,-39.76363509366915
34.2036,34.2036,237.0,258.9152897816796,258.58413866138045,-57.775289781679575
34.2231,34.2231,238.0,258.9270126965519,258.59449418221294,-56.78701269655191
34.2426,34.2426,246.0,258.9387444015212,258.60484970304543,-48.798744401521205
34.262,34.262,238.0,258.9504243559664,258.61515211864287,-56.81042435596639
34.2815,34.2815,278.0,258.9621731352062,258.62550763947536,-16.822173135206228
34.3009,34.3009,245.0,258.97387040554975,258.6358100550728,-49.833870405549746
34.3204,34.3204,271.0,258.985636638944,258.6461655759053,-23.845636638944015
34.3398,34.3398,223.0,258.99735137483276,258.6564679915027,-71.85735137483276
34.3593,34.3593,268.0,259.0091353612196,258.6668235123352,-26.86913536121959
34.3788,34.3788,231.0,259.0209285291204,258.6771790331677,-63.880928529120396
34.3982,34.3982,244.0,259.03267006151594,258.68748144876514,-50.89267006151594
34.4177,34.4177,255.0,259.0444813275513,258.69783696959763,-39.904481327551295
34.4371,34.4371,253.0,259.05624119990847,258.7081393851951,-41.91624119990847
34.4566,34.4566,260.0,259.06807089819944,258.7184949060276,-34.92807089819944
34.476,34.476,284.0,259.07984935157646,258.72879732162505,-10.939849351576456
34.4955,34.4955,271.0,259.0916980915036,258.73915284245754,-23.951698091503587
34.515,34.515,256.0,259.18355986529247,258.74950836329003,-39.043559865292465
34.5344,34.5344,268.0,259.1955578610592,258.75981077888747,-27.055557861059228
34.5539,34.5539,271.0,259.2076280799425,258.77016629971996,-24.06762807994248
34.5733,34.5733,253.0,259.21964689947913,258.7804687153174,-42.07964689947913
34.5928,34.5928,240.0,259.23173814881886,258.7908242361499,-55.09173814881886
34.6122,34.6122,240.0,259.2437779969207,258.8011266517473,-55.1037779969207
34.6317,34.6317,261.0,259.2558908449618,258.8114821725798,-34.11589084496181
34.6512,34.6512,292.0,259.30802240803615,258.8218376934123,-3.168022408036151
34.6706,34.6706,256.0,259.3201901896522,258.8321401090098,-39.18019018965218
34.6901,34.6901,231.0,259.3324321643994,258.84249562984223,-64.19243216439939
34.7095,34.7095,279.0,259.3446226190534,258.8527980454397,-16.20462261905338
34.729,34.729,273.0,259.35688755417283,258.8631535662722,-22.21688755417283
34.7484,34.7484,261.0,259.3691012433405,258.87345598186965,-34.22910124334048
34.7679,34.7679,266.0,259.38138949353527,258.88381150270214,-29.241389493535266
34.7874,34.7874,279.0,259.3936896583468,258.89416702353464,-16.253689658346772
34.8068,34.8068,265.0,259.4059386703445,258.9044694391321,-30.265938670344482
34.8263,34.8263,258.0,259.4182629643895,258.91482495996456,-37.2782629643895
34.8457,34.8457,272.0,259.43053601169095,258.925127375562,-23.290536011690946
34.8652,34.8652,256.0,259.4428846855044,258.9354828963945,-39.302884685504395
34.8846,34.8846,271.0,259.4551821854943,258.9457853119919,-24.315182185494322
34.9041,34.9041,271.0,259.46755554660336,258.9561408328244,-24.327555546603364
34.9236,34.9236,276.0,259.4799417549477,258.9664963536569,-19.339941754947674
34.943,34.943,264.0,259.49227683703765,258.9767987692544,-31.35227683703765
34.9625,34.9625,261.0,259.50468834860084,258.9871542900869,-34.364688348600836
34.9819,34.9819,252.0,259.51704908052113,258.99745670568433,-43.37704908052113
35.0014,35.0014,274.0,259.52948645841866,259.0078122265168,-21.38948645841866
35.0208,35.0208,289.0,259.54187330543095,259.01811464211426,-6.401873305430954
35.0403,35.0403,271.0,259.55433707698927,259.02847016294675,-24.41433707698927
35.0598,35.0598,256.0,259.5668142571169,259.03882568377924,-39.4268142571169
35.0792,35.0792,266.0,259.57924088286984,259.0491280993767,-29.43924088286984
35.0987,35.0987,238.0,259.5917450953395,259.05948362020916,-57.45174509533949
35.1181,35.1181,267.0,259.6041990145786,259.0697860358066,-28.464199014578625
35.1376,35.1376,285.0,259.6167307042108,259.0801415566391,-10.476730704210794
35.157,35.157,266.0,259.62921211860305,259.0904439722366,-29.48921211860305
35.1765,35.1765,263.0,259.6417721522315,259.100799493069,-32.50177215223151
35.196,35.196,266.0,259.6543459975728,259.1111550139015,-29.514345997572818
35.2154,35.2154,281.0,259.6668698222139,259.121457429499,-14.526869822213925
35.2349,35.2349,283.0,259.67947275428173,259.1318129503315,-12.539472754281732
35.2543,35.2543,272.0,259.6920254955336,259.14211536592893,-23.552025495533584
35.2738,35.2738,264.0,259.7046576129363,259.1524708867614,-31.564657612936273
35.2932,35.2932,291.0,259.71723988767934,259.16277330235886,-4.57723988767934
35.3127,35.3127,247.0,259.72990181051586,259.17312882319135,-48.589901810515855
35.3322,35.3322,251.0,259.7425788170128,259.18348434402384,-44.60257881701283
35.3516,35.3516,301.0,259.75520616625454,259.1937867596213,5.384793833745462
35.3711,35.3711,250.0,259.7679140726855,259.20414228045377,-45.62791407268553
35.3905,35.3905,284.0,259.78057199310064,259.2144446960512,-11.640571993100636
35.41,35.41,258.0,259.79331105657525,259.2248002168837,-37.65331105657525
35.4294,35.4294,258.0,259.8060003265945,259.2351026324812,-37.66600032659453
35.4489,35.4489,261.0,259.8187708679172,259.2454581533137,-34.67877086791718
35.4683,35.4683,261.0,259.8314921470363,259.2557605689111,-34.69149214703627
35.4878,35.4878,255.0,259.8442953355707,259.2661160897436,-40.70429533557068
35.5073,35.5073,270.0,259.8571148471784,259.2764716105761,-25.717114847178422
35.5267,35.5267,308.0,259.86988507298,259.28677402617353,12.270114927019975
35.5462,35.5462,293.0,259.8827378183468,259.297129547006,-2.7427378183468107
35.5656,35.5656,246.0,259.8955415573723,259.30743196260346,-49.755541557372325
35.5851,35.5851,232.0,259.9084281117631,259.31778748343595,-63.7684281117631
35.6045,35.6045,269.0,259.9212656691752,259.3280898990334,-26.781265669175227
35.624,35.624,307.0,259.93418690855253,259.3384454198659,11.205813091447467
35.6435,35.6435,283.0,259.9471254914256,259.34880094069837,-12.807125491425595
35.6629,35.6629,240.0,259.96001551019066,259.35910335629586,-55.82001551019066
35.6824,35.6824,257.0,259.97298961107407,259.3694588771283,-38.83298961107407
35.7018,35.7018,266.0,259.9859151207207,259.3797612927258,-29.845915120720676
35.7213,35.7213,253.0,259.998925677111,259.3901168135583,-42.858925677111
35.7407,35.7407,292.0,260.0118874504333,259.4004192291557,-3.8718874504332774
35.7602,35.7602,284.0,260.0249346010888,259.4107747499882,-11.884934601088773
35.7797,35.7797,255.0,260.0380004363585,259.4211302708207,-40.898000436358515
35.7991,35.7991,276.0,260.05101803537445,259.43143268641813,-19.911018035374454
35.8186,35.8186,254.0,260.06412212791014,259.4417882072506,-41.92412212791014
35.838,35.838,246.0,260.0771778245046,259.45209062284806,-49.93717782450459
35.8575,35.8575,252.0,260.0903202757582,259.46244614368055,-43.95032027575819
35.8769,35.8769,277.0,260.1034148859236,259.472748559278,-18.963414885923598
35.8964,35.8964,291.0,260.1165966993188,259.4831040801105,-4.97659669931879
35.9159,35.9159,287.0,260.12979878593933,259.49345960094297,-8.989798785939328
35.9353,35.9353,244.0,260.14295301593364,259.50376201654046,-52.00295301593364
35.9548,35.9548,280.0,260.1561955333666,259.51411753737295,-16.0161955333666
35.9742,35.9742,271.0,260.16939049574603,259.5244199529704,-25.02939049574603
35.9937,35.9937,279.0,260.1826742240556,259.5347754738029,-17.042674224055574
36.0131,36.0131,260.0,260.1959110266648,259.5450778894003,-36.055911026664816
36.0326,36.0326,249.0,260.2092369010624,259.5554334102328,-47.06923690106241
36.0521,36.0521,279.0,260.2225845126317,259.5657889310653,-17.082584512631726
36.0715,36.0715,278.0,260.2358851521726,259.57609134666274,-18.095885152172613
36.091,36.091,283.0,260.2492757860535,259.5864468674952,-13.109275786053487
36.1104,36.1104,256.0,260.2626201145254,259.59674928309266,-40.12262011452542
36.1299,36.1299,249.0,260.27605525789863,259.60710480392515,-47.13605525789863
36.1493,36.1493,258.0,260.2894439373347,259.6174072195226,-38.14944393733468
36.1688,36.1688,246.0,260.30292462889315,259.6277627403551,-50.16292462889315
36.1883,36.1883,286.0,260.31642778231276,259.63811826118757,-10.176427782312757
36.2077,36.2077,282.0,260.3298852207347,259.64842067678507,-14.189885220734695
36.2272,36.2272,284.0,260.34343517094163,259.65877619761756,-12.203435170941631
36.2466,36.2466,282.0,260.35693921009187,259.669078613215,-14.216939210091866
36.2661,36.2661,285.0,260.3705370174707,259.6794341340475,-11.230537017470724
36.2855,36.2855,268.0,260.3840887596328,259.6897365496449,-28.24408875963279
36.305,36.305,239.0,260.3977349674709,259.7000920704774,-57.25773496747091
36.3245,36.3245,281.0,260.41140552146067,259.7104475913099,-15.271405521460665
36.3439,36.3439,262.0,260.42503107518297,259.72075000690734,-34.28503107518297
36.3634,36.3634,260.0,260.4387520710463,259.7311055277398,-36.29875207104628
36.3828,36.3828,292.0,260.4524276430807,259.74140794333726,-4.312427643080682
36.4023,36.4023,273.0,260.46619962864105,259.75176346416976,-23.32619962864105
36.4217,36.4217,259.0,260.4799266414838,259.76206587976725,-37.339926641483814
36.4412,36.4412,240.0,260.4937506437383,259.77242140059974,-56.35375064373828
36.4607,36.4607,265.0,260.50760145805015,259.78277692143223,-31.367601458050146
36.4801,36.4801,268.0,260.52140756064136,259.79307933702967,-28.381407560641364
36.4996,36.4996,278.0,260.5353120771742,259.80343485786216,-18.395312077174182
36.519,36.519,260.0,260.5491722693973,259.8137372734596,-36.409172269397274
36.5385,36.5385,270.0,260.5631316537648,259.8240927942921,-26.4231316537648
36.5579,36.5579,271.0,260.5770473645203,259.8343952098895,-25.437047364520296
36.5774,36.5774,287.0,260.5981454421917,259.851833412962,-9.458145442191707
36.5969,36.5969,260.0,260.64094399573514,259.89094338554924,-36.50094399573514
36.6163,36.6163,264.0,260.68355190259354,259.9298527941745,-32.543551902593535
36.6358,36.6358,290.0,260.72640836426916,259.96896276676176,-6.586408364269161
36.6552,36.6552,260.0,260.7690742466476,260.00787217538704,-36.62907424664762
36.6747,36.6747,261.0,260.81198984545637,260.0469821479743,-35.671989845456366
36.6941,36.6941,246.0,260.85471531215967,260.0858915565995,-50.71471531215967
36.7136,36.7136,280.0,260.8976919031557,260.12500152918676,-16.757691903155703
36.7331,36.7331,282.0,260.940698559001,260.164111501774,-14.80069855900102
36.7525,36.7525,260.0,260.98351614774595,260.2030209103993,-36.843516147745945
36.772,36.772,277.0,261.02658556186566,260.24213088298654,-19.886585561865658
36.7914,36.7914,265.0,261.06946590005913,260.2810402916118,-31.929465900059128
36.8109,36.8109,269.0,261.1125995264782,260.32015026419907,-27.97259952647822
36.8303,36.8303,263.0,261.15554393535825,260.35905967282434,-34.01554393535825
36.8498,36.8498,286.0,261.19874279517774,260.3981696454116,-11.058742795177736
36.8693,36.8693,273.0,261.2419745399978,260.43727961799885,-24.101974539997784
36.8887,36.8887,293.0,261.2850183283726,260.4761890266241,-4.145018328372586
36.9082,36.9082,276.0,261.32831810274917,260.5152989992114,-21.188318102749164
36.9276,36.9276,270.0,261.37142961724356,260.5542084078366,-27.231429617243563
36.9471,36.9471,280.0,261.41479830929416,260.59331838042385,-17.274798309294155
36.9665,36.9665,243.0,261.457979621718,260.6322277890491,-54.31797962171798
36.986,36.986,299.0,261.5014184799632,260.6713377616364,1.6385815200367944
37.0055,37.0055,257.0,261.5448939670683,260.71044773422364,-40.404893967068276
37.0249,37.0249,240.0,261.58818224170005,260.7493571428489,-57.44818224170005
37.0444,37.0444,246.0,261.6317306318563,260.78846711543616,-51.49173063185633
37.0638,37.0638,258.0,261.67509279530447,260.82737652406144,-39.535092795304465
37.0833,37.0833,287.0,261.71871546103995,260.8664864966487,-10.578715461039948
37.1027,37.1027,250.0,261.7621528953999,260.90539590527396,-47.62215289539988
37.1222,37.1222,261.0,261.80585222755474,260.9445058778612,-36.66585222755474
37.1417,37.1417,251.0,261.8495909330682,260.9836158504484,-46.70959093306821
37.1611,37.1611,266.0,261.89314453012224,261.0225252590737,-31.753144530122242
37.1806,37.1806,235.0,261.9369622008603,261.06163523166094,-62.79696220086031
37.2,37.2,262.0,261.98059540596256,261.1005446402862,-35.84059540596256
37.2195,37.2195,271.0,262.0244939734209,261.13965461287347,-26.884493973420874
37.2389,37.2389,224.0,262.068208786366,261.17856402149874,-73.92820878636597
37.2584,37.2584,273.0,262.1121908703527,261.217673994086,-24.97219087035272
37.2779,37.2779,258.0,262.15621493191003,261.25678396667325,-40.01621493191003
37.2973,37.2973,243.0,262.20005591973825,261.2956933752985,-55.06005591973825
37.3168,37.3168,266.0,262.2441657407391,261.3348033478858,-32.104165740739106
37.3362,37.3362,241.0,262.28809342544565,261.373712756511,-57.14809342544565
37.3557,37.3557,275.0,262.3322918280722,261.41282272909825,-23.192291828072186
37.3751,37.3751,262.0,262.37630794227795,261.4517321377235,-36.236307942277946
37.3946,37.3946,251.0,262.4205965151413,261.4908421103108,-47.28059651514131
37.4141,37.4141,229.0,262.46493083064087,261.52995208289803,-69.32493083064087
37.4335,37.4335,257.0,262.5090841361247,261.5688614915233,-41.36908413612473
37.453,37.453,250.0,262.5535124588848,261.60797146411056,-48.413512458884824
37.4724,37.4724,249.0,262.5977599680298,261.64688087273584,-49.45775996802978
37.4919,37.4919,247.0,262.6422839481629,261.6859908453231,-51.50228394816291
37.5113,37.5113,246.0,262.68662836136184,261.72490025394836,-52.54662836136184
37.5308,37.5308,253.0,262.73125037648305,261.7640102265356,-45.591250376483046
37.5503,37.5503,270.0,262.77592261087614,261.8031201991229,-28.635922610876136
37.5697,37.5697,253.0,262.8204161045619,261.8420296077481,-45.6804161045619
37.5892,37.5892,261.0,262.8651904748421,261.88113958033534,-37.72519047484211
37.6086,37.6086,269.0,262.9097871082033,261.9200489889606,-29.769787108203317
37.6281,37.6281,278.0,262.9546658780393,261.95915896154787,-20.814665878039293
37.6475,37.6475,288.0,262.99936745010046,261.99806837017314,-10.859367450100464
37.667,37.667,271.0,263.0443533127268,262.0371783427604,-27.904353312726798
37.6865,37.6865,229.0,263.0893941969478,262.07628831534765,-69.94939419694781
37.7059,37.7059,272.0,263.1342594141439,262.1151977239729,-26.99425941414391
37.7254,37.7254,252.0,263.17941145486253,262.1543076965602,-47.03941145486253
37.7448,37.7448,270.0,263.22438861053615,262.19321710518545,-29.084388610536152
37.7643,37.7643,273.0,263.2696548580836,262.23232707777265,-26.129654858083583
37.7837,37.7837,273.0,263.31474690667125,262.271236486398,-26.174746906671245
37.8032,37.8032,238.0,263.3601309438406,262.3103464589852,-61.2201309438406
37.8227,37.8227,228.0,263.40557440166964,262.34945643157243,-71.26557440166964
37.8421,37.8421,256.0,263.4508451803749,262.3883658401977,-43.310845180374926
37.8616,37.8616,246.0,263.49641019018003,262.42747581278496,-53.35641019018003
37.881,37.881,271.0,263.5418039035737,262.46638522141023,-28.40180390357368
37.9005,37.9005,267.0,263.587494791476,262.5054951939975,-32.44749479147599
37.9199,37.9199,286.0,263.6330143605444,262.54440460262276,-13.493014360544393
37.9394,37.9394,270.0,263.67883358257586,262.58351457521,-29.53883358257586
37.9589,37.9589,290.0,263.72471807731006,262.6226245477973,-9.584718077310058
37.9783,37.9783,294.0,263.77043337118,262.6615339564225,-5.63043337117999
37.9978,37.9978,252.0,263.81645211801435,262.70064392900974,-47.67645211801435
38.0172,38.0172,243.0,263.8623021952885,262.739553337635,-56.72230219528852
38.0367,38.0367,257.0,263.9084580083088,262.77866331022227,-42.7684580083088
38.0561,38.0561,274.0,263.954447142148,262.81757271884754,-25.814447142148012
38.0756,38.0756,262.0,264.00074390293815,262.8566826914348,-37.860743902938154
38.0951,38.0951,284.0,264.0471126975715,262.89579266402205,-15.907112697571492
38.1145,38.1145,253.0,264.0933163488184,262.9347020726473,-46.953316348818404
38.134,38.134,274.0,264.1398330331962,262.9738120452346,-25.999833033196225
38.1534,38.1534,288.0,264.1861849026322,263.01272145385985,-12.046184902632191
38.1729,38.1729,234.0,264.2328519022757,263.0518314264471,-66.09285190227568
38.1923,38.1923,274.0,264.2793564266712,263.0907408350724,-26.1393564266712
38.2118,38.2118,252.0,264.3261784257538,263.1298508076596,-48.18617842575382
38.2312,38.2312,268.0,264.37283977680687,263.16876021628485,-32.23283977680687
38.2507,38.2507,270.0,264.41982231288324,263.2078701888721,-30.27982231288324
38.2702,38.2702,238.0,264.466886192611,263.24698016145936,-62.32688619261101
38.2896,38.2896,238.0,264.5137911281371,263.28588957008463,-62.373791128137086
38.3091,38.3091,264.0,264.5610215316315,263.3249995426719,-36.421021531631524
38.3285,38.3285,249.0,264.6080943766788,263.36390895129716,-51.46809437667882
38.348,38.348,263.0,264.655496855392,263.4030189238844,-37.515496855392016
38.3674,38.3674,247.0,264.7027426283921,263.4419283325097,-53.562742628392115
38.3869,38.3869,276.0,264.7503213172601,263.48103830509694,-24.6103213172601
38.4064,38.4064,296.0,264.7979899014861,263.52014827768414,-4.657989901486118
38.4258,38.4258,280.0,264.8455058157933,263.5590576863094,-20.705505815793273
38.4453,38.4453,299.0,264.8933586396588,263.59816765889667,-1.7533586396587992
38.4647,38.4647,248.0,264.94105987456726,263.63707706752194,-52.80105987456726
38.4842,38.4842,290.0,264.98910291463665,263.6761870401092,-10.849102914636646
38.5036,38.5036,282.0,265.036996339233,263.71509644873447,-18.896996339232984
38.5231,38.5231,252.0,265.0852343624932,263.7542064213217,-48.945234362493224
38.5426,38.5426,260.0,265.13357274300324,263.793316393909,-40.99357274300324
38.562,38.562,268.0,265.181763745485,263.83222580253425,-33.041763745485
38.5815,38.5815,258.0,265.23030656060416,263.8713357751215,-43.09030656060416
38.6009,38.6009,260.0,265.2787048277729,263.9102451837468,-41.13870482777291
38.6204,38.6204,246.0,265.3274579679523,263.949355156334,-55.187457967952284
38.6398,38.6398,302.0,265.3760680282164,263.98826456495925,0.7639319717835775
38.6593,38.6593,254.0,265.42503846969134,264.0273745375465,-47.285038469691344
38.6788,38.6788,245.0,265.474119792956,264.06648451013376,-56.334119792956
38.6982,38.6982,228.0,265.5230624071453,264.10539391875903,-73.38306240714529
38.7177,38.7177,289.0,265.57935011387315,264.1445038913463,-12.439350113873147
38.7371,38.7371,238.0,265.6285269194217,264.18341329997156,-63.48852691942169
38.7566,38.7566,262.0,265.67807510646935,264.2225232725588,-39.53807510646935
38.776,38.776,274.0,265.72748832818417,264.2614326811841,-27.587488328184165
38.7955,38.7955,281.0,265.7772791139749,264.30054265377134,-20.637279113974884
38.815,38.815,273.0,265.8271930816782,264.3396526263586,-28.687193081678217
38.8344,38.8344,252.0,265.87697651519045,264.3785620349839,-49.73697651519045
38.8539,38.8539,268.0,265.9271439231208,264.4176720075711,-33.78714392312081
38.8733,38.8733,275.0,265.97718384101296,264.45658141619634,-26.83718384101296
38.8928,38.8928,276.0,266.02761280382265,264.4956913887836,-25.88761280382265
38.9122,38.9122,263.0,266.07791633602693,264.53460079740887,-38.93791633602693
38.9317,38.9317,256.0,266.12861601322436,264.5737107699961,-45.98861601322436
38.9512,38.9512,284.0,266.1794538743586,264.6128207425834,-18.039453874358614
38.9706,38.9706,276.0,266.23017181667433,264.65173015120865,-26.090171816674328
38.9901,38.9901,267.0,266.28129315071044,264.6908401237959,-35.14129315071044
39.0095,39.0095,286.0,266.3357871264582,264.7297495324212,-16.19578712645817
39.029,39.029,277.0,266.3872045639083,264.76885950500844,-25.247204563908312
39.0484,39.0484,258.0,266.4385082743311,264.8077689136337,-44.29850827433113
39.0679,39.0679,264.0,266.4902281566396,264.8468788862209,-38.3502281566396
39.0874,39.0874,276.0,266.5421037326864,264.88598885880816,-26.402103732686427
39.1068,39.1068,257.0,266.5938706757591,264.92489826743343,-45.45387067575909
39.1263,39.1263,280.0,266.64606564857513,264.9640082400207,-22.50606564857513
39.1457,39.1457,285.0,266.6981543440758,265.00291764864596,-17.558154344075817
39.1652,39.1652,275.0,266.75067771144535,265.0420276212332,-27.610677711445348
39.1846,39.1846,243.0,266.80310019508784,265.0809370298585,-59.663100195087836
39.2041,39.2041,250.0,266.8559641302457,265.12004700244574,-52.715964130245695
39.2236,39.2236,247.0,266.9090045114218,265.159156975033,-55.76900451142181
39.243,39.243,248.0,266.96194857666524,265.1980663836583,-54.821948576665235
39.2625,39.2625,256.0,267.0153465327351,265.2371763562455,-46.87534653273512
39.2819,39.2819,283.0,267.0686544494328,265.27608576487074,-19.928654449432813
39.3014,39.3014,258.0,267.12242391967226,265.315195737458,-44.98242391967226
39.3208,39.3208,263.0,267.1761085664791,265.35410514608327,-40.036108566479115
39.3403,39.3403,290.0,267.2302626498628,265.3932151186705,-13.090262649862822
39.3598,39.3598,266.0,267.28461579858055,265.4323250912578,-37.144615798580546
39.3792,39.3792,255.0,267.3388893796903,265.47123449988305,-48.19888937969027
39.3987,39.3987,272.0,267.3936473697116,265.5103444724703,-31.253647369711572
39.4181,39.4181,281.0,267.4483335404233,265.5492538810956,-22.308333540423277
39.4376,39.4376,243.0,267.5035122096703,265.58836385368284,-60.363512209670304
39.457,39.457,266.0,267.5586235264241,265.6272732623081,-37.41862352642413
39.4765,39.4765,256.0,267.61423871670814,265.66638323489536,-47.47423871670814
39.496,39.496,296.0,267.67007993179845,265.70549320748256,-7.530079931798454
39.5154,39.5154,261.0,267.72586037733646,265.74440261610783,-42.58586037733646
39.5349,39.5349,297.0,267.78216106730207,265.7835125886951,-6.6421610673020695
39.5543,39.5543,287.0,267.8384093522466,265.82242199732036,-16.69840935224657
39.5738,39.5738,254.0,267.89518838845163,265.8615319699076,-49.75518838845163
39.5932,39.5932,268.0,267.9519224826032,265.9004413785329,-35.81192248260321
39.6127,39.6127,269.0,268.0091982587991,265.93955135112014,-34.869198258799074
39.6322,39.6322,319.0,268.06672981233936,265.9786613237074,15.07327018766064
39.6516,39.6516,259.0,268.1242264014786,266.0175707323327,-44.98422640147861
39.6711,39.6711,270.0,268.1822854975214,266.0566807049199,-34.04228549752138
39.6905,39.6905,278.0,268.24031442129814,266.09559011354514,-26.100314421298137
39.71,39.71,284.0,268.2989184100379,266.1347000861324,-20.158918410037913
39.7294,39.7294,250.0,268.35750231646335,266.17360949475767,-54.21750231646335
39.7489,39.7489,272.0,268.41667425147403,266.2127194673449,-32.276674251474034
39.7684,39.7684,258.0,268.47614089367113,266.2518294399322,-46.33614089367113
39.7878,39.7878,281.0,268.53559763602993,266.29073884855745,-23.395597636029933
39.8073,39.8073,230.0,268.59566528180505,266.3298488211447,-74.45566528180505
39.8267,39.8267,271.0,268.65573401108395,266.36875822977,-33.51573401108395
39.8462,39.8462,238.0,268.71642852795463,266.40786820235724,-66.57642852795463
39.8656,39.8656,244.0,268.7771352715856,266.4467776109825,-60.63713527158562
39.8851,39.8851,255.0,268.8384820734343,266.48588758356976,-49.698482073434306
39.9046,39.9046,289.0,268.90016763659855,266.524997556157,-15.760167636598553
39.924,39.924,267.0,268.9618771092864,266.56390696478223,-37.821877109286376
39.9435,39.9435,273.0,269.02425548652644,266.6030169373695,-31.884255486526442
39.9629,39.9629,264.0,269.086671669117,266.64192634599476,-40.94667166911698
39.9824,39.9824,262.0,269.1497731853758,266.681036318582,-43.009773185375806
40.0018,40.0018,246.0,269.21292280423415,266.7199457272073,-59.07292280423415
40.0213,40.0213,253.0,269.2767781038312,266.75905569979454,-52.13677810383119
40.0408,40.0408,262.0,269.3410256692914,266.7981656723818,-43.20102566929141
40.0602,40.0602,253.0,269.40533662604184,266.8370750810071,-52.265336626041844
40.0797,40.0797,241.0,269.47038508193634,266.8761850535943,-64.33038508193634
40.0991,40.0991,275.0,269.53551361754563,266.9150944622196,-30.39551361754563
40.1186,40.1186,298.0,269.6014028906721,266.9542044348068,-7.46140289067209
40.138,40.138,233.0,269.6673829187512,266.99311384343207,-72.52738291875117
40.1575,40.1575,241.0,269.73414559289284,267.0322238160193,-64.59414559289284
40.177,40.177,276.0,269.8013617841482,267.0713337886066,-29.661361784148184
40.1964,40.1964,259.0,269.8686941673085,267.11024319723185,-46.72869416730849
40.2159,40.2159,292.0,269.93684826555597,267.1493531698191,-13.796848265555965
40.2353,40.2353,264.0,270.00513134759177,267.1882625784444,-41.86513134759177
40.2548,40.2548,271.0,270.074261030358,267.22737255103164,-34.934261030358
40.2742,40.2742,286.0,270.14354025401263,267.2662819596569,-20.003540254012634
40.2937,40.2937,279.0,270.21369241442363,267.30539193224416,-27.073692414423633
40.3132,40.3132,263.0,270.2843785164744,267.3445019048314,-43.14437851647442
40.3326,40.3326,245.0,270.3552380207137,267.38341131345663,-61.21523802071373
40.3521,40.3521,257.0,270.42701829894713,267.4225212860439,-49.28701829894713
40.3715,40.3715,284.0,270.4989934654424,267.46143069466916,-22.358993465442424
40.391,40.391,246.0,270.5719231582152,267.5005406672564,-60.43192315821521
40.4104,40.4104,251.0,270.64506705168105,267.5394500758817,-55.50506705168105
40.4299,40.4299,259.0,270.71919715943596,267.57856004846894,-47.579197159435964
40.4494,40.4494,281.0,270.7939533573383,267.6176700210562,-25.653953357338295
40.4688,40.4688,256.0,270.8689595626477,267.65657942968147,-50.72895956264772
40.4883,40.4883,253.0,270.9450096657484,267.6956894022687,-53.805009665748386
40.5077,40.5077,252.0,271.02133326420216,267.734598810894,-54.881333264202155
40.5272,40.5272,294.0,271.0987367442629,267.77370878348125,-12.958736744262907
40.5466,40.5466,265.0,271.17644445190496,267.81261819210647,-42.036444451904956
40.5661,40.5661,291.0,271.25527590304154,267.8517281646937,-16.115275903041535
40.5856,40.5856,262.0,271.3348450129281,267.890838137281,-45.1948450129281
40.605,40.605,253.0,271.41476018248414,267.92974754590625,-54.274760182484144
40.6245,40.6245,262.0,271.49586456628543,267.9688575184935,-45.35586456628543
40.6439,40.6439,258.0,271.5773472172475,268.0077669271188,-49.437347217247506
40.6634,40.6634,313.0,271.6600698405816,268.04687689970604,5.479930159418373
40.6828,40.6828,251.0,271.74319918753673,268.0857863083313,-56.60319918753673
40.7023,40.7023,258.0,271.8276177539677,268.12489628091856,-49.68761775396767
40.7218,40.7218,251.0,271.9129239698121,268.1640062535058,-56.772923969812084
40.7412,40.7412,219.0,271.9986927403224,268.2029156621311,-88.85869274032238
40.7607,40.7607,273.0,272.0858392033747,268.2420256347183,-34.94583920337469
40.7801,40.7801,261.0,272.1734854409303,268.28093504334356,-47.03348544093028
40.7996,40.7996,249.0,272.26256764396544,268.3200450159308,-59.12256764396544
40.819,40.819,267.0,272.3521941307816,268.3589544245561,-41.21219413078158
40.8385,40.8385,280.0,272.44332310029876,268.39806439714334,-28.303323100298755
40.858,40.858,266.0,272.53551554354334,268.4371743697306,-42.39551554354334
40.8774,40.8774,275.0,272.62832326038944,268.47608377835587,-33.488323260389436
40.8969,40.8969,274.0,272.72273668680896,268.5151937509431,-34.58273668680896
40.9163,40.9163,256.0,272.8178147381673,268.5541031595684,-52.67781473816733
40.9358,40.9358,270.0,272.9145768127007,268.59321313215565,-38.774576812700715
40.9552,40.9552,283.0,273.0120550946698,268.63212254078087,-25.87205509466979
40.9747,40.9747,279.0,273.11129416268614,268.6712325133681,-29.971294162686135
40.9941,40.9941,276.0,273.21131291767733,268.7101419219934,-33.07131291767733
41.0136,41.0136,276.0,273.3131878359394,268.74925189458065,-33.1731878359394
41.0331,41.0331,284.0,273.41642746285817,268.7883618671679,-25.276427462858166
41.0525,41.0525,260.0,273.5205464112158,268.8272712757932,-49.380546411215775
41.072,41.072,272.0,273.6266604991785,268.86638124838043,-37.48666049917851
41.0914,41.0914,266.0,273.7337172915346,268.9052906570057,-43.59371729153462
41.1109,41.1109,276.0,273.8428792024823,268.94440062959296,-33.70287920248232
41.1303,41.1303,264.0,273.9530555967695,268.98331003821824,-45.8130555967695
41.1498,41.1498,269.0,274.0654369462936,269.0224200108055,-40.92543694629357
41.1693,41.1693,265.0,274.17952047397745,269.06152998339275,-45.03952047397745
41.1887,41.1887,262.0,274.29475041478565,269.10043939201796,-48.15475041478565
41.2082,41.2082,275.0,274.41238290066485,269.1395493646052,-35.27238290066485
41.2276,41.2276,252.0,274.53124914519606,269.1784587732305,-58.391249145196056
41.2471,41.2471,282.0,274.652653964041,269.21756874581774,-28.512653964041007
41.2665,41.2665,259.0,274.77539245882906,269.256478154443,-51.63539245882906
41.286,41.286,277.0,274.90079460469116,269.29558812703027,-33.76079460469116
41.3055,41.3055,272.0,275.0283321578712,269.3346980996175,-38.888332157871204
41.3249,41.3249,275.0,275.1573717907685,269.3736075082428,-36.01737179076848
41.3444,41.3444,255.0,275.2893387830433,269.41271748083005,-56.14933878304332
41.3638,41.3638,295.0,275.4229315176661,269.45162688945527,-16.282931517666086
41.3833,41.3833,279.0,275.5596146049592,269.4907368620425,-32.41961460495922
41.4027,41.4027,292.0,275.69807459455143,269.52964627066785,-19.558074594551428
41.4222,41.4222,287.0,275.8398269004223,269.56875624325505,-24.69982690042228
41.4417,41.4417,258.0,275.98425661017205,269.6078662158423,-53.84425661017205
41.4611,41.4611,273.0,276.130674499044,269.6467756244676,-38.990674499044005
41.4806,41.4806,268.0,276.2806957909659,269.68588559705483,-44.14069579096592
41.5,41.5,276.0,276.432891759198,269.7247950056801,-36.292891759198014
41.5195,41.5195,273.0,276.5889408362142,269.76390497826736,-39.44894083621419
41.5389,41.5389,269.0,276.7473397041023,269.80281438689263,-43.60733970410227
41.5584,41.5584,270.0,276.9098605408792,269.8419243594799,-42.76986054087921
41.5779,41.5779,229.0,277.0757788444142,269.88103433206714,-83.93577884441417
41.5973,41.5973,280.0,277.24437208448757,269.91994374069236,-33.104372084487565
41.6168,41.6168,293.0,277.4175129731825,269.9590537132796,-20.27751297318251
41.6362,41.6362,277.0,277.5935512002896,269.9979631219049,-36.453551200289596
41.6557,41.6557,276.0,277.7744728107785,270.03707309449214,-37.63447281077849
41.6751,41.6751,264.0,277.9585376913773,270.0759825031174,-49.81853769137727
41.6946,41.6946,244.0,278.14784260609343,270.11509247570467,-70.00784260609343
41.7141,41.7141,261.0,278.3415622340991,270.1542024482919,-53.201562234099114
41.7335,41.7335,294.0,278.5388995228966,270.1931118569172,-20.3988995228966
41.753,41.753,284.0,278.74207965008645,270.23222182950445,-30.602079650086452
41.7724,41.7724,290.0,278.9491716164724,270.2711312381297,-24.809171616472426
41.7919,41.7919,273.0,279.16255831558806,270.310241210717,-42.02255831558806
41.8113,41.8113,256.0,279.38022052943916,270.34915061934225,-59.240220529439156
41.8308,41.8308,277.0,279.6046449783068,270.3882605919295,-38.464644978306794
41.8503,41.8503,236.0,279.83499181362896,270.4273705645167,-79.69499181362896
41.8697,41.8697,284.0,280.07025418153154,270.466279973142,-31.930254181531538
41.8892,41.8892,286.0,280.3131636715636,270.50538994572923,-30.173163671563586
41.9086,41.9086,309.0,280.5614511526861,270.5442993543545,-7.421451152686117
41.9281,41.9281,265.0,280.81799042513575,270.58340932694176,-51.67799042513575
41.9475,41.9475,271.0,281.0804800165805,270.62231873556703,-45.94048001658051
41.967,41.967,253.0,281.3519595835966,270.6614287081543,-64.21195958359662
41.9865,41.9865,290.0,281.631448883947,270.70053868074154,-27.491448883946973
42.0059,42.0059,261.0,281.9177712560682,270.73944808936676,-56.77777125606819
42.0254,42.0254,261.0,282.21428584540183,270.778558061954,-57.07428584540183
42.0448,42.0448,281.0,282.5183875740236,270.8174674705793,-37.37838757402362
42.0643,42.0643,274.0,282.8336507442033,270.85657744316654,-44.69365074420328
42.0837,42.0837,289.0,283.15727299311527,270.8954868517918,-30.01727299311527
42.1032,42.1032,289.0,283.4931344747545,270.93459682437907,-30.353134474754526
42.1227,42.1227,261.0,283.8400253070116,270.9737067969663,-58.700025307011614
42.1421,42.1421,260.0,284.1967609554418,271.0126162055916,-60.05676095544179
42.1616,42.1616,236.0,284.56743679251684,271.05172617817885,-84.42743679251684
42.181,42.181,278.0,284.9490072802158,271.0906355868041,-42.80900728021582
42.2005,42.2005,297.0,285.3460833661365,271.1297455593914,-24.206083366136497
42.2199,42.2199,281.0,285.7552052145148,271.16865496801665,-40.61520521451477
42.2394,42.2394,247.0,286.1814435905675,271.2077649406039,-75.04144359056748
42.2589,42.2589,292.0,286.6233908597593,271.2468749131911,-30.483390859759297
42.2783,42.2783,277.0,287.07969163939623,271.2857843218164,-45.93969163939623
42.2978,42.2978,272.0,287.5558898975419,271.32489429440363,-51.415889897541874
42.3172,42.3172,255.0,288.0480610885304,271.3638037030289,-68.9080610885304
42.3367,42.3367,265.0,288.5624228849337,271.40291367561616,-59.42242288493371
42.3561,42.3561,273.0,289.0946980942973,271.44182308424143,-51.954698094297314
42.3756,42.3756,268.0,289.6516212240338,271.4809330568287,-57.51162122403382
42.3951,42.3951,267.0,290.23189395482484,271.52004302941594,-59.09189395482484
42.4145,42.4145,277.0,290.83366347386027,271.5589524380412,-49.69366347386027
42.434,42.434,270.0,291.4647446726971,271.5980624106285,-57.32474467269712
42.4534,42.4534,292.0,292.12012293491824,271.63697181925374,-35.98012293491824
42.4729,42.4729,237.0,292.80833286178074,271.67608179184094,-91.66833286178074
42.4923,42.4923,286.0,293.5242494437296,271.7149912004662,-43.384249443729615
42.5118,42.5118,248.0,294.2772941919873,271.75410117305347,-82.13729419198732
42.5313,42.5313,259.0,295.0660785332062,271.7932111456407,-71.92607853320622
42.5507,42.5507,279.0,295.88848846766035,271.832120554266,-52.74848846766035
42.5702,42.5702,277.0,296.7556227961279,271.87123052685325,-55.61562279612791
42.5896,42.5896,277.0,297.66160656325957,271.9101399354785,-56.52160656325957
42.6091,42.6091,274.0,298.61833199960483,271.9492499080658,-60.47833199960483
42.6285,42.6285,256.0,299.6196245603233,271.98815931669105,-79.4796245603233
42.648,42.648,263.0,300.67942124130707,272.0272692892783,-73.53942124130707
42.6675,42.6675,295.0,301.796286812881,272.0663792618655,-42.65628681288102
42.6869,42.6869,294.0,302.96874714834723,272.1052886704908,-44.82874714834723
42.7064,42.7064,298.0,304.21292429864826,272.14439864307803,-42.07292429864826
42.7258,42.7258,269.0,305.5217032220941,272.1833080517033,-72.38170322209412
42.7453,42.7453,269.0,306.9139369893409,272.22241802429056,-73.77393698934092
42.7647,42.7647,300.0,308.38134906790657,272.26132743291583,-44.24134906790657
42.7842,42.7842,273.0,309.9461080138856,272.3004374055031,-72.80610801388558
42.8037,42.8037,304.0,311.6077396884588,272.33954737809034,-43.46773968845882
42.8231,42.8231,299.0,313.36581799740037,272.3784567867156,-50.22581799740037
42.8426,42.8426,332.0,315.24724918447515,272.4175667593029,-19.10724918447515
42.862,42.862,264.0,317.24256521873457,272.45647616792814,-89.10256521873457
42.8815,42.8815,317.0,319.38385409906215,272.4955861405154,-38.24385409906215
42.9009,42.9009,298.0,321.66087884743087,272.5344955491406,-59.520878847430865
42.9204,42.9204,311.0,324.11096044089675,272.57360552172787,-48.97096044089675
42.9399,42.9399,305.0,326.7385676784282,272.6127154943151,-57.59856767842818
42.9593,42.9593,315.0,329.5453244667158,272.6516249029404,-50.40532446671578
42.9788,42.9788,278.0,332.5797814207103,272.69073487552765,-90.43978142071028
42.9982,42.9982,306.0,335.831130251582,272.7296442841529,-65.69113025158201
43.0177,43.0177,291.0,339.35681431248804,272.7687542567402,-84.21681431248804
43.0371,43.0371,319.0,343.14819114750264,272.80766366536545,-60.00819114750264
43.0566,43.0566,311.0,347.2719006209989,272.8467736379527,-72.1319006209989
43.0761,43.0761,294.0,351.7447873210335,272.8858836105399,-93.60478732103353
43.0955,43.0955,332.0,356.5765230695103,272.92479301916524,-60.4365230695103
43.115,43.115,311.0,361.858589522364,272.96390299175243,-86.71858952236401
43.1344,43.1344,286.0,367.5844564112093,273.0028124003777,-117.44445641120932
43.1539,43.1539,340.0,373.8612077957317,273.04192237296496,-69.72120779573167
43.1733,43.1733,294.0,380.68401156544667,273.08083178159023,-122.54401156544667
43.1928,43.1928,331.0,388.18511112268556,273.1199417541775,-93.04511112268555
43.2123,43.2123,328.0,396.3990089429075,273.15905172676474,-104.25900894290753
43.2317,43.2317,371.0,405.35633716255086,273.19796113539,-70.21633716255086
43.2512,43.2512,368.0,415.2254451234137,273.2370711079773,-83.08544512341369
43.2706,43.2706,351.0,425.99549665120844,273.27598051660254,-110.85549665120844
43.2901,43.2901,360.0,437.8661569854628,273.3150904891898,-113.7261569854628
43.3095,43.3095,410.0,450.8050115123481,273.353999897815,-76.66501151234807
43.329,43.329,414.0,465.03657170691463,273.39310987040227,-86.89657170691463
43.3485,43.3485,428.0,480.5712041004818,273.4322198429895,-88.43120410048179
43.3679,43.3679,431.0,497.3873199264518,273.4711292516148,-102.24731992645182
43.3874,43.3874,413.0,515.6884079339773,273.51023922420205,-138.54840793397727
43.4068,43.4068,436.0,535.2726497274759,273.5491486328273,-135.13264972747595
43.4263,43.4263,480.0,556.2690775602948,273.5882586054146,-112.12907756029482
43.4457,43.4457,446.0,578.2940275637827,273.62716801403985,-168.15402756378273
43.4652,43.4652,517.0,601.3012694999757,273.6662779866271,-120.16126949997566
43.4847,43.4847,535.0,624.7761523029659,273.70538795921436,-125.6361523029659
43.5041,43.5041,574.0,648.0443494290594,273.74429736783964,-109.90434942905937
43.5236,43.5236,576.0,670.6634746955426,273.7834073404269,-130.52347469554263
43.543,43.543,665.0,691.6064598649782,273.8223167490521,-62.466459864978205
43.5625,43.5625,656.0,710.247004581531,273.86142672163936,-90.10700458153097
43.5819,43.5819,695.0,725.5843154841027,273.90033613026463,-66.44431548410272
43.6014,43.6014,740.0,737.0724795583645,273.9394461028519,-32.932479558364534
43.6209,43.6209,779.0,744.1231563581568,273.97855607543914,-0.9831563581568474
43.6403,43.6403,811.0,746.4713425613984,274.0174654840644,28.668657438601613
43.6598,43.6598,858.0,744.1318113617801,274.0565754566517,78.00818863821986
43.6792,43.6792,909.0,737.3423353592817,274.09548486527694,135.79766464071827
43.6987,43.6987,863.0,726.428679079293,274.1345948378642,100.71132092070697
43.7181,43.7181,861.0,712.0223426567704,274.1735042464894,113.11765734322957
43.7376,43.7376,849.0,694.588045816962,274.21261421907667,118.551954183038
43.757,43.757,848.0,674.9710997216732,274.25152362770194,137.16890027832676
43.7765,43.7765,853.0,653.6461072609557,274.2906336002892,163.49389273904433
43.796,43.796,797.0,631.381009580791,274.32974357287645,129.758990419209
43.8154,43.8154,804.0,608.8891650722419,274.3686529815017,159.2508349277581
43.8349,43.8349,751.0,586.4651670244778,274.407762954089,128.67483297552224
43.8543,43.8543,710.0,564.7562894009016,274.44667236271425,109.38371059909845
43.8738,43.8738,662.0,543.8491480802177,274.4857823353015,82.29085191978233
43.8932,43.8932,638.0,524.1764497562488,274.5246917439268,77.96355024375124
43.9127,43.9127,586.0,505.6601626313317,274.56380171651404,44.47983736866833
43.9322,43.9322,570.0,488.4615050555102,274.6029116891013,45.6784949444898
43.9516,43.9516,518.0,472.6631138925194,274.6418210977265,9.47688610748061
43.9711,43.9711,521.0,458.0654596757641,274.68093107031376,27.07454032423591
43.9905,43.9905,479.0,444.7628035395914,274.71984047893903,-1.622803539591402
44.01,44.01,465.0,432.54105796406924,274.7589504515263,-3.4010579640692384
44.0294,44.0294,449.0,421.44179752512,274.79785986015156,-8.301797525120023
44.0489,44.0489,460.0,411.26957808754025,274.8369698327388,12.870421912459747
44.0684,44.0684,451.0,401.9945755812163,274.87607980532607,13.145424418783719
44.0878,44.0878,413.0,393.5807716050672,274.91498921395134,-16.440771605067184
44.1073,44.1073,407.0,385.86426427591766,274.9540991865386,-14.724264275917662
44.1267,44.1267,370.0,378.853230720682,274.9930085951639,-44.713230720682006
44.1462,44.1462,366.0,372.41345771076044,275.0321185677511,-42.27345771076044
44.1656,44.1656,363.0,366.5492899786923,275.07102797637634,-39.409289978692286
44.1851,44.1851,353.0,361.14898868241187,275.1101379489636,-44.00898868241187
44.2046,44.2046,362.0,356.19462743908934,275.14924792155085,-30.054627439089344
44.224,44.224,340.0,351.66632319051763,275.1881573301761,-47.52632319051763
44.2435,44.2435,331.0,347.4783422622228,275.2272673027634,-52.33834226222278
44.2629,44.2629,299.0,343.63762934838576,275.26617671138865,-80.49762934838576
44.2824,44.2824,348.0,340.0747396139351,275.3052866839759,-27.934739613935093
44.3018,44.3018,344.0,336.79820882062336,275.3441960926012,-28.658208820623358
44.3213,44.3213,323.0,333.74883759591927,275.38330606518844,-46.60883759591927
44.3408,44.3408,343.0,330.92258720945136,275.4224160377757,-23.782587209451364
44.3602,44.3602,345.0,328.31186743056344,275.4613254464009,-19.171867430563438
44.3797,44.3797,313.0,325.8718353927248,275.50043541898816,-48.73183539272479
44.3991,44.3991,346.0,323.6116743290399,275.53934482761343,-13.471674329039885
44.4186,44.4186,330.0,321.49333596339903,275.5784548002007,-27.353335963399033
44.438,44.438,314.0,319.5262347311454,275.61736420882596,-41.38623473114539
44.4575,44.4575,288.0,317.678158842541,275.6564741814132,-65.538158842541
44.477,44.477,333.0,315.9489440979041,275.69558415400047,-18.808944097904075
44.4964,44.4964,318.0,314.33721067172456,275.73449356262574,-32.19721067172456
44.5159,44.5159,304.0,312.8175295566834,275.773603535213,-44.67752955668338
44.5353,44.5353,304.0,311.39817327229895,275.81251294383827,-43.25817327229895
44.5548,44.5548,282.0,310.057258236621,275.8516229164255,-63.91725823662101
44.5742,44.5742,291.0,308.80195806983556,275.89053232505074,-53.66195806983556
44.5937,44.5937,294.0,307.6140506860202,275.929642297638,-49.47405068602022
44.6132,44.6132,280.0,306.49422563699375,275.96875227022525,-62.354225636993746
44.6326,44.6326,287.0,305.4433393467332,276.0076616788505,-54.30333934673318
44.6521,44.6521,278.0,304.4458318203917,276.0467716514378,-62.305831820391674
44.6715,44.6715,305.0,303.5081739582426,276.08568106006305,-34.36817395824259
44.691,44.691,282.0,302.6169513188253,276.1247910326503,-56.47695131882527
44.7104,44.7104,290.0,301.77759770399996,276.1637004412756,-47.63759770399996
44.7299,44.7299,278.0,300.97308128244777,276.19729159010944,-58.833081282447765
44.7494,44.7494,292.0,300.2002103760088,276.2207727011831,-44.06021037600878
44.7688,44.7688,288.0,299.4702661202977,276.24413339630246,-47.33026612029771
44.7883,44.7883,299.0,298.77318058974555,276.2676145073761,-35.63318058974555
44.8077,44.8077,277.0,298.1138169513774,276.2909752024955,-56.97381695137737
44.8272,44.8272,272.0,297.48328110717995,276.31445631356905,-61.34328110717995
44.8466,44.8466,298.0,296.88614842680767,276.3378170086885,-34.746148426807665
44.8661,44.8661,278.0,296.31436526488596,276.36129811976207,-54.174365264885964
44.8856,44.8856,295.0,295.7695787294405,276.3847792308357,-36.629578729440524
44.905,44.905,330.0,295.2527333094471,276.4081399259551,-1.11273330944708
44.9245,44.9245,266.0,294.75704974996455,276.4316210370287,-64.61704974996455
44.9439,44.9439,258.0,294.2863172605218,276.4549817321481,-72.1463172605218
44.9634,44.9634,294.0,293.8343587652675,276.4784628432217,-35.694358765267495
44.9828,44.9828,253.0,293.4047752015266,276.50182353834106,-76.2647752015266
45.0023,45.0023,270.0,292.9919982829269,276.5253046494147,-58.851998282926886
45.0218,45.0218,303.0,292.5972419374281,276.54878576048833,-25.457241937428122
45.0412,45.0412,280.0,292.2214889137073,276.5721464556077,-48.081488913707275
45.0607,45.0607,268.0,291.85991276838024,276.5956275666813,-59.71991276838024
45.0801,45.0801,286.0,291.51549959614476,276.6189882618007,-41.37549959614476
45.0996,45.0996,298.0,291.18382486414885,276.6424693728743,-29.043824864148846
45.119,45.119,293.0,290.86765849572674,276.6658300679937,-33.72765849572674
45.1385,45.1385,253.0,290.5630505340701,276.6893111790673,-73.4230505340701
45.158,45.158,293.0,290.27089785232823,276.71279229014095,-33.13089785232823
45.1774,45.1774,291.0,289.99212727158533,276.73615298526033,-34.85212727158533
45.1969,45.1969,290.0,289.7232172093145,276.7596340963339,-35.5832172093145
45.2163,45.2163,291.0,289.46647028107043,276.78299479145335,-34.32647028107043
45.2358,45.2358,263.0,289.218707955674,276.8064759025269,-62.078707955674005
45.2552,45.2552,279.0,288.9819833357245,276.8298365976463,-45.84198333572452
45.2747,45.2747,267.0,288.75340825875094,276.85331770871994,-57.61340825875094
45.2942,45.2942,284.0,288.53379265794865,276.8767988197935,-40.39379265794865
45.3136,45.3136,303.0,288.32385143038545,276.90015951491296,-21.183851430385445
45.3331,45.3331,264.0,288.12101945134106,276.92364062598654,-59.981019451341055
45.3525,45.3525,286.0,287.9270095778925,276.9470013211059,-37.787009577892476
45.372,45.372,305.0,287.73948384122866,276.97048243217955,-18.59948384122866
45.3914,45.3914,320.0,287.5600673680275,276.99384312729893,-3.420067368027489
45.4109,45.4109,259.0,287.3865752162955,277.01732423837257,-64.24657521629551
45.4304,45.4304,286.0,287.2197226662102,277.04080534944615,-37.0797226662102
45.4498,45.4498,252.0,287.06000555733135,277.0641660445656,-70.92000555733135
45.4693,45.4693,300.0,286.90551922630874,277.08764715563916,-22.76551922630874
45.4887,45.4887,280.0,286.7576251190461,277.11100785075854,-42.61762511904611
45.5082,45.5082,279.0,286.6145327961583,277.1344889618322,-43.4745327961583
45.5276,45.5276,276.0,286.4775392565927,277.15784965695156,-46.337539256592706
45.5471,45.5471,283.0,286.3449809360947,277.1813307680252,-39.204980936094714
45.5666,45.5666,251.0,286.21743864745133,277.20481187909877,-71.07743864745133
45.586,45.586,317.0,286.09527980864465,277.2281725742182,-4.955279808644647
45.6055,45.6055,250.0,285.97706743541016,277.2516536852918,-71.83706743541016
45.6249,45.6249,293.0,285.86388330027927,277.27501438041116,-28.72388330027927
45.6444,45.6444,310.0,285.754361059784,277.2984954914848,-11.614361059784002
45.6638,45.6638,265.0,285.6495035844736,277.3218561866042,-56.50950358447362
45.6833,45.6833,271.0,285.5480713052282,277.3453372976778,-50.40807130522818
45.7028,45.7028,270.0,285.4504567476895,277.3688184087514,-51.310456747689486
45.7222,45.7222,270.0,285.357014692279,277.3921791038708,-51.217014692278994
45.7417,45.7417,262.0,285.2666328116462,277.4156602149444,-59.12663281164622
45.7611,45.7611,297.0,285.1801473291938,277.4390209100638,-24.0401473291938
45.7806,45.7806,263.0,285.0965366491664,277.4625020211374,-57.95653664916641
45.8,45.8,277.0,285.01654224553283,277.4858627162568,-43.87654224553283
45.8195,45.8195,249.0,284.93922930146164,277.50934382733044,-71.79922930146164
45.839,45.839,287.0,284.86491502309775,277.532824938404,-33.72491502309775
45.8584,45.8584,262.0,284.79388113106296,277.5561856335234,-58.65388113106296
45.8779,45.8779,292.0,284.72529133925724,277.57966674459703,-28.58529133925724
45.8973,45.8973,298.0,284.659739052926,277.6030274397164,-22.519739052926
45.9168,45.9168,291.0,284.5965081169477,277.62650855079005,-29.45650811694769
45.9362,45.9362,278.0,284.5361320048065,277.64986924590943,-42.39613200480652
45.9557,45.9557,271.0,284.47790339140954,277.67335035698306,-49.33790339140954
45.9752,45.9752,270.0,284.4220965876019,277.69683146805664,-50.28209658760191
45.9946,45.9946,291.0,284.36887330616946,277.720192163176,-29.22887330616946
46.0141,46.0141,292.0,284.3176590353107,277.74367327424966,-28.177659035310725
46.0335,46.0335,309.0,284.26887810597793,277.76703396936904,-11.128878105977932
46.053,46.053,295.0,284.2219636303963,277.7905150804427,-25.081963630396316
46.0724,46.0724,279.0,284.17735942753455,277.81387577556205,-41.037359427534554
46.0919,46.0919,257.0,284.1345281258623,277.83735688663563,-62.99452812586229
46.1114,46.1114,292.0,284.0936733533813,277.86083799770927,-27.95367335338129
46.1308,46.1308,292.0,284.05490876670507,277.88419869282865,-27.914908766705068
46.1503,46.1503,260.0,284.0177946739907,277.9076798039023,-59.87779467399069
46.1697,46.1697,273.0,283.98266751609344,277.93104049902166,-46.84266751609344
46.1892,46.1892,318.0,283.9491069681343,277.9545216100953,-1.8091069681342873
46.2086,46.2086,262.0,283.91742627986457,277.9778823052147,-57.77742627986457
46.2281,46.2281,300.0,283.88725171092966,278.00136341628826,-19.74725171092966
46.2476,46.2476,265.0,283.858697798518,278.0248445273619,-54.718697798517994
46.267,46.267,257.0,283.8318703433103,278.0482052224813,-62.6918703433103
46.2865,46.2865,263.0,283.80644443894874,278.0716863335549,-56.666444438948744
46.3059,46.3059,287.0,283.78265659521946,278.0950470286743,-32.642656595219464
46.3254,46.3254,273.0,283.7602228947572,278.1185281397479,-46.62022289475719
46.3448,46.3448,285.0,283.73933284031006,278.1418888348673,-34.599332840310055
46.3643,46.3643,273.0,283.7197380700031,278.1653699459409,-46.579738070003074
46.3838,46.3838,309.0,283.7015211967851,278.1888510570145,-10.561521196785108
46.4032,46.4032,278.0,283.68474196864094,278.2122117521339,-41.544741968640935
46.4227,46.4227,274.0,283.669196471692,278.23569286320753,-45.529196471691975
46.4421,46.4421,276.0,283.65500152076,278.2590535583269,-43.51500152075998
46.4616,46.4616,269.0,283.64201099884286,278.2825346694005,-50.50201099884286
46.481,46.481,239.0,283.6303109761216,278.3058953645199,-80.49031097612162
46.5005,46.5005,266.0,283.61975669221385,278.3293764755935,-53.479756692213854
46.5199,46.5199,269.0,283.6104468372798,278.3527371707129,-50.47044683727982
46.5394,46.5394,270.0,283.602251627645,278.3762182817865,-49.46225162764499
46.5589,46.5589,293.0,283.5952158697846,278.39969939286016,-26.455215869784624
46.5783,46.5783,253.0,283.58932559573685,278.42306008797954,-66.44932559573685
46.5978,46.5978,242.0,283.58450961746297,278.4465411990531,-77.44450961746297
46.6172,46.6172,277.0,283.5808026863827,278.4699018941725,-42.440802686382696
46.6367,46.6367,266.0,283.5781418086919,278.49338300524613,-53.438141808691896
46.6561,46.6561,288.0,283.57654398501984,278.5167437003655,-31.43654398501984
46.6756,46.6756,269.0,283.5759758771482,278.54022481143915,-50.43597587714821
46.6951,46.6951,275.0,283.5764226983943,278.5637059225127,-44.43642269839431
46.7145,46.7145,268.0,283.5778695471481,278.58706661763216,-51.43786954714811
46.734,46.734,251.0,283.580311346627,278.61054772870574,-68.44031134662701
46.7534,46.7534,284.0,283.58371484358037,278.6339084238251,-35.443714843580366
46.7729,46.7729,277.0,283.5881027040241,278.65738953489875,-42.448102704024095
46.7923,46.7923,281.0,283.593411413733,278.68075023001813,-38.45341141373301
46.8118,46.8118,271.0,283.59968375895926,278.70423134109177,-48.45968375895926
46.8313,46.8313,290.0,283.6068885625096,278.72771245216535,-29.466888562509595
46.8507,46.8507,255.0,283.61497301561343,278.7510731472848,-64.47497301561343
46.8702,46.8702,271.0,283.6240112734912,278.77455425835836,-48.48401127349119
46.8896,46.8896,276.0,283.633889111688,278.79791495347774,-43.493889111688006
46.9091,46.9091,261.0,283.6447197936908,278.8213960645514,-58.504719793690796
46.9285,46.9285,260.0,283.65636882468027,278.84475675967076,-59.51636882468027
46.948,46.948,297.0,283.66894835474085,278.8682378707444,-22.528948354740848
46.9675,46.9675,303.0,283.6824030192004,278.891718981818,-16.54240301920042
46.9869,46.9869,279.0,283.696648289702,278.91507967693735,-40.55664828970201
47.0064,47.0064,301.0,283.711827985259,278.938560788011,-18.57182798525899
47.0258,47.0258,251.0,283.72777128341266,278.96192148313037,-68.58777128341266
47.0453,47.0453,292.0,283.74464078724844,278.985402594204,-27.604640787248442
47.0647,47.0647,271.0,283.76226590315275,279.0087632893234,-48.62226590315275
47.0842,47.0842,303.0,283.7808190232471,279.032244400397,-16.64081902324709
47.1037,47.1037,275.0,283.80021478887977,279.0557255114706,-44.66021478887977
47.1231,47.1231,276.0,283.8203345944011,279.07908620659,-43.68033459440112
47.1426,47.1426,263.0,283.8413845199663,279.1025673176636,-56.70138451996631
47.162,47.162,268.0,283.86315445553294,279.125928012783,-51.723154455532935
47.1815,47.1815,281.0,283.88586371427215,279.1494091238566,-38.74586371427215
47.2009,47.2009,262.0,283.909278343876,279.172769818976,-57.769278343875996
47.2204,47.2204,252.0,283.93364387937436,279.1962509300496,-67.79364387937436
47.2399,47.2399,285.0,283.9588283908868,279.2197320411232,-34.81882839088682
47.2593,47.2593,291.0,283.9847106125029,279.2430927362426,-28.844710612502908
47.2788,47.2788,291.0,284.01155369864256,279.26657384731624,-28.871553698642558
47.2982,47.2982,288.0,284.0390835579492,279.2899345424356,-31.899083557949197
47.3177,47.3177,256.0,284.06759063937017,279.31341565350925,-63.927590639370166
47.3371,47.3371,302.0,284.0967728890535,279.33677634862863,-17.95677288905351
47.3566,47.3566,250.0,284.12694989028256,279.3602574597022,-69.98694989028256
47.3761,47.3761,277.0,284.15796061567505,279.38373857077585,-43.01796061567505
47.3955,47.3955,274.0,284.18965594359804,279.4070992658952,-46.04965594359804
47.415,47.415,284.0,284.2223638957192,279.43058037696886,-36.08236389571918
47.4344,47.4344,309.0,284.25575290294177,279.45394107208824,-11.115752902941765
47.4539,47.4539,276.0,284.290176260336,279.4774221831618,-44.15017626033601
47.4733,47.4733,252.0,284.32528039498413,279.50078287828126,-68.18528039498413
47.4928,47.4928,276.0,284.3614311631808,279.52426398935484,-44.22143116318078
47.5123,47.5123,258.0,284.3984726385606,279.5477451004285,-62.258472638560576
47.5317,47.5317,276.0,284.4361975871663,279.57110579554785,-44.296197587166304
47.5512,47.5512,292.0,284.4750186266584,279.5945869066215,-28.335018626658425
47.5706,47.5706,280.0,284.5145373820658,279.61794760174087,-40.37453738206578
47.5901,47.5901,270.0,284.5551625638354,279.64142871281445,-50.41516256383538
47.6095,47.6095,276.0,284.59650373611584,279.6647894079339,-44.456503736115835
47.629,47.629,264.0,284.6389930547589,279.68827051900746,-56.498993054758884
47.6485,47.6485,259.0,284.6824302605137,279.7117516300811,-61.54243026051368
47.6679,47.6679,262.0,284.7265923426303,279.7351123252005,-58.58659234263028
47.6874,47.6874,285.0,284.7719429749044,279.7585934362741,-35.63194297490439
47.7068,47.7068,232.0,284.818042175591,279.7819541313935,-88.67804217559102
47.7263,47.7263,270.0,284.8653765209266,279.80543524246707,-50.72537652092659
47.7457,47.7457,287.0,284.91346851545757,279.8287959375865,-33.773468515457566
47.7652,47.7652,269.0,284.96283866235547,279.8522770486601,-51.822838662355466
47.7847,47.7847,261.0,285.0132388270497,279.8757581597337,-59.87323882704969
47.8041,47.8041,278.0,285.0644450183161,279.8991188548531,-42.92444501831612
47.8236,47.8236,271.0,285.11697684574165,279.9225999659267,-49.976976845741646
47.843,47.843,275.0,285.1703292592457,279.9459606610461,-46.030329259245704
47.8625,47.8625,273.0,285.2250712625055,279.9694417721197,-48.08507126250548
47.8819,47.8819,241.0,285.28065315199945,279.9928024672391,-80.14065315199944
47.9014,47.9014,273.0,285.3376768302247,280.0162835783127,-48.19767683022472
47.9209,47.9209,292.0,285.3958671976464,280.03976468938635,-29.255867197646396
47.9403,47.9403,305.0,285.4549523240147,280.0631253845057,-16.314952324014698
47.9598,47.9598,282.0,285.51556728363676,280.0866064955793,-39.375567283636755
47.9792,47.9792,289.0,285.57709896961774,280.10996719069874,-32.437098969617736
47.9987,47.9987,286.0,285.64022273827936,280.1334483017723,-35.50022273827936
48.0181,48.0181,283.0,285.7043092188021,280.1568089968917,-38.56430921880211
48.0376,48.0376,275.0,285.77003878080313,280.18029010796533,-46.63003878080313
48.0571,48.0571,281.0,285.8371359025471,280.20377121903897,-40.69713590254712
48.0765,48.0765,259.0,285.90525781888954,280.22713191415835,-62.76525781888954
48.096,48.096,272.0,285.9751478729356,280.2506130252319,-49.83514787293562
48.1154,48.1154,268.0,286.04611651354753,280.27397372035136,-53.90611651354753
48.1349,48.1349,301.0,286.11891780926203,280.29745483142494,-20.97891780926203
48.1543,48.1543,271.0,286.19286050651675,280.3208155265443,-51.05286050651675
48.1738,48.1738,240.0,286.26874300416415,280.34429663761796,-82.12874300416415
48.1933,48.1933,280.0,286.3462203429334,280.36777774869154,-42.206220342933406
48.2127,48.2127,269.0,286.42491292654677,280.391138443811,-53.28491292654677
48.2322,48.2322,288.0,286.5056723808336,280.41461955488455,-34.36567238083357
48.2516,48.2516,248.0,286.5877443764257,280.43798025000393,-74.44774437642569
48.2711,48.2711,258.0,286.6719811543385,280.46146136107757,-64.53198115433848
48.2905,48.2905,282.0,286.75758678852844,280.48482205619695,-40.61758678852844
48.31,48.31,268.0,286.8454993924345,280.5083031672706,-54.705499392434476
48.3295,48.3295,271.0,286.9353016415357,280.53178427834416,-51.795301641535715
48.3489,48.3489,283.0,287.02661604987554,280.5551449734636,-39.88661604987554
48.3684,48.3684,282.0,287.120395099265,280.5786260845372,-40.98039509926501
48.3878,48.3878,283.0,287.2157588922095,280.60198677965656,-40.07575889220952
48.4073,48.4073,286.0,287.31375737250397,280.6254678907302,-37.17375737250397
48.4267,48.4267,263.0,287.4134226814502,280.64882858584957,-60.273422681450185
48.4462,48.4462,298.0,287.51586830943927,280.6723096969232,-25.37586830943927
48.4657,48.4657,292.0,287.620634994525,280.6957908079968,-31.480634994525005
48.4851,48.4851,269.0,287.7272552856354,280.7191515031162,-54.58725528563541
48.5046,48.5046,271.0,287.8369088273047,280.7426326141898,-52.69690882730468
48.524,48.524,266.0,287.948525614567,280.7659933093092,-57.80852561456702
48.5435,48.5435,267.0,288.0633538883359,280.7894744203828,-56.92335388833588
48.5629,48.5629,283.0,288.18029336057526,280.8128351155022,-41.04029336057526
48.5824,48.5824,302.0,288.30061773139647,280.83631622657583,-22.16061773139647
48.6019,48.6019,288.0,288.4238700318808,280.8597973376494,-36.283870031880824
48.6213,48.6213,280.0,288.5494518033457,280.8831580327688,-44.409451803345675
48.6408,48.6408,284.0,288.67878739679287,280.9066391438424,-40.53878739679287
48.6602,48.6602,252.0,288.8106240684703,280.9299998389618,-72.6706240684703
48.6797,48.6797,258.0,288.9464305639284,280.95348095003544,-66.8064305639284
48.6991,48.6991,282.0,289.0849808872983,280.9768416451548,-42.944980887298286
48.7186,48.7186,278.0,289.2277567822472,281.00032275622846,-47.08775678224718
48.7381,48.7381,264.0,289.3742338761721,281.02380386730204,-61.23423387617213
48.7575,48.7575,309.0,289.52372051144516,281.0471645624214,-16.383720511445162
48.777,48.777,297.0,289.67790212496396,281.07064567349505,-28.537902124963964
48.7964,48.7964,254.0,289.8353950007221,281.09400636861443,-71.69539500072209
48.8159,48.8159,283.0,289.9979021667552,281.11748747968807,-42.85790216675518
48.8353,48.8353,298.0,290.1639552118718,281.14084817480745,-28.02395521187178
48.8548,48.8548,280.0,290.3354476172592,281.164329285881,-46.195447617259205
48.8743,48.8743,268.0,290.51165069195264,281.18781039695466,-58.37165069195264
48.8937,48.8937,300.0,290.69189726410167,281.21117109207404,-26.55189726410167
48.9132,48.9132,289.0,290.8781511266257,281.2346522031477,-37.73815112662571
48.9326,48.9326,260.0,291.06875491160906,281.25801289826705,-66.92875491160906
48.9521,48.9521,273.0,291.26590033842183,281.2814940093407,-54.12590033842183
48.9715,48.9715,289.0,291.46774736951977,281.30485470446007,-38.32774736951977
48.991,48.991,257.0,291.67664949166095,281.32833581553365,-70.53664949166095
49.0105,49.0105,285.0,291.89179658903623,281.3518169266073,-42.75179658903623
49.0299,49.0299,287.0,292.1123356085353,281.37517762172666,-40.97233560853532
49.0494,49.0494,301.0,292.34083571833145,281.3986587328003,-27.200835718331447
49.0688,49.0688,295.0,292.5751919478714,281.4220194279197,-33.43519194787142
49.0883,49.0883,280.0,292.8181902103296,281.44550053899326,-48.67819021032959
49.1077,49.1077,305.0,293.0676043693674,281.4688612341127,-23.927604369367415
49.1272,49.1272,330.0,293.32635319168423,281.4923423451863,0.8136468083157666
49.1467,49.1467,285.0,293.5936306829091,281.5158234562599,-44.45363068290912
49.1661,49.1661,252.0,293.8682961604167,281.5391841513793,-77.72829616041672
49.1856,49.1856,286.0,294.15366068565095,281.5626652624529,-44.01366068565095
49.205,49.205,279.0,294.4471608237273,281.5860259575723,-51.3071608237273
49.2245,49.2245,316.0,294.75228588359187,281.6095070686459,-14.612285883591866
49.2439,49.2439,276.0,295.0665167238862,281.63286776376526,-54.926516723886195
49.2634,49.2634,301.0,295.3934551383198,281.6563488748389,-30.25345513831978
49.2829,49.2829,302.0,295.7321973520885,281.67982998591253,-29.59219735208852
49.3023,49.3023,308.0,296.0813990715134,281.7031906810319,-23.941399071513374
49.3218,49.3218,282.0,296.44528833320345,281.72667179210555,-50.30528833320345
49.3412,49.3412,315.0,296.82094547577856,281.7500324872249,-17.680945475778557
49.3607,49.3607,300.0,297.21276433532796,281.7735135982985,-33.07276433532796
49.3801,49.3801,278.0,297.6175829100497,281.7968742934179,-55.47758291004969
49.3996,49.3996,243.0,298.0404198353135,281.8203554044915,-90.90041983531351
49.419,49.419,304.0,298.4776939078349,281.8437160996109,-30.337693907834918
49.4385,49.4385,295.0,298.934921766207,281.86719721068454,-39.794921766207025
49.458,49.458,283.0,299.4108050626689,281.8906783217581,-52.270805062668884
49.4774,49.4774,284.0,299.90389294068746,281.91403901687755,-51.763892940687455
49.4969,49.4969,312.0,300.420454850565,281.93752012795113,-24.28045485056502
49.5163,49.5163,298.0,300.95627284309353,281.9608808230705,-38.81627284309353
49.5358,49.5358,319.0,301.5183230750133,281.98436193414415,-18.378323075013313
49.5552,49.5552,286.0,302.10210557691494,282.0077226292635,-51.96210557691494
49.5747,49.5747,305.0,302.71515179640545,282.03120374033716,-33.57515179640545
49.5942,49.5942,300.0,303.3563944074954,282.05468485141074,-39.21639440749537
49.6136,49.6136,292.0,304.02385769429975,282.0780455465301,-47.88385769429975
49.6331,49.6331,308.0,304.726502445118,282.10152665760376,-32.586502445118
49.6525,49.6525,302.0,305.45900061061934,282.12488735272314,-39.31900061061934
49.672,49.672,281.0,306.231138248498,282.14836846379677,-61.091138248497984
49.6914,49.6914,325.0,307.0377361206495,282.17172915891615,-17.897736120649526
49.7109,49.7109,292.0,307.88931553295225,282.1952102699898,-51.74931553295225
49.7304,49.7304,268.0,308.7850532732772,282.21869138106337,-76.64505327327718
49.7498,49.7498,293.0,309.722844195125,282.24205207618274,-52.58284419512499
49.7693,49.7693,291.0,310.71575084968475,282.2655331872564,-55.57575084968475
49.7887,49.7887,312.0,311.7577085309489,282.28889388237576,-35.61770853094889
49.8082,49.8082,311.0,312.8629543182518,282.3123749934494,-37.72295431825181
49.8276,49.8276,322.0,314.02487937783394,282.3357356885688,-27.88487937783394
49.8471,49.8471,330.0,315.26044304851894,282.3592167996424,-21.120443048518936
49.8666,49.8666,326.0,316.56898257592115,282.382697910716,-26.428982575921154
49.886,49.886,329.0,317.94906602381593,282.40605860583537,-24.80906602381593
49.9055,49.9055,326.0,319.42144051660284,282.429539716909,-29.281440516602842
49.9249,49.9249,328.0,320.9783027169936,282.4529004120284,-28.838302716993596
49.9444,49.9444,323.0,322.6438032033391,282.476381523102,-35.503803203339075
49.9638,49.9638,296.0,324.40920484257225,282.4997422182214,-64.26920484257225
49.9833,49.9833,301.0,326.3029781198833,282.523223329295,-61.16297811988328
50.0028,50.0028,318.0,328.3265571279309,282.5467044403686,-46.186557127930925
50.0222,50.0222,307.0,330.4814187469717,282.570065135488,-59.34141874697171
50.0417,50.0417,360.0,332.80351687792916,282.59354624656163,-8.663516877929155
50.0611,50.0611,364.0,335.2836655689604,282.616906941681,-7.1436655689603725
50.0806,50.0806,338.0,337.9653191036993,282.64038805275464,-35.8253191036993
50.1,50.1,354.0,340.83959388169797,282.663748747874,-22.699593881697965
50.1195,50.1195,357.0,343.9580377387907,282.6872298589476,-22.81803773879072
50.139,50.139,367.0,347.33263780309926,282.71071097002124,-16.19263780309926
50.1584,50.1584,360.0,350.9711046453589,282.7340716651406,-26.831104645358877
50.1779,50.1779,391.0,354.9442755444562,282.75755277621425,0.19572445554378248
50.1973,50.1973,410.0,359.2472050756665,282.78091347133363,14.8927949243335
50.2168,50.2168,356.0,363.9667482724904,282.80439458240727,-43.826748272490406
50.2362,50.2362,401.0,369.1054947166772,282.82775527752665,-3.965494716677185
50.2557,50.2557,391.0,374.770411907333,282.8512363886002,-19.630411907333027
50.2752,50.2752,391.0,381.00532802057637,282.87471749967386,-25.86532802057637
50.2946,50.2946,406.0,387.8491285818391,282.89807819479324,-17.709128581839124
50.3141,50.3141,420.0,395.4650382666556,282.9215593058669,-11.325038266655596
50.3335,50.3335,447.0,403.88108354685363,282.94492000098626,7.2589164531463695
50.353,50.353,489.0,413.3124713878103,282.96840111205984,39.82752861218968
50.3724,50.3724,490.0,423.81682086357915,282.9917618071793,30.323179136420848
50.3919,50.3919,485.0,435.689028477693,283.01524291825285,13.450971522307
50.4114,50.4114,502.0,449.1017392973231,283.0387240293265,17.038260702676908
50.4308,50.4308,564.0,464.2458120185703,283.06208472444587,63.89418798142971
50.4503,50.4503,560.0,481.60703838515144,283.0855658355195,42.53296161484856
50.4697,50.4697,599.0,501.4136419216985,283.1089265306389,61.72635807830149
50.4892,50.4892,632.0,524.3621177245944,283.13240764171246,71.77788227540556
50.5086,50.5086,660.0,550.800856439914,283.1557683368319,73.33914356008599
50.5281,50.5281,761.0,581.7228953050658,283.1792494479055,143.4171046949342
50.5476,50.5476,746.0,617.8411156625281,283.2027305589791,92.29888433747193
50.567,50.567,837.0,659.9329264739438,283.2260912540985,141.2070735260562
50.5865,50.5865,913.0,709.5778647903228,283.24957236517207,167.5621352096772
50.6059,50.6059,964.0,767.5131280637164,283.2729330602915,160.62687193628358
50.6254,50.6254,1030.0,835.673797785711,283.2964141713651,158.46620221428896
50.6448,50.6448,1129.0,914.5565456007844,283.31977486648447,178.5834543992156
50.6643,50.6643,1189.0,1005.7851076874244,283.3432559775581,147.35489231257554
50.6838,50.6838,1329.0,1108.8935461531344,283.36673708863174,184.24645384686562
50.7032,50.7032,1378.0,1221.3645496381075,283.3900977837511,120.77545036189248
50.7227,50.7227,1515.0,1339.7874502398713,283.4135788948247,139.35254976012868
50.7421,50.7421,1531.0,1454.9312164668422,283.43693958994413,40.208783533157785
50.7616,50.7616,1548.0,1556.9438646692329,283.4604207010177,-44.80386466923288
50.781,50.781,1716.0,1633.2060622029132,283.4837813961371,46.933937797086756
50.8005,50.8005,1745.0,1676.4226584517949,283.5072625072107,32.71734154820514
50.82,50.82,1775.0,1685.012782632031,283.53074361828436,54.127217367968925
50.8394,50.8394,1793.0,1665.05146753056,283.55410431340374,92.0885324694399
50.8589,50.8589,1710.0,1625.4089084208915,283.5775854244773,48.73109157910848
50.8783,50.8783,1652.0,1574.039210226273,283.60094611959676,42.1007897737269
50.8978,50.8978,1523.0,1513.7478960850185,283.62442723067034,-26.60789608501851
50.9172,50.9172,1444.0,1444.873006260519,283.6477879257897,-36.733006260519105
50.9367,50.9367,1372.0,1365.5061520488446,283.67126903686335,-29.36615204884457
50.9562,50.9562,1285.0,1276.6531083783175,283.69475014793693,-27.513108378317483
50.9756,50.9756,1206.0,1182.241116140132,283.71811084305637,-12.101116140131907
50.9951,50.9951,1121.0,1086.3673980073386,283.74159195412994,-1.2273980073385786
51.0145,51.0145,1100.0,994.7853893205524,283.7649526492493,69.35461067944756
51.034,51.034,1008.0,909.959494602605,283.78843376032296,62.18050539739501
51.0534,51.0534,855.0,834.503417499782,283.81179445544234,-15.363417499782017
51.0729,51.0729,764.0,768.021242507816,283.835275566516,-39.881242507816054
51.0924,51.0924,701.0,710.5137816372351,283.85875667758955,-45.37378163723507
51.1118,51.1118,637.0,661.33217777865,283.882117372709,-60.19217777865002
51.1313,51.1313,645.0,618.9670283906898,283.90559848378257,-9.827028390689847
51.1507,51.1507,559.0,582.8717685920034,283.92895917890195,-59.73176859200338
51.1702,51.1702,592.0,551.746722729836,283.9524402899756,4.393277270163949
51.1896,51.1896,550.0,525.1167229589807,283.97580098509496,-10.976722958980744
51.2091,51.2091,501.0,502.0096472726281,283.9992820961686,-36.869647272628114
51.2286,51.2286,452.0,481.9839091038899,284.0227632072422,-65.84390910388991
51.248,51.248,430.0,464.6321556096999,284.04612390236156,-70.4921556096999
51.2675,51.2675,443.0,449.36594424096546,284.0696050134352,-42.22594424096546
51.2869,51.2869,394.0,436.01083168518187,284.0929657085546,-77.87083168518187
51.3064,51.3064,401.0,424.148386535966,284.1164468196282,-59.00838653596598
51.3258,51.3258,412.0,413.67016404172193,284.1398075147476,-37.53016404172193
51.3453,51.3453,380.0,404.2813508182319,284.1632886258212,-60.141350818231885
51.3648,51.3648,359.0,395.87548614381143,284.1867697368948,-72.73548614381143
51.3842,51.3842,347.0,388.3602384269834,284.2101304320142,-77.22023842698341
51.4037,51.4037,341.0,381.546426159871,284.2336115430878,-76.40642615987097
51.4231,51.4231,342.0,375.4108325548918,284.2569722382072,-69.27083255489178
51.4426,51.4426,335.0,369.8134827998775,284.28045334928083,-70.67348279987748
51.462,51.462,309.0,364.7429160909102,284.3038140444002,-91.60291609091023
51.4815,51.4815,343.0,360.08942090588914,284.3272951554738,-52.94942090588914
51.501,51.501,335.0,355.83178545662,284.3507762665474,-56.691785456620025
51.5204,51.5204,317.0,351.9451996959981,284.3741369616668,-70.8051996959981
51.5399,51.5399,333.0,348.3536924960508,284.39761807274044,-51.213692496050825
51.5593,51.5593,320.0,345.0605338870408,284.4209787678598,-60.920533887040776
51.5788,51.5788,319.0,342.00344541929945,284.44445987893346,-58.86344541929945
51.5982,51.5982,347.0,339.18983541256097,284.46782057405284,-28.049835412560967
51.6177,51.6177,300.0,336.5679713165909,284.4913016851264,-72.4279713165909
51.6372,51.6372,301.0,334.13441788917356,284.51478279620005,-68.99441788917356
51.6566,51.6566,317.0,331.8818610190451,284.53814349131943,-50.74186101904512
51.6761,51.6761,290.0,329.77275614396365,284.56162460239307,-75.63275614396365
51.6955,51.6955,310.0,327.8148662435143,284.58498529751245,-53.6748662435143
51.715,51.715,327.0,325.9756380674841,284.6084664085861,-34.83563806748411
51.7344,51.7344,284.0,324.263611840477,284.63182710370546,-76.12361184047698
51.7539,51.7539,305.0,322.65109349702624,284.65530821477904,-53.51109349702624
51.7734,51.7734,284.0,321.1384723126951,284.6787893258527,-72.99847231269511
51.7928,51.7928,305.0,319.72480293484466,284.70215002097206,-50.58480293484466
51.8123,51.8123,274.0,318.38820840282665,284.7256311320457,-80.24820840282665
51.8317,51.8317,279.0,317.1363335716919,284.74899182716507,-73.99633357169192
51.8512,51.8512,335.0,315.9502044615102,284.77247293823865,-16.810204461510224
51.8706,51.8706,306.0,314.8366350548141,284.7958336333581,-44.69663505481411
51.8901,51.8901,331.0,313.77964439180624,284.81931474443167,-18.639644391806243
51.9096,51.9096,304.0,312.78019502187885,284.8427958555053,-44.64019502187885
51.929,51.929,281.0,311.8393555675464,284.8661565506247,-66.69935556754642
51.9485,51.9485,253.0,310.9435890775984,284.8896376616983,-93.8035890775984
51.9679,51.9679,289.0,310.0986822646773,284.9129983568177,-56.95868226467728
51.9874,51.9874,288.0,309.2930889944954,284.9364794678913,-57.153088994495405
52.0068,52.0068,310.0,308.5319596666113,284.95984016301065,-34.39195966661127
52.0263,52.0263,319.0,307.80483876631536,284.9833212740843,-24.664838766315356
52.0458,52.0458,281.0,307.1134361146988,285.0068023851579,-61.9734361146988
52.0652,52.0652,328.0,306.45889921072956,285.0301630802773,-14.318899210729555
52.0847,52.0847,291.0,305.8324099176438,285.0536441913509,-50.692409917643815
52.1041,52.1041,288.0,305.23826794837885,285.0770048864703,-53.09826794837885
52.1236,52.1236,257.0,304.66886890539513,285.1004859975439,-83.52886890539513
52.143,52.143,280.0,304.1283187508803,285.1238466926633,-59.98831875088028
52.1625,52.1625,276.0,303.6094787985433,285.1473278037369,-63.46947879854331
52.1819,52.1819,291.0,303.1164207752985,285.1706884988563,-47.97642077529848
52.2014,52.2014,277.0,302.64266747518633,285.19416960992993,-61.50266747518633
52.2209,52.2209,303.0,302.20394760359176,285.2176507210035,-35.06394760359176
52.2403,52.2403,304.0,301.7726802274588,285.24101141612294,-33.632680227458806
52.2598,52.2598,279.0,301.3576000903957,285.2644925271965,-58.21760009039569
52.2792,52.2792,273.0,300.9621010655179,285.2878532223159,-63.82210106551791
52.2987,52.2987,331.0,300.58111541960375,285.31133433338954,-5.441115419603747
52.3181,52.3181,296.0,300.2176838007604,285.3346950285089,-40.077683800760425
52.3376,52.3376,301.0,299.8673625498191,285.35817613958255,-34.72736254981912
52.3571,52.3571,274.0,299.5311323563518,285.38165725065613,-61.391132356351804
52.3765,52.3765,275.0,299.2100472520387,285.4050179457755,-60.07004725203869
52.396,52.396,276.0,298.900072654851,285.42849905684915,-58.76007265485099
52.4154,52.4154,294.0,298.6037589419839,285.4518597519685,-40.463758941983926
52.4349,52.4349,265.0,298.3247088866299,285.47534086304216,-69.18470888662988
52.4543,52.4543,294.0,298.05091238780005,285.49870155816154,-39.91091238780005
52.4738,52.4738,273.0,297.78617057084284,285.5221826692352,-60.64617057084284
52.4933,52.4933,317.0,297.53146953318713,285.54566378030876,-16.391469533187134
52.5127,52.5127,281.0,297.2876160129496,285.56902447542814,-52.14761601294963
52.5322,52.5322,273.0,297.0516530926621,285.5925055865018,-59.91165309266209
52.5516,52.5516,282.0,296.82549872626635,285.61586628162115,-50.685498726266346
52.5711,52.5711,242.0,296.6065445533558,285.6393473926948,-90.46654455335577
52.5905,52.5905,270.0,296.3966247664058,285.66270808781417,-62.25662476640581
52.61,52.61,265.0,296.1932074604292,285.6861891988878,-67.05320746042922
52.6295,52.6295,288.0,295.9971472558533,285.7096703099614,-43.85714725585329
52.6489,52.6489,274.0,295.8089746642839,285.73303100508076,-57.66897466428388
52.6684,52.6684,307.0,295.6265496125873,285.7565121161544,-24.486549612587325
52.6878,52.6878,255.0,295.45142760982793,285.7798728112738,-76.31142760982793
52.7073,52.7073,308.0,295.28151622762346,285.8033539223474,-23.141516227623455
52.7267,52.7267,297.0,295.11836063488636,285.8267146174668,-33.97836063488636
52.7462,52.7462,297.0,294.96000920540814,285.85019572854037,-33.82000920540814
52.7657,52.7657,310.0,294.8071085873688,285.873676839614,-20.667108587368816
52.7851,52.7851,303.0,294.660170838979,285.8970375347334,-27.520170838979013
52.8046,52.8046,252.0,294.5174612876227,285.920518645807,-78.37746128762272
52.824,52.824,259.0,294.380292858126,285.9438793409264,-71.24029285812598
52.8435,52.8435,276.0,294.24703989167665,285.96736045200004,-54.10703989167665
52.8629,52.8629,301.0,294.11888914474287,285.9907211471194,-28.978889144742865
52.8824,52.8824,283.0,293.9943938015373,286.014202258193,-46.854393801537285
52.9019,52.9019,287.0,293.87399631347535,286.03768336926663,-42.733996313475345
52.9213,52.9213,292.0,293.75818580742066,286.061044064386,-37.61818580742066
52.9408,52.9408,252.0,293.64558592831446,286.08452517545965,-77.50558592831446
52.9602,52.9602,299.0,293.53724891092884,286.107885870579,-30.397248910928838
52.9797,52.9797,252.0,293.431921364519,286.13136698165266,-77.29192136451898
52.9991,52.9991,267.0,293.33050989911465,286.15472767677204,-62.190509899114645
53.0186,53.0186,265.0,293.2319034855973,286.1782087878456,-64.09190348559729
53.0381,53.0381,283.0,293.13647732091863,286.20168989891926,-45.99647732091863
53.0575,53.0575,288.0,293.04461872523285,286.22505059403863,-40.90461872523285
53.077,53.077,289.0,292.95527281473613,286.24853170511227,-39.81527281473613
53.0964,53.0964,292.0,292.8692116691127,286.27189240023165,-36.7292116691127
53.1159,53.1159,281.0,292.7855014250815,286.29537351130523,-47.64550142508152
53.1353,53.1353,283.0,292.70488483953085,286.31873420642466,-45.56488483953085
53.1548,53.1548,280.0,292.62643232002404,286.34221531749824,-48.486432320024036
53.1743,53.1743,288.0,292.55051685279517,286.3656964285719,-40.41051685279517
53.1937,53.1937,299.0,292.4773759537086,286.38905712369126,-29.337375953708587
53.2132,53.2132,282.0,292.4062211627309,286.4125382347649,-46.2662211627309
53.2326,53.2326,269.0,292.33768710477926,286.4358989298843,-59.19768710477926
53.2521,53.2521,277.0,292.2709861748485,286.45938004095785,-51.13098617484847
53.2715,53.2715,274.0,292.20675619821697,286.4827407360773,-54.066756198216964
53.291,53.291,252.0,292.14425261664235,286.50622184715087,-76.00425261664235
53.3105,53.3105,271.0,292.08375634853667,286.5297029582245,-56.94375634853667
53.3299,53.3299,267.0,292.0254930566229,286.5530636533439,-60.885493056622906
53.3494,53.3494,247.0,291.9687947527606,286.5765447644175,-80.82879475276057
53.3688,53.3688,279.0,291.91420666104545,286.5999054595369,-48.774206661045454
53.3883,53.3883,296.0,291.8610905391351,286.6233865706105,-31.72109053913509
53.4077,53.4077,266.0,291.80995869748836,286.64674726572986,-61.669958697488354
53.4272,53.4272,272.0,291.76023117670536,286.6702283768035,-55.62023117670536
53.4467,53.4467,268.0,291.7120999625836,286.69370948787713,-59.57209996258358
53.4661,53.4661,270.0,291.6657800267821,286.7170701829965,-57.5257800267821
53.4856,53.4856,300.0,291.62073108469923,286.7405512940701,-27.48073108469923
53.505,53.505,258.0,291.5773872358116,286.7639119891895,-69.43738723581161
53.5245,53.5245,257.0,291.53525958810724,286.7873931002631,-70.39525958810724
53.5439,53.5439,293.0,291.4947137074293,286.8107537953825,-34.3547137074293
53.5634,53.5634,257.0,291.4553215576004,286.8342349064561,-70.31532155760043
53.5829,53.5829,239.0,291.417237165484,286.85771601752975,-88.27723716548398
53.6023,53.6023,279.0,291.38062618415273,286.88107671264913,-48.24062618415273
53.6218,53.6218,286.0,291.34507403815644,286.9045578237227,-41.20507403815644
53.6412,53.6412,261.0,291.3108894964006,286.9279185188421,-66.17088949640059
53.6607,53.6607,278.0,291.27771407460347,286.9513996299157,-49.137714074603466
53.6801,53.6801,268.0,291.24584366641164,286.9747603250351,-59.105843666411644
53.6996,53.6996,292.0,291.2149134442735,286.99824143610874,-35.07491344427352
53.7191,53.7191,289.0,291.18507304485223,287.0217225471823,-38.04507304485223
53.7385,53.7385,294.0,291.1564354050355,287.04508324230176,-33.016435405035494
53.758,53.758,280.0,291.12867642588594,287.06856435337534,-46.98867642588594
53.7774,53.7774,286.0,291.1020521662653,287.0919250484947,-40.96205216626531
53.7969,53.7969,263.0,291.0762565074146,287.11540615956835,-63.9362565074146
53.8163,53.8163,255.0,291.0515418448056,287.13876685468773,-71.91154184480563
53.8358,53.8358,272.0,291.02761699328835,287.16224796576137,-54.88761699328835
53.8553,53.8553,282.0,291.0046049629642,287.18572907683495,-44.86460496296421
53.8747,53.8747,263.0,290.98257747093004,287.2090897719543,-63.84257747093004
53.8942,53.8942,266.0,290.9612853457973,287.23257088302796,-60.82128534579731
53.9136,53.9136,275.0,290.94093634334445,287.25593157814734,-51.800936343344446
53.9331,53.9331,292.0,290.9212895816707,287.279412689221,-34.78128958167069
53.9525,53.9525,278.0,290.9025372814692,287.30277338434036,-48.76253728146922
53.972,53.972,279.0,290.8844659998948,287.326254495414,-47.744465999894814
53.9915,53.9915,282.0,290.86713998523703,287.34973560648757,-44.72713998523703
54.0109,54.0109,261.0,290.85063951964395,287.37309630160695,-65.71063951964395
54.0304,54.0304,267.0,290.83476713964535,287.3965774126806,-59.69476713964535
54.0498,54.0498,294.0,290.81967819648463,287.41993810779996,-32.67967819648463
54.0693,54.0693,280.0,290.80519946175457,287.4434192188736,-46.66519946175457
54.0887,54.0887,278.0,290.7914491510872,287.466779913993,-48.65144915108719
54.1082,54.1082,269.0,290.77828653183207,287.4902610250666,-57.638286531832065
54.1277,54.1277,271.0,290.7657569691818,287.5137421361402,-55.62575696918178
54.1471,54.1471,256.0,290.7539140688798,287.5371028312596,-70.6139140688798
54.1666,54.1666,298.0,290.74261712318213,287.5605839423332,-28.602617123182128
54.186,54.186,280.0,290.7319695114717,287.5839446374526,-46.591969511471675
54.2055,54.2055,283.0,290.7218477407751,287.6074257485262,-43.5818477407751
54.2249,54.2249,270.0,290.7123409049978,287.6307864436456,-56.5723409049978
54.2444,54.2444,263.0,290.70333485837403,287.6542675547192,-63.563334858374034
54.2639,54.2639,264.0,290.69487458196227,287.6777486657928,-62.55487458196227
54.2833,54.2833,247.0,290.6869825927186,287.7011093609122,-79.5469825927186
54.3028,54.3028,278.0,290.679574208137,287.72459047198583,-48.53957420813701
54.3222,54.3222,293.0,290.6727037297548,287.7479511671052,-33.5327037297548
54.3417,54.3417,250.0,290.66628887746964,287.77143227817885,-76.52628887746964
54.3611,54.3611,306.0,290.6603925568142,287.79479297329823,-20.5203925568142
54.3806,54.3806,263.0,290.654936192475,287.8182740843718,-63.51493619247502
54.4001,54.4001,251.0,290.64995142142004,287.84175519544544,-75.50995142142004
54.4195,54.4195,308.0,290.64543987718736,287.8651158905648,-18.505439877187357
54.439,54.439,291.0,290.6413454761001,287.88859700163846,-35.50134547610013
54.4584,54.4584,245.0,290.63770799683675,287.91195769675784,-81.49770799683675
54.4779,54.4779,275.0,290.634473266984,287.9354388078315,-51.494473266984
54.4973,54.4973,295.0,290.6316731641513,287.95879950295085,-31.491673164151322
54.5168,54.5168,287.0,290.62926886172636,287.98228061402443,-39.48926886172636
54.5363,54.5363,277.0,290.62725842763,288.00576172509807,-49.48725842763001
54.5557,54.5557,276.0,290.62565044362753,288.02912242021745,-50.485650443627534
54.5752,54.5752,254.0,290.62441411168913,288.0526035312911,-72.48441411168913
54.5946,54.5946,268.0,290.6235600377869,288.07596422641046,-58.48356003778689
54.6141,54.6141,280.0,290.6230682611549,288.09944533748404,-46.48306826115491
54.6335,54.6335,251.0,290.6229378208047,288.1228060326035,-75.48293782080468
54.653,54.653,272.0,290.6231602569883,288.14628714367706,-54.483160256988285
54.6725,54.6725,266.0,290.6237252954199,288.1697682547507,-60.48372529541989
54.6919,54.6919,299.0,290.6187229613206,288.18722439693033,-27.4787229613206
54.7114,54.7114,297.0,290.5651377525576,288.1558821739951,-29.425137752557575
54.7308,54.7308,263.0,290.51214962957744,288.12470068040824,-63.372149629577436
54.7503,54.7503,284.0,290.45921231636214,288.093358457473,-42.31921231636214
54.7697,54.7697,277.0,290.4068549087426,288.06217696388615,-49.266854908742616
54.7892,54.7892,268.0,290.3545318349726,288.0308347409509,-58.21453183497259
54.8087,54.8087,258.0,290.30251219203154,287.9994925180157,-68.16251219203154
54.8281,54.8281,257.0,290.2510518604325,287.96831102442883,-69.11105186043248
54.8476,54.8476,290.0,290.19961958321977,287.9369688014936,-36.05961958321977
54.867,54.867,250.0,290.14872823070715,287.90578730790673,-76.00872823070715
54.8865,54.8865,254.0,290.0978565133223,287.8744450849715,-71.95785651332231
54.9059,54.9059,277.0,290.04751704737976,287.84326359138464,-48.907517047379756
54.9254,54.9254,251.0,289.99718393673265,287.8119213684494,-74.85718393673265
54.9448,54.9448,278.0,289.94737298193763,287.78073987486255,-47.80737298193763
54.9643,54.9643,285.0,289.8975653992229,287.7493976519273,-40.75756539922291
54.9838,54.9838,280.0,289.84800751835166,287.7180554289921,-45.708007518351664
55.0032,55.0032,285.0,289.7989537065504,287.68687393540523,-40.65895370655038
55.0227,55.0227,287.0,289.7498890397622,287.65553171247,-38.609889039762194
55.0421,55.0421,282.0,289.70131630117544,287.62435021888314,-43.56131630117544
55.0616,55.0616,270.0,289.6527283639191,287.5930079959479,-55.512728363919095
55.081,55.081,281.0,289.6046199456944,287.56182650236104,-44.46461994569442
55.1005,55.1005,247.0,289.55649103465953,287.5304842794258,-78.41649103465953
55.12,55.12,255.0,289.50858290370525,287.4991420564906,-70.36858290370525
55.1394,55.1394,273.0,289.4611404716618,287.4679605629037,-52.32114047166179
55.1589,55.1589,290.0,289.4136680765339,287.4366183399685,-35.273668076533895
55.1783,55.1783,263.0,289.3666482437396,287.40543684638163,-62.226648243739575
55.1978,55.1978,262.0,289.3195968351123,287.3740946234464,-63.17959683511229
55.2172,55.2172,269.0,289.2729879957066,287.34291312985954,-56.132987995706614
55.2367,55.2367,267.0,289.2263370094396,287.3115709069243,-58.08633700943959
55.2562,55.2562,287.0,289.1798836925927,287.2802286839891,-38.03988369259268
55.2756,55.2756,281.0,289.133864224754,287.2490471904022,-43.993864224754006
55.2951,55.2951,262.0,289.0877967815777,287.217704967467,-62.94779678157771
55.3145,55.3145,286.0,289.04215087561323,287.18652347388013,-38.90215087561323
55.334,55.334,260.0,288.9964518376028,287.1551812509449,-64.85645183760282
55.3534,55.3534,289.0,288.9511686641351,287.12399975735804,-35.81116866413508
55.3729,55.3729,291.0,288.9058278271954,287.0926575344228,-33.76582782719542
55.3924,55.3924,296.0,288.86066526208367,287.0613153114876,-28.72066526208367
55.4118,55.4118,274.0,288.8159036454389,287.0301338179007,-50.67590364543888
55.4313,55.4313,267.0,288.77107831203244,286.9987915949655,-57.63107831203244
55.4507,55.4507,276.0,288.72664961578255,286.9676101013786,-48.58664961578255
55.4702,55.4702,269.0,288.68215375788304,286.9362678784434,-55.54215375788304
55.4896,55.4896,270.0,288.6380470982154,286.90508638485653,-54.498047098215395
55.5091,55.5091,254.0,288.5938707817197,286.8737441619213,-70.45387078171971
55.5286,55.5286,284.0,288.5498510137068,286.8424019389861,-40.40985101370681
55.548,55.548,271.0,288.506208616259,286.8112204453992,-53.366208616259016
55.5675,55.5675,267.0,288.462490142395,286.779878222464,-57.32249014239498
55.5869,55.5869,285.0,288.41914477077205,286.7486967288771,-39.27914477077205
55.6064,55.6064,264.0,288.37572081630276,286.7173545059419,-60.23572081630276
55.6258,55.6258,273.0,288.33266158360226,286.686173012355,-51.19266158360226
55.6453,55.6453,270.0,288.28952379519137,286.6548307894198,-54.14952379519137
55.6648,55.6648,258.0,288.2465223694423,286.6234885664846,-66.10652236944229
55.6842,55.6842,262.0,288.2038784488504,286.5923070728977,-62.06387844885039
55.7037,55.7037,266.0,288.1611489683253,286.5609648499625,-58.02114896832528
55.7231,55.7231,274.0,288.1187698446428,286.5297833563756,-49.97876984464283
55.7426,55.7426,291.0,288.07630450548,286.4984411334404,-32.93630450547998
55.762,55.762,254.0,288.03418165253237,286.4672596398535,-69.89418165253237
55.7815,55.7815,282.0,287.99196996927105,286.4359174169183,-41.85196996927105
55.801,55.801,277.0,287.9498821583412,286.404575193983,-46.80988215834121
55.8204,55.8204,261.0,287.9081313892016,286.3733937003962,-62.76813138920163
55.8399,55.8399,274.0,287.8662882152495,286.3420514774609,-49.72628821524948
55.8593,55.8593,266.0,287.8247764994447,286.3108699838741,-57.68477649944468
55.8788,55.8788,246.0,287.783166314997,286.2795277609389,-77.643166314997
55.8982,55.8982,282.0,287.7418855465689,286.248346267352,-41.60188554656888
55.9177,55.9177,257.0,287.70050404937115,286.2170040444168,-66.56050404937115
55.9372,55.9372,268.0,287.65923683533316,286.1856618214815,-55.51923683533316
55.9566,55.9566,279.0,287.6182883343899,286.1544803278947,-44.47828833438989
55.9761,55.9761,288.0,287.57723884912275,286.1231381049594,-35.43723884912275
55.9955,55.9955,262.0,287.53650592770396,286.0919566113726,-61.396505927703956
56.015,56.015,275.0,287.4956670274905,286.06061438843733,-48.355667027490526
56.0344,56.0344,266.0,287.4551421899808,286.0294328948505,-57.31514218998079
56.0539,56.0539,280.0,287.4145115018875,285.9980906719153,-43.27451150188749
56.0734,56.0734,286.0,287.3739795608473,285.96674844898,-37.23397956084732
56.0928,56.0928,239.0,287.3337553888028,285.9355669553932,-84.19375538880278
56.1123,56.1123,310.0,287.29342055401196,285.9042247324579,-13.153420554011959
56.1317,56.1317,285.0,287.25338961150777,285.8730432388711,-38.11338961150777
56.1512,56.1512,260.0,287.2132464247227,285.8417010159358,-63.07324642472268
56.1706,56.1706,306.0,287.17340392139675,285.810519522349,-17.033403921396754
56.1901,56.1901,273.0,287.13344792869935,285.77917729941373,-49.993447928699354
56.2096,56.2096,257.0,287.09358198992817,285.7478350764785,-65.95358198992817
56.229,56.229,262.0,287.0540107716804,285.7166535828917,-60.914010771680395
56.2485,56.2485,266.0,287.0143237615188,285.6853113599564,-56.87432376151882
56.2679,56.2679,284.0,286.974926571707,285.6541298663696,-38.83492657170699
56.2874,56.2874,309.0,286.93541425431494,285.6227876434343,-13.795414254314935
56.3068,56.3068,290.0,286.8961878351506,285.5916061498475,-32.75618783515061
56.3263,56.3263,265.0,286.85684187658086,285.5602639269122,-57.71684187658086
56.3458,56.3458,264.0,286.8175787557961,285.528921703977,-58.67757875579609
56.3652,56.3652,258.0,286.77859894123156,285.49774021039013,-64.63859894123156
56.3847,56.3847,261.0,286.73949923283845,285.4663979874549,-61.599499232838454
56.4041,56.4041,265.0,286.70067687249707,285.4352164938681,-57.56067687249707
56.4236,56.4236,257.0,286.66173374604165,285.4038742709328,-65.52173374604165
56.443,56.443,306.0,286.6230668712298,285.372692777346,-16.48306687122981
56.4625,56.4625,265.0,286.58427559553047,285.3413505544107,-57.44427559553047
56.482,56.482,256.0,286.5455603548669,285.3100083314755,-66.40556035486689
56.5014,56.5014,264.0,286.507117467122,285.27882683788863,-58.367117467121986
56.5209,56.5209,254.0,286.46854943411955,285.2474846149534,-68.32854943411955
56.5403,56.5403,273.0,286.43025084495713,285.21630312136654,-49.29025084495713
56.5598,56.5598,274.0,286.39182491193264,285.1849608984313,-48.251824911932644
56.5792,56.5792,300.0,286.3536666143555,285.15377940484444,-22.213666614355517
56.5987,56.5987,260.0,286.3153806051745,285.1224371819092,-62.17538060517448
56.6182,56.6182,279.0,286.2771635330267,285.091094958974,-43.13716353302668
56.6376,56.6376,255.0,286.23920930928745,285.0599134653871,-67.09920930928745
56.6571,56.6571,285.0,286.20112507899404,285.0285712424519,-37.06112507899404
56.6765,56.6765,284.0,286.16330235520485,284.99738974886503,-38.02330235520485
56.696,56.696,272.0,286.12534926579985,284.9660475259298,-49.985349265799854
56.7154,56.7154,289.0,286.0876540730865,284.93486603234294,-32.947654073086525
56.7349,56.7349,276.0,286.04982902805733,284.9035238094077,-45.90982902805733
56.7544,56.7544,272.0,286.01206503979404,284.8721815864725,-49.87206503979404
56.7738,56.7738,280.0,285.9745565916231,284.8410000928856,-41.83455659162313
56.7933,56.7933,262.0,285.93691490375755,284.8096578699504,-59.79691490375755
56.8127,56.8127,266.0,285.89952675061085,284.7784763763635,-55.759526750610846
56.8322,56.8322,292.0,285.8620057585648,284.7471341534283,-29.722005758564805
56.8516,56.8516,270.0,285.82473374375616,284.71595265984143,-51.684733743756155
56.8711,56.8711,281.0,285.7873284351181,284.6846104369062,-40.647328435118126
56.8906,56.8906,258.0,285.7499795141722,284.653268213971,-63.609979514172196
56.91,56.91,271.0,285.71287878416524,284.6220867203841,-50.57287878416524
56.9295,56.9295,298.0,285.67564236182903,284.5907444974489,-23.535642361829034
56.9489,56.9489,274.0,285.63865259091057,284.559563003862,-47.49865259091057
56.9684,56.9684,303.0,285.60152479810097,284.5282207809268,-18.461524798100967
56.9878,56.9878,258.0,285.5646415396955,284.49703928733993,-63.424641539695514
57.0073,57.0073,273.0,285.5276203678266,284.4656970644047,-48.387620367826614
57.0268,57.0268,310.0,285.49065296948953,284.4343548414695,-11.35065296948953
57.0462,57.0462,275.0,285.45392451478995,284.4031733478826,-46.313924514789946
57.0657,57.0657,258.0,285.4170598595755,284.3718311249474,-63.27705985957549
57.0851,57.0851,257.0,285.3804337237577,284.3406496313605,-64.24043372375768
57.1046,57.1046,268.0,285.3436679644969,284.3093074084253,-53.20366796449689
57.124,57.124,252.0,285.3071403874736,284.2781259148384,-69.16714038747362
57.1435,57.1435,248.0,285.27047303761657,284.2467836919032,-73.13047303761657
57.163,57.163,263.0,285.2338541654011,284.215441468968,-58.09385416540111
57.1824,57.1824,248.0,285.19747014775146,284.1842599753811,-73.05747014775146
57.2019,57.2019,290.0,285.160944862448,284.1529177524459,-31.02094486244799
57.2213,57.2213,282.0,285.12465366351245,284.121736258859,-38.98465366351245
57.2408,57.2408,287.0,285.08822066153994,284.0903940359238,-33.948220661539935
57.2602,57.2602,272.0,285.052020270817,284.0592125423369,-48.912020270817024
57.2797,57.2797,277.0,285.01567837175935,284.0278703194017,-43.87567837175935
57.2992,57.2992,269.0,284.97937972715346,283.9965280964665,-51.83937972715346
57.3186,57.3186,274.0,284.94331143419237,283.9653466028796,-46.803311434192366
57.3381,57.3381,254.0,284.9071002022901,283.9340043799444,-66.76710020229011
57.3575,57.3575,251.0,284.87111688003677,283.9028228863575,-69.73111688003677
57.377,57.377,263.0,284.8349906417212,283.8714806634223,-57.69499064172122
57.3964,57.3964,260.0,284.7990914011869,283.8402991698354,-60.6590914011869
57.4159,57.4159,263.0,284.7630484552178,283.8089569469002,-57.62304845521781
57.4354,57.4354,262.0,284.7270457554465,283.7776147239649,-58.58704575544651
57.4548,57.4548,273.0,284.6912683919366,283.7464332303781,-47.5512683919366
57.4743,57.4743,262.0,284.65534704305605,283.7150910074429,-58.51534704305605
57.4937,57.4937,285.0,284.61964785274216,283.683909513856,-35.47964785274216
57.5132,57.5132,281.0,284.5838044723831,283.6525672909208,-39.44380447238312
57.5326,57.5326,277.0,284.5481832211249,283.6213857973339,-43.40818322112487
57.5521,57.5521,264.0,284.51241585906166,283.5900435743987,-56.37241585906166
57.5716,57.5716,262.0,284.4766867072836,283.5587013514634,-58.33668670728359
57.591,57.591,260.0,284.4411780554288,283.5275198578766,-60.30117805542879
57.6105,57.6105,283.0,284.4055234201317,283.4961776349413,-37.265523420131714
57.6299,57.6299,278.0,284.37008770961666,283.4649961413545,-42.230087709616654
57.6494,57.6494,281.0,284.3345049413264,283.4336539184193,-39.19450494132637
57.6688,57.6688,280.0,284.2991405878527,283.4024724248324,-40.15914058785272
57.6883,57.6883,302.0,284.26362876687705,283.3711302018972,-18.123628766877047
57.7077,57.7077,274.0,284.2283343043232,283.3399487083103,-46.0883343043232
57.7272,57.7272,262.0,284.19289287964665,283.3086064853751,-58.05289287964665
57.7467,57.7467,266.0,284.157484724641,283.2772642624398,-54.017484724640994
57.7661,57.7661,273.0,284.1222923046887,283.246082768853,-46.9822923046887
57.7856,57.7856,278.0,284.08695137834707,283.2147405459177,-41.946951378347066
57.805,57.805,272.0,284.0518249920787,283.1835590523309,-47.91182499207871
57.8245,57.8245,268.0,284.0165502592038,283.1522168293956,-51.876550259203825
57.8439,57.8439,269.0,283.98148925962676,283.1210353358088,-50.841489259626755
57.8634,57.8634,266.0,283.9462784673249,283.0896931128736,-53.80627846732487
57.8829,57.8829,266.0,283.9110994622976,283.0583508899383,-53.77109946229761
57.9023,57.9023,273.0,283.8761325975586,283.0271693963515,-46.73613259755858
57.9218,57.9218,262.0,283.84101690538347,282.9958271734162,-57.70101690538347
57.9412,57.9412,266.0,283.8061104515983,282.9646456798294,-53.66611045159827
57.9607,57.9607,275.0,283.7710557260471,282.9333034568941,-44.63105572604711
57.9801,57.9801,243.0,283.736210346784,282.9021219633073,-76.59621034678399
57.9996,57.9996,280.0,283.7012145964513,282.87077974037203,-39.56121459645128
58.0191,58.0191,269.0,283.6662486869184,282.8394375174368,-50.52624868691838
58.0385,58.0385,269.0,283.63149122805015,282.80825602385,-50.49149122805015
58.058,58.058,259.0,283.5965834924819,282.7769138009147,-60.4565834924819
58.0774,58.0774,264.0,283.5618831000342,282.7457323073279,-55.42188310003421
58.0969,58.0969,293.0,283.52703168795676,282.7143900843926,-26.387031687956764
58.1163,58.1163,287.0,283.49238712478837,282.6832085908058,-32.352387124788365
58.1358,58.1358,287.0,283.45759137948374,282.6518663678705,-32.317591379483744
58.1553,58.1553,303.0,283.4228237838029,282.6205241449353,-16.282823783802925
58.1747,58.1747,249.0,283.38826116437605,282.58934265134843,-70.24826116437605
58.1942,58.1942,305.0,283.3535467495053,282.5580004284132,-14.213546749505312
58.2136,58.2136,279.0,283.3190372691518,282.5268189348264,-40.179037269151806
58.2331,58.2331,256.0,283.28437612966013,282.4954767118911,-63.14437612966013
58.2525,58.2525,283.0,283.2499183764955,282.4642952183043,-36.109918376495486
58.272,58.272,253.0,283.21530906173757,282.432952995369,-66.07530906173757
58.2915,58.2915,302.0,283.1807255272677,282.4016107724338,-17.040725527267725
58.3109,58.3109,257.0,283.1463443862372,282.3704292788469,-62.00634438623722
58.3304,58.3304,257.0,283.11181066504145,282.3390870559117,-61.971810665041446
58.3498,58.3498,283.0,283.07747910491076,282.30790556232483,-35.937479104910764
58.3693,58.3693,295.0,283.0429955102293,282.2765633393896,-23.902995510229275
58.3887,58.3887,263.0,283.0087120621742,282.24538184580274,-55.8687120621742
58.4082,58.4082,270.0,282.9742765484039,282.2140396228675,-48.834276548403906
58.4277,58.4277,302.0,282.9398644332612,282.1826973999323,-16.79986443326122
58.4471,58.4471,250.0,282.9056526500366,282.1515159063454,-68.76565265003659
58.4666,58.4666,249.0,282.87128787182525,282.1201736834102,-69.73128787182524
58.486,58.486,283.0,282.8371223846896,282.08899218982333,-35.69712238468962
58.5055,58.5055,287.0,282.80280380061663,282.0576499668881,-31.66280380061663
58.5249,58.5249,263.0,282.76868374044983,282.02646847330124,-55.62868374044983
58.5444,58.5444,298.0,282.73440998530924,281.995126250366,-20.59440998530924
58.5639,58.5639,266.0,282.7001587829833,281.9637840274308,-52.560158782983294
58.5833,58.5833,286.0,282.666104986171,281.9326025338439,-32.52610498617098
58.6028,58.6028,294.0,282.63189818633754,281.9012603109087,-24.491898186337536
58.6222,58.6222,256.0,282.59788800366465,281.8700788173218,-62.45788800366465
58.6417,58.6417,270.0,282.5637235649306,281.8387365943866,-48.423723564930626
58.6611,58.6611,273.0,282.52975589731983,281.80755510079973,-45.38975589731983
58.6806,58.6806,290.0,282.4956340641992,281.7762128778645,-28.35563406419918
58.7001,58.7001,274.0,282.46153329737734,281.7448706549293,-44.32153329737734
58.7195,58.7195,258.0,282.4276274877161,281.7136891613424,-60.28762748771611
58.739,58.739,238.0,282.39356785541503,281.6823469384072,-80.25356785541503
58.7584,58.7584,254.0,282.3597030194264,281.6511654448203,-64.21970301942638
58.7779,58.7779,239.0,282.325683401484,281.6198232218851,-79.18568340148401
58.7973,58.7973,270.0,282.29185842226116,281.5886417282982,-48.15185842226116
58.8168,58.8168,252.0,282.25787902562644,281.557299505363,-66.11787902562644
58.8363,58.8363,292.0,282.223918622056,281.5259572824278,-26.083918622055975
58.8557,58.8557,267.0,282.19015203727463,281.4947757888409,-51.05015203727463
58.8752,58.8752,255.0,282.15623032710675,281.4634335659057,-63.016230327106754
58.8946,58.8946,289.0,282.1225016775275,281.4322520723188,-28.98250167752751
58.9141,58.9141,304.0,282.08861804752524,281.4009098493836,-13.948618047525244
58.9335,58.9335,292.0,282.0549268443698,281.3697283557967,-25.914926844369788
58.953,58.953,240.0,282.02108051140664,281.3383861328615,-77.88108051140664
58.9725,58.9725,278.0,281.9872522378437,281.3070439099263,-39.847252237843676
58.9919,58.9919,281.0,281.95361586660766,281.2758624163394,-36.81361586660766
59.0114,59.0114,269.0,281.9198244526824,281.2445201934042,-48.779824452682405
59.0308,59.0308,257.0,281.88622322100696,281.2133386998173,-60.74622322100696
59.0503,59.0503,268.0,281.85246731804676,281.1819964768821,-49.71246731804676
59.0697,59.0697,303.0,281.8189018144532,281.1508149832952,-14.678901814453226
59.0892,59.0892,279.0,281.7851803126056,281.11947276036,-38.645180312605575
59.1087,59.1087,284.0,281.7514763822402,281.0881305374248,-33.611476382240184
59.1281,59.1281,273.0,281.71796220191345,281.0569490438379,-44.57796220191345
59.1476,59.1476,271.0,281.68429265207646,281.0256068209027,-46.544292652076464
59.167,59.167,266.0,281.6508118802383,280.9944253273158,-51.51081188023828
59.1865,59.1865,257.0,281.6171756031106,280.9630831043806,-60.47717560311058
59.2059,59.2059,276.0,281.58372823064576,280.9319016107937,-41.44372823064576
59.2254,59.2254,267.0,281.55012457408736,280.9005593878585,-50.41012457408736
59.2449,59.2449,253.0,281.5165373463015,280.8692171649232,-64.3765373463015
59.2643,59.2643,291.0,281.48313881852215,280.8380356713364,-26.34313881852215
59.2838,59.2838,275.0,281.4495834488607,280.8066934484012,-42.30958344886072
59.3032,59.3032,259.0,281.4162162362652,280.7755119548143,-58.2762162362652
59.3227,59.3227,271.0,281.38269250240404,280.7441697318791,-46.24269250240404
59.3421,59.3421,253.0,281.3493563259002,280.7129882382922,-64.2093563259002
59.3616,59.3616,280.0,281.31586375775777,280.681646015357,-37.17586375775777
59.3811,59.3811,278.0,281.28238664025866,280.6503037924217,-39.142386640258664
59.4005,59.4005,272.0,281.2490962629216,280.6191222988349,-45.109096262921625
59.42,59.42,304.0,281.2156490241679,280.5877800758996,-13.075649024167873
59.4394,59.4394,256.0,281.1823885374956,280.5565985823128,-61.042388537495626
59.4589,59.4589,254.0,281.14897125279055,280.5252563593776,-63.008971252790545
59.4783,59.4783,280.0,281.1157398567514,280.4940748657907,-36.97573985675142
59.4978,59.4978,253.0,281.08235213326327,280.4627326428555,-63.94235213326327
59.5173,59.5173,280.0,281.04897845576204,280.4313904199202,-36.90897845576204
59.5367,59.5367,262.0,281.01579039213294,280.4002089263334,-54.87579039213294
59.5562,59.5562,262.0,280.9824454061291,280.3688667033981,-54.8424454061291
59.5756,59.5756,267.0,280.9492855499921,280.3376852098113,-49.80928554999211
59.5951,59.5951,274.0,280.91596876684605,280.306342986876,-42.77596876684605
59.6145,59.6145,270.0,280.8828366040189,280.2751614932892,-46.742836604018905
59.634,59.634,276.0,280.849547172094,280.2438192703539,-40.70954717209399
59.6535,59.6535,264.0,280.8162715910448,280.2124770474187,-52.676271591044824
59.6729,59.6729,258.0,280.78317996457343,280.1812955538319,-58.643179964573434
59.6924,59.6924,262.0,280.7499317010076,280.1499533308966,-54.609931701007596
59.7118,59.7118,266.0,280.71686695537915,280.1187718373098,-50.576866955379145
59.7313,59.7313,252.0,280.6836446645872,280.0874296143745,-64.54364466458718
59.7507,59.7507,257.0,280.6506061437156,280.0562481207877,-59.510606143715606
59.7702,59.7702,277.0,280.617410220954,280.0249058978524,-39.47741022095401
59.7897,59.7897,282.0,280.58422743500716,279.9935636749172,-34.444227435007164
59.8091,59.8091,272.0,280.55122712213904,279.9623821813303,-44.41122712213904
59.8286,59.8286,252.0,280.5180698464418,279.9310399583951,-64.37806984644179
59.848,59.848,295.0,280.4850950998778,279.8998584648083,-21.34509509987781
59.8675,59.8675,252.0,280.4519626499757,279.868516241873,-64.31196264997571
59.8869,59.8869,279.0,280.4190126852965,279.8373347482862,-37.27901268529648
59.9064,59.9064,259.0,280.3859051758412,279.8059925253509,-57.24590517584117
59.9259,59.9259,256.0,280.3528100120856,279.7746503024157,-60.212810012085626
59.9453,59.9453,257.0,280.3198966348785,279.7434688088288,-59.17989663487849
59.9648,59.9648,276.0,280.2868253769138,279.7121265858936,-40.14682537691378
59.9842,59.9842,266.0,280.2539358515776,279.68094509230673,-50.11393585157758
60.0037,60.0037,277.0,280.2208885317899,279.6496028693715,-39.08088853178991
60.0231,60.0231,266.0,280.18802266490974,279.6184213757847,-50.04802266490974
60.0426,60.0426,262.0,280.15499898885815,279.5870791528494,-54.01499898885815
60.0621,60.0621,245.0,280.1219866554318,279.5557369299142,-70.98198665543178
60.0815,60.0815,253.0,280.0891553875092,279.5245554363273,-62.94915538750921
60.101,60.101,285.0,280.05616622951146,279.4932132133921,-30.91616622951146
60.1204,60.1204,290.0,280.0233573661856,279.4620317198053,-25.88335736618562
60.1399,60.1399,265.0,279.99039112251984,279.43068949687,-50.85039112251984
60.1593,60.1593,273.0,279.95760457166364,279.39950800328313,-42.81760457166364
60.1788,60.1788,277.0,279.92466036504516,279.3681657803479,-38.784660365045156
60.1983,60.1983,295.0,279.89172700906533,279.3368235574127,-20.751727009065334
60.2177,60.2177,253.0,279.85897362682294,279.3056420638258,-62.718973626822944
60.2372,60.2372,275.0,279.8260624957457,279.2742998408906,-40.6860624957457
60.2566,60.2566,281.0,279.79333036624115,279.2431183473037,-34.65333036624115
60.2761,60.2761,256.0,279.76044056099335,279.2117761243685,-59.620440560993345
60.2955,60.2955,273.0,279.7277299257881,279.1805946307816,-42.58772992578808
60.315,60.315,257.0,279.6948610504398,279.1492524078464,-58.55486105043978
60.3345,60.3345,293.0,279.6620028176104,279.1179101849112,-22.522002817610414
60.3539,60.3539,288.0,279.62932375971263,279.0867286913243,-27.489323759712633
60.3734,60.3734,258.0,279.5964860866394,279.0553864683891,-57.4564860866394
60.3928,60.3928,308.0,279.5638272846913,279.0242049748022,-7.423827284691285
60.4123,60.4123,270.0,279.53101014697245,278.992862751867,-45.39101014697245
60.4317,60.4317,296.0,279.4983714760126,278.9616812582801,-19.358371476012607
60.4512,60.4512,290.0,279.46557453774324,278.9303390353449,-25.325574537743236
60.4706,60.4706,249.0,279.4329559599366,278.89915754175803,-66.29295595993658
60.4901,60.4901,251.0,279.40017909123657,278.8678153188228,-64.26017909123657
60.5096,60.5096,254.0,279.3674118053195,278.8364730958876,-61.22741180531948
60.529,60.529,258.0,279.33482254870023,278.8052916023007,-57.19482254870023
60.5485,60.5485,273.0,279.302074926529,278.7739493793655,-42.16207492652897
60.5679,60.5679,279.0,279.26950475516054,278.7427678857786,-36.12950475516054
60.5874,60.5874,285.0,279.236776555548,278.7114256628434,-30.096776555547976
60.6068,60.6068,284.0,279.2042255460541,278.6802441692565,-31.06422554605409
60.6263,60.6263,291.0,279.1715159476907,278.6489019463213,-24.031515947690693
60.6458,60.6458,284.0,279.13881580317405,278.6175597233861,-30.998815803174054
60.6652,60.6652,307.0,279.10629281336213,278.5863782297992,-7.966292813362131
60.6847,60.6847,262.0,279.07361160523465,278.555036006864,-52.933611605234645
60.7041,60.7041,299.0,279.04110665081225,278.5238545132771,-15.901106650812252
60.7236,60.7236,286.0,279.0084437909923,278.4925122903419,-28.868443790992316
60.743,60.743,266.0,278.9759572500478,278.461330796755,-48.83595725004783
60.7625,60.7625,254.0,278.94331209337463,278.4299885738198,-60.80331209337463
60.782,60.782,274.0,278.9106761074541,278.3986463508846,-40.77067610745409
60.8014,60.8014,313.0,278.8782166249202,278.3674648572977,-1.7382166249201845
60.8209,60.8209,277.0,278.84559821756244,278.3361226343625,-37.70559821756244
60.8403,60.8403,256.0,278.8131560672859,278.3049411407756,-58.67315606728589
60.8598,60.8598,283.0,278.78055526306906,278.2735989178404,-31.64055526306906
60.8792,60.8792,249.0,278.7481303576278,278.2424174242535,-65.60813035762781
60.8987,60.8987,301.0,278.7155469764173,278.2110752013183,-13.575546976417272
60.9182,60.9182,266.0,278.68297224783464,278.1797329783831,-48.54297224783464
60.9376,60.9376,265.0,278.65057301303756,278.1485514847962,-49.51057301303756
60.9571,60.9571,282.0,278.61801504026664,278.117209261861,-32.47801504026664
60.9765,60.9765,287.0,278.5856326086607,278.0860277682741,-27.445632608660716
60.996,60.996,259.0,278.55309157175736,278.0546855453389,-55.41309157175736
61.0154,61.0154,257.0,278.5207255695964,278.023504051752,-57.38072556959638
61.0349,61.0349,262.0,278.4882011107151,277.9921618288168,-52.348201110715124
61.0544,61.0544,254.0,278.45568488166214,277.9608196058815,-60.315684881662136
61.0738,61.0738,264.0,278.42334351934426,277.9296381122947,-50.28334351934426
61.0933,61.0933,291.0,278.3908434115035,277.8982958893595,-23.25084341150351
61.1127,61.1127,275.0,278.35851815831535,277.8671143957726,-39.21851815831535
61.1322,61.1322,266.0,278.3260344310907,277.8357721728374,-48.186034431090704
61.1516,61.1516,288.0,278.2937248781097,277.8045906792505,-26.153724878109685
61.1711,61.1711,256.0,278.26125687390004,277.7732484563153,-58.12125687390004
61.1906,61.1906,251.0,278.22879668733106,277.74190623338,-63.088796687331055
61.21,61.21,257.0,278.1965107109404,277.7107247397932,-57.0565107109404
61.2295,61.2295,262.0,278.16406618862993,277.6793825168579,-52.02406618862993
61.2489,61.2489,273.0,278.13179591844084,277.6482010232711,-40.99179591844084
61.2684,61.2684,239.0,278.0993666798997,277.6168588003359,-74.95936667989967
61.2878,61.2878,273.0,278.06711128763266,277.585677306749,-40.927111287632655
61.3073,61.3073,264.0,278.03469746265483,277.5543350838138,-49.89469746265483
61.3268,61.3268,279.0,278.002291319818,277.5229928608785,-34.86229131981803
61.3462,61.3462,273.0,277.9700583836102,277.4918113672917,-40.830058383610194
61.3657,61.3657,274.0,277.9376672299163,277.46046914435647,-39.797667229916314
61.3851,61.3851,264.0,277.9054494225036,277.4292876507696,-49.76544942250358
61.4046,61.4046,259.0,277.87307274378924,277.3979454278343,-54.733072743789236
61.424,61.424,263.0,277.8408696077278,277.3667639342475,-50.700869607727824
61.4435,61.4435,275.0,277.8085077411709,277.3354217113123,-38.6685077411709
61.463,61.463,283.0,277.77615319981555,277.304079488377,-30.636153199815553
61.4824,61.4824,284.0,277.7439717463592,277.2728979947902,-29.603971746359193
61.5019,61.5019,282.0,277.71163143356205,277.2415557718549,-31.571631433562047
61.5213,61.5213,309.0,277.6794642247145,277.2103742782681,-4.539464224714479
61.5408,61.5408,242.0,277.64713817298826,277.1790320553328,-71.50713817298826
61.5602,61.5602,281.0,277.61498517708696,277.147850561746,-32.474985177086964
61.5797,61.5797,287.0,277.58267343275185,277.1165083388107,-26.442673432751846
61.5992,61.5992,264.0,277.5503684812424,277.0851661158755,-49.4103684812424
61.6186,61.6186,265.0,277.51823628664084,277.0539846222886,-48.37823628664084
61.6381,61.6381,255.0,277.48594534815186,277.0226423993534,-58.34594534815186
61.6575,61.6575,260.0,277.4538267575971,276.9914609057666,-53.313826757597084
61.677,61.677,275.0,277.42154957298703,276.9601186828313,-38.28154957298703
61.6964,61.6964,301.0,277.3894448577477,276.9289371892445,-12.249444857747719
61.7159,61.7159,282.0,277.35718112987786,276.8975949663092,-31.217181129877858
61.7354,61.7354,256.0,277.3249241293695,276.866252743374,-57.18492412936949
61.7548,61.7548,281.0,277.2928394247671,276.8350712497871,-32.15283942476712
61.7743,61.7743,310.0,277.2605961267177,276.8037290268519,-3.1205961267177003
61.7937,61.7937,274.0,277.228524390481,276.772547533265,-39.08852439048103
61.8132,61.8132,275.0,277.19629431311927,276.7412053103298,-38.05629431311927
61.8326,61.8326,276.0,277.16423597326343,276.710023816743,-37.02423597326343
61.8521,61.8521,236.0,277.13201872235544,276.6786815938077,-76.99201872235544
61.8716,61.8716,288.0,277.0998081930714,276.6473393708725,-24.959808193071396
61.891,61.891,271.0,277.0677692751285,276.6161578772856,-41.92776927512851
61.9105,61.9105,300.0,277.0355717183559,276.5848156543504,-12.895571718355924
61.9299,61.9299,265.0,277.0035456286109,276.5536341607635,-47.86354562861088
61.9494,61.9494,257.0,276.97136070446163,276.5222919378283,-55.83136070446163
61.9688,61.9688,264.0,276.9393472774571,276.49111044424143,-48.7993472774571
61.9883,61.9883,287.0,276.90717507070485,276.4597682213062,-25.76717507070485
62.0078,62.0078,265.0,276.87500939599016,276.428425998371,-47.73500939599016
62.0272,62.0272,276.0,276.8430147943359,276.3972445047841,-36.703014794335886
62.0467,62.0467,285.0,276.8108613638505,276.3659022818489,-27.670861363850506
62.0661,62.0661,289.0,276.77887917015113,276.334720788262,-23.638879170151128
62.0856,62.0856,272.0,276.74673827334465,276.3033785653268,-40.60673827334465
62.105,62.105,278.0,276.714768239305,276.2721970717399,-34.57476823930499
62.1245,62.1245,268.0,276.68263966805915,276.2408548488047,-44.54263966805915
62.144,62.144,265.0,276.65051719176483,276.2095126258695,-47.51051719176483
62.1634,62.1634,216.0,276.6185654829649,276.1783311322826,-96.47856548296492
62.1829,62.1829,238.0,276.5864550261702,276.1469889093474,-74.4464550261702
62.2023,62.2023,267.0,276.554515367841,276.1158074157605,-45.41451536784102
62.2218,62.2218,286.0,276.52241716828416,276.0844651928253,-26.382417168284164
62.2412,62.2412,252.0,276.49048919322473,276.0532836992384,-60.35048919322473
62.2607,62.2607,279.0,276.45840289371574,276.0219414763032,-33.31840289371574
62.2802,62.2802,264.0,276.4263223866703,275.990599253368,-48.28632238667028
62.2996,62.2996,276.0,276.39441221175684,275.9594177597811,-36.25441221175684
62.3191,62.3191,263.0,276.3623434531791,275.9280755368459,-49.22234345317911
62.3385,62.3385,288.0,276.33044525127684,275.896894043259,-24.19044525127684
62.358,62.358,248.0,276.2983881468445,275.8655518203238,-64.1583881468445
62.3774,62.3774,279.0,276.26650116931074,275.8343703267369,-33.12650116931074
62.3969,62.3969,288.0,276.2344557856204,275.8030281038017,-24.09445578562041
62.4164,62.4164,294.0,276.20241622227536,275.77168588086647,-18.06241622227536
62.4358,62.4358,276.0,276.17054637367534,275.7405043872796,-36.030546373675335
62.4553,62.4553,260.0,276.13851825786963,275.7091621643444,-51.998518257869634
62.4747,62.4747,293.0,276.1066599771378,275.6779806707575,-18.96665997713778
62.4942,62.4942,271.0,276.0746430125735,275.6466384478223,-40.93464301257352
62.5136,62.5136,277.0,276.0427959906762,275.6154569542354,-34.90279599067621
62.5331,62.5331,267.0,276.01079039720236,275.5841147313002,-44.870790397202356
62.5526,62.5526,273.0,275.97879049645536,275.55277250836497,-38.83879049645536
62.572,62.572,259.0,275.94696009591354,275.5215910147781,-52.80696009591354
62.5915,62.5915,276.0,275.9149713029453,275.4902487918429,-35.774971302945275
62.6109,62.6109,253.0,275.88315206090766,275.459067298256,-58.74315206090766
62.6304,62.6304,279.0,275.85117424351915,275.4277250753208,-32.71117424351915
62.6498,62.6498,255.0,275.8193660405288,275.3965435817339,-56.67936604052879
62.6693,62.6693,287.0,275.78739938727693,275.3652013587987,-24.647399387276934
62.6888,62.6888,277.0,275.75543803567075,275.33385913586346,-34.61543803567075
62.7082,62.7082,285.0,275.72364613403715,275.3026776422766,-26.583646134037153
62.7277,62.7277,293.0,275.69169567376053,275.27133541934137,-18.551695673760534
62.7471,62.7471,322.0,275.6599145365074,275.2401539257545,10.480085463492586
62.7666,62.7666,271.0,275.62797494528184,275.2088117028193,-40.487974945281834
62.786,62.786,269.0,275.59620473345404,275.1776302092324,-42.456204733454044
62.8055,62.8055,279.0,275.56427584259643,275.1462879862972,-32.42427584259643
62.825,62.825,293.0,275.5323522746766,275.1149457633619,-18.39235227467661
62.8444,62.8444,263.0,275.50059789840134,275.0837642697751,-48.36059789840134
62.8639,62.8639,270.0,275.46868517540975,275.0524220468398,-41.328685175409746
62.8833,62.8833,303.0,275.43694110147646,275.021240553253,-8.296941101476463
62.9028,62.9028,282.0,275.405038976418,274.98989833031777,-29.265038976417983
62.9222,62.9222,303.0,275.37330561602,274.9587168367309,-8.23330561601999
62.9417,62.9417,279.0,275.341413786277,274.9273746137957,-32.20141378627697
62.9612,62.9612,263.0,275.30952732094596,274.8960323908604,-48.16952732094596
62.9806,62.9806,280.0,275.27780959755256,274.8648508972736,-31.13780959755256
63.0001,63.0001,274.0,275.2459336156811,274.8335086743383,-37.10593361568111
63.0195,63.0195,267.0,275.2142261027562,274.8023271807515,-44.074226102756185
63.039,63.039,280.0,275.1823604527701,274.7709849578162,-31.042360452770126
63.0584,63.0584,275.0,275.1506633568737,274.7398034642294,-36.01066335687368
63.0779,63.0779,266.0,275.1188078841149,274.7084612412942,-44.978807884114914
63.0974,63.0974,273.0,275.08695769500525,274.6771190183589,-37.94695769500525
63.1168,63.1168,273.0,275.0552760329159,274.6459375247721,-37.91527603291591
63.1363,63.1363,282.0,275.02343595990095,274.6145953018368,-28.88343595990095
63.1557,63.1557,255.0,274.9917643709194,274.58341380825,-55.85176437091938
63.1752,63.1752,274.0,274.9599344833871,274.5520715853147,-36.81993448338709
63.1946,63.1946,275.0,274.9282729801469,274.5208900917279,-35.788272980146914
63.2141,63.2141,267.0,274.8964533585627,274.4895478687926,-43.75645335856272
63.2336,63.2336,288.0,274.86463878976065,274.4582056458574,-22.724638789760647
63.253,63.253,294.0,274.83299239621897,274.4270241522706,-16.69299239621897
63.2725,63.2725,246.0,274.8011877503966,274.3956819293353,-64.66118775039659
63.2919,63.2919,291.0,274.76955132797076,274.3645004357485,-19.62955132797076
63.3114,63.3114,273.0,274.7377569602918,274.3331582128132,-37.59775696029179
63.3308,63.3308,257.0,274.7061303270789,274.3019767192264,-53.56613032707888
63.3503,63.3503,254.0,274.6743457801932,274.2706344962911,-56.53434578019322
63.3697,63.3697,294.0,274.6427293458117,274.2394530027043,-16.502729345811687
63.3892,63.3892,256.0,274.6109546507046,274.208110779769,-54.47095465070463
63.4087,63.4087,254.0,274.57918500980566,274.1767685568338,-56.439185009805655
63.4281,63.4281,270.0,274.5475832417785,274.1455870632469,-40.40758324177851
63.4476,63.4476,243.0,274.51582362872676,274.1142448403117,-67.37582362872676
63.467,63.467,249.0,274.48423160608513,274.0830633467249,-61.34423160608513
63.4865,63.4865,292.0,274.45248174726504,274.0517211237896,-18.31248174726504
63.5059,63.5059,274.0,274.42089962880624,274.0205396302028,-36.28089962880624
63.5254,63.5254,259.0,274.3891594612378,273.9891974072675,-51.249159461237795
63.5449,63.5449,305.0,274.3574244402829,273.9578551843323,-5.2174244402828975
63.5643,63.5643,281.0,274.32585691038025,273.9266736907454,-29.185856910380252
63.5838,63.5838,274.0,274.2941314130735,273.8953314678102,-36.1541314130735
63.6032,63.6032,258.0,274.262573630719,273.8641499742233,-52.122573630718975
63.6227,63.6227,287.0,274.230857997838,273.8328077512881,-23.090857997837972
63.6421,63.6421,259.0,274.19930978027037,273.8016262577013,-51.05930978027037
63.6616,63.6616,248.0,274.16760390024564,273.770284034766,-62.02760390024564
63.6811,63.6811,260.0,274.13590284314586,273.7389418118308,-49.995902843145856
63.7005,63.7005,278.0,274.1043692441779,273.7077603182439,-31.964369244177917
63.72,63.72,239.0,274.072677737761,273.6764180953087,-70.93267773776101
63.7394,63.7394,285.0,274.04115377454616,273.6452366017218,-24.90115377454616
63.7589,63.7589,280.0,274.0094721231365,273.6138943787866,-29.869472123136504
63.7783,63.7783,279.0,273.97795753201825,273.5827128851997,-30.83795753201825
63.7978,63.7978,279.0,273.9462855378407,273.5513706622645,-30.806285537840708
63.8173,63.8173,276.0,273.9146182004989,273.5200284393293,-33.77461820049892
63.8367,63.8367,298.0,273.8831181253996,273.4888469457424,-11.743118125399619
63.8562,63.8562,273.0,273.85146046283694,273.4575047228072,-36.71146046283694
63.8756,63.8756,267.0,273.81997000874117,273.4263232292203,-42.679970008741165
63.8951,63.8951,270.0,273.78832203663836,273.3949810062851,-39.64832203663836
63.9145,63.9145,283.0,273.7568409188171,273.3637995126983,-26.61684091881709
63.934,63.934,253.0,273.7252025432765,273.332457289763,-56.58520254327651
63.9535,63.9535,288.0,273.6935688552718,273.3011150668278,-21.55356885527179
63.9729,63.9729,288.0,273.662102144427,273.2699335732409,-21.522102144427024
63.9924,63.9924,279.0,273.6304781313796,273.2385913503057,-30.490478131379618
64.0118,64.0118,268.0,273.599020979756,273.2074098567188,-41.459020979756005
64.0313,64.0313,271.0,273.5674063711419,273.1760676337836,-38.427406371141885
64.0507,64.0507,239.0,273.5359587389229,273.1448861401967,-70.39595873892289
64.0702,64.0702,278.0,273.5043537133752,273.1135439172615,-31.364353713375223
64.0897,64.0897,280.0,273.4727535514255,273.0822016943263,-29.33275355142551
64.1091,64.1091,257.0,273.44132005660003,273.0510202007394,-52.301320056600034
64.1286,64.1286,281.0,273.40972946551045,273.0196779778042,-28.26972946551045
64.148,64.148,279.0,273.3783055662135,272.9884964842173,-30.238305566213498
64.1675,64.1675,285.0,273.3467243446196,272.9571542612821,-24.206724344619587
64.1869,64.1869,244.0,273.315309975852,272.9259727676952,-65.17530997585202
64.2064,64.2064,287.0,273.28373846677476,272.89463054476,-22.143738466774764
64.2259,64.2259,256.0,273.25217156335646,272.86328832182477,-53.112171563356455
64.2453,64.2453,286.0,273.22077147455883,272.8321068282379,-23.08077147455883
64.2648,64.2648,297.0,273.1892141288881,272.8007646053027,-12.049214128888124
64.2842,64.2842,246.0,273.15782343095196,272.7695831117158,-63.017823430951964
64.3037,64.3037,282.0,273.12627570461933,272.7382408887806,-26.98627570461933
64.3231,64.3231,277.0,273.09489458810566,272.7070593951937,-31.95489458810566
64.3426,64.3426,272.0,273.063356511314,272.6757171722585,-36.923356511314
64.3621,64.3621,249.0,273.031823037666,272.64437494932326,-59.891823037666015
64.3815,64.3815,309.0,273.0004562467116,272.6131934557364,0.13954375328837898
64.401,64.401,292.0,272.9689324759943,272.58185123280117,-16.82893247599428
64.4204,64.4204,270.0,272.9375749736648,272.5506697392143,-38.79757497366482
64.4399,64.4399,281.0,272.9060607536647,272.5193275162791,-27.76606075366469
64.4593,64.4593,253.0,272.8747130520469,272.4881460226922,-55.7347130520469
64.4788,64.4788,306.0,272.8432083419793,272.456803799757,-2.703208341979277
64.4983,64.4983,281.0,272.81170850033647,272.42546157682176,-27.671708500336464
64.5177,64.5177,273.0,272.7803750201648,272.3942800832349,-35.6403750201648
64.5372,64.5372,233.0,272.74888493404075,272.36293786029967,-75.60888493404074
64.5566,64.5566,298.0,272.717560891077,272.3317563667128,-10.577560891077027
64.5761,64.5761,262.0,272.6860804138415,272.3004141437776,-46.54608041384152
64.5955,64.5955,286.0,272.6547661273871,272.2692326501907,-22.51476612738712
64.615,64.615,274.0,272.62329510842744,272.2378904272555,-34.48329510842744
64.6345,64.6345,281.0,272.59182909494666,272.2065482043202,-27.45182909494666
64.6539,64.6539,283.0,272.56052930246096,272.1753667107334,-25.420529302460963
64.6734,64.6734,251.0,272.52907292125,272.1440244877981,-57.38907292125002
64.6928,64.6928,245.0,272.497782675331,272.1128429942113,-63.357782675330995
64.7123,64.7123,273.0,272.46633593983745,272.08150077127607,-35.32633593983745
64.7317,64.7317,258.0,272.43505539830426,272.0503192776892,-50.29505539830426
64.7512,64.7512,290.0,272.4036185175474,272.018977054754,-18.263618517547386
64.7707,64.7707,273.0,272.3721865607576,271.9876348318187,-35.2321865607576
64.7901,64.7901,287.0,272.34092062024155,271.9564533382319,-21.200920620241547
64.8096,64.8096,271.0,272.30949827529616,271.9251111152966,-37.169498275296164
64.829,64.829,292.0,272.27824214628095,271.8939296217098,-16.138242146280945
64.8485,64.8485,273.0,272.24682977980626,271.8625873987745,-35.10682977980626
64.8679,64.8679,315.0,272.21558322373994,271.8314059051877,6.92441677626006
64.8874,64.8874,301.0,272.18418070232974,271.80006368225247,-7.04418070232974
64.9069,64.9069,260.0,272.1527831502847,271.76872145931725,-48.012783150284676
64.9263,64.9263,254.0,272.1215514146401,271.7375399657304,-53.98155141464012
64.9458,64.9458,243.0,272.0901637231427,271.7061977427951,-64.95016372314272
64.9652,64.9652,281.0,272.0589419615714,271.6750162492083,-26.918941961571406
64.9847,64.9847,283.0,272.0275643318047,271.643674026273,-24.887564331804683
65.0041,65.0041,261.0,271.99635239647955,271.6124925326862,-46.85635239647955
65.0236,65.0236,278.0,271.96498470006657,271.5811503097509,-29.824984700066565
65.0431,65.0431,271.0,271.9336219566788,271.5498080868157,-36.79362195667879
65.0625,65.0625,275.0,271.9024250342789,271.5186265932289,-32.762425034278905
65.082,65.082,282.0,271.8710724306294,271.48728437029365,-25.731072430629396
65.1014,65.1014,277.0,271.839885671716,271.4561028767068,-30.69988567171599
65.1209,65.1209,279.0,271.80854314922533,271.4247606537715,-28.66854314922533
65.1403,65.1403,263.0,271.7773663896482,271.3935791601847,-44.63736638964819
65.1598,65.1598,280.0,271.7460339889135,271.3622369372494,-27.606033988913495
65.1793,65.1793,280.0,271.71470677173164,271.3308947143142,-27.57470677173164
65.1987,65.1987,249.0,271.6835451579876,271.2997132207273,-58.54354515798762
65.2182,65.2182,248.0,271.6522282540462,271.2683709977921,-59.51222825404618
65.2376,65.2376,298.0,271.6210769957544,271.2371895042053,-9.481076995754378
65.2571,65.2571,255.0,271.58977017978816,271.20584728127,-52.44977017978816
65.2765,65.2765,269.0,271.55862926926136,271.1746657876832,-38.41862926926136
65.296,65.296,278.0,271.5273329106274,271.1433235647479,-29.38733291062742
65.3155,65.3155,275.0,271.4960418356006,271.1119813418127,-32.35604183560058
65.3349,65.3349,258.0,271.4649164322364,271.0807998482258,-49.32491643223641
65.3544,65.3544,256.0,271.43363566414394,271.0494576252906,-51.293635664143935
65.3738,65.3738,269.0,271.4025207397063,271.0182761317037,-38.26252073970629
65.3933,65.3933,247.0,271.3712505336382,270.9869339087685,-60.2312505336382
65.4127,65.4127,266.0,271.34014607900656,270.9557524151817,-41.20014607900656
65.4322,65.4322,247.0,271.3088866350708,270.9244101922464,-60.16888663507079
65.4517,65.4517,277.0,271.27763233918904,270.8930679693112,-30.13763233918904
65.4711,65.4711,277.0,271.24654381462943,270.8618864757243,-30.106543814629433
65.4906,65.4906,283.0,271.21530026234484,270.8305442527891,-24.07530026234484
65.51,65.51,254.0,271.18422236413335,270.7993627592022,-53.04422236413335
65.5295,65.5295,262.0,271.15298971082956,270.768020536267,-45.01298971082956
65.5489,65.5489,278.0,271.121922663076,270.7368390426801,-28.98192266307602
65.5684,65.5684,277.0,271.09070080680766,270.7054968197449,-29.95070080680766
65.5879,65.5879,270.0,271.0594843714268,270.6741545968097,-36.919484371426776
65.6073,65.6073,272.0,271.0284335402661,270.6429731032228,-34.88843354026612
65.6268,65.6268,256.0,270.99722827840753,270.6116308802876,-50.85722827840753
65.6462,65.6462,266.0,270.96618835335846,270.5804493867007,-40.82618835335846
65.6657,65.6657,265.0,270.9349941108455,270.5491071637655,-41.79499411084548
65.6851,65.6851,284.0,270.9039653570782,270.5179256701786,-22.76396535707822
65.7046,65.7046,271.0,270.8727820974397,270.4865834472434,-35.73278209743971
65.7241,65.7241,274.0,270.84160462803396,270.45524122430817,-32.70160462803396
65.7435,65.7435,265.0,270.8105926530618,270.4240597307213,-41.6705926530618
65.763,65.763,261.0,270.77942649962824,270.3927175077861,-45.63942649962824
65.7824,65.7824,303.0,270.7484257923507,270.3615360141992,-3.608425792350701
65.8019,65.8019,280.0,270.7172708623385,270.330193791264,-26.577270862338523
65.8213,65.8213,294.0,270.6862816490839,270.2990122976771,-12.546281649083923
65.8408,65.8408,259.0,270.6551382425195,270.2676700747419,-47.51513824251951
65.8603,65.8603,281.0,270.6240008886914,270.23632785180666,-25.484000888691398
65.8797,65.8797,291.0,270.5930288742537,270.2051463582198,-15.453028874253718
65.8992,65.8992,251.0,270.5619029096248,270.17380413528457,-55.42190290962479
65.9186,65.9186,268.0,270.53094264760375,270.1426226416977,-38.39094264760375
65.9381,65.9381,252.0,270.4998285302198,270.1112804187625,-54.359828530219815
65.9575,65.9575,266.0,270.4688798639804,270.0800989251756,-40.32887986398042
65.977,65.977,254.0,270.43777776030083,270.0487567022404,-52.29777776030083
65.9965,65.9965,272.0,270.406681612132,270.01741447930516,-34.26668161213199
66.0159,66.0159,278.0,270.37575077330314,269.9862329857183,-28.23575077330314
66.0354,66.0354,247.0,270.3446667136355,269.95489076278307,-59.20466671363549
66.0548,66.0548,271.0,270.3137480286564,269.9237092691962,-35.17374802865639
66.0743,66.0743,277.0,270.28267620078987,269.892367046261,-29.142676200789865
66.0937,66.0937,262.0,270.25176961462466,269.8611855526741,-44.11176961462466
66.1132,66.1132,286.0,270.2207100840267,269.8298433297389,-20.080710084026677
66.1326,66.1326,287.0,270.1898159225797,269.798661836152,-19.049815922579725
66.1521,66.1521,269.0,270.15876859318536,269.7673196132168,-37.01876859318536
66.1716,66.1716,257.0,270.1277277249781,269.73597739028156,-48.987727724978114
66.191,66.191,269.0,270.0968523433007,269.7047958966947,-36.956852343300724
66.2105,66.2105,283.0,270.0658241203156,269.67345367375947,-22.925824120315596
66.2299,66.2299,298.0,270.03496130010814,269.6422721801726,-7.894961300108136
66.2494,66.2494,279.0,270.0039458009351,269.6109299572374,-26.863945800935127
66.2688,66.2688,277.0,269.9730956597878,269.5797484636505,-28.833095659787816
66.2883,66.2883,255.0,269.94209312842565,269.5484062407153,-50.80209312842565
66.3078,66.3078,270.0,269.9110971961086,269.51706401778006,-35.771097196108585
66.3272,66.3272,251.0,269.8802666618951,269.4858825241932,-54.74026666189512
66.3467,66.3467,278.0,269.8492836786122,269.45454030125796,-27.70928367861221
66.3661,66.3661,282.0,269.8184663871873,269.4233588076711,-23.6784663871873
66.3856,66.3856,265.0,269.7874967592184,269.39201658473587,-40.64749675921841
66.405,66.405,269.0,269.75669265954,269.360835091149,-36.61669265954002
66.4245,66.4245,240.0,269.7257366107447,269.3294928682138,-65.58573661074472
66.444,66.444,286.0,269.6947873739322,269.2981506452785,-19.55478737393217
66.4634,66.4634,274.0,269.664003626739,269.2669691516917,-31.524003626738974
66.4829,66.4829,278.0,269.6330679069219,269.23562692875646,-27.493067906921894
66.5023,66.5023,292.0,269.60229789300604,269.2044454351696,-13.462297893006038
66.5218,66.5218,265.0,269.5713763363051,269.17310321223437,-40.43137633630509
66.5412,66.5412,259.0,269.54062008927576,269.1419217186475,-46.40062008927576
66.5607,66.5607,289.0,269.50971254428487,269.1105794957123,-16.369712544284866
66.5802,66.5802,246.0,269.4788119550472,269.079237272777,-59.338811955047206
66.5996,66.5996,279.0,269.4480770115892,269.0480557791902,-26.30807701158919
66.6191,66.6191,289.0,269.41719088857616,269.0167135562549,-16.277190888576158
66.6385,66.6385,297.0,269.3864704010677,268.9855320626681,-8.246470401067697
66.658,66.658,267.0,269.3555988056512,268.95418983973286,-38.2155988056512
66.6774,66.6774,292.0,269.32489274420107,268.923008346146,-13.184892744201065
66.6969,66.6969,285.0,269.29403574458814,268.89166612321077,-20.154035744588143
66.7164,66.7164,279.0,269.26318643601206,268.8603239002755,-26.123186436012062
66.7358,66.7358,272.0,269.2325025577626,268.8291424066887,-33.092502557762586
66.7553,66.7553,276.0,269.2016682026978,268.7978001837534,-29.061668202697817
66.7747,66.7747,241.0,269.17099954722744,268.7666186901666,-64.03099954722744
66.7942,66.7942,272.0,269.14018023136356,268.7352764672313,-33.00018023136356
66.8136,66.8136,271.0,269.109526886869,268.7040949736445,-33.96952688686899
66.8331,66.8331,259.0,269.0787231221489,268.67275275070926,-45.938723122148915
66.8526,66.8526,273.0,269.0479273501185,268.641410527774,-31.907927350118527
66.872,66.872,256.0,269.0172971799786,268.61022903418717,-48.877297179978584
66.8915,66.8915,270.0,269.02440110777957,268.61677076680814,-34.88440110777957
66.9109,66.9109,273.0,269.04720642661636,268.63900890123955,-31.907206426616355
66.9304,66.9304,260.0,269.07013726392955,268.6613616652299,-44.93013726392955
66.9498,66.9498,276.0,269.09295870681484,268.6835997996613,-28.95295870681484
66.9693,66.9693,261.0,269.11590600259717,268.7059525636517,-43.97590600259717
66.9888,66.9888,268.0,269.1388613010045,268.728305327642,-36.99886130100451
67.0082,67.0082,291.0,269.1617074105007,268.75054346207344,-14.021707410500696
67.0277,67.0277,286.0,269.1846795170452,268.7728962260638,-19.044679517045196
67.0471,67.0471,271.0,269.2075420852093,268.7951343604952,-34.0675420852093
67.0666,67.0666,253.0,269.23053115174747,268.8174871244855,-52.09053115174747
67.086,67.086,243.0,269.2534107932103,268.8397252589169,-62.11341079321032
67.1055,67.1055,288.0,269.2764170253343,268.8620780229073,-17.136417025334296
67.125,67.125,275.0,269.29943171257827,268.88443078689767,-30.159431712578268
67.1444,67.1444,270.0,269.3223374192229,268.90666892132907,-35.18233741922289
67.1639,67.1639,264.0,269.3453698112789,268.9290216853194,-41.205369811278885
67.1833,67.1833,243.0,269.36829289643396,268.9512598197508,-62.228292896433956
67.2028,67.2028,257.0,269.39134330598245,268.97361258374116,-48.251343305982445
67.2222,67.2222,277.0,269.4142843697583,268.9958507181726,-28.27428436975832
67.2417,67.2417,272.0,269.4373526356315,269.01820348216296,-33.2973526356315
67.2612,67.2612,290.0,269.46043033782905,269.0405562461533,-15.320430337829052
67.2806,67.2806,289.0,269.4833988221221,269.0627943805847,-16.343398822122126
67.3001,67.3001,298.0,269.5064952311441,269.08514714457505,-7.3664952311440715
67.3195,67.3195,261.0,269.5294823291208,269.1073852790065,-44.38948232912081
67.339,67.339,259.0,269.55259750668745,269.12973804299685,-46.41259750668745
67.3584,67.3584,306.0,269.57560373404095,269.15197617742825,0.5643962659590471
67.3779,67.3779,284.0,269.59873794923936,269.1743289414186,-21.458737949239364
67.3974,67.3974,280.0,269.621882213245,269.19668170540893,-25.481882213244987
67.4168,67.4168,282.0,269.6449174770752,269.21891983984034,-23.504917477075182
67.4363,67.4363,294.0,269.66808137595825,269.2412726038307,-11.528081375958251
67.4557,67.4557,283.0,269.6911364075235,269.2635107382621,-22.551136407523515
67.4752,67.4752,277.0,269.714320323914,269.2858635022525,-28.574320323914023
67.4946,67.4946,280.0,269.7373954779886,269.3081016366839,-25.597395477988627
67.5141,67.5141,267.0,269.7605999879051,269.3304544006742,-38.620599987905095
67.5336,67.5336,275.0,269.7838148454868,269.35280716466457,-30.6438148454868
67.553,67.553,275.0,269.80692106507774,269.375045299096,-30.666921065077744
67.5725,67.5725,286.0,269.8301566682596,269.39739806308637,-19.690156668259576
67.5919,67.5919,258.0,269.85328405123886,269.4196361975178,-47.71328405123886
67.6114,67.6114,290.0,269.87654119378976,269.4419889615081,-15.736541193789762
67.6308,67.6308,283.0,269.89968981711456,269.4642270959395,-22.759689817114563
67.6503,67.6503,253.0,269.92296878981597,269.48657985992986,-52.78296878981597
67.6698,67.6698,287.0,269.9462586866721,269.5089326239202,-18.80625868667208
67.6892,67.6892,291.0,269.9694403136283,269.53117075835166,-14.829440313628297
67.7087,67.7087,269.0,269.9927528447246,269.553523522342,-36.85275284472458
67.7281,67.7281,288.0,270.01595691340384,269.5757616567734,-17.87595691340384
67.7476,67.7476,256.0,270.0392922642723,269.59811442076375,-49.89929226427232
67.767,67.767,251.0,270.0625192381249,269.62035255519515,-54.92251923812488
67.7865,67.7865,274.0,270.08587770737677,269.6427053191855,-31.945877707376766
67.806,67.806,279.0,270.1092478447736,269.66505808317584,-26.96924784477362
67.8254,67.8254,284.0,270.1325100683656,269.6872962176073,-21.992510068365604
67.8449,67.8449,259.0,270.15590436347577,269.70964898159764,-47.01590436347577
67.8643,67.8643,273.0,270.1791906665903,269.73188711602904,-33.03919066659027
67.8838,67.8838,266.0,270.2026090368943,269.7542398800194,-40.06260903689427
67.9032,67.9032,235.0,270.2259200134061,269.7764780144508,-71.0859200134061
67.9227,67.9227,257.0,270.249363350737,269.7988307784412,-49.109363350736984
67.9422,67.9422,259.0,270.27281961159395,269.8211835424315,-47.132819611593945
67.9616,67.9616,287.0,270.29616802105545,269.84342167686293,-19.15616802105545
67.9811,67.9811,277.0,270.3196498248056,269.8657744408533,-29.179649824805594
68.0005,68.0005,261.0,270.34302416357195,269.8880125752847,-45.20302416357195
68.02,68.02,273.0,270.3665317885154,269.910365339275,-33.22653178851537
68.0394,68.0394,311.0,270.38993253300237,269.9326034737065,4.750067466997635
68.0589,68.0589,297.0,270.41346703298507,269.9549562376968,-9.273467032985067
68.0784,68.0784,242.0,270.437015192596,269.97730900168716,-64.29701519259599
68.0978,68.0978,257.0,270.4604562864068,269.99954713611857,-49.32045628640678
68.1173,68.1173,254.0,270.48403172732117,270.0218999001089,-52.344031727321166
68.1367,68.1367,280.0,270.5075003553076,270.04413803454037,-26.367500355307627
68.1562,68.1562,281.0,270.53110426131786,270.0664907985307,-25.391104261317864
68.1756,68.1756,267.0,270.5546011281519,270.0887289329621,-39.41460112815189
68.1951,68.1951,285.0,270.5782338099669,270.11108169695245,-21.43823380996689
68.2146,68.2146,255.0,270.60188066438695,270.1334344609428,-51.46188066438695
68.234,68.234,277.0,270.625421351327,270.1556725953742,-29.48542135132702
68.2535,68.2535,287.0,270.6490979218339,270.17802535936454,-19.509097921833913
68.2729,68.2729,283.0,270.67266816459653,270.200263493796,-23.53266816459653
68.2924,68.2924,253.0,270.69637532552093,270.22261625778634,-53.55637532552093
68.3118,68.3118,284.0,270.71997599502413,270.24485439221775,-22.579975995024128
68.3313,68.3313,274.0,270.7437139375613,270.2672071562081,-32.603713937561324
68.3508,68.3508,279.0,270.7674674988206,270.2895599201984,-27.62746749882062
68.3702,68.3702,269.0,270.79111514839576,270.31179805462983,-37.65111514839576
68.3897,68.3897,269.0,270.8149010025803,270.33415081862023,-37.67490100258031
68.4091,68.4091,283.0,270.83858077178513,270.35638895305163,-23.69858077178513
68.4286,68.4286,276.0,270.86239920172346,270.378741717042,-30.722399201723462
68.448,68.448,277.0,270.88611202183927,270.4009798514734,-29.746112021839267
68.4675,68.4675,263.0,270.90996354355593,270.4233326154637,-43.76996354355593
68.487,68.487,247.0,270.93383253322327,270.44568537945406,-59.79383253322327
68.5064,68.5064,287.0,270.9575960765187,270.4679235138855,-19.81759607651871
68.5259,68.5259,272.0,270.9814996186162,270.49027627787586,-34.841499618616226
68.5453,68.5453,241.0,271.00529775147595,270.51251441230727,-65.86529775147595
68.5648,68.5648,233.0,271.0292364843747,270.5348671762976,-73.88923648437468
68.5842,68.5842,263.0,271.05307037195126,270.557105310729,-43.913070371951264
68.6037,68.6037,294.0,271.077045579728,270.57945807471935,-12.937045579728007
68.6232,68.6232,258.0,271.10103916570546,270.6018108387097,-48.96103916570546
68.6426,68.6426,269.0,271.12492829043396,270.62404897314116,-37.984928290433956
68.6621,68.6621,238.0,271.1489589886148,270.6464017371315,-69.00895898861482
68.6815,68.6815,271.0,271.1728860752515,270.6686398715629,-36.03288607525148
68.701,68.701,279.0,271.1969553943331,270.69099263555324,-28.056955394333087
68.7204,68.7204,273.0,271.22092075102256,270.71323076998465,-34.08092075102256
68.7399,68.7399,277.0,271.24502973120656,270.73558353397505,-30.105029731206557
68.7594,68.7594,241.0,271.2691582594717,270.7579362979654,-66.12915825947168
68.7788,68.7788,277.0,271.29318352376026,270.7801744323968,-30.153183523760262
68.7983,68.7983,268.0,271.3173533457725,270.80252719638713,-39.17735334577252
68.8177,68.8177,259.0,271.34141961413474,270.82476533081854,-48.201419614134736
68.8372,68.8372,296.0,271.3656313160916,270.8471180948089,-11.225631316091594
68.8566,68.8566,272.0,271.38973964489645,270.86935622924034,-35.24973964489645
68.8761,68.8761,290.0,271.4139939641637,270.8917089932307,-17.273993964163694
68.8955,68.8955,296.0,271.4381457380592,270.9139471276621,-11.298145738059176
68.915,68.915,271.0,271.4624436042184,270.9362998916524,-36.32244360421838
68.9345,68.9345,259.0,271.48676437194354,270.95865265564277,-48.346764371943536
68.9539,68.9539,241.0,271.51098277646395,270.9808907900742,-66.37098277646395
68.9734,68.9734,266.0,271.53534909438656,271.0032435540645,-41.39534909438656
68.9928,68.9928,256.0,271.55961341277026,271.025481688496,-51.41961341277026
69.0123,69.0123,278.0,271.5840261922536,271.0478344524863,-29.444026192253588
69.0317,69.0317,269.0,271.6083376794444,271.0700725869177,-38.46833767944439
69.0512,69.0512,268.0,271.6327987977752,271.09242535090806,-39.492798797775194
69.0707,69.0707,240.0,271.6572844008705,271.1147781148984,-67.51728440087048
69.0901,69.0901,283.0,271.6816691085893,271.13701624932986,-24.54166910858929
69.1096,69.1096,258.0,271.7062041245871,271.1593690133202,-49.56620412458709
69.129,69.129,297.0,271.7306393072738,271.1816071477516,-10.590639307273804
69.1485,69.1485,286.0,271.75522576057057,271.20395991174195,-21.615225760570567
69.1679,69.1679,251.0,271.7797120563474,271.22619804617335,-56.63971205634742
69.1874,69.1874,250.0,271.8043515418585,271.2485508101637,-57.66435154185852
69.2069,69.2069,262.0,271.82901761010856,271.2709035741541,-45.689017610108564
69.2263,69.2263,250.0,271.8535840906074,271.2931417085855,-57.7135840906074
69.2458,69.2458,281.0,271.8783046285919,271.31549447257584,-26.738304628591877
69.2652,69.2652,263.0,271.9029262674005,271.33773260700724,-44.762926267400516
69.2847,69.2847,276.0,271.9277035164179,271.3600853709976,-31.78770351641792
69.3041,69.3041,263.0,271.9523818694475,271.38232350542904,-44.81238186944749
69.3236,69.3236,252.0,271.9772166628438,271.4046762694194,-55.83721666284377
69.3431,69.3431,261.0,272.00208069489315,271.4270290334097,-46.86208069489315
69.3625,69.3625,279.0,272.0268471093297,271.4492671678411,-28.886847109329707
69.382,69.382,248.0,272.0517718145393,271.47161993183147,-59.91177181453928
69.4014,69.4014,288.0,272.0765989918893,271.4938580662629,-19.936598991889284
69.4209,69.4209,275.0,272.1015855770764,271.5162108302532,-32.96158557707638
69.4403,69.4403,270.0,272.1264748831888,271.5384489646847,-37.98647488318879
69.4598,69.4598,288.0,272.15152468281616,271.560801728675,-20.01152468281616
69.4793,69.4793,274.0,272.17660752995096,271.58315449266536,-34.036607529950956
69.4987,69.4987,263.0,272.20159414848155,271.60539262709676,-45.06159414848155
69.5182,69.5182,290.0,272.2267431844918,271.6277453910871,-18.086743184491795
69.5376,69.5376,262.0,272.251797093645,271.6499835255185,-46.111797093644995
69.5571,69.5571,261.0,272.27701388204844,271.6723362895089,-47.137013882048436
69.5765,69.5765,274.0,272.3021370336555,271.6945744239403,-34.162137033655526
69.596,69.596,278.0,272.32742445390323,271.71692718793065,-30.187424453903233
69.6155,69.6155,269.0,272.3527484146832,271.739279951921,-39.21274841468322
69.6349,69.6349,258.0,272.37797841500844,271.7615180863524,-50.23797841500844
69.6544,69.6544,282.0,272.40337564363244,271.78387085034274,-26.263375643632443
69.6738,69.6738,258.0,272.42867978016204,271.8061089847742,-50.28867978016204
69.6933,69.6933,268.0,272.45415237537804,271.82846174876454,-40.31415237537804
69.7127,69.7127,273.0,272.4795329275078,271.85069988319594,-35.33953292750782
69.7322,69.7322,296.0,272.5050840938181,271.8730526471863,-12.365084093818083
69.7517,69.7517,264.0,272.53067433573415,271.8954054111766,-44.39067433573415
69.7711,69.7711,265.0,272.55617462226684,271.91764354560803,-43.41617462226684
69.7906,69.7906,249.0,272.58184669151495,271.93999630959837,-59.441846691514954
69.81,69.81,276.0,272.607428803992,271.96223444402983,-32.46742880399198
69.8295,69.8295,275.0,272.6331855717982,271.9845872080202,-33.49318557179821
69.8489,69.8489,289.0,272.65885262000313,272.0068253424516,-19.51885262000313
69.8684,69.8684,257.0,272.68469585619255,272.0291781064419,-51.54469585619255
69.8879,69.8879,257.0,272.7105831658542,272.05153087043226,-51.57058316585419
69.9073,69.9073,254.0,272.73638275234833,272.0737690048637,-54.59638275234833
69.9268,69.9268,276.0,272.76236165925957,272.09612176885406,-32.62236165925957
69.9462,69.9462,309.0,272.7882530570474,272.11835990328547,0.35174694295257325
69.9657,69.9657,278.0,272.8143253818902,272.1407126672758,-30.674325381890228
69.9851,69.9851,273.0,272.84031183906507,272.1629508017072,-35.700311839065066
70.0046,70.0046,276.0,272.8664802168771,272.18530356569755,-32.72648021687711
70.0241,70.0241,252.0,272.89269924974,272.20765632968795,-56.75269924974002
70.0435,70.0435,284.0,272.9188334681941,272.22989446411935,-24.778833468194122
70.063,70.063,286.0,272.94515407925684,272.2522472281097,-22.805154079256837
70.0824,70.0824,278.0,272.97139089025984,272.2744853625411,-30.83139089025984
70.1019,70.1019,250.0,272.99781532138724,272.29683812653144,-58.857815321387235
70.1213,70.1213,283.0,273.02415895110346,272.3190762609629,-25.88415895110346
70.1408,70.1408,254.0,273.0506920003445,272.34142902495324,-54.9106920003445
70.1603,70.1603,289.0,273.07728160304583,272.3637817889436,-19.937281603045832
70.1797,70.1797,313.0,273.1037903803034,272.386019923375,4.036209619696606
70.1992,70.1992,259.0,273.13049267873464,272.40837268736533,-49.99049267873464
70.2186,70.2186,257.0,273.1571174366717,272.43061082179673,-52.01711743667168
70.2381,70.2381,284.0,273.1839377662549,272.4529635857871,-25.043937766254928
70.2575,70.2575,271.0,273.21068090432783,272.4752017202185,-38.07068090432783
70.277,70.277,298.0,273.23762381295194,272.4975544842089,-11.097623812951937
70.2965,70.2965,275.0,273.26462912683684,272.5199072481992,-34.12462912683684
70.3159,70.3159,259.0,273.2915588391595,272.5421453826306,-50.151558839159506
70.3354,70.3354,281.0,273.3186918001794,272.56449814662096,-28.178691800179408
70.3548,70.3548,256.0,273.34575127752345,272.58673628105237,-53.20575127752345
70.3743,70.3743,280.0,273.37301778826804,272.60908904504277,-29.233017788268043
70.3937,70.3937,256.0,273.40021159806616,272.63132717947417,-53.260211598066164
70.4132,70.4132,249.0,273.42761518262785,272.6536799434645,-60.287615182627846
70.4327,70.4327,278.0,273.4550889631967,272.67603270745485,-31.315088963196715
70.4521,70.4521,284.0,273.4824934804281,272.69827084188626,-25.342493480428104
70.4716,70.4716,285.0,273.5101130711781,272.7206236058766,-24.370113071178125
70.491,70.491,263.0,273.5376644385655,272.74286174030806,-46.39766443856551
70.5105,70.5105,315.0,273.5654341789841,272.7652145042984,5.574565821015895
70.5299,70.5299,266.0,273.5931376252708,272.7874526387298,-43.4531376252708
70.5494,70.5494,279.0,273.6210627033476,272.80980540272014,-30.481062703347604
70.5689,70.5689,280.0,273.6490673670415,272.8321581667105,-29.50906736704148
70.5883,70.5883,274.0,273.67700976901693,272.8543963011419,-35.53700976901693
70.6078,70.6078,263.0,273.70517950110474,272.87674906513223,-46.56517950110474
70.6272,70.6272,286.0,273.73328892754654,272.8989871995637,-23.59328892754654
70.6467,70.6467,282.0,273.76162827280353,272.92133996355403,-27.621628272803534
70.6661,70.6661,300.0,273.78991129459456,272.94357809798544,-9.64991129459456
70.6856,70.6856,281.0,273.8184281921793,272.9659308619758,-28.678428192179283
70.7051,70.7051,300.0,273.8470376187399,272.9882836259661,-9.707037618739875
70.7245,70.7245,291.0,273.87559183486275,273.0105217603976,-18.735591834862745
70.744,70.744,287.0,273.90438815293345,273.0328745243879,-22.76438815293345
70.7634,70.7634,259.0,273.9331325416258,273.0551126588193,-50.79313254162581
70.7829,70.7829,275.0,273.96212299162977,273.07746542280967,-34.82212299162977
70.8023,70.8023,257.0,273.9910649276946,273.09970355724107,-52.851064927694594
70.8218,70.8218,271.0,274.0202590945656,273.1220563212314,-38.880259094565574
70.8413,70.8413,249.0,274.04955726622575,273.1444090852218,-60.90955726622575
70.8607,70.8607,262.0,274.07881059531053,273.1666472196532,-47.93881059531053
70.8802,70.8802,305.0,274.1083228844525,273.18899998364355,-4.9683228844524905
70.8996,70.8996,257.0,274.1377941349276,273.21123811807496,-52.99779413492762
70.9191,70.9191,284.0,274.16753110440675,273.2335908820653,-26.027531104406748
70.9385,70.9385,264.0,274.197229206421,273.25582901649676,-46.05722920642101
70.958,70.958,268.0,274.2271988257929,273.2781817804871,-42.087198825792925
70.9775,70.9775,255.0,274.25728668185843,273.30053454447744,-55.11728668185843
70.9969,70.9969,282.0,274.28734285482756,273.32277267890885,-28.147342854827556
71.0164,71.0164,280.0,274.31767994177545,273.3451254428992,-30.17767994177545
71.0358,71.0358,254.0,274.3479871823414,273.3673635773306,-56.2079871823414
71.0553,71.0553,276.0,274.3785819350797,273.38971634132093,-34.238581935079694
71.0747,71.0747,268.0,274.40915087085574,273.4119544757524,-42.26915087085574
71.0942,71.0942,267.0,274.4400120345258,273.43430723974274,-43.30001203452581
71.1137,71.1137,290.0,274.4710142395291,273.4566600037331,-20.331014239529097
71.1331,71.1331,305.0,274.50199733226214,273.4788981381645,-5.361997332262135
71.1526,71.1526,257.0,274.53328577726654,273.5012509021548,-53.39328577726654
71.172,71.172,258.0,274.5645595058351,273.5234890365862,-52.42455950583512
71.1915,71.1915,251.0,274.59614605884235,273.5458418005766,-59.45614605884235
71.2109,71.2109,303.0,274.6277233554461,273.56807993500803,-7.487723355446107
71.2304,71.2304,268.0,274.6596206613297,273.59043269899837,-42.51962066132971
71.2499,71.2499,282.0,274.6916811976329,273.6127854629887,-28.551681197632874
71.2693,71.2693,238.0,274.72374001319344,273.6350235974201,-72.58374001319343
71.2888,71.2888,251.0,274.7561329162017,273.65737636141046,-59.61613291620169
71.3082,71.3082,274.0,274.7885304710354,273.6796144958419,-36.648530471035414
71.3277,71.3277,277.0,274.8212705189755,273.70196725983226,-33.681270518975495
71.3471,71.3471,257.0,274.85402237824127,273.72420539426366,-53.71402237824127
71.3666,71.3666,268.0,274.88712861602676,273.746558158254,-42.74712861602676
71.3861,71.3861,270.0,274.92042302543166,273.76891092224434,-40.78042302543166
71.4055,71.4055,268.0,274.9537387296689,273.79114905667575,-42.813738729668884
71.425,71.425,318.0,274.98742118063547,273.8135018206661,7.152578819364535
71.4444,71.4444,250.0,275.02113328170805,273.83573995509755,-60.881133281708046
71.4639,71.4639,251.0,275.05522737438133,273.8580927190879,-59.91522737438133
71.4833,71.4833,272.0,275.08935553872215,273.8803308535193,-38.949355538722145
71.5028,71.5028,274.0,275.1238779584268,273.90268361750964,-36.98387795842682
71.5223,71.5223,274.0,275.15861964983606,273.9250363815,-37.018619649836054
71.5417,71.5417,278.0,275.1934107552708,273.94727451593144,-33.053410755270804
71.5612,71.5612,268.0,275.2286156437481,273.9696272799218,-43.08861564374813
71.5806,71.5806,301.0,275.2638755519766,273.9918654143532,-10.123875551976582
71.6001,71.6001,238.0,275.2995633184726,274.0142181783435,-73.15956331847262
71.6195,71.6195,255.0,275.3353153529958,274.03645631277493,-56.19531535299579
71.639,71.639,247.0,275.3715092544306,274.0588090767653,-64.23150925443058
71.6584,71.6584,243.0,275.4077784482417,274.08104721119673,-68.26777844824169
71.6779,71.6779,289.0,275.4445034646059,274.1033999751871,-22.304503464605872
71.6974,71.6974,302.0,275.4815084958611,274.1257527391774,-9.341508495861078
71.7168,71.7168,278.0,275.5186041031467,274.1479908736088,-33.378604103146685
71.7363,71.7363,280.0,275.55618257136103,274.17034363759916,-31.416182571361034
71.7557,71.7557,287.0,275.59386460300095,274.1925817720306,-24.45386460300095
71.7752,71.7752,254.0,275.6320464218775,274.2149345360209,-57.492046421877475
71.7946,71.7946,274.0,275.6703459702443,274.23717267045237,-37.530345970244284
71.8141,71.8141,277.0,275.7091674316921,274.2595254344427,-34.569167431692094
71.8336,71.8336,283.0,275.74832020157635,274.28187819843305,-28.608320201576348
71.853,71.853,285.0,275.78761079466335,274.30411633286445,-26.64761079466335
71.8725,71.8725,261.0,275.82744988711573,274.3264690968548,-50.68744988711573
71.8919,71.8919,284.0,275.86744362585256,274.34870723128626,-27.72744362585256
71.9114,71.9114,278.0,275.9080145488155,274.3710599952766,-33.768014548815515
71.9308,71.9308,245.0,275.94875194388436,274.393298129708,-66.80875194388436
71.9503,71.9503,280.0,275.99009113959596,274.41565089369834,-31.85009113959596
71.9698,71.9698,309.0,276.03182660937034,274.4380036576887,-2.891826609370341
71.9892,71.9892,265.0,276.07376004218986,274.4602417921201,-46.93376004218986
72.0087,72.0087,280.0,276.11633494647316,274.4825945561105,-31.97633494647316
72.0281,72.0281,253.0,276.15912232731927,274.5048326905419,-59.019122327319266
72.0476,72.0476,282.0,276.20258051219463,274.52718545453223,-30.06258051219463
72.067,72.067,279.0,276.2462714880856,274.54942358896363,-33.106271488085596
72.0865,72.0865,302.0,276.29066302534227,274.571776352954,-10.150663025342268
72.106,72.106,315.0,276.3355415791764,274.5941291169443,2.8044584208236216
72.1254,72.1254,273.0,276.38069081202434,274.6163672513758,-39.24069081202434
72.1449,72.1449,307.0,276.4265936759835,274.6387200153661,-5.286593675983497
72.1643,72.1643,267.0,276.47278828701747,274.6609581497975,-45.332788287017465
72.1838,72.1838,267.0,276.51977168619834,274.68331091378786,-45.37977168619834
72.2032,72.2032,253.0,276.5670758568009,274.70554904821927,-59.4270758568009
72.2227,72.2227,289.0,276.61520599222683,274.7279018122096,-23.475205992226833
72.2422,72.2422,302.0,276.66394369350286,274.75025457619995,-10.523943693502858
72.2616,72.2616,294.0,276.71304521300107,274.7724927106314,-18.573045213001066
72.2811,72.2811,260.0,276.763041538408,274.79484547462175,-52.623041538408
72.3005,72.3005,309.0,276.81343828914794,274.81708360905316,-3.6734382891479385
72.32,72.32,263.0,276.86477077766267,274.8394363730435,-49.72477077766267
72.3394,72.3394,284.0,276.91654281974684,274.8616745074749,-28.776542819746837
72.3589,72.3589,287.0,276.96931188568834,274.8840272714653,-25.82931188568834
72.3784,72.3784,277.0,277.0228307490965,274.90638003545564,-35.8828307490965
72.3978,72.3978,280.0,277.07684606947834,274.92861816988705,-32.936846069478335
72.4173,72.4173,291.0,277.1319343429922,274.9509709338774,-21.991934342992224
72.4367,72.4367,299.0,277.1875670361326,274.9732090683088,-14.047567036132577
72.4562,72.4562,273.0,277.24434620947034,274.99556183229913,-40.104346209470336
72.4756,72.4756,295.0,277.3017101988309,275.0177999667306,-18.161710198830903
72.4951,72.4951,308.0,277.36028962149715,275.04015273072093,-5.220289621497145
72.5146,72.5146,303.0,277.41980922295147,275.0625054947113,-10.27980922295147
72.534,72.534,274.0,277.480010351873,275.0847436291427,-39.34001035187298
72.5535,72.5535,263.0,277.5415278151391,275.107096393133,-50.40152781513909
72.5729,72.5729,303.0,277.603777420802,275.1293345275644,-10.463777420801975
72.5924,72.5924,297.0,277.6674421882184,275.15168729155477,-16.527442188218387
72.6118,72.6118,271.0,277.7318980443803,275.1739254259862,-42.59189804438027
72.6313,72.6313,265.0,277.7978590758688,275.19627818997657,-48.657859075868814
72.6508,72.6508,262.0,277.8650311701183,275.2186309539669,-51.7250311701183
72.6702,72.6702,269.0,277.93311340105106,275.2408690883983,-44.79311340105106
72.6897,72.6897,259.0,278.0028592238045,275.26322185238865,-54.86285922380448
72.7091,72.7091,301.0,278.0735901359168,275.2854599868201,-12.933590135916788
72.7286,72.7286,237.0,278.1460966824645,275.30781275081046,-77.00609668246447
72.748,72.748,254.0,278.2196874735294,275.33005088524186,-60.079687473529404
72.7675,72.7675,249.0,278.2951668451402,275.3524036492322,-65.15516684514022
72.787,72.787,275.0,278.3722441099182,275.37475641322254,-39.2322441099182
72.8064,72.8064,242.0,278.45055447235427,275.39699454765395,-72.31055447235427
72.8259,72.8259,300.0,278.5309816943567,275.41934731164434,-14.390981694356682
72.8453,72.8453,256.0,278.61276667561685,275.44158544607575,-58.47276667561685
72.8648,72.8648,278.0,278.69681509643397,275.4639382100661,-36.556815096433965
72.8842,72.8842,300.0,278.7823595366746,275.4861763444975,-14.642359536674618
72.9037,72.9037,295.0,278.8703640722009,275.50852910848783,-19.730364072200913
72.9232,72.9232,305.0,278.9604666463184,275.5308818724782,-9.820466646318422
72.9426,72.9426,264.0,279.05228301811195,275.55312000690964,-50.91228301811195
72.9621,72.9621,264.0,279.1468406171914,275.5754727709,-51.0068406171914
72.9815,72.9815,292.0,279.2433050634909,275.5977109053314,-23.10330506349088
73.001,73.001,292.0,279.34273622012563,275.6200636693217,-23.20273622012563
73.0204,73.0204,265.0,279.44424677791926,275.6423018037531,-50.30424677791926
73.0399,73.0399,304.0,279.5490080267649,275.66465456774347,-11.409008026764909
73.0594,73.0594,264.0,279.65659745211644,275.6870073317338,-51.51659745211644
73.0788,73.0788,302.0,279.7666193429092,275.70924546616527,-13.626619342909223
73.0983,73.0983,280.0,279.8802997913617,275.7315982301556,-35.74029979136172
73.1177,73.1177,293.0,279.996646363821,275.753836364587,-22.856646363821014
73.1372,73.1372,278.0,280.11702314805893,275.77618912857736,-37.97702314805893
73.1566,73.1566,311.0,280.2403345968724,275.79842726300876,-5.1003345968724005
73.1761,73.1761,251.0,280.3680492115682,275.82078002699916,-65.22804921156818
73.1956,73.1956,270.0,280.49970706609713,275.8431327909895,-46.35970706609713
73.215,73.215,272.0,280.6348213457647,275.8653709254209,-44.49482134576469
73.2345,73.2345,312.0,280.7750067009317,275.88772368941125,-4.635006700931726
73.2539,73.2539,276.0,280.9190179675573,275.90996182384265,-40.779017967557294
73.2734,73.2734,275.0,281.0686039771644,275.932314587833,-41.9286039771644
73.2928,73.2928,256.0,281.22247613056464,275.95455272226445,-61.08247613056464
73.3123,73.3123,266.0,281.38247003895316,275.9769054862548,-51.24247003895316
73.3318,73.3318,271.0,281.5481581245562,275.99925825024513,-46.40815812455621
73.3512,73.3512,280.0,281.7189042276083,276.02149638467654,-37.57890422760828
73.3707,73.3707,269.0,281.89683127499967,276.0438491486669,-48.75683127499967
73.3901,73.3901,273.0,282.08045938400437,276.0660872830983,-44.94045938400437
73.4096,73.4096,288.0,282.27203226753954,276.0884400470886,-30.132032267539543
73.429,73.429,267.0,282.4700786255129,276.1106781815201,-51.33007862551288
73.4485,73.4485,258.0,282.67698256459977,276.1330309455104,-60.53698256459977
73.468,73.468,280.0,282.8922979690232,276.15538370950077,-38.75229796902322
73.4874,73.4874,283.0,283.1153036665956,276.1776218439322,-35.97530366659559
73.5069,73.5069,291.0,283.34884492922674,276.1999746079225,-28.208844929226743
73.5263,73.5263,255.0,283.5912090917426,276.222212742354,-64.4512090917426
73.5458,73.5458,277.0,283.84540907379386,276.2445655063443,-42.70540907379386
73.5652,73.5652,280.0,284.10959136027384,276.2668036407757,-39.96959136027384
73.5847,73.5847,245.0,284.38724592346927,276.28915640476606,-75.24724592346926
73.6042,73.6042,269.0,284.6777548499892,276.3115091687564,-51.537754849989184
73.6236,73.6236,303.0,284.98055106825353,276.3337473031878,-17.840551068253532
73.6431,73.6431,270.0,285.29954937145135,276.3561000671782,-51.15954937145135
73.6625,73.6625,307.0,285.6325949190337,276.3783382016096,-14.492594919033692
73.682,73.682,257.0,285.9842719292854,276.40069096559995,-64.8442719292854
73.7014,73.7014,270.0,286.3521105299255,276.42292910003135,-52.21211052992548
73.7209,73.7209,310.0,286.7413077983937,276.4452818640217,-12.601307798393677
73.7404,73.7404,264.0,287.1514065295418,276.46763462801204,-59.011406529541816
73.7598,73.7598,299.0,287.5818150522,276.48987276244344,-24.4418150522
73.7793,73.7793,267.0,288.0387624506213,276.51222552643384,-56.89876245062128
73.7987,73.7987,290.0,288.5193650803864,276.53446366086524,-34.37936508038642
73.8182,73.8182,293.0,289.0307954960127,276.5568164248556,-31.89079549601267
73.8376,73.8376,284.0,289.57008547921856,276.579054559287,-41.43008547921856
73.8571,73.8571,303.0,290.14529132936036,276.60140732327733,-23.00529132936036
73.8766,73.8766,274.0,290.7568189047529,276.62376008726767,-52.61681890475289
73.896,73.896,290.0,291.4041890792627,276.64599822169913,-37.26418907926272
73.9155,73.9155,275.0,292.0977537168496,276.6683509856895,-52.95775371684958
73.9349,73.9349,279.0,292.83411556954985,276.6905891201209,-49.69411556954985
73.9544,73.9544,310.0,293.6252135316061,276.7129418841112,-19.485213531606107
73.9738,73.9738,309.0,294.4681377490688,276.7351800185426,-21.328137749068773
73.9933,73.9933,314.0,295.37655397715133,276.757532782533,-17.23655397715133
74.0128,74.0128,295.0,296.3528533710651,276.77988554652336,-37.21285337106512
74.0322,74.0322,287.0,297.3980837934341,276.80212368095476,-46.258083793434125
74.0517,74.0517,261.0,298.53081241127245,276.8244764449451,-73.39081241127245
74.0711,74.0711,292.0,299.74873841975887,276.8467145793765,-43.608738419758865
74.0906,74.0906,298.0,301.07372587333964,276.86906734336685,-38.93372587333964
74.11,74.11,324.0,302.5039609250984,276.8913054777983,-14.363960925098397
74.1295,74.1295,287.0,304.06732224439276,276.91365824178865,-52.927322244392755
74.149,74.149,264.0,305.7714114988175,276.936011005779,-77.63141149881749
74.1684,74.1684,266.0,307.62321606554536,276.9582491402104,-77.48321606554536
74.1879,74.1879,314.0,309.66124164152257,276.98060190420074,-31.521241641522565
74.2073,74.2073,294.0,311.88701056374816,277.00284003863214,-53.74701056374816
74.2268,74.2268,300.0,314.3491253379784,277.0251928026225,-50.20912533797842
74.2462,74.2462,332.0,317.05064310648373,277.04743093705395,-20.910643106483732
74.2657,74.2657,313.0,320.05327811186066,277.0697837010443,-42.91327811186066
74.2852,74.2852,292.0,323.381034138264,277.0921364650346,-67.241034138264
74.3046,74.3046,298.0,327.057959891328,277.11437459946603,-64.91795989132798
74.3241,74.3241,323.0,331.1709326353263,277.1367273634564,-44.03093263532632
74.3435,74.3435,312.0,335.73094270779785,277.15896549788783,-59.59094270779785
74.363,74.363,319.0,340.84689793419193,277.1813182618782,-57.70689793419193
74.3824,74.3824,313.0,346.5311340208307,277.2035563963096,-69.39113402083068
74.4019,74.4019,327.0,352.91358045410317,277.2259091602999,-61.77358045410317
74.4213,74.4213,330.0,360.0059533598197,277.2481472947313,-65.86595335981973
74.4408,74.4408,344.0,367.9506785913655,277.27050005872167,-59.81067859136549
74.4603,74.4603,328.0,376.7847400742085,277.292852822712,-84.64474007420851
74.4797,74.4797,347.0,386.50365003970217,277.31509095714347,-75.36365003970216
74.4992,74.4992,316.0,397.22748247457423,277.3374437211338,-117.08748247457423
74.5186,74.5186,371.0,408.8212312901112,277.3596818555652,-73.6812312901112
74.5381,74.5381,354.0,421.29043401583846,277.38203461955555,-103.15043401583846
74.5575,74.5575,397.0,434.3016017411164,277.404272753987,-73.16160174111637
74.577,74.577,365.0,447.646249943494,277.4266255179773,-118.50624994349401
74.5965,74.5965,405.0,460.7662847979022,277.4489782819677,-91.62628479790219
74.6159,74.6159,391.0,472.9822090373644,277.4712164163991,-117.84220903736438
74.6354,74.6354,423.0,483.7347003448315,277.49356918038944,-96.59470034483148
74.6548,74.6548,432.0,492.26855138259197,277.51580731482085,-96.12855138259197
74.6743,74.6743,472.0,498.1877503715785,277.5381600788112,-62.04775037157849
74.6937,74.6937,498.0,501.2285708804151,277.56039821324265,-39.08857088041508
74.7132,74.7132,481.0,501.54965533069276,277.582750977233,-56.40965533069276
74.7327,74.7327,537.0,499.5506175402894,277.60510374122333,1.5893824597105919
74.7521,74.7521,597.0,495.84141148224455,277.62734187565474,65.29858851775545
74.7716,74.7716,675.0,490.99560474706016,277.6496946396451,148.14439525293983
74.791,74.791,694.0,485.562647663417,277.6719327740765,172.57735233658298
74.8105,74.8105,764.0,479.7957215352984,277.6942855380669,248.34427846470157
74.8299,74.8299,811.0,473.85174526459343,277.7165236724983,301.28825473540655
74.8494,74.8494,892.0,467.58529799744707,277.7388764364886,388.5547020025529
74.8689,74.8689,870.0,460.8324046813981,277.76122920047897,373.3075953186019
74.8883,74.8883,873.0,453.4324108738631,277.78346733491037,383.7075891261369
74.9078,74.9078,905.0,445.18262235700536,277.8058200989007,423.95737764299463
74.9272,74.9272,859.0,436.1787354792713,277.8280582333322,386.96126452072866
74.9467,74.9467,841.0,426.47704588782165,277.8504109973225,378.66295411217834
74.9661,74.9661,808.0,416.42317026413025,277.8726491317539,355.71682973586974
74.9856,74.9856,701.0,406.21172324679935,277.89500189574426,258.92827675320063
75.0051,75.0051,731.0,396.17285837357656,277.9173546597346,298.9671416264234
75.0245,75.0245,686.0,386.58688325164985,277.939592794166,263.55311674835013
75.044,75.044,707.0,377.51488972859585,277.96194555815634,293.62511027140414
75.0634,75.0634,685.0,369.1439825685363,277.9841836925878,279.9960174314637
75.0829,75.0829,668.0,361.4281185142508,278.00653645657815,270.7118814857492
75.1023,75.1023,672.0,354.44690045638345,278.02877459100955,281.69309954361654
75.1218,75.1218,640.0,348.10022655105575,278.0511273549999,256.03977344894423
75.1413,75.1413,637.0,342.34861371038016,278.07348011899023,258.7913862896198
75.1607,75.1607,590.0,337.23599371571623,278.0957182534217,216.90400628428375
75.1802,75.1802,535.0,332.62008206931364,278.11807101741203,166.51991793068635
75.1996,75.1996,514.0,328.4959460768279,278.14030915184344,149.64405392317207
75.2191,75.2191,488.0,324.77028924425156,278.1626619158338,127.36971075574844
75.2385,75.2385,458.0,321.4363509644067,278.1849000502652,100.7036490355933
75.258,75.258,417.0,318.41692442882277,278.2072528142555,62.72307557117723
75.2775,75.2775,433.0,315.6755336619301,278.22960557824587,81.4644663380699
75.2969,75.2969,383.0,313.2253165864671,278.2518437126773,33.9146834135329
75.3164,75.3164,363.0,310.9935652206157,278.27419647666767,16.14643477938428
75.3358,75.3358,316.0,308.97785254234145,278.2964346110991,-28.83785254234145
75.3553,75.3553,353.0,307.1339126964538,278.3187873750894,10.006087303546181
75.3747,75.3747,365.0,305.46116647934537,278.3410255095208,23.678833520654635
75.3942,75.3942,321.0,303.9246288642458,278.36337827351116,-18.78462886424579
75.4137,75.4137,355.0,302.517225785964,278.38573103750156,16.622774214036
75.4331,75.4331,336.0,301.2322396481017,278.40796917193296,-1.0922396481017103
75.4526,75.4526,303.0,300.04415819401606,278.4303219359233,-32.90415819401606
75.472,75.472,331.0,298.955077950658,278.4525600703547,-3.8150779506579937
75.4915,75.4915,296.0,297.94438452200575,278.47491283434505,-37.80438452200575
75.5109,75.5109,301.0,297.01436041300127,278.4971509687765,-31.87436041300127
75.5304,75.5304,294.0,296.14822193375096,278.51950373276685,-38.00822193375096
75.5499,75.5499,295.0,295.3444757594199,278.5418564967572,-36.20447575941988
75.5693,75.5693,304.0,294.6013421290015,278.5640946311886,-26.461342129001522
75.5888,75.5888,294.0,293.9060152373573,278.58644739517894,-35.76601523735728
75.6082,75.6082,326.0,293.2611734586017,278.60868552961034,-3.1211734586017172
75.6277,75.6277,308.0,292.65615168693,278.63103829360074,-20.51615168693
75.6471,75.6471,265.0,292.0935862400676,278.65327642803214,-62.95358624006762
75.6666,75.6666,291.0,291.5643711258487,278.6756291920225,-36.42437112584871
75.6861,75.6861,292.0,291.06872292832395,278.6979819560128,-34.92872292832395
75.7055,75.7055,294.0,290.60618589696185,278.72022009044423,-32.466185896961846
75.725,75.725,298.0,290.1697853991303,278.74257285443457,-28.02978539913032
75.7444,75.7444,311.0,289.76168834283345,278.764810988866,-14.621688342833451
75.7639,75.7639,308.0,289.3757414184228,278.7871637528564,-17.23574141842282
75.7833,75.7833,269.0,289.0142422836674,278.8094018872878,-55.874242283667385
75.8028,75.8028,291.0,288.6717425915065,278.8317546512781,-33.53174259150647
75.8223,75.8223,283.0,288.34881738486723,278.85410741526846,-41.20881738486723
75.8417,75.8417,272.0,288.0454983963163,278.87634554969986,-51.905498396316304
75.8612,75.8612,299.0,287.75742666229746,278.8986983136902,-24.61742666229746
75.8806,75.8806,292.0,287.48651217808373,278.92093644812167,-31.346512178083728
75.9001,75.9001,294.0,287.2288466818916,278.943289212112,-29.08884668189158
75.9195,75.9195,258.0,286.98619666277995,278.9655273465434,-64.84619666277995
75.939,75.939,296.0,286.755139606482,278.98788011053375,-26.615139606481975
75.9585,75.9585,291.0,286.5361570710925,279.0102328745241,-31.396157071092475
75.9779,75.9779,298.0,286.3295281114588,279.03247100895555,-24.189528111458785
75.9974,75.9974,264.0,286.1324065021616,279.0548237729459,-57.992406502161586
76.0168,76.0168,257.0,285.9462348076468,279.0770619073773,-64.80623480764682
76.0363,76.0363,273.0,285.7684698947888,279.09941467136764,-48.62846989478878
76.0557,76.0557,311.0,285.60039842757305,279.12165280579904,-10.460398427573054
76.0752,76.0752,278.0,285.43977433660024,279.1440055697894,-43.29977433660024
76.0947,76.0947,255.0,285.2869864463718,279.1663583337797,-66.14698644637183
76.1141,76.1141,268.0,285.1423681151413,279.1885964682112,-53.00236811514132
76.1336,76.1336,292.0,285.00399103998944,279.21094923220153,-28.863991039989443
76.153,76.153,303.0,284.87288625371144,279.23318736663293,-17.732886253711442
76.1725,76.1725,273.0,284.7473935065786,279.2555401306233,-47.60739350657859
76.1919,76.1919,282.0,284.62841761963983,279.2777782650547,-38.48841761963983
76.2114,76.2114,293.0,284.5144203047501,279.300131029045,-27.374420304750103
76.2309,76.2309,257.0,284.4057731972865,279.3224837930354,-63.26577319728652
76.2503,76.2503,283.0,284.3026935553297,279.3447219274668,-37.16269355532971
76.2698,76.2698,259.0,284.20390434321354,279.36707469145716,-61.06390434321354
76.2892,76.2892,283.0,284.11013688211233,279.38931282588857,-36.97013688211233
76.3087,76.3087,299.0,284.02020106744334,279.4116655898789,-20.880201067443338
76.3281,76.3281,247.0,283.9348392008299,279.43390372431037,-72.79483920082991
76.3476,76.3476,292.0,283.8529454360953,279.4562564883007,-27.712945436095296
76.3671,76.3671,288.0,283.77482045697997,279.47860925229105,-31.634820456979966
76.3865,76.3865,286.0,283.7006117002979,279.50084738672246,-33.56061170029788
76.406,76.406,292.0,283.62942951335873,279.5232001507128,-27.48942951335873
76.4254,76.4254,287.0,283.5618324327158,279.5454382851442,-32.42183243271579
76.4449,76.4449,307.0,283.4969670382858,279.5677910491346,-12.356967038285788
76.4643,76.4643,286.0,283.43538314711446,279.590029183566,-33.295383147114464
76.4838,76.4838,271.0,283.3763014954786,279.61238194755634,-48.23630149547857
76.5033,76.5033,284.0,283.3199275402388,279.6347347115467,-35.17992754023878
76.5227,76.5227,307.0,283.2664089301927,279.6569728459781,-12.12640893019271
76.5422,76.5422,261.0,283.2150744292819,279.67932560996843,-58.07507442928191
76.5616,76.5616,270.0,283.1663656312985,279.70156374439983,-49.0263656312985
76.5811,76.5811,248.0,283.11966922267817,279.72391650839023,-70.97966922267817
76.6005,76.6005,274.0,283.07536774611873,279.74615464282164,-44.93536774611873
76.62,76.62,262.0,283.0329342964973,279.768507406812,-56.89293429649727
76.6395,76.6395,261.0,282.9924867041762,279.7908601708023,-57.8524867041762
76.6589,76.6589,251.0,282.95416142835217,279.8130983052337,-67.81416142835216
76.6784,76.6784,263.0,282.91747675191795,279.83545106922406,-55.777476751917945
76.6978,76.6978,257.0,282.88273365386937,279.8576892036555,-61.742733653869365
76.7173,76.7173,275.0,282.84952194907936,279.88004196764587,-43.70952194907936
76.7367,76.7367,289.0,282.818097457212,279.90228010207727,-29.67809745721199
76.7562,76.7562,285.0,282.7880737957678,279.9246328660676,-33.648073795767786
76.7757,76.7757,283.0,282.7595689777084,279.94698563005795,-35.6195689777084
76.7951,76.7951,277.0,282.73265187338234,279.9692237644894,-41.59265187338234
76.8146,76.8146,275.0,282.70700536334857,279.99157652847975,-43.56700536334857
76.834,76.834,264.0,282.6828176469004,280.01381466291116,-54.54281764690039
76.8535,76.8535,258.0,282.65981038902913,280.0361674269015,-60.51981038902913
76.8729,76.8729,244.0,282.63816451796305,280.0584055613329,-74.49816451796305
76.8924,76.8924,253.0,282.6176064748365,280.08075832532325,-65.47760647483652
76.9119,76.9119,297.0,282.5982247211839,280.1031110893136,-21.458224721183896
76.9313,76.9313,266.0,282.58004665345896,280.12534922374505,-52.440046653458964
76.9508,76.9508,282.0,282.56286370934237,280.1477019877354,-36.422863709342366
76.9702,76.9702,260.0,282.54680722220206,280.1699401221668,-58.40680722220206
76.9897,76.9897,273.0,282.53167159585354,280.19229288615713,-45.39167159585354
77.0091,77.0091,271.0,282.517587693766,280.21453102058854,-47.37758769376602
77.0286,77.0286,268.0,282.50437135366025,280.2368837845789,-50.364371353660246
77.0481,77.0481,254.0,282.4920682303281,280.2592365485693,-64.35206823032807
77.0675,77.0675,290.0,282.4807025880099,280.2814746830007,-28.340702588009876
77.087,77.087,288.0,282.47012431165206,280.303827446991,-30.330124311652057
77.1064,77.1064,256.0,282.46042295463764,280.3260655814224,-62.320422954637635
77.1259,77.1259,283.0,282.45146643773654,280.34841834541277,-35.31146643773654
77.1453,77.1453,280.0,282.4433199357061,280.37065647984423,-38.303319935706085
77.1648,77.1648,281.0,282.4358840371664,280.39300924383457,-37.295884037166374
77.1843,77.1843,247.0,282.429164038489,280.4153620078249,-71.28916403848898
77.2037,77.2037,262.0,282.4231783168858,280.4376001422563,-56.28317831688581
77.2232,77.2232,295.0,282.41783833966986,280.45995290624666,-23.277838339669856
77.2426,77.2426,269.0,282.4131773326536,280.48219104067806,-49.27317733265362
77.2621,77.2621,307.0,282.4091346073001,280.5045438046684,-11.269134607300074
77.2815,77.2815,279.0,282.40571925852845,280.52678193909986,-39.26571925852845
77.301,77.301,266.0,282.40288933086276,280.5491347030902,-52.26288933086276
77.3204,77.3204,270.0,282.40065097101626,280.5713728375216,-48.26065097101626
77.3399,77.3399,256.0,282.3989611051633,280.59372560151195,-62.25896110516332
77.3594,77.3594,308.0,282.39782547577215,280.6160783655023,-10.257825475772151
77.3788,77.3788,260.0,282.39721713295035,280.6383164999337,-58.257217132950345
77.3983,77.3983,252.0,282.3971248332672,280.6606692639241,-66.25712483326718
77.4177,77.4177,266.0,282.39753038767867,280.6829073983555,-52.25753038767867
77.4372,77.4372,266.0,282.398421042374,280.70526016234584,-52.258421042374025
77.4566,77.4566,292.0,282.3997798356154,280.72749829677724,-26.25977983561539
77.4761,77.4761,285.0,282.40160379548774,280.7498510607676,-33.261603795487744
77.4956,77.4956,293.0,282.403875902742,280.7722038247579,-25.263875902742015
77.515,77.515,294.0,282.4065675408106,280.7944419591894,-24.266567540810613
77.5345,77.5345,278.0,282.4096917542713,280.8167947231797,-40.26969175427131
77.5539,77.5539,275.0,282.41321042179885,280.83903285761113,-43.27321042179885
77.5734,77.5734,272.0,282.4171457073053,280.86138562160147,-46.27714570730528
77.5928,77.5928,248.0,282.42144559672,280.8836237560329,-70.28144559671999
77.6123,77.6123,252.0,282.42614944404187,280.9059765200233,-66.28614944404187
77.6318,77.6318,272.0,282.43121718219015,280.92832928401356,-46.29121718219015
77.6512,77.6512,270.0,282.4366171532223,280.950567418445,-48.2966171532223
77.6707,77.6707,247.0,282.4423930650282,280.97292018243536,-71.30239306502823
77.6901,77.6901,289.0,282.44847573164753,280.99515831686676,-29.308475731647533
77.7096,77.7096,279.0,282.45492396178724,281.0175110808571,-39.314923961787244
77.729,77.729,265.0,282.46165497002465,281.03974921528857,-53.32165497002465
77.7485,77.7485,277.0,282.46873736350716,281.0621019792789,-41.32873736350716
77.768,77.768,271.0,282.4761239092782,281.08445474326925,-47.336123909278214
77.7874,77.7874,245.0,282.48377112769117,281.10669287770065,-73.34377112769117
77.8069,77.8069,263.0,282.4917501406852,281.129045641691,-55.35175014068521
77.8263,77.8263,263.0,282.4999660084038,281.1512837761224,-55.359966008403816
77.8458,77.8458,281.0,282.5085034284638,281.17363654011274,-37.368503428463825
77.8652,77.8652,284.0,282.51726462954827,281.1958746745442,-34.377264629548264
77.8847,77.8847,300.0,282.5263323886799,281.21822743853454,-18.386332388679918
77.9042,77.9042,286.0,282.5356605718186,281.2405802025249,-32.395660571818595
77.9236,77.9236,290.0,282.54518648998277,281.2628183369563,-28.405186489982768
77.9431,77.9431,255.0,282.5550081008327,281.2851711009466,-63.41500810083271
77.9625,77.9625,258.0,282.5650166283061,281.3074092353781,-60.425016628306125
77.982,77.982,310.0,282.5753077718183,281.32976199936843,-8.435307771818302
78.0014,78.0014,299.0,282.5857742161359,281.35200013379983,-19.445774216135916
78.0209,78.0209,275.0,282.5965163486122,281.3743528977902,-43.456516348612226
78.0404,78.0404,300.0,282.6074766072914,281.3967056617805,-18.467476607291403
78.0598,78.0598,309.0,282.6185912374103,281.4189437962119,-9.478591237410328
78.0793,78.0793,249.0,282.6299688278749,281.44129656020226,-69.4899688278749
78.0987,78.0987,289.0,282.64149109549186,281.4635346946337,-29.501491095491858
78.1182,78.1182,281.0,282.65326998974984,281.48588745862406,-37.513269989749844
78.1376,78.1376,274.0,282.66518030328814,281.50812559305547,-44.52518030328814
78.1571,78.1571,268.0,282.67734334939416,281.5304783570458,-50.53734334939416
78.1766,78.1766,296.0,282.68968893004484,281.55283112103615,-22.549688930044837
78.196,78.196,280.0,282.7021524819307,281.57506925546755,-38.56215248193068
78.2155,78.2155,267.0,282.7148559061108,281.59742201945795,-51.57485590611081
78.2349,78.2349,256.0,282.7276674139442,281.61966015388936,-62.587667413944175
78.2544,78.2544,301.0,282.74071541261964,281.6420129178797,-17.600715412619635
78.2738,78.2738,248.0,282.7538584980763,281.6642510523111,-70.61385849807628
78.2933,78.2933,262.0,282.7672330344056,281.68660381630144,-56.62723303440559
78.3128,78.3128,262.0,282.7807651097501,281.7089565802918,-56.64076510975012
78.3322,78.3322,250.0,282.79438340066804,281.73119471472324,-68.65438340066804
78.3517,78.3517,263.0,282.80822498995786,281.7535474787136,-55.668224989957864
78.3711,78.3711,264.0,282.82214104461735,281.775785613145,-54.68214104461735
78.3906,78.3906,284.0,282.8362760947655,281.79813837713533,-34.69627609476548
78.41,78.41,297.0,282.850480545458,281.82037651156674,-21.710480545458026
78.4295,78.4295,283.0,282.86489666097805,281.84272927555713,-35.72489666097805
78.449,78.449,260.0,282.879450979103,281.8650820395474,-58.73945097910301
78.4684,78.4684,292.0,282.8940643600707,281.8873201739789,-26.75406436007067
78.4879,78.4879,272.0,282.9088847470411,281.9096729379692,-46.7688847470411
78.5073,78.5073,260.0,282.923756774576,281.9319110724006,-58.78375677457602
78.5268,78.5268,281.0,282.93883080529554,281.95426383639096,-37.79883080529554
78.5462,78.5462,273.0,282.9539517162966,281.97650197082237,-45.813951716296614
78.5657,78.5657,309.0,282.9692716310192,281.99885473481277,-9.829271631019182
78.5852,78.5852,268.0,282.984711048697,282.0212074988031,-50.84471104869702
78.6046,78.6046,263.0,283.0001872983861,282.0434456332345,-55.860187298386094
78.6241,78.6241,268.0,283.0158564661306,282.06579839722485,-50.87585646613057
78.6435,78.6435,270.0,283.03155797628796,282.08803653165626,-48.891557976287956
78.663,78.663,280.0,283.0474495227987,282.1103892956466,-38.90744952279867
78.6824,78.6824,286.0,283.0633678141015,282.13262743007806,-32.923367814101525
78.7019,78.7019,270.0,283.07947487575046,282.1549801940684,-48.93947487575046
78.7214,78.7214,278.0,283.0956843725932,282.17733295805874,-40.95568437259321
78.7408,78.7408,309.0,283.11191297630563,282.19957109249015,-9.971912976305632
78.7603,78.7603,291.0,283.12832461160053,282.2219238564805,-27.988324611600532
78.7797,78.7797,260.0,283.144750528157,282.24416199091195,-59.004750528156976
78.7992,78.7992,277.0,283.16135851655775,282.2665147549023,-42.021358516557754
78.8186,78.8186,272.0,283.17797358057265,282.2887528893337,-47.037973580572654
78.8381,78.8381,266.0,283.1947683621692,282.31110565332403,-53.05476836216921
78.8576,78.8576,273.0,283.21165389910635,282.3334584173144,-46.07165389910635
78.877,78.877,282.0,283.2285426844961,282.3556965517458,-37.08854268449612
78.8965,78.8965,282.0,283.2456064732461,282.3780493157361,-37.105606473246084
78.9159,78.9159,241.0,283.26266899485154,282.4002874501676,-78.12266899485154
78.9354,78.9354,255.0,283.2799046080932,282.4226402141579,-64.1399046080932
78.9548,78.9548,263.0,283.29713471787625,282.4448783485893,-56.15713471787625
78.9743,78.9743,276.0,283.3145349794633,282.46723111257967,-43.1745349794633
78.9938,78.9938,307.0,283.3320167152744,282.48958387657,-12.192016715274391
79.0132,79.0132,293.0,283.3494877084908,282.5118220110014,-26.209487708490812
79.0327,79.0327,269.0,283.36712678839825,282.5341747749918,-50.22712678839825
79.0521,79.0521,267.0,283.384751745124,282.5564129094232,-52.24475174512399
79.0716,79.0716,253.0,283.40254181193495,282.57876567341356,-66.26254181193495
79.091,79.091,275.0,283.42031522184743,282.60100380784496,-44.28031522184743
79.1105,79.1105,283.0,283.43825246253937,282.6233565718353,-36.29825246253937
79.13,79.13,256.0,283.4562626682024,282.64570933582564,-63.316262668202384
79.1494,79.1494,279.0,283.47424911784714,282.6679474702571,-40.334249117847136
79.1689,79.1689,298.0,283.4923985475055,282.69030023424745,-21.3523985475055
79.1883,79.1883,246.0,283.51052275932904,282.71253836867885,-73.37052275932903
79.2078,79.2078,303.0,283.52880659274706,282.7348911326692,-16.38880659274706
79.2272,79.2272,244.0,283.54706306179855,282.7571292671006,-75.40706306179855
79.2467,79.2467,276.0,283.5654791594719,282.779482031091,-43.42547915947192
79.2662,79.2662,271.0,283.5839580425178,282.8018347950813,-48.44395804251779
79.2856,79.2856,243.0,283.6024054577879,282.82407292951274,-76.46240545778788
79.3051,79.3051,281.0,283.62100940343333,282.8464256935031,-38.48100940343333
79.3245,79.3245,264.0,283.63957902387307,282.8686638279345,-55.49957902387307
79.344,79.344,294.0,283.65830444786786,282.8910165919248,-25.518304447867862
79.3634,79.3634,295.0,283.67699266166784,282.91325472635623,-24.53699266166784
79.3829,79.3829,304.0,283.6958355957426,282.9356074903466,-15.555835595742607
79.4024,79.4024,286.0,283.714735335968,282.95796025433697,-33.574735335967986
79.4218,79.4218,259.0,283.7335949041794,282.9801983887684,-60.593594904179426
79.4413,79.4413,303.0,283.7526072408887,283.0025511527587,-16.61260724088872
79.4607,79.4607,263.0,283.77157667729506,283.0247892871901,-56.63157667729506
79.4802,79.4802,287.0,283.7906979463968,283.04714205118046,-32.65069794639679
79.4996,79.4996,276.0,283.8097743264922,283.0693801856119,-43.669774326492174
79.5191,79.5191,275.0,283.82900068360533,283.09173294960226,-44.68900068360533
79.5386,79.5386,265.0,283.8482794212968,283.1140857135926,-54.70827942129681
79.558,79.558,303.0,283.86750964175985,283.136323848024,-16.727509641759852
79.5775,79.5775,303.0,283.8868901964452,283.15867661201435,-16.74689019644522
79.5969,79.5969,265.0,283.9062199480961,283.1809147464458,-54.76621994809612
79.6164,79.6164,262.0,283.9256978933532,283.20326751043615,-57.78569789335317
79.6358,79.6358,264.0,283.9451244253716,283.22550564486755,-55.8051244253716
79.6553,79.6553,277.0,283.9646979379634,283.2478584088579,-42.82469793796342
79.6748,79.6748,241.0,283.9843192451332,283.27021117284824,-78.84431924513318
79.6942,79.6942,257.0,284.0038857861395,283.29244930727964,-62.863885786139505
79.7137,79.7137,265.0,284.0235980883597,283.31480207127,-54.883598088359676
79.7331,79.7331,256.0,284.0432545489973,283.33704020570144,-63.90325454899731
79.7526,79.7526,280.0,284.06305636792797,283.3593929696918,-39.92305636792797
79.772,79.772,277.0,284.08280053499504,283.3816311041232,-42.942800534995044
79.7915,79.7915,288.0,284.10268960988634,283.4039838681135,-31.96268960988634
79.811,79.811,290.0,284.12262165579097,283.42633663210387,-29.982621655790965
79.8304,79.8304,266.0,284.14249346210113,283.4485747665353,-54.00249346210113
79.8499,79.8499,264.0,284.162508635622,283.47092753052567,-56.022508635621975
79.8693,79.8693,274.0,284.1824624729677,283.4931656649571,-46.0424624729677
79.8888,79.8888,293.0,284.2025596969538,283.5155184289474,-27.062559696953812
79.9082,79.9082,323.0,284.2225936896185,283.5377565633788,2.9174063103814802
79.9277,79.9277,248.0,284.24277050309195,283.56010932736916,-72.10277050309195
79.9472,79.9472,277.0,284.2629861791314,283.5824620913595,-43.122986179131416
79.9666,79.9666,264.0,284.2831368131022,283.60470022579096,-56.1431368131022
79.9861,79.9861,251.0,284.30342947826324,283.6270529897813,-69.16342947826324
80.0055,80.0055,257.0,284.32365520440567,283.6492911242127,-63.18365520440567
80.025,80.025,269.0,284.3440231979583,283.67164388820305,-51.20402319795828
80.0444,80.0444,271.0,284.3643222788467,283.69388202263445,-49.224322278846714
80.0639,80.0639,279.0,284.3847629461365,283.7162347866248,-41.244762946136504
80.0833,80.0833,278.0,284.40513461410455,283.73847292105626,-42.265134614104554
80.1028,80.1028,253.0,284.4256462541669,283.7608256850466,-67.2856462541669
80.1223,80.1223,274.0,284.446193693897,283.78317844903694,-46.30619369389699
80.1417,80.1417,269.0,284.4666703117762,283.80541658346834,-51.326670311776226
80.1612,80.1612,263.0,284.48728628716157,283.8277693474587,-57.347286287161566
80.1806,80.1806,228.0,284.50783047496157,283.8500074818901,-92.36783047496156
80.2001,80.2001,279.0,284.5285140739572,283.8723602458805,-41.38851407395718
80.2195,80.2195,254.0,284.54912487747504,283.8945983803119,-66.40912487747504
80.239,80.239,258.0,284.56987468307284,283.91695114430223,-62.42987468307284
80.2585,80.2585,267.0,284.59065725560635,283.9393039082926,-53.450657255606345
80.2779,80.2779,287.0,284.6113653633694,283.961542042724,-33.47136536336937
80.2974,80.2974,239.0,284.63221142779764,283.9838948067143,-81.49221142779764
80.3168,80.3168,322.0,284.65298236916584,284.0061329411458,1.4870176308341598
80.3363,80.3363,270.0,284.6738919620464,284.0284857051361,-50.53389196204641
80.3557,80.3557,289.0,284.6947242696878,284.0507238395675,-31.55472426968781
80.3752,80.3752,286.0,284.71569490498297,284.07307660355787,-34.57569490498297
80.3947,80.3947,282.0,284.73669571553955,284.0954293675482,-38.59669571553955
80.4141,80.4141,264.0,284.75761879264707,284.11766750197967,-56.617618792647065
80.4336,80.4336,250.0,284.77867949972955,284.14002026596995,-70.63867949972955
80.453,80.453,272.0,284.7996611922364,284.1622584004014,-48.659661192236385
80.4725,80.4725,270.0,284.8207807836727,284.18461116439175,-50.680780783672716
80.4919,80.4919,289.0,284.8418203303957,284.20684929882316,-31.701820330395705
80.5114,80.5114,288.0,284.86299663783865,284.2292020628135,-32.72299663783865
80.5309,80.5309,264.0,284.8842017093359,284.25155482680384,-56.74420170933591
80.5503,80.5503,278.0,284.90532593162527,284.27379296123524,-42.76532593162527
80.5698,80.5698,280.0,284.9265870002663,284.29614572522564,-40.786587000266294
80.5892,80.5892,272.0,284.9477664639591,284.31838385965705,-48.80776646395911
80.6087,80.6087,287.0,284.9690819166626,284.3407366236474,-33.829081916662616
80.6281,80.6281,279.0,284.99031551196987,284.3629747580788,-41.85031551196987
80.6476,80.6476,284.0,285.01168528166005,284.38532752206913,-36.87168528166005
80.6671,80.6671,288.0,285.0330822815455,284.40768028605953,-32.89308228154549
80.6865,80.6865,252.0,285.0543951862097,284.42991842049094,-68.91439518620972
80.706,80.706,311.0,285.0758444712762,284.4522711844813,-9.935844471276184
80.7254,80.7254,285.0,285.0972097730114,284.4745093189127,-35.9572097730114
80.7449,80.7449,274.0,285.1187107489177,284.496862082903,-46.97871074891769
80.7643,80.7643,272.0,285.1401271797485,284.5191002173345,-49.0001271797485
80.7838,80.7838,277.0,285.1616794561539,284.5414529813248,-44.021679456153876
80.8033,80.8033,291.0,285.18325688085616,284.56380574531516,-30.043256880856163
80.8227,80.8227,317.0,285.20474890785886,284.58604387974657,-4.064748907858856
80.8422,80.8422,274.0,285.2263760978684,284.6083966437369,-47.08637609786841
80.8616,80.8616,272.0,285.24791720027054,284.6306347781683,-49.107917200270535
80.8811,80.8811,276.0,285.26959396900526,284.65298754215866,-45.129593969005256
80.9005,80.9005,284.0,285.2911835508178,284.6752256765901,-37.15118355081778
80.92,80.92,273.0,285.3129090479889,284.69757844058046,-48.17290904798891
80.9395,80.9395,308.0,285.33465805296953,284.7199312045708,-13.19465805296953
80.9589,80.9589,288.0,285.3563196148319,284.7421693390022,-33.216319614831875
80.9784,80.9784,292.0,285.3781164335494,284.76452210299254,-29.238116433549393
80.9978,80.9978,253.0,285.39982502983236,284.78676023742395,-68.25982502983236
81.0173,81.0173,263.0,285.42166915808394,284.80911300141435,-58.28166915808394
81.0367,81.0367,272.0,285.44342430498654,284.83135113584575,-49.303424304986535
81.0562,81.0562,263.0,285.46531423233984,284.8537038998361,-58.325314232339835
81.0757,81.0757,293.0,285.48722774503113,284.87605666382643,-28.347227745031134
81.0951,81.0951,276.0,285.50905135872364,284.89829479825784,-45.36905135872364
81.1146,81.1146,299.0,285.5310107065194,284.9206475622482,-22.391010706519396
81.134,81.134,298.0,285.5528793536138,284.94288569667964,-23.412879353613775
81.1535,81.1535,293.0,285.57488340313057,284.96523846067,-28.43488340313057
81.1729,81.1729,302.0,285.596797159485,284.9874765951014,-19.456797159484992
81.1924,81.1924,288.0,285.61884568251526,285.0098293590917,-33.47884568251526
81.2119,81.2119,279.0,285.6409168182359,285.03218212308207,-42.50091681823589
81.2313,81.2313,260.0,285.6628965315306,285.05442025751347,-61.52289653153058
81.2508,81.2508,271.0,285.6850114684486,285.07677302150387,-50.54501146844858
81.2702,81.2702,274.0,285.7070350053725,285.0990111559353,-47.56703500537252
81.2897,81.2897,271.0,285.729193346061,285.1213639199256,-50.58919334606098
81.3091,81.3091,252.0,285.7512598586526,285.143602054357,-69.61125985865259
81.3286,81.3286,278.0,285.7734617948678,285.16595481834736,-43.633461794867785
81.3481,81.3481,287.0,285.79568504364306,285.1883075823377,-34.65568504364306
81.3675,81.3675,288.0,285.81781587776004,285.21054571676916,-33.67781587776004
81.387,81.387,320.0,285.84008164783955,285.2328984807595,-1.7000816478395535
81.4064,81.4064,316.0,285.8622546542048,285.2551366151909,-5.722254654204775
81.4259,81.4259,268.0,285.8845631320728,285.27748937918125,-53.7445631320728
81.4453,81.4453,276.0,285.9067781091626,285.29972751361265,-45.76677810916259
81.4648,81.4648,243.0,285.9291284666239,285.322080277603,-78.78912846662392
81.4843,81.4843,291.0,285.9514999208221,285.3444330415934,-30.811499920822072
81.5037,81.5037,255.0,285.9737773927271,285.3666711760248,-66.83377739272707
81.5232,81.5232,292.0,285.99619063137266,285.38902394001514,-29.856190631372655
81.5426,81.5426,269.0,286.01850932327056,285.41126207444654,-52.87850932327056
81.5621,81.5621,268.0,286.0409642120386,285.4336148384369,-53.9009642120386
81.5815,81.5815,284.0,286.06332381131205,285.45585297286834,-37.923323811312045
81.601,81.601,288.0,286.08581950773123,285.4782057368587,-33.94581950773123
81.6205,81.6205,256.0,286.10833586879664,285.500558500849,-65.96833586879664
81.6399,81.6399,293.0,286.1307570808494,285.52279663528043,-28.990757080849377
81.6594,81.6594,267.0,286.1533146652849,285.54514939927077,-55.01331466528488
81.6788,81.6788,262.0,286.1757763524873,285.5673875337022,-60.035776352487275
81.6983,81.6983,258.0,286.1983741591834,285.5897402976925,-64.0583741591834
81.7177,81.7177,279.0,286.22087649424367,285.6119784321239,-43.08087649424367
81.7372,81.7372,263.0,286.24351508636556,285.6343311961143,-59.10351508636556
81.7567,81.7567,266.0,286.2661743424319,285.65668396010466,-56.126174342431895
81.7761,81.7761,276.0,286.28873695949216,285.67892209453606,-46.148736959492155
81.7956,81.7956,265.0,286.2796140245794,285.6694527728311,-57.139614024579416
81.815,81.815,274.0,286.257357116845,285.6468306748621,-48.117357116845014
81.8345,81.8345,275.0,286.2350049415901,285.6240919681406,-47.09500494159009
81.8539,81.8539,260.0,286.21278773801396,285.6014698701715,-62.07278773801396
81.8734,81.8734,277.0,286.19047620451585,285.5787311634501,-45.050476204515846
81.8929,81.8929,284.0,286.1681849741155,285.5559924567286,-38.02818497411549
81.9123,81.9123,289.0,286.14602778666443,285.5333703587595,-33.00602778666443
81.9318,81.9318,290.0,286.1237764781331,285.51063165203806,-31.983776478133095
81.9512,81.9512,271.0,286.10165961701824,285.488009554069,-50.96165961701824
81.9707,81.9707,296.0,286.07944766951016,285.4652708473475,-25.93944766951016
81.9901,81.9901,244.0,286.05737087837275,285.44264874937846,-77.91737087837275
82.0096,82.0096,278.0,286.0351998941423,285.41991004265697,-43.895199894142294
82.0291,82.0291,267.0,286.01304921880455,285.39717133593547,-54.87304921880455
82.0485,82.0485,290.0,285.99103122147716,285.3745492379664,-31.851031221477157
82.068,82.068,268.0,285.9689208241394,285.35181053124495,-53.82892082413939
82.0874,82.0874,280.0,285.9469435132734,285.3291884332759,-41.806943513273424
82.1069,82.1069,273.0,285.9248724205501,285.30644972655443,-48.784872420550116
82.1263,82.1263,307.0,285.90293550087284,285.28382762858536,-14.762935500872842
82.1458,82.1458,267.0,285.88090526369,285.26108892186386,-54.74090526369001
82.1653,82.1653,257.0,285.85889447719404,285.2383502151424,-64.71889447719404
82.1847,82.1847,291.0,285.8370177998191,285.21572811717334,-30.69701779981908
82.2042,82.2042,297.0,285.81504804636944,285.19298941045184,-24.67504804636944
82.2236,82.2236,275.0,285.79321050202765,285.17036731248277,-46.65321050202765
82.2431,82.2431,255.0,285.77128126949214,285.1476286057613,-66.63128126949213
82.2625,82.2625,261.0,285.74948505144584,285.12500650779225,-60.609485051445844
82.282,82.282,226.0,285.7275965669283,285.1022678010708,-95.5875965669283
82.3015,82.3015,272.0,285.70572743053714,285.0795290943493,-49.56572743053714
82.3209,82.3209,283.0,285.6839919629869,285.05690699638023,-38.54399196298691
82.3404,82.3404,283.0,285.6621646510815,285.03416828965874,-38.522164651081525
82.3598,82.3598,253.0,285.64046868356814,285.0115461916897,-68.50046868356814
82.3793,82.3793,272.0,285.61868251266156,284.9888074849682,-49.478682512661564
82.3987,82.3987,282.0,285.59702845773694,284.96618538699914,-39.45702845773694
82.4182,82.4182,288.0,285.57528281301927,284.9434466802777,-33.43528281301927
82.4377,82.4377,281.0,285.55355754486345,284.9207079735562,-40.41355754486345
82.4571,82.4571,271.0,285.5319653001563,284.8980858755872,-50.391965300156286
82.4766,82.4766,289.0,285.5102823093828,284.8753471688657,-32.37028230938277
82.496,82.496,291.0,285.4887302286728,284.8527250708966,-30.348730228672807
82.5155,82.5155,266.0,285.46708908741596,284.8299863641751,-55.327089087415956
82.5349,82.5349,289.0,285.44557939942655,284.8073642662061,-32.30557939942655
82.5544,82.5544,276.0,285.4239792718679,284.7846255594846,-45.28397927186789
82.5739,82.5739,268.0,285.4024008935957,284.76188685276315,-53.26240089359571
82.5933,82.5933,258.0,285.3809545871841,284.7392647547941,-63.24095458718408
82.6128,82.6128,252.0,285.35941847685547,284.7165260480726,-69.21941847685547
82.6322,82.6322,286.0,285.33801386493457,284.6939039501035,-35.198013864934566
82.6517,82.6517,295.0,285.3165204506256,284.67116524338206,-26.176520450625603
82.6711,82.6711,263.0,285.29515803329303,284.648543145413,-58.155158033293034
82.6906,82.6906,274.0,285.2737077447429,284.6258044386915,-47.13370774474292
82.7101,82.7101,305.0,285.25227926400163,284.60306573197005,-16.11227926400163
82.7295,82.7295,275.0,285.2309825085672,284.58044363400097,-46.090982508567194
82.749,82.749,292.0,285.2095963036253,284.5577049272795,-29.06959630362529
82.7684,82.7684,270.0,285.1883430543407,284.53508282931045,-51.04834305434069
82.7879,82.7879,265.0,285.1670019535277,284.51234412258896,-56.02700195352769
82.8073,82.8073,281.0,285.1457911995853,284.4897220246199,-40.00579119958529
82.8268,82.8268,310.0,285.1244945483882,284.46698331789844,-10.984494548388213
82.8462,82.8462,281.0,285.1033292564688,284.44436121992936,-39.96332925646878
82.8657,82.8657,253.0,285.0820759131423,284.42162251320786,-67.94207591314232
82.8852,82.8852,266.0,285.0608462032199,284.3988838064864,-54.92084620321991
82.9046,82.9046,259.0,285.0397482883151,284.37626170851735,-61.89974828831508
82.9241,82.9241,274.0,285.01856409521065,284.35352300179585,-46.87856409521065
82.9435,82.9435,251.0,284.9975101618479,284.33090090382683,-69.85751016184791
82.963,82.963,259.0,284.9763718640485,284.30816219710533,-61.83637186404847
82.9824,82.9824,284.0,284.9553645933393,284.28554009913626,-36.81536459333931
83.0019,83.0019,265.0,284.9342715434823,284.26280139241476,-55.79427154348228
83.0214,83.0214,275.0,284.9132027637197,284.2400626856933,-45.77320276371971
83.0408,83.0408,305.0,284.892265711002,284.21744058772424,-15.752265711001982
83.0603,83.0603,280.0,284.8712428945314,284.1947018810028,-40.731242894531405
83.0797,83.0797,276.0,284.8503528143079,284.1720797830337,-44.71035281430788
83.0992,83.0992,264.0,284.82937882262166,284.1493410763122,-56.68937882262166
83.1186,83.1186,305.0,284.8085352519634,284.1267189783432,-15.668535251963405
83.1381,83.1381,272.0,284.78760930756226,284.1039802716217,-48.64760930756226
83.1576,83.1576,269.0,284.76670794548323,284.0812415649002,-51.62670794548323
83.177,83.177,278.0,284.745938248051,284.05861946693113,-42.605938248051004
83.1965,83.1965,289.0,284.72508449033586,284.0358807602097,-31.58508449033586
83.2159,83.2159,262.0,284.70436398641823,284.0132586622406,-58.56436398641823
83.2354,83.2354,270.0,284.68356131776153,283.9905199555192,-50.54356131776153
83.2548,83.2548,268.0,284.66288913876525,283.9678978575501,-52.52288913876525
83.2743,83.2743,261.0,284.6421366496217,283.9451591508286,-59.502136649621704
83.2938,83.2938,272.0,284.62140994764655,283.9224204441071,-48.481409947646554
83.3132,83.3132,260.0,284.60081471692484,283.8997983461381,-60.460814716924844
83.3327,83.3327,278.0,284.58013833054275,283.8770596394166,-42.44013833054275
83.3521,83.3521,286.0,284.5595950291756,283.85443754144757,-34.419595029175625
83.3716,83.3716,291.0,284.5389717582387,283.83169883472607,-29.398971758238687
83.391,83.391,266.0,284.51847915105833,283.809076736757,-54.37847915105833
83.4105,83.4105,282.0,284.497908819794,283.78633803003555,-38.35790881979402
83.43,83.43,309.0,284.4773649599303,283.76359932331405,-11.337364959930298
83.4494,83.4494,310.0,284.45695225450146,283.740977225345,-10.316952254501459
83.4689,83.4689,285.0,284.4364624113815,283.7182385186235,-35.29646241138151
83.4883,83.4883,272.0,284.41610547553216,283.69561642065446,-48.27610547553216
83.5078,83.5078,259.0,284.3956691078602,283.67287771393296,-61.255669107860214
83.5272,83.5272,274.0,284.37536701080035,283.65025561596394,-46.235367010800346
83.5467,83.5467,290.0,284.35498770829525,283.62751690924244,-30.214987708295254
83.5662,83.5662,245.0,284.33463682094083,283.60477820252095,-75.19463682094083
83.5856,83.5856,257.0,284.31441717431113,283.58215610455187,-63.17441717431113
83.6051,83.6051,296.0,284.2941233261307,283.55941739783043,-24.154123326130716
83.6245,83.6245,272.0,284.27396244596423,283.53679529986135,-48.13396244596423
83.644,83.644,266.0,284.25372482468214,283.51405659313986,-54.11372482468214
83.6634,83.6634,289.0,284.2336221054779,283.49143449517084,-31.093622105477877
83.6829,83.6829,280.0,284.213444973749,283.46869578844934,-40.073444973749005
83.7024,83.7024,272.0,284.19329719252175,283.4459570817279,-48.053297192521754
83.7218,83.7218,286.0,284.17328246650044,283.4233349837588,-34.03328246650044
83.7413,83.7413,267.0,284.1531954822676,283.4005962770373,-53.01319548226762
83.7607,83.7607,289.0,284.13324069236444,283.37797417906825,-30.993240692364438
83.7802,83.7802,288.0,284.11321514022814,283.3552354723468,-31.973215140228135
83.7996,83.7996,260.0,284.0933236864024,283.33261337437773,-59.95332368640241
83.8191,83.8191,265.0,284.06122768379817,283.30987466765623,-54.921227683798165
83.8386,83.8386,270.0,284.0413064826036,283.2871359609348,-49.9013064826036
83.858,83.858,265.0,284.0215212464236,283.2645138629657,-54.88152124642362
83.8775,83.8775,297.0,284.00166574628696,283.2417751562442,-22.86166574628696
83.8969,83.8969,264.0,283.9819431481229,283.2191530582752,-55.84194314812292
83.9164,83.9164,247.0,283.9560815014178,283.1964143515537,-72.81608150141783
83.9358,83.9358,280.0,283.936432262036,283.1737922535846,-39.79643226203602
83.9553,83.9553,244.0,283.916712653655,283.1510535468632,-75.776712653655
83.9748,83.9748,291.0,283.8970286302242,283.1283148401417,-28.757028630224212
83.9942,83.9942,287.0,283.87747995272,283.1056927421726,-32.73747995272002
84.0137,84.0137,276.0,283.8578644135018,283.08295403545117,-43.71786441350177
84.0331,84.0331,283.0,283.8383824144568,283.0603319374821,-36.698382414456816
84.0526,84.0526,262.0,283.8188366047914,283.0375932307606,-57.678836604791385
84.072,84.072,315.0,283.79942650593216,283.0149711327916,-4.65942650593216
84.0915,84.0915,247.0,283.7799496693784,282.9922324260701,-72.63994966937842
84.111,84.111,280.0,283.76051092104893,282.9694937193486,-39.62051092104893
84.1304,84.1304,273.0,283.7412085990254,282.94687162137956,-46.60120859902541
84.1499,84.1499,275.0,283.72184238156393,282.92413291465806,-44.58184238156393
84.1693,84.1693,266.0,283.70261220793634,282.901510816689,-53.56261220793634
84.1888,84.1888,321.0,283.683321097256,282.87877210996754,1.4566789027440024
84.2082,84.2082,269.0,283.6641666358974,282.85615001199847,-50.5241666358974
84.2277,84.2277,282.0,283.6449502984574,282.83341130527697,-37.50495029845739
84.2472,84.2472,283.0,283.6257743457066,282.81067259855547,-36.48577434570659
84.2666,84.2666,260.0,283.6067358660387,282.78805050058645,-59.46673586603872
84.2861,84.2861,294.0,283.58763617963206,282.76531179386495,-25.447636179632056
84.3055,84.3055,271.0,283.56867673783177,282.74268969589593,-48.428676737831765
84.325,84.325,244.0,283.5496591905335,282.71995098917444,-75.40965919053347
84.3444,84.3444,278.0,283.5307781635196,282.69732889120536,-41.390778163519585
84.3639,84.3639,264.0,283.5118425497622,282.6745901844839,-55.371842549762206
84.3834,84.3834,288.0,283.49294870532947,282.6518514777624,-31.352948705329467
84.4028,84.4028,290.0,283.47419196272364,282.62922937979334,-29.334191962723636
84.4223,84.4223,280.0,283.45538249541426,282.60649067307185,-39.315382495414255
84.4417,84.4417,306.0,283.43671286395875,282.5838685751028,-13.296712863958746
84.4612,84.4612,252.0,283.4179899350159,282.56112986838133,-67.2779899350159
84.4806,84.4806,277.0,283.39940486510164,282.5385077704123,-42.259404865101644
84.5001,84.5001,263.0,283.38077016762384,282.5157690636908,-56.240770167623836
84.5196,84.5196,313.0,283.36218039525204,282.4930303569693,-6.222180395252039
84.539,84.539,269.0,283.3437294079395,282.47040825900024,-50.20372940793952
84.5585,84.5585,252.0,283.32523087364456,282.4476695522788,-67.18523087364456
84.5779,84.5779,312.0,283.3068740147069,282.4250474543097,-7.16687401470692
84.5974,84.5974,309.0,283.28846826181655,282.4023087475883,-10.148468261816546
84.6168,84.6168,261.0,283.27020377955404,282.3796866496192,-58.13020377955404
84.6363,84.6363,256.0,283.2518940094875,282.3569479428977,-63.1118940094875
84.6558,84.6558,282.0,283.23363307030036,282.33420923617626,-37.093633070300356
84.6752,84.6752,277.0,283.2155127947149,282.3115871382072,-42.075512794714925
84.6947,84.6947,277.0,283.1973508662106,282.2888484314857,-42.057350866210626
84.7141,84.7141,287.0,283.17933251766397,282.2662263335166,-32.039332517663965
84.7336,84.7336,284.0,283.1612690163994,282.2434876267952,-35.02126901639939
84.753,84.753,288.0,283.1433526532197,282.2208655288261,-31.00335265321972
84.7725,84.7725,293.0,283.12539526743205,282.19812682210465,-25.985395267432054
84.792,84.792,262.0,283.1074908518419,282.17538811538316,-56.96749085184187
84.8114,84.8114,276.0,283.08972933217984,282.1527660174141,-42.94972933217984
84.8309,84.8309,269.0,283.07193219670455,282.1300273106926,-49.93193219670455
84.8503,84.8503,262.0,283.0542788222965,282.10740521272356,-56.91427882229651
84.8698,84.8698,281.0,283.0365916429283,282.08466650600207,-37.89659164292827
84.8892,84.8892,290.0,283.0190517198354,282.062044408033,-28.879051719835374
84.9087,84.9087,299.0,283.00147727922024,282.03930570131155,-19.86147727922024
84.9282,84.9282,262.0,282.9839577852551,282.01656699459005,-56.843957785255085
84.9476,84.9476,270.0,282.966589260677,281.99394489662103,-48.82658926067698
84.9671,84.9671,261.0,282.9491892658779,281.97120618989953,-57.80918926587792
84.9865,84.9865,274.0,282.93193592848286,281.94858409193046,-44.79193592848286
85.006,85.006,257.0,282.9146559094825,281.92584538520896,-61.77465590948252
85.0254,85.0254,278.0,282.8975260944036,281.90322328723994,-40.75752609440359
85.0449,85.0449,296.0,282.88036829061963,281.88048458051844,-22.740368290619628
85.0644,85.0644,287.0,282.8632720885013,281.85774587379694,-31.723272088501275
85.0838,85.0838,273.0,282.84632959277207,281.8351237758279,-45.706329592772065
85.1033,85.1033,248.0,282.8293632860174,281.8123850691064,-70.68936328601738
85.1227,85.1227,262.0,282.8125465053627,281.78976297113735,-56.67254650536272
85.1422,85.1422,288.0,282.7957113077684,281.7670242644159,-30.655711307768385
85.1616,85.1616,278.0,282.77902974725896,281.74440216644683,-40.63902974725896
85.1811,85.1811,273.0,282.7623260744284,281.72166345972533,-45.622326074428415
85.2006,85.2006,269.0,282.7456943160766,281.6989247530039,-49.605694316076594
85.22,85.22,255.0,282.7292177903498,281.6763026550348,-63.58921779034982
85.2395,85.2395,284.0,282.71272615282015,281.6535639483133,-34.57272615282015
85.2589,85.2589,299.0,282.6963875443706,281.6309418503443,-19.556387544370622
85.2784,85.2784,274.0,282.6800397477848,281.6082031436228,-44.5400397477848
85.2978,85.2978,295.0,282.6638460578841,281.5855810456537,-23.523846057884086
85.3173,85.3173,256.0,282.64764595788614,281.5628423389323,-62.50764595788614
85.3368,85.3368,259.0,282.6315215086773,281.5401036322108,-59.49152150867728
85.3562,85.3562,260.0,282.6155564745951,281.5174815342417,-58.47555647459511
85.3757,85.3757,271.0,282.5995847235365,281.49474282752027,-47.45958472353651
85.3951,85.3951,281.0,282.583772543511,281.4721207295512,-37.443772543510974
85.4146,85.4146,281.0,282.5679601571285,281.4493820228297,-37.42796015712848
85.434,85.434,270.0,282.5523063034654,281.4267599248607,-48.4123063034654
85.4535,85.4535,288.0,282.53665669174876,281.4040212181392,-30.39665669174876
85.473,85.473,263.0,282.5210901859068,281.3812825114177,-55.381090185906814
85.4924,85.4924,259.0,282.5056870519691,281.35866041344866,-59.36568705196912
85.5119,85.5119,261.0,282.4902874254867,281.33592170672716,-57.35028742548671
85.5313,85.5313,265.0,282.4750568083432,281.3132996087581,-53.3350568083432
85.5508,85.5508,288.0,282.45983447354297,281.29056090203665,-30.31983447354297
85.5702,85.5702,283.0,282.44477599323716,281.26793880406757,-35.30477599323716
85.5897,85.5897,271.0,282.42973356254856,281.24520009734607,-47.28973356254856
85.6091,85.6091,269.0,282.4148602123094,281.22257799937705,-49.274860212309406
85.6286,85.6286,260.0,282.3999984596214,281.19983929265555,-58.25999845962137
85.6481,85.6481,295.0,282.3852354632364,281.17710058593406,-23.245235463236426
85.6675,85.6675,257.0,282.3706444833911,281.154478487965,-61.23064448339112
85.687,85.687,308.0,282.3560747443481,281.13173978124354,-10.21607474434812
85.7064,85.7064,267.0,282.341674748981,281.10911768327446,-51.201674748981006
85.7259,85.7259,259.0,282.32730386521575,281.086378976553,-59.18730386521575
85.7453,85.7453,257.0,282.31310481349266,281.06375687858394,-61.17310481349266
85.7648,85.7648,237.0,282.2989391213661,281.04101817186245,-81.15893912136612
85.7843,85.7843,266.0,282.28487838260367,281.01827946514095,-52.144878382603665
85.8037,85.8037,258.0,282.27099686928636,280.99565736717193,-60.13099686928636
85.8232,85.8232,273.0,282.2571461901687,280.97291866045043,-45.117146190168725
85.8426,85.8426,273.0,282.243481420466,280.95029656248136,-45.103481420466025
85.8621,85.8621,272.0,282.2298564406938,280.9275578557599,-46.08985644069382
85.8815,85.8815,299.0,282.2164103784209,280.90493575779084,-19.076410378420903
85.901,85.901,260.0,282.20301363527506,280.8821970510694,-58.063013635275055
85.9205,85.9205,284.0,282.1897338856229,280.8594583443479,-34.0497338856229
85.9399,85.9399,279.0,282.17663987453835,280.8368362463788,-39.03663987453835
85.9594,85.9594,271.0,282.16359554113603,280.8140975396573,-47.02359554113603
85.9788,85.9788,273.0,282.15074455923923,280.7914754416883,-45.01074455923923
85.9983,85.9983,275.0,282.1379502878576,280.7687367349668,-42.99795028785762
86.0177,86.0177,287.0,282.1253436361415,280.74611463699773,-30.985343636141508
86.0372,86.0372,237.0,282.1128041916744,280.7233759302763,-80.9728041916744
86.0567,86.0567,275.0,282.1003952315013,280.7006372235548,-42.960395231501295
86.0761,86.0761,303.0,282.08817801399215,280.6780151255857,-14.948178013992148
86.0956,86.0956,279.0,282.07603634460065,280.6552764188643,-38.93603634460065
86.115,86.115,276.0,282.06409438616936,280.6326543208952,-41.92409438616936
86.1345,86.1345,246.0,282.05222883333437,280.6099156141737,-71.91222883333437
86.1539,86.1539,291.0,282.0405605606927,280.5872935162047,-26.90056056069271
86.1734,86.1734,285.0,282.0289802304488,280.5645548094832,-32.88898023044878
86.1929,86.1929,262.0,282.01754648029123,280.5418161027617,-55.87754648029123
86.2123,86.2123,295.0,282.0063146405143,280.51919400479267,-22.86631464051429
86.2318,86.2318,259.0,281.9951806266674,280.49645529807117,-58.85518062666738
86.2512,86.2512,296.0,281.9842580247708,280.4738332001021,-21.84425802477078
86.2707,86.2707,259.0,281.9734279604908,280.45109449338065,-58.83342796049082
86.2901,86.2901,284.0,281.96281896851366,280.4284723954116,-33.82281896851366
86.3096,86.3096,270.0,281.9523155051401,280.4057336886901,-47.81231550514012
86.3291,86.3291,280.0,281.941977252442,280.38299498196864,-37.80197725244197
86.3485,86.3485,274.0,281.9318534549079,280.36037288399956,-43.79185345490792
86.368,86.368,278.0,281.9218526492013,280.33763417727806,-39.7818526492013
86.3874,86.3874,283.0,281.9120749938347,280.31501207930904,-34.77207499383472
86.4069,86.4069,319.0,281.9024190478914,280.29227337258754,1.2375809521086154
86.4263,86.4263,258.0,281.8929972651722,280.26965127461847,-59.7529972651722
86.4458,86.4458,263.0,281.8837080240281,280.246912567897,-54.74370802402812
86.4653,86.4653,256.0,281.8745980407676,280.22417386117553,-61.73459804076758
86.4847,86.4847,274.0,281.8657313716197,280.20155176320645,-43.72573137161969
86.5042,86.5042,251.0,281.85700999962745,280.178813056485,-66.71700999962745
86.5236,86.5236,272.0,281.84852301541383,280.15619095851594,-45.70852301541383
86.5431,86.5431,270.0,281.84019726048666,280.13345225179444,-47.70019726048666
86.5625,86.5625,272.0,281.8321180738109,280.1108301538254,-45.692118073810875
86.582,86.582,296.0,281.8242027171164,280.0880914471039,-21.684202717116406
86.6015,86.6015,301.0,281.8164909223431,280.0653527403824,-16.67649092234312
86.6209,86.6209,281.0,281.80904161659925,280.04273064241335,-36.669041616599245
86.6404,86.6404,275.0,281.8017709721442,280.0199919356919,-42.6617709721442
86.6598,86.6598,305.0,281.7947530052228,279.99736983772283,-12.654753005222787
86.6793,86.6793,290.0,281.78793177662527,279.9746311310014,-27.64793177662527
86.6987,86.6987,272.0,281.7813778760586,279.9520090330323,-45.64137787605863
86.7182,86.7182,266.0,281.775015298171,279.9292703263108,-51.63501529817101
86.7377,86.7377,265.0,281.7689020643554,279.9065316195893,-52.628902064355415
86.7571,86.7571,294.0,281.7630654562175,279.8839095216203,-23.623065456217475
86.7766,86.7766,271.0,281.75744638949686,279.8611708148988,-46.61744638949686
86.796,86.796,282.0,281.7521023394755,279.8385487169297,-35.61210233947553
86.8155,86.8155,254.0,281.74699678967556,279.8158100102083,-63.60699678967556
86.8349,86.8349,293.0,281.74217983364315,279.7931879122392,-24.60217983364315
86.8544,86.8544,286.0,281.73760120617,279.77044920551776,-31.597601206169983
86.8739,86.8739,295.0,281.73330509163566,279.74771049879627,-22.593305091635656
86.8933,86.8933,271.0,281.7293119746789,279.7250884008272,-46.58931197467892
86.9128,86.9128,266.0,281.72557241668454,279.7023496941057,-51.58557241668454
86.9322,86.9322,258.0,281.72215386276304,279.6797275961367,-59.582153862763036
86.9517,86.9517,250.0,281.71901322371224,279.6569888894152,-67.57901322371224
86.9711,86.9711,305.0,281.7161829320945,279.6343667914461,-12.576182932094511
86.9906,86.9906,286.0,281.7136552878431,279.61162808472466,-31.573655287843096
87.0101,87.0101,276.0,281.71144467343845,279.58888937800316,-41.57144467343845
87.0295,87.0295,277.0,281.70956883793497,279.5662672800341,-40.569568837934966
87.049,87.049,289.0,281.70799995966667,279.54352857331264,-28.567999959666665
87.0684,87.0684,247.0,281.7067863699864,279.52090647534357,-70.56678636998639
87.0879,87.0879,259.0,281.705906993695,279.49816776862207,-58.56590699369501
87.1073,87.1073,269.0,281.70537281924925,279.47554567065305,-48.56537281924925
87.1268,87.1268,267.0,281.7052018400402,279.45280696393155,-50.56520184004022
87.1463,87.1463,275.0,281.70539739729185,279.4300682572101,-42.56539739729185
87.1657,87.1657,291.0,281.70595448545066,279.40744615924103,-26.56595448545066
87.1852,87.1852,278.0,281.7069047511392,279.38470745251954,-39.56690475113918
87.2046,87.2046,267.0,281.70824063685734,279.36208535455046,-50.56824063685734
87.2241,87.2241,258.0,281.7099784487325,279.339346647829,-59.5699784487325
87.2435,87.2435,283.0,281.71210317769635,279.31672454985994,-34.57210317769635
87.263,87.263,269.0,281.714663562535,279.29398584313844,-48.57466356253501
87.2825,87.2825,289.0,281.7176501310706,279.271247136417,-28.577650131070627
87.3019,87.3019,277.0,281.721043652272,279.2486250384479,-40.58104365227199
87.3214,87.3214,262.0,281.7249086225349,279.22588633172643,-55.58490862253488
87.3408,87.3408,255.0,281.72920925495987,279.2032642337574,-62.58920925495987
87.3603,87.3603,285.0,281.7339789610577,279.1805255270359,-32.59397896105769
87.3797,87.3797,283.0,281.7392142833611,279.15790342906683,-34.59921428336109
87.3992,87.3992,277.0,281.74495859557265,279.1351647223454,-40.604958595572654
87.4187,87.4187,279.0,281.7512016901896,279.1124260156239,-38.61120169018959
87.4381,87.4381,261.0,281.757907368719,279.0898039176548,-56.617907368718974
87.4576,87.4576,284.0,281.76517936278157,279.0670652109334,-33.625179362781566
87.477,87.477,282.0,281.7729475844709,279.0444431129643,-35.6329475844709
87.4965,87.4965,242.0,281.78128207015163,279.0217044062428,-75.64128207015163
87.5159,87.5159,286.0,281.7901479706518,278.9990823082738,-31.650147970651787
87.5354,87.5354,272.0,281.79962715860125,278.9763436015523,-45.65962715860125
87.5549,87.5549,301.0,281.8096888502378,278.9536048948308,-16.66968885023782
87.5743,87.5743,277.0,281.8202919626943,278.93098279686177,-40.680291962694284
87.5938,87.5938,276.0,281.83157105947436,278.9082440901403,-41.691571059474356
87.6132,87.6132,259.0,281.8434052277896,278.8856219921712,-58.70340522778962
87.6327,87.6327,270.0,281.85595748801404,278.86288328544975,-47.71595748801404
87.6521,87.6521,283.0,281.8691072043037,278.8402611874807,-34.7291072043037
87.6716,87.6716,254.0,281.88299731267534,278.8175224807592,-63.74299731267534
87.6911,87.6911,273.0,281.8975639334942,278.79478377403774,-44.75756393349421
87.7105,87.7105,293.0,281.91278698776233,278.77216167606866,-24.77278698776233
87.73,87.73,291.0,281.9288125985742,278.74942296934717,-26.78881259857421
87.7494,87.7494,281.0,281.9454857432551,278.72680087137815,-36.80548574325512
87.7689,87.7689,294.0,281.9630270587537,278.70406216465665,-23.82302705875371
87.7883,87.7883,280.0,281.9812663034785,278.68144006668757,-37.84126630347849
87.8078,87.8078,277.0,282.00038131163564,278.65870135996613,-40.860381311635635
87.8273,87.8273,313.0,282.0203480034455,278.63596265324463,-4.880348003445519
87.8467,87.8467,287.0,282.04106410057966,278.61334055527556,-30.90106410057966
87.8662,87.8662,293.0,282.0627550941321,278.59060184855406,-24.922755094132114
87.8856,87.8856,283.0,282.0852094563451,278.56797975058504,-34.945209456345125
87.9051,87.9051,276.0,282.10871744690604,278.54524104386354,-41.96871744690604
87.9245,87.9245,264.0,282.1330521126992,278.5226189458945,-53.9930521126992
87.944,87.944,265.0,282.15845353546655,278.499880239173,-53.01845353546655
87.9635,87.9635,295.0,282.18487969028723,278.4771415324515,-23.04487969028723
87.9829,87.9829,277.0,282.21219770307965,278.45451943448245,-41.07219770307965
88.0024,88.0024,262.0,282.2406975051862,278.431780727761,-56.100697505186176
88.0218,88.0218,271.0,282.270124615807,278.40915862979193,-47.13012461580699
88.0413,88.0413,303.0,282.3008299727555,278.38641992307043,-15.16082997275548
88.0607,88.0607,269.0,282.332498057005,278.3637978251014,-49.19249805700501
88.0802,88.0802,277.0,282.36552978699575,278.3410591183799,-41.22552978699575
88.0997,88.0997,297.0,282.3997776501181,278.3183204116585,-21.259777650118096
88.1191,88.1191,297.0,282.43509934463964,278.2956983136894,-21.295099344639638
88.1386,88.1386,259.0,282.4718516613208,278.2729596069679,-59.33185166132078
88.158,88.158,272.0,282.50976836223214,278.2503375089988,-46.369768362232136
88.1775,88.1775,293.0,282.54923586096595,278.2275988022774,-25.40923586096595
88.1969,88.1969,289.0,282.58987286767876,278.2049767043083,-29.449872867678764
88.2164,88.2164,288.0,282.6321891884121,278.18223799758687,-30.492189188412098
88.2359,88.2359,269.0,282.6759986884701,278.15949929086537,-49.53599868847009
88.2553,88.2553,292.0,282.7210851239506,278.1368771928963,-26.581085123950615
88.2748,88.2748,292.0,282.7680117721394,278.1141384861748,-26.628011772139402
88.2942,88.2942,280.0,282.81633070458406,278.0915163882058,-38.67633070458406
88.3137,88.3137,254.0,282.86657262532947,278.0687776814843,-64.72657262532947
88.3331,88.3331,316.0,282.91825568689393,278.0461555835152,-2.778255686893928
88.3526,88.3526,291.0,282.97202381665664,278.02341687679376,-27.832023816656644
88.372,88.372,273.0,283.02736572259624,278.0007947788247,-45.88736572259624
88.3915,88.3915,265.0,283.0848515513437,277.97805607210324,-53.94485155134372
88.411,88.411,305.0,283.14435202896584,277.95531736538175,-14.00435202896584
88.4304,88.4304,276.0,283.20558325963634,277.93269526741267,-43.06558325963634
88.4499,88.4499,298.0,283.2692115011125,277.90995656069117,-21.129211501112522
88.4693,88.4693,275.0,283.3346638534857,277.88733446272215,-44.19466385348572
88.4888,88.4888,260.0,283.40272212076127,277.86459575600065,-59.26272212076127
88.5082,88.5082,280.0,283.4727055435724,277.8419736580316,-39.332705543572374
88.5277,88.5277,270.0,283.5454869398378,277.81923495131014,-49.405486939837814
88.5472,88.5472,264.0,283.6207598960038,277.79649624458864,-55.48075989600379
88.5666,88.5666,281.0,283.6982165958269,277.77387414661956,-38.55821659582692
88.5861,88.5861,265.0,283.7786705049271,277.7511354398981,-54.638670504927106
88.6055,88.6055,273.0,283.8615166344489,277.72851334192904,-46.72151663444889
88.625,88.625,282.0,283.9476311087645,277.70577463520755,-37.80763110876448
88.6444,88.6444,239.0,284.0362038064674,277.6831525372385,-80.89620380646743
88.6639,88.6639,261.0,284.1283396611467,277.66041383051703,-58.988339661146696
88.6834,88.6834,282.0,284.22366064382794,277.63767512379553,-38.08366064382794
88.7028,88.7028,257.0,284.32172345768515,277.6150530258265,-63.18172345768515
88.7223,88.7223,288.0,284.42375547545123,277.592314319105,-32.28375547545123
88.7417,88.7417,277.0,284.5288079099276,277.56969222113594,-43.38880790992759
88.7612,88.7612,309.0,284.6380689766699,277.5469535144145,-11.498068976669899
88.7806,88.7806,304.0,284.75051928859347,277.5243314164454,-16.610519288593466
88.8001,88.8001,300.0,284.86757164391264,277.5015927097239,-20.72757164391264
88.8196,88.8196,300.0,284.988760521306,277.4788540030025,-20.848760521306005
88.839,88.839,267.0,285.11353726059156,277.4562319050334,-53.973537260591556
88.8585,88.8585,286.0,285.2434729053827,277.4334931983119,-35.1034729053827
88.8779,88.8779,288.0,285.3773790403398,277.4108711003429,-33.2373790403398
88.8974,88.8974,301.0,285.5167630495512,277.3881323936214,-20.376763049551172
88.9168,88.9168,296.0,285.6604089142433,277.3655102956523,-25.520408914243305
88.9363,88.9363,271.0,285.81007146971615,277.3427715889309,-50.67007146971615
88.9558,88.9558,284.0,285.9652027239177,277.3200328822094,-37.825202723917684
88.9752,88.9752,281.0,286.12512383509056,277.2974107842403,-40.98512383509056
88.9947,88.9947,277.0,286.2918647630984,277.27467207751886,-45.151864763098374
89.0141,89.0141,276.0,286.4639260279035,277.2520499795498,-46.32392602790348
89.0336,89.0336,279.0,286.6432014317806,277.2293112728283,-43.503201431780596
89.053,89.053,270.0,286.8283850783026,277.20668917485926,-52.688385078302574
89.0725,89.0725,269.0,287.0215348239535,277.18395046813777,-53.881534823953515
89.092,89.092,269.0,287.2220585128333,277.16121176141627,-54.082058512833314
89.1114,89.1114,289.0,287.4291137930451,277.1385896634472,-34.289113793045075
89.1309,89.1309,241.0,287.6453664379069,277.11585095672575,-82.50536643790689
89.1503,89.1503,275.0,287.8687881561129,277.0932288587567,-48.728788156112884
89.1698,89.1698,322.0,288.1022651570495,277.07049015203523,-1.9622651570494867
89.1892,89.1892,270.0,288.34376047314794,277.04786805406616,-54.20376047314794
89.2087,89.2087,261.0,288.5961450461467,277.02512934734466,-63.456145046146716
89.2282,89.2282,259.0,288.85855581982213,277.00239064062316,-65.71855581982213
89.2476,89.2476,282.0,289.13038544418947,276.97976854265414,-42.99038544418947
89.2671,89.2671,278.0,289.41475704545843,276.95702983593264,-47.27475704545843
89.2865,89.2865,309.0,289.70922117715276,276.93440773796357,-16.569221177152755
89.306,89.306,261.0,290.0176573268952,276.9116690312421,-64.87765732689518
89.3254,89.3254,331.0,290.3374562504471,276.88904693327305,4.802543749552925
89.3449,89.3449,277.0,290.6724677395253,276.8663082265516,-49.5324677395253
89.3644,89.3644,262.0,291.021773008055,276.8435695198301,-64.88177300805499
89.3838,89.3838,262.0,291.38453458811193,276.82094742186104,-65.24453458811193
89.4033,89.4033,299.0,291.7650732111569,276.79820871513954,-28.625073211156902
89.4227,89.4227,298.0,292.16023756986664,276.7755866171705,-30.020237569866637
89.4422,89.4422,270.0,292.57535433583854,276.752847910449,-58.43535433583854
89.4616,89.4616,291.0,293.0070619612567,276.73022581247994,-37.86706196125668
89.4811,89.4811,286.0,293.46051944511197,276.7074871057585,-43.32051944511197
89.5006,89.5006,257.0,293.93523512106475,276.684748399037,-72.79523512106475
89.52,89.52,276.0,294.4296600025333,276.66212630106793,-54.289660002533296
89.5395,89.5395,282.0,294.9500804751909,276.6393875943465,-48.81008047519087
89.5589,89.5589,290.0,295.4923999451367,276.6167654963774,-41.352399945136696
89.5784,89.5784,315.0,296.06416301752574,276.5940267896559,-16.924163017525743
89.5978,89.5978,299.0,296.6606676653737,276.5714046916869,-33.52066766537369
89.6173,89.6173,274.0,297.2902929423228,276.5486659849654,-59.15029294232282
89.6368,89.6368,264.0,297.951708706068,276.52592727824396,-69.81170870606802
89.6562,89.6562,317.0,298.6433909212561,276.5033051802749,-17.503390921256127
89.6757,89.6757,317.0,299.37411541344534,276.4805664735534,-18.234115413445338
89.6951,89.6951,297.0,300.1396735125153,276.4579443755843,-38.99967351251529
89.7146,89.7146,272.0,300.9499731703286,276.43520566886286,-64.80997317032858
89.734,89.734,303.0,301.79921717138114,276.4125835708938,-34.659217171381144
89.7535,89.7535,289.0,302.69983945741404,276.3898448641723,-49.55983945741404
89.773,89.773,298.0,303.65052337845276,276.36710615745085,-41.51052337845276
89.7924,89.7924,283.0,304.6495719686337,276.3444840594818,-57.50957196863372
89.8119,89.8119,274.0,305.71060225738944,276.3217453527603,-67.57060225738944
89.8313,89.8313,255.0,306.8279415588302,276.29912325479125,-87.68794155883022
89.8508,89.8508,299.0,308.0169230806567,276.27638454806976,-44.87692308065668
89.8702,89.8702,299.0,309.26989059312064,276.2537624501007,-46.129890593120635
89.8897,89.8897,280.0,310.60609724274406,276.23102374337924,-66.46609724274406
89.9092,89.9092,316.0,312.02465356987756,276.20828503665774,-31.884653569877557
89.9286,89.9286,317.0,313.5233760862309,276.18566293868867,-32.38337608623088
89.9481,89.9481,274.0,315.125781850737,276.1629242319672,-76.98578185073698
89.9675,89.9675,298.0,316.82255784884273,276.14030213399815,-54.682557848842734
89.987,89.987,298.0,318.6389584949691,276.11756342727665,-56.498958494969074
90.0064,90.0064,295.0,320.5646128969821,276.09494132930763,-61.42461289698211
90.0259,90.0259,294.0,322.6305223470111,276.07220262258613,-64.4905223470111
90.0454,90.0454,307.0,324.83689746874325,276.04946391586464,-53.696897468743245
90.0648,90.0648,279.0,327.1816923051611,276.02684181789556,-84.0416923051611
90.0843,90.0843,303.0,329.70321497605494,276.0041031111741,-62.56321497605494
90.1037,90.1037,320.0,332.3882488033696,275.98148101320504,-48.248248803369606
90.1232,90.1232,297.0,335.2766004878763,275.9587423064836,-74.1366004878763
90.1426,90.1426,300.0,338.357485338778,275.9361202085145,-74.21748533877802
90.1621,90.1621,309.0,341.6768937229928,275.913381501793,-68.53689372299282
90.1816,90.1816,343.0,345.2373064528217,275.8906427950716,-38.09730645282171
90.201,90.201,325.0,349.03533995586133,275.8680206971025,-59.89533995586133
90.2205,90.2205,317.0,353.13219995752036,275.845281990381,-71.99219995752036
90.2399,90.2399,298.0,357.50423752604314,275.82265989241193,-95.36423752604314
90.2594,90.2594,312.0,362.2139969895917,275.7999211856905,-86.07399698959169
90.2788,90.2788,327.0,367.2376281427572,275.7772990877214,-76.09762814275722
90.2983,90.2983,310.0,372.6426094091656,275.754560381,-98.50260940916557
90.3178,90.3178,314.0,378.42134023255716,275.7318216742785,-100.28134023255716
90.3372,90.3372,297.0,384.5544741300149,275.7091995763094,-123.41447413001491
90.3567,90.3567,335.0,391.11860998472486,275.6864608695879,-91.97860998472486
90.3761,90.3761,338.0,398.0457139839208,275.6638387716189,-95.90571398392079
90.3956,90.3956,321.0,405.4080835803718,275.6411000648974,-120.2680835803718
90.415,90.415,329.0,413.11333727489495,275.6184779669283,-119.97333727489494
90.4345,90.4345,300.0,421.2098896669846,275.59573926020687,-157.06988966698464
90.454,90.454,363.0,429.6094536379527,275.5730005534854,-102.4694536379527
90.4734,90.4734,331.0,438.2106202360653,275.55037845551635,-143.07062023606534
90.4929,90.4929,350.0,447.0077161942072,275.52763974879485,-132.86771619420722
90.5123,90.5123,364.0,455.7972170551005,275.5050176508258,-127.65721705510047
90.5318,90.5318,298.0,464.5412819686136,275.4822789441043,-202.4012819686136
90.5512,90.5512,347.0,472.992884274842,275.45965684613526,-161.85288427484204
90.5707,90.5707,326.0,481.0617768735526,275.43691813941376,-190.92177687355263
90.5902,90.5902,344.0,488.5338498741257,275.4141794326923,-180.3938498741257
90.6096,90.6096,323.0,495.1994494366225,275.39155733472325,-208.05944943662251
90.6291,90.6291,350.0,500.97000042169327,275.36881862800175,-186.83000042169328
90.6485,90.6485,358.0,505.66192297260966,275.34619653003267,-183.52192297260967
90.668,90.668,351.0,509.2450581458573,275.32345782331123,-194.1050581458573
90.6874,90.6874,409.0,511.64685157400186,275.30083572534215,-138.50685157400187
90.7069,90.7069,353.0,512.9141522245966,275.27809701862066,-195.7741522245966
90.7264,90.7264,358.0,513.0930786445899,275.2553583118992,-190.95307864458994
90.7458,90.7458,361.0,512.2916383863272,275.23273621393014,-187.15163838632725
90.7653,90.7653,377.0,510.62276116969974,275.20999750720864,-169.48276116969976
90.7847,90.7847,366.0,508.238961265375,275.1873754092396,-178.098961265375
90.8042,90.8042,362.0,505.2310661664734,275.1646367025181,-179.0910661664734
90.8236,90.8236,350.0,501.73746210297156,275.14201460454905,-187.59746210297158
90.8431,90.8431,397.0,497.79817420590916,275.1192758978276,-136.65817420590918
90.8626,90.8626,389.0,493.4825860300131,275.0965371911061,-140.34258603001314
90.882,90.882,370.0,488.8405118971304,275.07391509313703,-154.7005118971304
90.9015,90.9015,393.0,483.83383608310254,275.0511763864156,-126.69383608310254
90.9209,90.9209,345.0,478.5027022579336,275.0285542884465,-169.36270225793362
90.9404,90.9404,372.0,472.78921959830666,275.005815581725,-136.64921959830667
90.9598,90.9598,398.0,466.7540128519745,274.983193483756,-104.6140128519745
90.9793,90.9793,367.0,460.3441583415488,274.9604547770345,-129.2041583415488
90.9988,90.9988,353.0,453.6234181235404,274.937716070313,-136.4834181235404
91.0182,91.0182,372.0,446.67975751492475,274.915093972344,-110.53975751492474
91.0377,91.0377,391.0,439.4998141565302,274.8923552656225,-84.35981415653019
91.0571,91.0571,373.0,432.2322113461255,274.8697331676534,-95.0922113461255
91.0766,91.0766,347.0,424.88210912102244,274.84699446093197,-113.74210912102244
91.096,91.096,373.0,417.60358426808386,274.8243723629629,-80.46358426808386
91.1155,91.1155,384.0,410.38767111621195,274.8016336562414,-62.24767111621195
91.135,91.135,362.0,403.33777344728367,274.77889494951995,-77.19777344728367
91.1544,91.1544,338.0,396.5427591658557,274.7562728515509,-94.40275916585573
91.1739,91.1739,362.0,389.96741469797894,274.7335341448294,-63.82741469797894
91.1933,91.1933,350.0,383.7097401967127,274.71091204686036,-69.56974019671269
91.2128,91.2128,314.0,377.72820328991276,274.68817334013886,-99.58820328991276
91.2322,91.2322,328.0,372.0864124970672,274.6655512421698,-79.94641249706721
91.2517,91.2517,336.0,366.7330531664954,274.64281253544834,-66.59305316649538
91.2711,91.2711,326.0,361.72081188672354,274.62019043747927,-71.58081188672354
91.2906,91.2906,333.0,356.9863892306694,274.59745173075777,-59.846389230669374
91.3101,91.3101,322.0,352.54739741795544,274.57471302403627,-66.40739741795544
91.3295,91.3295,333.0,348.41074519037056,274.55209092606725,-51.27074519037056
91.349,91.349,332.0,344.52222298399954,274.52935221934575,-48.38222298399954
91.3684,91.3684,305.0,340.90180777997705,274.50673012137673,-71.76180777997705
91.3879,91.3879,303.0,337.49965314449014,274.48399141465524,-70.35965314449014
91.4073,91.4073,329.0,334.3362196651854,274.46136931668616,-41.19621966518541
91.4268,91.4268,325.0,331.36161949878635,274.4386306099647,-42.22161949878635
91.4463,91.4463,312.0,328.57963337799947,274.4158919032432,-52.43963337799947
91.4657,91.4657,300.0,325.9905065326004,274.39326980527414,-61.85050653260042
91.4852,91.4852,350.0,323.55274861116953,274.37053109855265,-9.412748611169533
91.5046,91.5046,290.0,321.2801769518732,274.3479090005836,-67.14017695187322
91.5241,91.5241,324.0,319.13869910738197,274.32517029386213,-30.998699107381967
91.5435,91.5435,302.0,317.1403400654437,274.3025481958931,-51.000340065443694
91.563,91.563,296.0,315.2533047258699,274.2798094891716,-55.113304725869895
91.5825,91.5825,323.0,313.4800017041303,274.2570707824501,-26.3400017041303
91.6019,91.6019,270.0,311.82102897464296,274.23444868448104,-77.68102897464296
91.6214,91.6214,299.0,310.250367957941,274.2117099777596,-47.11036795794102
91.6408,91.6408,334.0,308.7776177904842,274.1890878797905,-10.637617790484214
91.6603,91.6603,290.0,307.3821287526432,274.166349173069,-53.24212875264321
91.6797,91.6797,307.0,306.0705697904757,274.1437270751,-34.9305697904757
91.6992,91.6992,306.0,304.82494789038714,274.1209883683785,-34.684947890387136
91.7187,91.7187,291.0,303.64696926368936,274.09824966165706,-48.506969263689356
91.7381,91.7381,304.0,302.5379230525034,274.075627563688,-34.3979230525034
91.7576,91.7576,353.0,301.4812483611365,274.0528888569665,15.658751638863478
91.777,91.777,335.0,300.48416814158867,274.0302667589974,-1.3441681415886677
91.7965,91.7965,307.0,299.5334487448554,274.007528052276,-28.393448744855377
91.8159,91.8159,326.0,298.63435620808986,273.9849059543069,-8.494356208089854
91.8354,91.8354,309.0,297.7752101172836,273.9621672475854,-24.63521011728362
91.8549,91.8549,313.0,296.9579844429517,273.93942854086396,-19.817984442951726
91.8743,91.8743,264.0,296.1836071207962,273.9168064428949,-68.04360712079618
91.8938,91.8938,300.0,295.4416686489248,273.8940677361734,-31.301668648924803
91.9132,91.9132,287.0,294.73788503321776,273.87144563820436,-43.597885033217764
91.9327,91.9327,289.0,294.06238579617064,273.84870693148287,-40.922385796170644
91.9521,91.9521,278.0,293.4203689468022,273.8260848335138,-51.28036894680223
91.9716,91.9716,273.0,292.80356517138375,273.80334612679235,-55.66356517138375
91.9911,91.9911,293.0,292.21388904052156,273.78060742007085,-35.073889040521564
92.0105,92.0105,289.0,291.65197894514995,273.7579853221018,-38.51197894514995
92.03,92.03,306.0,291.1110256499477,273.73524661538033,-20.97102564994769
92.0494,92.0494,272.0,290.5953679783691,273.71262451741126,-54.4553679783691
92.0689,92.0689,289.0,290.0980491988198,273.68988581068976,-36.95804919881981
92.0883,92.0883,312.0,289.62315756139236,273.66726371272074,-13.48315756139236
92.1078,92.1078,281.0,289.1650377308704,273.64452500599924,-44.02503773087038
92.1273,92.1273,268.0,288.7246709965488,273.62178629927774,-56.58467099654881
92.1467,92.1467,322.0,288.3034089287973,273.5991642013087,-2.1634089287972955
92.1662,92.1662,292.0,287.8961200523189,273.5764254945872,-31.756120052318906
92.1856,92.1856,284.0,287.5062462751409,273.55380339661815,-39.36624627514088
92.2051,92.2051,277.0,287.12870409045587,273.5310646898967,-45.98870409045587
92.2245,92.2245,284.0,286.7667456561284,273.50844259192763,-38.62674565612842
92.244,92.244,329.0,286.4162010582092,273.48570388520614,6.723798941790804
92.2635,92.2635,260.0,286.0779492527314,273.4629651784847,-61.9379492527314
92.2829,92.2829,277.0,285.75316089648175,273.4403430805156,-44.613160896481745
92.3024,92.3024,314.0,285.4380649837903,273.4176043737941,-7.298064983790297
92.3218,92.3218,303.0,285.13522738676187,273.3949822758251,-17.99522738676187
92.3413,92.3413,272.0,284.8410065684817,273.3722435691036,-48.7010065684817
92.3607,92.3607,275.0,284.5580928214084,273.3496214711345,-45.41809282140842
92.3802,92.3802,278.0,284.28292038389236,273.3268827644131,-42.14292038389236
92.3997,92.3997,265.0,284.01665057930524,273.3041440576916,-54.876650579305235
92.4191,92.4191,273.0,283.7601563894163,273.2815219597225,-46.620156389416294
92.4386,92.4386,287.0,283.51059198945023,273.25878325300107,-32.37059198945023
92.458,92.458,261.0,283.2698744870525,273.236161155032,-58.129874487052504
92.4775,92.4775,256.0,283.035360305508,273.2134224483105,-62.89536030550799
92.4969,92.4969,288.0,282.8091913221316,273.1908003503415,-30.669191322131596
92.5164,92.5164,266.0,282.5885737907701,273.16806164362,-52.44857379077011
92.5359,92.5359,264.0,282.3744847554903,273.1453229368985,-54.2344847554903
92.5553,92.5553,273.0,282.1677772451206,273.1227008389294,-45.02777724512059
92.5748,92.5748,291.0,281.9659190514055,273.09996213220796,-26.825919051405478
92.5942,92.5942,303.0,281.7707900951062,273.0773400342389,-14.630790095106178
92.6137,92.6137,286.0,281.58019352594647,273.05460132751745,-31.44019352594647
92.6331,92.6331,289.0,281.39590707242957,273.03197922954837,-28.255907072429565
92.6526,92.6526,293.0,281.2156942085958,273.0092405228269,-24.075694208595777
92.6721,92.6721,296.0,281.04038540242635,272.98650181610543,-20.900385402426352
92.6915,92.6915,270.0,280.8707137038239,272.96387971813635,-46.73071370382392
92.711,92.711,334.0,280.70463513418093,272.94114101141486,17.435364865819068
92.7304,92.7304,295.0,280.54372385229465,272.9185189134458,-21.403723852294647
92.7499,92.7499,315.0,280.386225486082,272.89578020672434,-1.2462254860820252
92.7693,92.7693,289.0,280.23354724555116,272.87315810875526,-27.093547245551164
92.7888,92.7888,286.0,280.0839524053247,272.8504194020338,-29.94395240532468
92.8083,92.8083,270.0,279.9381224439567,272.8276806953123,-45.79812244395667
92.8277,92.8277,285.0,279.79669125327655,272.80505859734325,-30.65669125327655
92.8472,92.8472,256.0,279.65797625328725,272.78231989062175,-59.517976253287245
92.8666,92.8666,305.0,279.5233139110228,272.75969779265273,-10.383313911022796
92.8861,92.8861,289.0,279.39128799511803,272.73695908593123,-26.251287995118034
92.9055,92.9055,283.0,279.26299817148663,272.71433698796216,-32.12299817148663
92.925,92.925,285.0,279.1371040582296,272.6915982812407,-29.997104058229624
92.9445,92.9445,269.0,279.01415999225605,272.6688595745192,-45.874159992256054
92.9639,92.9639,284.0,278.8947160774242,272.64623747655014,-30.75471607742422
92.9834,92.9834,295.0,278.77736902549606,272.6234987698287,-19.637369025496056
93.0028,93.0028,303.0,278.66331458949486,272.6008766718596,-11.52331458949486
93.0223,93.0223,282.0,278.5512166462488,272.5781379651381,-32.4112166462488
93.0417,93.0417,268.0,278.4421699690445,272.5555158671691,-46.30216996904453
93.0612,93.0612,303.0,278.3350007278695,272.5327771604476,-11.195000727869498
93.0807,93.0807,287.0,278.23023329191335,272.51003845372617,-27.09023329191335
93.1001,93.1001,279.0,278.1282169506775,272.4874163557571,-34.98821695067748
93.1196,93.1196,275.0,278.02790136033065,272.4646776490356,-38.887901360330645
93.139,93.139,291.0,277.93027197051856,272.4420555510665,-22.79027197051856
93.1585,93.1585,275.0,277.8341969373343,272.4193168443451,-38.6941969373343
93.1779,93.1779,304.0,277.7406228127636,272.396694746376,-9.600622812763604
93.1974,93.1974,280.0,277.64856919277247,272.3739560396545,-33.50856919277247
93.2169,93.2169,295.0,277.55844595319564,272.35121733293306,-18.418445953195643
93.2363,93.2363,283.0,277.4706132717913,272.328595234964,-30.330613271791307
93.2558,93.2558,278.0,277.3841571108118,272.3058565282425,-35.24415711081183
93.2752,93.2752,295.0,277.29993607784115,272.28323443027347,-18.159936077841152
93.2947,93.2947,281.0,277.2169816455708,272.26049572355197,-32.0769816455708
93.3141,93.3141,297.0,277.1361182092479,272.2378736255829,-15.99611820924791
93.3336,93.3336,279.0,277.05652460847904,272.21513491886145,-33.91652460847904
93.3531,93.3531,300.0,276.978507403178,272.19239621213995,-12.838507403178014
93.3725,93.3725,273.0,276.9024386650599,272.1697741141709,-39.76243866505989
93.392,93.392,275.0,276.827519559002,272.14703540744944,-37.687519559001984
93.4114,93.4114,283.0,276.75449738656897,272.12441330948036,-29.61449738656897
93.4309,93.4309,301.0,276.6825356494734,272.10167460275886,-11.542535649473379
93.4503,93.4503,273.0,276.6123935176276,272.07905250478984,-39.472393517627594
93.4698,93.4698,276.0,276.54327188742667,272.05631379806835,-36.40327188742667
93.4893,93.4893,268.0,276.47552895702387,272.03357509134685,-44.33552895702387
93.5087,93.5087,299.0,276.4094653899357,272.0109529933778,-13.26946538993569
93.5282,93.5282,286.0,276.34442122030873,271.98821428665633,-26.20442122030873
93.5476,93.5476,288.0,276.2809713111759,271.96559218868725,-24.140971311175903
93.5671,93.5671,299.0,276.21847066221386,271.9428534819658,-13.07847066221386
93.5865,93.5865,289.0,276.1575638648245,271.92023138399674,-23.01756386482451
93.606,93.606,270.0,276.09755737731155,271.89749267727524,-41.957557377311545
93.6255,93.6255,294.0,276.03876569425705,271.8747539705538,-17.89876569425705
93.6449,93.6449,267.0,275.9814737746844,271.8521318725847,-44.84147377468439
93.6644,93.6644,281.0,275.92507678387153,271.8293931658632,-30.78507678387153
93.6838,93.6838,288.0,275.8701061300578,271.80677106789415,-23.73010613005782
93.7033,93.7033,289.0,275.8160093516081,271.7840323611727,-22.6760093516081
93.7227,93.7227,295.0,275.763339705173,271.76141026320363,-16.623339705172995
93.7422,93.7422,287.0,275.71150528509014,271.7386715564822,-24.57150528509014
93.7617,93.7617,300.0,275.6607803945603,271.7159328497607,-11.520780394560276
93.7811,93.7811,315.0,275.6114356897536,271.6933107517916,3.5285643102464093
93.8006,93.8006,275.0,275.56291333709964,271.6705720450701,-36.422913337099644
93.82,93.82,268.0,275.51570969939854,271.6479499471011,-43.37570969939854
93.8395,93.8395,284.0,275.4693512657543,271.6252112403796,-27.329351265754312
93.8589,93.8589,307.0,275.4243130044714,271.6025891424105,-4.2843130044714
93.8784,93.8784,310.0,275.3800885189404,271.5798504356891,-1.2400885189403965
93.8979,93.8979,303.0,275.33693386678027,271.5571117289676,-8.19693386678027
93.9173,93.9173,249.0,275.2950726725131,271.53448963099856,-62.15507267251307
93.9368,93.9368,284.0,275.25403954962604,271.51175092427707,-27.114039549626042
93.9562,93.9562,281.0,275.21425870350794,271.489128826308,-30.074258703507937
93.9757,93.9757,274.0,275.17535899268233,271.4663901195865,-37.03535899268233
93.9951,93.9951,309.0,275.137694857002,271.4437680216175,-1.9976948570019744
94.0146,94.0146,324.0,275.10089226918836,271.421029314896,13.039107730811637
94.034,94.034,245.0,275.0653629720528,271.3984072169269,-65.92536297205281
94.0535,94.0535,268.0,275.0307081696926,271.37566851020546,-42.890708169692616
94.073,94.073,282.0,274.99712689167615,271.35292980348396,-28.857126891676145
94.0924,94.0924,283.0,274.96480738114235,271.3303077055149,-27.82480738114235
94.1119,94.1119,287.0,274.9334223703075,271.30756899879344,-23.793422370307482
94.1313,94.1313,285.0,274.90327947666674,271.28494690082437,-25.76327947666674
94.1508,94.1508,281.0,274.874103734299,271.26220819410287,-29.734103734299012
94.1702,94.1702,275.0,274.8462168394025,271.23958609613385,-35.70621683940247
94.1897,94.1897,255.0,274.8193160493031,271.21684738941235,-55.6793160493031
94.2092,94.2092,276.0,274.7935658734602,271.19410868269085,-34.65356587346018
94.2286,94.2286,274.0,274.7691434482394,271.17148658472183,-36.62914344823939
94.2481,94.2481,327.0,274.74577782113937,271.14874787800034,16.39422217886063
94.2675,94.2675,304.0,274.72372978341855,271.12612578003126,-6.583729783418548
94.287,94.287,264.0,274.702820406439,271.1033870733098,-46.562820406439
94.3064,94.3064,305.0,274.6832886869754,271.08076497534074,-5.5432886869754014
94.3259,94.3259,291.0,274.6649224442446,271.05802626861924,-19.52492244424461
94.3454,94.3454,287.0,274.6478860594184,271.0352875618978,-23.507886059418396
94.3648,94.3648,291.0,274.63229559852334,271.0126654639287,-19.49229559852334
94.3843,94.3843,295.0,274.6179945891264,270.98992675720723,-15.477994589126396
94.4037,94.4037,278.0,274.6051626915119,270.9673046592382,-32.46516269151191
94.4232,94.4232,300.0,274.59374576132046,270.9445659525167,-10.453745761320462
94.4426,94.4426,272.0,274.5838528248479,270.92194385454764,-38.443852824847895
94.4621,94.4621,315.0,274.57545566174593,270.89920514782614,4.564544338254066
94.4816,94.4816,290.0,274.5686519573358,270.8764664411047,-20.428651957335816
94.501,94.501,286.0,274.56352232205035,270.8538443431356,-24.423522322050346
94.5205,94.5205,273.0,274.5600252814521,270.8311056364142,-37.42002528145211
94.5399,94.5399,307.0,274.55829727136603,270.8084835384451,-3.418297271366029
94.5594,94.5594,311.0,274.5583679836145,270.7857448317236,0.581632016385484
94.5788,94.5788,291.0,274.5602747515913,270.7631227337546,-19.420274751591293
94.5983,94.5983,283.0,274.5641355496263,270.7403840270331,-27.424135549626314
94.6178,94.6178,281.0,274.57002307268743,270.7176453203116,-29.430023072687433
94.6372,94.6372,278.0,274.57794805863864,270.6950232223425,-32.43794805863864
94.6567,94.6567,312.0,274.5880501847553,270.6722845156211,1.5519498152447255
94.6761,94.6761,318.0,274.6003812061022,270.649662417652,7.539618793897787
94.6956,94.6956,247.0,274.6151090936822,270.62692371093055,-63.47510909368218
94.715,94.715,265.0,274.6321699436702,270.6043016129615,-45.49216994367019
94.7345,94.7345,275.0,274.6518935973053,270.58156290624,-35.511893597305274
94.754,94.754,284.0,274.6742965342048,270.55882419951854,-26.534296534204813
94.7734,94.7734,287.0,274.69932454056686,270.53620210154946,-23.559324540566863
94.7929,94.7929,273.0,274.72740480472874,270.51346339482797,-37.587404804728735
94.8123,94.8123,275.0,274.75839381210875,270.49084129685895,-35.61839381210875
94.8318,94.8318,256.0,274.7927188058599,270.46810259013745,-54.65271880585992
94.8512,94.8512,277.0,274.83016366942707,270.4454804921684,-33.690163669427065
94.8707,94.8707,299.0,274.87134950136857,270.42274178544693,-11.73134950136857
94.8902,94.8902,281.0,274.9162198747757,270.40000307872543,-29.77621987477572
94.9096,94.9096,276.0,274.96467523038103,270.37738098075636,-34.82467523038103
94.9291,94.9291,272.0,275.0174821605347,270.35464227403486,-38.87748216053471
94.9485,94.9485,261.0,275.07429270429657,270.33202017606584,-49.93429270429657
94.968,94.968,280.0,275.13584226084373,270.30928146934434,-30.99584226084373
94.9874,94.9874,268.0,275.2018360009101,270.2866593713753,-43.06183600091008
95.0069,95.0069,258.0,275.27316888687164,270.2639206646538,-53.133168886871644
95.0264,95.0264,278.0,275.3497777958269,270.2411819579323,-33.20977779582692
95.0458,95.0458,292.0,275.43147419193537,270.21855985996325,-19.291474191935365
95.0653,95.0653,295.0,275.5195027605339,270.1958211532418,-16.379502760533896
95.0847,95.0847,274.0,275.61325098060536,270.17319905527273,-37.47325098060536
95.1042,95.1042,272.0,275.71392654825905,270.15046034855123,-39.57392654825905
95.1236,95.1236,297.0,275.8210369957756,270.1278382505822,-14.681036995775614
95.1431,95.1431,294.0,275.935963100921,270.1050995438607,-17.795963100921014
95.1626,95.1626,293.0,276.0586048468378,270.0823608371393,-18.918604846837795
95.182,95.182,293.0,276.1886395639177,270.0597387391702,-19.048639563917718
95.2015,95.2015,269.0,276.3280001885049,270.0370000324487,-43.188000188504915
95.2209,95.2209,280.0,276.4756044823275,270.0143779344796,-32.335604482327525
95.2404,95.2404,310.0,276.6335756295633,269.9916392277582,-2.493575629563324
95.2598,95.2598,265.0,276.800830980832,269.9690171297891,-47.66083098083202
95.2793,95.2793,301.0,276.9795690540065,269.9462784230676,-11.839569054006503
95.2988,95.2988,272.0,277.16946223881513,269.92353971634617,-41.02946223881513
95.3182,95.3182,263.0,277.37023264507934,269.9009176183771,-50.23023264507934
95.3377,95.3377,295.0,277.584444322635,269.8781789116556,-18.44444432263502
95.3571,95.3571,295.0,277.8104205332528,269.8555568136866,-18.670420533252795
95.3766,95.3766,312.0,278.0513127833763,269.8328181069651,-1.9113127833763173
95.396,95.396,277.0,278.30521034363966,269.810196008996,-37.16521034363966
95.4155,95.4155,292.0,278.57512988973036,269.78745730227456,-22.435129889730362
95.435,95.435,285.0,278.8606449910442,269.76471859555306,-29.720644991044182
95.4544,95.4544,303.0,279.16069460584924,269.742096497584,-12.020694605849243
95.4739,95.4739,298.0,279.478743757312,269.71935779086255,-17.338743757311974
95.4933,95.4933,261.0,279.81183472944383,269.69673569289347,-54.67183472944383
95.5128,95.5128,284.0,280.16399683092084,269.67399698617197,-32.02399683092084
95.5322,95.5322,316.0,280.53168929677713,269.65137488820295,-0.3916892967771304
95.5517,95.5517,280.0,280.91840161538056,269.62863618148145,-36.77840161538056
95.5712,95.5712,306.0,281.32254745545123,269.60589747475996,-11.182547455451228
95.5906,95.5906,285.0,281.7413228120002,269.58327537679094,-32.60132281200019
95.6101,95.6101,335.0,282.17818029308,269.56053667006944,16.961819706919997
95.6295,95.6295,270.0,282.6274176572837,269.53791457210036,-48.48741765728367
95.649,95.649,311.0,283.0925524931389,269.5151758653789,-7.952552493138896
95.6684,95.6684,296.0,283.56656364913687,269.49255376740985,-23.426563649136867
95.6879,95.6879,276.0,284.05215499237045,269.46981506068835,-43.912154992370446
95.7074,95.7074,268.0,284.5439401049193,269.44707635396685,-52.40394010491927
95.7268,95.7268,295.0,285.0359154953344,269.42445425599783,-25.895915495334393
95.7463,95.7463,304.0,285.5288445242835,269.40171554927633,-17.3888445242835
95.7657,95.7657,309.0,286.0136788699335,269.3790934513073,-12.873678869933528
95.7852,95.7852,274.0,286.49031214001843,269.3563547445858,-48.35031214001843
95.8046,95.8046,300.0,286.94846107871155,269.33373264661674,-22.808461078711545
95.8241,95.8241,283.0,287.3877765123324,269.3109939398953,-40.24777651233238
95.8436,95.8436,306.0,287.8001539081913,269.2882552331738,-17.660153908191305
95.863,95.863,265.0,288.17829472515314,269.2656331352047,-59.038294725153136
95.8825,95.8825,314.0,288.521168819322,269.2428944284833,-10.381168819321985
95.9019,95.9019,308.0,288.8209866249198,269.2202723305142,-16.680986624919782
95.9214,95.9214,296.0,289.0769552670485,269.1975336237927,-28.936955267048504
95.9408,95.9408,285.0,289.28360889212513,269.1749115258237,-40.14360889212513
95.9603,95.9603,289.0,289.44141646701274,269.1521728191022,-36.30141646701274
95.9798,95.9798,301.0,289.5482430616387,269.1294341123807,-24.408243061638686
95.9992,95.9992,311.0,289.604052375352,269.1068120144116,-14.464052375352011
96.0187,96.0187,313.0,289.6105210994585,269.0840733076902,-12.47052109945848
96.0381,96.0381,293.0,289.56929861140713,269.0614512097211,-32.429298611407134
96.0576,96.0576,310.0,289.48228610866596,269.03871250299966,-15.34228610866596
96.077,96.077,326.0,289.35309407996937,269.0160904050306,0.7869059200306339
96.0965,96.0965,278.0,289.18318426621954,268.9933516983091,-47.04318426621954
96.116,96.116,303.0,288.97600638112704,268.97061299158764,-21.836006381127035
96.1354,96.1354,308.0,288.7357200960019,268.94799089361857,-16.595720096001898
96.1549,96.1549,288.0,288.4622165741777,268.92525218689707,-36.322216574177716
96.1743,96.1743,307.0,288.1606068525104,268.902630088928,-17.020606852510397
96.1938,96.1938,281.0,287.8301148352965,268.87989138220655,-42.69011483529651
96.2132,96.2132,313.0,287.47549797938336,268.8572692842375,-10.335497979383362
96.2327,96.2327,318.0,287.09525293391886,268.83453057751603,-4.955252933918857
96.2522,96.2522,287.0,286.6928549693687,268.81179187079454,-35.55285496936868
96.2716,96.2716,316.0,286.27254107135246,268.78916977282546,-6.132541071352463
96.2911,96.2911,279.0,285.83168431345456,268.766431066104,-42.69168431345456
96.3105,96.3105,306.0,285.3772445837034,268.74380896813494,-15.237244583703372
96.33,96.33,299.0,284.9066956016365,268.72107026141344,-21.7666956016365
96.3494,96.3494,292.0,284.42741266331353,268.69844816344437,-28.287412663313532
96.3689,96.3689,286.0,283.9373002246876,268.6757094567229,-33.79730022468759
96.3884,96.3884,282.0,283.44169631838633,268.65297075000143,-37.301696318386334
96.4078,96.4078,300.0,282.9456684719961,268.63034865203235,-18.8056684719961
96.4273,96.4273,272.0,282.4469441219044,268.6076099453109,-46.30694412190438
96.4467,96.4467,291.0,281.95341280777706,268.58498784734184,-26.813412807777055
96.4662,96.4662,319.0,281.4620354023336,268.56224914062034,1.677964597666417
96.4856,96.4856,318.0,280.9801319248569,268.5396270426513,1.159868075143109
96.5051,96.5051,313.0,280.5047454877558,268.5168883359298,-3.364745487755826
96.5246,96.5246,309.0,280.0401700786066,268.4941496292083,-6.9001700786065925
96.544,96.544,302.0,279.5895567580767,268.4715275312393,-13.449556758076696
96.5635,96.5635,300.0,279.14963865345646,268.4487888245178,-15.009638653456463
96.5829,96.5829,350.0,278.72582193841595,268.42616672654873,35.41417806158405
96.6024,96.6024,274.0,278.31399501296727,268.4034280198273,-40.17399501296727
96.6218,96.6218,285.0,277.91883580777477,268.3808059218582,-28.77883580777477
96.6413,96.6413,292.0,277.53660168494076,268.3580672151367,-21.396601684940762
96.6608,96.6608,290.0,277.1692419268849,268.3353285084153,-23.02924192688492
96.6802,96.6802,278.0,276.8182679610881,268.3127064104462,-34.67826796108811
96.6997,96.6997,306.0,276.4799849683552,268.2899677037247,-6.3399849683552105
96.7191,96.7191,297.0,276.1576061872674,268.2673456057557,-15.01760618726739
96.7386,96.7386,292.0,275.8471898014194,268.2446068990342,-19.707189801419403
96.758,96.758,319.0,275.5516159424817,268.2219848010651,7.588384057518297
96.7775,96.7775,266.0,275.26736087588097,268.19924609434366,-45.12736087588097
96.7969,96.7969,291.0,274.9967074577836,268.1766239963746,-19.8567074577836
96.8164,96.8164,290.0,274.7364702639229,268.1538852896531,-20.59647026392291
96.8359,96.8359,315.0,274.48757282293855,268.13114658293165,4.652427177061455
96.8553,96.8553,315.0,274.2506099454853,268.1085244849626,4.88939005451472
96.8748,96.8748,263.0,274.02261400544313,268.0857857782411,-46.88261400544313
96.8942,96.8942,264.0,273.80552420110644,268.06316368027205,-45.665524201106436
96.9137,96.9137,269.0,273.59646750280086,268.04042497355056,-40.45646750280086
96.9331,96.9331,285.0,273.3971735477193,268.0178028755815,-24.25717354771932
96.9526,96.9526,293.0,273.20516896779424,267.99506416886004,-16.065168967794236
96.9721,96.9721,287.0,273.02112151513114,267.97232546213854,-21.88112151513114
96.9915,96.9915,277.0,272.84532674349197,267.94970336416947,-31.705326743491966
97.011,97.011,316.0,272.67568898014815,267.926964657448,7.4643110198518485
97.0304,97.0304,303.0,272.51360460595606,267.90434255947895,-5.373604605956061
97.0499,97.0499,273.0,272.35694355688463,267.88160385275745,-35.21694355688463
97.0693,97.0693,279.0,272.20701186739365,267.85898175478843,-29.067011867393646
97.0888,97.0888,263.0,272.06199987272817,267.83624304806693,-44.921999872728165
97.1083,97.1083,318.0,271.9223468300817,267.81350434134544,10.217653169918279
97.1277,97.1277,273.0,271.7884039357282,267.79088224337636,-34.64840393572818
97.1472,97.1472,257.0,271.65857223812844,267.7681435366549,-50.51857223812844
97.1666,97.1666,274.0,271.53395462851523,267.74552143868584,-33.39395462851523
97.1861,97.1861,289.0,271.4129548572768,267.7227827319644,-18.272954857276815
97.2055,97.2055,311.0,271.2966336206966,267.7001606339953,3.8433663793034185
97.225,97.225,274.0,271.18357934875576,267.6774219272738,-33.043579348755756
97.2445,97.2445,280.0,271.0741691945801,267.65468322055233,-26.93416919458012
97.2639,97.2639,286.0,270.9687620307865,267.6320611225833,-20.82876203078648
97.2834,97.2834,299.0,270.8661286006028,267.6093224158618,-7.726128600602792
97.3028,97.3028,290.0,270.76711932860593,267.58670031789273,-16.62711932860593
97.3223,97.3223,247.0,270.6705539595745,267.5639616111713,-59.530553959574476
97.3417,97.3417,252.0,270.5773108417965,267.5413395132022,-54.437310841796474
97.3612,97.3612,270.0,270.4862389412575,267.5186008064808,-36.34623894125751
97.3807,97.3807,269.0,270.3977202219227,267.4958620997593,-37.257720221922725
97.4001,97.4001,281.0,270.3120703666228,267.4732400017902,-25.172070366622776
97.4196,97.4196,305.0,270.22828873653293,267.4505012950687,-1.088288736532931
97.439,97.439,306.0,270.1471001744613,267.4278791970997,-0.0071001744612857465
97.4585,97.4585,306.0,270.06758834197683,267.4051404903782,0.07241165802317084
97.4779,97.4779,258.0,269.99048468506754,267.3825183924091,-47.85048468506754
97.4974,97.4974,284.0,269.9148633917211,267.35977968568767,-21.774863391721098
97.5169,97.5169,288.0,269.84105850499526,267.3370409789662,-17.70105850499526
97.5363,97.5363,294.0,269.7693569141469,267.3144188809971,-11.629356914146896
97.5558,97.5558,284.0,269.69893995667536,267.29168017427565,-21.55893995667536
97.5752,97.5752,295.0,269.63043864105333,267.2690580763066,-10.49043864105333
97.5947,97.5947,277.0,269.5630944424868,267.2463193695851,-28.42309444248677
97.6141,97.6141,285.0,269.4975430823469,267.22369727161606,-20.357543082346908
97.6336,97.6336,276.0,269.4330184683581,267.20095856489456,-29.293018468358113
97.6531,97.6531,281.0,269.3698136821063,267.17821985817307,-24.229813682106325
97.6725,97.6725,286.0,269.30820219933935,267.15559776020405,-19.168202199339348
97.692,97.692,297.0,269.2474682090449,267.13285905348255,-8.107468209044882
97.7114,97.7114,285.0,269.18819544371837,267.11023695551347,-20.04819544371837
97.7309,97.7309,300.0,269.1297390527712,267.08749824879203,-4.989739052771185
97.7503,97.7503,290.0,269.07263756152855,267.06487615082295,-14.932637561528551
97.7698,97.7698,303.0,269.0162587672647,267.04213744410146,-1.876258767264673
97.7893,97.7893,285.0,268.96086304735707,267.01939873738,-19.820863047357065
97.8087,97.8087,247.0,268.90669821040615,266.99677663941094,-57.76669821040615
97.8282,97.8282,275.0,268.853148111852,266.97403793268944,-29.71314811185202
97.8476,97.8476,276.0,268.80074148745905,266.9514158347204,-28.66074148745905
97.8671,97.8671,267.0,268.74890085851484,266.9286771279989,-37.60890085851484
97.8865,97.8865,267.0,268.698117475882,266.90605503002985,-37.558117475881986
97.906,97.906,284.0,268.6478472442803,266.8833163233084,-20.507847244280285
97.9255,97.9255,319.0,268.5983287947224,266.8605776165869,14.54167120527758
97.9449,97.9449,315.0,268.54977255344414,266.83795551861783,10.590227446555858
97.9644,97.9644,314.0,268.50165392874163,266.8152168118964,9.638346071258368
97.9838,97.9838,287.0,268.454444916323,266.7925947139273,-17.314444916322984
98.0033,98.0033,281.0,268.4076340913945,266.7698560072058,-23.267634091394527
98.0227,98.0227,290.0,268.3616713575867,266.7472339092368,-14.221671357586715
98.0422,98.0422,310.0,268.3160683481194,266.7244952025153,5.823931651880585
98.0617,98.0617,269.0,268.2710505048605,266.7017564957938,-35.13105050486051
98.0811,98.0811,284.0,268.2268036924889,266.6791343978247,-20.086803692488886
98.1006,98.1006,279.0,268.18286504830166,266.6563956911033,-25.042865048301664
98.12,98.12,273.0,268.13967188374613,266.6337735931342,-30.99967188374613
98.1395,98.1395,323.0,268.09674826597353,266.61103488641277,19.04325173402647
98.1589,98.1589,331.0,268.0545233964674,266.5884127884437,27.085476603532598
98.1784,98.1784,288.0,268.0125526262793,266.5656740817222,-15.872552626279273
98.1979,98.1979,298.0,267.97103209259535,266.54293537500075,-5.8310320925953505
98.2173,98.2173,296.0,267.93015347918964,266.5203132770317,-7.790153479189641
98.2368,98.2368,263.0,267.88948655450366,266.4975745703102,-40.74948655450366
98.2562,98.2562,255.0,267.849439031226,266.4749524723411,-48.70943903122598
98.2757,98.2757,299.0,267.8095758264579,266.45221376561966,-4.669575826457887
98.2951,98.2951,303.0,267.77029795825007,266.4295916676506,-0.6302979582500683
98.3146,98.3146,286.0,267.73118854130365,266.40685296092914,-17.59118854130365
98.3341,98.3341,302.0,267.69243563293736,266.38411425420765,-1.5524356329373603
98.3535,98.3535,252.0,267.6542266320344,266.36149215623857,-51.51422663203441
98.373,98.373,302.0,267.6161617743774,266.33875344951707,-1.4761617743774167
98.3924,98.3924,277.0,267.5786144423661,266.31613135154805,-26.438614442366074
98.4119,98.4119,281.0,267.5411897027359,266.29339264482655,-22.40118970273589
98.4313,98.4313,291.0,267.50426331347586,266.27077054685753,-12.36426331347586
98.4508,98.4508,289.0,267.4674454716998,266.24803184013604,-14.327445471699818
98.4703,98.4703,293.0,267.4309161845886,266.22529313341454,-10.290916184588625
98.4897,98.4897,305.0,267.39485061282903,266.2026710354455,1.7451493871709687
98.5092,98.5092,285.0,267.35887885251816,266.179932328724,-18.21887885251816
98.5286,98.5286,269.0,267.3233492397433,266.15731023075494,-34.18334923974332
98.5481,98.5481,272.0,267.2878939451147,266.13457152403345,-31.147893945114717
98.5675,98.5675,290.0,267.2528727377623,266.1119494260644,-13.112872737762288
98.587,98.587,280.0,267.2179100842188,266.08921071934293,-23.07791008421877
98.6065,98.6065,286.0,267.183185376185,266.0664720126215,-17.043185376185008
98.6259,98.6259,290.0,267.1488673897768,266.0438499146524,-13.008867389776796
98.6454,98.6454,297.0,267.1145961891752,266.0211112079309,-5.9745961891751875
98.6648,98.6648,303.0,267.08071457558174,265.99848910996184,0.05928542441826323
98.6843,98.6843,282.0,267.04686999505714,265.9757504032404,-20.906869995057136
98.7037,98.7037,268.0,267.0134063988328,265.9531283052713,-34.873406398832785
98.7232,98.7232,306.0,266.9799684833087,265.9303895985498,3.1600315166912907
98.7427,98.7427,246.0,266.94672488426613,265.9076508918284,-56.80672488426613
98.7621,98.7621,267.0,266.91384324714795,265.8850287938593,-35.77384324714795
98.7816,98.7816,289.0,266.88097409413973,265.8622900871378,-13.74097409413973
98.801,98.801,277.0,266.84845243647914,265.8396679891688,-25.708452436479135
98.8205,98.8205,305.0,266.8159408370603,265.8169292824473,2.3240591629397187
98.8399,98.8399,282.0,266.78376453579546,265.7943071844782,-20.643764535795455
98.8594,98.8594,290.0,266.7515889204661,265.7715684777568,-12.611588920466076
98.8789,98.8789,271.0,266.7195754118966,265.7488297710353,-31.579575411896585
98.8983,98.8983,275.0,266.687885988187,265.7262076730662,-27.54788598818702
98.9178,98.9178,274.0,266.65618627210205,265.70346896634476,-28.516186272102047
98.9372,98.9372,258.0,266.6247969257461,265.6808468683757,-44.484796925746124
98.9567,98.9567,296.0,266.5933970625203,265.6581081616542,-6.453397062520295
98.9761,98.9761,293.0,266.562297636708,265.63548606368516,-9.422297636708024
98.9956,98.9956,267.0,266.53117780460224,265.61274735696367,-35.391177804602236
99.0151,99.0151,282.0,266.5001968424599,265.59000865024217,-20.3601968424599
99.0345,99.0345,272.0,266.46950589888,265.56738655227315,-30.329505898880015
99.054,99.054,291.0,266.4387876543843,265.54464784555165,-11.298787654384327
99.0734,99.0734,297.0,266.408353263597,265.5220257475826,-5.268353263597007
99.0929,99.0929,269.0,266.37788662137626,265.49928704086113,-33.23788662137626
99.1123,99.1123,290.0,266.34769584202473,265.47666494289206,-12.207695842024734
99.1318,99.1318,273.0,266.31746796291355,265.45392623617056,-29.177467962913553
99.1513,99.1513,274.0,266.28735787146434,265.4311875294491,-28.147357871464337
99.1707,99.1707,295.0,266.25751452399044,265.40856543148004,-7.117514523990437
99.1902,99.1902,274.0,266.22762684766786,265.38582672475854,-28.087626847667863
99.2096,99.2096,270.0,266.19800188793147,265.3632046267895,-32.05800188793147
99.2291,99.2291,265.0,266.16832867075806,265.340465920068,-37.02832867075806
99.2485,99.2485,269.0,266.1389101010294,265.31784382209895,-32.99891010102941
99.268,99.268,283.0,266.10944278969623,265.2951051153775,-18.96944278969623
99.2875,99.2875,311.0,266.08007436549997,265.272366408656,9.059925634500033
99.3069,99.3069,301.0,266.0509520534919,265.24974431068694,-0.9109520534919255
99.3264,99.3264,283.0,266.0217744575399,265.22700560396544,-18.88177445753989
99.3458,99.3458,254.0,265.992840379872,265.2043835059964,-47.852840379872006
99.3653,99.3653,279.0,265.96384734038764,265.1816447992749,-22.823847340387644
99.3847,99.3847,277.0,265.93508990898806,265.1590227013059,-24.79508990898806
99.4042,99.4042,314.0,265.90627429671775,265.1362839945844,12.233725703282246
99.4237,99.4237,262.0,265.877541997381,265.1135452878629,-39.737541997381
99.4431,99.4431,290.0,265.84904035685673,265.09092318989383,-11.709040356856733
99.4626,99.4626,284.0,265.82047471593825,265.0681844831724,-17.680474715938246
99.482,99.482,273.0,265.7921341779408,265.0455623852033,-28.652134177940795
99.5015,99.5015,274.0,265.7637267952079,265.02282367848187,-27.6237267952079
99.5209,99.5209,290.0,265.73554142722224,265.0002015805128,-11.595541427222244
99.5404,99.5404,317.0,265.7072864366454,264.9774628737913,15.432713563354596
99.5598,99.5598,287.0,265.6792492791535,264.9548407758223,-14.539249279153509
99.5793,99.5793,275.0,265.65113998034764,264.9321020691008,-26.511139980347636
99.5988,99.5988,285.0,265.6231029744395,264.9093633623793,-16.483102974439518
99.6182,99.6182,258.0,265.59527885025835,264.8867412644102,-43.45527885025835
99.6377,99.6377,294.0,265.5673787761605,264.86400255768876,-7.427378776160523
99.6571,99.6571,301.0,265.539689525981,264.8413804597197,-0.39968952598097474
99.6766,99.6766,258.0,265.51192214743645,264.81864175299825,-43.37192214743645
99.696,99.696,276.0,265.48436153066297,264.79601965502917,-25.344361530662965
99.7155,99.7155,292.0,265.4567229386137,264.7732809483077,-9.316722938613722
99.735,99.735,284.0,265.42914618635956,264.75054224158623,-17.28914618635956
99.7544,99.7544,303.0,265.40177100300065,264.72792014361715,1.7382289969993536
99.7739,99.7739,292.0,265.37431426623414,264.70518143689566,-9.234314266234136
99.7933,99.7933,274.0,265.3470577962082,264.6825593389266,-27.20705779620822
99.8128,99.8128,293.0,265.31971808031125,264.65982063220514,-8.179718080311247
99.8322,99.8322,297.0,265.29257355878866,264.63719853423606,-4.15257355878866
99.8517,99.8517,325.0,265.26534674795204,264.6144598275146,23.874653252047963
99.8712,99.8712,279.0,265.23817304452336,264.5917211207931,-22.098173044523364
99.8906,99.8906,277.0,265.2111921877986,264.56909902282405,-24.071192187798587
99.9101,99.9101,302.0,265.1841254837417,264.54636031610255,0.9558745162583051
99.9295,99.9295,299.0,265.1572481591032,264.52373821813353,-2.0172481591031755
99.949,99.949,288.0,265.130283726195,264.50099951141203,-12.990283726194988
99.9684,99.9684,296.0,265.1035067653292,264.47837741344296,-4.9635067653292
99.9879,99.9879,290.0,265.0766409620344,264.4556387067215,-10.936640962034389
100.0074,100.0074,274.0,265.04982312942957,264.4329,-26.90982312942957
