"limits",30.0009,100.0074
"masked X","X","obs","calc","bkg","diff"
30.0009,30.0009,282.0,251.80884051990589,251.64125860476568,-16.408840519905887
30.0204,30.0204,245.0,251.7208832255977,251.5528288596997,-53.320883225597704
30.0398,30.0398,283.0,251.6333789832393,251.46485260050585,-15.233378983239312
30.0593,30.0593,249.0,251.54542574319058,251.37642285543984,-49.14542574319058
30.0787,30.0787,251.0,251.4579254838507,251.288446596246,-47.05792548385069
30.0982,30.0982,263.0,251.36997620739112,251.20001685118,-34.96997620739112
30.1177,30.1177,252.0,251.28202902930224,251.111587106114,-45.88202902930224
30.1371,30.1371,256.0,251.19453489021026,251.02361084692015,-41.794534890210265
30.1566,30.1566,273.0,251.10659179876313,250.93518110185414,-24.706591798763135
30.176,30.176,240.0,251.01910180460098,250.8472048426603,-57.61910180460098
30.1955,30.1955,257.0,250.93116290341885,250.7587750975943,-40.53116290341885
30.2149,30.2149,257.0,250.84367702828067,250.67079883840043,-40.44367702828067
30.2344,30.2344,263.0,250.75574231736354,250.58236909333445,-34.35574231736354
30.2539,30.2539,273.0,250.6678097695816,250.49393934826844,-24.267809769581596
30.2733,30.2733,255.0,250.5803302607966,250.4059630890746,-42.18033026079659
30.2928,30.2928,273.0,250.49240193566195,250.3175333440086,-24.092401935661947
30.3122,30.3122,266.0,250.40492673371804,250.22955708481473,-31.004926733718044
30.3317,30.3317,262.0,250.31700279314197,250.14112733974875,-34.91700279314197
30.3511,30.3511,239.0,250.22953186565695,250.0531510805549,-57.82953186565695
30.3706,30.3706,236.0,250.14161232906878,249.9647213354889,-60.74161232906878
30.3901,30.3901,238.0,250.05369497504523,249.8762915904229,-58.653694975045234
30.4095,30.4095,256.0,249.96623067297145,249.78831533122903,-40.56623067297145
30.429,30.429,280.0,249.87831778770035,249.69988558616305,-16.478317787700355
30.4484,30.4484,257.0,249.79085794142614,249.6119093269692,-39.39085794142614
30.4679,30.4679,257.0,249.70294962205426,249.5234795819032,-39.302949622054264
30.4873,30.4873,240.0,249.6154943028206,249.43550332270934,-56.215494302820595
30.5068,30.5068,248.0,249.52759047163056,249.34707357764336,-48.12759047163056
30.5263,30.5263,253.0,249.43968898491642,249.25864383257735,-43.03968898491642
30.5457,30.5457,277.0,249.3522405242463,249.1706675733835,-18.9522405242463
30.5652,30.5652,261.0,249.2643436746724,249.0822378283175,-34.864343674672405
30.5846,30.5846,251.0,249.17689990295412,248.99426156912364,-44.77689990295412
30.6041,30.6041,266.0,249.08900777471436,248.90583182405766,-29.689007774714362
30.6235,30.6235,263.0,249.0015686919479,248.81785556486378,-32.60156869194791
30.643,30.643,237.0,248.91368129799517,248.7294258197978,-58.51368129799517
30.6625,30.6625,253.0,248.82579628737705,248.6409960747318,-42.42579628737705
30.6819,30.6819,243.0,248.73836436109102,248.55301981553794,-52.33836436109102
30.7014,30.7014,269.0,248.6504842013361,248.46459007047196,-26.2504842013361
30.7208,30.7208,269.0,248.563057151819,248.37661381127808,-26.16305715181901
30.7403,30.7403,240.0,248.47518189473888,248.2881840662121,-55.07518189473888
30.7597,30.7597,259.0,248.38775972199082,248.20020780701824,-35.98775972199082
30.7792,30.7792,257.0,248.2998894193971,248.11177806195224,-37.89988941939709
30.7987,30.7987,243.0,248.21202163614353,248.02334831688626,-51.812021636143534
30.8181,30.8181,240.0,248.12460693722198,247.93537205769238,-54.724606937221985
30.8376,30.8376,224.0,248.03674413436067,247.8469423126264,-70.63674413436067
30.857,30.857,214.0,247.94933451945465,247.75896605343254,-80.54933451945465
30.8765,30.8765,254.0,247.86147689775555,247.67053630836654,-40.46147689775555
30.8959,30.8959,257.0,247.77407234095918,247.58256004917268,-37.37407234095918
30.9154,30.9154,275.0,247.68621989394592,247.49413030410668,-19.28621989394592
30.9349,30.9349,251.0,247.5983700245609,247.4057005590407,-43.198370024560894
30.9543,30.9543,244.0,247.5109732589373,247.31772429984684,-50.1109732589373
30.9738,30.9738,262.0,247.42312865490842,247.22929455478084,-32.023128654908426
30.9932,30.9932,244.0,247.33573718054677,247.14131829558698,-49.935737180546774
31.0127,31.0127,248.0,247.24789793254442,247.052888550521,-45.84789793254442
31.0321,31.0321,250.0,247.16051177535056,246.96491229132715,-43.76051177535056
31.0516,31.0516,235.0,247.07267792223337,246.87648254626114,-58.67267792223337
31.0711,31.0711,260.0,246.98484672446185,246.78805280119514,-33.58484672446185
31.0905,31.0905,248.0,246.89746868873988,246.7000765420013,-45.49746868873988
31.11,31.11,240.0,246.8096430283355,246.6116467969353,-53.4096430283355
31.1294,31.1294,237.0,246.72227049759843,246.52367053774145,-56.32227049759843
31.1489,31.1489,264.0,246.63445042637287,246.43524079267544,-29.234450426372867
31.1683,31.1683,239.0,246.54708345890876,246.3472645334816,-54.14708345890876
31.1878,31.1878,271.0,246.45926897038558,246.2588347884156,-22.05926897038558
31.2073,31.2073,244.0,246.37145731207224,246.1704050433496,-48.97145731207224
31.2267,31.2267,259.0,246.28409879637908,246.08242878415575,-33.884098796379085
31.2462,31.2462,229.0,246.19629293449105,245.99399903908974,-63.796292934491056
31.2656,31.2656,261.0,246.1089401569351,245.9060227798959,-31.708940156935093
31.2851,31.2851,252.0,246.0211400590901,245.8175930348299,-40.6211400590901
31.3045,31.3045,268.0,245.93379315567685,245.72961677563603,-24.533793155676854
31.324,31.324,253.0,245.84599889311588,245.64118703057005,-39.44599889311588
31.3435,31.3435,285.0,245.75820762915257,245.55275728550407,-7.358207629152567
31.3629,31.3629,237.0,245.67086951428578,245.4647810263102,-55.270869514285785
31.3824,31.3824,232.0,245.5830842604707,245.3763512812442,-60.183084260470714
31.4018,31.4018,232.0,245.49575216222863,245.28837502205033,-60.09575216222863
31.4213,31.4213,231.0,245.40797292503822,245.19994527698435,-61.007972925038224
31.4407,31.4407,233.0,245.32064694056763,245.1119690177905,-58.92064694056763
31.4602,31.4602,248.0,245.2328738301016,245.0235392727245,-43.8328738301016
31.4797,31.4797,229.0,245.14510383480936,244.9351095276585,-62.74510383480936
31.4991,31.4991,249.0,245.05778703394893,244.84713326846466,-42.65778703394893
31.5186,31.5186,224.0,244.9700232949101,244.75870352339865,-67.5700232949101
31.538,31.538,252.0,244.882712763256,244.6707272642048,-39.482712763255996
31.5575,31.5575,260.0,244.79495540352323,244.5822975191388,-31.394955403523234
31.5769,31.5769,270.0,244.70765120584,244.49432125994494,-21.307651205839996
31.5964,31.5964,238.0,244.61990025779556,244.40589151487896,-53.219900257795565
31.6159,31.6159,240.0,244.53215245083075,244.31746176981295,-51.13215245083075
31.6353,31.6353,231.0,244.44485790953868,244.2294855106191,-60.044857909538685
31.6548,31.6548,224.0,244.357116740938,244.1410557655531,-66.957116740938
31.6742,31.6742,244.0,244.26982872791038,244.05307950635924,-46.86982872791038
31.6937,31.6937,215.0,244.18209421062681,243.96464976129326,-75.78209421062681
31.7131,31.7131,264.0,244.09481286186914,243.87667350209938,-26.694812861869146
31.7326,31.7326,249.0,244.00708496352036,243.7882437570334,-41.60708496352036
31.7521,31.7521,224.0,243.91936043940348,243.69981401196742,-66.51936043940347
31.7715,31.7715,247.0,243.8320892133416,243.61183775277354,-43.43208921334159
31.791,31.791,223.0,243.74437155426475,243.52340800770756,-67.34437155426474
31.8104,31.8104,217.0,243.65710714143123,243.43543174851368,-73.25710714143122
31.8299,31.8299,266.0,243.56939640568245,243.3470020034477,-24.169396405682456
31.8493,31.8493,250.0,243.48213896798867,243.25902574425385,-40.082138967988676
31.8688,31.8688,247.0,243.394435213856,243.17059599918784,-42.994435213856015
31.8883,31.8883,235.0,243.30673503472536,243.08216625412186,-54.906735034725365
31.9077,31.9077,246.0,243.21948814717325,242.994189994928,-43.81948814717325
31.9272,31.9272,240.0,243.13179510509357,242.905760249862,-49.731795105093575
31.9466,31.9466,259.0,243.04455534811603,242.81778399066815,-30.644555348116036
31.9661,31.9661,244.0,242.9568695790929,242.72935424560214,-45.55686957909291
31.9855,31.9855,228.0,242.86963715993645,242.64137798640832,-61.46963715993645
32.005,32.005,255.0,242.78195867044627,242.55294824134228,-34.381958670446274
32.0245,32.0245,242.0,242.69428394377528,242.4645184962763,-47.29428394377528
32.0439,32.0439,237.0,242.6070625734473,242.37654223708245,-52.20706257344731
32.0634,32.0634,236.0,242.51939527526767,242.28811249201644,-53.11939527526767
32.0828,32.0828,244.0,242.43218133343115,242.20013623282262,-45.03218133343115
32.1023,32.1023,236.0,242.34452170984812,242.1117064877566,-52.944521709848125
32.1217,32.1217,238.0,242.25731537784364,242.02373022856275,-50.85731537784364
32.1412,32.1412,248.0,242.16966344828657,241.93530048349675,-40.76966344828657
32.1607,32.1607,249.0,242.08201530745444,241.84687073843077,-39.68201530745444
32.1801,32.1801,252.0,241.9948206265886,241.7588944792369,-36.59482062658859
32.1996,32.1996,236.0,241.9071803546467,241.67046473417093,-52.5071803546467
32.219,32.219,240.0,241.81999347143005,241.58248847497705,-48.419993471430054
32.2385,32.2385,249.0,241.7323612173367,241.49405872991105,-39.33236121733669
32.2579,32.2579,212.0,241.64518230015707,241.4060824707172,-76.24518230015707
32.2774,32.2774,237.0,241.55755803800653,241.31765272565121,-51.157558038006535
32.2969,32.2969,241.0,241.46993785602126,241.2292229805852,-47.06993785602126
32.3163,32.3163,237.0,241.38277109514362,241.14124672139135,-50.982771095143626
32.3358,32.3358,230.0,241.29515914472992,241.05281697632537,-57.895159144729924
32.3552,32.3552,246.0,241.20800060894734,240.9648407171315,-41.808000608947346
32.3747,32.3747,232.0,241.12039698077552,240.87641097206551,-55.720396980775526
32.3941,32.3941,224.0,241.0332468449523,240.78843471287163,-63.63324684495229
32.4136,32.4136,250.0,240.94565161026335,240.70000496780565,-37.545651610263356
32.4331,32.4331,275.0,240.85806068889198,240.61157522273965,-12.458060688891983
32.4525,32.4525,243.0,240.77092324043986,240.5235989635458,-44.37092324043986
32.472,32.472,238.0,240.68334093922724,240.4351692184798,-49.28334093922724
32.4914,32.4914,250.0,240.59621206559868,240.34719295928596,-37.19621206559868
32.5109,32.5109,223.0,240.5086385270267,240.25876321421995,-64.1086385270267
32.5303,32.5303,253.0,240.42151850670916,240.1707869550261,-34.021518506709164
32.5498,32.5498,216.0,240.33395378258953,240.08235720996012,-70.93395378258953
32.5693,32.5693,254.0,240.24639350779296,239.9939274648941,-32.84639350779296
32.5887,32.5887,230.0,240.15928685487404,239.90595120570023,-56.75928685487404
32.6082,32.6082,213.0,240.07173561472925,239.81752146063428,-73.67173561472924
32.6276,32.6276,223.0,239.98463791226814,239.7295452014404,-63.58463791226814
32.6471,32.6471,230.0,239.89709592697437,239.6411154563744,-56.497095926974374
32.6665,32.6665,214.0,239.8100074275528,239.55313919718054,-72.41000742755278
32.686,32.686,224.0,239.72247476187468,239.46470945211456,-62.32247476187468
32.7055,32.7055,222.0,239.63494675924258,239.37627970704855,-64.23494675924258
32.7249,32.7249,222.0,239.54787227486491,239.2883034478547,-64.14787227486491
32.7444,32.7444,223.0,239.4603537149011,239.19987370278872,-63.06035371490109
32.7638,32.7638,240.0,239.3732887314797,239.11189744359484,-45.973288731479705
32.7833,32.7833,218.0,239.28577987324223,239.02346769852886,-67.88577987324223
32.8027,32.8027,244.0,239.19872455916493,238.93549143933498,-41.79872455916493
32.8222,32.8222,246.0,239.11122538970088,238.847061694269,-39.71122538970088
32.8416,32.8416,227.0,239.02417990040254,238.75908543507515,-58.624179900402545
32.8611,32.8611,232.0,238.93669058162325,238.67065569000914,-53.536690581623255
32.8806,32.8806,243.0,238.8492063662888,238.58222594494316,-42.4492063662888
32.9,32.9,231.0,238.76217577930845,238.4942496857493,-54.36217577930845
32.9195,32.9195,222.0,238.67470160895232,238.4058199406833,-63.27470160895232
32.9389,32.9389,260.0,238.5876811964794,238.31784368148948,-25.187681196479396
32.9584,32.9584,206.0,238.50021726539518,238.22941393642347,-79.10021726539517
32.9778,32.9778,217.0,238.4132070986706,238.1414376772296,-68.01320709867059
32.9973,32.9973,234.0,238.32575360115192,238.05300793216358,-50.92575360115192
33.0168,33.0168,232.0,238.23830537546587,237.9645781870976,-52.83830537546587
33.0362,33.0362,256.0,238.15131093356877,237.87660192790375,-28.751310933568767
33.0557,33.0557,232.0,238.0638732645008,237.78817218283774,-52.663873264500815
33.0751,33.0751,213.0,237.97688948932154,237.7001959236439,-71.57688948932153
33.0946,33.0946,249.0,237.88946264888276,237.6117661785779,-35.48946264888276
33.114,33.114,231.0,237.8024896246152,237.52378991938406,-53.40248962461519
33.1335,33.1335,226.0,237.71507378766978,237.43536017431808,-58.31507378766978
33.153,33.153,251.0,237.62766337151535,237.34693042925207,-33.227663371515355
33.1724,33.1724,219.0,237.54070688810828,237.2589541700582,-65.14070688810827
33.1919,33.1919,246.0,237.4533077280289,237.1705244249922,-38.053307728028905
33.2113,33.2113,210.0,237.36636239707366,237.08254816579836,-73.96636239707365
33.2308,33.2308,272.0,237.27897463555124,236.99411842073235,-11.878974635551238
33.2502,33.2502,248.0,237.19204067724718,236.9061421615385,-35.79204067724718
33.2697,33.2697,220.0,237.10466436609337,236.8177124164725,-63.704664366093375
33.2892,33.2892,240.0,237.01729388374716,236.7292826714065,-43.61729388374716
33.3086,33.3086,260.0,236.93037730176604,236.64130641221266,-23.530377301766045
33.3281,33.3281,233.0,236.84301863246978,236.55287666714668,-50.44301863246978
33.3475,33.3475,224.0,236.7561138570622,236.46490040795283,-59.35611385706219
33.367,33.367,254.0,236.66876714977428,236.37647066288682,-29.268767149774284
33.3864,33.3864,245.0,236.58187432342214,236.28849440369294,-38.18187432342214
33.4059,33.4059,233.0,236.4945396234778,236.20006465862696,-50.09453962347781
33.4254,33.4254,234.0,236.40721112797527,236.11163491356095,-49.007211127975275
33.4448,33.4448,225.0,236.3203366299847,236.0236586543671,-57.920336629984696
33.4643,33.4643,259.0,236.23302048507773,235.93522890930112,-23.833020485077732
33.4837,33.4837,233.0,236.1461584348295,235.84725265010727,-49.74615843482949
33.5032,33.5032,226.0,236.058854925482,235.75882290504126,-56.658854925482
33.5226,33.5226,253.0,235.97200542012288,235.6708466458474,-29.572005420122885
33.5421,33.5421,237.0,235.88471464995814,235.58241690078142,-45.48471464995814
33.5616,33.5616,230.0,235.79743032386395,235.49398715571542,-52.39743032386395
33.581,33.581,235.0,235.71060020900458,235.40601089652154,-47.31060020900458
33.6005,33.6005,222.0,235.62332899772744,235.31758115145558,-60.22332899772744
33.6199,33.6199,228.0,235.5365118422502,235.2296048922617,-54.13651184225021
33.6394,33.6394,233.0,235.4492538688426,235.1411751471957,-49.04925386884259
33.6588,33.6588,246.0,235.36245006133467,235.05319888800184,-35.96245006133467
33.6783,33.6783,230.0,235.2752055848548,234.96476914293586,-51.875205584854804
33.6978,33.6978,224.0,235.18796783740936,234.87633939786986,-57.78796783740936
33.7172,33.7172,214.0,235.1011844307279,234.788363138676,-67.70118443072789
33.7367,33.7367,227.0,235.01396050403284,234.69993339361002,-54.61396050403284
33.7561,33.7561,278.0,234.92719080152554,234.61195713441614,-3.527190801525542
33.7756,33.7756,245.0,234.83998103235638,234.52352738935016,-36.43998103235638
33.795,33.795,231.0,234.75322537079882,234.43555113015628,-50.35322537079882
33.8145,33.8145,209.0,234.66602963610296,234.3471213850903,-72.26602963610296
33.834,33.834,249.0,234.57884118094006,234.2586916400243,-32.17884118094006
33.8534,33.8534,235.0,234.49210696291786,234.17071538083044,-46.09210696291786
33.8729,33.8729,256.0,234.40493306034452,234.08228563576446,-25.00493306034452
33.8923,33.8923,257.0,234.3182134661528,233.9943093765706,-23.9182134661528
33.9118,33.9118,247.0,234.23105427160382,233.9058796315046,-33.831054271603826
33.9312,33.9312,240.0,234.14434952791845,233.81790337231075,-40.74434952791845
33.9507,33.9507,228.0,234.05720524864037,233.72947362724477,-52.65720524864037
33.9702,33.9702,222.0,233.9700687475821,233.64104388217876,-58.570068747582106
33.9896,33.9896,228.0,233.88338660671712,233.55306762298488,-52.483386606717126
34.0091,34.0091,202.0,233.79626537065823,233.46463787791893,-78.39626537065823
34.0285,34.0285,209.0,233.7095988056623,233.37666161872505,-71.30959880566229
34.048,34.048,230.0,233.62249313251954,233.28823187365904,-50.22249313251954
34.0674,34.0674,257.0,233.53584204624593,233.20025561446522,-23.135842046245934
34.0869,34.0869,240.0,233.4487522533655,233.1118258693992,-40.048752253365514
34.1064,34.1064,246.0,233.3616706596744,233.0233961243332,-33.96167065967439
34.1258,34.1258,240.0,233.2750434715117,232.93541986513935,-39.87504347151171
34.1453,34.1453,222.0,233.18797804304688,232.84699012007337,-57.787978043046884
34.1647,34.1647,230.0,233.10136714963951,232.7590138608795,-49.701367149639516
34.1842,34.1842,220.0,233.0143181454591,232.67058411581354,-59.6143181454591
34.2036,34.2036,235.0,232.92772379291225,232.58260785661963,-44.52772379291225
34.2231,34.2231,204.0,232.840691653415,232.49417811155365,-75.440691653415
34.2426,34.2426,219.0,232.7536679592122,232.40574836648764,-60.35366795921221
34.262,34.262,232.0,232.66709903321924,232.31777210729382,-47.267099033219246
34.2815,34.2815,215.0,232.58009239799324,232.2293423622278,-64.18009239799323
34.3009,34.3009,248.0,232.49354088070547,232.14136610303396,-31.09354088070547
34.3204,34.3204,222.0,232.4065517578079,232.05293635796795,-57.006551757807905
34.3398,34.3398,209.0,232.32001749379054,231.96496009877413,-69.92001749379054
34.3593,34.3593,258.0,232.23304624590278,231.87653035370812,-20.833046245902786
34.3788,34.3788,224.0,232.14608384484964,231.78810060864214,-54.74608384484964
34.3982,34.3982,206.0,232.05957641925275,231.70012434944823,-72.65957641925274
34.4177,34.4177,246.0,231.9726323077024,231.61169460438225,-32.57263230770241
34.4371,34.4371,257.0,231.88614318456126,231.5237183451884,-21.486143184561264
34.4566,34.4566,231.0,231.79921747908986,231.43528860012242,-47.39921747908986
34.476,34.476,232.0,231.71274695632127,231.34731234092857,-46.31274695632127
34.4955,34.4955,238.0,231.6258400973276,231.25888259586256,-40.2258400973276
34.515,34.515,229.0,231.5389427716725,231.17045285079655,-49.13894277167251
34.5344,34.5344,199.0,231.452500525097,231.08247659160273,-79.052500525097
34.5539,34.5539,230.0,231.36562246041262,230.99404684653672,-47.965622460412625
34.5733,34.5733,246.0,231.27919974681882,230.90607058734284,-31.87919974681882
34.5928,34.5928,233.0,231.19234122806915,230.8176408422769,-44.792341228069155
34.6122,34.6122,241.0,231.1059380345042,230.729664583083,-36.70593803450419
34.6317,34.6317,217.0,231.0549638948518,230.641234838017,-60.6549638948518
34.6512,34.6512,224.0,230.96822109183086,230.55280509295102,-53.56822109183086
34.6706,34.6706,226.0,230.88193333894893,230.46482883375717,-51.48193333894893
34.6901,34.6901,234.0,230.79521154039762,230.37639908869116,-43.39521154039762
34.7095,34.7095,217.0,230.70894494002104,230.2884228294973,-60.30894494002104
34.729,34.729,233.0,230.62224437662536,230.19999308443133,-44.22224437662536
34.7484,34.7484,252.0,230.5359992544222,230.11201682523748,-25.135999254422195
34.7679,34.7679,209.0,230.46725585541606,230.02358708017147,-68.06725585541605
34.7874,34.7874,210.0,230.38063090244881,229.9351573351055,-66.98063090244881
34.8068,34.8068,256.0,230.2944613524539,229.8471810759116,-20.89446135245391
34.8263,34.8263,237.0,230.20785902789697,229.7587513308456,-39.807859027896974
34.8457,34.8457,246.0,230.1217124578863,229.67077507165175,-30.721712457886305
34.8652,34.8652,241.0,230.0351331182464,229.58234532658577,-35.635133118246394
34.8846,34.8846,215.0,229.9994106631169,229.54477031701086,-61.59941066311689
34.9041,34.9041,255.0,230.00202880963994,229.5455145162159,-21.60202880963994
34.9236,34.9236,249.0,230.00465867714271,229.54625871542092,-27.604658677142716
34.943,34.943,216.0,230.00728701727422,229.54699909821977,-60.607287017274224
34.9625,34.9625,240.0,230.0099410761596,229.5477432974248,-36.60994107615961
34.9819,34.9819,229.0,230.0125935422882,229.54848368022363,-47.61259354228819
35.0014,35.0014,218.0,230.0152718708858,229.54922787942866,-58.61527187088581
35.0208,35.0208,220.0,230.01794908105143,229.5499682622275,-56.61794908105143
35.0403,35.0403,265.0,230.02065227395303,229.55071246143254,-11.620652273953034
35.0598,35.0598,261.0,230.02336810564526,229.55145666063757,-15.623368105645262
35.0792,35.0792,246.0,230.02608267148196,229.55219704343642,-30.62608267148196
35.0987,35.0987,231.0,230.02882420139687,229.55294124264145,-45.628824201396874
35.1181,35.1181,232.0,230.03156442660628,229.5536816254403,-44.63156442660628
35.1376,35.1376,225.0,230.0343317503382,229.5544258246453,-51.6343317503382
35.157,35.157,239.0,230.0370979494809,229.55516620744416,-37.63709794948091
35.1765,35.1765,216.0,230.03989166719285,229.5559104066492,-60.63989166719285
35.196,35.196,223.0,230.0426989840471,229.55665460585422,-53.642698984047094
35.2154,35.2154,208.0,230.04550514423156,229.55739498865307,-68.64550514423155
35.2349,35.2349,235.0,230.0483394940612,229.5581391878581,-41.6483394940612
35.2543,35.2543,251.0,230.05117284820966,229.55887957065696,-25.65117284820966
35.2738,35.2738,226.0,230.0540347645502,229.559623769862,-50.65403476455021
35.2932,35.2932,234.0,230.0568961126555,229.5603641526608,-42.656896112655495
35.3127,35.3127,213.0,230.0597861080782,229.56110835186584,-63.659786108078215
35.3322,35.3322,212.0,230.06269036877762,229.56185255107087,-64.66269036877762
35.3516,35.3516,246.0,230.06559402238304,229.56259293386972,-30.66559402238304
35.3711,35.3711,237.0,230.06852721149386,229.56333713307475,-39.66852721149386
35.3905,35.3905,209.0,230.07146004639407,229.5640775158736,-67.67146004639406
35.41,35.41,241.0,230.0744225117906,229.56482171507864,-35.6744225117906
35.4294,35.4294,233.0,230.07738468465368,229.5655620978775,-43.67738468465368
35.4489,35.4489,225.0,230.08037727012012,229.5663062970825,-51.680377270120125
35.4684,35.4684,243.0,230.08338482463196,229.56705049628752,-33.683384824631965
35.4878,35.4878,262.0,230.08639243388123,229.56779087908637,-14.686392433881231
35.5073,35.5073,207.0,230.08943086096477,229.5685350782914,-69.68943086096476
35.5267,35.5267,233.0,230.09246917932194,229.56927546109026,-43.69246917932194
35.5462,35.5462,238.0,230.0955389138134,229.5700196602953,-38.695538913813415
35.5656,35.5656,240.0,230.09860891830016,229.57076004309414,-36.69860891830016
35.5851,35.5851,245.0,230.10171056651103,229.57150424229917,-31.701710566511032
35.6045,35.6045,246.0,230.10481236136278,229.572244625098,-30.704812361362777
35.624,35.624,236.0,230.1079465931445,229.57298882430302,-40.707946593144506
35.6435,35.6435,249.0,230.11109732550185,229.57373302350805,-27.711097325501846
35.6629,35.6629,226.0,230.11424840187232,229.5744734063069,-50.71424840187232
35.6824,35.6824,245.0,230.11743252087192,229.57521760551194,-31.717432520871917
35.7018,35.7018,222.0,230.1206171097141,229.5759579883108,-54.72061710971409
35.7213,35.7213,217.0,230.12383523154168,229.57670218751582,-59.72383523154168
35.7407,35.7407,246.0,230.12705409892243,229.57744257031467,-30.72705409892243
35.7602,35.7602,238.0,230.13030706181726,229.57818676951968,-38.730307061817264
35.7797,35.7797,262.0,230.13357753621779,229.5789309687247,-14.733577536217787
35.7991,35.7991,251.0,230.13684884437546,229.57967135152356,-25.736848844375466
35.8186,35.8186,226.0,230.14015496537226,229.5804155507286,-50.74015496537226
35.838,35.838,229.0,230.1434624228319,229.58115593352744,-47.743462422831904
35.8575,35.8575,226.0,230.1468049583635,229.58190013273247,-50.746804958363505
35.8769,35.8769,224.0,230.15014866133166,229.58264051553132,-52.75014866133166
35.8964,35.8964,243.0,230.1535282651918,229.58338471473635,-33.7535282651918
35.9159,35.9159,215.0,230.15692681832132,229.58412891394136,-61.756926818321325
35.9353,35.9353,229.0,230.16032687629274,229.5848692967402,-47.760326876292744
35.9548,35.9548,216.0,230.1637634920372,229.58561349594524,-60.76376349203719
35.9742,35.9742,241.0,230.16720170576022,229.5863538787441,-35.76720170576022
35.9937,35.9937,246.0,230.1706773944462,229.58709807794912,-30.77067739444619
36.0131,36.0131,248.0,230.1741548562767,229.58783846074797,-28.774154856276688
36.0326,36.0326,210.0,230.17767004779893,229.588582659953,-66.77767004779892
36.0521,36.0521,262.0,230.18120541727123,229.58932685915804,-14.78120541727123
36.0715,36.0715,231.0,230.18474285780485,229.59006724195686,-45.78474285780485
36.091,36.091,240.0,230.18831925855628,229.5908114411619,-36.78831925855628
36.1104,36.1104,226.0,230.19189786298548,229.59155182396074,-50.791897862985486
36.1299,36.1299,224.0,230.19551574712577,229.59229602316577,-52.79551574712577
36.1493,36.1493,219.0,230.1991360927775,229.59303640596463,-57.79913609277751
36.1688,36.1688,244.0,230.20279656439098,229.59378060516966,-32.80279656439098
36.1883,36.1883,233.0,230.2064787195614,229.5945248043747,-43.806478719561404
36.2077,36.2077,271.0,230.21016361009976,229.59526518717354,-5.810163610099757
36.2272,36.2272,262.0,230.21388935318691,229.59600938637854,-14.813889353186916
36.2466,36.2466,223.0,230.2176182393568,229.5967497691774,-53.8176182393568
36.2661,36.2661,243.0,230.22138863434444,229.59749396838242,-33.82138863434444
36.2855,36.2855,246.0,230.22516273001068,229.59823435118128,-30.825162730010682
36.305,36.305,227.0,230.2289787761354,229.5989785503863,-49.82897877613539
36.3245,36.3245,231.0,230.23281797503162,229.59972274959134,-45.832817975031624
36.3439,36.3439,257.0,230.23666104175228,229.6004631323902,-19.836661041752286
36.3634,36.3634,253.0,230.24054717286378,229.60120733159522,-23.840547172863786
36.3828,36.3828,247.0,230.24443748884417,229.60194771439404,-29.84443748884417
36.4023,36.4023,226.0,230.2483716729165,229.60269191359907,-50.84837167291651
36.4217,36.4217,215.0,230.25230993081783,229.60343229639793,-61.85230993081783
36.4412,36.4412,232.0,230.25629334963529,229.60417649560296,-44.85629334963529
36.4607,36.4607,218.0,230.26030134664728,229.604920694808,-58.86030134664728
36.4801,36.4801,240.0,230.26431409043593,229.60566107760684,-36.86431409043593
36.4996,36.4996,246.0,230.26837274083795,229.60640527681187,-30.86837274083795
36.519,36.519,228.0,230.27243598751446,229.60714565961072,-48.87243598751446
36.5385,36.5385,224.0,230.27654641327646,229.60788985881572,-52.876546413276465
36.5579,36.5579,223.0,230.28066168202164,229.60863024161458,-53.880661682021646
36.5774,36.5774,232.0,230.28482445489936,229.6093744408196,-44.884824454899366
36.5969,36.5969,223.0,230.28901411467623,229.61011864002464,-53.889014114676236
36.6163,36.6163,235.0,230.29320915221376,229.6108590228235,-41.893209152213764
36.6358,36.6358,260.0,230.2974535116024,229.61160322202852,-16.897453511602414
36.6552,36.6552,219.0,230.30170312353445,229.61234360482737,-57.90170312353445
36.6747,36.6747,228.0,230.3060026346446,229.6130878040324,-48.906002634644615
36.6941,36.6941,206.0,230.3103083605215,229.61382818683123,-70.9103083605215
36.7136,36.7136,250.0,230.31466434639495,229.61457238603626,-26.91466434639495
36.7331,36.7331,227.0,230.31904963703158,229.6153165852413,-49.919049637031584
36.7525,36.7525,222.0,230.3234413157555,229.61605696804014,-54.923441315755504
36.772,36.772,259.0,230.32788489516565,229.61680116724517,-17.927884895165654
36.7914,36.7914,238.0,230.3323353246559,229.61754155004402,-38.9323353246559
36.8109,36.8109,218.0,230.3368389747868,229.61828574924905,-58.93683897478679
36.8303,36.8303,223.0,230.34134986111857,229.6190261320479,-53.941349861118574
36.8498,36.8498,235.0,230.34591449300294,229.6197703312529,-41.94591449300294
36.8693,36.8693,229.0,230.35051022946584,229.62051453045794,-47.95051022946584
36.8887,36.8887,222.0,230.3551139805284,229.6212549132568,-54.95511398052839
36.9082,36.9082,220.0,230.35977314311805,229.62199911246182,-56.95977314311805
36.9276,36.9276,224.0,230.36444017598,229.62273949526067,-52.96444017598001
36.9471,36.9471,207.0,230.3691637670029,229.6234836944657,-69.9691637670029
36.9665,36.9665,214.0,230.373895851883,229.62422407726456,-62.97389585188299
36.986,36.986,218.0,230.37868578712724,229.6249682764696,-58.97868578712724
37.0055,37.0055,236.0,230.383509191157,229.6257124756746,-40.983509191157005
37.0249,37.0249,242.0,230.38834158989548,229.62645285847344,-34.98834158989548
37.0444,37.0444,230.0,230.39323317128446,229.62719705767847,-46.993233171284466
37.0638,37.0638,272.0,230.39813445546264,229.62793744047733,-4.99813445546264
37.0833,37.0833,230.0,230.40309610533504,229.62868163968236,-47.00309610533504
37.1027,37.1027,223.0,230.4080676306962,229.6294220224812,-54.008067630696196
37.1222,37.1222,238.0,230.41310055425816,229.63016622168624,-39.013100554258166
37.1417,37.1417,244.0,230.4181699874511,229.63091042089127,-33.01816998745111
37.1611,37.1611,236.0,230.4232498500379,229.6316508036901,-41.02324985003791
37.1806,37.1806,241.0,230.42839374704357,229.63239500289512,-36.02839374704357
37.2,37.2,224.0,230.4335480981069,229.63313538569398,-53.03354809810691
37.2195,37.2195,221.0,230.4387671053286,229.633879584899,-56.038767105328596
37.2389,37.2389,194.0,230.4439980124006,229.63461996769786,-83.0439980124006
37.2584,37.2584,203.0,230.44929423065784,229.6353641669029,-74.04929423065784
37.2779,37.2779,242.0,230.4546304842028,229.63610836610792,-35.0546304842028
37.2973,37.2973,205.0,230.45997872764747,229.63684874890677,-72.05997872764746
37.3168,37.3168,223.0,230.46539485681816,229.63759294811177,-54.065394856818166
37.3362,37.3362,256.0,230.47082416879792,229.63833333091063,-21.07082416879792
37.3557,37.3557,228.0,230.47632212022108,229.63907753011566,-49.076322120221086
37.3751,37.3751,208.0,230.48183404890986,229.6398179129145,-69.08183404890985
37.3946,37.3946,233.0,230.48741631449366,229.64056211211954,-44.08741631449366
37.4141,37.4141,235.0,230.49304151802292,229.64130631132457,-42.09304151802292
37.4335,37.4335,233.0,230.4986812403559,229.64204669412342,-44.098681240355894
37.453,37.453,233.0,230.50439371498157,229.64279089332845,-44.104393714981576
37.4724,37.4724,224.0,230.51012068621344,229.64353127612728,-53.11012068621344
37.4919,37.4919,253.0,230.51592217995676,229.6442754753323,-24.115922179956762
37.5113,37.5113,220.0,230.52173905357031,229.64501585813116,-57.121739053570316
37.5308,37.5308,218.0,230.52763250365354,229.6457600573362,-59.12763250365354
37.5503,37.5503,242.0,230.53357204230812,229.64650425654122,-35.133572042308124
37.5697,37.5697,228.0,230.53952785396243,229.64724463934007,-49.13952785396243
37.5892,37.5892,216.0,230.5455621837803,229.6479888385451,-61.14556218378031
37.6086,37.6086,239.0,230.5516137747095,229.64872922134393,-38.151613774709496
37.6281,37.6281,260.0,230.5577452814917,229.64947342054896,-17.157745281491692
37.6475,37.6475,209.0,230.56389473280186,229.6502138033478,-68.16389473280185
37.667,37.667,226.0,230.57012570733215,229.65095800255284,-51.170125707332154
37.6865,37.6865,261.0,230.57640756669974,229.65170220175787,-16.176407566699744
37.7059,37.7059,225.0,230.58270836983198,229.65244258455672,-52.18270836983198
37.7254,37.7254,220.0,230.58909406516423,229.65318678376175,-57.189094065164234
37.7448,37.7448,241.0,230.59549880910882,229.6539271665606,-36.19549880910882
37.7643,37.7643,211.0,230.60198984663364,229.65467136576564,-66.20198984663364
37.7837,37.7837,258.0,230.60850193862575,229.65541174856446,-19.20850193862575
37.8032,37.8032,267.0,230.61510193156528,229.6561559477695,-10.215101931565279
37.8227,37.8227,224.0,230.62175720839724,229.65690014697452,-53.22175720839724
37.8421,37.8421,220.0,230.6284342046065,229.65764052977337,-57.22843420460649
37.8616,37.8616,242.0,230.6352023732945,229.6583847289784,-35.235202373294506
37.881,37.881,239.0,230.6419935085471,229.65912511177726,-38.241993508547104
37.9005,37.9005,218.0,230.6488777851026,229.6598693109823,-59.2488777851026
37.9199,37.9199,218.0,230.655785250285,229.6606096937811,-59.255785250284994
37.9394,37.9394,239.0,230.662788042724,229.66135389298614,-38.262788042724004
37.9589,37.9589,230.0,230.66985161969347,229.66209809219117,-47.269851619693476
37.9783,37.9783,243.0,230.67694042443225,229.66283847499002,-34.27694042443225
37.9978,37.9978,236.0,230.68412786248837,229.66358267419506,-41.28412786248837
38.0172,38.0172,241.0,230.69134084289192,229.6643230569939,-36.29134084289192
38.0367,38.0367,222.0,230.69865484981298,229.66506725619894,-55.29865484981298
38.0561,38.0561,232.0,230.70599561417066,229.6658076389978,-45.30599561417066
38.0756,38.0756,205.0,230.71344065808813,229.6665518382028,-72.31344065808813
38.0951,38.0951,219.0,230.72095156404,229.66729603740782,-58.32095156404001
38.1145,38.1145,216.0,230.72849082003242,229.66803642020668,-61.32849082003242
38.134,38.134,229.0,230.7361372471349,229.6687806194117,-48.33613724713491
38.1534,38.1534,214.0,230.74381341824144,229.66952100221056,-63.343813418241446
38.1729,38.1729,221.0,230.75159958543344,229.6702652014156,-56.35159958543344
38.1923,38.1923,204.0,230.759416062849,229.67100558421444,-73.359416062849
38.2118,38.2118,263.0,230.76734462977038,229.67174978341947,-14.367344629770379
38.2313,38.2313,218.0,230.77534693531723,229.6724939826245,-59.37534693531723
38.2507,38.2507,221.0,230.78338132749863,229.67323436542333,-56.38338132749863
38.2702,38.2702,227.0,230.79153280776555,229.67397856462836,-50.39153280776555
38.2896,38.2896,246.0,230.79971763292673,229.6747189474272,-31.39971763292673
38.3091,38.3091,221.0,230.80802178147232,229.67546314663224,-56.40802178147232
38.3285,38.3285,237.0,230.81636153120172,229.6762035294311,-40.41636153120172
38.348,38.348,233.0,230.82482363895116,229.67694772863612,-44.42482363895116
38.3675,38.3675,239.0,230.8333657508416,229.67769192784115,-38.43336575084161
38.3869,38.3869,244.0,230.84194526250675,229.67843231063998,-33.441945262506756
38.4064,38.4064,221.0,230.85065237504892,229.679176509845,-56.450652375048925
38.4258,38.4258,250.0,230.8593976756477,229.67991689264386,-27.4593976756477
38.4453,38.4453,230.0,230.86827345140904,229.6806610918489,-47.46827345140904
38.4647,38.4647,245.0,230.87718922371855,229.68140147464774,-32.47718922371855
38.4842,38.4842,229.0,230.88623847131439,229.68214567385277,-48.48623847131439
38.5036,38.5036,219.0,230.89532977434945,229.68288605665163,-58.49532977434945
38.5231,38.5231,247.0,230.90455831394624,229.68363025585666,-30.50455831394624
38.5426,38.5426,248.0,230.9138783906502,229.6843744550617,-29.513878390650213
38.562,38.562,246.0,230.9232424348906,229.6851148378605,-31.523242434890598
38.5815,38.5815,246.0,230.93274903129932,229.68585903706554,-31.532749031299325
38.6009,38.6009,242.0,230.94230212166457,229.6865994198644,-35.54230212166457
38.6204,38.6204,239.0,230.95200160443292,229.68734361906942,-38.552001604432924
38.6398,38.6398,218.0,230.96174831021128,229.68808400186828,-59.56174831021128
38.6593,38.6593,249.0,230.9716452029556,229.6888282010733,-28.571645202955615
38.6788,38.6788,256.0,230.98164357075555,229.68957240027834,-21.581643570755553
38.6982,38.6982,267.0,230.99169407997886,229.69031278307716,-10.591694079978858
38.7177,38.7177,242.0,231.00189958723234,229.6910569822822,-35.601899587232346
38.7371,38.7371,235.0,231.012158003218,229.69179736508104,-42.61215800321799
38.7566,38.7566,229.0,231.02257662181796,229.69254156428607,-48.62257662181796
38.776,38.776,249.0,231.03305132939016,229.69328194708493,-28.633051329390163
38.7955,38.7955,231.0,231.04369056336324,229.69402614628996,-46.64369056336324
38.815,38.815,244.0,231.05444188637543,229.694770345495,-33.65444188637543
38.8344,38.8344,263.0,231.06525180996405,229.69551072829384,-14.665251809964055
38.8539,38.8539,255.0,231.07623334458947,229.69625492749884,-22.67623334458947
38.8733,38.8733,258.0,231.08727666869007,229.6969953102977,-19.687276668690068
38.8928,38.8928,225.0,231.0984960682155,229.69773950950272,-52.6984960682155
38.9122,38.9122,238.0,231.10977820095036,229.69847989230158,-39.70977820095036
38.9317,38.9317,271.0,231.12124213058604,229.6992240915066,-6.721242130586042
38.9512,38.9512,260.0,231.1328316979651,229.69996829071164,-17.73283169796509
38.9706,38.9706,249.0,231.14448954731236,229.7007086735105,-28.744489547312362
38.9901,38.9901,228.0,231.15633575511237,229.70145287271552,-49.75633575511237
39.0095,39.0095,238.0,231.16825161419774,229.70219325551435,-39.768251614197744
39.029,39.029,233.0,231.18036273501363,229.70293745471938,-44.78036273501363
39.0484,39.0484,255.0,231.1925464837993,229.70367783751823,-22.792546483799306
39.0679,39.0679,211.0,231.20493225204137,229.70442203672326,-66.80493225204137
39.0874,39.0874,225.0,231.21745722768654,229.7051662359283,-52.81745722768654
39.1068,39.1068,246.0,231.23005931178247,229.70590661872714,-31.83005931178247
39.1263,39.1263,223.0,231.24287122157247,229.70665081793217,-54.84287122157247
39.1457,39.1457,251.0,231.2557649990834,229.70739120073102,-26.855764999083398
39.1652,39.1652,247.0,231.26887345778258,229.70813539993603,-30.868873457782577
39.1846,39.1846,256.0,231.2820656444532,229.70887578273488,-21.882065644453213
39.2041,39.2041,234.0,231.29548034819913,229.7096199819399,-43.895480348199136
39.2236,39.2236,243.0,231.30905373063516,229.71036418114494,-34.90905373063516
39.243,39.243,235.0,231.32271567187303,229.7111045639438,-42.92271567187303
39.2625,39.2625,247.0,231.3366098411395,229.71184876314882,-30.936609841139507
39.2819,39.2819,240.0,231.35059692878326,229.71258914594767,-37.95059692878326
39.3014,39.3014,237.0,231.36482427770596,229.7133333451527,-40.964824277705965
39.3208,39.3208,270.0,231.37914999262546,229.71407372795153,-7.979149992625459
39.3403,39.3403,214.0,231.39372175195953,229.71481792715656,-63.993721751959534
39.3598,39.3598,231.0,231.408470686733,229.7155621263616,-47.00847068673301
39.3792,39.3792,219.0,231.42332268014596,229.71630250916044,-59.02332268014596
39.3987,39.3987,213.0,231.43843528197218,229.71704670836547,-65.03843528197217
39.4181,39.4181,248.0,231.4536549738789,229.71778709116433,-30.053654973878913
39.4376,39.4376,230.0,231.4691418912532,229.71853129036936,-48.0691418912532
39.457,39.457,235.0,231.48474072213924,229.7192716731682,-43.08474072213924
39.4765,39.4765,236.0,231.50061613911427,229.7200158723732,-42.10061613911427
39.496,39.496,231.0,231.51669289050812,229.72076007157824,-47.116692890508126
39.5154,39.5154,229.0,231.53288869800096,229.7215004543771,-49.13288869800096
39.5349,39.5349,222.0,231.5493739852426,229.72224465358212,-56.1493739852426
39.5543,39.5543,230.0,231.5659840352784,229.72298503638098,-48.165984035278406
39.5738,39.5738,250.0,231.5828941050199,229.723729235586,-28.182894105019905
39.5932,39.5932,198.0,231.5999362479096,229.72446961838486,-80.19993624790959
39.6127,39.6127,219.0,231.61728636976378,229.7252138175899,-59.21728636976378
39.6322,39.6322,229.0,231.63486331976884,229.7259580167949,-49.23486331976884
39.6516,39.6516,256.0,231.65257921413684,229.72669839959374,-22.252579214136837
39.6711,39.6711,226.0,231.670621115395,229.72744259879877,-52.270621115394995
39.6905,39.6905,226.0,231.68881028788903,229.72818298159763,-52.28881028788903
39.71,39.71,231.0,231.70733451457613,229.72892718080266,-47.307334514576134
39.7294,39.7294,262.0,231.7260104756627,229.7296675636015,-16.32601047566269
39.7489,39.7489,236.0,231.74503538137242,229.73041176280654,-42.34503538137242
39.7684,39.7684,231.0,231.76432061760428,229.73115596201157,-47.364320617604285
39.7878,39.7878,234.0,231.78376590031024,229.7318963448104,-44.383765900310244
39.8073,39.8073,234.0,231.80357843438932,229.73264054401542,-44.403578434389324
39.8267,39.8267,222.0,231.82356079994005,229.73338092681428,-56.423560799940056
39.8462,39.8462,241.0,231.84392528678205,229.7341251260193,-37.443925286782054
39.8656,39.8656,250.0,231.86446626164724,229.73486550881816,-28.46446626164724
39.8851,39.8851,215.0,231.8854012621099,229.7356097080232,-63.485401262109896
39.9046,39.9046,249.0,231.90663121064026,229.73635390722822,-29.506631210640258
39.924,39.924,215.0,231.92805089861972,229.73709429002707,-63.52805089861972
39.9435,39.9435,249.0,231.94988875887918,229.73783848923208,-29.549888758879185
39.9629,39.9629,253.0,231.971924266035,229.73857887203093,-25.57192426603499
39.9824,39.9824,243.0,231.99439109570477,229.73932307123596,-35.59439109570477
40.0018,40.0018,269.0,232.0170658630703,229.7400634540348,-9.617065863070287
40.0213,40.0213,225.0,232.04018867575445,229.74080765323984,-53.64018867575445
40.0408,40.0408,260.0,232.06365268450162,229.74155185244487,-18.66365268450162
40.0602,40.0602,237.0,232.08733847202936,229.74229223524372,-41.68733847202936
40.0797,40.0797,217.0,232.11149769253578,229.74303643444875,-61.71149769253578
40.0991,40.0991,236.0,232.13589012246024,229.74377681724758,-42.73589012246024
40.1186,40.1186,250.0,232.160775520794,229.7445210164526,-28.760775520794006
40.138,40.138,221.0,232.1859085790558,229.74526139925146,-57.78590857905579
40.1575,40.1575,218.0,232.2115505933208,229.7460055984565,-60.811550593320796
40.177,40.177,225.0,232.23758404605434,229.74674979766152,-53.83758404605434
40.1964,40.1964,238.0,232.2638803641852,229.74749018046037,-40.86388036418521
40.2159,40.2159,230.0,232.29072286860833,229.7482343796654,-48.89072286860833
40.2353,40.2353,255.0,232.31783781124707,229.74897476246426,-23.917837811247075
40.2548,40.2548,244.0,232.3455177798776,229.74971896166926,-34.94551777987761
40.2742,40.2742,214.0,232.37348722531337,229.7504593444681,-64.97348722531336
40.2937,40.2937,231.0,232.40204655890318,229.75120354367314,-48.00204655890318
40.3132,40.3132,216.0,232.4310590977798,229.75194774287817,-63.03105909777981
40.3326,40.3326,233.0,232.46038271892584,229.75268812567703,-46.060382718925844
40.3521,40.3521,246.0,232.49033044359282,229.75343232488206,-33.090330443592826
40.3715,40.3715,269.0,232.52060603501107,229.7541727076809,-10.120606035011072
40.391,40.391,235.0,232.551535124405,229.75491690688594,-44.15153512440501
40.4104,40.4104,230.0,232.5828073649613,229.75565728968476,-49.1828073649613
40.4299,40.4299,234.0,232.61475723532496,229.7564014888898,-45.21475723532496
40.4494,40.4494,224.0,232.64723687620426,229.75714568809482,-55.24723687620426
40.4688,40.4688,230.0,232.68008899610828,229.75788607089368,-49.28008899610828
40.4883,40.4883,222.0,232.71366652845012,229.7586302700987,-57.31366652845012
40.5077,40.5077,228.0,232.74763381526697,229.75937065289756,-51.34763381526697
40.5272,40.5272,224.0,232.78235493195467,229.7601148521026,-55.38235493195467
40.5466,40.5466,225.0,232.8398207985179,229.78318810425515,-54.43982079851791
40.5661,40.5661,242.0,232.92449117703168,229.83268099805608,-37.524491177031685
40.5856,40.5856,260.0,233.00978897365258,229.88217389185704,-19.609788973652577
40.605,40.605,274.0,233.09527773119157,229.9314129759462,-5.695277731191574
40.6245,40.6245,223.0,233.18185943769342,229.98090586974715,-56.78185943769342
40.6439,40.6439,262.0,233.26866098146945,230.0301449538363,-17.868660981469453
40.6634,40.6634,232.0,233.3565985962416,230.07963784763726,-47.95659859624161
40.6828,40.6828,235.0,233.44477746377032,230.12887693172638,-45.04477746377032
40.7023,40.7023,247.0,233.53412855694228,230.17836982552734,-33.13412855694228
40.7218,40.7218,231.0,233.62421694332056,230.2278627193283,-49.22421694332056
40.7412,40.7412,244.0,233.71459629691427,230.27710180341745,-36.31459629691427
40.7607,40.7607,254.0,233.80621288735304,230.32659469721838,-26.406212887353043
40.7801,40.7801,231.0,233.8981455267654,230.37583378130753,-49.498145526765406
40.7996,40.7996,247.0,233.9913646733921,230.4253266751085,-33.5913646733921
40.819,40.819,209.0,234.08493453341674,230.47456575919765,-71.68493453341674
40.8385,40.8385,248.0,234.17984484393656,230.5240586529986,-32.779844843936566
40.858,40.858,211.0,234.27563218109,230.57355154679954,-69.87563218109
40.8774,40.8774,214.0,234.37182084914795,230.6227906308887,-66.97182084914795
40.8969,40.8969,253.0,234.4694286917007,230.67228352468965,-28.0694286917007
40.9163,40.9163,232.0,234.56747790812557,230.7215226087788,-49.16747790812557
40.9358,40.9358,243.0,234.66701006680327,230.77101550257976,-38.26701006680327
40.9552,40.9552,272.0,234.76702198434876,230.82025458666888,-9.36702198434876
40.9747,40.9747,242.0,234.86857810518111,230.86974748046984,-39.468578105181116
40.9942,40.9942,242.0,234.97118331656208,230.9192403742708,-39.57118331656208
41.0136,41.0136,232.0,235.07434105989057,230.96847945835992,-49.67434105989057
41.0331,41.0331,197.0,235.17914460171642,231.01797235216088,-84.77914460171641
41.0525,41.0525,215.0,235.28454521868701,231.06721143625006,-66.88454521868701
41.072,41.072,238.0,235.3916705061727,231.116704330051,-43.99167050617269
41.0914,41.0914,233.0,235.49944066381818,231.16594341414014,-49.09944066381818
41.1109,41.1109,229.0,235.6090049787113,231.2154363079411,-53.20900497871131
41.1304,41.1304,253.0,235.71985591819293,231.26492920174206,-29.319855918192935
41.1498,41.1498,260.0,235.83144080432805,231.3141682858312,-22.431440804328055
41.1693,41.1693,236.0,235.94496180165635,231.36366117963215,-46.54496180165635
41.1887,41.1887,237.0,236.05927577635865,231.4129002637213,-45.65927577635865
41.2082,41.2082,255.0,236.17560743344416,231.46239315752223,-27.775607433444158
41.2276,41.2276,230.0,236.29281090052956,231.5116322416114,-52.89281090052956
41.2471,41.2471,261.0,236.41214104685395,231.56112513541237,-22.012141046853948
41.2665,41.2665,236.0,236.53241600320044,231.6103642195015,-47.13241600320044
41.286,41.286,213.0,236.65491963369107,231.65985711330245,-70.25491963369106
41.3055,41.3055,248.0,236.77907970022628,231.7093500071034,-35.37907970022628
41.3249,41.3249,242.0,236.90430788851575,231.75858909119256,-41.50430788851575
41.3444,41.3444,221.0,237.03195502285357,231.8080819849935,-62.63195502285357
41.3638,41.3638,240.0,237.16074688115276,231.85732106908264,-43.76074688115276
41.3833,41.3833,246.0,237.29208205309072,231.9068139628836,-37.892082053090725
41.4027,41.4027,244.0,237.42466372181525,231.95605304697276,-40.02466372181525
41.4222,41.4222,245.0,237.55993580475692,232.0055459407737,-39.15993580475692
41.4417,41.4417,231.0,237.6972601694381,232.05503883457465,-53.2972601694381
41.4611,41.4611,218.0,237.8360001786067,232.1042779186638,-66.43600017860669
41.4806,41.4806,258.0,237.97765701874846,232.15377081246476,-26.57765701874846
41.5,41.5,236.0,238.12083977817164,232.2030098965539,-48.720839778171644
41.5195,41.5195,225.0,238.26711825678368,232.25250279035484,-59.86711825678368
41.5389,41.5389,243.0,238.4150450288322,232.301741874444,-42.0150450288322
41.5584,41.5584,233.0,238.5662349800967,232.35123476824495,-52.16623498009671
41.5779,41.5779,237.0,238.72003208594785,232.4007276620459,-48.32003208594785
41.5973,41.5973,225.0,238.8757006847731,232.44996674613503,-60.47570068477311
41.6168,41.6168,254.0,239.03495911281016,232.499459639936,-31.634959112810158
41.6362,41.6362,257.0,239.19624177448503,232.54869872402514,-28.796241774485033
41.6557,41.6557,220.0,239.36132114669704,232.5981916178261,-65.96132114669703
41.6751,41.6751,245.0,239.52862019092035,232.64743070191525,-41.12862019092035
41.6946,41.6946,264.0,239.69997376031523,232.6969235957162,-22.299973760315233
41.7141,41.7141,249.0,239.87464862103386,232.74641648951715,-37.47464862103386
41.7335,41.7335,224.0,240.05181914189328,232.7956555736063,-62.65181914189328
41.753,41.753,250.0,240.23344609799275,232.84514846740726,-36.833446097992756
41.7724,41.7724,259.0,240.41781050676158,232.8943875514964,-28.017810506761585
41.7919,41.7919,226.0,240.60696411457283,232.94388044529734,-61.206964114572834
41.8113,41.8113,240.0,240.79907536955216,232.99311952938652,-47.39907536955216
41.8308,41.8308,237.0,240.996302093606,233.04261242318745,-50.596302093606006
41.8503,41.8503,254.0,241.19780213516577,233.0921053169884,-33.797802135165774
41.8697,41.8697,205.0,241.4027249342762,233.14134440107756,-83.00272493427619
41.8892,41.8892,239.0,241.6132895049594,233.19083729487852,-49.2132895049594
41.9086,41.9086,249.0,241.827560746017,233.24007637896764,-39.427560746017015
41.9281,41.9281,251.0,242.0479427377248,233.2895692727686,-37.64794273772481
41.9475,41.9475,238.0,242.27235968811385,233.33880835685775,-50.87235968811385
41.967,41.967,247.0,242.50337079642009,233.3883012506587,-42.10337079642009
41.9865,41.9865,221.0,242.7400043819479,233.43779414445964,-68.34000438194789
42.0059,42.0059,247.0,242.98127667964948,233.4870332285488,-42.581276679649484
42.0254,42.0254,236.0,243.2299308593781,233.53652612234976,-53.8299308593781
42.0448,42.0448,250.0,243.4836522333649,233.5857652064389,-40.083652233364894
42.0643,42.0643,250.0,243.74537412994883,233.63525810023987,-40.34537412994883
42.0837,42.0837,236.0,244.0126457152851,233.68449718432902,-54.61264571528509
42.1032,42.1032,277.0,244.28854801533157,233.73399007812995,-13.888548015331573
42.1227,42.1227,246.0,244.57208189434093,233.7834829719309,-45.17208189434093
42.1421,42.1421,252.0,244.8620404863128,233.83272205602006,-39.462040486312794
42.1616,42.1616,265.0,245.16182361663834,233.88221494982102,-26.761823616638345
42.181,42.181,235.0,245.46867253751827,233.93145403391014,-57.068672537518275
42.2005,42.2005,248.0,245.7861756833083,233.9809469277111,-44.3861756833083
42.2199,42.2199,255.0,246.1115306661298,234.03018601180025,-37.711530666129796
42.2394,42.2394,261.0,246.44857374267616,234.0796789056012,-32.04857374267616
42.2589,42.2589,248.0,246.7960851288164,234.12917179940214,-45.3960851288164
42.2783,42.2783,244.0,247.1527124469201,234.17841088349132,-49.75271244692011
42.2978,42.2978,242.0,247.5226813995034,234.22790377729225,-52.1226813995034
42.3172,42.3172,263.0,247.9028632989888,234.2771428613814,-31.502863298988792
42.3367,42.3367,264.0,248.29764703466756,234.32663575518237,-30.897647034667564
42.3561,42.3561,227.0,248.70372620506126,234.37587483927152,-68.30372620506125
42.3756,42.3756,231.0,249.12599220321255,234.42536773307245,-64.72599220321254
42.3951,42.3951,266.0,249.56307773467643,234.4748606268734,-30.163077734676428
42.4145,42.4145,252.0,250.01354919627707,234.52409971096256,-44.61354919627707
42.434,42.434,256.0,250.4827194954746,234.57359260476352,-41.08271949547461
42.4534,42.4534,259.0,250.96679071638698,234.62283168885267,-38.56679071638698
42.4729,42.4729,260.0,251.4717344056873,234.67232458265363,-38.0717344056873
42.4923,42.4923,224.0,251.99335464530108,234.72156366674275,-74.59335464530108
42.5118,42.5118,235.0,252.53823928871032,234.7710565605437,-64.13823928871031
42.5313,42.5313,252.0,253.10479755082858,234.82054945434467,-47.70479755082858
42.5507,42.5507,253.0,253.69135180570814,234.8697885384338,-47.29135180570814
42.5702,42.5702,256.0,254.3053452523496,234.91928143223475,-44.90534525234961
42.5896,42.5896,229.0,254.94189537992335,234.9685205163239,-72.54189537992335
42.6091,42.6091,261.0,255.60928010230293,235.01801341012487,-41.209280102302934
42.6285,42.6285,293.0,256.30221518124307,235.06725249421402,-9.902215181243072
42.648,42.648,268.0,257.0297649420491,235.11674538801498,-35.6297649420491
42.6675,42.6675,291.0,257.79056841661276,235.1662382818159,-13.390568416612759
42.6869,42.6869,250.0,258.58258150785707,235.21547736590506,-55.18258150785707
42.7064,42.7064,283.0,259.4163333790148,235.26497025970602,-23.016333379014817
42.7258,42.7258,246.0,260.28578378144675,235.31420934379517,-60.885783781446754
42.7453,42.7453,303.0,261.20269158026565,235.3637022375961,-4.802691580265652
42.7647,42.7647,261.0,262.1609358340261,235.41294132168525,-47.76093583402608
42.7842,42.7842,269.0,263.1732851571384,235.4624342154862,-40.773285157138424
42.8037,42.8037,265.0,264.2388816278503,235.51192710928717,-45.83888162785028
42.8231,42.8231,288.0,265.35562061859184,235.5611661933763,-23.955620618591844
42.8426,42.8426,269.0,266.5393385591043,235.61065908717725,-44.139338559104296
42.862,42.862,253.0,267.7829673570907,235.65989817126643,-61.382967357090685
42.8815,42.8815,255.0,269.1039657135607,235.70939106506736,-60.703965713560684
42.9009,42.9009,290.0,270.49484775688893,235.75863014915652,-27.09484775688893
42.9204,42.9204,260.0,271.9763034520488,235.80812304295748,-58.5763034520488
42.9399,42.9399,300.0,273.5481104727485,235.8576159367584,-20.148110472748478
42.9593,42.9593,252.0,275.2097814937039,235.90685502084756,-69.80978149370387
42.9788,42.9788,315.0,276.98624558825867,235.95634791464852,-8.58624558825867
42.9982,42.9982,275.0,278.869221374241,236.00558699873767,-50.46922137424102
43.0177,43.0177,294.0,280.88878428958253,236.0550798925386,-33.48878428958253
43.0371,43.0371,272.0,283.0358640041133,236.10431897662778,-57.63586400411331
43.0566,43.0566,321.0,285.3458721976006,236.15381187042874,-10.945872197600615
43.0761,43.0761,265.0,287.8227061748367,236.20330476422967,-69.42270617483669
43.0955,43.0955,296.0,290.4694711249358,236.25254384831882,-41.06947112493581
43.115,43.115,303.0,293.33235005797684,236.30203674211978,-36.93235005797684
43.1344,43.1344,277.0,296.4029868350682,236.3512758262089,-66.00298683506819
43.1539,43.1539,275.0,299.73726374017093,236.40076872000986,-71.33726374017093
43.1733,43.1733,287.0,303.3280477983892,236.45000780409902,-62.92804779838921
43.1928,43.1928,263.0,307.2437277606745,236.49950069789998,-90.84372776067451
43.2123,43.2123,282.0,311.5034220765472,236.5489935917009,-76.10342207654722
43.2317,43.2317,302.0,316.1281027922489,236.59823267579006,-60.72810279224891
43.2512,43.2512,290.0,321.2034827227083,236.64772556959102,-77.80348272270831
43.2706,43.2706,324.0,326.7367589050705,236.69696465368017,-49.336758905070475
43.2901,43.2901,316.0,332.84914185462435,236.74645754748113,-63.44914185462435
43.3095,43.3095,273.0,339.55456893914436,236.79569663157028,-113.15456893914435
43.329,43.329,325.0,347.00680859229584,236.8451895253712,-68.60680859229583
43.3485,43.3485,327.0,355.28018103941963,236.89468241917217,-74.88018103941963
43.3679,43.3679,356.0,364.4471006035951,236.94392150326132,-55.04710060359512
43.3874,43.3874,344.0,374.7494963725045,236.99341439706228,-77.34949637250449
43.4068,43.4068,304.0,386.2620403989848,237.0426534811514,-128.86204039898482
43.4263,43.4263,370.0,399.3132931758968,237.09214637495236,-75.91329317589677
43.4457,43.4457,383.0,414.03604148825195,237.14138545904152,-77.63604148825195
43.4652,43.4652,372.0,430.910016351113,237.19087835284247,-105.51001635111297
43.4847,43.4847,388.0,450.2738342309996,237.2403712466434,-108.87383423099962
43.5041,43.5041,450.0,472.51480172582126,237.2896103307326,-69.11480172582125
43.5236,43.5236,426.0,498.5100128247598,237.33910322453352,-119.11001282475982
43.543,43.543,491.0,528.7991861337257,237.38834230862267,-84.39918613372569
43.5625,43.5625,536.0,564.7199916301281,237.43783520242363,-75.3199916301281
43.5819,43.5819,529.0,607.165250196673,237.48707428651278,-124.76525019667301
43.6014,43.6014,562.0,658.1492886131083,237.5365671803137,-142.7492886131083
43.6209,43.6209,663.0,719.3779597885758,237.58606007411467,-102.97795978857582
43.6403,43.6403,732.0,792.7305390265119,237.63529915820382,-107.3305390265119
43.6598,43.6598,747.0,881.5697629467604,237.68479205200475,-181.16976294676041
43.6792,43.6792,859.0,987.749684101406,237.73403113609393,-175.34968410140604
43.6987,43.6987,906.0,1115.0056052568148,237.7835240298949,-255.60560525681475
43.7181,43.7181,1027.0,1263.6618475420596,237.83276311398402,-283.2618475420596
43.7376,43.7376,1229.0,1434.434500871233,237.88225600778497,-252.034500871233
43.7571,43.7571,1402.0,1620.9997060907504,237.93174890158593,-265.5997060907504
43.7765,43.7765,1576.0,1809.1666739626214,237.98098798567509,-279.76667396262144
43.796,43.796,1843.0,1979.5957104312274,238.03048087947602,-183.1957104312274
43.8154,43.8154,2098.0,2105.812142790268,238.07971996356517,-54.4121427902679
43.8349,43.8349,2330.0,2171.3018464625798,238.12921285736613,112.09815353742025
43.8543,43.8543,2321.0,2174.1161418290762,238.17845194145528,100.28385817092376
43.8738,43.8738,2254.0,2128.5387016806603,238.22794483525624,78.86129831933968
43.8933,43.8933,2258.0,2052.4187254604644,238.2774377290572,158.98127453953558
43.9127,43.9127,2123.0,1957.1929862766967,238.32667681314632,119.20701372330328
43.9322,43.9322,1906.0,1843.4208373618612,238.37616970694728,15.979162638138767
43.9516,43.9516,1814.0,1711.094274377564,238.42540879103643,56.305725622435965
43.9711,43.9711,1748.0,1562.0865073532268,238.4749016848374,139.3134926467732
43.9905,43.9905,1611.0,1406.9634662499182,238.52414076892651,157.43653375008185
44.01,44.01,1352.0,1255.0621528930253,238.57363366272747,50.337847106974685
44.0295,44.0295,1181.0,1115.565215341275,238.62312655652843,18.834784658724992
44.0489,44.0489,1062.0,993.3809696868263,238.67236564061758,22.01903031317365
44.0684,44.0684,967.0,888.1262197875653,238.72185853441852,32.273780212434666
44.0878,44.0878,866.0,799.7937824091234,238.7710976185077,19.606217590876575
44.1073,44.1073,808.0,725.4896817960894,238.82059051230863,35.91031820391063
44.1267,44.1267,768.0,663.7873387240954,238.86982959639778,57.612661275904564
44.1462,44.1462,678.0,612.0000771218133,238.91932249019874,19.39992287818668
44.1656,44.1656,594.0,568.840865330015,238.96856157428786,-21.44086533001505
44.1851,44.1851,587.0,532.3294963735137,239.01805446808882,8.070503626486264
44.2046,44.2046,532.0,501.4341835109268,239.06754736188978,-16.034183510926802
44.224,44.224,475.0,475.25391127191034,239.11678644597893,-46.85391127191034
44.2435,44.2435,454.0,452.68184724862016,239.16627933977986,-45.28184724862016
44.2629,44.2629,482.0,433.2905870750852,239.21551842386904,2.1094129249147713
44.2824,44.2824,427.0,416.3488475280053,239.26501131766997,-35.94884752800531
44.3018,44.3018,392.0,401.60691613231586,239.31425040175912,-56.20691613231586
44.3213,44.3213,365.0,388.5750108431896,239.36374329556008,-70.1750108431896
44.3408,44.3408,377.0,377.05590111970025,239.41323618936104,-46.65590111970025
44.3602,44.3602,366.0,366.87449447087704,239.46247527345017,-47.47449447087704
44.3797,44.3797,345.0,357.7412690028784,239.51196816725113,-59.34126900287843
44.3991,44.3991,320.0,349.6018266633787,239.56120725134028,-76.20182666337868
44.4186,44.4186,320.0,342.24477323364795,239.61070014514124,-68.84477323364794
44.438,44.438,324.0,335.6404107900553,239.6599392292304,-58.240410790055286
44.4575,44.4575,315.0,329.6310999571547,239.70943212303135,-61.231099957154676
44.477,44.477,338.0,324.1757914287499,239.75892501683228,-32.775791428749905
44.4964,44.4964,350.0,319.2349503014643,239.80816410092143,-15.834950301464325
44.5159,44.5159,323.0,314.70117452998494,239.8576569947224,-38.30117452998494
44.5353,44.5353,288.0,310.57393360710756,239.90689607881154,-69.17393360710756
44.5548,44.5548,270.0,306.7675463263529,239.95638897261247,-83.36754632635288
44.5742,44.5742,275.0,303.28561690084405,240.00562805670162,-74.88561690084404
44.5937,44.5937,291.0,300.06136236001686,240.05512095050258,-55.66136236001686
44.6132,44.6132,298.0,297.08548767028685,240.10461384430354,-45.685487670286854
44.6326,44.6326,302.0,294.34707875543836,240.15385292839267,-38.94707875543836
44.6521,44.6521,268.0,291.7962431074417,240.20334582219363,-70.39624310744168
44.6715,44.6715,279.0,289.4410552259101,240.25258490628278,-57.04105522591008
44.691,44.691,286.0,287.2400840126197,240.30207780008374,-47.84008401261972
44.7104,44.7104,276.0,285.2012332715596,240.3513168841729,-55.8012332715596
44.7299,44.7299,290.0,283.29019395277555,240.40080977797385,-39.890193952775554
44.7494,44.7494,250.0,281.50567023154713,240.45030267177478,-78.10567023154712
44.7688,44.7688,273.0,279.84578663518124,240.49954175586393,-53.44578663518124
44.7883,44.7883,270.0,278.2836249344452,240.5490346496649,-54.88362493444519
44.8077,44.8077,243.0,276.82677537170804,240.59827373375404,-80.42677537170803
44.8272,44.8272,282.0,275.4522834261791,240.64776662755497,-40.05228342617912
44.8466,44.8466,280.0,274.16767545058224,240.69700571164415,-40.76767545058224
44.8661,44.8661,265.0,272.95322670255183,240.74649860544508,-54.55322670255183
44.8856,44.8856,284.0,271.80993660178115,240.79599149924604,-34.40993660178115
44.905,44.905,275.0,270.73802696198345,240.8452305833352,-42.33802696198345
44.9245,44.9245,278.0,269.721544560558,240.89472347713615,-38.32154456055802
44.9439,44.9439,232.0,268.76689829393496,240.94396256122528,-83.36689829393495
44.9634,44.9634,296.0,267.8601773388548,240.99345545502624,-18.460177338854784
44.9828,44.9828,277.0,267.00706160868015,241.0426945391154,-36.60706160868015
45.0023,45.0023,239.0,266.19544282502295,241.09218743291635,-73.79544282502295
45.0218,45.0218,261.0,265.4267404606109,241.14168032671728,-51.02674046061092
45.0412,45.0412,243.0,264.7019772355735,241.19091941080646,-68.3019772355735
45.0607,45.0607,245.0,264.0110230796943,241.2404123046074,-65.61102307969432
45.0801,45.0801,254.0,263.3585900070757,241.28965138869654,-55.95859000707569
45.0996,45.0996,237.0,262.735762662342,241.3391442824975,-72.33576266234198
45.119,45.119,264.0,262.14691159454185,241.38838336658665,-44.74691159454185
45.1385,45.1385,270.0,261.5841855660406,241.43787626038758,-38.18418556604062
45.158,45.158,265.0,261.04895627386185,241.48736915418854,-42.64895627386185
45.1774,45.1774,247.0,260.5421192673282,241.5366082382777,-60.14211926732819
45.1969,45.1969,239.0,260.05690977793955,241.58610113207862,-67.65690977793955
45.2163,45.2163,252.0,259.59707400827835,241.63534021616778,-54.197074008278356
45.2358,45.2358,265.0,259.15650049997356,241.68483310996874,-40.75650049997356
45.2552,45.2552,263.0,258.73855489365496,241.7340721940579,-42.338554893654965
45.2747,45.2747,256.0,258.3377412791253,241.78356508785885,-48.937741279125284
45.2942,45.2942,260.0,257.9553516936769,241.83305798165978,-44.555351693676904
45.3136,45.3136,268.0,257.59215986135933,241.88229706574896,-36.192159861359336
45.3331,45.3331,248.0,257.2435143473928,241.9317899595499,-55.84351434739282
45.3525,45.3525,269.0,256.91217320232926,241.98102904363904,-34.51217320232926
45.372,45.372,253.0,256.5938699863577,242.03052193744,-50.193869986357676
45.3914,45.3914,259.0,256.2912232648915,242.07976102152912,-43.89122326489153
45.4109,45.4109,241.0,256.00037757140154,242.12925391533008,-61.600377571401545
45.4304,45.4304,260.0,255.7222404906518,242.17874680913104,-42.322240490651815
45.4498,45.4498,261.0,255.45756252036315,242.2279858932202,-41.057562520363156
45.4693,45.4693,267.0,255.2029848758056,242.27747878702112,-34.80298487580561
45.4887,45.4887,252.0,254.96066014309883,242.3267178711103,-49.560660143098836
45.5082,45.5082,233.0,254.72754184408242,242.37621076491126,-68.32754184408242
45.5276,45.5276,237.0,254.5055303770212,242.4254498490004,-64.10553037702118
45.5471,45.5471,269.0,254.29187970552906,242.47494274280135,-31.891879705529057
45.5666,45.5666,252.0,254.08731377242128,242.5244356366023,-48.687313772421284
45.586,45.586,251.0,253.8924671260103,242.57367472069143,-49.492467126010304
45.6055,45.6055,274.0,253.70491920555264,242.6231676144924,-26.304919205552643
45.6249,45.6249,250.0,253.52622520840808,242.67240669858154,-50.12622520840808
45.6444,45.6444,264.0,253.35417681565906,242.7218995923825,-35.95417681565906
45.6638,45.6638,250.0,253.19027463914438,242.77113867647165,-49.79027463914438
45.6833,45.6833,242.0,253.03248636950087,242.8206315702726,-57.632486369500874
45.7028,45.7028,220.0,252.881405187293,242.87012446407357,-79.481405187293
45.7222,45.7222,222.0,252.7374302268285,242.9193635481627,-77.3374302268285
45.7417,45.7417,258.0,252.59888936681426,242.96885644196365,-41.198889366814264
45.7611,45.7611,232.0,252.46691754542093,243.0180955260528,-67.06691754542092
45.7806,45.7806,232.0,252.33991549300396,243.06758841985373,-66.93991549300395
45.8,45.8,235.0,252.21897860395748,243.1168275039429,-63.81897860395748
45.8195,45.8195,266.0,252.10261812880913,243.16632039774385,-32.70261812880913
45.839,45.839,262.0,251.99131933987934,243.2158132915448,-36.59131933987934
45.8584,45.8584,252.0,251.8853894837341,243.26505237563396,-46.48538948373409
45.8779,45.8779,230.0,251.78355157877934,243.3145452694349,-68.38355157877933
45.8973,45.8973,215.0,251.68669182740535,243.36378435352404,-83.28669182740535
45.9168,45.9168,233.0,251.5936193239446,243.413277247325,-65.1936193239446
45.9362,45.9362,245.0,251.50516846246887,243.46251633141415,-53.105168462468875
45.9557,45.9557,255.0,251.42026452119725,243.5120092252151,-43.020264521197255
45.9752,45.9752,235.0,251.33921206286516,243.56150211901604,-62.93921206286516
45.9946,45.9946,267.0,251.26227820955987,243.6107412031052,-30.862278209559868
46.0141,46.0141,242.0,251.18851552767958,243.66023409690615,-55.788515527679586
46.0335,46.0335,246.0,251.11859020482945,243.7094731809953,-51.71859020482945
46.053,46.053,229.0,251.05164779507064,243.75896607479623,-68.65164779507063
46.0724,46.0724,257.0,250.98825393396365,243.80820515888541,-40.58825393396365
46.0919,46.0919,218.0,250.9276344641898,243.85769805268635,-79.52763446418979
46.1114,46.1114,224.0,250.87004600694775,243.9071909464873,-73.47004600694774
46.1308,46.1308,242.0,250.81565426053228,243.95643003057646,-55.415654260532285
46.1503,46.1503,285.0,250.7638011375835,244.00592292437742,-12.3638011375835
46.1697,46.1697,252.0,250.71490456624264,244.05516200846654,-45.31490456624264
46.1892,46.1892,273.0,250.66841191872356,244.1046549022675,-24.268411918723565
46.2086,46.2086,228.0,250.62469487491276,244.15389398635665,-69.22469487491276
46.2281,46.2281,250.0,250.58321945974984,244.2033868801576,-47.18321945974984
46.2476,46.2476,233.0,250.54415140098217,244.25287977395854,-64.14415140098217
46.267,46.267,254.0,250.50757500925633,244.30211885804772,-43.10757500925633
46.2865,46.2865,226.0,250.47307651056443,244.35161175184865,-71.07307651056442
46.3059,46.3059,219.0,250.44092188028318,244.4008508359378,-78.04092188028318
46.3254,46.3254,258.0,250.41071368047662,244.45034372973876,-39.01071368047662
46.3448,46.3448,238.0,250.3826972196833,244.4995828138279,-58.98269721968331
46.3643,46.3643,224.0,250.35653409392367,244.54907570762884,-72.95653409392366
46.3838,46.3838,259.0,250.3323150965302,244.5985686014298,-37.93231509653021
46.4032,46.4032,251.0,250.3100863648787,244.64780768551896,-45.910086364878715
46.4227,46.4227,251.0,250.28956346345893,244.69730057931991,-45.889563463458934
46.4421,46.4421,238.0,250.27091379073426,244.74653966340907,-58.87091379073426
46.4616,46.4616,232.0,250.25388271910887,244.79603255721,-64.85388271910887
46.481,46.481,257.0,250.2386148167102,244.84527164129915,-39.8386148167102
46.5005,46.5005,226.0,250.2249017251848,244.8947645351001,-70.82490172518479
46.52,46.52,262.0,250.2127728174825,244.94425742890107,-34.81277281748249
46.5394,46.5394,256.0,250.2022392950687,244.99349651299022,-40.802239295068695
46.5589,46.5589,232.0,250.19315698202365,245.04298940679115,-64.79315698202365
46.5783,46.5783,245.0,250.1855804706209,245.0922284908803,-51.78558047062089
46.5978,46.5978,275.0,250.17939321988703,245.14172138468126,-21.779393219887034
46.6172,46.6172,234.0,250.17461811327524,245.1909604687704,-62.774618113275245
46.6367,46.6367,269.0,250.17116353911834,245.24045336257134,-27.77116353911834
46.6562,46.6562,271.0,250.16903993943646,245.2899462563723,-25.76903993943646
46.6756,46.6756,268.0,250.16821033578913,245.33918534046146,-28.768210335789128
46.6951,46.6951,265.0,250.16863641349775,245.3886782342624,-31.768636413497752
46.7145,46.7145,273.0,250.1702688364527,245.43791731835157,-23.770268836452694
46.734,46.734,243.0,250.17311891127616,245.48741021215253,-53.773118911276164
46.7534,46.7534,265.0,250.17711532362515,245.53664929624165,-31.777115323625146
46.7729,46.7729,242.0,250.1822730230199,245.5861421900426,-54.78227302301989
46.7924,46.7924,239.0,250.18854681275823,245.63563508384357,-57.788546812758234
46.8118,46.8118,236.0,250.19588028455746,245.6848741679327,-60.79588028455746
46.8313,46.8313,236.0,250.20432149488613,245.73436706173365,-60.80432149488613
46.8507,46.8507,268.0,250.2137560113864,245.78360614582283,-28.81375601138641
46.8702,46.8702,266.0,250.22425902866945,245.83309903962376,-30.824259028669452
46.8896,46.8896,261.0,250.2357057330542,245.8823381237129,-35.835705733054205
46.9091,46.9091,236.0,250.24818610351286,245.93183101751387,-60.848186103512866
46.9285,46.9285,243.0,250.26156259001868,245.981070101603,-53.861562590018686
46.948,46.948,298.0,250.2759503807396,246.03056299540395,1.124049619260397
46.9675,46.9675,282.0,250.29125830620325,246.0800558892049,-14.891258306203248
46.9869,46.9869,229.0,250.30738570748676,246.12929497329407,-67.90738570748675
47.0064,47.0064,294.0,250.32448563667955,246.17878786709502,-2.924485636679556
47.0258,47.0258,266.0,250.3423658781442,246.22802695118415,-30.942365878144194
47.0453,47.0453,271.0,250.36119285404772,246.2775198449851,-25.961192854047717
47.0647,47.0647,247.0,250.38075752938104,246.32675892907426,-49.980757529381044
47.0842,47.0842,260.0,250.40124155736083,246.37625182287522,-37.001241557360835
47.1037,47.1037,264.0,250.42254272578907,246.42574471667618,-33.02254272578907
47.1231,47.1231,255.0,250.4393582207285,246.46981375489045,-42.03935822072851
47.1426,47.1426,274.0,250.3900735459382,246.447136952619,-22.99007354593821
47.162,47.162,269.0,250.3418006881223,246.42457644164125,-27.941800688122306
47.1815,47.1815,266.0,250.294046479453,246.4018996393698,-30.89404647945299
47.2009,47.2009,268.0,250.24727853680727,246.37933912839205,-28.847278536807273
47.2204,47.2204,305.0,250.20100469178107,246.35666232612058,8.198995308218933
47.2399,47.2399,276.0,250.15545720009018,246.33398552384915,-20.755457200090184
47.2593,47.2593,258.0,250.11085927144975,246.31142501287138,-38.710859271449756
47.2788,47.2788,235.0,250.06674079805296,246.28874821059995,-61.66674079805296
47.2982,47.2982,259.0,250.02353963039184,246.26618769962218,-37.62353963039184
47.3177,47.3177,241.0,249.98080256928944,246.24351089735075,-55.58080256928944
47.3371,47.3371,245.0,249.93896370309906,246.22095038637298,-51.538963703099064
47.3566,47.3566,258.0,249.89757796209707,246.19827358410154,-38.497577962097075
47.3761,47.3761,272.0,249.85686490579354,246.17559678183008,-24.456864905793545
47.3955,47.3955,248.0,249.8170126572422,246.15303627085234,-48.4170126572422
47.415,47.415,227.0,249.7776045181519,246.13035946858088,-69.37760451815188
47.4344,47.4344,231.0,249.7390390376886,246.10779895760314,-65.3390390376886
47.4539,47.4539,244.0,249.70091594568498,246.08512215533167,-52.300915945684984
47.4733,47.4733,249.0,249.66361905961583,246.06256164435393,-47.26361905961583
47.4928,47.4928,294.0,249.6267604223498,246.03988484208247,-2.2267604223498054
47.5123,47.5123,249.0,249.59052262253962,246.017208039811,-47.190522622539625
47.5317,47.5317,264.0,249.55508566595145,245.99464752883327,-32.155085665951454
47.5512,47.5512,237.0,249.52008290619298,245.9719707265618,-59.120082906192984
47.5706,47.5706,244.0,249.48586796435382,245.94941021558407,-52.08586796435382
47.5901,47.5901,225.0,249.45208652224753,245.9267334133126,-71.05208652224752
47.6095,47.6095,263.0,249.4190738441161,245.90417290233486,-33.0190738441161
47.629,47.629,249.0,249.38649935573346,245.88149610006343,-46.986499355733464
47.6485,47.6485,237.0,249.35452034708374,245.85881929779197,-58.95452034708374
47.6679,47.6679,255.0,249.32330416999903,245.8362587868142,-40.923304169999035
47.6874,47.6874,257.0,249.29251928665983,245.81358198454276,-38.89251928665983
47.7068,47.7068,252.0,249.26248624133717,245.791021473565,-43.86248624133717
47.7263,47.7263,243.0,249.23289456018307,245.76834467129356,-52.83289456018307
47.7457,47.7457,235.0,249.20404171502264,245.74578416031582,-60.80404171502264
47.7652,47.7652,239.0,249.17563144854853,245.72310735804436,-56.77563144854853
47.7847,47.7847,226.0,249.1478185385738,245.7004305557729,-69.7478185385738
47.8041,47.8041,271.0,249.12073331656504,245.67787004479516,-24.72073331656504
47.8236,47.8236,254.0,249.0941086605227,245.6551932425237,-41.694108660522694
47.843,47.843,244.0,249.0682097273497,245.63263273154595,-51.66820972734971
47.8625,47.8625,255.0,249.04277229268638,245.6099559292745,-40.64277229268638
47.8819,47.8819,253.0,249.01806053953473,245.58739541829675,-42.61806053953473
47.9014,47.9014,269.0,248.9938237144167,245.5647186160253,-26.593823714416693
47.9209,47.9209,234.0,248.9701942200899,245.54204181375385,-61.570194220089896
47.9403,47.9403,262.0,248.9472862083862,245.5194813027761,-33.547286208386204
47.9598,47.9598,256.0,248.9248661269748,245.49680450050465,-39.52486612697479
47.9792,47.9792,245.0,248.90317424204073,245.47424398952688,-50.503174242040735
47.9987,47.9987,250.0,248.88198797446952,245.45156718725545,-45.481987974469526
48.0181,48.0181,244.0,248.86152834518597,245.42900667627768,-51.461528345185975
48.0376,48.0376,286.0,248.84159339417292,245.40632987400625,-9.44159339417292
48.0571,48.0571,230.0,248.82228576210937,245.38365307173478,-65.42228576210937
48.0765,48.0765,239.0,248.80371832765974,245.36109256075704,-56.40371832765974
48.096,48.096,255.0,248.78569185906275,245.33841575848558,-40.38569185906275
48.1154,48.1154,266.0,248.76841042246392,245.31585524750784,-29.368410422463917
48.1349,48.1349,286.0,248.75169475784983,245.29317844523638,-9.351694757849835
48.1543,48.1543,245.0,248.73572759389748,245.27061793425864,-50.33572759389748
48.1738,48.1738,274.0,248.7203548348677,245.24794113198718,-21.320354834867693
48.1933,48.1933,259.0,248.70565880431607,245.2252643297157,-36.305658804316074
48.2127,48.2127,264.0,248.69173077124339,245.20270381873797,-31.291730771243387
48.2322,48.2322,253.0,248.67843170587022,245.18002701646654,-42.278431705870226
48.2516,48.2516,232.0,248.66590335836045,245.15746650548877,-63.265903358360454
48.2711,48.2711,258.0,248.6540380446443,245.13478970321734,-37.2540380446443
48.2905,48.2905,266.0,248.64295858277018,245.11222919223957,-29.24295858277018
48.31,48.31,260.0,248.63256498970864,245.0895523899681,-35.23256498970864
48.3295,48.3295,267.0,248.62293137189093,245.06687558769667,-28.22293137189093
48.3489,48.3489,236.0,248.61411364274255,245.0443150767189,-59.214113642742554
48.3684,48.3684,246.0,248.60603838251873,245.02163827444747,-49.206038382518734
48.3878,48.3878,252.0,248.59879499476148,244.99907776346973,-43.19879499476148
48.4073,48.4073,209.0,248.5923256508602,244.97640096119827,-86.1923256508602
48.4267,48.4267,258.0,248.58671529569986,244.95384045022053,-37.18671529569986
48.4462,48.4462,213.0,248.58192423957954,244.93116364794906,-82.18192423957953
48.4657,48.4657,240.0,248.57800259597676,244.9084868456776,-55.17800259597676
48.4851,48.4851,261.0,248.57497387541693,244.88592633469986,-34.17497387541693
48.5046,48.5046,269.0,248.57282862250477,244.8632495324284,-26.172828622504774
48.524,48.524,236.0,248.57161741764344,244.84068902145066,-59.17161741764344
48.5435,48.5435,242.0,248.57133244859008,244.8180122191792,-53.171332448590086
48.5629,48.5629,266.0,248.57201526418794,244.79545170820145,-29.17201526418794
48.5824,48.5824,275.0,248.57368671957315,244.77277490593,-20.173686719573148
48.6019,48.6019,225.0,248.57636991151918,244.75009810365856,-70.17636991151917
48.6213,48.6213,278.0,248.58007829706685,244.7275375926808,-17.18007829706685
48.6408,48.6408,237.0,248.58485623283687,244.70486079040936,-58.18485623283687
48.6602,48.6602,249.0,248.59070211911433,244.6823002794316,-46.19070211911433
48.6797,48.6797,274.0,248.5976949899321,244.65962347716015,-21.19769498993211
48.6991,48.6991,236.0,248.60579400555463,244.63706296618238,-59.20579400555463
48.7186,48.7186,246.0,248.61512100044405,244.61438616391095,-49.21512100044405
48.7381,48.7381,270.0,248.62565282895721,244.5917093616395,-25.225652828957216
48.7575,48.7575,231.0,248.6373811622836,244.56914885066175,-64.23738116228358
48.777,48.777,222.0,248.65045163915767,244.54647204839029,-73.25045163915766
48.7964,48.7964,260.0,248.66476856883713,244.52391153741254,-35.264768568837134
48.8159,48.8159,221.0,248.68052699646933,244.50123473514108,-74.28052699646932
48.8353,48.8353,216.0,248.6975934658129,244.47867422416334,-79.2975934658129
48.8548,48.8548,248.0,248.7161894731311,244.45599742189188,-47.3161894731311
48.8743,48.8743,249.0,248.73628694415996,244.43332061962045,-46.33628694415996
48.8937,48.8937,230.0,248.75780902406117,244.41076010864268,-65.35780902406117
48.9132,48.9132,237.0,248.78103817295406,244.38808330637121,-58.38103817295406
48.9326,48.9326,244.0,248.8057726794521,244.36552279539347,-51.405772679452106
48.9521,48.9521,222.0,248.83232554674512,244.342845993122,-73.43232554674512
48.9715,48.9715,222.0,248.86050059682432,244.32028548214427,-73.46050059682432
48.991,48.991,219.0,248.89061452098704,244.29760867987284,-76.49061452098704
49.0105,49.0105,235.0,248.92262529752244,244.27493187760138,-60.522625297522445
49.0299,49.0299,253.0,248.95639402318275,244.25237136662363,-42.556394023182754
49.0494,49.0494,253.0,248.99234633172827,244.22969456435217,-42.59234633172827
49.0688,49.0688,256.0,249.03020337563353,244.2071340533744,-39.630203375633535
49.0883,49.0883,235.0,249.07039546818868,244.18445725110297,-60.67039546818868
49.1077,49.1077,259.0,249.11262400573568,244.1618967401252,-36.712624005735684
49.1272,49.1272,252.0,249.1573978695372,244.13921993785377,-43.75739786953719
49.1467,49.1467,255.0,249.20458416036624,244.1165431355823,-40.80458416036624
49.1661,49.1661,265.0,249.25404273123974,244.09398262460456,-30.854042731239737
49.1856,49.1856,273.0,249.30633994636665,244.0713058223331,-22.90633994636665
49.205,49.205,247.0,249.36108444026846,244.04874531135536,-48.96108444026846
49.2245,49.2245,274.0,249.418931052424,244.0260685090839,-22.018931052424
49.2439,49.2439,231.0,249.47939864131519,244.00350799810616,-65.07939864131518
49.2634,49.2634,254.0,249.54325019538066,243.9808311958347,-42.143250195380666
49.2829,49.2829,233.0,249.61028058415343,243.95815439356326,-63.21028058415343
49.3023,49.3023,236.0,249.68027852941404,243.9355938825855,-60.28027852941404
49.3218,49.3218,228.0,249.75411170942164,243.91291708031406,-68.35411170942163
49.3412,49.3412,249.0,249.83116149319912,243.8903565693363,-47.43116149319912
49.3607,49.3607,262.0,249.912403249662,243.86767976706486,-34.51240324966199
49.3801,49.3801,255.0,249.99714292559662,243.8451192560871,-41.59714292559662
49.3996,49.3996,239.0,250.0864430782774,243.82244245381565,-57.6864430782774
49.4191,49.4191,239.0,250.18008685084905,243.7997656515442,-57.78008685084905
49.4385,49.4385,263.0,250.27774339370538,243.77720514056645,-33.87774339370538
49.458,49.458,264.0,250.38065754579856,243.754528338295,-32.98065754579856
49.4774,49.4774,247.0,250.48796493651818,243.73196782731725,-50.08796493651818
49.4969,49.4969,256.0,250.60102534942803,243.7092910250458,-41.20102534942803
49.5163,49.5163,267.0,250.71897440708025,243.68673051406805,-30.318974407080255
49.5358,49.5358,267.0,250.84322292438492,243.66405371179658,-30.44322292438492
49.5553,49.5553,234.0,250.97355328117902,243.64137690952512,-63.573553281179024
49.5747,49.5747,271.0,251.10950045325563,243.61881639854738,-26.709500453255636
49.5942,49.5942,245.0,251.2528074668388,243.59613959627592,-52.85280746683879
49.6136,49.6136,251.0,251.40240703625443,243.57357908529818,-47.00240703625443
49.6331,49.6331,255.0,251.56012079659118,243.55090228302674,-43.16012079659118
49.6525,49.6525,252.0,251.72482266426013,243.52834177204898,-46.32482266426013
49.672,49.672,268.0,251.89860325410064,243.50566496977754,-30.498603254100637
49.6914,49.6914,265.0,252.08013008252368,243.48310445879977,-33.68013008252368
49.7109,49.7109,227.0,252.27180955216193,243.4604276565283,-71.87180955216192
49.7304,49.7304,252.0,252.47319265377027,243.43775085425688,-47.07319265377027
49.7498,49.7498,233.0,252.6837895038835,243.4151903432791,-66.2837895038835
49.7693,49.7693,266.0,252.9063906881589,243.39251354100767,-33.506390688158895
49.7887,49.7887,248.0,253.13933534178784,243.36995303002993,-51.73933534178784
49.8082,49.8082,266.0,253.38578809120474,243.34727622775847,-33.985788091204746
49.8276,49.8276,263.0,253.64391038595107,243.32471571678073,-37.243910385951075
49.8471,49.8471,279.0,253.91720825991644,243.30203891450927,-21.517208259916437
49.8666,49.8666,283.0,254.20533479807523,243.2793621122378,-17.80533479807523
49.886,49.886,240.0,254.50760816821077,243.25680160126007,-61.10760816821077
49.9055,49.9055,247.0,254.8282570909754,243.2341247989886,-54.4282570909754
49.9249,49.9249,267.0,255.16502963472456,243.21156428801086,-34.76502963472456
49.9444,49.9444,244.0,255.52265748042814,243.1888874857394,-58.12265748042814
49.9638,49.9638,286.0,255.89892675697982,243.16632697476166,-16.49892675697982
49.9833,49.9833,294.0,256.2989500765231,243.1436501724902,-8.898950076523114
50.0028,50.0028,258.0,256.7226856080006,243.12097337021876,-45.322685608000576
50.0222,50.0222,280.0,257.1693436798779,243.098412859241,-23.7693436798779
50.0417,50.0417,264.0,257.64546423050797,243.07573605696956,-40.24546423050797
50.0611,50.0611,268.0,258.1483985608734,243.0531755459918,-36.748398560873376
50.0806,50.0806,246.0,258.6853304179825,243.03049874372036,-59.28533041798253
50.1,50.1,288.0,259.2535245868177,243.0079382327426,-17.85352458681772
50.1195,50.1195,287.0,259.8615222317417,242.98526143047116,-19.461522231741675
50.139,50.139,271.0,260.50960718152544,242.9625846281997,-36.10960718152544
50.1584,50.1584,254.0,261.1973822650625,242.94002411722195,-53.79738226506252
50.1779,50.1779,310.0,261.9357340521793,242.9173473149505,1.464265947820671
50.1973,50.1973,300.0,262.7213206332488,242.89478680397275,-9.32132063324881
50.2168,50.2168,282.0,263.56689483180236,242.8721100017013,-28.16689483180236
50.2362,50.2362,306.0,264.46879931589206,242.84954949072355,-5.068799315892058
50.2557,50.2557,291.0,265.4423007476744,242.82687268845208,-21.042300747674382
50.2752,50.2752,310.0,266.4890831035759,242.80419588618065,-3.0890831035759234
50.2946,50.2946,294.0,267.6106937677964,242.78163537520288,-20.21069376779642
50.3141,50.3141,314.0,268.8269087920711,242.75895857293142,-1.4269087920710959
50.3335,50.3335,300.0,270.14682605596266,242.73639806195368,-16.746826055962664
50.353,50.353,278.0,271.5695116462248,242.71372125968222,-40.169511646224784
50.3724,50.3724,302.0,273.10434489644143,242.69116074870448,-17.704344896441434
50.3919,50.3919,302.0,274.78072363652575,242.66848394643304,-19.38072363652575
50.4114,50.4114,312.0,276.60691934353594,242.64580714416158,-11.206919343535937
50.4308,50.4308,294.0,278.5896469447677,242.62324663318384,-31.18964694476771
50.4503,50.4503,332.0,280.7701460008934,242.60056983091238,4.6298539991065795
50.4697,50.4697,355.0,283.14885611696747,242.5780093199346,25.251143883032533
50.4892,50.4892,347.0,285.77770365496383,242.55533251766317,14.622296345036169
50.5086,50.5086,336.0,288.6623096108148,242.5327720066854,0.7376903891851825
50.5281,50.5281,337.0,291.8680265833911,242.51009520441397,-1.4680265833911008
50.5476,50.5476,378.0,295.43300131763476,242.4874184021425,35.96699868236524
50.567,50.567,376.0,299.3743738129233,242.46485789116477,30.025626187076703
50.5865,50.5865,354.0,303.8024042638696,242.4421810888933,3.59759573613038
50.6059,50.6059,385.0,308.7447584523515,242.41962057791557,29.655241547648494
50.6254,50.6254,352.0,314.342639482695,242.3969437756441,-8.942639482695007
50.6448,50.6448,423.0,320.64789443297343,242.37438326466636,55.75210556702657
50.6643,50.6643,410.0,327.85833653268855,242.3517064623949,35.541663467311444
50.6838,50.6838,468.0,336.1052156867613,242.32902966012347,85.2947843132387
50.7032,50.7032,438.0,345.53136059441465,242.3064691491457,45.86863940558535
50.7227,50.7227,460.0,356.470962440561,242.28379234687426,56.92903755943902
50.7421,50.7421,455.0,369.0968547438771,242.2612318358965,39.30314525612291
50.7616,50.7616,507.0,383.8806208759762,242.23855503362506,76.5193791240238
50.781,50.781,513.0,401.0676629909129,242.2159945226473,65.33233700908713
50.8005,50.8005,565.0,421.3067143928454,242.19331772037586,97.09328560715463
50.82,50.82,564.0,445.0396464016202,242.1706409181044,72.36035359837982
50.8394,50.8394,561.0,472.6941613652891,242.14808040712666,41.70583863471088
50.8589,50.8589,650.0,505.1290087021732,242.1254036048552,98.27099129782678
50.8783,50.8783,638.0,542.4806725660658,242.10284309387745,48.91932743393422
50.8978,50.8978,666.0,585.3563728533873,242.080166291606,34.04362714661274
50.9172,50.9172,721.0,632.9746361197103,242.05760578062825,41.42536388028966
50.9367,50.9367,751.0,684.5559258014548,242.0349289783568,19.844074198545194
50.9562,50.9562,779.0,737.2473477433383,242.01225217608533,-4.847347743338311
50.9756,50.9756,810.0,786.6466907500214,241.98969166510759,-23.246690750021436
50.9951,50.9951,824.0,828.139263840282,241.96701486283615,-50.73926384028196
51.0145,51.0145,823.0,856.6001078810536,241.94445435185838,-80.20010788105364
51.034,51.034,785.0,869.8516255400675,241.92177754958695,-131.4516255400675
51.0534,51.0534,816.0,868.5273564835578,241.89921703860918,-99.1273564835578
51.0729,51.0729,736.0,855.9517241739497,241.87654023633775,-166.55172417394974
51.0924,51.0924,705.0,836.0029268693704,241.85386343406628,-177.6029268693704
51.1118,51.1118,653.0,811.521201058457,241.83130292308851,-205.121201058457
51.1313,51.1313,625.0,783.0474003639828,241.80862612081708,-204.64740036398277
51.1507,51.1507,644.0,750.4994560936236,241.78606560983934,-153.09945609362362
51.1702,51.1702,594.0,713.268054100803,241.76338880756788,-165.86805410080305
51.1896,51.1896,582.0,672.5107609858887,241.74082829659014,-137.11076098588873
51.2091,51.2091,508.0,629.6834977266413,241.71815149431868,-168.28349772664134
51.2286,51.2286,493.0,587.264272414585,241.6954746920472,-140.86427241458497
51.248,51.248,456.0,547.3967449054492,241.67291418106947,-137.99674490544916
51.2675,51.2675,466.0,510.8877342979591,241.650237378798,-91.48773429795912
51.2869,51.2869,377.0,478.63898411208834,241.62767686782027,-148.23898411208833
51.3064,51.3064,390.0,450.3417161223048,241.6050000655488,-106.94171612230477
51.3258,51.3258,371.0,426.0148727175232,241.58243955457107,-101.61487271752318
51.3453,51.3453,382.0,404.9965497062109,241.5597627522996,-69.59654970621088
51.3648,51.3648,351.0,386.97804512228913,241.53708595002817,-82.57804512228913
51.3842,51.3842,358.0,371.5985100993618,241.5145254390504,-60.19851009936182
51.4037,51.4037,367.0,358.3096156504695,241.49184863677897,-37.90961565046948
51.4231,51.4231,335.0,346.9096083220333,241.4692881258012,-58.50960832203331
51.4426,51.4426,313.0,336.98959229023626,241.44661132352977,-70.58959229023625
51.462,51.462,353.0,328.4106919085524,241.424050812552,-22.010691908552396
51.4815,51.4815,309.0,320.87755288334995,241.40137401028056,-58.47755288334995
51.501,51.501,333.0,314.26941830670046,241.3786972080091,-27.86941830670046
51.5204,51.5204,308.0,308.46959561925735,241.35613669703136,-47.06959561925735
51.5399,51.5399,284.0,303.3041467398766,241.3334598947599,-65.90414673987661
51.5593,51.5593,283.0,298.7293731154987,241.31089938378216,-62.329373115498676
51.5788,51.5788,267.0,294.6175945006353,241.2882225815107,-74.21759450063527
51.5982,51.5982,278.0,290.9459075907839,241.26566207053295,-59.54590759078392
51.6177,51.6177,280.0,287.62021629468876,241.2429852682615,-54.22021629468876
51.6372,51.6372,297.0,284.6135475223302,241.22030846599006,-34.21354752233018
51.6566,51.6566,263.0,281.8996062291735,241.1977479550123,-65.49960622917351
51.6761,51.6761,292.0,279.416580417639,241.17507115274086,-34.01658041763901
51.6955,51.6955,271.0,277.16213846188015,241.1525106417631,-52.76213846188015
51.715,51.715,283.0,275.0881362815965,241.12983383949162,-38.68813628159652
51.7344,51.7344,278.0,273.19479701511807,241.10727332851388,-41.79479701511807
51.7539,51.7539,250.0,271.4442210663502,241.08459652624242,-68.04422106635022
51.7734,51.7734,283.0,269.83038641575797,241.061919723971,-33.43038641575797
51.7928,51.7928,264.0,268.34702949292597,241.03935921299325,-50.94702949292597
51.8123,51.8123,256.0,266.9664260938749,241.01668241072178,-57.566426093874874
51.8317,51.8317,281.0,265.6920464361536,240.99412189974404,-31.29204643615359
51.8512,51.8512,256.0,264.50126072766284,240.97144509747258,-55.10126072766284
51.8706,51.8706,281.0,263.397985454201,240.9488845864948,-28.99798545420098
51.8901,51.8901,270.0,262.36326048200795,240.92620778422338,-38.96326048200795
51.9096,51.9096,257.0,261.3965972456521,240.90353098195192,-50.99659724565212
51.929,51.929,255.0,260.4962866648025,240.88097047097418,-52.096286664802484
51.9485,51.9485,278.0,259.64812444453946,240.85829366870271,-28.248124444539464
51.9679,51.9679,283.0,258.85570335089704,240.83573315772497,-22.455703350897046
51.9874,51.9874,230.0,258.1068652813478,240.8130563554535,-74.70686528134777
52.0068,52.0068,255.0,257.40543957721485,240.79049584447577,-49.00543957721485
52.0263,52.0263,261.0,256.74064662579855,240.7678190422043,-42.34064662579855
52.0458,52.0458,271.0,256.11331787711316,240.74514223993287,-31.713317877113163
52.0652,52.0652,255.0,255.5232891118911,240.7225817289551,-47.123289111891104
52.0847,52.0847,260.0,254.96209994063778,240.69990492668367,-41.562099940637786
52.1041,52.1041,253.0,254.4331551976273,240.6773444157059,-48.03315519762729
52.1236,52.1236,270.0,253.92881143274573,240.65466761343447,-30.528811432745734
52.143,52.143,248.0,253.4524439381706,240.6321071024567,-52.052443938170605
52.1625,52.1625,263.0,252.99732001504984,240.60943030018527,-36.59732001504984
52.182,52.182,259.0,252.56431128655686,240.5867534979138,-40.16431128655686
52.2014,52.2014,261.0,252.15402282138476,240.56419298693606,-37.75402282138476
52.2209,52.2209,262.0,251.7608087154717,240.5415161846646,-36.36080871547171
52.2403,52.2403,268.0,251.38755775781183,240.51895567368686,-29.987557757811835
52.2598,52.2598,252.0,251.02922736558307,240.4962788714154,-45.62922736558307
52.2792,52.2792,277.0,250.6884313479893,240.47371836043766,-20.28843134798931
52.2987,52.2987,233.0,250.3606744482493,240.4510415581662,-63.960674448249314
52.3182,52.3182,255.0,250.0468280307116,240.42836475589476,-41.646828030711596
52.3376,52.3376,263.0,249.74762987476564,240.405804244917,-33.34762987476564
52.3571,52.3571,223.0,249.45918739701423,240.38312744264553,-73.05918739701423
52.3765,52.3765,251.0,249.18370025678414,240.3605669316678,-44.78370025678414
52.396,52.396,235.0,248.917771389877,240.33789012939636,-60.517771389877005
52.4154,52.4154,244.0,248.6633947036345,240.3153296184186,-51.26339470363451
52.4349,52.4349,266.0,248.41744327908938,240.29265281614715,-29.017443279089385
52.4544,52.4544,247.0,248.18070880882547,240.2699760138757,-47.78070880882547
52.4738,52.4738,252.0,247.95379258539552,240.24741550289795,-42.55379258539552
52.4933,52.4933,250.0,247.73397853658614,240.2247387006265,-44.33397853658614
52.5127,52.5127,255.0,247.52299237451825,240.20217818964872,-39.122992374518255
52.5322,52.5322,253.0,247.31830861570586,240.1795013873773,-40.91830861570586
52.5516,52.5516,226.0,247.12163959567823,240.15694087639955,-67.72163959567823
52.5711,52.5711,225.0,246.9305758794663,240.13426407412808,-68.53057587946628
52.5905,52.5905,243.0,246.74678757750277,240.11170356315034,-50.346787577502774
52.61,52.61,224.0,246.56804836391163,240.08902676087888,-69.16804836391162
52.6295,52.6295,241.0,246.39501496611607,240.06634995860742,-51.99501496611607
52.6489,52.6489,248.0,246.22826934808157,240.04378944762968,-44.82826934808157
52.6684,52.6684,250.0,246.06580976358947,240.02111264535822,-42.66580976358947
52.6878,52.6878,240.0,245.90909477716065,239.99855213438047,-52.50909477716065
52.7073,52.7073,245.0,245.75626476223724,239.975875332109,-47.35626476223724
52.7267,52.7267,265.0,245.60866524328512,239.95331482113127,-27.208665243285118
52.7462,52.7462,224.0,245.4645697782303,239.9306380188598,-68.0645697782303
52.7657,52.7657,255.0,245.32454986112376,239.90796121658838,-36.92454986112376
52.7851,52.7851,244.0,245.18913658238802,239.8854007056106,-47.78913658238802
52.8046,52.8046,220.0,245.05675000614553,239.86272390333917,-71.65675000614553
52.824,52.824,241.0,244.92856448800512,239.8401633923614,-50.528564488005124
52.8435,52.8435,282.0,244.8031521852346,239.81748659008997,-9.40315218523461
52.8629,52.8629,212.0,244.68160560704598,239.7949260791122,-79.28160560704598
52.8824,52.8824,229.0,244.5625605677624,239.77224927684077,-62.162560567762405
52.9019,52.9019,241.0,244.44652099289524,239.7495724745693,-50.046520992895246
52.9213,52.9213,250.0,244.3339140232233,239.72701196359156,-40.93391402322329
52.9408,52.9408,229.0,244.22350086519774,239.7043351613201,-61.82350086519774
52.9602,52.9602,267.0,244.11626076078275,239.68177465034236,-23.716260760782752
52.9797,52.9797,239.0,244.011006626522,239.6590978480709,-51.611006626522006
52.9991,52.9991,298.0,243.90871462472657,239.63653733709316,7.491285375273428
53.0186,53.0186,246.0,243.80822260611603,239.6138605348217,-44.408222606116034
53.0381,53.0381,229.0,243.71000046274534,239.59118373255026,-61.31000046274534
53.0575,53.0575,244.0,243.6144149840268,239.5686232215725,-46.21441498402681
53.077,53.077,254.0,243.52041698486497,239.54594641930106,-36.12041698486497
53.0964,53.0964,255.0,243.42889191260082,239.5233859083233,-35.02889191260082
53.1159,53.1159,242.0,243.33880969073772,239.50070910605183,-47.93880969073772
53.1353,53.1353,235.0,243.25104046103598,239.4781485950741,-54.851040461035986
53.1548,53.1548,241.0,243.16460378903312,239.45547179280265,-48.764603789033124
53.1743,53.1743,239.0,243.0798869308792,239.4327949905312,-50.67988693087921
53.1937,53.1937,259.0,242.99725434903257,239.41023447955345,-30.597254349032575
53.2132,53.2132,267.0,242.91578636346946,239.387557677282,-22.515786363469466
53.2326,53.2326,257.0,242.8362761823022,239.36499716630425,-32.436276182302215
53.2521,53.2521,257.0,242.7578444102569,239.3423203640328,-32.357844410256895
53.2715,53.2715,264.0,242.68123243635372,239.31975985305502,-25.281232436353726
53.291,53.291,236.0,242.60562570931467,239.29708305078358,-53.20562570931467
53.3105,53.3105,245.0,242.53134771127532,239.27440624851212,-44.13134771127532
53.3299,53.3299,243.0,242.45874303667392,239.25184573753438,-46.058743036673924
53.3494,53.3494,244.0,242.38701415844542,239.22916893526292,-44.987014158445426
53.3688,53.3688,245.0,242.31684607510758,239.20660842428518,-43.91684607510758
53.3883,53.3883,235.0,242.2474966702406,239.18393162201372,-53.847496670240595
53.4077,53.4077,224.0,242.17961679308715,239.16137111103598,-64.77961679308714
53.4272,53.4272,250.0,242.11248204420227,239.1386943087645,-38.71248204420227
53.4467,53.4467,218.0,242.04640989659495,239.11601750649308,-70.64640989659495
53.4661,53.4661,256.0,241.98168779393214,239.09345699551534,-32.58168779393214
53.4856,53.4856,248.0,241.91763392444167,239.07078019324388,-40.517633924441675
53.505,53.505,225.0,241.85485515148093,239.0482196822661,-63.454855151480935
53.5245,53.5245,254.0,241.79268461349332,239.02554287999467,-34.39268461349332
53.5439,53.5439,235.0,241.73173113287945,239.0029823690169,-53.33173113287945
53.5634,53.5634,231.0,241.6713319127972,238.98030556674547,-57.2713319127972
53.5829,53.5829,245.0,241.61178752492393,238.957628764474,-43.21178752492393
53.6023,53.6023,220.0,241.55336442578476,238.93506825349627,-68.15336442578476
53.6218,53.6218,227.0,241.49543520759227,238.9123914512248,-61.09543520759227
53.6412,53.6412,253.0,241.43857311782392,238.88983094024707,-35.03857311782392
53.6607,53.6607,235.0,241.38216378816435,238.8671541379756,-52.98216378816435
53.6801,53.6801,239.0,241.3267722247132,238.84459362699786,-48.92677222471321
53.6996,53.6996,215.0,241.27180254490213,238.8219168247264,-72.87180254490212
53.7191,53.7191,251.0,241.21751880089664,238.79924002245497,-36.81751880089664
53.7385,53.7385,248.0,241.16417814711724,238.7766795114772,-39.76417814711724
53.758,53.758,240.0,241.1112060216619,238.75400270920574,-47.7112060216619
53.7774,53.7774,257.0,241.05913563334784,238.731442198228,-30.659135633347837
53.7969,53.7969,263.0,241.00740918054578,238.70876539595656,-24.60740918054578
53.8163,53.8163,257.0,240.95653450130638,238.6862048849788,-30.55653450130638
53.8358,53.8358,240.0,240.90598340712992,238.66352808270736,-47.505983407129925
53.8553,53.8553,253.0,240.85598948863577,238.6408512804359,-34.45598948863577
53.8747,53.8747,237.0,240.8067990231907,238.61829076945816,-50.40679902319071
53.8942,53.8942,237.0,240.7578881307988,238.5956139671867,-50.35788813079879
53.9136,53.9136,227.0,240.70973884996343,238.57305345620892,-60.30973884996343
53.9331,53.9331,239.0,240.66185175368554,238.5503766539375,-48.26185175368554
53.9525,53.9525,253.0,240.61469376365375,238.52781614295975,-34.21469376365375
53.972,53.972,237.0,240.56777128101328,238.5051393406883,-50.16777128101328
53.9915,53.9915,269.0,240.52131337261085,238.48246253841683,-18.12131337261085
54.0109,54.0109,223.0,240.47554737429687,238.45990202743909,-64.07554737429686
54.0304,54.0304,253.0,240.42998754748524,238.43722522516762,-34.02998754748524
54.0498,54.0498,242.0,240.38508876942876,238.41466471418988,-44.985088769428764
54.0693,54.0693,230.0,240.34037669673975,238.39198791191842,-56.940376696739754
54.0887,54.0887,211.0,240.29630097350247,238.36942740094068,-75.89630097350246
54.1082,54.1082,250.0,240.25239392162615,238.34675059866925,-36.85239392162615
54.1277,54.1277,224.0,240.20887943277228,238.32407379639778,-62.80887943277228
54.1471,54.1471,234.0,240.16596412039837,238.30151328542001,-52.76596412039837
54.1666,54.1666,251.0,240.12319625509164,238.27883648314858,-35.72319625509164
54.186,54.186,276.0,240.0810069851258,238.2562759721708,-10.681006985125812
54.2055,54.2055,270.0,240.03894937232874,238.23359916989938,-16.638949372328746
54.2249,54.2249,219.0,239.99745086147468,238.2110386589216,-67.59745086147467
54.2444,54.2444,207.0,239.95607410161202,238.18836185665018,-79.55607410161201
54.2639,54.2639,262.0,239.9150236921595,238.1656850543787,-24.51502369215951
54.2833,54.2833,214.0,239.8745017058291,238.14312454340097,-72.47450170582908
54.3028,54.3028,235.0,239.83408024715484,238.1204477411295,-51.434080247154846
54.3222,54.3222,220.0,239.79417112835807,238.09788723015177,-66.39417112835807
54.3417,54.3417,226.0,239.75435349823456,238.0752104278803,-60.354353498234566
54.3611,54.3611,243.0,239.71502611430503,238.05264991690257,-43.315026114305034
54.3806,54.3806,209.0,239.67578383799489,238.0299731146311,-77.27578383799488
54.4001,54.4001,239.0,239.63681565746086,238.00729631235964,-47.23681565746086
54.4195,54.4195,267.0,239.5983183103764,237.9847358013819,-19.198318310376415
54.439,54.439,230.0,239.55988563180176,237.96205899911047,-56.159885631801764
54.4584,54.4584,229.0,239.5219092689788,237.9394984881327,-57.12190926897879
54.4779,54.4779,251.0,239.48399042140176,237.91682168586127,-35.08399042140176
54.4973,54.4973,248.0,239.44651165640568,237.8942611748835,-38.04651165640568
54.5168,54.5168,255.0,239.40908112324516,237.87158437261203,-31.00908112324516
54.5363,54.5363,217.0,239.37188641319415,237.8489075703406,-68.97188641319414
54.5557,54.5557,247.0,239.33511437006712,237.82634705936286,-38.93511437006712
54.5752,54.5752,228.0,239.29837942069463,237.8036702570914,-57.89837942069463
54.5946,54.5946,243.0,239.26205312944265,237.78110974611366,-42.86205312944265
54.6141,54.6141,232.0,239.22575544911024,237.7584329438422,-53.82575544911024
54.6335,54.6335,248.0,239.1898556967497,237.73587243286445,-37.789855696749704
54.653,54.653,257.0,239.1539769211873,237.713195630593,-28.75397692118731
54.6725,54.6725,253.0,239.1183037444301,237.69051882832153,-32.71830374443011
54.6919,54.6919,228.0,239.08301098676773,237.6679583173438,-57.683010986767734
54.7114,54.7114,250.0,239.04773078258194,237.64528151507233,-35.64773078258194
54.7308,54.7308,238.0,239.01282173845925,237.6227210040946,-47.61282173845925
54.7503,54.7503,251.0,238.9779180321009,237.60004420182312,-34.57791803210089
54.7697,54.7697,232.0,238.94337710855766,237.57748369084538,-53.54337710855766
54.7892,54.7892,227.0,238.92320767636173,237.56917690887317,-58.52320767636173
54.8087,54.8087,253.0,238.90872218534014,237.5663790296884,-32.50872218534014
54.8281,54.8281,243.0,238.89448294339118,237.56359549860204,-42.49448294339118
54.8476,54.8476,240.0,238.8803375928668,237.5607976194173,-45.480337592866796
54.867,54.867,233.0,238.86643024413095,237.5580140883309,-52.466430244130954
54.8865,54.8865,225.0,238.85261220731144,237.55521620914615,-60.45261220731144
54.9059,54.9059,240.0,238.83902420437983,237.55243267805977,-45.43902420437983
54.9254,54.9254,241.0,238.82552211194457,237.54963479887502,-44.42552211194457
54.9449,54.9449,235.0,238.81217228543258,237.54683691969026,-50.41217228543258
54.9643,54.9643,260.0,238.79904031142314,237.54405338860388,-25.399040311423143
54.9838,54.9838,235.0,238.78598611124892,237.54125550941913,-50.38598611124892
55.0032,55.0032,256.0,238.7731432664763,237.53847197833275,-29.373143266476298
55.0227,55.0227,265.0,238.76037574930893,237.535674099148,-20.360375749308936
55.0421,55.0421,240.0,238.74781134393888,237.53289056806162,-45.34781134393888
55.0616,55.0616,246.0,238.73531735131587,237.53009268887686,-39.33531735131587
55.0811,55.0811,237.0,238.72295653508306,237.5272948096921,-48.32295653508306
55.1005,55.1005,217.0,238.71079032106547,237.52451127860573,-68.31079032106547
55.12,55.12,262.0,238.69868984927612,237.52171339942097,-23.298689849276123
55.1394,55.1394,233.0,238.6867766340452,237.5189298683346,-52.286776634045204
55.1589,55.1589,255.0,238.67492535942532,237.51613198914984,-30.274925359425318
55.1783,55.1783,224.0,238.66325594696082,237.51334845806346,-61.26325594696082
55.1978,55.1978,237.0,238.6516445161763,237.5105505788787,-48.251644516176306
55.2173,55.2173,225.0,238.64015157177784,237.50775269969395,-60.24015157177784
55.2367,55.2367,247.0,238.6288318021247,237.50496916860757,-38.228831802124695
55.2562,55.2562,230.0,238.61756599389156,237.50217128942282,-55.21756599389156
55.2756,55.2756,258.0,238.60646850470786,237.49938775833644,-27.206468504707864
55.2951,55.2951,240.0,238.5954218281775,237.49658987915168,-45.19542182817751
55.3145,55.3145,251.0,238.58453886632208,237.4938063480653,-34.18453886632208
55.334,55.334,240.0,238.57370397295406,237.49100846888055,-45.173703972954065
55.3534,55.3534,231.0,238.56302828982408,237.4882249377942,-54.16302828982408
55.3729,55.3729,236.0,238.5523990620159,237.48542705860942,-49.152399062015895
55.3924,55.3924,258.0,238.5418690641778,237.48262917942466,-27.141869064177804
55.4118,55.4118,206.0,238.53149071806212,237.4798456483383,-79.13149071806211
55.4313,55.4313,229.0,238.52115431802181,237.47704776915353,-56.121154318021816
55.4507,55.4507,243.0,238.51096576215676,237.47426423806718,-42.11096576215676
55.4702,55.4702,205.0,238.50081764549236,237.47146635888242,-80.10081764549236
55.4896,55.4896,242.0,238.49081237631978,237.46868282779604,-43.09081237631978
55.5091,55.5091,246.0,238.48084486594414,237.4658849486113,-39.08084486594414
55.5286,55.5286,241.0,238.47096538471848,237.46308706942654,-44.070965384718484
55.548,55.548,244.0,238.46122378746927,237.46030353834016,-41.06122378746927
55.5675,55.5675,239.0,238.45151739048805,237.4575056591554,-46.05151739048805
55.5869,55.5869,250.0,238.44194297898767,237.45472212806902,-35.04194297898767
55.6064,55.6064,251.0,238.4324035633212,237.45192424888427,-34.0324035633212
55.6258,55.6258,238.0,238.42299318573072,237.4491407177979,-47.02299318573072
55.6453,55.6453,231.0,238.41361326433136,237.44634283861313,-54.01361326433136
55.6648,55.6648,241.0,238.40431287897727,237.44354495942838,-44.00431287897727
55.6842,55.6842,227.0,238.39513712508696,237.440761428342,-57.99513712508696
55.7037,55.7037,237.0,238.3859895735325,237.43796354915725,-47.9859895735325
55.7231,55.7231,236.0,238.37696373901196,237.43518001807087,-48.97696373901196
55.7426,55.7426,236.0,238.3679642643218,237.4323821388861,-48.967964264321814
55.762,55.762,234.0,238.35908347232032,237.42959860779973,-50.95908347232032
55.7815,55.7815,254.0,238.35022768799269,237.42680072861498,-30.950227687992687
55.801,55.801,245.0,238.3414434294413,237.42400284943022,-39.941443429441314
55.8204,55.8204,233.0,238.33277181717315,237.42121931834384,-51.932771817173155
55.8399,55.8399,230.0,238.32412361430963,237.4184214391591,-54.92412361430963
55.8593,55.8593,205.0,238.31558664152624,237.4156379080727,-79.91558664152623
55.8788,55.8788,223.0,238.3070707926195,237.41284002888796,-61.9070707926195
55.8982,55.8982,287.0,238.298663841883,237.41005649780158,2.101336158116986
55.9177,55.9177,211.0,238.29027782373666,237.40725861861682,-73.89027782373665
55.9372,55.9372,229.0,238.2819537154079,237.40446073943207,-55.881953715407896
55.9566,55.9566,249.0,238.2737343402775,237.4016772083457,-35.873734340277515
55.9761,55.9761,253.0,238.26553307018756,237.39887932916093,-31.86553307018756
55.9955,55.9955,217.0,238.25743413358344,237.39609579807458,-67.85743413358344
56.015,56.015,240.0,238.24935272582331,237.3932979188898,-44.849352725823316
56.0344,56.0344,239.0,238.24137045513535,237.39051438780345,-45.841370455135355
56.0539,56.0539,234.0,238.2334043758166,237.3877165086187,-50.833404375816606
56.0734,56.0734,248.0,238.22549436633847,237.3849186294339,-36.82549436633847
56.0928,56.0928,260.0,238.21768087527056,237.38213509834756,-24.81768087527056
56.1123,56.1123,190.0,238.20988223101986,237.3793372191628,-94.80988223101986
56.1317,56.1317,255.0,238.2021771926627,237.37655368807643,-29.802177192662704
56.1512,56.1512,260.0,238.19448538092945,237.37375580889167,-24.79448538092945
56.1706,56.1706,214.0,238.1868855300478,237.3709722778053,-70.78688553004778
56.1901,56.1901,257.0,238.17929767113947,237.36817439862054,-27.779297671139467
56.2096,56.2096,222.0,238.1717614629934,237.36537651943578,-62.7717614629934
56.229,56.229,253.0,238.16431312104848,237.3625929883494,-31.76431312104848
56.2485,56.2485,227.0,238.15687709262014,237.35979510916465,-57.75687709262014
56.2679,56.2679,233.0,238.1495268994346,237.35701157807827,-51.74952689943459
56.2874,56.2874,226.0,238.1421869899807,237.35421369889352,-58.7421869899807
56.3068,56.3068,240.0,238.1349322759773,237.35143016780714,-44.73493227597729
56.3263,56.3263,231.0,238.12768628494567,237.34863228862238,-53.72768628494567
56.3458,56.3458,232.0,238.12048748199703,237.34583440943763,-52.72048748199703
56.3652,56.3652,240.0,238.11337035014535,237.34305087835125,-44.71337035014535
56.3847,56.3847,246.0,238.10626102820925,237.3402529991665,-38.70626102820925
56.4041,56.4041,237.0,238.0992323349302,237.33746946808012,-47.69923233493021
56.4236,56.4236,225.0,238.09221068475912,237.33467158889536,-59.692210684759125
56.443,56.443,264.0,238.0852682992164,237.33188805780898,-20.68526829921641
56.4625,56.4625,249.0,238.0783325872391,237.32909017862423,-35.67833258723909
56.482,56.482,237.0,238.07143854757862,237.32629229943947,-47.671438547578624
56.5014,56.5014,227.0,238.06462108294622,237.3235087683531,-57.66462108294622
56.5209,56.5209,253.0,238.05780871933243,237.32071088916834,-31.65780871933243
56.5403,56.5403,264.0,238.05107155605515,237.31792735808196,-20.65107155605515
56.5598,56.5598,239.0,238.04433952182757,237.3151294788972,-45.64433952182757
56.5792,56.5792,240.0,238.03768079509933,237.31234594781083,-44.637680795099335
56.5987,56.5987,244.0,238.0310260340703,237.30954806862607,-40.631026034070295
56.6182,56.6182,260.0,238.02440915630615,237.30675018944132,-24.62440915630615
56.6376,56.6376,247.0,238.01786403874064,237.30396665835494,-37.61786403874064
56.6571,56.6571,249.0,238.01132225872217,237.30116877917018,-35.611322258722176
56.6765,56.6765,259.0,238.00484977773417,237.29838524808383,-25.604849777734167
56.696,56.696,253.0,237.99838092787817,237.29558736889905,-31.598380927878175
56.7154,56.7154,234.0,237.9919800208496,237.2928038378127,-50.59198002084961
56.7349,56.7349,244.0,237.9855813479995,237.29000595862794,-40.5855813479995
56.7544,56.7544,226.0,237.9792172808522,237.2872080794432,-58.5792172808522
56.7738,56.7738,239.0,237.9729208090761,237.2844245483568,-45.5729208090761
56.7933,56.7933,223.0,237.96662468218818,237.28162666917206,-61.566624682188184
56.8127,56.8127,256.0,237.96039473720265,237.27884313808568,-28.56039473720265
56.8322,56.8322,248.0,237.95416506124297,237.27604525890092,-36.554165061242976
56.8516,56.8516,230.0,237.94799996164636,237.27326172781454,-54.54799996164636
56.8711,56.8711,240.0,237.94183489703644,237.2704638486298,-44.541834897036445
56.8906,56.8906,239.0,237.93570230700888,237.26766596944503,-45.53570230700888
56.91,56.91,238.0,237.92963175796334,237.26488243835865,-46.52963175796334
56.9295,56.9295,246.0,237.9235609124138,237.2620845591739,-38.52356091241379
56.9489,56.9489,269.0,237.9175517457424,237.25930102808752,-15.517551745742402
56.9684,56.9684,245.0,237.91154140998646,237.25650314890277,-39.51154140998646
56.9878,56.9878,253.0,237.90559181292636,237.2537196178164,-31.50559181292636
57.0073,57.0073,252.0,237.8996411236363,237.25092173863163,-32.49964112363629
57.0268,57.0268,232.0,237.8937194548569,237.24812385944688,-52.493719454856894
57.0462,57.0462,272.0,237.88785663417784,237.2453403283605,-12.487856634177838
57.0657,57.0657,239.0,237.8819916690951,237.24254244917574,-45.4819916690951
57.0851,57.0851,279.0,237.8761851076531,237.23975891808936,-5.476185107653102
57.1046,57.1046,232.0,237.87037624960058,237.2369610389046,-52.470376249600584
57.124,57.124,223.0,237.86462388448572,237.23417750781823,-61.464623884485725
57.1435,57.1435,266.0,237.85886963789775,237.23137962863348,-18.458869637897756
57.163,57.163,243.0,237.8531415332474,237.22858174944872,-41.4531415332474
57.1824,57.1824,265.0,237.84746924019746,237.22579821836234,-19.447469240197456
57.2019,57.2019,273.0,237.84179359597937,237.2230003391776,-11.44179359597937
57.2213,57.2213,227.0,237.83617292783106,237.2202168080912,-57.43617292783106
57.2408,57.2408,234.0,237.8305490241181,237.21741892890645,-50.430549024118115
57.2602,57.2602,217.0,237.82497865827736,237.2146353978201,-67.42497865827735
57.2797,57.2797,230.0,237.8194042224659,237.21183751863532,-54.41940422246589
57.2992,57.2992,224.0,237.8138547271775,237.20903963945057,-60.4138547271775
57.3186,57.3186,226.0,237.8083573465372,237.20625610836422,-58.40835734653721
57.3381,57.3381,256.0,237.80285628416152,237.20345822917943,-28.402856284161523
57.3575,57.3575,245.0,237.79740668065492,237.20067469809308,-39.39740668065492
57.377,57.377,226.0,237.79195239877225,237.19787681890833,-58.391952398772254
57.3964,57.3964,231.0,237.78654934486994,237.19509328782195,-53.38654934486994
57.4159,57.4159,242.0,237.78114104843144,237.1922954086372,-42.38114104843144
57.4354,57.4354,259.0,237.77575582839194,237.18949752945244,-25.375755828391938
57.4548,57.4548,208.0,237.77042042116824,237.18671399836606,-76.37042042116823
57.4743,57.4743,235.0,237.7650795415142,237.1839161191813,-49.36507954151421
57.4937,57.4937,252.0,237.7597879420968,237.18113258809493,-32.35978794209681
57.5132,57.5132,238.0,237.75449051979712,237.17833470891017,-46.35449051979712
57.5326,57.5326,223.0,237.74924177476132,237.1755511778238,-61.34924177476132
57.5521,57.5521,241.0,237.7439872072923,237.17275329863904,-43.343987207292294
57.5716,57.5716,262.0,237.73875345475716,237.16995541945428,-22.33875345475716
57.591,57.591,241.0,237.7335672400413,237.1671718883679,-43.33356724004131
57.6105,57.6105,252.0,237.7283746086866,237.16437400918315,-32.32837460868661
57.6299,57.6299,225.0,237.72322886643312,237.16159047809677,-59.32322886643312
57.6494,57.6494,216.0,237.71807646106765,237.15879259891202,-68.31807646106765
57.6688,57.6688,226.0,237.7129707804465,237.15600906782564,-58.31297078044651
57.6883,57.6883,200.0,237.70785780336328,237.15321118864088,-84.30785780336328
57.7078,57.7078,220.0,237.7027644780012,237.15041330945613,-64.3027644780012
57.7272,57.7272,277.0,237.6977163435472,237.14762977836975,-7.297716343547201
57.7467,57.7467,254.0,237.69266126774187,237.144831899185,-30.29266126774187
57.7661,57.7661,269.0,237.6876503930713,237.1420483680986,-15.287650393071296
57.7856,57.7856,224.0,237.68263284011232,237.13925048891386,-60.28263284011232
57.805,57.805,233.0,237.67765891925796,237.13646695782748,-51.277658919257966
57.8245,57.8245,230.0,237.6726775400241,237.13366907864273,-54.2726775400241
57.844,57.844,261.0,237.6677141221228,237.13087119945797,-23.26771412212279
57.8634,57.8634,246.0,237.66279412430606,237.1280876683716,-38.26279412430606
57.8829,57.8829,238.0,237.65786639290454,237.12528978918684,-46.25786639290454
57.9023,57.9023,235.0,237.65298118600165,237.1225062581005,-49.252981186001655
57.9218,57.9218,268.0,237.648087993855,237.1197083789157,-16.248087993855002
57.9412,57.9412,252.0,237.64323699701674,237.11692484782935,-32.243236997016744
57.9607,57.9607,237.0,237.63837765470635,237.11412696864457,-47.23837765470635
57.9802,57.9802,223.0,237.6335354785436,237.11132908945982,-61.233535478543594
57.9996,57.9996,260.0,237.62873424374013,237.10854555837346,-24.228734243740128
58.0191,58.0191,243.0,237.6239246974795,237.10574767918868,-41.22392469747951
58.0385,58.0385,242.0,237.61915603782165,237.10296414810233,-42.219156037821655
58.058,58.058,212.0,237.61437867441154,237.10016626891758,-72.21437867441153
58.0774,58.0774,234.0,237.60964173791518,237.0973827378312,-50.209641737915184
58.0969,58.0969,238.0,237.60489596655447,237.09458485864644,-46.20489596655447
58.1163,58.1163,230.0,237.60019022894116,237.09180132756006,-54.20019022894116
58.1358,58.1358,238.0,237.59547587095045,237.0890034483753,-46.19547587095045
58.1553,58.1553,232.0,237.59077631943344,237.08620556919055,-52.190776319433446
58.1747,58.1747,215.0,237.58611622213166,237.08342203810417,-69.18611622213166
58.1942,58.1942,209.0,237.58144704639056,237.08062415891942,-75.18144704639056
58.2136,58.2136,232.0,237.57681623642094,237.07784062783304,-52.17681623642094
58.2331,58.2331,242.0,237.57217671440836,237.0750427486483,-42.17217671440836
58.2525,58.2525,253.0,237.5675750786671,237.0722592175619,-31.16757507866709
58.272,58.272,221.0,237.56296410645692,237.06946133837715,-63.16296410645692
58.2915,58.2915,257.0,237.55836738685966,237.0666634591924,-27.15836738685966
58.3109,58.3109,226.0,237.55380844561455,237.06387992810602,-58.15380844561455
58.3304,58.3304,203.0,237.54923998345032,237.06108204892126,-81.14923998345031
58.3498,58.3498,250.0,237.5447086723816,237.05829851783488,-34.144708672381604
58.3693,58.3693,221.0,237.5401677145458,237.05550063865013,-63.14016771454579
58.3887,58.3887,225.0,237.5356634848588,237.05271710756375,-59.13566348485879
58.4082,58.4082,242.0,237.53114937020663,237.049919228379,-42.131149370206636
58.4277,58.4277,231.0,237.5266488845055,237.04712134919424,-53.12664888450551
58.4471,58.4471,238.0,237.5221844036387,237.04433781810786,-46.122184403638705
58.4666,58.4666,228.0,237.517709966787,237.0415399389231,-56.11770996678701
58.486,58.486,250.0,237.51327141038945,237.03875640783673,-34.11327141038945
58.5055,58.5055,240.0,237.50882268185538,237.03595852865197,-44.10882268185538
58.5249,58.5249,205.0,237.50440951382487,237.03317499756562,-79.10440951382486
58.5444,58.5444,259.0,237.4999860096561,237.03037711838084,-25.099986009656114
58.5639,58.5639,227.0,237.49557534924392,237.0275792391961,-57.09557534924392
58.5833,58.5833,238.0,237.4911993150314,237.02479570810974,-46.091199315031396
58.6028,58.6028,192.0,237.48681301039323,237.02199782892495,-92.08681301039323
58.6222,58.6222,237.0,237.48246138149514,237.0192142978386,-47.08246138149514
58.6417,58.6417,229.0,237.4780993265945,237.01641641865385,-55.078099326594504
58.6611,58.6611,244.0,237.47377120965524,237.01363288756747,-40.07377120965524
58.6806,58.6806,233.0,237.4694329500655,237.0108350083827,-51.06943295006551
58.7001,58.7001,220.0,237.46510612586601,237.00803712919796,-64.06510612586601
58.7195,58.7195,264.0,237.4608130850965,237.00525359811158,-20.060813085096505
58.739,58.739,208.0,237.45650935218657,237.00245571892683,-76.05650935218657
58.7584,58.7584,260.0,237.45223912826805,236.99967218784045,-24.05223912826805
58.7779,58.7779,244.0,237.44795821912572,236.9968743086557,-40.047958219125725
58.7973,58.7973,246.0,237.44371028907472,236.9940907775693,-38.04371028907472
58.8168,58.8168,231.0,237.439451612533,236.99129289838456,-53.03945161253299
58.8363,58.8363,199.0,237.43520392052557,236.9884950191998,-85.03520392052556
58.8557,58.8557,238.0,237.43098856290638,236.98571148811342,-46.03098856290638
58.8752,58.8752,203.0,237.42676270851288,236.98291360892867,-81.02676270851288
58.8946,58.8946,234.0,237.4225689218088,236.9801300778423,-50.02256892180879
58.9141,58.9141,220.0,237.41836409583033,236.97733219865754,-64.01836409583032
58.9335,58.9335,210.0,237.41419140466175,236.97454866757116,-74.01419140466174
58.953,58.953,235.0,237.4100074655575,236.9717507883864,-49.0100074655575
58.9725,58.9725,240.0,237.40583405684308,236.96895290920165,-44.00583405684308
58.9919,58.9919,206.0,237.40169197121892,236.96616937811527,-78.00169197121892
59.0114,59.0114,238.0,237.39753908934202,236.9633714989305,-45.99753908934202
59.0308,59.0308,247.0,237.3934173586186,236.96058796784413,-36.99341735861859
59.0503,59.0503,242.0,237.38928418111504,236.95779008865938,-41.989284181115046
59.0697,59.0697,247.0,237.3851822659172,236.955006557573,-36.985182265917196
59.0892,59.0892,224.0,237.38106883368394,236.95220867838825,-59.98106883368394
59.1087,59.1087,245.0,237.3769654137007,236.9494107992035,-38.976965413700704
59.1281,59.1281,241.0,237.3728925186069,236.9466272681171,-42.972892518606905
59.1476,59.1476,235.0,237.3688081049504,236.94382938893236,-48.968808104950405
59.167,59.167,221.0,237.3647541602223,236.94104585784598,-62.964754160222306
59.1865,59.1865,252.0,237.36068862060523,236.93824797866122,-31.960688620605232
59.2059,59.2059,225.0,237.35665338249206,236.93546444757487,-58.95665338249206
59.2254,59.2254,221.0,237.35260660703693,236.93266656839012,-62.952606607036934
59.2449,59.2449,223.0,237.34856893258313,236.92986868920534,-60.948568932583136
59.2643,59.2643,253.0,237.3445611075522,236.92708515811898,-30.94456110755221
59.2838,59.2838,221.0,237.3405417503027,236.92428727893423,-62.94054175030269
59.3032,59.3032,228.0,237.33655166216366,236.92150374784785,-55.93655166216366
59.3227,59.3227,231.0,237.33255006883408,236.9187058686631,-52.93255006883408
59.3421,59.3421,256.0,237.32857779649382,236.91592233757672,-27.92857779649382
59.3616,59.3616,239.0,237.32459369527479,236.91312445839196,-44.92459369527479
59.3811,59.3811,249.0,237.32061829316046,236.9103265792072,-34.920618293160466
59.4005,59.4005,248.0,237.31667192382648,236.90754304812083,-35.91667192382648
59.42,59.42,224.0,237.3127137865128,236.90474516893607,-59.9127137865128
59.4394,59.4394,240.0,237.30878416461212,236.9019616378497,-43.90878416461212
59.4589,59.4589,226.0,237.3048430091511,236.89916375866494,-57.904843009151115
59.4783,59.4783,243.0,237.30093016048374,236.89638022757856,-40.900930160483746
59.4978,59.4978,218.0,237.29700551549078,236.8935823483938,-65.89700551549078
59.5173,59.5173,230.0,237.29308914817182,236.89078446920905,-53.89308914817182
59.5367,59.5367,210.0,237.2892008674834,236.88800093812267,-73.8892008674834
59.5562,59.5562,213.0,237.28530064590575,236.88520305893792,-70.88530064590574
59.5756,59.5756,222.0,237.28142845518653,236.88241952785154,-61.88142845518653
59.5951,59.5951,230.0,237.27754419058945,236.87962164866678,-53.877544190589454
59.6145,59.6145,227.0,237.27368774448786,236.8768381175804,-56.87368774448786
59.634,59.634,225.0,237.26981923921645,236.87404023839565,-58.86981923921645
59.6535,59.6535,252.0,237.26595870938647,236.8712423592109,-31.86595870938647
59.6729,59.6729,249.0,237.26212552067256,236.86845882812452,-34.862125520672556
59.6924,59.6924,253.0,237.2582802501718,236.86566094893976,-30.858280250171795
59.7118,59.7118,254.0,237.25446233732248,236.86287741785338,-29.85446233732248
59.7313,59.7313,227.0,237.25063231856626,236.86007953866863,-56.85063231856626
59.7507,59.7507,221.0,237.2468292520751,236.85729600758225,-62.84682925207509
59.7702,59.7702,211.0,237.24301425591227,236.8544981283975,-72.84301425591227
59.7897,59.7897,231.0,237.2392065119449,236.85170024921274,-52.8392065119449
59.8091,59.8091,245.0,237.23542561603657,236.84891671812636,-38.83542561603657
59.8286,59.8286,266.0,237.23163241310885,236.8461188389416,-17.831632413108856
59.848,59.848,220.0,237.22786606833256,236.84333530785526,-63.82786606833256
59.8675,59.8675,216.0,237.22408745374065,236.84053742867047,-67.82408745374065
59.8869,59.8869,262.0,237.22033513638468,236.83775389758412,-21.820335136384678
59.9064,59.9064,205.0,237.21657087035223,236.83495601839937,-78.81657087035222
59.9259,59.9259,237.0,237.21281334649964,236.83215813921458,-46.812813346499645
59.9453,59.9453,232.0,237.2090821573496,236.82937460812823,-51.8090821573496
59.9648,59.9648,246.0,237.20533859121917,236.82657672894348,-37.805338591219176
59.9842,59.9842,215.0,237.20162130973523,236.8237931978571,-68.80162130973522
60.0037,60.0037,241.0,237.19789150035504,236.82099531867235,-42.79789150035504
60.0231,60.0231,241.0,237.19418764586763,236.81821178758597,-42.79418764586763
60.0426,60.0426,228.0,237.19047132576256,236.8154139084012,-55.79047132576256
60.0621,60.0621,219.0,237.18676183524983,236.81261602921646,-64.78676183524982
60.0815,60.0815,222.0,237.18307780639861,236.80983249813008,-61.783077806398616
60.101,60.101,244.0,237.17938164044574,236.80703461894532,-39.77938164044574
60.1204,60.1204,256.0,237.1757107985291,236.80425108785894,-27.77571079852911
60.1399,60.1399,270.0,237.17202759115062,236.8014532086742,-13.772027591150625
60.1593,60.1593,238.0,237.16836964005108,236.7986696775878,-45.768369640051084
60.1788,60.1788,215.0,237.1646992741006,236.79587179840306,-68.7646992741006
60.1983,60.1983,224.0,237.16103539525017,236.7930739192183,-59.76103539525017
60.2177,60.2177,259.0,237.15739662827625,236.79029038813192,-24.757396628276247
60.2372,60.2372,240.0,237.15374525596414,236.78749250894717,-43.75374525596414
60.2566,60.2566,254.0,237.15011898513296,236.7847089778608,-29.750118985132964
60.2761,60.2761,257.0,237.1464800886091,236.78191109867603,-26.74648008860911
60.2955,60.2955,226.0,237.1428660921913,236.77912756758965,-57.7428660921913
60.315,60.315,225.0,237.139239651099,236.7763296884049,-58.73923965109899
60.3345,60.3345,248.0,237.13561923064208,236.77353180922015,-35.73561923064208
60.3539,60.3539,249.0,237.13202346294523,236.77074827813377,-34.73202346294523
60.3734,60.3734,244.0,237.1284150807444,236.767950398949,-39.72841508074439
60.3928,60.3928,264.0,237.1248312142616,236.76516686786263,-19.724831214261606
60.4123,60.4123,237.0,237.12123488306648,236.76236898867788,-46.72123488306648
60.4317,60.4317,252.0,237.1176628410342,236.75958545759153,-31.71766284103419
60.4512,60.4512,216.0,237.11407813507444,236.75678757840674,-67.71407813507443
60.4707,60.4707,268.0,237.11049937307024,236.753989699222,-15.710499373070242
60.4901,60.4901,233.0,237.10694471326457,236.75120616813564,-50.70694471326457
60.5096,60.5096,240.0,237.1033775287712,236.74840828895086,-43.703377528771206
60.529,60.529,244.0,237.09983417884425,236.7456247578645,-39.69983417884425
60.5485,60.5485,254.0,237.09627849065086,236.74282687867975,-29.69627849065086
60.5679,60.5679,247.0,237.09274649747056,236.74004334759337,-36.69274649747056
60.5874,60.5874,257.0,237.0892019759309,236.73724546840862,-26.689201975930906
60.6069,60.6069,262.0,237.08566302799704,236.73444758922386,-21.685663027997045
60.6263,60.6263,215.0,237.08214768593217,236.73166405813748,-68.68214768593216
60.6458,60.6458,231.0,237.07861992579745,236.72886617895273,-52.678619925797456
60.6652,60.6652,239.0,237.07511555967574,236.72608264786635,-44.67511555967574
60.6847,60.6847,219.0,237.07159861274408,236.7232847686816,-64.67159861274408
60.7041,60.7041,220.0,237.06810514878302,236.72050123759522,-63.66810514878302
60.7236,60.7236,238.0,237.06459896509256,236.71770335841046,-45.66459896509256
60.7431,60.7431,247.0,237.06109831096578,236.7149054792257,-36.66109831096578
60.7625,60.7625,245.0,237.0576208143635,236.71212194813933,-38.657620814363504
60.782,60.782,238.0,237.0541307014728,236.70932406895457,-45.65413070147279
60.8014,60.8014,243.0,237.05066373689766,236.7065405378682,-40.65066373689766
60.8209,60.8209,222.0,237.0471840631741,236.70374265868344,-61.64718406317409
60.8403,60.8403,261.0,237.04372750213247,236.70095912759706,-22.64372750213247
60.8598,60.8598,241.0,237.0402583060734,236.6981612484123,-42.64025830607341
60.8793,60.8793,234.0,237.03679429508452,236.69536336922755,-49.63679429508452
60.8987,60.8987,210.0,237.03335308183173,236.69257983814117,-73.63335308183173
60.9182,60.9182,252.0,237.0298991561526,236.68978195895642,-31.629899156152597
60.9376,60.9376,223.0,237.02646813295695,236.68699842787004,-60.62646813295695
60.9571,60.9571,243.0,237.02302443775096,236.68420054868528,-40.62302443775096
60.9765,60.9765,240.0,237.01960324869285,236.6814170175989,-43.61960324869285
60.996,60.996,260.0,237.01616965950683,236.67861913841415,-23.61616965950683
61.0154,61.0154,219.0,237.01275839106617,236.67583560732777,-64.61275839106617
61.0349,61.0349,222.0,237.0093345235605,236.67303772814302,-61.60933452356051
61.0544,61.0544,232.0,237.00591553846724,236.67023984895826,-51.60591553846724
61.0738,61.0738,248.0,237.00251910130407,236.66745631787188,-35.602519101304075
61.0933,61.0933,244.0,236.99910991114692,236.66465843868713,-39.59910991114692
61.1127,61.1127,251.0,236.99572296413476,236.66187490760078,-32.59572296413476
61.1322,61.1322,264.0,236.9923234032671,236.659077028416,-19.59232340326711
61.1516,61.1516,239.0,236.98894605482369,236.65629349732964,-44.58894605482369
61.1711,61.1711,240.0,236.98555599879165,236.6534956181449,-43.585555998791655
61.1906,61.1906,204.0,236.98217078164842,236.6506977389601,-79.58217078164841
61.21,61.21,234.0,236.97880751813832,236.64791420787375,-49.578807518138326
61.2295,61.2295,235.0,236.9754316203794,236.645116328689,-48.5754316203794
61.2489,61.2489,263.0,236.97207770310825,236.64233279760262,-20.572077703108256
61.2684,61.2684,243.0,236.96871117335317,236.63953491841787,-40.56871117335317
61.2878,61.2878,240.0,236.9653663402672,236.6367513873315,-43.5653663402672
61.3073,61.3073,209.0,236.96200897349098,236.63395350814673,-74.56200897349098
61.3268,61.3268,257.0,236.95865623691782,236.63115562896198,-26.55865623691782
61.3462,61.3462,240.0,236.95532517656727,236.6283720978756,-43.55532517656727
61.3657,61.3657,230.0,236.95198137372068,236.62557421869084,-53.551981373720686
61.3851,61.3851,258.0,236.94865937603055,236.62279068760446,-25.54865937603055
61.4046,61.4046,229.0,236.94532468977283,236.6199928084197,-54.54532468977283
61.424,61.424,251.0,236.94201142813176,236.61720927733333,-32.542011428131765
61.4435,61.4435,226.0,236.93868574109817,236.61441139814858,-57.53868574109817
61.463,61.463,256.0,236.93536432914084,236.61161351896382,-27.53536432914084
61.4824,61.4824,214.0,236.9320643738617,236.60882998787744,-69.53206437386169
61.5019,61.5019,256.0,236.92875176371598,236.6060321086927,-27.52875176371598
61.5213,61.5213,233.0,236.92546065238233,236.6032485776063,-50.52546065238233
61.5408,61.5408,211.0,236.92215672616086,236.60045069842155,-72.52215672616086
61.5602,61.5602,250.0,236.91887416867112,236.59766716733517,-33.518874168671125
61.5797,61.5797,224.0,236.91557894870374,236.59486928815042,-59.51557894870374
61.5992,61.5992,234.0,236.9122880478292,236.59207140896567,-49.51228804782921
61.6186,61.6186,266.0,236.90901818126946,236.5892878778793,-17.50901818126946
61.6381,61.6381,242.0,236.90573587699296,236.58648999869453,-41.505735876992965
61.6575,61.6575,232.0,236.9024745195804,236.58370646760815,-51.50247451958041
61.677,61.677,240.0,236.89920059006525,236.5809085884234,-43.49920059006525
61.6964,61.6964,212.0,236.89594763770847,236.57812505733705,-71.49594763770847
61.7159,61.7159,229.0,236.8926820613144,236.57532717815226,-54.49268206131439
61.7354,61.7354,214.0,236.88942073106023,236.5725292989675,-69.48942073106022
61.7548,61.7548,217.0,236.8861801843895,236.56974576788116,-66.4861801843895
61.7743,61.7743,243.0,236.8829271551702,236.56694788869638,-40.482927155170195
61.7937,61.7937,238.0,236.8796948497805,236.56416435761003,-45.47969484978049
61.8132,61.8132,211.0,236.87644993418584,236.56136647842527,-72.47644993418584
61.8326,61.8326,226.0,236.87322585585784,236.5585829473389,-57.47322585585784
61.8521,61.8521,221.0,236.86998920396778,236.55578506815414,-62.46998920396778
61.8716,61.8716,239.0,236.86675657626355,236.55298718896938,-44.466756576263556
61.891,61.891,213.0,236.86354454731747,236.550203657883,-70.46354454731747
61.9105,61.9105,236.0,236.86031996560382,236.54740577869825,-47.46031996560382
61.9299,61.9299,244.0,236.85711595423115,236.54462224761187,-39.45711595423115
61.9494,61.9494,238.0,236.85389934647364,236.54182436842711,-45.45389934647364
61.9688,61.9688,222.0,236.85070338275915,236.53904083734074,-61.45070338275915
61.9883,61.9883,220.0,236.84749474093482,236.53624295815598,-63.44749474093482
62.0078,62.0078,225.0,236.8442900870916,236.53344507897123,-58.444290087091595
62.0272,62.0272,241.0,236.84110585271134,236.53066154788485,-42.44110585271134
62.0467,62.0467,217.0,236.8379091191965,236.5278636687001,-66.43790911919649
62.0661,62.0661,219.0,236.8347325693217,236.5250801376137,-64.43473256932168
62.0856,62.0856,246.0,236.83154370580723,236.52228225842896,-37.431543705807236
62.105,62.105,223.0,236.82837497810152,236.51949872734258,-60.42837497810152
62.1245,62.1245,236.0,236.82519381689266,236.51670084815783,-47.425193816892666
62.144,62.144,239.0,236.82201645975098,236.51390296897307,-44.422016459750985
62.1634,62.1634,220.0,236.81885930409393,236.5111194378867,-63.418859304093935
62.1829,62.1829,197.0,236.81568971450136,236.50832155870194,-86.41568971450135
62.2023,62.2023,236.0,236.81254016482276,236.50553802761556,-47.412540164822765
62.2218,62.2218,219.0,236.80937818700465,236.5027401484308,-64.40937818700465
62.2412,62.2412,218.0,236.8062362350264,236.49995661734442,-65.4062362350264
62.2607,62.2607,228.0,236.80308188439096,236.49715873815967,-55.403081884390964
62.2802,62.2802,229.0,236.79993127439,236.49436085897491,-54.39993127438999
62.2996,62.2996,254.0,236.79680066688974,236.49157732788854,-29.39680066688974
62.3191,62.3191,241.0,236.7936576269144,236.48877944870378,-42.39365762691441
62.3385,62.3385,223.0,236.79053441999366,236.4859959176174,-60.390534419993664
62.358,62.358,218.0,236.78739883917353,236.48319803843265,-65.38739883917353
62.3774,62.3774,233.0,236.78428307930693,236.4804145073463,-50.38428307930693
62.3969,62.3969,246.0,236.78115492433452,236.4776166281615,-37.38115492433452
62.4164,62.4164,271.0,236.77803060824587,236.47481874897676,-12.378030608245872
62.4358,62.4358,244.0,236.77492593910029,236.4720352178904,-39.37492593910029
62.4553,62.4553,224.0,236.77180889860995,236.46923733870563,-59.37180889860995
62.4747,62.4747,238.0,236.76871155601802,236.46645380761927,-45.36871155601802
62.4942,62.4942,223.0,236.76560195798325,236.46365592843452,-60.36560195798325
62.5136,62.5136,254.0,236.76251180798542,236.46087239734814,-29.36251180798542
62.5331,62.5331,226.0,236.75940956887905,236.4580745181634,-57.35940956887905
62.5526,62.5526,248.0,236.75631086055301,236.45527663897863,-35.356310860553016
62.572,62.572,223.0,236.7532317035622,236.45249310789225,-60.353231703562194
62.5915,62.5915,242.0,236.75014022296781,236.4496952287075,-41.350140222967816
62.6109,62.6109,247.0,236.74706832061773,236.44691169762112,-36.34706832061773
62.6304,62.6304,224.0,236.74398417291292,236.44411381843636,-59.34398417291292
62.6498,62.6498,231.0,236.74091939697328,236.44133028734998,-52.340919396973284
62.6693,62.6693,275.0,236.73784242520497,236.43853240816523,-8.337842425204975
62.6888,62.6888,239.0,236.7347689780145,236.43573452898048,-44.3347689780145
62.7082,62.7082,282.0,236.7317150078686,236.4329509978941,-1.3317150078685884
62.7277,62.7277,254.0,236.72864880637087,236.43015311870934,-29.32864880637087
62.7471,62.7471,253.0,236.72560183275507,236.42736958762296,-30.325601832755076
62.7666,62.7666,230.0,236.72254276580182,236.4245717084382,-53.32254276580182
62.786,62.786,237.0,236.71950291052661,236.42178817735183,-46.319502910526616
62.8055,62.8055,251.0,236.71645089170562,236.41899029816707,-32.31645089170562
62.825,62.825,194.0,236.7134024942912,236.41619241898232,-89.31340249429118
62.8444,62.8444,233.0,236.71037316316912,236.41340888789594,-50.310373163169125
62.8639,62.8639,267.0,236.70733186523742,236.4106110087112,-16.307331865237423
62.8833,62.8833,240.0,236.70430959291662,236.4078274776248,-43.30430959291662
62.9028,62.9028,217.0,236.70127526389507,236.40502959844005,-66.30127526389506
62.9222,62.9222,220.0,236.69826001004577,236.40224606735367,-63.29826001004577
62.9417,62.9417,253.0,236.69523275371807,236.39944818816892,-30.295232753718075
62.9612,62.9612,216.0,236.69220897527052,236.39665030898416,-67.29220897527051
62.9806,62.9806,214.0,236.68920419735065,236.39386677789778,-69.28920419735064
63.0001,63.0001,252.0,236.68618736236738,236.39106889871303,-31.28618736236738
63.0195,63.0195,229.0,236.68318954141526,236.38828536762668,-54.28318954141526
63.039,63.039,245.0,236.68017967649195,236.3854874884419,-38.28017967649195
63.0584,63.0584,273.0,236.67718886063116,236.38270395735555,-10.277188860631163
63.0779,63.0779,201.0,236.67418597484908,236.3799060781708,-82.27418597484908
63.0974,63.0974,203.0,236.6711866034276,236.377108198986,-80.2711866034276
63.1168,63.1168,224.0,236.6682061110817,236.37432466789966,-59.2682061110817
63.1363,63.1363,216.0,236.6652136502468,236.3715267887149,-67.2652136502468
63.1557,63.1557,238.0,236.66224000985315,236.36874325762852,-45.26224000985315
63.1752,63.1752,236.0,236.6592545017658,236.36594537844377,-47.25925450176579
63.1946,63.1946,241.0,236.65628773030988,236.3631618473574,-42.256287730309886
63.2141,63.2141,221.0,236.65330915217524,236.36036396817263,-62.25330915217524
63.2336,63.2336,263.0,236.6503340050811,236.35756608898788,-20.250334005081108
63.253,63.253,209.0,236.64737752735482,236.3547825579015,-74.24737752735481
63.2725,63.2725,220.0,236.64440930375568,236.35198467871675,-63.24440930375568
63.2919,63.2919,247.0,236.64145965940122,236.34920114763037,-36.24145965940122
63.3114,63.3114,217.0,236.63849836952969,236.3464032684456,-66.23849836952968
63.3308,63.3308,277.0,236.6355555983847,236.34361973735923,-6.235555598384714
63.3503,63.3503,221.0,236.63260110581288,236.34082185817448,-62.23260110581288
63.3698,63.3698,242.0,236.62965005367505,236.33802397898972,-41.22965005367505
63.3892,63.3892,231.0,236.62671761957958,236.33524044790335,-52.22671761957958
63.4087,63.4087,264.0,236.6237734538695,236.3324425687186,-19.22377345386949
63.4281,63.4281,240.0,236.62084779751305,236.3296590376322,-43.22084779751305
63.4476,63.4476,225.0,236.6179104603953,236.32686115844746,-58.21791046039531
63.467,63.467,220.0,236.6149916491082,236.32407762736108,-63.21499164910819
63.4865,63.4865,247.0,236.61206115212408,236.32127974817632,-36.212061152124086
63.506,63.506,235.0,236.6091342200036,236.31848186899157,-48.2091342200036
63.5254,63.5254,242.0,236.6062256134415,236.3156983379052,-41.2062256134415
63.5449,63.5449,220.0,236.6033054556466,236.31290045872043,-63.20330545564659
63.5643,63.5643,232.0,236.6004037530406,236.31011692763406,-51.20040375304061
63.5838,63.5838,214.0,236.5974904581431,236.3073190484493,-69.19749045814311
63.6032,63.6032,255.0,236.5945954265123,236.30453551736292,-28.194595426512315
63.6227,63.6227,226.0,236.591689069762,236.30173763817817,-57.191689069762
63.6422,63.6422,240.0,236.58878608252218,236.2989397589934,-43.18878608252218
63.6616,63.6616,230.0,236.58590138946946,236.29615622790703,-53.18590138946946
63.6811,63.6811,229.0,236.5772936948112,236.28764685500806,-54.177293694811205
63.7005,63.7005,234.0,236.56281001408345,236.27325747619957,-49.162810014083455
63.72,63.72,231.0,236.5482550919962,236.25879392533537,-52.1482550919962
63.7394,63.7394,257.0,236.5337781825057,236.24440454652688,-26.1337781825057
63.7589,63.7589,231.0,236.51923017624688,236.22994099566267,-52.11923017624688
63.7783,63.7783,219.0,236.5047601428325,236.21555161685419,-64.1047601428325
63.7978,63.7978,213.0,236.49021895774712,236.20108806598998,-70.09021895774711
63.8173,63.8173,231.0,236.47568122314885,236.18662451512577,-52.075681223148855
63.8367,63.8367,240.0,236.4612214957606,236.17223513631728,-43.06122149576061
63.8562,63.8562,250.0,236.4466906808907,236.15777158545308,-33.0466906808907
63.8756,63.8756,224.0,236.43223780155708,236.1433822066446,-59.03223780155708
63.8951,63.8951,236.0,236.41771385784313,236.12891865578038,-47.01771385784313
63.9145,63.9145,222.0,236.40326789124396,236.1145292769719,-61.00326789124396
63.934,63.934,221.0,236.38875083369098,236.1000657261077,-61.98875083369098
63.9535,63.9535,251.0,236.37423734652097,236.08560217524348,-31.974237346520972
63.9729,63.9729,217.0,236.35980167683215,236.07121279643496,-65.95980167683214
63.9924,63.9924,234.0,236.34529509954805,236.05674924557076,-48.945295099548055
64.0118,64.0118,251.0,236.33086632403246,236.0423598667623,-31.930866324032458
64.0313,64.0313,237.0,236.31636671916672,236.02789631589806,-45.916366719166724
64.0507,64.0507,226.0,236.30194488286435,236.01350693708957,-56.90194488286435
64.0702,64.0702,245.0,236.28745217580646,235.99904338622537,-37.887452175806466
64.0897,64.0897,248.0,236.27296301303076,235.9845798353612,-34.87296301303076
64.1091,64.1091,240.0,236.25855166511514,235.97019045655267,-42.85855166511514
64.1286,64.1286,253.0,236.2440694191268,235.95572690568846,-29.84406941912679
64.148,64.148,276.0,236.2296650194036,235.94133752687998,-6.829665019403599
64.1675,64.1675,248.0,236.21518988289012,235.92687397601577,-34.81518988289012
64.1869,64.1869,243.0,236.20079241592683,235.91248459720728,-39.80079241592683
64.2064,64.2064,248.0,236.1863243630063,235.89802104634308,-34.786324363006294
64.2259,64.2259,254.0,236.17185974270618,235.88355749547887,-28.771859742706177
64.2453,64.2453,244.0,236.157472887217,235.86916811667038,-38.75747288721701
64.2648,64.2648,273.0,236.14301536745012,235.85470456580617,-9.74301536745012
64.2842,64.2842,251.0,236.12863555732497,235.84031518699769,-31.72863555732497
64.3037,64.3037,263.0,236.114185133271,235.82585163613348,-19.71418513327101
64.3231,64.3231,255.0,236.09981237644723,235.811462257325,-27.699812376447234
64.3426,64.3426,220.0,236.08536906456277,235.79699870646078,-62.68536906456277
64.3621,64.3621,241.0,236.07092939432326,235.78253515559658,-41.67092939432326
64.3815,64.3815,248.0,236.05656727039022,235.7681457767881,-34.65656727039022
64.401,64.401,248.0,236.04213482387456,235.75368222592388,-34.642134823874564
64.4204,64.4204,229.0,236.02777986707324,235.7392928471154,-53.62777986707324
64.4399,64.4399,255.0,236.01335454474255,235.7248292962512,-27.613354544742556
64.4593,64.4593,242.0,235.9990068186607,235.7104399174427,-40.59900681866069
64.4788,64.4788,248.0,235.98458868947694,235.69597636657846,-34.58458868947694
64.4983,64.4983,229.0,235.97017426413285,235.68151281571429,-53.57017426413285
64.5177,64.5177,235.0,235.95583734316588,235.66712343690577,-47.555837343165884
64.5372,64.5372,237.0,235.94143013123906,235.6526598860416,-45.54143013123906
64.5566,64.5566,234.0,235.92710052219056,235.63827050723307,-48.52710052219056
64.5761,64.5761,244.0,235.9127005676798,235.6238069563689,-38.51270056767979
64.5955,64.5955,231.0,235.89837827576716,235.60941757756038,-51.49837827576716
64.615,64.615,242.0,235.8839857984284,235.59495402669617,-40.4839857984284
64.6345,64.6345,239.0,235.869597044254,235.58049047583197,-43.469597044253995
64.6539,64.6539,214.0,235.85528570886754,235.56610109702348,-68.45528570886754
64.6734,64.6734,240.0,235.8409042894841,235.55163754615927,-42.44090428948409
64.6928,64.6928,241.0,235.82660041446965,235.53724816735078,-41.426600414469654
64.7123,64.7123,238.0,235.81222645745075,235.52278461648658,-44.41222645745075
64.7317,64.7317,258.0,235.79792998161804,235.5083952376781,-24.39792998161804
64.7512,64.7512,239.0,235.78356360761805,235.49393168681388,-43.38356360761805
64.7707,64.7707,233.0,235.7692009649918,235.47946813594967,-49.3692009649918
64.7901,64.7901,242.0,235.75491569143574,235.46507875714119,-40.35491569143574
64.8096,64.8096,244.0,235.74056065523482,235.45061520627698,-38.34056065523482
64.829,64.829,232.0,235.72628293349757,235.4362258274685,-50.32628293349757
64.8485,64.8485,243.0,235.71193555043277,235.42176227660428,-39.31193555043277
64.8679,64.8679,248.0,235.6976654726883,235.4073728977958,-34.2976654726883
64.8874,64.8874,217.0,235.68332571177442,235.3929093469316,-65.28332571177441
64.9069,64.9069,242.0,235.66898971861332,235.37844579606738,-40.26898971861332
64.9263,64.9263,222.0,235.6547311913092,235.3640564172589,-60.2547311913092
64.9458,64.9458,267.0,235.64040303102752,235.3495928663947,-15.240403031027519
64.9652,64.9652,246.0,235.62615219241195,235.3352034875862,-36.22615219241195
64.9847,64.9847,239.0,235.61183186952005,235.320739936722,-43.21183186952005
65.0041,65.0041,242.0,235.5975888005972,235.3063505579135,-40.19758880059721
65.0236,65.0236,225.0,235.58327618931634,235.2918870070493,-57.18327618931634
65.0431,65.0431,239.0,235.5689677235146,235.2774234561851,-43.16896772351459
65.0625,65.0625,265.0,235.55473644989468,235.2630340773766,-17.154736449894678
65.082,65.082,248.0,235.54043584772378,235.2485705265124,-34.140435847723786
65.1014,65.1014,245.0,235.52621255613337,235.23418114770388,-37.126212556133375
65.1209,65.1209,234.0,235.51191991673872,235.21971759683967,-48.11191991673872
65.1403,65.1403,248.0,235.4504513089498,235.20532821803118,-34.050451308949796
65.1598,65.1598,272.0,235.43625307536607,235.19086466716698,-10.03625307536607
65.1793,65.1793,220.0,235.42205876019568,235.17640111630277,-62.022058760195684
65.1987,65.1987,228.0,235.4079409781821,235.16201173749428,-54.0079409781821
65.2182,65.2182,246.0,235.39375430010676,235.14754818663008,-35.993754300106765
65.2376,65.2376,223.0,235.37964411244332,235.1331588078216,-58.97964411244332
65.2571,65.2571,246.0,235.3418454662526,235.11869525695738,-35.94184546625261
65.2765,65.2765,239.0,235.32778601310005,235.1043058781489,-42.927786013100054
65.296,65.296,247.0,235.31365803910492,235.08984232728469,-34.913658039104924
65.3155,65.3155,236.0,235.29953375897898,235.07537877642048,-45.89953375897898
65.3349,65.3349,232.0,235.28548586622642,235.060989397612,-49.885485866226425
65.3544,65.3544,245.0,235.2713692768559,235.04652584674778,-36.871369276855894
65.3738,65.3738,262.0,235.2573290566251,235.0321364679393,-19.85732905662511
65.3933,65.3933,226.0,235.243220390327,235.0176729170751,-55.843220390327
65.4127,65.4127,247.0,235.2291879528428,235.0032835382666,-34.82918795284281
65.4322,65.4322,280.0,235.21508716278,234.9888199874024,-1.81508716278001
65.4517,65.4517,233.0,235.2009902529383,234.9743564365382,-48.80099025293831
65.4711,65.4711,208.0,235.18696963993975,234.9599670577297,-73.78696963993974
65.4906,65.4906,238.0,235.1728808877089,234.9455035068655,-43.772880887708915
65.51,65.51,244.0,235.1588682959108,234.931114128057,-37.758868295910794
65.5295,65.5295,236.0,235.1447876095851,234.9166505771928,-45.74478760958511
65.5489,65.5489,214.0,235.13078313468995,234.90226119838428,-67.73078313468994
65.5684,65.5684,249.0,235.11671056000847,234.8877976475201,-32.71671056000847
65.5879,65.5879,243.0,235.10264213991206,234.8733340966559,-38.702642139912065
65.6073,65.6073,242.0,235.08864997813103,234.8589447178474,-39.68864997813103
65.6268,65.6268,253.0,235.07458995913,234.84448116698317,-28.67458995913001
65.6462,65.6462,241.0,235.06060614926,234.8300917881747,-40.66060614926
65.6657,65.6657,235.0,235.04655440142176,234.81562823731048,-46.64655440142176
65.6851,65.6851,218.0,235.0325791598638,234.801238858502,-63.63257915986379
65.7046,65.7046,246.0,235.01853595573596,234.78677530763778,-35.61853595573596
65.7241,65.7241,220.0,235.0044971860684,234.77231175677358,-61.60449718606839
65.7435,65.7435,210.0,234.9905346459192,234.7579223779651,-71.5905346459192
65.763,65.763,237.0,234.97650445098205,234.74345882710088,-44.57650445098205
65.7824,65.7824,233.0,234.96255069988442,234.7290694482924,-48.56255069988442
65.8019,65.8019,253.0,234.94852922161567,234.71460589742819,-28.548529221615674
65.8213,65.8213,229.0,234.93458424473803,234.7002165186197,-52.534584244738035
65.8408,65.8408,230.0,234.92057177977267,234.6857529677555,-51.52057177977267
65.8603,65.8603,238.0,234.90656380661648,234.67128941689128,-43.50656380661648
65.8797,65.8797,238.0,234.89263220353808,234.6569000380828,-43.492632203538086
65.8992,65.8992,242.0,234.878633213703,234.6424364872186,-39.47863321370301
65.9186,65.9186,226.0,234.86471061828172,234.6280471084101,-55.46471061828172
65.9381,65.9381,239.0,234.85072094918246,234.6135835575459,-42.45072094918246
65.9575,65.9575,247.0,234.83680754803007,234.5991941787374,-34.43680754803007
65.977,65.977,240.0,234.82282716083486,234.5847306278732,-41.42282716083486
65.9965,65.9965,236.0,234.80885132078365,234.570267077009,-45.40885132078365
66.0159,66.0159,263.0,234.79495198134515,234.5558776982005,-18.39495198134515
66.0354,66.0354,232.0,234.78098576150762,234.5414141473363,-49.380985761507624
66.0548,66.0548,215.0,234.76709585477087,234.5270247685278,-66.36709585477087
66.0743,66.0743,217.0,234.75313928171448,234.5125612176636,-64.35313928171448
66.0937,66.0937,217.0,234.73925899780923,234.49817183885511,-64.33925899780922
66.1132,66.1132,225.0,234.72531198629724,234.48370828799088,-56.325311986297244
66.1327,66.1327,252.0,234.71137004388208,234.4692447371267,-29.311370043882086
66.1521,66.1521,252.0,234.69750449531887,234.45485535831818,-29.29750449531887
66.1716,66.1716,235.0,234.68357250371773,234.440391807454,-46.28357250371773
66.191,66.191,240.0,234.66971688019524,234.4260024286455,-41.26971688019524
66.2105,66.2105,247.0,234.6557948291892,234.4115388777813,-34.255794829189206
66.2299,66.2299,242.0,234.6419494189199,234.3971494989728,-39.241949418919894
66.2494,66.2494,249.0,234.6280375241312,234.38268594810862,-32.2280375241312
66.2689,66.2689,238.0,234.6141310326984,234.36822239724438,-43.2141310326984
66.2883,66.2883,208.0,234.60030092207964,234.3538330184359,-73.20030092207963
66.3078,66.3078,245.0,234.58640482954448,234.3393694675717,-36.18640482954448
66.3272,66.3272,246.0,234.57258503684403,234.3249800887632,-35.17258503684403
66.3467,66.3467,264.0,234.55869950547927,234.310516537899,-17.15869950547927
66.3661,66.3661,237.0,234.5448904307715,234.2961271590905,-44.14489043077149
66.3856,66.3856,224.0,234.5310156893399,234.2816636082263,-57.13101568933991
66.4051,66.4051,241.0,234.51714622809985,234.2672000573621,-40.11714622809985
66.4245,66.4245,241.0,234.50335352799985,234.2528106785536,-40.10335352799985
66.444,66.444,223.0,234.48949499898146,234.2383471276894,-58.08949499898146
66.4634,66.4634,223.0,234.47571315623097,234.2239577488809,-58.07571315623097
66.4829,66.4829,218.0,234.4618659878207,234.2094941980167,-63.06186598782069
66.5023,66.5023,211.0,234.4480953334093,234.1951048192082,-70.0480953334093
66.5218,66.5218,231.0,234.4342594383889,234.180641268344,-50.034259438388894
66.5413,66.5413,245.0,234.42042913308785,234.1661777174798,-36.02042913308785
66.5607,66.5607,236.0,234.4066756723899,234.1517883386713,-45.006675672389896
66.5802,66.5802,243.0,234.39285700499184,234.1373247878071,-37.99285700499184
66.5996,66.5996,263.0,234.37911500981377,234.12293540899861,-17.979115009813775
66.6191,66.6191,211.0,234.36530821065008,234.1084718581344,-69.96530821065008
66.6385,66.6385,254.0,234.35157803657964,234.09408247932592,-26.95157803657964
66.658,66.658,227.0,234.33778301130823,234.0796189284617,-53.937783011308234
66.6774,66.6774,205.0,234.32406494206384,234.0652295496532,-75.92406494206384
66.6969,66.6969,237.0,234.310281974918,234.05076599878902,-43.910281974918014
66.7164,66.7164,253.0,234.2965054359047,234.0363024479248,-27.896505435904693
66.7358,66.7358,222.0,234.28280553990635,234.02191306911632,-58.88280553990635
66.7553,66.7553,228.0,234.26904138561093,234.0074495182521,-52.869041385610934
66.7747,66.7747,251.0,234.25535395798437,233.9930601394436,-29.85535395798437
66.7942,66.7942,242.0,234.24160222731132,233.9785965885794,-38.84160222731132
66.8136,66.8136,237.0,234.22792742287322,233.9642072097709,-43.82792742287322
66.8331,66.8331,230.0,234.21418873509882,233.9497436589067,-50.81418873509882
66.8526,66.8526,238.0,234.20045638267774,233.9352801080425,-42.800456382677744
66.872,66.872,222.0,234.186801168214,233.920890729234,-58.786801168214005
66.8915,66.8915,227.0,234.1730818810324,233.9064271783698,-53.773081881032404
66.9109,66.9109,254.0,234.1594398121169,233.8920377995613,-26.759439812116888
66.9304,66.9304,226.0,234.14573406091984,233.8775742486971,-54.74573406091984
66.9498,66.9498,232.0,234.1321052933598,233.8631848698886,-48.732105293359815
66.9693,66.9693,265.0,234.11841320534845,233.8487213190244,-15.718413205348448
66.9888,66.9888,232.0,234.10472781405045,233.8342577681602,-48.70472781405045
67.0082,67.0082,224.0,234.09111967359996,233.8198683893517,-56.691119673599964
67.0277,67.0277,231.0,234.07744835296305,233.8054048384875,-49.67744835296305
67.0471,67.0471,236.0,234.06385418265583,233.79101545967902,-44.66385418265583
67.0666,67.0666,235.0,234.05019713066892,233.7765519088148,-45.65019713066892
67.086,67.086,242.0,234.03661716134602,233.76216253000632,-38.63661716134602
67.1055,67.1055,226.0,234.0229743933401,233.74769897914211,-54.622974393340094
67.125,67.125,226.0,234.00933906566527,233.7332354282779,-54.609339065665274
67.1444,67.1444,224.0,233.9957808997413,233.71884604946942,-56.59578089974131
67.1639,67.1639,234.0,233.98216045705243,233.7043824986052,-46.58216045705243
67.1833,67.1833,222.0,233.96861720859638,233.68999311979672,-58.568617208596386
67.2028,67.2028,233.0,233.9550118290191,233.67552956893252,-47.5550118290191
67.2222,67.2222,237.0,233.9414836988966,233.66114019012403,-43.541483698896606
67.2417,67.2417,223.0,233.9278934567794,233.64667663925982,-57.5278934567794
67.2612,67.2612,207.0,233.91431122957013,233.63221308839562,-73.51431122957013
67.2806,67.2806,239.0,233.9008063578178,233.6178237095871,-41.5008063578178
67.3001,67.3001,248.0,233.887239730125,233.60336015872292,-32.487239730125005
67.3195,67.3195,249.0,233.87375085258438,233.5889707799144,-31.47375085258438
67.339,67.339,237.0,233.86020020632878,233.5745072290502,-43.460200206328786
67.3584,67.3584,252.0,233.84672735586528,233.5601178502417,-28.446727355865285
67.3779,67.3779,239.0,233.83319328567694,233.5456542993775,-41.43319328567694
67.3974,67.3974,252.0,233.81966755005732,233.5311907485133,-28.41966755005732
67.4168,67.4168,242.0,233.8062193924735,233.5168013697048,-38.40621939247351
67.4363,67.4363,240.0,233.79271023611412,233.5023378188406,-40.39271023611412
67.4557,67.4557,246.0,233.7792791559421,233.4879484400321,-34.37927915594211
67.4752,67.4752,235.0,233.7657872263451,233.4734848891679,-45.36578722634511
67.4946,67.4946,243.0,233.75237315733298,233.45909551035942,-37.352373157332984
67.5141,67.5141,218.0,233.73889886301444,233.4446319594952,-62.33889886301444
67.5336,67.5336,214.0,233.72543318670114,233.430168408631,-66.32543318670113
67.553,67.553,231.0,233.7120456682906,233.41577902982252,-49.312045668290615
67.5725,67.5725,252.0,233.6985981314523,233.4013154789583,-28.298598131452287
67.5919,67.5919,221.0,233.6852285411913,233.38692610014982,-59.285228541191294
67.6114,67.6114,229.0,233.67179943532707,233.37246254928561,-51.271799435327075
67.6308,67.6308,253.0,233.65844827550907,233.35807317047713,-27.258448275509075
67.6503,67.6503,240.0,233.64503781851693,233.34360961961292,-40.24503781851693
67.6698,67.6698,250.0,233.631636569371,233.3291460687487,-30.231636569371013
67.6892,67.6892,218.0,233.61831371595017,233.31475668994022,-62.21831371595017
67.7087,67.7087,236.0,233.6049319939116,233.30029313907602,-44.20493199391161
67.7281,67.7281,228.0,233.5916284472723,233.28590376026753,-52.191628447272315
67.7476,67.7476,244.0,233.57826613416637,233.27144020940332,-36.17826613416637
67.767,67.767,235.0,233.56498248093519,233.25705083059484,-45.16498248093519
67.7865,67.7865,222.0,233.55164004517505,233.2425872797306,-58.15164004517505
67.806,67.806,243.0,233.53830812856992,233.22812372886642,-37.138308128569925
67.8254,67.8254,224.0,233.5250546144815,233.2137343500579,-56.12505461448149
67.8449,67.8449,205.0,233.51174331308408,233.19927079919373,-75.11174331308408
67.8643,67.8643,221.0,233.49851051308428,233.1848814203852,-59.098510513084285
67.8838,67.8838,201.0,233.48522000011866,233.17041786952103,-79.08522000011865
67.9032,67.9032,222.0,233.4720082541746,233.15602849071252,-58.0720082541746
67.9227,67.9227,249.0,233.45873946564103,233.1415649398483,-31.058739465641032
67.9422,67.9422,215.0,233.44548158754873,233.1271013889841,-65.04548158754872
67.9616,67.9616,229.0,233.4323025095639,233.1127120101756,-51.0323025095639
67.9811,67.9811,258.0,233.4190664492204,233.0982484593114,-22.019066449220396
68.0005,68.0005,229.0,233.40590972156588,233.08385908050292,-51.00590972156588
68.02,68.02,252.0,233.39269650162638,233.0693955296387,-27.992696501626376
68.0394,68.0394,218.0,233.37956239628855,233.05500615083022,-61.97956239628855
68.0589,68.0589,210.0,233.36637238198423,233.04054259996602,-69.96637238198423
68.0784,68.0784,233.0,233.3531938782405,233.0260790491018,-46.95319387824049
68.0978,68.0978,221.0,233.34009504170584,233.01168967029332,-58.94009504170584
68.1173,68.1173,226.0,233.32694026165188,232.99722611942911,-53.926940261651886
68.1367,68.1367,234.0,233.31386518760397,232.98283674062063,-45.91386518760397
68.1562,68.1562,251.0,233.30073507689852,232.96837318975642,-28.90073507689852
68.1756,68.1756,251.0,233.28768446161638,232.95398381094793,-28.88768446161638
68.1951,68.1951,216.0,233.2745790187679,232.93952026008373,-63.874579018767896
68.2146,68.2146,237.0,233.26148638056665,232.92505670921952,-42.86148638056665
68.234,68.234,251.0,233.24847351687433,232.91066733041103,-28.84847351687433
68.2535,68.2535,231.0,233.23540668076419,232.89620377954682,-48.83540668076419
68.2729,68.2729,239.0,233.2224196727636,232.8818144007383,-40.82241967276361
68.2924,68.2924,228.0,233.209379098834,232.86735084987413,-51.80937909883401
68.3118,68.3118,229.0,233.19641850510303,232.8529614710656,-50.79641850510303
68.3313,68.3313,253.0,233.1834044103695,232.83849792020143,-26.783404410369492
68.3508,68.3508,231.0,233.1704044025442,232.8240343693372,-48.770404402544195
68.3702,68.3702,232.0,233.15748458521045,232.80964499052874,-47.757484585210456
68.3897,68.3897,241.0,233.14451229968878,232.7951814396645,-38.744512299688786
68.4091,68.4091,225.0,233.13162043189072,232.78079206085604,-54.731620431890725
68.4286,68.4286,243.0,233.11867616257777,232.7663285099918,-36.71867616257777
68.448,68.448,228.0,233.1058129637569,232.75193913118332,-51.705812963756905
68.4675,68.4675,222.0,233.09289803231553,232.7374755803191,-57.69289803231553
68.487,68.487,219.0,233.0799980264597,232.72301202945494,-60.67999802645969
68.5064,68.5064,243.0,233.06717881272323,232.70862265064642,-36.66717881272323
68.5259,68.5259,223.0,233.05430857243843,232.6941590997822,-56.65430857243843
68.5453,68.5453,235.0,233.04151991654723,232.67976972097372,-44.64151991654723
68.5648,68.5648,227.0,233.02868029896777,232.66530617010952,-52.62868029896777
68.5842,68.5842,247.0,233.0159223026387,232.65091679130103,-32.6159223026387
68.6037,68.6037,238.0,233.0031145672353,232.63645324043682,-41.60311456723529
68.6232,68.6232,238.0,232.99032279037237,232.62198968957262,-41.590322790372376
68.6426,68.6426,241.0,232.97761247018408,232.60760031076413,-38.577612470184086
68.6621,68.6621,205.0,232.96485326873017,232.59313675989992,-74.56485326873016
68.6815,68.6815,225.0,232.9521759311754,232.57874738109143,-54.55217593117539
68.701,68.701,262.0,232.93945025279308,232.56428383022723,-17.53945025279308
68.7204,68.7204,245.0,232.9268064945824,232.54989445141874,-34.526806494582395
68.7399,68.7399,218.0,232.91411500852973,232.53543090055453,-61.514115008529735
68.7594,68.7594,245.0,232.90144051361435,232.52096734969032,-34.50144051361435
68.7788,68.7788,228.0,232.88884891480043,232.50657797088184,-51.488848914800435
68.7983,68.7983,229.0,232.87621017218274,232.49211442001763,-50.47621017218274
68.8177,68.8177,229.0,232.86365410086026,232.47772504120914,-50.46365410086026
68.8372,68.8372,248.0,232.85105180249738,232.46326149034493,-31.451051802497382
68.8566,68.8566,247.0,232.8385322666532,232.44887211153645,-32.438532266653205
68.8761,68.8761,238.0,232.82596670509997,232.43440856067224,-41.425966705099974
68.8956,68.8956,243.0,232.8134206205509,232.41994500980803,-36.41342062055089
68.915,68.915,230.0,232.80095771257712,232.40555563099952,-49.40095771257712
68.9345,68.9345,231.0,232.7884502077476,232.39109208013534,-48.38845020774759
68.9539,68.9539,256.0,232.77602617460448,232.37670270132682,-23.376026174604483
68.9734,68.9734,228.0,232.76355790155267,232.36223915046264,-51.363557901552674
68.9928,68.9928,220.0,232.75117409315843,232.34784977165413,-59.35117409315843
69.0123,69.0123,262.0,232.7387462577528,232.33338622078992,-17.33874625775281
69.0318,69.0318,243.0,232.726339672563,232.3189226699257,-36.326339672563
69.0512,69.0512,245.0,232.71401725797142,232.30453329111722,-34.31401725797142
69.0707,69.0707,228.0,232.70165228553702,232.29006974025302,-51.301652285537024
69.0901,69.0901,204.0,232.68937253407034,232.27568036144453,-75.28937253407034
69.1096,69.1096,235.0,232.67705114231293,232.26121681058032,-44.277051142312935
69.129,69.129,216.0,232.66481474901755,232.24682743177183,-63.26481474901755
69.1485,69.1485,199.0,232.65253794552228,232.23236388090763,-80.25253794552228
69.168,69.168,216.0,232.6402833607687,232.21790033004342,-63.24028336076871
69.1874,69.1874,244.0,232.62811492459545,232.20351095123493,-35.22811492459545
69.2069,69.2069,241.0,232.61590631127135,232.18904740037073,-38.21590631127135
69.2263,69.2263,251.0,232.60378396761027,232.17465802156224,-28.20378396761027
69.2458,69.2458,251.0,232.59162326580113,232.16019447069803,-28.191623265801134
69.2652,69.2652,219.0,232.57954866383935,232.14580509188954,-60.17954866383935
69.2847,69.2847,246.0,232.56743656219024,232.13134154102534,-33.16743656219024
69.3042,69.3042,226.0,232.55534875064484,232.11687799016113,-53.15534875064484
69.3236,69.3236,231.0,232.54334818930994,232.10248861135264,-48.14334818930994
69.3431,69.3431,211.0,232.5313115344751,232.08802506048843,-68.13131153447509
69.3625,69.3625,236.0,232.51936197799986,232.07363568167995,-43.119361977999866
69.382,69.382,265.0,232.5073773257295,232.05917213081574,-14.107377325729495
69.4014,69.4014,241.0,232.4954801412604,232.04478275200725,-38.0954801412604
69.4209,69.4209,234.0,232.48354845183243,232.03031920114304,-45.083548451832435
69.4403,69.4403,231.0,232.4717055659188,232.01592982233456,-48.0717055659188
69.4598,69.4598,228.0,232.45982853360093,232.00146627147035,-51.05982853360093
69.4793,69.4793,237.0,232.44798018347933,231.98700272060614,-42.04798018347933
69.4987,69.4987,234.0,232.43622054234237,231.97261334179763,-45.03622054234237
69.5182,69.5182,225.0,232.42442919772654,231.95814979093345,-54.02442919772654
69.5376,69.5376,251.0,232.41272695388452,231.94376041212493,-28.012726953884517
69.5571,69.5571,252.0,232.40099439981952,231.92929686126072,-27.000994399819525
69.5765,69.5765,233.0,232.38935173260742,231.91490748245224,-45.989351732607425
69.596,69.596,219.0,232.37767986224262,231.90044393158803,-59.97767986224262
69.6155,69.6155,240.0,232.36603845754743,231.88598038072382,-38.966038457547434
69.6349,69.6349,231.0,232.354488536694,231.87159100191533,-47.954488536693994
69.6544,69.6544,259.0,232.34290998785676,231.85712745105113,-19.94290998785676
69.6738,69.6738,246.0,232.33142345398932,231.84273807224264,-32.93142345398932
69.6933,69.6933,239.0,232.31991031791313,231.82827452137843,-39.91991031791313
69.7127,69.7127,240.0,232.30848906815328,231.81388514256994,-38.90848906815328
69.7322,69.7322,251.0,232.29704296554354,231.79942159170574,-27.89704296554354
69.7517,69.7517,250.0,232.28563035795423,231.78495804084153,-28.885630357954234
69.7711,69.7711,276.0,232.27431108401612,231.77056866203304,-2.874311084016121
69.7906,69.7906,219.0,232.26296902468616,231.75610511116884,-59.86296902468616
69.81,69.81,212.0,232.25172018280895,231.74171573236035,-66.85172018280895
69.8295,69.8295,220.0,232.2404499897114,231.72725218149614,-58.84044998971141
69.8489,69.8489,231.0,232.22927373279435,231.71286280268765,-47.829273732794356
69.8684,69.8684,238.0,232.21807701849193,231.69839925182345,-40.81807701849193
69.8879,69.8879,252.0,232.20691854126815,231.68393570095924,-26.806918541268153
69.9073,69.9073,248.0,232.1958553517649,231.66954632215075,-30.795855351764892
69.9268,69.9268,224.0,232.1847745616744,231.65508277128654,-54.7847745616744
69.9462,69.9462,250.0,232.17378957367438,231.64069339247803,-28.773789573674385
69.9657,69.9657,280.0,232.1627877010844,231.62622984161385,1.2372122989156011
69.9851,69.9851,239.0,232.15188415734565,231.61184046280533,-39.75188415734565
70.0046,70.0046,249.0,232.14096456791472,231.59737691194115,-29.740964567914723
70.0241,70.0241,259.0,232.13008804901148,231.58291336107692,-19.730088049011478
70.0435,70.0435,240.0,232.11930934595625,231.56852398226846,-38.719309345956255
70.063,70.063,224.0,232.10851835153608,231.55406043140422,-54.70851835153608
70.0824,70.0824,219.0,232.09782731908084,231.53967105259574,-59.69782731908084
70.1019,70.1019,237.0,232.08712490056803,231.52520750173153,-41.68712490056803
70.1213,70.1213,232.0,232.07652307138179,231.51081812292304,-46.67652307138179
70.1408,70.1408,246.0,232.06591327128328,231.49635457205883,-32.66591327128328
70.1603,70.1603,245.0,232.0553505554243,231.48189102119463,-33.6553505554243
70.1797,70.1797,237.0,232.04488892514362,231.46750164238614,-41.644888925143626
70.1992,70.1992,264.0,232.03442135985495,231.45303809152193,-14.634421359854947
70.2186,70.2186,233.0,232.02405690313537,231.43864871271344,-45.624056903135376
70.2381,70.2381,252.0,232.01368965756672,231.42418516184924,-26.613689657566717
70.2575,70.2575,263.0,232.00342554957672,231.40979578304075,-15.60342554957672
70.277,70.277,242.0,231.99316082478782,231.39533223217654,-36.59316082478782
70.2965,70.2965,250.0,231.9829476322058,231.38086868131234,-28.582947632205794
70.3159,70.3159,259.0,231.97284081959302,231.36647930250385,-19.57284081959302
70.3354,70.3354,212.0,231.9627360824271,231.35201575163964,-66.56273608242711
70.3548,70.3548,262.0,231.95273781755637,231.33762637283115,-16.55273781755637
70.3743,70.3743,218.0,231.94274470207432,231.32316282196695,-60.54274470207432
70.3937,70.3937,222.0,231.93285902803953,231.30877344315846,-56.53285902803953
70.4132,70.4132,252.0,231.9229800922257,231.29430989229425,-26.522980092225716
70.4327,70.4327,231.0,231.91316081627278,231.27984634143004,-47.51316081627278
70.4521,70.4521,257.0,231.90345132194005,231.26545696262156,-21.503451321940055
70.4716,70.4716,231.0,231.89375336968988,231.25099341175735,-47.49375336968988
70.491,70.491,231.0,231.88416631621755,231.23660403294886,-47.48416631621755
70.5105,70.5105,260.0,231.87459266823342,231.22214048208465,-18.47459266823342
70.5299,70.5299,235.0,231.86513309474884,231.20775110327617,-43.46513309474884
70.5494,70.5494,243.0,231.85568865733214,231.19328755241193,-35.45568865733214
70.5689,70.5689,253.0,231.84631202377275,231.17882400154775,-25.446312023772755
70.5883,70.5883,234.0,231.83705020914854,231.16443462273924,-44.437050209148545
70.6078,70.6078,243.0,231.82780916998271,231.14997107187506,-35.427809169982716
70.6272,70.6272,214.0,231.8186863400658,231.13558169306654,-64.41868634006579
70.6467,70.6467,227.0,231.80958620047193,231.12111814220236,-51.40958620047193
70.6661,70.6661,232.0,231.80060555053686,231.10672876339385,-46.40060555053686
70.6856,70.6856,224.0,231.79165317240896,231.09226521252964,-54.39165317240896
70.7051,70.7051,244.0,231.78277518285702,231.07780166166543,-34.382775182857024
70.7245,70.7245,217.0,231.7740201490217,231.06341228285694,-61.37402014902171
70.744,70.744,223.0,231.76529615586117,231.04894873199274,-55.36529615586117
70.7634,70.7634,240.0,231.75669659683035,231.03455935318425,-38.35669659683035
70.7829,70.7829,262.0,231.74813428734078,231.02009580232004,-16.348134287340777
70.8023,70.8023,216.0,231.73969697327726,231.00570642351155,-62.33969697327726
70.8218,70.8218,214.0,231.73130081187998,230.99124287264735,-64.33130081187997
70.8413,70.8413,240.0,231.72298872488653,230.97677932178314,-38.322988724886535
70.8607,70.8607,238.0,231.71480646700948,230.96238994297465,-40.31480646700948
70.8802,70.8802,245.0,231.70667156669492,230.94792639211045,-33.306671566694924
70.8996,70.8996,242.0,231.69866732402656,230.93353701330196,-36.29866732402656
70.9191,70.9191,238.0,231.69071473016544,230.91907346243775,-40.29071473016544
70.9385,70.9385,257.0,231.68289536825333,230.90468408362926,-21.282895368253328
70.958,70.958,222.0,231.6751308375926,230.89022053276506,-56.275130837592606
70.9775,70.9775,230.0,231.6674647953983,230.87575698190085,-48.267464795398304
70.9969,70.9969,231.0,231.65993641101258,230.86136760309236,-47.25993641101258
71.0164,71.0164,237.0,231.65247124116746,230.84690405222815,-41.25247124116746
71.0358,71.0358,249.0,231.64514624207305,230.83251467341967,-29.245146242073055
71.0553,71.0553,253.0,231.63788955163236,230.81805112255546,-25.237889551632357
71.0747,71.0747,217.0,231.63077590984906,230.80366174374694,-61.230775909849065
71.0942,71.0942,221.0,231.62373418507102,230.78919819288276,-57.22373418507102
71.1137,71.1137,242.0,231.61680617743997,230.77473464201856,-36.21680617743997
71.1331,71.1331,225.0,231.61002602024493,230.76034526321007,-53.21002602024493
71.1526,71.1526,225.0,231.60332798269735,230.74588171234583,-53.20332798269735
71.172,71.172,231.0,231.59678122901758,230.73149233353735,-47.19678122901758
71.1915,71.1915,242.0,231.5903207301141,230.71702878267314,-36.19032073011409
71.2109,71.2109,219.0,231.58401754991328,230.70263940386465,-59.184017549913285
71.2304,71.2304,248.0,231.57780768514723,230.68817585300044,-30.177807685147236
71.2499,71.2499,243.0,231.57172734231526,230.67371230213624,-35.17172734231526
71.2693,71.2693,245.0,231.56580759182714,230.65932292332775,-33.16580759182714
71.2888,71.2888,240.0,231.55999021319838,230.64485937246354,-38.15999021319838
71.3082,71.3082,272.0,231.55434031860213,230.63046999365505,-6.154340318602131
71.3277,71.3277,256.0,231.5488008235858,230.61600644279085,-22.148800823585795
71.3471,71.3471,228.0,231.54343112860926,230.60161706398236,-50.14343112860926
71.3666,71.3666,203.0,231.5381806071972,230.58715351311815,-75.1381806071972
71.3861,71.3861,210.0,231.53307692952836,230.57268996225395,-68.13307692952836
71.4055,71.4055,233.0,231.52815233159887,230.55830058344546,-45.128152331598876
71.425,71.425,219.0,231.52335760443512,230.54383703258125,-59.12335760443512
71.4444,71.4444,283.0,231.51874475352247,230.52944765377276,4.881255246477529
71.4639,71.4639,238.0,231.51427150538333,230.51498410290856,-40.114271505383336
71.4833,71.4833,248.0,231.50998483768853,230.50059472410007,-30.109984837688536
71.5028,71.5028,232.0,231.50584680144948,230.48613117323586,-46.10584680144948
71.5223,71.5223,242.0,231.50187982951016,230.47166762237165,-36.10187982951016
71.5417,71.5417,258.0,231.49811045233955,230.45727824356317,-20.098110452339547
71.5612,71.5612,233.0,231.4945042030814,230.44281469269896,-45.09450420308139
71.5806,71.5806,230.0,231.49109939608957,230.42842531389047,-48.09109939608957
71.6001,71.6001,236.0,231.48786788920833,230.41396176302626,-42.08786788920833
71.6195,71.6195,238.0,231.4848441860049,230.39957238421775,-40.084844186004894
71.639,71.639,250.0,231.48200163774135,230.38510883335357,-28.08200163774135
71.6585,71.6585,196.0,231.47936548979473,230.37064528248936,-82.07936548979472
71.6779,71.6779,206.0,231.47694782469287,230.35625590368088,-72.07694782469287
71.6974,71.6974,245.0,231.47473162221303,230.34179235281664,-33.07473162221303
71.7168,71.7168,231.0,231.47274179972032,230.32740297400815,-47.072741799720326
71.7363,71.7363,226.0,231.4709626492688,230.31293942314394,-52.070962649268814
71.7557,71.7557,250.0,231.46942185930445,230.29855004433546,-28.069421859304448
71.7752,71.7752,232.0,231.4681064085008,230.28408649347125,-46.0681064085008
71.7947,71.7947,225.0,231.4670317663807,230.26962294260704,-53.0670317663807
71.8141,71.8141,226.0,231.46620457400817,230.25523356379855,-52.066204574008175
71.8336,71.8336,236.0,231.46562236511755,230.24077001293435,-42.065622365117555
71.853,71.853,246.0,231.4653016393047,230.22638063412586,-32.0653016393047
71.8725,71.8725,206.0,231.46524253681937,230.21191708326165,-72.06524253681937
71.8919,71.8919,247.0,231.4654516821519,230.19752770445317,-31.065451682151895
71.9114,71.9114,245.0,231.46594067056947,230.18306415358896,-33.06594067056947
71.9309,71.9309,232.0,231.46671173730368,230.16860060272475,-46.066711737303685
71.9503,71.9503,215.0,231.46777179691875,230.15421122391626,-63.067771796918755
71.9698,71.9698,237.0,231.46913136667422,230.13974767305206,-41.06913136667422
71.9892,71.9892,229.0,231.47079058675416,230.12535829424357,-49.070790586754164
72.0087,72.0087,267.0,231.47277461198686,230.11089474337936,-11.072774611986866
72.0281,72.0281,238.0,231.47506717439043,230.09650536457087,-40.07506717439043
72.0476,72.0476,246.0,231.4777047737443,230.08204181370667,-32.07770477374431
72.0671,72.0671,239.0,231.480678470829,230.06757826284246,-39.08067847082899
72.0865,72.0865,249.0,231.48398595343716,230.05318888403397,-29.083985953437157
72.106,72.106,229.0,231.48767111270283,230.03872533316977,-49.08767111270283
72.1254,72.1254,245.0,231.4917008043754,230.02433595436128,-33.0917008043754
72.1449,72.1449,244.0,231.49613146382845,230.00987240349707,-34.09613146382845
72.1643,72.1643,224.0,231.50092313908837,229.99548302468858,-54.10092313908837
72.1838,72.1838,250.0,231.50613582048575,229.98101947382435,-28.106135820485754
72.2032,72.2032,249.0,231.51173326357156,229.9666300950159,-29.11173326357156
72.2227,72.2227,267.0,231.5177807133304,229.95216654415165,-11.117780713330411
72.2422,72.2422,245.0,231.52426420941447,229.93770299328747,-33.12426420941447
72.2616,72.2616,230.0,231.5311546251161,229.92331361447896,-48.1311546251161
72.2811,72.2811,251.0,231.53853629404952,229.90885006361478,-27.138536294049523
72.3005,72.3005,275.0,231.54635315544664,229.89446068480626,-3.14635315544664
72.32,72.32,227.0,231.55469516637731,229.87999713394208,-51.154695166377316
72.3394,72.3394,250.0,231.56348960432246,229.86560775513357,-28.163489604322457
72.3589,72.3589,234.0,231.5728462553524,229.85114420426936,-44.172846255352404
72.3784,72.3784,232.0,231.58272903610785,229.83668065340515,-46.18272903610785
72.3978,72.3978,263.0,231.5931042595099,229.82229127459667,-15.193104259509887
72.4173,72.4173,231.0,231.60409578041202,229.80782772373246,-47.204095780412025
72.4367,72.4367,227.0,231.61560469921292,229.79343834492397,-51.215604699212925
72.4562,72.4562,242.0,231.62777221739412,229.77897479405976,-36.227772217394126
72.4756,72.4756,241.0,231.64048495600622,229.76458541525128,-37.24048495600622
72.4951,72.4951,255.0,231.6538999255553,229.75012186438707,-23.253899925555295
72.5146,72.5146,262.0,231.66796253069055,229.73565831352286,-16.267962530690546
72.534,72.534,228.0,231.68262628599564,229.72126893471437,-50.28262628599564
72.5535,72.5535,247.0,231.69806465430463,229.70680538385017,-31.298064654304632
72.5729,72.5729,248.0,231.71413310052566,229.69241600504168,-30.31413310052566
72.5924,72.5924,237.0,231.73102862524388,229.67795245417747,-41.33102862524388
72.6118,72.6118,231.0,231.74859388189492,229.66356307536898,-47.34859388189492
72.6313,72.6313,245.0,231.7670348173857,229.64909952450478,-33.36703481738571
72.6508,72.6508,232.0,231.7863013962542,229.63463597364057,-46.386301396254204
72.6702,72.6702,245.0,231.8063030998487,229.62024659483208,-33.40630309984869
72.6897,72.6897,257.0,231.8272831720782,229.60578304396788,-21.427283172078212
72.7091,72.7091,247.0,231.8490466802526,229.59139366515936,-31.4490466802526
72.7286,72.7286,258.0,231.8718486950647,229.57693011429518,-20.4718486950647
72.748,72.748,252.0,231.8954987135532,229.56254073548666,-26.495498713553197
72.7675,72.7675,260.0,231.92026678602525,229.54807718462249,-18.520266786025253
72.787,72.787,237.0,231.9460717122482,229.53361363375825,-41.5460717122482
72.8064,72.8064,222.0,231.9728013402922,229.5192242549498,-56.572801340292195
72.8259,72.8259,228.0,232.00077249239843,229.50476070408556,-50.60077249239843
72.8453,72.8453,249.0,232.02974183178173,229.49037132527707,-29.629741831781736
72.8648,72.8648,250.0,232.06005018961483,229.47590777441286,-28.66005018961483
72.8842,72.8842,216.0,232.0914250735178,229.46151839560437,-62.6914250735178
72.9037,72.9037,286.0,232.12424355932157,229.44705484474017,7.275756440678428
72.9232,72.9232,229.0,232.15838043113428,229.43259129387596,-49.75838043113428
72.9426,72.9426,230.0,232.19372031086783,229.41820191506747,-48.79372031086783
72.9621,72.9621,257.0,232.23065282385318,229.40373836420326,-21.83065282385318
72.9815,72.9815,251.0,232.26887467058518,229.38934898539478,-27.86887467058518
73.001,73.001,229.0,232.30883827836422,229.37488543453057,-49.90883827836422
73.0204,73.0204,245.0,232.35017946308744,229.36049605572208,-33.950179463087444
73.0399,73.0399,236.0,232.3934018879192,229.34603250485787,-42.9934018879192
73.0594,73.0594,249.0,232.43834134120544,229.33156895399367,-30.038341341205445
73.0788,73.0788,210.0,232.48484449969774,229.31717957518518,-69.08484449969774
73.0983,73.0983,227.0,232.5334653498826,229.30271602432097,-52.13346534988259
73.1177,73.1177,254.0,232.58376518459482,229.28832664551248,-25.183765184594826
73.1372,73.1372,248.0,232.6363605848677,229.27386309464828,-31.236360584867704
73.1566,73.1566,231.0,232.69077872529155,229.2594737158398,-48.29077872529155
73.1761,73.1761,247.0,232.7476701330667,229.24501016497558,-32.34767013306669
73.1956,73.1956,251.0,232.80688150667174,229.23054661411138,-28.406881506671745
73.215,73.215,219.0,232.86816295595185,229.2161572353029,-60.46816295595185
73.2345,73.2345,240.0,232.93227047305024,229.20169368443868,-39.53227047305024
73.2539,73.2539,246.0,232.99863647162246,229.1873043056302,-33.59863647162246
73.2734,73.2734,226.0,233.06806734226834,229.17284075476599,-53.66806734226834
73.2928,73.2928,240.0,233.13998155177194,229.1584513759575,-39.73998155177194
73.3123,73.3123,232.0,233.21525344837622,229.1439878250933,-47.81525344837622
73.3318,73.3318,256.0,233.29365837440142,229.12952427422908,-23.89365837440142
73.3512,73.3512,222.0,233.3748964699843,229.11513489542057,-57.974896469984294
73.3707,73.3707,251.0,233.45996691232696,229.10067134455636,-29.059966912326963
73.3901,73.3901,249.0,233.5481892472063,229.08628196574787,-31.148189247206297
73.4096,73.4096,232.0,233.64058953360237,229.07181841488367,-48.24058953360237
73.429,73.429,238.0,233.73644818401237,229.05742903607518,-42.336448184012376
73.4485,73.4485,258.0,233.83695024804297,229.04296548521097,-22.43695024804297
73.468,73.468,240.0,233.94178456883682,229.02850193434676,-40.541784568836825
73.4874,73.4874,231.0,234.05065062210727,229.01411255553828,-49.65065062210727
73.5069,73.5069,226.0,234.16483728785397,228.99964900467407,-54.76483728785397
73.5263,73.5263,243.0,234.28347508749684,228.98525962586558,-37.88347508749684
73.5458,73.5458,229.0,234.40805656891513,228.97079607500137,-52.00805656891513
73.5652,73.5652,238.0,234.53755082477488,228.9564066961929,-43.137550824774884
73.5847,73.5847,231.0,234.67363288238454,228.94194314532868,-50.27363288238454
73.6042,73.6042,227.0,234.81591759269364,228.92747959446447,-54.41591759269364
73.6236,73.6236,226.0,234.96402840585057,228.91309021565598,-55.56402840585057
73.6431,73.6431,229.0,235.1198677499522,228.89862666479178,-52.71986774995219
73.6625,73.6625,227.0,235.28218597334856,228.8842372859833,-54.88218597334856
73.682,73.682,257.0,235.45312905594497,228.86977373511908,-25.05312905594497
73.7014,73.7014,250.0,235.63134922592639,228.8553843563106,-32.23134922592639
73.7209,73.7209,249.0,235.81918450004832,228.8409208054464,-33.419184500048324
73.7404,73.7404,227.0,236.01630678617562,228.82645725458218,-55.61630678617562
73.7598,73.7598,249.0,236.22215680173042,228.8120678757737,-33.82215680173042
73.7793,73.7793,240.0,236.43951289444558,228.79760432490949,-43.039512894445586
73.7987,73.7987,226.0,236.66673887347707,228.783214946101,-57.266738873477074
73.8182,73.8182,231.0,236.90690253639482,228.7687513952368,-52.506902536394826
73.8376,73.8376,253.0,237.15838848100006,228.7543620164283,-30.75838848100006
73.8571,73.8571,242.0,237.42446439190138,228.73989846556407,-42.02446439190138
73.8766,73.8766,241.0,237.70493128880173,228.7254349146999,-43.30493128880173
73.896,73.896,245.0,237.99910010306817,228.71104553589137,-39.599100103068174
73.9155,73.9155,211.0,238.31108168140614,228.6965819850272,-73.91108168140613
73.9349,73.9349,234.0,238.6389285392447,228.68219260621868,-51.23892853924469
73.9544,73.9544,219.0,238.98707667624558,228.66772905535447,-66.58707667624557
73.9738,73.9738,217.0,239.35346599889908,228.65333967654598,-68.95346599889908
73.9933,73.9933,254.0,239.7433777844917,228.63887612568178,-32.343377784491715
74.0128,74.0128,262.0,240.1564790001462,228.62441257481757,-24.756479000146193
74.0322,74.0322,245.0,240.62892050987747,228.64649419949657,-42.228920509877476
74.0517,74.0517,249.0,241.13087933553157,228.6689617904062,-38.730879335531576
74.0711,74.0711,232.0,241.6592745127087,228.6913141629009,-56.25927451270869
74.0906,74.0906,246.0,242.22193604040464,228.71378175381054,-42.821936040404644
74.11,74.11,219.0,242.81554271108786,228.73613412630527,-70.41554271108785
74.1295,74.1295,236.0,243.449244781773,228.7586017172149,-54.04924478177299
74.149,74.149,232.0,244.1230290454046,228.78106930812453,-58.723029045404594
74.1684,74.1684,256.0,244.83687907604923,228.80342168061927,-35.43687907604923
74.1879,74.1879,223.0,245.6020939304396,228.82588927152887,-69.20209393043959
74.2073,74.2073,221.0,246.41496765131737,228.8482416440236,-72.01496765131736
74.2268,74.2268,245.0,247.28895019651523,228.87070923493323,-48.88895019651523
74.2462,74.2462,218.0,248.2202526115583,228.89306160742794,-76.82025261155829
74.2657,74.2657,232.0,249.22459118271527,228.91552919833757,-63.824591182715274
74.2852,74.2852,274.0,250.30440894290075,228.93799678924722,-22.90440894290075
74.3046,74.3046,227.0,251.46097167461016,228.9603491617419,-71.06097167461016
74.3241,74.3241,245.0,252.7150837852569,228.98281675265156,-54.315083785256896
74.3435,74.3435,231.0,254.06320878657735,229.00516912514627,-69.66320878657734
74.363,74.363,225.0,255.53025291229963,229.0276367160559,-77.13025291229962
74.3824,74.3824,265.0,257.1140169230547,229.0499890885506,-38.71401692305469
74.4019,74.4019,230.0,258.8438525779444,229.07245667946023,-75.4438525779444
74.4214,74.4214,285.0,260.7287691053286,229.0949242703699,-22.328769105328583
74.4408,74.4408,229.0,262.7750018241154,229.1172766428646,-80.3750018241154
74.4603,74.4603,282.0,265.0238505141724,229.13974423377422,-29.62385051417241
74.4797,74.4797,254.0,267.4757056258583,229.16209660626893,-60.075705625858326
74.4992,74.4992,237.0,270.17988184874713,229.1845641971786,-79.77988184874712
74.5186,74.5186,237.0,273.1382571908792,229.2069165696733,-82.73825719087918
74.5381,74.5381,265.0,276.41350716820375,229.22938416058292,-58.01350716820375
74.5576,74.5576,244.0,280.0265199182939,229.25185175149255,-82.6265199182939
74.577,74.577,245.0,283.9947038298147,229.27420412398726,-85.59470382981468
74.5965,74.5965,282.0,288.40169183916953,229.29667171489692,-53.00169183916953
74.6159,74.6159,253.0,293.2490417717535,229.3190240873916,-86.84904177175352
74.6354,74.6354,272.0,298.63531053938675,229.34149167830125,-73.23531053938675
74.6548,74.6548,265.0,304.55268678525,229.36384405079596,-86.15268678524998
74.6743,74.6743,273.0,311.1111269724447,229.3863116417056,-84.7111269724447
74.6938,74.6938,284.0,318.32082353736564,229.40877923261522,-80.92082353736564
74.7132,74.7132,266.0,326.17239141672314,229.43113160510993,-106.77239141672314
74.7327,74.7327,247.0,334.75613811575,229.45359919601955,-134.35613811574999
74.7521,74.7521,280.0,343.96152461777916,229.4759515685143,-110.56152461777916
74.7716,74.7716,267.0,353.8193023377943,229.49841915942392,-133.41930233779428
74.791,74.791,291.0,364.09996364699316,229.52077153191863,-119.69996364699315
74.8105,74.8105,282.0,374.7082274990724,229.54323912282828,-139.3082274990724
74.83,74.83,316.0,385.30759532291086,229.5657067137379,-115.90759532291085
74.8494,74.8494,320.0,395.47585444080494,229.58805908623262,-122.07585444080493
74.8689,74.8689,356.0,404.8928208455234,229.61052667714225,-95.49282084552337
74.8883,74.8883,313.0,413.01974103076077,229.63287904963695,-146.61974103076076
74.9078,74.9078,354.0,419.5468775551528,229.65534664054658,-112.14687755515277
74.9272,74.9272,390.0,424.1307144554998,229.6776990130413,-80.7307144554998
74.9467,74.9467,379.0,426.70890701811754,229.70016660395095,-94.30890701811754
74.9662,74.9662,394.0,427.3330692171749,229.72263419486058,-79.9330692171749
74.9856,74.9856,390.0,426.2530289995349,229.74498656735528,-82.85302899953487
75.0051,75.0051,371.0,423.79503231542907,229.7674541582649,-99.39503231542906
75.0245,75.0245,430.0,420.3386946342263,229.78980653075962,-36.93869463422627
75.044,75.044,422.0,416.15230726909454,229.81227412166925,-40.75230726909454
75.0634,75.0634,395.0,411.48086213286894,229.83462649416398,-63.08086213286894
75.0829,75.0829,395.0,406.3673186570279,229.8570940850736,-57.96731865702791
75.1023,75.1023,365.0,400.86011528697225,229.87944645756832,-82.46011528697224
75.1218,75.1218,372.0,394.8388546372821,229.90191404847795,-69.4388546372821
75.1413,75.1413,383.0,388.2641956845355,229.9243816393876,-51.86419568453548
75.1607,75.1607,326.0,381.1422773108225,229.9467340118823,-101.74227731082252
75.1802,75.1802,367.0,373.4383885899257,229.96920160279194,-53.038388589925695
75.1996,75.1996,342.0,365.3423144167896,229.99155397528665,-69.94231441678957
75.2191,75.2191,347.0,356.9335874095242,230.01402156619628,-56.533587409524195
75.2385,75.2385,348.0,348.48989792051714,230.03637393869099,-47.08989792051714
75.258,75.258,328.0,340.1094225988366,230.0588415296006,-58.7094225988366
75.2775,75.2775,343.0,331.99645397327293,230.08130912051027,-35.596453973272936
75.2969,75.2969,341.0,324.3115557240516,230.10366149300498,-29.911555724051574
75.3164,75.3164,295.0,317.055704573253,230.1261290839146,-68.65570457325302
75.3358,75.3358,300.0,310.34943120495285,230.14848145640934,-56.94943120495285
75.3553,75.3553,283.0,304.1374635985193,230.17094904731894,-67.73746359851927
75.3747,75.3747,271.0,298.47666639234296,230.19330141981368,-74.07666639234296
75.3942,75.3942,297.0,293.28880371885543,230.2157690107233,-42.888803718855435
75.4137,75.4137,273.0,288.5714296806687,230.23823660163293,-62.1714296806687
75.4331,75.4331,272.0,284.31204433776566,230.26058897412764,-58.91204433776566
75.4526,75.4526,274.0,280.42882140109486,230.2830565650373,-53.028821401094866
75.472,75.472,245.0,276.92637473029487,230.30540893753198,-78.52637473029486
75.4915,75.4915,269.0,273.73351216702133,230.32787652844164,-51.33351216702133
75.5109,75.5109,264.0,270.84981543534707,230.35022890093634,-53.44981543534707
75.5304,75.5304,291.0,268.19957987221534,230.37269649184597,-23.79957987221534
75.5499,75.5499,250.0,265.80345468513394,230.3951640827556,-62.403454685133944
75.5693,75.5693,274.0,263.63160631600795,230.4175164552503,-36.23160631600795
75.5888,75.5888,245.0,261.63946012324243,230.43998404615996,-63.23946012324243
75.6082,75.6082,256.0,259.8271234300284,230.46233641865467,-50.427123430028395
75.6277,75.6277,242.0,258.1591233874505,230.4848040095643,-62.75912338745051
75.6471,75.6471,270.0,256.6367322228522,230.507156382059,-33.236732222852176
75.6666,75.6666,273.0,255.22219718176677,230.52962397296866,-28.822197181766775
75.6861,75.6861,255.0,253.92789399577111,230.55209156387826,-45.527893995771116
75.7055,75.7055,266.0,252.7400184557175,230.574443936373,-33.34001845571749
75.725,75.725,249.0,251.63711862879566,230.59691152728263,-49.23711862879566
75.7444,75.7444,243.0,250.6217559883476,230.61926389977734,-54.22175598834759
75.7639,75.7639,246.0,249.67567017224636,230.641731490687,-50.27567017224636
75.7833,75.7833,272.0,248.8020347697386,230.66408386318167,-23.402034769738613
75.8028,75.8028,267.0,247.98561175215934,230.68655145409133,-27.585611752159345
75.8223,75.8223,243.0,247.22563197104816,230.70901904500096,-50.82563197104816
75.8417,75.8417,247.0,246.52070911730945,230.73137141749567,-46.12070911730945
75.8612,75.8612,236.0,245.85913467348206,230.7538390084053,-56.45913467348206
75.8806,75.8806,244.0,245.24398461641596,230.7761913809,-47.84398461641596
75.9001,75.9001,208.0,244.66523305378163,230.79865897180963,-83.26523305378163
75.9195,75.9195,260.0,244.12581944310898,230.82101134430437,-30.725819443108982
75.939,75.939,260.0,243.61730237053112,230.843478935214,-30.217302370531122
75.9585,75.9585,256.0,243.13975922813276,230.86594652612362,-33.73975922813276
75.9779,75.9779,241.0,242.69326026343933,230.88829889861836,-48.29326026343933
75.9974,75.9974,276.0,242.27094876284875,230.910766489528,-12.870948762848748
76.0168,76.0168,240.0,241.87534341770916,230.9331188620227,-48.47534341770916
76.0363,76.0363,228.0,241.50058840918837,230.95558645293232,-60.10058840918837
76.0557,76.0557,248.0,241.14878341296804,230.97793882542703,-39.748783412968045
76.0752,76.0752,281.0,240.8149660783785,231.00040641633666,-6.414966078378491
76.0947,76.0947,257.0,240.499564852523,231.02287400724632,-30.09956485252301
76.1141,76.1141,244.0,240.2029084034074,231.045226379741,-42.80290840340741
76.1336,76.1336,251.0,239.92079364290908,231.06769397065065,-35.52079364290908
76.153,76.153,259.0,239.6549710946286,231.09004634314536,-27.254971094628594
76.1725,76.1725,239.0,239.40184004430864,231.112513934055,-47.00184004430864
76.1919,76.1919,240.0,239.16308996564533,231.13486630654972,-45.76308996564533
76.2114,76.2114,251.0,238.93540661995462,231.15733389745932,-34.53540661995462
76.2309,76.2309,246.0,238.7193860464797,231.17980148836898,-39.319386046479714
76.2503,76.2503,233.0,238.51523764052925,231.2021538608637,-52.11523764052925
76.2698,76.2698,252.0,238.32028687078392,231.22462145177332,-32.92028687078392
76.2892,76.2892,223.0,238.1359163330575,231.24697382426803,-61.73591633305751
76.3087,76.3087,245.0,237.95964053134128,231.26944141517768,-39.55964053134128
76.3281,76.3281,216.0,237.7928044428989,231.2917937876724,-68.39280444289889
76.3476,76.3476,282.0,237.63315690024703,231.31426137858202,-2.2331569002470317
76.3671,76.3671,229.0,237.48119740846462,231.33672896949165,-55.081197408464625
76.3865,76.3865,233.0,237.33716491860497,231.35908134198635,-50.93716491860497
76.406,76.406,228.0,237.19918555964495,231.381548932896,-55.79918555964495
76.4254,76.4254,210.0,237.06835486734388,231.4039013053907,-73.66835486734388
76.4449,76.4449,248.0,236.94294388753818,231.42636889630035,-35.54294388753818
76.4643,76.4643,237.0,236.82396194359552,231.44872126879505,-46.42396194359552
76.4838,76.4838,223.0,236.70988084581845,231.47118885970468,-60.30988084581845
76.5033,76.5033,209.0,236.60099868184824,231.4936564506143,-74.20099868184823
76.5227,76.5227,255.0,236.497624628435,231.51600882310905,-28.097624628435007
76.5422,76.5422,229.0,236.39841492974352,231.53847641401865,-53.998414929743525
76.5616,76.5616,239.0,236.3041887485336,231.56082878651338,-43.90418874853359
76.5811,76.5811,236.0,236.21375644592374,231.583296377423,-46.81375644592374
76.6005,76.6005,268.0,236.12780459245252,231.60564874991772,-14.727804592452522
76.62,76.62,231.0,236.0452899794888,231.62811634082738,-51.645289979488815
76.6395,76.6395,246.0,235.96646436448577,231.650583931737,-36.566464364485775
76.6589,76.6589,249.0,235.8915584926621,231.6729363042317,-33.491558492662115
76.6784,76.6784,229.0,235.81962737816778,231.69540389514134,-53.41962737816778
76.6978,76.6978,242.0,235.7512556055163,231.71775626763605,-40.35125560551629
76.7173,76.7173,229.0,235.68559455128832,231.74022385854568,-53.28559455128832
76.7367,76.7367,239.0,235.62318773781266,231.76257623104038,-43.22318773781266
76.7562,76.7562,263.0,235.56325096983184,231.78504382195004,-19.163250969831843
76.7757,76.7757,226.0,235.5060147148784,231.80751141285967,-56.106014714878405
76.7951,76.7951,242.0,235.4516131795083,231.82986378535438,-40.051613179508315
76.8146,76.8146,251.0,235.3994099825207,231.852331376264,-30.999409982520696
76.834,76.834,198.0,235.34980928451364,231.87468374875874,-83.94980928451363
76.8535,76.8535,229.0,235.30220221623279,231.89715133966837,-52.90220221623279
76.8729,76.8729,256.0,235.25700297879737,231.91950371216308,-25.857002978797375
76.8924,76.8924,229.0,235.21364019485125,231.9419713030727,-52.81364019485125
76.9119,76.9119,239.0,235.172293528209,231.96443889398233,-42.772293528209
76.9313,76.9313,251.0,235.13305674970496,231.98679126647704,-30.733056749704964
76.9508,76.9508,242.0,235.09544944945918,232.0092588573867,-39.69544944945918
76.9702,76.9702,227.0,235.05980206772264,232.0316112298814,-54.659802067722644
76.9897,76.9897,250.0,235.02566353594287,232.05407882079103,-31.62566353594287
77.0091,77.0091,217.0,234.99333426086093,232.07643119328574,-64.59333426086093
77.0286,77.0286,241.0,234.96241772038502,232.09889878419537,-40.56241772038502
77.0481,77.0481,265.0,234.93300560694917,232.12136637510503,-16.533005606949168
77.0675,77.0675,231.0,234.90520160208865,232.1437187475997,-50.505201602088654
77.087,77.087,274.0,234.8786517924803,232.16618633850936,-7.478651792480299
77.1064,77.1064,278.0,234.85359028967454,232.18853871100407,-3.453590289674544
77.1259,77.1259,262.0,234.829704432886,232.2110063019137,-19.42970443288599
77.1453,77.1453,234.0,234.80719083528516,232.23335867440844,-47.40719083528516
77.1648,77.1648,267.0,234.78577222145395,232.25582626531806,-14.385772221453955
77.1843,77.1843,219.0,234.7655225415876,232.2782938562277,-62.36552254158759
77.2037,77.2037,246.0,234.74650502447366,232.3006462287224,-35.346505024473664
77.2232,77.2232,221.0,234.7284801902668,232.32311381963203,-60.328480190266795
77.2426,77.2426,254.0,234.7115883173096,232.34546619212674,-27.311588317309607
77.2621,77.2621,237.0,234.69563676214517,232.3679337830364,-44.29563676214517
77.2815,77.2815,248.0,234.68073941636797,232.39028615553107,-33.28073941636797
77.301,77.301,258.0,234.6667101249683,232.41275374644073,-23.26671012496829
77.3205,77.3205,255.0,234.65360661173239,232.43522133735036,-26.253606611732387
77.3399,77.3399,230.0,234.64144777658973,232.45757370984506,-51.24144777658973
77.3594,77.3594,238.0,234.6300946315411,232.4800413007547,-43.230094631541114
77.3788,77.3788,228.0,234.61962199461087,232.50239367324943,-53.21962199461087
77.3983,77.3983,226.0,234.6098958908696,232.52486126415906,-55.20989589086961
77.4177,77.4177,238.0,234.6009985593629,232.54721363665377,-43.200998559362894
77.4372,77.4372,244.0,234.59280560642767,232.5696812275634,-37.192805606427676
77.4567,77.4567,246.0,234.5853526510528,232.59214881847302,-35.1853526510528
77.4761,77.4761,250.0,234.57863853879778,232.61450119096776,-31.178638538797777
77.4956,77.4956,232.0,234.57257184236994,232.63696878187739,-49.17257184236994
77.515,77.515,249.0,234.56720174762137,232.6593211543721,-32.16720174762137
77.5345,77.5345,258.0,234.56244522464849,232.68178874528172,-23.162445224648486
77.5539,77.5539,244.0,234.5583388034139,232.70414111777643,-37.158338803413905
77.5734,77.5734,249.0,234.55482084715715,232.7266087086861,-32.15482084715715
77.5929,77.5929,239.0,234.55188653331248,232.7490762995957,-42.151886533312485
77.6123,77.6123,247.0,234.54953897694207,232.77142867209042,-34.149538976942075
77.6318,77.6318,244.0,234.54773049435002,232.79389626300005,-37.14773049435002
77.6512,77.6512,223.0,234.54647039926635,232.81624863549476,-58.146470399266356
77.6707,77.6707,236.0,234.54572705046192,232.8387162264044,-45.14572705046192
77.6901,77.6901,229.0,234.54549226763618,232.86106859889912,-52.14549226763618
77.7096,77.7096,233.0,234.54574909508386,232.88353618980875,-48.145749095083865
77.7291,77.7291,232.0,234.5464846483232,232.90600378071838,-49.1464846483232
77.7485,77.7485,242.0,234.54768309485692,232.9283561532131,-39.14768309485692
77.768,77.768,241.0,234.54934115937337,232.95082374412272,-40.14934115937337
77.7874,77.7874,205.0,234.55142578948372,232.97317611661745,-76.15142578948371
77.8069,77.8069,228.0,234.55395516296446,232.99564370752708,-53.15395516296446
77.8263,77.8263,246.0,234.5568838712062,233.0179960800218,-35.1568838712062
77.8458,77.8458,248.0,234.56023085546272,233.04046367093142,-33.16023085546272
77.8652,77.8652,247.0,234.56395577441646,233.06281604342612,-34.16395577441646
77.8847,77.8847,244.0,234.56808175218856,233.08528363433575,-37.16808175218856
77.9042,77.9042,247.0,234.57258739376468,233.1077512252454,-34.17258739376468
77.9236,77.9236,243.0,234.57743001477746,233.1301035977401,-38.177430014777464
77.9431,77.9431,225.0,234.58264974774903,233.15257118864974,-56.18264974774903
77.9625,77.9625,239.0,234.58818885339346,233.17492356114445,-42.18818885339346
77.982,77.982,202.0,234.59409077353436,233.19739115205408,-79.19409077353436
78.0014,78.0014,240.0,234.6002908515544,233.21974352454882,-41.200290851554406
78.0209,78.0209,223.0,234.60684286158582,233.24221111545845,-58.20684286158582
78.0404,78.0404,235.0,234.61370632606233,233.26467870636807,-46.21370632606233
78.0598,78.0598,231.0,234.62083700062968,233.28703107886278,-50.22083700062968
78.0793,78.0793,233.0,234.62829856490404,233.3094986697724,-48.228298564904044
78.0987,78.0987,228.0,234.63601116409168,233.33185104226712,-53.236011164091686
78.1182,78.1182,234.0,234.64404679948973,233.35431863317677,-47.24404679948973
78.1376,78.1376,249.0,234.65231122633332,233.37667100567148,-32.252311226333326
78.1571,78.1571,236.0,234.66088737095373,233.3991385965811,-45.26088737095373
78.1766,78.1766,246.0,234.66972437861742,233.42160618749074,-35.26972437861742
78.196,78.196,248.0,234.678771715545,233.44395855998545,-33.278771715545
78.2155,78.2155,242.0,234.68811527058025,233.4664261508951,-39.288115270580256
78.2349,78.2349,250.0,234.69765038368917,233.48877852338978,-31.297650383689167
78.2544,78.2544,217.0,234.7074759826629,233.51124611429944,-64.30747598266291
78.2738,78.2738,224.0,234.7174802445719,233.53359848679415,-57.317480244571904
78.2933,78.2933,239.0,234.72776094028978,233.55606607770378,-42.327760940289785
78.3128,78.3128,230.0,234.7382634836026,233.5785336686134,-51.338263483602596
78.3322,78.3322,243.0,234.74892891721265,233.60088604110814,-38.34892891721265
78.3517,78.3517,243.0,234.75986191817307,233.62335363201777,-38.359861918173074
78.3711,78.3711,247.0,234.7709428357453,233.64570600451248,-34.3709428357453
78.3906,78.3906,227.0,234.7822810222467,233.6681735954221,-54.38228102224671
78.41,78.41,249.0,234.79375894724484,233.6905259679168,-32.39375894724484
78.4295,78.4295,250.0,234.80548736034922,233.71299355882647,-31.40548736034922
78.449,78.449,230.0,234.81740751689279,233.7354611497361,-51.41740751689279
78.4684,78.4684,261.0,234.82944766268514,233.7578135222308,-20.429447662685142
78.4879,78.4879,222.0,234.84173081262105,233.78028111314043,-59.44173081262105
78.5073,78.5073,217.0,234.85412693822667,233.80263348563514,-64.45412693822666
78.5268,78.5268,237.0,234.86675804380576,233.82510107654477,-44.46675804380576
78.5462,78.5462,264.0,234.87949385245045,233.8474534490395,-17.479493852450453
78.5657,78.5657,260.0,234.8924616847171,233.86992103994913,-21.492461684717092
78.5852,78.5852,268.0,234.90558902554793,233.89238863085876,-13.505589025547927
78.6046,78.6046,263.0,234.91880793326436,233.91474100335347,-18.518807933264362
78.6241,78.6241,211.0,234.9322486080501,233.9372085942631,-70.53224860805008
78.6435,78.6435,217.0,234.94577253310752,233.95956096675783,-64.54577253310751
78.663,78.663,229.0,234.9595149822982,233.98202855766746,-52.559514982298204
78.6824,78.6824,223.0,234.97332996798505,234.00438093016217,-58.57332996798505
78.7019,78.7019,218.0,234.98736114698582,234.0268485210718,-63.58736114698582
78.7214,78.7214,244.0,235.0015299228541,234.04931611198143,-37.601529922854105
78.7408,78.7408,220.0,235.0157633298738,234.07166848447613,-61.61576332987381
78.7603,78.7603,230.0,235.03020282871174,234.0941360753858,-51.63020282871174
78.7797,78.7797,224.0,235.04469996634546,234.1164884478805,-57.64469996634546
78.7992,78.7992,251.0,235.0594014481519,234.13895603879013,-30.659401448151904
78.8186,78.8186,223.0,235.07415187424155,234.16130841128484,-58.67415187424155
78.8381,78.8381,255.0,235.08910086159705,234.18377600219446,-26.689100861597048
78.8576,78.8576,240.0,235.10417257271277,234.20624359310412,-41.70417257271277
78.877,78.877,265.0,235.11928371085034,234.22859596559883,-16.71928371085034
78.8965,78.8965,229.0,235.134591282401,234.25106355650846,-52.734591282401006
78.9159,78.9159,250.0,235.1499323366575,234.27341592900316,-31.749932336657515
78.9354,78.9354,247.0,235.16546490541765,234.2958835199128,-34.76546490541765
78.9548,78.9548,239.0,235.18102734699644,234.31823589240753,-42.781027346996446
78.9743,78.9743,257.0,235.19677676346407,234.34070348331716,-24.796776763464074
78.9938,78.9938,233.0,235.21263399187353,234.36317107422678,-48.81263399187353
79.0132,79.0132,245.0,235.22851221612004,234.3855234467215,-36.82851221612004
79.0327,79.0327,242.0,235.2445731345498,234.40799103763112,-39.8445731345498
79.0521,79.0521,243.0,235.26065201066365,234.43034341012583,-38.86065201066365
79.0716,79.0716,238.0,235.27691088398643,234.45281100103549,-43.87691088398643
79.091,79.091,229.0,235.293182876572,234.47516337353017,-52.89318287657199
79.1105,79.1105,223.0,235.30963340277034,234.49763096443982,-58.909633402770346
79.13,79.13,243.0,235.32617658198208,234.52009855534945,-38.926176581982084
79.1494,79.1494,243.0,235.34272559473283,234.54245092784416,-38.94272559473283
79.1689,79.1689,237.0,235.35944858183555,234.56491851875379,-44.95944858183555
79.1883,79.1883,223.0,235.3761740117198,234.58727089124852,-58.9761740117198
79.2078,79.2078,229.0,235.39307102334467,234.60973848215815,-52.993071023344676
79.2272,79.2272,231.0,235.4099663993278,234.63209085465286,-51.0099663993278
79.2467,79.2467,250.0,235.4270328815023,234.6545584455625,-32.0270328815023
79.2662,79.2662,256.0,235.4441797567651,234.6770260364721,-26.044179756765097
79.2856,79.2856,236.0,235.4613193917094,234.69937840896685,-46.0613193917094
79.3051,79.3051,219.0,235.47862563530742,234.72184599987648,-63.078625635307425
79.3245,79.3245,219.0,235.49592097074216,234.7441983723712,-63.09592097074216
79.344,79.344,245.0,235.51338234100928,234.76666596328081,-37.11338234100928
79.3634,79.3634,253.0,235.53082754950108,234.78901833577552,-29.130827549501085
79.3829,79.3829,240.0,235.54843669990655,234.81148592668518,-42.14843669990655
79.4024,79.4024,232.0,235.5661179114263,234.8339535175948,-50.16611791142629
79.4218,79.4218,231.0,235.58377986849186,234.85630589008952,-51.18377986849186
79.4413,79.4413,263.0,235.60160364786952,234.87877348099914,-19.201603647869526
79.4607,79.4607,244.0,235.61940333733045,234.90112585349385,-38.219403337330455
79.4802,79.4802,254.0,235.63736279428025,234.92359344440348,-28.23736279428025
79.4996,79.4996,225.0,235.65529659524395,234.94594581689822,-57.255296595243955
79.5191,79.5191,246.0,235.67338763881855,234.96841340780784,-36.273387638818555
79.5386,79.5386,241.0,235.6915445654225,234.99088099871747,-41.291544565422505
79.558,79.558,251.0,235.70967042922913,235.01323337121218,-31.309670429229136
79.5775,79.5775,235.0,235.72795237893462,235.0357009621218,-47.32795237893462
79.5969,79.5969,205.0,235.74620182836236,235.05805333461655,-77.34620182836235
79.6164,79.6164,245.0,235.76460508195274,235.08052092552617,-37.36460508195274
79.6358,79.6358,231.0,235.7829738210516,235.10287329802088,-51.3829738210516
79.6553,79.6553,258.0,235.80149510106028,235.1253408889305,-24.401495101060284
79.6748,79.6748,247.0,235.82007521483533,235.14780847984014,-35.42007521483533
79.6942,79.6942,240.0,235.8386159984294,235.17016085233485,-42.43861599842939
79.7137,79.7137,215.0,235.8573075154285,235.1926284432445,-67.45730751542848
79.7331,79.7331,246.0,235.875958478943,235.2149808157392,-36.47595847894301
79.7526,79.7526,217.0,235.89475987388067,235.23744840664884,-65.49475987388067
79.772,79.772,232.0,235.91351710209022,235.25980077914355,-50.513517102090226
79.7915,79.7915,240.0,235.93242465828823,235.28226837005317,-42.53242465828823
79.811,79.811,249.0,235.95138299805626,235.30473596096283,-33.55138299805626
79.8304,79.8304,234.0,235.97029542200022,235.32708833345754,-48.57029542200022
79.8499,79.8499,241.0,235.98935494496126,235.34955592436717,-41.589354944961265
79.8693,79.8693,221.0,236.008366398551,235.37190829686187,-61.608366398551006
79.8888,79.8888,217.0,236.0275250882508,235.3943758877715,-65.62752508825079
79.9082,79.9082,262.0,236.04663282420034,235.4167282602662,-20.646632824200346
79.9277,79.9277,237.0,236.06588584542598,235.43919585117587,-45.66588584542598
79.9472,79.9472,246.0,236.0851855917316,235.4616634420855,-36.6851855917316
79.9666,79.9666,251.0,236.1044325916363,235.4840158145802,-31.704432591636312
79.9861,79.9861,227.0,236.1238246205216,235.50648340548983,-55.72382462052159
80.0055,80.0055,220.0,236.14316076343343,235.52883577798454,-62.74316076343343
80.025,80.025,228.0,236.16264089954655,235.5513033688942,-54.76264089954655
80.0444,80.0444,241.0,236.1820644119204,235.5736557413889,-41.78206441192041
80.0639,80.0639,225.0,236.20163039954468,235.59612333229853,-57.801630399544685
80.0834,80.0834,271.0,236.22123928119547,235.61859092320816,-11.821239281195467
80.1028,80.1028,265.0,236.24078847296767,235.64094329570287,-17.840788472967667
80.1223,80.1223,242.0,236.26048032854115,235.6634108866125,-40.86048032854115
80.1417,80.1417,247.0,236.28011121990917,235.68576325910723,-35.880111219909175
80.1612,80.1612,219.0,236.29988285491962,235.70823085001686,-63.89988285491962
80.1806,80.1806,240.0,236.31959258823255,235.73058322251157,-42.919592588232554
80.2001,80.2001,266.0,236.3394425456388,235.75305081342123,-16.939442545638805
80.2196,80.2196,227.0,236.35933186096278,235.77551840433082,-55.959331860962784
80.239,80.239,230.0,236.3791564064012,235.79787077682556,-52.979156406401195
80.2585,80.2585,236.0,236.3991201223243,235.8203383677352,-46.99912012232429
80.2779,80.2779,233.0,236.4190186465825,235.8426907402299,-50.01901864658249
80.2974,80.2974,238.0,236.4390557326038,235.86515833113953,-45.039055732603806
80.3168,80.3168,245.0,236.45902624263056,235.88751070363423,-38.05902624263056
80.3363,80.3363,221.0,236.47913558221993,235.90997829454386,-62.07913558221993
80.3558,80.3558,249.0,236.49927941924682,235.93244588545352,-34.09927941924682
80.3752,80.3752,234.0,236.5193545653477,235.95479825794823,-49.1193545653477
80.3947,80.3947,237.0,236.53956723036393,235.97726584885785,-46.13956723036393
80.4141,80.4141,226.0,236.55971012690185,235.99961822135256,-57.15971012690185
80.4336,80.4336,272.0,236.57999058396075,236.0220858122622,-11.179990583960752
80.453,80.453,278.0,236.60019917371486,236.04443818475693,-5.200199173714857
80.4725,80.4725,258.0,236.62054470594225,236.06690577566656,-25.220544705942253
80.492,80.492,229.0,236.64092216038398,236.08937336657618,-54.24092216038398
80.5114,80.5114,228.0,236.661227111134,236.1117257390709,-55.261227111134
80.5309,80.5309,224.0,236.68166821474748,236.13419332998052,-59.28166821474748
80.5503,80.5503,237.0,236.7020348540276,236.15654570247523,-46.3020348540276
80.5698,80.5698,264.0,236.72253792275617,236.17901329338488,-19.322537922756176
80.5892,80.5892,233.0,236.74296565039347,236.2013656658796,-50.342965650393474
80.6087,80.6087,222.0,236.7635283866206,236.22383325678922,-61.36352838662061
80.6281,80.6281,229.0,236.78401527238546,236.24618562928393,-54.38401527238546
80.6476,80.6476,245.0,236.80463732049992,236.26865322019356,-38.40463732049992
80.6671,80.6671,215.0,236.82528820889107,236.2911208111032,-68.42528820889106
80.6865,80.6865,240.0,236.84586176522618,236.31347318359792,-43.44586176522618
80.706,80.706,224.0,236.86656928204982,236.33594077450755,-59.466569282049825
80.7254,80.7254,258.0,236.88719897832348,236.35829314700226,-25.487198978323484
80.7449,80.7449,254.0,236.9079622728619,236.38076073791188,-29.50796227286191
80.7643,80.7643,217.0,236.92864664483545,236.40311311040662,-66.52864664483545
80.7838,80.7838,234.0,236.94946510880766,236.42558070131625,-49.54946510880766
80.8033,80.8033,243.0,236.97030992804224,236.44804829222588,-40.57030992804224
80.8227,80.8227,252.0,236.99107453052716,236.4704006647206,-31.59107453052716
80.8422,80.8422,224.0,237.01197201011564,236.49286825563024,-59.61197201011564
80.8616,80.8616,223.0,237.03278858977248,236.51522062812492,-60.63278858977248
80.8811,80.8811,246.0,237.05373849306892,236.53768821903458,-37.65373849306892
80.9005,80.9005,230.0,237.07460575146737,236.5600405915293,-53.674605751467375
80.92,80.92,269.0,237.09560607256748,236.58250818243891,-14.695606072567479
80.9395,80.9395,213.0,237.11663107489633,236.60497577334854,-70.71663107489633
80.9589,80.9589,218.0,237.13757315629653,236.62732814584325,-65.73757315629652
80.9784,80.9784,269.0,237.15864775048573,236.64979573675288,-14.758647750485729
80.9978,80.9978,266.0,237.17963804341207,236.67214810924762,-17.77963804341207
81.0173,81.0173,236.0,237.2007610918381,236.69461570015724,-47.800761091838105
81.0367,81.0367,246.0,237.22179917017746,236.71696807265195,-37.821799170177464
81.0562,81.0562,265.0,237.2429691070135,236.7394356635616,-18.842969107013495
81.0757,81.0757,240.0,237.26416276791517,236.7619032544712,-43.86416276791517
81.0951,81.0951,221.0,237.28527046088183,236.78425562696594,-62.885270460881834
81.1146,81.1146,235.0,237.30650997344247,236.80672321787557,-48.906509973442475
81.134,81.134,253.0,237.32766322173478,236.82907559037028,-30.927663221734782
81.1535,81.1535,233.0,237.34894766662694,236.8515431812799,-50.94894766662694
81.1729,81.1729,234.0,237.37014560378697,236.87389555377462,-49.97014560378697
81.1924,81.1924,250.0,237.39147452030176,236.89636314468427,-33.99147452030176
81.2119,81.2119,224.0,237.4128259775443,236.9188307355939,-60.01282597754429
81.2313,81.2313,254.0,237.43408927692997,236.9411831080886,-30.03408927692997
81.2508,81.2508,266.0,237.45548347615394,236.96365069899824,-18.055483476153945
81.2702,81.2702,229.0,237.4767896033655,236.98600307149295,-55.07678960336549
81.2897,81.2897,255.0,237.49822637915904,237.00847066240257,-29.098226379159037
81.3091,81.3091,236.0,237.51957439893408,237.0308230348973,-48.119574398934084
81.3286,81.3286,229.0,237.54105360136842,237.05329062580694,-55.14105360136842
81.3481,81.3481,221.0,237.56255303108588,237.07575821671657,-63.162553031085885
81.3675,81.3675,230.0,237.58396297274868,237.0981105892113,-54.18396297274868
81.387,81.387,230.0,237.6055033009956,237.1205781801209,-54.205503300995595
81.4064,81.4064,258.0,237.62695355029274,237.14293055261564,-26.22695355029274
81.4259,81.4259,228.0,237.64853454379303,237.16539814352527,-56.248534543793035
81.4453,81.4453,217.0,237.6700243147027,237.18775051601997,-67.27002431470268
81.4648,81.4648,254.0,237.6916451458467,237.2102181069296,-30.291645145846708
81.4843,81.4843,241.0,237.71328514779108,237.23268569783926,-43.313285147791085
81.5037,81.5037,257.0,237.73483380996464,237.25503807033394,-27.334833809964643
81.5232,81.5232,246.0,237.75651308915116,237.2775056612436,-38.35651308915116
81.5426,81.5426,237.0,237.77810006187,237.2998580337383,-47.37810006186999
81.5621,81.5621,242.0,237.79981751306428,237.32232562464793,-42.399817513064285
81.5815,81.5815,211.0,237.82144244515027,237.34467799714264,-73.42144244515026
81.601,81.601,210.0,237.84319744667255,237.36714558805227,-74.44319744667254
81.6205,81.6205,254.0,237.86497153990965,237.38961317896192,-30.464971539909648
81.6399,81.6399,263.0,237.88665217821455,237.41196555145663,-21.48665217821455
81.6594,81.6594,249.0,237.90846349720903,237.43443314236626,-35.50846349720903
81.6788,81.6788,207.0,237.93018100372706,237.45678551486097,-77.53018100372705
81.6983,81.6983,241.0,237.95202861701674,237.47925310577062,-43.55202861701674
81.7177,81.7177,244.0,237.97378236293142,237.5016054782653,-40.57378236293142
81.7372,81.7372,225.0,237.995666098718,237.52407306917496,-59.595666098718006
81.7567,81.7567,251.0,238.01756823350703,237.5465406600846,-33.617568233507036
81.7761,81.7761,260.0,238.03937557285943,237.5688930325793,-24.63937557285943
81.7956,81.7956,250.0,238.06131299167396,237.59136062348892,-34.66131299167396
81.815,81.815,248.0,238.08315554599358,237.61371299598363,-36.68315554599358
81.8345,81.8345,258.0,238.10512807085354,237.6361805868933,-26.70512807085354
81.8539,81.8539,212.0,238.12700549501764,237.658532959388,-72.72700549501764
81.8734,81.8734,255.0,238.14901312565559,237.68100055029763,-29.749013125655587
81.8929,81.8929,251.0,238.17103809173142,237.70346814120725,-33.77103809173142
81.9123,81.9123,222.0,238.19296718682358,237.725820513702,-62.79296718682358
81.9318,81.9318,248.0,238.21502637493103,237.7482881046116,-36.81502637493103
81.9512,81.9512,260.0,238.23698956310372,237.77064047710633,-24.83698956310372
81.9707,81.9707,249.0,238.25908281649188,237.79310806801595,-35.859082816491885
81.9901,81.9901,240.0,238.28107945493315,237.81546044051066,-44.88107945493315
82.0096,82.0096,214.0,238.30320643574512,237.83792803142032,-70.90320643574512
82.0291,82.0291,232.0,238.325350415645,237.86039562232995,-52.925350415645006
82.0485,82.0485,241.0,238.34739715617616,237.88274799482465,-43.94739715617616
82.068,82.068,242.0,238.3695742655894,237.90521558573428,-42.969574265589394
82.0874,82.0874,194.0,238.3916542964982,237.927567958229,-90.99165429649818
82.1069,82.1069,240.0,238.4138641419528,237.95003554913862,-45.013864141952816
82.1263,82.1263,242.0,238.43597694267888,237.97238792163333,-43.03597694267888
82.1458,82.1458,254.0,238.45821996004466,237.99485551254296,-31.05821996004466
82.1653,82.1653,249.0,238.48047924444566,238.0173231034526,-36.08047924444566
82.1847,82.1847,237.0,238.50264085931647,238.03967547594732,-48.10264085931647
82.2042,82.2042,241.0,238.5249327645041,238.06214306685695,-44.12493276450409
82.2236,82.2236,219.0,238.5471263178297,238.08449543935166,-66.1471263178297
82.2431,82.2431,220.0,238.56945091893346,238.10696303026128,-65.16945091893345
82.2625,82.2625,241.0,238.59167645715124,238.12931540275602,-44.19167645715124
82.282,82.282,236.0,238.6140330268266,238.15178299366565,-49.214033026826606
82.3015,82.3015,226.0,238.63640511285348,238.17425058457528,-59.23640511285348
82.3209,82.3209,251.0,238.65867884933743,238.19660295706998,-34.258678849337436
82.3404,82.3404,239.0,238.68108317022606,238.21907054797964,-46.28108317022606
82.3598,82.3598,222.0,238.7033882820124,238.24142292047435,-63.30338828201241
82.3793,82.3793,253.0,238.72582457115035,238.26389051138398,-32.325824571150356
82.3987,82.3987,224.0,238.74816152324928,238.28624288387869,-61.34816152324928
82.4182,82.4182,244.0,238.77062927252007,238.3087104747883,-41.37062927252007
82.4377,82.4377,229.0,238.7931128249055,238.33117806569797,-56.39311282490551
82.4571,82.4571,252.0,238.81549653228763,238.35353043819265,-33.41549653228763
82.4766,82.4766,247.0,238.83801178882587,238.3759980291023,-38.43801178882587
82.496,82.496,256.0,238.8604268497679,238.398350401597,-29.46042684976789
82.5155,82.5155,251.0,238.88297325447414,238.42081799250664,-34.48297325447414
82.5349,82.5349,245.0,238.90541985136636,238.44317036500135,-40.50541985136636
82.5544,82.5544,231.0,238.92799726804589,238.465637955911,-54.52799726804589
82.5739,82.5739,242.0,238.95059090238712,238.48810554682063,-43.55059090238712
82.5933,82.5933,238.0,238.97308406111253,238.51045791931534,-47.57308406111253
82.6128,82.6128,235.0,238.99570894249558,238.53292551022497,-50.595708942495584
82.6322,82.6322,263.0,239.0182329603904,238.55527788271968,-22.618232960390408
82.6517,82.6517,225.0,239.0408888593923,238.57774547362934,-60.64088885939231
82.6711,82.6711,251.0,239.06344396964468,238.60009784612402,-34.66344396964468
82.6906,82.6906,239.0,239.08613110264625,238.62256543703367,-46.68613110264625
82.7101,82.7101,237.0,239.10883401636218,238.6450330279433,-48.70883401636218
82.7295,82.7295,241.0,239.13143608189154,238.667385400438,-44.73143608189154
82.749,82.749,228.0,239.15416965235545,238.68985299134764,-57.75416965235545
82.7684,82.7684,215.0,239.17680269912012,238.71220536384237,-70.77680269912011
82.7879,82.7879,237.0,239.199567885137,238.73467295475197,-48.79956788513699
82.8073,82.8073,238.0,239.22223168772612,238.7570253272467,-47.82223168772612
82.8268,82.8268,253.0,239.24502821009298,238.77949291815634,-32.845028210092984
82.8463,82.8463,223.0,239.26784033188665,238.80196050906596,-62.86784033188665
82.8657,82.8657,244.0,239.29055120015224,238.8243128815607,-41.89055120015224
82.8852,82.8852,254.0,239.31339455617103,238.8467804724703,-31.913394556171035
82.9046,82.9046,229.0,239.33613627674615,238.86913284496504,-56.93613627674615
82.9241,82.9241,249.0,239.3590112599116,238.89160043587466,-36.9590112599116
82.9435,82.9435,220.0,239.3817841517567,238.91395280836937,-65.9817841517567
82.963,82.963,224.0,239.40469041845114,238.936420399279,-62.00469041845114
82.9825,82.9825,210.0,239.42761250822963,238.95888799018866,-76.02761250822962
83.0019,83.0019,227.0,239.45043255764222,238.98124036268337,-59.05043255764222
83.0214,83.0214,237.0,239.4733864141735,239.003707953593,-49.07338641417349
83.0408,83.0408,251.0,239.4962381843014,239.0260603260877,-35.096238184301406
83.0603,83.0603,230.0,239.51922338615665,239.04852791699733,-56.119223386156655
83.0797,83.0797,228.0,239.54210694473937,239.07088028949204,-58.142106944739375
83.0992,83.0992,253.0,239.56512426129277,239.09334788040167,-33.16512426129277
83.1187,83.1187,270.0,239.5881577751994,239.11581547131132,-16.188157775199393
83.1381,83.1381,231.0,239.61108837923769,239.13816784380603,-55.21108837923769
83.1576,83.1576,251.0,239.6341540701972,239.16063543471566,-35.234154070197214
83.177,83.177,256.0,239.65711750574397,239.1829878072104,-30.25711750574397
83.1965,83.1965,245.0,239.6802148329654,239.20545539812002,-41.28021483296539
83.2159,83.2159,249.0,239.70321028755603,239.22780777061473,-37.303210287556034
83.2354,83.2354,249.0,239.7263405336522,239.25027536152436,-37.32634053365221
83.2549,83.2549,210.0,239.74948716328177,239.272742952434,-76.34948716328176
83.2743,83.2743,246.0,239.77253094474534,239.2950953249287,-40.37253094474534
83.2938,83.2938,258.0,239.79571024208002,239.31756291583835,-28.39571024208002
83.3132,83.3132,251.0,239.81878722411267,239.33991528833303,-35.41878722411267
83.3327,83.3327,262.0,239.84199930394254,239.3623828792427,-24.441999303942545
83.3521,83.3521,227.0,239.86510886255667,239.3847352517374,-59.46510886255667
83.3716,83.3716,237.0,239.8883544842188,239.40720284264702,-49.48835448421881
83.3911,83.3911,251.0,239.91161628077893,239.42967043355665,-35.51161628077893
83.4105,83.4105,277.0,239.93477604003132,239.4520228060514,-9.534776040031325
83.43,83.43,247.0,239.95807188321479,239.47449039696102,-39.55807188321479
83.4494,83.4494,264.0,239.98126481093382,239.49684276945572,-22.581264810933824
83.4689,83.4689,261.0,240.0045945840769,239.51931036036535,-25.6045945840769
83.4883,83.4883,223.0,240.02782173139684,239.54166273286006,-63.62782173139684
83.5078,83.5078,265.0,240.05118581114235,239.56413032376972,-21.651185811142348
83.5272,83.5272,254.0,240.07444663774385,239.5864826962644,-32.67444663774385
83.5467,83.5467,242.0,240.09784506292016,239.60895028717405,-44.69784506292016
83.5662,83.5662,237.0,240.12126105266933,239.63141787808368,-49.72126105266933
83.5856,83.5856,249.0,240.14457400993868,239.6537702505784,-37.74457400993868
83.6051,83.6051,223.0,240.16802460834032,239.67623784148802,-63.76802460834032
83.6245,83.6245,282.0,240.19137295917426,239.69859021398273,-4.791372959174261
83.644,83.644,266.0,240.21485864052104,239.72105780489238,-20.814858640521045
83.6634,83.6634,226.0,240.23824219020744,239.7434101773871,-60.838242190207446
83.6829,83.6829,227.0,240.2617641215891,239.76587776829672,-59.8617641215891
83.7024,83.7024,245.0,240.28530426764965,239.78834535920635,-41.88530426764965
83.7218,83.7218,229.0,240.30874107009396,239.81069773170108,-57.90874107009396
83.7413,83.7413,229.0,240.33231734196136,239.83316532261068,-57.93231734196136
83.7607,83.7607,215.0,240.35579126736332,239.85551769510542,-71.95579126736331
83.7802,83.7802,220.0,240.37940369397515,239.87798528601505,-66.97940369397514
83.7996,83.7996,242.0,240.40291418717902,239.90033765850976,-45.00291418717902
83.8191,83.8191,243.0,240.42656454418636,239.9228052494194,-44.026564544186364
83.8386,83.8386,234.0,240.45023299839113,239.94527284032904,-53.05023299839113
83.858,83.858,255.0,240.47379948800216,239.96762521282375,-32.07379948800216
83.8775,83.8775,237.0,240.49750637515965,239.99009280373338,-50.09750637515965
83.8969,83.8969,247.0,240.5211103659118,240.01244517622808,-40.1211103659118
83.9164,83.9164,246.0,240.54485558384434,240.0349127671377,-41.14485558384434
83.9358,83.9358,267.0,240.5684984124957,240.05726513963242,-20.1684984124957
83.9553,83.9553,229.0,240.59228202841456,240.07973273054205,-58.19228202841456
83.9748,83.9748,238.0,240.61608588590275,240.1022003214517,-49.21608588590275
83.9942,83.9942,267.0,240.6397872925782,240.1245526939464,-20.239787292578207
84.0137,84.0137,240.0,240.6636308666406,240.14702028485604,-47.263630866640604
84.0331,84.0331,267.0,240.68737175052772,240.16937265735078,-20.28737175052772
84.0526,84.0526,249.0,240.71125509385183,240.1918402482604,-38.311255093851834
84.072,84.072,246.0,240.7350367797136,240.2141926207551,-41.3350367797136
84.0915,84.0915,259.0,240.75896067118012,240.23666021166474,-28.35896067118012
84.111,84.111,257.0,240.78290571341108,240.25912780257437,-30.382905713411084
84.1304,84.1304,228.0,240.8067489252455,240.28148017506908,-59.4067489252455
84.1499,84.1499,205.0,240.83073592845182,240.30394776597873,-82.43073592845181
84.1693,84.1693,226.0,240.85462021159356,240.32630013847344,-61.45462021159356
84.1888,84.1888,233.0,240.87864943837042,240.34876772938307,-54.47864943837042
84.2082,84.2082,275.0,240.9025770960121,240.37112010187778,-12.502577096012097
84.2277,84.2277,227.0,240.92664892474855,240.3935876927874,-60.52664892474855
84.2472,84.2472,235.0,240.95074272464367,240.41605528369706,-52.550742724643676
84.2666,84.2666,228.0,240.97473541302142,240.43840765619177,-59.57473541302142
84.2861,84.2861,238.0,240.99887286422862,240.4608752471014,-49.59887286422862
84.3055,84.3055,250.0,241.02290959242987,240.4832276195961,-37.62290959242987
84.325,84.325,228.0,241.04709257085904,240.50569521050573,-59.64709257085904
84.3444,84.3444,235.0,241.07117370622976,240.52804758300044,-52.67117370622976
84.3639,84.3639,238.0,241.09540213704832,240.5505151739101,-49.695402137048326
84.3834,84.3834,270.0,241.11965382247988,240.57298276481973,-17.719653822479877
84.4028,84.4028,244.0,241.14380468473846,240.59533513731444,-43.74380468473846
84.4223,84.4223,255.0,241.1681023687134,240.61780272822406,-32.76810236871339
84.4417,84.4417,244.0,241.19229979159346,240.64015510071877,-43.79229979159346
84.4612,84.4612,250.0,241.21664597511005,240.66262269162843,-37.816645975110056
84.4806,84.4806,250.0,241.2408902657119,240.6849750641231,-37.8408902657119
84.5001,84.5001,262.0,241.26528489207772,240.70744265503276,-25.865284892077717
84.5196,84.5196,211.0,241.28970398498882,240.7299102459424,-76.88970398498881
84.539,84.539,240.0,241.31402209108793,240.7522626184371,-47.914022091087936
84.5585,84.5585,243.0,241.33849080174687,240.77473020934673,-44.93849080174687
84.5779,84.5779,235.0,241.36285964661877,240.79708258184147,-52.962859646618774
84.5974,84.5974,227.0,241.38737922399005,240.81955017275106,-60.987379223990054
84.6168,84.6168,260.0,241.41179787931307,240.8419025452458,-28.01179787931307
84.6363,84.6363,258.0,241.43636926723303,240.86437013615543,-30.036369267233034
84.6558,84.6558,240.0,241.4609669076254,240.88683772706506,-48.06096690762539
84.6752,84.6752,263.0,241.48546395027677,240.9091900995598,-25.08546395027677
84.6947,84.6947,261.0,241.5101147827553,240.93165769046942,-27.110114782755296
84.7141,84.7141,263.0,241.5346663564433,240.95401006296413,-25.134666356443297
84.7336,84.7336,249.0,241.5593706104311,240.97647765387376,-39.159370610431104
84.753,84.753,258.0,241.5839764441112,240.99883002636847,-30.183976444111188
84.7725,84.7725,240.0,241.60873689786987,241.0212976172781,-48.208736897869876
84.792,84.792,241.0,241.63352564408024,241.04376520818775,-47.23352564408024
84.8114,84.8114,235.0,241.65821459965662,241.06611758068246,-53.25821459965662
84.8309,84.8309,240.0,241.68306027286206,241.0885851715921,-48.283060272862066
84.8503,84.8503,258.0,241.707806890883,241.1109375440868,-30.307806890883008
84.8698,84.8698,237.0,241.73271096055993,241.13340513499642,-51.33271096055993
84.8892,84.8892,230.0,241.75751672279165,241.15575750749116,-58.35751672279165
84.9087,84.9087,254.0,241.78248037920582,241.1782250984008,-34.38248037920582
84.9282,84.9282,236.0,241.80747430312485,241.20069268931042,-52.40747430312485
84.9476,84.9476,249.0,241.83236941456568,241.22304506180512,-39.43236941456568
84.9671,84.9671,249.0,241.8574247984252,241.24551265271475,-39.4574247984252
84.9865,84.9865,234.0,241.88238216577102,241.2678650252095,-54.48238216577102
85.006,85.006,234.0,241.9075000545595,241.29033261611912,-54.50750005455951
85.0254,85.0254,242.0,241.9325215747089,241.31268498861382,-46.53252157470889
85.0449,85.0449,230.0,241.95770396192037,241.33515257952345,-58.557703961920375
85.0644,85.0644,245.0,241.98291810564797,241.35762017043308,-43.58291810564797
85.0838,85.0838,230.0,242.00803679179688,241.3799725429278,-58.608036791796884
85.1033,85.1033,227.0,242.03331836516884,241.40244013383744,-61.63331836516884
85.1227,85.1227,232.0,242.05850323525883,241.42479250633215,-56.65850323525883
85.1422,85.1422,227.0,242.083852430115,241.44726009724178,-61.683852430115
85.1616,85.1616,272.0,242.10910671048342,241.4696124697365,-16.709106710483418
85.1811,85.1811,227.0,242.1345246348635,241.49208006064612,-61.73452463486351
85.2006,85.2006,228.0,242.1599792021429,241.51454765155574,-60.759979202142894
85.22,85.22,232.0,242.18533870672792,241.53690002405048,-56.78533870672792
85.2395,85.2395,241.0,242.2108652975104,241.5593676149601,-47.8108652975104
85.2589,85.2589,239.0,242.23629623461298,241.58171998745482,-49.83629623461298
85.2784,85.2784,242.0,242.2618964228023,241.60418757836445,-46.861896422802296
85.2978,85.2978,240.0,242.28740318722484,241.62653995085915,-48.88740318722484
85.3173,85.3173,246.0,242.31307782911088,241.6490075417688,-42.91307782911088
85.3368,85.3368,204.0,242.3387917492585,241.67147513267844,-84.93879174925848
85.3562,85.3562,237.0,242.36441338242994,241.69382750517315,-51.964413382429946
85.3757,85.3757,260.0,242.39020608942724,241.71629509608277,-28.99020608942724
85.3951,85.3951,231.0,242.4159048485936,241.73864746857748,-58.015904848593614
85.4146,85.4146,243.0,242.44177784452953,241.7611150594871,-46.04177784452953
85.434,85.434,233.0,242.46755803218454,241.78346743198185,-56.06755803218454
85.4535,85.4535,247.0,242.4935129575503,241.80593502289148,-42.09351295755031
85.473,85.473,204.0,242.51951023584581,241.8284026138011,-85.11951023584581
85.4924,85.4924,241.0,242.5454169860443,241.8507549862958,-48.1454169860443
85.5119,85.5119,251.0,242.57149868580663,241.87322257720544,-38.17149868580663
85.5313,85.5313,209.0,242.59749088378288,241.89557494970018,-80.19749088378288
85.5508,85.5508,232.0,242.62366153664698,241.9180425406098,-57.22366153664698
85.5702,85.5702,265.0,242.6497410735261,241.9403949131045,-24.24974107352609
85.5897,85.5897,244.0,242.67600162836266,241.96286250401414,-45.27600162836266
85.6092,85.6092,246.0,242.70230831752664,241.98533009492377,-43.302308317526645
85.6286,85.6286,273.0,242.72852540800645,242.0076824674185,-16.32852540800645
85.6481,85.6481,241.0,242.75492579455081,242.03015005832813,-48.354925794550816
85.6675,85.6675,251.0,242.78123806144507,242.05250243082284,-38.38123806144507
85.687,85.687,233.0,242.80773459449216,242.07497002173247,-56.40773459449216
85.7064,85.7064,251.0,242.83414250694767,242.09732239422718,-38.43414250694767
85.7259,85.7259,246.0,242.86073773727568,242.1197899851368,-43.460737737275686
85.7454,85.7454,230.0,242.8873836381553,242.14225757604646,-59.487383638155315
85.7648,85.7648,237.0,242.91394264213096,242.16460994854117,-52.513942642130964
85.7843,85.7843,243.0,242.94069088116515,242.1870775394508,-46.540690881165155
85.8037,85.8037,221.0,242.96735518664292,242.2094299119455,-68.56735518664291
85.8232,85.8232,209.0,242.99420971967905,242.23189750285513,-80.59420971967904
85.8426,85.8426,259.0,243.02097863049124,242.25424987534987,-30.620978630491244
85.8621,85.8621,197.0,243.0479419952476,242.2767174662595,-92.6479419952476
85.8816,85.8816,259.0,243.0749610716624,242.29918505716913,-30.674961071662388
85.901,85.901,231.0,243.1018958805673,242.32153742966383,-58.7018958805673
85.9205,85.9205,248.0,243.12902839241642,242.34400502057346,-41.72902839241642
85.9399,85.9399,254.0,243.15608002296852,242.36635739306817,-35.756080022968526
85.9594,85.9594,238.0,243.18332767264542,242.38882498397783,-51.78332767264542
85.9788,85.9788,223.0,243.21049641223098,242.41117735647254,-66.81049641223098
85.9983,85.9983,254.0,243.23786595050024,242.43364494738216,-35.83786595050024
86.0178,86.0178,229.0,243.2652972148319,242.4561125382918,-60.86529721483189
86.0372,86.0372,252.0,243.29068552809312,242.4765027149487,-37.89068552809312
86.0567,86.0567,240.0,243.30643859041305,242.48716675931382,-49.90643859041305
86.0761,86.0761,204.0,243.32217368855595,242.49777611627195,-85.92217368855594
86.0956,86.0956,245.0,243.33805614088058,242.5084401606371,-44.93805614088058
86.115,86.115,258.0,243.35392293725783,242.51904951759522,-31.953922937257836
86.1345,86.1345,244.0,243.3699387856164,242.52971356196036,-45.9699387856164
86.154,86.154,211.0,243.38602100555792,242.5403776063255,-78.98602100555792
86.1734,86.1734,251.0,243.40209137629802,242.55098696328363,-39.00209137629802
86.1929,86.1929,215.0,243.41831499930973,242.56165100764875,-75.01831499930972
86.2123,86.2123,228.0,243.43452518117493,242.5722603646069,-62.034525181174935
86.2318,86.2318,229.0,243.45089176037297,242.58292440897202,-61.05089176037297
86.2512,86.2512,248.0,243.4672491497766,242.59353376593015,-42.06724914977659
86.2707,86.2707,206.0,243.48376497787498,242.6041978102953,-84.08376497787498
86.2901,86.2901,236.0,243.50026933412133,242.61480716725342,-54.10026933412133
86.3096,86.3096,223.0,243.51693808931142,242.62547121161856,-67.11693808931142
86.3291,86.3291,263.0,243.53368537667387,242.6361352559837,-27.133685376673874
86.3485,86.3485,230.0,243.55042378860932,242.64674461294183,-60.150423788609324
86.368,86.368,230.0,243.56733151253562,242.65740865730695,-60.16733151253562
86.3874,86.3874,242.0,243.5842351116804,242.6680180142651,-48.184235111680415
86.4069,86.4069,256.0,243.6013062376489,242.67868205863022,-34.201306237648915
86.4263,86.4263,235.0,243.61837646725598,242.68929141558837,-55.218376467255986
86.4458,86.4458,219.0,243.63562097960767,242.6999554599535,-71.23562097960766
86.4653,86.4653,223.0,243.6529535345636,242.71061950431863,-67.2529535345636
86.4847,86.4847,245.0,243.67028325557712,242.72122886127676,-45.27028325557712
86.5042,86.5042,221.0,243.68779542713253,242.7318929056419,-69.28779542713252
86.5236,86.5236,250.0,243.7053078712486,242.74250226260003,-40.30530787124861
86.5431,86.5431,242.0,243.7230047632244,242.75316630696517,-48.3230047632244
86.5625,86.5625,230.0,243.7407075204918,242.7637756639233,-60.34070752049181
86.582,86.582,247.0,243.75859762711852,242.7744397082884,-43.35859762711852
86.6015,86.6015,220.0,243.77658384082332,242.78510375265355,-70.37658384082332
86.6209,86.6209,239.0,243.79457986161924,242.79571310961168,-51.39457986161924
86.6404,86.6404,237.0,243.81277082644579,242.80637715397683,-53.41277082644579
86.6598,86.6598,250.0,243.83096972618227,242.81698651093495,-40.430969726182276
86.6793,86.6793,230.0,243.84936878343635,242.8276505553001,-60.44936878343635
86.6987,86.6987,265.0,243.86778216396118,242.83825991225822,-25.467782163961182
86.7182,86.7182,274.0,243.8863985984162,242.84892395662337,-16.48639859841621
86.7377,86.7377,254.0,243.9051238206434,242.85958800098848,-36.50512382064341
86.7571,86.7571,227.0,243.92386789693106,242.8701973579466,-63.52386789693106
86.7766,86.7766,252.0,243.94282405876956,242.88086140231175,-38.54282405876956
86.796,86.796,242.0,243.96179643656342,242.8914707592699,-48.56179643656342
86.8155,86.8155,225.0,243.98098898997057,242.90213480363502,-65.58098898997056
86.8349,86.8349,219.0,244.00020497097856,242.91274416059315,-71.60020497097855
86.8544,86.8544,243.0,244.01963941885037,242.9234082049583,-47.619639418850376
86.8739,86.8739,237.0,244.03920211773274,242.93407224932344,-53.639202117732744
86.8933,86.8933,263.0,244.05879411969133,242.94468160628156,-27.65879411969133
86.9128,86.9128,225.0,244.07861670082312,242.9553456506467,-65.67861670082311
86.9322,86.9322,252.0,244.0984664875701,242.96595500760483,-38.69846648757011
86.9517,86.9517,245.0,244.1185574750021,242.97661905196995,-45.71855747500209
86.9711,86.9711,234.0,244.13868058375053,242.9872284089281,-56.73868058375053
86.9906,86.9906,251.0,244.15905029111119,242.99789245329322,-39.75905029111119
87.0101,87.0101,251.0,244.17956217605897,243.00855649765836,-39.77956217605897
87.0295,87.0295,227.0,244.20011682188567,243.0191658546165,-63.80011682188567
87.049,87.049,241.0,244.22092133724743,243.02982989898163,-49.820921337247434
87.0684,87.0684,231.0,244.24177320498274,243.04043925593976,-59.841773204982736
87.0879,87.0879,234.0,244.2628877158305,243.0511033003049,-56.86288771583049
87.1073,87.1073,231.0,244.28404803488436,243.06171265726303,-59.884048034884366
87.1268,87.1268,224.0,244.3054791246504,243.07237670162814,-66.90547912465038
87.1463,87.1463,290.0,244.32707594944338,243.0830407459933,-0.9270759494433847
87.1657,87.1657,222.0,244.34872967870857,243.09365010295141,-68.94872967870856
87.1852,87.1852,261.0,244.37066005721985,243.10431414731656,-29.970660057219852
87.2046,87.2046,232.0,244.39265451723614,243.11492350427469,-58.99265451723614
87.2241,87.2241,277.0,244.4149398905758,243.12558754863983,-14.014939890575796
87.2435,87.2435,249.0,244.43728647978912,243.13619690559796,-42.037286479789124
87.263,87.263,220.0,244.45993706056117,243.1468609499631,-71.05993706056117
87.2825,87.2825,230.0,244.4827765165931,243.1575249943282,-61.08277651659311
87.3019,87.3019,269.0,244.50568738604304,243.16813435128637,-22.105687386043037
87.3214,87.3214,238.0,244.5289132308921,243.17879839565148,-53.1289132308921
87.3408,87.3408,267.0,244.5522225605764,243.1894077526096,-24.152222560576412
87.3603,87.3603,231.0,244.5758549489196,243.20007179697475,-60.175854948919614
87.3797,87.3797,235.0,244.59956866987315,243.21068115393288,-56.19956866987315
87.3992,87.3992,225.0,244.62362252332036,243.22134519829802,-66.22362252332036
87.4187,87.4187,231.0,244.6478946160602,243.23200924266317,-60.2478946160602
87.4381,87.4381,266.0,244.67226013631424,243.2426185996213,-25.272260136314237
87.4576,87.4576,211.0,244.69697908488692,243.2532826439864,-80.29697908488691
87.477,87.477,250.0,244.72180588582424,243.26389200094457,-41.32180588582424
87.4965,87.4965,238.0,244.7469906566982,243.27455604530968,-53.34699065669819
87.5159,87.5159,250.0,244.77229184301945,243.2851654022678,-41.37229184301945
87.5354,87.5354,251.0,244.7979712271013,243.29582944663295,-40.3979712271013
87.5549,87.5549,240.0,244.8239040148009,243.3064934909981,-51.42390401480089
87.5743,87.5743,252.0,244.84995498115765,243.31710284795622,-39.44995498115765
87.5938,87.5938,221.0,244.87641019504173,243.32776689232136,-70.47641019504172
87.6132,87.6132,216.0,244.9030005970873,243.3383762492795,-75.5030005970873
87.6327,87.6327,217.0,244.9299964858434,243.3490402936446,-74.52999648584338
87.6521,87.6521,269.0,244.95714036332862,243.35964965060276,-22.55714036332862
87.6716,87.6716,227.0,244.98471337421435,243.37031369496788,-64.58471337421435
87.6911,87.6911,225.0,245.0125766690616,243.38097773933302,-66.61257666906158
87.7105,87.7105,239.0,245.04060378446388,243.39158709629115,-52.640603784463885
87.73,87.73,255.0,245.0690848205291,243.4022511406563,-36.6690848205291
87.7494,87.7494,267.0,245.09773089860394,243.41286049761442,-24.697730898603943
87.7689,87.7689,256.0,245.12685059928486,243.42352454197956,-35.726850599284866
87.7883,87.7883,212.0,245.15615561446867,243.4341338989377,-79.75615561446867
87.8078,87.8078,238.0,245.1859493343169,243.44479794330283,-53.78594933431689
87.8273,87.8273,237.0,245.21608476027978,243.45546198766795,-54.816084760279786
87.8467,87.8467,220.0,245.24642663669988,243.46607134462607,-71.84642663669987
87.8662,87.8662,241.0,245.27729041932758,243.47673538899122,-50.877290419327586
87.8856,87.8856,227.0,245.30836292472458,243.48734474594934,-64.90836292472457
87.9051,87.9051,249.0,245.3399806065779,243.4980087903145,-42.93998060657791
87.9245,87.9245,264.0,245.37183194494304,243.5086181472726,-27.97183194494304
87.944,87.944,266.0,245.40423944666077,243.51928219163776,-26.00423944666077
87.9635,87.9635,240.0,245.43706515389937,243.52994623600287,-52.03706515389937
87.9829,87.9829,234.0,245.4701487590952,243.54055559296103,-58.0701487590952
88.0024,88.0024,241.0,245.50383381061874,243.55121963732614,-51.103833810618745
88.0218,88.0218,225.0,245.53777973692482,243.56182899428427,-67.13777973692481
88.0413,88.0413,237.0,245.5723652180753,243.5724930386494,-55.172365218075306
88.0607,88.0607,257.0,245.60724185204958,243.58310239560754,-35.207241852049584
88.0802,88.0802,235.0,245.64276642601908,243.59376643997268,-57.24276642601908
88.0997,88.0997,220.0,245.67879020642357,243.60443048433783,-72.27879020642357
88.1191,88.1191,241.0,245.7151385339176,243.61503984129595,-51.31513853391761
88.1386,88.1386,249.0,245.75218118707278,243.62570388566107,-43.35218118707278
88.158,88.158,264.0,245.7895727759094,243.63631324261922,-28.389572775909393
88.1775,88.1775,231.0,245.82770489941603,243.64697728698434,-61.427704899416035
88.1969,88.1969,248.0,245.86619410277652,243.6575866439425,-44.46619410277652
88.2164,88.2164,239.0,245.90546215175138,243.6682506883076,-53.50546215175138
88.2359,88.2359,218.0,245.94532828615905,243.67891473267275,-74.54532828615905
88.2553,88.2553,216.0,245.9856010099755,243.68952408963088,-76.5856010099755
88.2748,88.2748,229.0,246.02669362988775,243.70018813399602,-63.62669362988775
88.2942,88.2942,252.0,246.06822717609566,243.71079749095415,-40.66822717609566
88.3137,88.3137,223.0,246.11063804260806,243.7214615353193,-69.71063804260805
88.3331,88.3331,253.0,246.15350135380632,243.73207089227742,-39.75350135380632
88.3526,88.3526,249.0,246.19728998801543,243.74273493664253,-43.79728998801543
88.3721,88.3721,247.0,246.24180669536608,243.75339898100768,-45.84180669536608
88.3915,88.3915,222.0,246.2868253826395,243.7640083379658,-70.8868253826395
88.411,88.411,227.0,246.33284398687758,243.77467238233095,-65.93284398687757
88.4304,88.4304,240.0,246.3794184975123,243.78528173928908,-52.97941849751229
88.4499,88.4499,211.0,246.42703917596776,243.79594578365422,-82.02703917596776
88.4693,88.4693,240.0,246.47523157509005,243.80655514061235,-53.07523157509005
88.4888,88.4888,236.0,246.52454634175552,243.8172191849775,-57.124546341755526
88.5083,88.5083,240.0,246.57474945549987,243.8278832293426,-53.17474945549987
88.5277,88.5277,220.0,246.625593984121,243.83849258630073,-73.22559398412099
88.5472,88.5472,269.0,246.67764650579397,243.84915663066587,-24.277646505793975
88.5666,88.5666,261.0,246.73040835953972,243.859765987624,-32.330408359539724
88.5861,88.5861,268.0,246.78442252966764,243.87043003198914,-25.38442252966764
88.6055,88.6055,262.0,246.83920248905932,243.88103938894727,-31.43920248905932
88.625,88.625,221.0,246.89533163323975,243.89170343331241,-72.49533163323974
88.6445,88.6445,245.0,246.95256433716588,243.90236747767753,-48.55256433716588
88.6639,88.6639,253.0,247.01061511688889,243.91297683463569,-40.61061511688889
88.6834,88.6834,253.0,247.07015632553308,243.92364087900083,-40.67015632553308
88.7028,88.7028,244.0,247.1306044733597,243.93425023595896,-49.73060447335971
88.7223,88.7223,260.0,247.19259084042454,243.94491428032407,-33.792590840424545
88.7417,88.7417,260.0,247.25556505218202,243.9555236372822,-33.85556505218202
88.7612,88.7612,258.0,247.3202027338556,243.96618768164734,-35.92020273385561
88.7807,88.7807,240.0,247.38622758453243,243.97685172601248,-53.986227584532436
88.8001,88.8001,201.0,247.45331575245152,243.9874610829706,-93.05331575245151
88.8196,88.8196,248.0,247.52225187861438,243.99812512733575,-46.122251878614385
88.839,88.839,241.0,247.59234399214807,244.00873448429388,-53.192343992148075
88.8585,88.8585,266.0,247.6643914015715,244.01939852865902,-28.264391401571494
88.8779,88.8779,235.0,247.7377186521108,244.03000788561715,-59.3377186521108
88.8974,88.8974,240.0,247.81311897428608,244.0406719299823,-54.413118974286085
88.9169,88.9169,271.0,247.89026237980178,244.0513359743474,-23.490262379801784
88.9363,88.9363,240.0,247.96885341496446,244.06194533130554,-54.56885341496446
88.9558,88.9558,236.0,248.0497452532863,244.07260937567068,-58.64974525328629
88.9752,88.9752,223.0,248.13216063161707,244.0832187326288,-71.73216063161706
88.9947,88.9947,289.0,248.21704871396963,244.09388277699395,-5.817048713969633
89.0141,89.0141,228.0,248.30362732592423,244.10449213395208,-66.90362732592422
89.0336,89.0336,232.0,248.39281126400158,244.11515617831722,-62.99281126400158
89.0531,89.0531,237.0,248.48430387102624,244.12582022268234,-58.08430387102624
89.0725,89.0725,240.0,248.57770729446915,244.1364295796405,-55.17770729446915
89.092,89.092,265.0,248.674049131436,244.1470936240056,-30.274049131435994
89.1114,89.1114,251.0,248.77241420462087,244.15770298096373,-44.372414204620874
89.1309,89.1309,271.0,248.87398512240475,244.16836702532888,-24.47398512240475
89.1503,89.1503,239.0,248.97780921212637,244.178976382287,-56.577809212126375
89.1698,89.1698,263.0,249.08500760407605,244.18964042665215,-32.685007604076056
89.1892,89.1892,251.0,249.19468615434383,244.20024978361027,-44.79468615434383
89.2087,89.2087,230.0,249.30806404619395,244.21091382797542,-65.90806404619394
89.2282,89.2282,235.0,249.42471608849138,244.22157787234053,-61.02471608849138
89.2476,89.2476,231.0,249.54411653289577,244.2321872292987,-65.14411653289577
89.2671,89.2671,234.0,249.667727689581,244.2428512736638,-62.267727689581
89.2865,89.2865,281.0,249.79436121709563,244.25346063062196,-15.394361217095629
89.306,89.306,271.0,249.92553398616036,244.26412467498707,-25.52553398616036
89.3254,89.3254,241.0,250.06008581010758,244.2747340319452,-55.66008581010758
89.3449,89.3449,262.0,250.19954031624997,244.28539807631034,-34.79954031624997
89.3644,89.3644,235.0,250.34337279996188,244.2960621206755,-61.943372799961885
89.3838,89.3838,233.0,250.49111343942837,244.3066714776336,-64.09111343942837
89.4033,89.4033,273.0,250.64445033623636,244.31733552199876,-24.244450336236362
89.4227,89.4227,232.0,250.80199845930682,244.32794487895688,-65.40199845930681
89.4422,89.4422,251.0,250.96568195105874,244.338608923322,-46.56568195105874
89.4616,89.4616,253.0,251.13409160100082,244.34921828028016,-44.73409160100082
89.4811,89.4811,266.0,251.3091153732695,244.35988232464527,-31.909115373269493
89.5006,89.5006,272.0,251.490312719581,244.3705463690104,-26.090312719581
89.52,89.52,251.0,251.6770084129602,244.38115572596854,-47.27700841296019
89.5395,89.5395,261.0,251.8713913586951,244.39181977033368,-37.471391358695094
89.5589,89.5589,231.0,252.07175407459135,244.4024291272918,-67.67175407459135
89.5784,89.5784,221.0,252.2806750651046,244.41309317165695,-77.88067506510458
89.5978,89.5978,242.0,252.49635297192083,244.42370252861508,-57.09635297192083
89.6173,89.6173,249.0,252.72129392199992,244.4343665729802,-50.32129392199992
89.6368,89.6368,273.0,252.95501225719718,244.44503061734534,-26.555012257197184
89.6562,89.6562,234.0,253.19671439093034,244.45563997430347,-65.79671439093033
89.6757,89.6757,259.0,253.44931274465995,244.4663040186686,-41.04931274465995
89.6951,89.6951,254.0,253.71068292588285,244.47691337562674,-46.31068292588285
89.7146,89.7146,226.0,253.98428885015014,244.48757741999188,-74.58428885015013
89.734,89.734,218.0,254.267765886343,244.49818677695,-82.867765886343
89.7535,89.7535,274.0,254.56481885682504,244.50885082131515,-27.164818856825043
89.773,89.773,272.0,254.87471573731446,244.51951486568026,-29.47471573731446
89.7924,89.7924,278.0,255.19653279550224,244.53012422263842,-23.796532795502237
89.8119,89.8119,250.0,255.53420176910782,244.54078826700353,-52.134201769107825
89.8313,89.8313,276.0,255.8854279797519,244.55139762396166,-26.48542797975191
89.8508,89.8508,259.0,256.25464425002673,244.5620616683268,-43.85464425002673
89.8702,89.8702,255.0,256.6389734789351,244.57267102528493,-48.2389734789351
89.8897,89.8897,277.0,257.0436464328714,244.58333506965008,-26.643646432871414
89.9092,89.9092,277.0,257.4678966860699,244.59399911401522,-27.06789668606988
89.9286,89.9286,243.0,257.9105136477807,244.60460847097335,-61.510513647780705
89.9481,89.9481,281.0,258.3776413403288,244.61527251533846,-23.97764134032881
89.9675,89.9675,274.0,258.8660182178858,244.62588187229662,-31.466018217885825
89.987,89.987,233.0,259.3821443132785,244.63654591666173,-72.9821443132785
90.0064,90.0064,265.0,259.92233469791836,244.64715527361986,-41.52233469791836
90.0259,90.0259,248.0,260.4944895369484,244.657819317985,-59.09448953694838
90.0454,90.0454,252.0,261.0977938376891,244.66848336235014,-55.6977938376891
90.0648,90.0648,271.0,261.7310001455574,244.67909271930827,-37.331000145557404
90.0843,90.0843,270.0,262.40341206993645,244.68975676367342,-39.00341206993645
90.1037,90.1037,257.0,263.11086762105856,244.70036612063154,-52.71086762105856
90.1232,90.1232,252.0,263.86338544271183,244.71103016499666,-58.46338544271183
90.1426,90.1426,249.0,264.65623639288384,244.7216395219548,-62.25623639288384
90.1621,90.1621,276.0,265.5017374473754,244.73230356631993,-36.10173744737538
90.1816,90.1816,238.0,266.399522181563,244.74296761068507,-74.99952218156298
90.201,90.201,302.0,267.3484443948563,244.7535769676432,-11.948444394856303
90.2205,90.2205,246.0,268.3636586673724,244.76424101200834,-68.96365866737241
90.2399,90.2399,300.0,269.439615610817,244.77485036896647,-16.039615610816988
90.2594,90.2594,276.0,270.5922622098692,244.7855144133316,-41.192262209869206
90.2788,90.2788,282.0,271.8169890925217,244.79612377028974,-36.41698909252168
90.2983,90.2983,273.0,273.1326211075361,244.80678781465488,-46.732621107536126
90.3178,90.3178,304.0,274.5405146134493,244.81745185902,-17.14051461344932
90.3372,90.3372,261.0,276.04021143040666,244.82806121597812,-61.64021143040666
90.3567,90.3567,268.0,277.6571833492698,244.83872526034327,-56.257183349269816
90.3761,90.3761,264.0,279.38339370344,244.8493346173014,-61.983393703439994
90.3956,90.3956,277.0,281.2481117023503,244.85999866166654,-50.84811170235029
90.415,90.415,277.0,283.24370588534555,244.87060801862467,-52.84370588534555
90.4345,90.4345,286.0,285.4026462179207,244.8812720629898,-46.00264621792068
90.454,90.454,266.0,287.72782773290527,244.89193610735492,-68.32782773290526
90.4734,90.4734,253.0,290.2226434347197,244.90254546431308,-83.82264343471971
90.4929,90.4929,312.0,292.9272300074042,244.9132095086782,-27.527230007404206
90.5123,90.5123,306.0,295.82945679173986,244.92381886563632,-36.42945679173986
90.5318,90.5318,277.0,298.9781614740934,244.93448291000146,-68.57816147409338
90.5512,90.5512,305.0,302.35887703518847,244.9450922669596,-43.95887703518847
90.5707,90.5707,307.0,306.0235546493979,244.95575631132473,-45.62355464939791
90.5902,90.5902,299.0,309.9719781186491,244.96642035568988,-57.57197811864908
90.6096,90.6096,302.0,314.20197314673396,244.977029712648,-58.801973146733964
90.6291,90.6291,285.0,318.7697777379467,244.98769375701312,-80.36977773794669
90.6485,90.6485,307.0,323.63795313775756,244.99830311397128,-63.237953137757565
90.668,90.668,350.0,328.86637976206123,245.00896715833642,-25.46637976206123
90.6874,90.6874,330.0,334.39877931933137,245.01957651529455,-50.99877931933137
90.7069,90.7069,353.0,340.276573791532,245.03024055965966,-33.876573791531975
90.7264,90.7264,333.0,346.4521692836198,245.0409046040248,-60.05216928361981
90.7458,90.7458,343.0,352.8494215262228,245.05151396098293,-56.449421526222785
90.7653,90.7653,368.0,359.4706689064891,245.06217800534807,-38.0706689064891
90.7847,90.7847,334.0,366.1625591689073,245.0727873623062,-78.7625591689073
90.8042,90.8042,362.0,372.89106436786193,245.08345140667134,-57.49106436786193
90.8236,90.8236,388.0,379.45238553278483,245.09406076362947,-38.05238553278483
90.8431,90.8431,385.0,385.76644259574834,245.10472480799461,-47.366442595748346
90.8626,90.8626,408.0,391.63541649979925,245.11538885235973,-30.23541649979925
90.882,90.882,400.0,396.87038803098574,245.12599820931786,-43.47038803098574
90.9015,90.9015,377.0,401.37364082008105,245.136662253683,-70.97364082008104
90.9209,90.9209,404.0,404.9819568812312,245.14727161064113,-47.581956881231214
90.9404,90.9404,431.0,407.6538004643047,245.15793565500627,-23.25380046430471
90.9598,90.9598,455.0,409.33500194660365,245.1685450119644,-0.9350019466036557
90.9793,90.9793,522.0,410.06688206272213,245.17920905632954,65.33311793727788
90.9988,90.9988,494.0,409.915592435549,245.18987310069465,37.484407564451
91.0182,91.0182,511.0,408.99755748604105,245.20048245765278,55.40244251395895
91.0377,91.0377,536.0,407.4368811639722,245.21114650201793,81.9631188360278
91.0571,91.0571,544.0,405.3765330347213,245.22175585897608,92.02346696527869
91.0766,91.0766,538.0,402.9218910851781,245.2324199033412,88.47810891482189
91.096,91.096,527.0,400.1939071581588,245.24302926029932,80.20609284184118
91.1155,91.1155,522.0,397.227934632018,245.25369330466447,78.17206536798201
91.135,91.135,463.0,394.0716373164082,245.2643573490296,22.328362683591784
91.1544,91.1544,450.0,390.7489996320422,245.27496670598774,12.65100036795777
91.1739,91.1739,455.0,387.2030216241295,245.28563075035288,21.19697837587048
91.1933,91.1933,422.0,383.4453814926943,245.296240107311,-8.045381492694311
91.2128,91.2128,463.0,379.4088520442804,245.30690415167612,36.991147955719576
91.2322,91.2322,433.0,375.1176407512045,245.31751350863428,11.282359248795522
91.2517,91.2517,441.0,370.52310594738105,245.3281775529994,23.876894052618944
91.2712,91.2712,449.0,365.6681569991002,245.33884159736454,36.73184300089982
91.2906,91.2906,459.0,360.6217309819736,245.34945095432266,51.7782690180264
91.3101,91.3101,442.0,355.384762726006,245.3601149986878,40.01523727399401
91.3295,91.3295,411.0,350.0790245793998,245.37072435564593,14.320975420600199
91.349,91.349,426.0,344.7234820469553,245.38138840001108,34.67651795304467
91.3684,91.3684,394.0,339.43828322343137,245.3919977569692,7.961716776568629
91.3879,91.3879,396.0,334.23032970545586,245.40266180133432,15.16967029454414
91.4074,91.4074,356.0,329.17909276625807,245.41332584569946,-19.779092766258067
91.4268,91.4268,375.0,324.3506273322163,245.4239352026576,4.049372667783722
91.4463,91.4463,394.0,319.7199074594612,245.43459924702273,27.680092540538816
91.4657,91.4657,333.0,315.35380648943124,245.44520860398086,-28.953806489431237
91.4852,91.4852,354.0,311.2184953126175,245.455872648346,-3.8184953126175074
91.5046,91.5046,332.0,307.3569872856774,245.46648200530413,-21.956987285677407
91.5241,91.5241,333.0,303.72551744310186,245.47714604966927,-17.325517443101866
91.5436,91.5436,304.0,300.3385512433481,245.4878100940344,-42.938551243348094
91.563,91.563,305.0,297.2005951204861,245.49841945099254,-38.80059512048613
91.5825,91.5825,291.0,294.2667737690389,245.50908349535766,-49.86677376903888
91.6019,91.6019,298.0,291.55501314826023,245.51969285231579,-40.15501314826023
91.6214,91.6214,314.0,289.02420620602544,245.53035689668093,-21.62420620602544
91.6408,91.6408,259.0,286.6853662041343,245.54096625363906,-74.2853662041343
91.6603,91.6603,308.0,284.50264673343065,245.5516302980042,-23.102646733430653
91.6798,91.6798,284.0,282.4760095061363,245.56229434236934,-45.07600950613628
91.6992,91.6992,269.0,280.60229565321544,245.57290369932747,-58.20229565321544
91.7187,91.7187,277.0,278.85074564652984,245.58356774369258,-48.450745646529846
91.7381,91.7381,249.0,277.2299038351337,245.59417710065074,-74.8299038351337
91.7576,91.7576,270.0,275.7121356993176,245.60484114501585,-52.31213569931763
91.777,91.777,292.0,274.3046074302682,245.615450501974,-28.90460743026822
91.7965,91.7965,240.0,272.985214697111,245.62611454633912,-79.58521469711101
91.816,91.816,282.0,271.7534738937624,245.63677859070427,-36.35347389376242
91.8354,91.8354,267.0,270.60759784912347,245.6473879476624,-50.20759784912347
91.8549,91.8549,258.0,269.53008688551466,245.65805199202754,-58.130086885514665
91.8743,91.8743,275.0,268.5264742757717,245.66866134898567,-40.126474275771706
91.8938,91.8938,276.0,267.58034237117107,245.67932539335078,-38.18034237117107
91.9132,91.9132,241.0,266.69688333764225,245.68993475030894,-72.29688333764224
91.9327,91.9327,219.0,265.8629768740311,245.70059879467405,-93.46297687403111
91.9521,91.9521,265.0,265.0827884197787,245.7112081516322,-46.682788419778696
91.9716,91.9716,281.0,264.344545287368,245.72187219599732,-29.944545287368022
91.9911,91.9911,294.0,263.6492865137976,245.73253624036246,-16.24928651379762
92.0105,92.0105,258.0,262.9969500356722,245.7431455973206,-51.59695003567223
92.03,92.03,275.0,262.3779592578512,245.75380964168573,-33.97795925785122
92.0494,92.0494,311.0,261.7962620845717,245.76441899864386,2.6037379154282903
92.0689,92.0689,266.0,261.2434976759723,245.775083043009,-41.84349767597232
92.0883,92.0883,275.0,260.7228860575908,245.78569239996713,-32.322886057590814
92.1078,92.1078,250.0,260.2273458907164,245.79635644433225,-56.82734589071638
92.1273,92.1273,256.0,259.7578414817397,245.8070204886974,-50.35784148173972
92.1467,92.1467,267.0,259.31472382857066,245.81762984565552,-38.914723828570665
92.1662,92.1662,253.0,258.8918701445053,245.82829389002066,-52.49187014450528
92.1856,92.1856,253.0,258.49240574976744,245.8389032469788,-52.092405749767444
92.2051,92.2051,257.0,258.1105694788199,245.84956729134393,-47.71056947881991
92.2245,92.2245,275.0,257.7491851484487,245.86017664830206,-29.349185148448704
92.244,92.244,262.0,257.4035751842289,245.8708406926672,-42.003575184228886
92.2635,92.2635,244.0,257.07444841954293,245.88150473703232,-59.674448419542934
92.2829,92.2829,265.0,256.76228537730515,245.89211409399047,-38.36228537730515
92.3024,92.3024,240.0,256.46313521111216,245.9027781383556,-63.06313521111216
92.3218,92.3218,255.0,256.1793059225612,245.9133874953137,-47.779305922561186
92.3413,92.3413,259.0,255.90686080337622,245.92405153967886,-43.50686080337622
92.3607,92.3607,265.0,255.6479637018716,245.93466089663698,-37.24796370187159
92.3802,92.3802,250.0,255.39940236878167,245.94532494100213,-51.999402368781666
92.3997,92.3997,246.0,255.1617995719957,245.95598898536727,-55.76179957199569
92.4191,92.4191,255.0,254.93562592101566,245.9665983423254,-46.53562592101566
92.4386,92.4386,245.0,254.7181826037193,245.9772623866905,-56.3181826037193
92.458,92.458,256.0,254.51106583136752,245.98787174364867,-45.11106583136752
92.4775,92.4775,282.0,254.31167153084007,245.99853578801378,-18.911671530840074
92.4969,92.4969,232.0,254.12165466498593,246.0091451449719,-68.72165466498592
92.5164,92.5164,252.0,253.93862083381632,246.01980918933705,-48.53862083381632
92.5359,92.5359,223.0,253.7631108806922,246.0304732337022,-77.3631108806922
92.5553,92.5553,223.0,253.5956286943541,246.04108259066032,-77.1956286943541
92.5748,92.5748,262.0,253.43418847556276,246.05174663502547,-38.034188475562765
92.5942,92.5942,256.0,253.28002398648664,246.0623559919836,-43.88002398648664
92.6137,92.6137,249.0,253.13125055480367,246.0730200363487,-50.73125055480367
92.6331,92.6331,268.0,252.98918494345622,246.08362939330686,-31.589184943456225
92.6526,92.6526,248.0,252.85196832585655,246.094293437672,-51.45196832585655
92.6721,92.6721,254.0,252.72015287011996,246.10495748203712,-45.32015287011996
92.6915,92.6915,251.0,252.5941563330423,246.11556683899525,-48.194156333042294
92.711,92.711,253.0,252.47243726207742,246.1262308833604,-46.07243726207742
92.7304,92.7304,223.0,252.35597273694037,246.13684024031852,-75.95597273694037
92.7499,92.7499,245.0,252.24342688394395,246.14750428468366,-53.843426883943955
92.7693,92.7693,285.0,252.13579107060923,246.1581136416418,-13.735791070609231
92.7888,92.7888,269.0,252.03167863892818,246.16877768600693,-29.631678638928186
92.8083,92.8083,250.0,251.93153400783737,246.17944173037205,-48.53153400783737
92.8277,92.8277,284.0,251.83569555718964,246.19005108733018,-14.43569555718964
92.8472,92.8472,269.0,251.74300763027193,246.20071513169532,-29.343007630271934
92.8666,92.8666,268.0,251.65423347113583,246.21132448865345,-30.254233471135827
92.8861,92.8861,227.0,251.5684002941085,246.2219885330186,-71.1684002941085
92.9055,92.9055,228.0,251.48619555727035,246.23259788997672,-70.08619555727034
92.925,92.925,241.0,251.40666068945796,246.24326193434186,-57.006660689457966
92.9445,92.9445,240.0,251.33011734549237,246.253925978707,-57.93011734549237
92.9639,92.9639,253.0,251.25685803266495,246.26453533566513,-44.85685803266495
92.9834,92.9834,254.0,251.18594803743053,246.27519938003024,-43.785948037430536
93.0028,93.0028,247.0,251.1180467150558,246.28580873698837,-50.71804671505581
93.0223,93.0223,285.0,251.05239690834964,246.29647278135351,-12.652396908349637
93.0417,93.0417,230.0,250.98953077954,246.30708213831167,-67.58953077953998
93.0612,93.0612,271.0,250.92872653094338,246.31774618267679,-26.52872653094338
93.0807,93.0807,292.0,250.87023730616312,246.32841022704193,-5.470237306163121
93.1001,93.1001,277.0,250.81429427010525,246.33901958400006,-20.414294270105252
93.1196,93.1196,281.0,250.7601875893711,246.3496836283652,-16.3601875893711
93.139,93.139,237.0,250.70844794256308,246.36029298532333,-60.308447942563085
93.1585,93.1585,262.0,250.65846066188257,246.37095702968847,-35.25846066188257
93.1779,93.1779,254.0,250.6106472588281,246.3815663866466,-43.2106472588281
93.1974,93.1974,270.0,250.56449033850367,246.3922304310117,-27.164490338503676
93.2169,93.2169,233.0,250.52018927266116,246.40289447537685,-64.12018927266115
93.2363,93.2363,252.0,250.47786840968476,246.41350383233498,-45.07786840968476
93.2558,93.2558,257.0,250.43705193257063,246.42416787670012,-40.03705193257063
93.2752,93.2752,246.0,250.39812139970775,246.43477723365825,-50.99812139970775
93.2947,93.2947,257.0,250.3606166183814,246.4454412780234,-39.960616618381415
93.3141,93.3141,269.0,250.32485762460996,246.45605063498152,-27.924857624609963
93.3336,93.3336,239.0,250.29047606666398,246.46671467934667,-57.890476066663986
93.3531,93.3531,260.0,250.25758941789988,246.47737872371178,-36.85758941789988
93.3725,93.3725,240.0,250.2263003597833,246.4879880806699,-56.826300359783296
93.392,93.392,261.0,250.19627876211797,246.49865212503505,-35.79627876211797
93.4114,93.4114,248.0,250.16780713187794,246.50926148199318,-48.76780713187794
93.4309,93.4309,273.0,250.14051376417228,246.51992552635832,-23.740513764172285
93.4503,93.4503,226.0,250.11467180879234,246.53053488331645,-70.71467180879233
93.4698,93.4698,248.0,250.0900010815003,246.5411989276816,-48.690001081500306
93.4893,93.4893,243.0,250.06658613969418,246.5518629720467,-53.66658613969418
93.5087,93.5087,250.0,250.04450011368766,246.56247232900486,-46.64450011368766
93.5282,93.5282,239.0,250.0235127784212,246.57313637336998,-57.62351277842121
93.5476,93.5476,250.0,250.00382145979464,246.58374573032813,-46.60382145979464
93.5671,93.5671,260.0,249.98516616362622,246.59440977469325,-36.58516616362622
93.5865,93.5865,272.0,249.96774739052967,246.60501913165137,-24.567747390529668
93.606,93.606,259.0,249.95135243560523,246.61568317601652,-37.55135243560523
93.6255,93.6255,265.0,249.93604109089856,246.62634722038166,-31.536041090898557
93.6449,93.6449,247.0,249.92188207259812,246.6369565773398,-49.521882072598125
93.6644,93.6644,288.0,249.908722710687,246.64762062170493,-8.508722710686989
93.6838,93.6838,249.0,249.89665604550945,246.65822997866306,-47.49665604550945
93.7033,93.7033,236.0,249.8855577631035,246.66889402302817,-60.48555776310349
93.7227,93.7227,246.0,249.87553340668003,246.67950337998633,-50.475533406680036
93.7422,93.7422,253.0,249.86645683033873,246.69016742435144,-43.466456830338736
93.7617,93.7617,247.0,249.8583632356942,246.7008314687166,-49.458363235694215
93.7811,93.7811,261.0,249.85129828114373,246.7114408256747,-35.45129828114373
93.8006,93.8006,262.0,249.84515971212193,246.72210487003986,-34.44515971212193
93.82,93.82,238.0,249.84000681612707,246.73271422699798,-58.440006816127074
93.8395,93.8395,242.0,249.83578412995791,246.74337827136313,-54.435784129957916
93.8589,93.8589,246.0,249.83253894503216,246.75398762832125,-50.43253894503216
93.8784,93.8784,236.0,249.8301981007532,246.76465167268637,-60.430198100753195
93.8979,93.8979,258.0,249.82880472523547,246.7753157170515,-38.42880472523547
93.9173,93.9173,249.0,249.82835419534013,246.78592507400964,-47.42835419534013
93.9368,93.9368,243.0,249.8288289060391,246.79658911837478,-53.428828906039094
93.9562,93.9562,275.0,249.83021493777142,246.8071984753329,-21.430214937771417
93.9757,93.9757,242.0,249.8325438527635,246.81786251969805,-54.43254385276351
93.9951,93.9951,247.0,249.83579471310836,246.82847187665618,-49.43579471310836
94.0146,94.0146,250.0,249.83997583915098,246.83913592102132,-46.43997583915098
94.0341,94.0341,256.0,249.84509849326787,246.84979996538644,-40.44509849326787
94.0535,94.0535,248.0,249.85113695957162,246.8604093223446,-48.45113695957162
94.073,94.073,253.0,249.85812529122552,246.8710733667097,-43.45812529122552
94.0924,94.0924,256.0,249.8660275735725,246.88168272366784,-40.4660275735725
94.1119,94.1119,257.0,249.87492946820788,246.89234676803298,-39.47492946820788
94.1313,94.1313,243.0,249.88472686388926,246.9029561249911,-53.48472686388926
94.1508,94.1508,258.0,249.89554905249804,246.91362016935625,-38.49554905249804
94.1703,94.1703,256.0,249.90735165757823,246.9242842137214,-40.50735165757823
94.1897,94.1897,234.0,249.92008530644836,246.93489357067952,-62.52008530644836
94.2092,94.2092,267.0,249.93386874885883,246.94555761504463,-29.53386874885883
94.2286,94.2286,252.0,249.94860619756207,246.9561669720028,-44.54860619756207
94.2481,94.2481,255.0,249.96444645882485,246.9668310163679,-41.564446458824854
94.2675,94.2675,265.0,249.98122975960953,246.97744037332603,-31.581229759609535
94.287,94.287,271.0,249.9991744791849,246.98810441769118,-25.59917447918489
94.3065,94.3065,270.0,250.01821005357638,246.99876846205632,-26.618210053576384
94.3259,94.3259,251.0,250.03823040563503,247.00937781901445,-45.638230405635035
94.3454,94.3454,269.0,250.059487797522,247.0200418633796,-27.659487797521997
94.3648,94.3648,250.0,250.08178607977578,247.03065122033772,-46.68178607977578
94.3843,94.3843,263.0,250.10536626724422,247.04131526470283,-33.70536626724422
94.4037,94.4037,248.0,250.1300112322771,247.051924621661,-48.7300112322771
94.4232,94.4232,263.0,250.15602425135552,247.0625886660261,-33.75602425135552
94.4427,94.4427,267.0,250.18330777063755,247.07325271039124,-29.783307770637556
94.4621,94.4621,261.0,250.21172309087945,247.08386206734937,-35.81172309087945
94.4816,94.4816,263.0,250.24162811246097,247.09452611171452,-33.841628112460974
94.501,94.501,247.0,250.2727518561142,247.10513546867264,-49.87275185611421
94.5205,94.5205,299.0,250.30541605174213,247.11579951303779,2.0945839482578705
94.5399,94.5399,255.0,250.3393788221641,247.1264088699959,-41.939378822164095
94.5594,94.5594,242.0,250.3750163911409,247.13707291436106,-54.97501639114089
94.5789,94.5789,275.0,250.41220251834739,247.14773695872617,-22.012202518347387
94.5983,94.5983,244.0,250.4507668946701,247.1583463156843,-53.0507668946701
94.6178,94.6178,263.0,250.49120111161284,247.16901036004944,-34.09120111161284
94.6372,94.6372,218.0,250.53313598053902,247.1796197170076,-79.13313598053901
94.6567,94.6567,289.0,250.57703599018632,247.1902837613727,-8.177035990186319
94.6761,94.6761,249.0,250.62256682051637,247.20089311833084,-48.22256682051637
94.6956,94.6956,249.0,250.67023597659156,247.21155716269598,-48.27023597659156
94.715,94.715,275.0,250.7196097938839,247.2221665196541,-22.319609793883906
94.7345,94.7345,259.0,250.7713215848211,247.23283056401925,-38.3713215848211
94.754,94.754,256.0,250.82518971872534,247.24349460838437,-41.42518971872534
94.7734,94.7734,235.0,250.8809813738659,247.2541039653425,-62.480981373865895
94.7929,94.7929,282.0,250.9394129887049,247.26476800970764,-15.539412988704903
94.8123,94.8123,285.0,250.99997574474042,247.27537736666577,-12.599975744740426
94.8318,94.8318,272.0,251.0633767220075,247.2860414110309,-25.66337672200749
94.8512,94.8512,247.0,251.12908020830164,247.29665076798904,-50.729080208301646
94.8707,94.8707,283.0,251.1979197885079,247.30731481235418,-14.797919788507905
94.8902,94.8902,250.0,251.26967997265442,247.31797885671932,-47.86967997265442
94.9096,94.9096,263.0,251.34407326919535,247.32858821367745,-34.94407326919535
94.9291,94.9291,276.0,251.42207557683,247.3392522580426,-22.022075576829998
94.9485,94.9485,239.0,251.50303054602654,247.34986161500072,-59.10303054602654
94.968,94.968,228.0,251.58787264342757,247.36052565936583,-70.18787264342757
94.9874,94.9874,287.0,251.67601901065657,247.37113501632396,-11.276019010656576
95.0069,95.0069,267.0,251.7685153031353,247.3817990606891,-31.368515303135304
95.0264,95.0264,264.0,251.86513133177093,247.39246310505425,-34.46513133177093
95.0458,95.0458,286.0,251.9655200229859,247.40307246201237,-12.565520022985915
95.0653,95.0653,264.0,252.071036609911,247.41373650637752,-34.671036609911006
95.0847,95.0847,273.0,252.18082196649016,247.42434586333565,-25.78082196649016
95.1042,95.1042,235.0,252.29622339927425,247.4350099077008,-63.896223399274255
95.1236,95.1236,257.0,252.41646438972478,247.44561926465892,-42.01646438972478
95.1431,95.1431,241.0,252.54302811978047,247.45628330902406,-58.143028119780475
95.1626,95.1626,273.0,252.6756508614455,247.46694735338917,-26.27565086144549
95.182,95.182,229.0,252.8139608822171,247.4775567103473,-70.41396088221708
95.2015,95.2015,228.0,252.9598521815501,247.48822075471244,-71.5598521815501
95.2209,95.2209,260.0,253.11215100329036,247.49883011167057,-39.712151003290366
95.2404,95.2404,238.0,253.27300888815932,247.50949415603571,-61.873008888159326
95.2598,95.2598,262.0,253.4412411811888,247.52010351299384,-38.04124118118879
95.2793,95.2793,256.0,253.6190641761059,247.53076755735898,-44.219064176105896
95.2988,95.2988,254.0,253.80619699657638,247.5414316017241,-46.40619699657638
95.3182,95.3182,246.0,254.00239961066325,247.55204095868226,-54.60239961066325
95.3377,95.3377,247.0,254.21026937175478,247.56270500304737,-53.81026937175478
95.3571,95.3571,241.0,254.42834687774806,247.5733143600055,-60.028346877748056
95.3766,95.3766,258.0,254.6598646030565,247.58397840437064,-43.25986460305649
95.396,95.396,259.0,254.9032777367673,247.59458776132877,-42.50327773676731
95.4155,95.4155,257.0,255.16185832383036,247.6052518056939,-44.76185832383036
95.435,95.435,261.0,255.4357241557804,247.61591585005905,-41.03572415578041
95.4544,95.4544,253.0,255.72439494452695,247.62652520701718,-49.32439494452695
95.4739,95.4739,268.0,256.03201365351595,247.6371892513823,-34.63201365351595
95.4933,95.4933,254.0,256.3566662732503,247.64779860834045,-48.95666627325031
95.5128,95.5128,234.0,256.7034141813953,247.65846265270557,-69.30341418139531
95.5322,95.5322,301.0,257.07018040089423,247.66907200966372,-2.670180400894232
95.5517,95.5517,249.0,257.4622758737102,247.67973605402884,-55.06227587371021
95.5712,95.5712,250.0,257.88010356630355,247.69040009839398,-54.48010356630355
95.5906,95.5906,269.0,258.3232593948314,247.7010094553521,-35.92325939483138
95.6101,95.6101,251.0,258.79838437309104,247.71167349971725,-54.39838437309104
95.6295,95.6295,272.0,259.30296410064363,247.72228285667538,-33.902964100643636
95.649,95.649,281.0,259.84507989208583,247.73294690104052,-25.445079892085836
95.6684,95.6684,238.0,260.4215811944941,247.74355625799865,-69.02158119449408
95.6879,95.6879,240.0,261.0418750740668,247.75422030236376,-67.6418750740668
95.7074,95.7074,264.0,261.70612951777395,247.7648843467289,-44.30612951777395
95.7268,95.7268,254.0,262.41407734119406,247.77549370368703,-55.01407734119406
95.7463,95.7463,258.0,263.1762726073358,247.78615774805218,-51.77627260733582
95.7657,95.7657,243.0,263.98950113783343,247.7967671050103,-67.58950113783342
95.7852,95.7852,284.0,264.8656540670451,247.80743114937545,-27.465654067045115
95.8046,95.8046,281.0,265.79955601389054,247.81804050633357,-31.39955601389054
95.8241,95.8241,247.0,266.80570300122423,247.82870455069872,-66.40570300122423
95.8436,95.8436,270.0,267.88320278321606,247.83936859506383,-44.483202783216065
95.863,95.863,229.0,269.029370202535,247.84997795202196,-86.629370202535
95.8825,95.8825,263.0,270.2603689830793,247.8606419963871,-53.860368983079276
95.9019,95.9019,263.0,271.56609324804674,247.87125135334523,-55.16609324804674
95.9214,95.9214,266.0,272.9615160826896,247.88191539771037,-53.56151608268963
95.9408,95.9408,279.0,274.43235571461963,247.8925247546685,-42.032355714619634
95.9603,95.9603,246.0,275.99350998328157,247.90318879903364,-76.59350998328156
95.9798,95.9798,268.0,277.6332313955002,247.91385284339876,-56.23323139550022
95.9992,95.9992,266.0,279.3350423642136,247.9244622003569,-59.93504236421362
96.0187,96.0187,269.0,281.107280446364,247.93512624472203,-58.707280446363974
96.0381,96.0381,271.0,282.9166578116781,247.94573560168018,-58.51665781167808
96.0576,96.0576,274.0,284.76163388128987,247.9563996460453,-57.36163388128987
96.077,96.077,269.0,286.5988646575724,247.96700900300343,-64.19886465757239
96.0965,96.0965,269.0,288.4187237336374,247.97767304736857,-66.01872373363742
96.116,96.116,302.0,290.1773162713354,247.9883370917337,-34.77731627133543
96.1354,96.1354,257.0,291.82901788948624,247.99894644869184,-81.42901788948623
96.1549,96.1549,283.0,293.35449830360454,248.00961049305698,-56.954498303604545
96.1743,96.1743,296.0,294.7015303523037,248.0202198500151,-45.30153035230368
96.1938,96.1938,259.0,295.8522575973271,248.03088389438022,-83.45225759732708
96.2132,96.2132,268.0,296.77135052590313,248.04149325133838,-75.37135052590313
96.2327,96.2327,311.0,297.45289331054636,248.0521572957035,-33.05289331054636
96.2522,96.2522,302.0,297.8875101966002,248.06282134006864,-42.487510196600205
96.2716,96.2716,305.0,298.08312500819625,248.07343069702677,-39.68312500819625
96.2911,96.2911,288.0,298.05826191849064,248.0840947413919,-56.658261918490645
96.3105,96.3105,304.0,297.83834994787554,248.09470409835004,-40.438349947875544
96.33,96.33,305.0,297.4506037525997,248.10536814271518,-39.050603752599706
96.3494,96.3494,353.0,296.92975579861786,248.1159774996733,9.470244201382137
96.3689,96.3689,316.0,296.2997391307818,248.12664154403842,-26.899739130781803
96.3884,96.3884,342.0,295.58818290884983,248.13730558840356,-0.18818290884983213
96.4078,96.4078,321.0,294.8172443155353,248.1479149453617,-20.417244315535278
96.4273,96.4273,308.0,293.9914410588744,248.15857898972683,-32.59144105887439
96.4467,96.4467,313.0,293.1247042556644,248.16918834668496,-26.724704255664427
96.4662,96.4662,371.0,292.20694511949245,248.1798523910501,32.19305488050755
96.4856,96.4856,304.0,291.2432067060107,248.19046174800823,-33.84320670601071
96.5051,96.5051,310.0,290.2169093932966,248.20112579237338,-26.81690939329659
96.5246,96.5246,338.0,289.12697981829103,248.21178983673852,2.273020181708965
96.544,96.544,309.0,287.9731037582883,248.22239919369665,-25.57310375828829
96.5635,96.5635,292.0,286.7430058184999,248.23306323806176,-41.34300581849991
96.5829,96.5829,288.0,285.45264477115717,248.2436725950199,-44.05264477115717
96.6024,96.6024,303.0,284.0951294649442,248.25433663938503,-27.695129464944195
96.6218,96.6218,319.0,282.6961965695047,248.26494599634316,-10.296196569504708
96.6413,96.6413,265.0,281.2559707553957,248.2756100407083,-62.85597075539571
96.6608,96.6608,326.0,279.79661281574187,248.28627408507344,-0.396612815741868
96.6802,96.6802,291.0,278.3421809656605,248.29688344203157,-33.94218096566048
96.6997,96.6997,303.0,276.89386951171014,248.30754748639671,-20.493869511710137
96.7191,96.7191,339.0,275.4795198216564,248.31815684335484,16.920480178343574
96.7386,96.7386,300.0,274.09629155836507,248.32882088771996,-20.69629155836507
96.758,96.758,289.0,272.768310375479,248.33943024467808,-30.36831037547902
96.7775,96.7775,276.0,271.48779787912105,248.35009428904323,-42.08779787912105
96.797,96.797,300.0,270.26700750216054,248.36075833340837,-16.86700750216054
96.8164,96.8164,297.0,269.1143713934783,248.3713676903665,-18.71437139347828
96.8359,96.8359,268.0,268.0199686136235,248.38203173473164,-46.61996861362352
96.8553,96.8553,282.0,266.993488574865,248.39264109168977,-31.593488574865013
96.8748,96.8748,257.0,266.0239915576929,248.40330513605488,-55.62399155769291
96.8942,96.8942,288.0,265.1197041813863,248.41391449301304,-23.719704181386284
96.9137,96.9137,271.0,264.26815167637,248.42457853737818,-39.86815167637
96.9332,96.9332,277.0,263.4716995471471,248.4352425817433,-33.07169954714713
96.9526,96.9526,296.0,262.73116533274367,248.44585193870142,-13.331165332743673
96.9721,96.9721,284.0,262.0356925527865,248.45651598306657,-24.635692552786487
96.9915,96.9915,238.0,261.38915062112903,248.4671253400247,-69.98915062112903
97.011,97.011,269.0,260.7821590758679,248.47778938438984,-38.382159075867925
97.0304,97.0304,266.0,260.2181752165939,248.48839874134796,-40.81817521659392
97.0499,97.0499,250.0,259.68816575820125,248.4990627857131,-56.28816575820125
97.0694,97.0694,271.0,259.19271503550107,248.50972683007822,-34.79271503550107
97.0888,97.0888,263.0,258.73180514162254,248.52033618703638,-42.331805141622546
97.1083,97.1083,288.0,258.29800194714767,248.5310002314015,-16.89800194714767
97.1277,97.1277,236.0,257.8937474297974,248.54160958835962,-68.49374742979737
97.1472,97.1472,275.0,257.51307125610396,248.55227363272476,-29.113071256103957
97.1666,97.1666,249.0,257.1577857899191,248.5628829896829,-54.757785789919105
97.1861,97.1861,255.0,256.8225589930139,248.57354703404803,-48.4225589930139
97.2056,97.2056,238.0,256.5077175807074,248.58421107841318,-65.10771758070737
97.225,97.225,298.0,256.2133720706071,248.5948204353713,-4.81337207060708
97.2445,97.2445,247.0,255.93490681771718,248.60548447973642,-55.53490681771718
97.2639,97.2639,233.0,255.6740280021725,248.61609383669457,-69.27402800217249
97.2834,97.2834,280.0,255.42708798129362,248.6267578810597,-22.027087981293626
97.3028,97.3028,285.0,255.19525718531816,248.63736723801784,-16.795257185318157
97.3223,97.3223,250.0,254.97536321964026,248.64803128238296,-51.57536321964026
97.3418,97.3418,241.0,254.76776369201153,248.6586953267481,-60.36776369201153
97.3612,97.3612,265.0,254.57251189298427,248.66930468370623,-36.17251189298427
97.3807,97.3807,249.0,254.38685319957054,248.67996872807137,-51.98685319957054
97.4001,97.4001,260.0,254.21204493247876,248.6905780850295,-40.81204493247876
97.4196,97.4196,239.0,254.0456223068742,248.70124212939464,-61.64562230687421
97.439,97.439,253.0,253.88862776189498,248.71185148635277,-47.48862776189498
97.4585,97.4585,230.0,253.73897314888947,248.72251553071789,-70.33897314888947
97.478,97.478,257.0,253.59703075096746,248.73317957508303,-43.197030750967464
97.4974,97.4974,267.0,253.4628335982318,248.74378893204116,-33.06283359823181
97.5169,97.5169,252.0,253.33467514814438,248.7544529764063,-47.934675148144386
97.5363,97.5363,282.0,253.21349712498522,248.76506233336443,-17.813497124985226
97.5558,97.5558,227.0,253.0975770973563,248.77572637772957,-72.69757709735629
97.5752,97.5752,240.0,252.98779540630903,248.7863357346877,-59.587795406309034
97.5947,97.5947,232.0,252.88275272674025,248.79699977905284,-67.48275272674024
97.6141,97.6141,270.0,252.78316966105515,248.80760913601097,-29.383169661055156
97.6336,97.6336,263.0,252.68774285438502,248.81827318037608,-36.28774285438502
97.6531,97.6531,261.0,252.59674903801158,248.82893722474122,-38.19674903801158
97.6725,97.6725,236.0,252.51041551695397,248.83954658169935,-63.11041551695397
97.692,97.692,257.0,252.42755249247614,248.8502106260645,-42.02755249247614
97.7114,97.7114,251.0,252.3488269136796,248.86081998302262,-47.9488269136796
97.7309,97.7309,241.0,252.2732910231486,248.87148402738777,-57.8732910231486
97.7503,97.7503,254.0,252.20143255937518,248.8820933843459,-44.80143255937518
97.7698,97.7698,278.0,252.13239892894936,248.89275742871104,-20.732398928949358
97.7893,97.7893,252.0,252.06641462330674,248.90342147307615,-46.66641462330674
97.8087,97.8087,237.0,252.00361624772665,248.9140308300343,-61.603616247726656
97.8282,97.8282,264.0,251.94321310366885,248.92469487439942,-34.543213103668855
97.8476,97.8476,261.0,251.88570982779456,248.93530423135755,-37.48570982779456
97.8671,97.8671,249.0,251.83038631362922,248.9459682757227,-49.43038631362922
97.8865,97.8865,281.0,251.7776617107017,248.95657763268082,-17.377661710701695
97.906,97.906,258.0,251.72691148594055,248.96724167704596,-40.32691148594055
97.9255,97.9255,257.0,251.67832855402122,248.9779057214111,-41.27832855402122
97.9449,97.9449,245.0,251.63198367502557,248.98851507836923,-53.23198367502557
97.9644,97.9644,241.0,251.5873493448699,248.99917912273435,-57.187349344869894
97.9838,97.9838,226.0,251.5448070971092,249.0097884796925,-72.14480709710921
98.0033,98.0033,245.0,251.50379589644066,249.02045252405762,-53.103795896440666
98.0227,98.0227,231.0,251.46467340435964,249.03106188101577,-67.06467340435964
98.0422,98.0422,274.0,251.42698368042772,249.0417259253809,-24.026983680427726
98.0617,98.0617,264.0,251.3908464524412,249.05238996974603,-33.9908464524412
98.0811,98.0811,267.0,251.3563511136531,249.06299932670416,-30.956351113653092
98.1006,98.1006,260.0,251.32310161122274,249.0736633710693,-37.92310161122274
98.12,98.12,258.0,251.29138947829085,249.08427272802743,-39.891389478290854
98.1395,98.1395,262.0,251.26080037875138,249.09493677239254,-35.860800378751385
98.1589,98.1589,233.0,251.23160661342723,249.1055461293507,-64.83160661342723
98.1784,98.1784,244.0,251.20348241809202,249.1162101737158,-53.803482418092024
98.1979,98.1979,246.0,251.17649162337435,249.12687421808096,-51.77649162337435
98.2173,98.2173,247.0,251.1507336210146,249.13748357503908,-50.75073362101461
98.2368,98.2368,254.0,251.1259141997115,249.14814761940423,-43.725914199711504
98.2562,98.2562,265.0,251.10223217519382,249.15875697636235,-32.70223217519382
98.2757,98.2757,254.0,251.0794020316176,249.1694210207275,-43.679402031617606
98.2951,98.2951,240.0,251.057629289603,249.18003037768563,-57.657629289603
98.3146,98.3146,251.0,251.03665425598433,249.19069442205077,-46.63665425598433
98.3341,98.3341,237.0,251.01654437957916,249.20135846641588,-60.61654437957916
98.3535,98.3535,257.0,250.99736966290786,249.211967823374,-40.59736966290786
98.373,98.373,229.0,250.978912921709,249.22263186773915,-68.57891292170899
98.3924,98.3924,263.0,250.96132288664185,249.23324122469728,-34.561322886641854
98.4119,98.4119,235.0,250.9443888775679,249.24390526906242,-62.54438887756789
98.4313,98.4313,270.0,250.92827022979034,249.25451462602055,-27.528270229790344
98.4508,98.4508,251.0,250.91275594363714,249.2651786703857,-46.51275594363714
98.4703,98.4703,230.0,250.8979164825259,249.2758427147508,-67.49791648252588
98.4897,98.4897,237.0,250.88380175157903,249.28645207170896,-60.48380175157903
98.5092,98.5092,247.0,250.87024443668653,249.2971161160741,-50.470244436686535
98.5286,98.5286,237.0,250.85735003342322,249.30772547303224,-60.45735003342322
98.5481,98.5481,248.0,250.8449763558698,249.31838951739735,-49.44497635586979
98.5675,98.5675,238.0,250.83323610280493,249.32899887435548,-59.43323610280493
98.587,98.587,281.0,250.8219731594287,249.33966291872062,-16.421973159428696
98.6065,98.6065,229.0,250.81123993627205,249.35032696308576,-68.41123993627204
98.6259,98.6259,260.0,250.80107665604055,249.3609363200439,-37.40107665604055
98.6454,98.6454,269.0,250.79134722558595,249.37160036440903,-28.391347225585953
98.6648,98.6648,256.0,250.78214135238858,249.38220972136716,-41.38214135238858
98.6843,98.6843,247.0,250.77335665383444,249.39287376573228,-50.37335665383444
98.7037,98.7037,263.0,250.76506112975778,249.40348312269043,-34.365061129757784
98.7232,98.7232,267.0,250.75715381629752,249.41414716705555,-30.35715381629752
98.7427,98.7427,263.0,250.74966864458094,249.4248112114207,-34.34966864458094
98.7621,98.7621,232.0,250.74263216021671,249.43542056837882,-65.34263216021671
98.7816,98.7816,240.0,250.7359478757805,249.44608461274396,-57.33594787578051
98.801,98.801,282.0,250.72967718239917,249.4566939697021,-15.329677182399173
98.8205,98.8205,249.0,250.72374978611919,249.46735801406723,-48.32374978611919
98.8399,98.8399,271.0,250.718209761736,249.47796737102536,-26.318209761736007
98.8594,98.8594,293.0,250.71298849299657,249.48863141539047,-4.312988492996574
98.8789,98.8789,249.0,250.70810654474525,249.49929545975561,-48.30810654474525
98.8983,98.8983,253.0,250.70358179028406,249.50990481671377,-44.30358179028406
98.9178,98.9178,260.0,250.69934772300365,249.52056886107889,-37.299347723003656
98.9372,98.9372,243.0,250.69544565586128,249.531178218037,-54.29544565586128
98.9567,98.9567,263.0,250.69182651776998,249.54184226240216,-34.291826517769984
98.9761,98.9761,263.0,250.6885119939289,249.55245161936028,-34.2885119939289
98.9956,98.9956,278.0,250.6854662061745,249.56311566372543,-19.28546620617451
99.0151,99.0151,215.0,250.68270004222808,249.57377970809057,-82.28270004222807
99.0345,99.0345,264.0,250.680214510699,249.5843890650487,-33.28021451069899
99.054,99.054,230.0,250.67797591106316,249.5950531094138,-67.27797591106315
99.0734,99.0734,253.0,250.67600542888744,249.60566246637197,-44.27600542888744
99.0929,99.0929,260.0,250.6742675692982,249.61632651073708,-37.274267569298196
99.1123,99.1123,284.0,250.67277694124562,249.6269358676952,-13.272776941245617
99.1318,99.1318,244.0,250.6715159910715,249.63759991206035,-53.27151599107149
99.1513,99.1513,229.0,250.67048412981882,249.6482639564255,-68.27048412981881
99.1707,99.1707,293.0,250.6696741537131,249.65887331338362,-4.2696741537130904
99.1902,99.1902,240.0,250.6690771123609,249.66953735774877,-57.2690771123609
99.2096,99.2096,245.0,250.6686957445581,249.6801467147069,-52.26869574455811
99.2291,99.2291,248.0,250.66851362279135,249.690810759072,-49.26851362279135
99.2485,99.2485,265.0,250.66853036881815,249.70142011603016,-32.268530368818155
99.268,99.268,249.0,250.66874432399285,249.71208416039528,-48.268744323992856
99.2875,99.2875,260.0,250.66914907326316,249.72274820476042,-37.26914907326316
99.3069,99.3069,265.0,250.66973207187735,249.73335756171855,-32.26973207187735
99.3264,99.3264,257.0,250.67049928929902,249.7440216060837,-40.27049928929902
99.3458,99.3458,254.0,250.67144030539356,249.75463096304182,-43.27144030539356
99.3653,99.3653,261.0,250.67255466223313,249.76529500740696,-36.27255466223313
99.3847,99.3847,267.0,250.67383006368257,249.7759043643651,-30.273830063682574
99.4042,99.4042,234.0,250.67527674202046,249.78656840873023,-63.27527674202046
99.4237,99.4237,259.0,250.67688055842453,249.79723245309535,-38.27688055842453
99.4431,99.4431,235.0,250.67862996623288,249.80784181005347,-62.27862996623288
99.4626,99.4626,241.0,250.68054247528121,249.81850585441862,-56.280542475281216
99.482,99.482,253.0,250.6825918444124,249.82911521137675,-44.2825918444124
99.5015,99.5015,244.0,250.68479547109692,249.8397792557419,-53.28479547109692
99.5209,99.5209,275.0,250.6871305718349,249.85038861270002,-22.2871305718349
99.5404,99.5404,263.0,250.68961282602496,249.86105265706516,-34.28961282602496
99.5599,99.5599,266.0,250.6922301241509,249.87171670143027,-31.29223012415091
99.5793,99.5793,245.0,250.6949657066372,249.88232605838843,-52.29496570663719
99.5988,99.5988,262.0,250.69784509768493,249.89299010275354,-35.297845097684935
99.6182,99.6182,231.0,250.7008317890903,249.90359945971167,-66.3008317890903
99.6377,99.6377,283.0,250.70395813924577,249.9142635040768,-14.303958139245772
99.6571,99.6571,272.0,250.70718960783626,249.92487286103494,-25.307189607836257
99.6766,99.6766,266.0,250.71055296901108,249.93553690540008,-31.310552969011077
99.6961,99.6961,259.0,250.7140315898899,249.94620094976523,-38.314031589889915
99.7155,99.7155,241.0,250.71760434766153,249.95681030672336,-56.317604347661536
99.735,99.735,264.0,250.7213065780002,249.96747435108847,-33.3213065780002
99.7544,99.7544,231.0,250.72509440246947,249.97808370804663,-66.32509440246946
99.7739,99.7739,253.0,250.729007495888,249.98874775241174,-44.329007495888
99.7933,99.7933,268.0,250.73300477479788,249.9993571093699,-29.333004774797878
99.8128,99.8128,301.0,250.73712150500637,250.010021153735,3.6628784949936275
99.8323,99.8323,232.0,250.74133674055344,250.02068519810015,-65.34133674055343
99.8517,99.8517,273.0,250.74562838307796,250.03129455505828,-24.34562838307796
99.8712,99.8712,248.0,250.75003439395417,250.04195859942342,-49.35003439395417
99.8906,99.8906,251.0,250.75450940241294,250.05256795638155,-46.35450940241294
99.9101,99.9101,251.0,250.75909962076585,250.0632320007467,-46.35909962076585
99.9295,99.9295,254.0,250.76375411375616,250.07384135770482,-43.363754113756166
99.949,99.949,258.0,250.76851894364705,250.08450540206994,-39.368518943647054
99.9685,99.9685,266.0,250.77336899002228,250.09516944643508,-31.37336899002228
99.9879,99.9879,253.0,250.77827856518945,250.1057788033932,-44.378278565189454
100.0074,100.0074,254.0,250.78329347188102,250.11644284775835,-43.383293471881025
