"limits",30.0009,100.0074
"masked X","X","obs","calc","bkg","diff"
30.0009,30.0009,212.0,210.9877451116942,210.7544,-36.60774511169421
30.0204,30.0204,212.0,210.99262754727383,210.7586380746764,-36.612627547273824
30.0398,30.0398,219.0,210.99759462133,210.7629612895871,-29.617594621329992
30.0593,30.0593,233.0,211.08122008955718,210.76741380847133,-15.701220089557175
30.0787,30.0787,250.0,211.08655291286587,210.7719495623885,1.2934470871341333
30.0982,30.0982,195.0,211.0920227430239,210.7766149074825,-53.7120227430239
30.1177,30.1177,191.0,211.09760179967915,210.78138633201183,-57.71760179967915
30.1371,30.1371,225.0,211.10326035212987,210.78623815167236,-23.723260352129863
30.1566,30.1566,217.0,211.10905637346113,210.79121998293755,-31.729056373461127
30.176,30.176,234.0,211.1149300337195,210.79628033119863,-14.7349300337195
30.1955,30.1955,227.0,211.1602115505437,210.801470963985,-21.78021155054369
30.2149,30.2149,209.0,211.16637259871248,210.80673824640115,-39.78637259871248
30.2344,30.2344,230.0,211.1726723676823,210.81213608059352,-18.792672367682307
30.2539,30.2539,195.0,211.17907892726143,210.81763718131134,-53.79907892726143
30.2733,30.2733,218.0,211.18555833136728,210.8232121483654,-30.805558331367273
30.2928,30.2928,232.0,211.19217699815752,210.82891805781995,-16.81217699815752
30.3122,30.3122,205.0,211.19886655027062,210.83469599305317,-43.81886655027062
30.3317,30.3317,206.0,211.20569574446378,210.84060512385594,-42.82569574446378
30.3511,30.3511,214.0,211.2125940261119,210.84658445054652,-34.8325940261119
30.3706,30.3706,230.0,211.2196320789883,210.8526952203859,-18.839632078988295
30.3901,30.3901,177.0,211.2267744460263,210.85890647510868,-71.8467744460263
30.4095,30.4095,217.0,211.23398318191536,210.86518519849437,-31.85398318191536
30.429,30.429,211.0,211.2413323674656,210.87159572627047,-37.861332367465586
30.4484,30.4484,207.0,211.24874605535388,210.87807191937094,-41.868746055353874
30.4679,30.4679,215.0,211.25630038665375,210.88468015055906,-33.876300386653746
30.4873,30.4873,228.0,211.2639176118731,210.89135225429743,-20.883917611873095
30.5068,30.5068,200.0,211.27167573608634,210.89815662431047,-48.891675736086334
30.5263,30.5263,212.0,211.27953562164046,210.90505872869392,-36.89953562164046
30.5457,30.5457,192.0,211.28745551349778,210.91202203393368,-56.90745551349777
30.5652,30.5652,224.0,211.29551688225504,210.91911793772599,-24.91551688225504
30.5846,30.5846,190.0,211.30363669051556,210.92627327589761,-58.92363669051556
30.6041,30.6041,211.0,211.31189803470465,210.9335614271255,-37.93189803470465
30.6235,30.6235,220.0,211.32021620348206,210.9409072567184,-28.94021620348206
30.643,30.643,233.0,211.32867633005196,210.94838610844036,-15.94867633005196
30.6625,30.6625,216.0,211.33723550725313,210.95595997500985,-32.957235507253124
30.6819,30.6819,230.0,211.3458487282646,210.96358890324612,-18.965848728264596
30.7014,30.7014,183.0,211.35460431129454,210.97135115734204,-65.97460431129454
30.7208,30.7208,191.0,211.36341233679823,210.97916674313333,-57.98341233679823
30.7403,30.7403,211.0,211.37236302566674,210.98711585037154,-37.99236302566674
30.7597,30.7597,216.0,211.3813642877947,210.99511656969466,-33.001364287794694
30.7792,30.7792,220.0,211.39050867561292,211.0032510007,-29.01050867561292
30.7987,30.7987,234.0,211.3997493948172,211.01147775788124,-15.019749394817204
30.8181,30.8181,199.0,211.4090382255037,211.01975356491198,-50.029038225503704
30.8376,30.8376,198.0,211.41847055535857,211.0281633592226,-51.038470555358565
30.857,30.857,213.0,211.42794913957718,211.03662050956197,-36.04794913957718
30.8765,30.8765,194.0,211.4375715177306,211.04521182412756,-55.05757151773059
30.8959,30.8959,215.0,211.4472384911398,211.0538488111614,-34.06723849113981
30.9154,30.9154,226.0,211.45704942390145,211.06262013409426,-23.07704942390145
30.9349,30.9349,205.0,211.46695435791113,211.0714811252442,-44.08695435791113
30.9543,30.9543,224.0,211.47690147617988,211.08038528055835,-25.096901476179873
30.9738,30.9738,199.0,211.48699305260956,211.08942401964885,-50.10699305260956
30.9932,30.9932,218.0,211.4971250264422,211.09850426488043,-31.117125026442203
31.0127,31.0127,205.0,211.5074016221275,211.10771925246797,-44.1274016221275
31.0321,31.0321,217.0,211.5177171288519,211.116974098333,-32.1377171288519
31.0516,31.0516,224.0,211.52817733950505,211.12636383993814,-25.148177339505047
31.0711,31.0711,210.0,211.53872936214225,211.13584062237516,-39.158729362142246
31.0905,31.0905,218.0,211.54931764516675,211.14535480818844,-31.16931764516675
31.11,31.11,234.0,211.56005119726146,211.15500411030874,-15.180051197261456
31.1294,31.1294,220.0,211.5708196330307,211.16468919322793,-29.190819633030706
31.1489,31.1489,187.0,211.5817333421598,211.1745095329398,-62.20173334215979
31.1683,31.1683,192.0,211.5926803989077,211.1843640409324,-57.2126803989077
31.1878,31.1878,217.0,211.60377318287487,211.19435394108547,-32.22377318287487
31.2073,31.2073,208.0,211.61495508704996,211.20442828512031,-41.23495508704996
31.2267,31.2267,221.0,211.6261678706052,211.2145343954107,-28.2461678706052
31.2462,31.2462,215.0,211.63752655116198,211.22477609152614,-34.25752655116198
31.2656,31.2656,218.0,211.6489145901931,211.23504796641512,-31.2689145901931
31.2851,31.2851,224.0,211.66044885356192,211.24545554979215,-25.280448853561914
31.3045,31.3045,210.0,211.6720107825972,211.25589173442015,-39.292010782597195
31.324,31.324,196.0,211.6837193400849,211.26646374515855,-53.3037193400849
31.3435,31.3435,204.0,211.6955144937463,211.27711763312487,-45.315514493746285
31.3629,31.3629,210.0,211.7073351104561,211.28779777266809,-39.32733511045611
31.3824,31.3824,177.0,211.71930251893008,211.29861390549007,-72.33930251893008
31.4018,31.4018,213.0,211.73129369296262,211.3094547371534,-36.35129369296262
31.4213,31.4213,196.0,211.74343205854362,211.32043166720567,-53.363432058543616
31.4407,31.4407,210.0,211.75559252187963,211.33143175322374,-39.37559252187963
31.4602,31.4602,190.0,211.7679002384012,211.34256803777703,-59.38790023840121
31.4797,31.4797,223.0,211.78029250580218,211.35378366306196,-26.400292505802177
31.4991,31.4991,222.0,211.79270464925912,211.36502014646732,-27.41270464925912
31.5186,31.5186,229.0,211.805264549703,211.37639296948382,-20.425264549702995
31.538,31.538,232.0,211.81784272985752,211.38778513228408,-17.437842729857515
31.5575,31.5575,193.0,211.8305688055105,211.39931372252136,-56.45056880551049
31.5769,31.5769,214.0,211.84331181900757,211.41086014396683,-35.463311819007565
31.5964,31.5964,228.0,211.8562025907981,211.42254307578767,-21.47620259079809
31.6159,31.6159,197.0,211.8691758604769,211.43430284186235,-52.4891758604769
31.6353,31.6353,223.0,211.88216372108312,211.44607819260807,-26.502163721083114
31.6548,31.6548,200.0,211.89529987661518,211.4579901691143,-49.51529987661518
31.6742,31.6742,197.0,211.90844931042366,211.46991624600778,-52.52844931042366
31.6937,31.6937,231.0,211.92174710842204,211.48197901947026,-18.541747108422037
31.7131,31.7131,218.0,211.93505677626473,211.49405441869848,-31.555056776264728
31.7326,31.7326,228.0,211.94851506778897,211.50626658049285,-21.568515067788972
31.7521,31.7521,255.0,211.96205333174268,211.51855309994326,5.417946668257322
31.7715,31.7715,219.0,211.97560128888074,211.53085004941232,-30.595601288880736
31.791,31.791,208.0,211.98929796968557,211.54328385154145,-41.609297969685564
31.8104,31.8104,211.0,212.00300299061055,211.55572663311335,-38.62300299061055
31.8299,31.8299,244.0,212.01685707224382,211.56830632140228,-5.636857072243821
31.8493,31.8493,177.0,212.03071787607757,211.58089354812245,-72.65071787607758
31.8688,31.8688,215.0,212.04472816151883,211.59361773088057,-34.66472816151883
31.8883,31.8883,197.0,212.05881588836314,211.60641382443796,-52.67881588836314
31.9077,31.9077,217.0,212.07290846782342,211.61921531095342,-32.69290846782342
31.9272,31.9272,222.0,212.08715056604962,211.632153818707,-27.707150566049613
31.9466,31.9466,185.0,212.10139579970092,211.64509630220758,-64.72139579970093
31.9661,31.9661,221.0,212.11579094042224,211.65817584451568,-28.73579094042224
31.9855,31.9855,212.0,212.13018773159146,211.6712579548262,-37.75018773159146
32.005,32.005,208.0,212.14473444369722,211.68447715685303,-41.764734443697215
32.0245,32.0245,203.0,212.15935678101417,211.69776585242477,-46.779356781014165
32.0439,32.0439,219.0,212.17397879170235,211.7110550202855,-30.79397879170235
32.0634,32.0634,214.0,212.18875119233707,211.72448132056417,-35.80875119233706
32.0828,32.0828,195.0,212.20352177144474,211.7379067089439,-54.82352177144474
32.1023,32.1023,210.0,212.21844280123676,211.75146925108626,-39.83844280123676
32.1217,32.1217,217.0,212.2333607507015,211.7650295065106,-32.853360750701505
32.1412,32.1412,204.0,212.24842900301283,211.7787269324564,-45.86842900301283
32.1607,32.1607,233.0,212.26357103130172,211.7924914641562,-16.88357103130172
32.1801,32.1801,212.0,212.27870791118715,211.80625166267262,-37.89870791118715
32.1996,32.1996,236.0,212.29399558538196,211.82014904830683,-13.913995585381961
32.219,32.219,198.0,212.30927688214499,211.834040749252,-51.92927688214498
32.2385,32.2385,192.0,212.32470904921036,211.84806964269654,-57.94470904921035
32.2579,32.2579,207.0,212.34013349470692,211.8620915092185,-42.960133494706916
32.2774,32.2774,183.0,212.35570899345865,211.87625056910971,-66.97570899345865
32.2969,32.2969,199.0,212.3713560256906,211.89047437628855,-50.9913560256906
32.3163,32.3163,226.0,212.38699333354216,211.9046891588179,-24.006993333542162
32.3358,32.3358,221.0,212.40278173368634,211.91904112759838,-29.022781733686337
32.3552,32.3552,244.0,212.4185594135011,211.93338275256707,-6.038559413501098
32.3747,32.3747,216.0,212.43448839739355,211.9478615534651,-34.05448839739355
32.3941,32.3941,182.0,212.45040513291306,211.96232870056463,-68.07040513291307
32.4136,32.4136,218.0,212.46647358793535,211.97693300883407,-32.08647358793535
32.4331,32.4331,217.0,212.48261121837774,211.99159973511092,-33.10261121837774
32.4525,32.4525,189.0,212.4987347924239,212.00625285809303,-61.1187347924239
32.472,32.472,230.0,212.5150100875243,212.02104311180142,-20.1350100875243
32.4914,32.4914,214.0,212.53126997306632,212.03581847505873,-36.15126997306631
32.5109,32.5109,218.0,212.54768188746715,212.0507309432756,-32.16768188746715
32.5303,32.5303,193.0,212.56407701025526,212.06562724296444,-57.18407701025526
32.5498,32.5498,195.0,212.58062412936602,212.0806606174823,-55.20062412936601
32.5693,32.5693,218.0,212.59723869417786,212.09575410977433,-32.21723869417786
32.5887,32.5887,226.0,212.61383470961192,212.1108295317672,-24.23383470961192
32.6082,32.6082,219.0,212.6305831543073,212.1260419752068,-31.250583154307286
32.6276,32.6276,209.0,212.6473116219109,212.14123509286046,-41.267311621910885
32.6471,32.6471,188.0,212.66419266226796,212.15656519100648,-62.28419266226796
32.6665,32.6665,209.0,212.68105249227077,212.1718747168634,-41.30105249227076
32.686,32.686,223.0,212.69806482808727,212.18732117796762,-27.318064828087266
32.7055,32.7055,222.0,212.71514277217992,212.20282548552123,-28.335142772179914
32.7249,32.7249,214.0,212.73219780310188,212.21830736623662,-36.35219780310188
32.7444,32.7444,202.0,212.74940564348216,212.23392610626283,-48.36940564348216
32.7638,32.7638,207.0,212.76658949626042,212.24952119529894,-43.38658949626042
32.7833,32.7833,214.0,212.78392607570336,212.26525308775948,-36.40392607570336
32.8027,32.8027,222.0,212.80123745023903,212.2809601139664,-28.421237450239026
32.8222,32.8222,221.0,212.81870178672787,212.29680388349334,-29.43870178672787
32.8416,32.8416,183.0,212.83613970460075,212.31262158036418,-67.45613970460076
32.8611,32.8611,194.0,212.85373096245814,212.32857595625347,-56.47373096245814
32.8806,32.8806,214.0,212.8713850050057,212.3445853008046,-36.49138500500569
32.9,32.9,204.0,212.88901113741997,212.3605667781231,-46.50901113741997
32.9195,32.9195,223.0,212.9067904222812,212.37668483008963,-27.526790422281202
32.9389,32.9389,203.0,212.92454036003937,212.39277383046664,-47.54454036003937
32.9584,32.9584,234.0,212.94244397447778,212.4089993307819,-16.56244397447778
32.9778,32.9778,212.0,212.96031691426364,212.4251946039169,-38.58031691426364
32.9973,32.9973,208.0,212.97834337178202,212.44152629815545,-42.598343371782015
33.0168,33.0168,207.0,212.99643117205778,212.45791075528308,-43.61643117205778
33.0362,33.0362,214.0,213.01448685952738,212.47426323673346,-36.63448685952738
33.0557,33.0557,200.0,213.03269634797454,212.49075201323396,-50.65269634797453
33.0751,33.0751,218.0,213.05087240583433,212.50720766027527,-32.670872405834324
33.0946,33.0946,195.0,213.06920249451431,212.52379951330406,-55.68920249451431
33.114,33.114,216.0,213.0874980197502,212.54035709176358,-34.7074980197502
33.1335,33.1335,224.0,213.10594732591136,212.55705078309472,-26.725947325911356
33.153,33.153,231.0,213.12445657369958,212.57379505999452,-19.744456573699573
33.1724,33.1724,206.0,213.14292953898217,212.59050335941134,-44.76292953898217
33.1919,33.1919,206.0,213.1615569113946,212.60734762434083,-44.781556911394595
33.2113,33.2113,207.0,213.1801469202375,212.62415478825045,-43.80014692023749
33.2308,33.2308,215.0,213.19889114952292,212.64109781450819,-35.81889114952292
33.2502,33.2502,189.0,213.21759723020236,212.6580026247868,-61.837597230202356
33.2697,33.2697,207.0,213.23645769544854,212.67504319026727,-43.85645769544853
33.2892,33.2892,220.0,213.25537620431538,212.6921321923097,-30.87537620431538
33.3086,33.3086,206.0,213.2742546498967,212.70918132054805,-44.8942546498967
33.3281,33.3281,216.0,213.29328772454613,212.7263660356996,-34.91328772454613
33.3475,33.3475,235.0,213.31227989871022,212.74350978342645,-15.932279898710213
33.367,33.367,200.0,213.33142676798383,212.76078900104955,-50.951426767983826
33.3864,33.3864,224.0,213.35053169945797,212.77802616611157,-26.970531699457972
33.4059,33.4059,226.0,213.36979166934677,212.79539868014228,-24.989791669346765
33.4254,33.4254,234.0,213.38910760172897,212.8128175099029,-17.009107601728964
33.4448,33.4448,235.0,213.40838010584858,212.83019267387425,-16.028380105848576
33.4643,33.4643,206.0,213.42780761518617,212.84770299796915,-45.047807615186166
33.4837,33.4837,191.0,213.44719071757459,212.86516859224307,-60.06719071757458
33.5032,33.5032,210.0,213.4667289326449,212.88276921601962,-41.08672893264491
33.5226,33.5226,236.0,213.4862215022226,212.9003240543346,-15.106221502222603
33.5421,33.5421,211.0,213.5058692952696,212.91801378769105,-40.1258692952696
33.5616,33.5616,246.0,213.5255717229232,212.9357477439814,-5.1455717229231865
33.581,33.581,218.0,213.54522737648153,212.953434345689,-33.16522737648153
33.6005,33.6005,198.0,213.56503827307208,212.97125563340757,-53.185038273072074
33.6199,33.6199,183.0,213.58480110801585,212.98902853177492,-68.20480110801586
33.6394,33.6394,218.0,213.60471972142827,213.006935972175,-33.224719721428265
33.6588,33.6588,218.0,213.62458911103374,213.02479399675354,-33.24458911103374
33.6783,33.6783,205.0,213.64461403326487,213.04278641561658,-46.26461403326487
33.6978,33.6978,205.0,213.66469237059303,213.06082099251475,-46.28469237059303
33.7172,33.7172,239.0,213.68472010871514,213.0788046280892,-12.304720108715138
33.7367,33.7367,209.0,213.70490385258836,213.09692242910157,-42.324903852588356
33.7561,33.7561,217.0,213.72503620842213,213.11498828296047,-34.34503620842212
33.7756,33.7756,232.0,213.74532436853946,213.13318814516697,-19.365324368539454
33.795,33.795,214.0,213.76556024224814,213.15133506259622,-37.38556024224814
33.8145,33.8145,202.0,213.78595220281818,213.1696158275826,-49.40595220281818
33.834,33.834,214.0,213.8063960603151,213.18793671346364,-37.426396060315106
33.8534,33.8534,224.0,213.82678601549307,213.20620317219866,-27.446786015493068
33.8729,33.8729,221.0,213.84733217474067,213.224603230195,-30.46733217474067
33.8923,33.8923,245.0,213.86782379578352,213.2429478838313,-6.48782379578352
33.9118,33.9118,209.0,213.888471687596,213.2614259667706,-42.50847168759599
33.9312,33.9312,215.0,213.90906408462808,213.27984767624972,-36.52906408462808
33.9507,33.9507,194.0,213.9298133157636,213.29840264144275,-57.54981331576359
33.9702,33.9702,220.0,213.95061252946147,213.31699571800962,-31.570612529461464
33.9896,33.9896,237.0,213.97135488982425,213.3355309813975,-14.591354889824252
34.0091,34.0091,228.0,213.99225401457232,213.35419923311895,-23.612254014572322
34.0285,34.0285,215.0,214.01309553282658,213.37280872274164,-36.63309553282658
34.048,34.048,219.0,214.03409374740562,213.39155101811397,-32.65409374740562
34.0674,34.0674,222.0,214.0550332200676,213.4102336104899,-29.675033220067597
34.0869,34.0869,228.0,214.07612994036765,213.42904882247,-23.696129940367648
34.1064,34.1064,238.0,214.09727541386826,213.44790016378403,-13.717275413868258
34.1258,34.1258,242.0,214.11836114529825,213.46669040455114,-9.73836114529825
34.1453,34.1453,224.0,214.139603983167,213.48561297882043,-27.759603983167004
34.1647,34.1647,208.0,214.16078597517853,213.5044735315971,-43.780785975178524
34.1842,34.1842,207.0,214.1821256372073,213.52346622290753,-44.80212563720729
34.2036,34.2036,232.0,214.20340332343434,213.5423959797106,-19.82340332343434
34.2231,34.2231,222.0,214.22483860004075,213.56145767658586,-29.844838600040752
34.2426,34.2426,227.0,214.24632164996473,213.58055354809719,-24.866321649964725
34.262,34.262,215.0,214.26774176005168,213.59958512923984,-36.887741760051675
34.2815,34.2815,213.0,214.28931986081622,213.61874834599172,-38.90931986081622
34.3009,34.3009,198.0,214.31083401158236,213.63784637908438,-53.930834011582355
34.3204,34.3204,218.0,214.3325060832417,213.65707584067306,-33.952506083241694
34.3398,34.3398,220.0,214.3541138070002,213.67623923315233,-31.9741138070002
34.3593,34.3593,210.0,214.37587920819013,213.69553384358946,-41.995879208190125
34.3788,34.3788,213.0,214.39769180187187,213.71486070116796,-39.01769180187187
34.3982,34.3982,228.0,214.41943830034245,213.73412017498777,-24.039438300342447
34.4177,34.4177,244.0,214.44134316288313,213.75351054429964,-8.061343162883126
34.4371,34.4371,219.0,214.46318153687497,213.77283266390032,-33.08318153687497
34.4566,34.4566,221.0,214.48517826919414,213.7922854599733,-31.105178269194134
34.476,34.476,216.0,214.50710793723687,213.81166914813235,-36.127107937236865
34.4955,34.4955,205.0,214.52919630917825,213.83118329038695,-47.149196309178244
34.515,34.515,187.0,214.5513300456069,213.8507277793527,-65.17133004560691
34.5344,34.5344,238.0,214.573395490332,213.8702018864921,-14.193395490331987
34.5539,34.5539,222.0,214.59561991348136,213.88980610761496,-30.215619913481355
34.5733,34.5733,209.0,214.61777508426593,213.909339107981,-43.23777508426593
34.5928,34.5928,249.0,214.64008935845533,213.9290019916409,-3.2600893584553248
34.6122,34.6122,226.0,214.662333683273,213.94859282327337,-26.282333683273002
34.6317,34.6317,232.0,214.6847376356458,213.96831330422054,-20.3047376356458
34.6512,34.6512,208.0,214.70718566136836,213.9880622583744,-44.327185661368354
34.6706,34.6706,210.0,214.72956312627215,214.0077379268526,-42.34956312627215
34.6901,34.6901,223.0,214.75209995737916,214.0275428872412,-29.372099957379156
34.7095,34.7095,203.0,214.77456509092107,214.0472737497311,-49.39456509092107
34.729,34.729,217.0,214.79719036112778,214.0671336620076,-35.41719036112777
34.7484,34.7484,213.0,214.8197429047402,214.0869186717329,-39.43974290474019
34.7679,34.7679,203.0,214.84245542331394,214.1068324858981,-49.46245542331393
34.7874,34.7874,210.0,214.8652117620151,214.12677292655243,-42.48521176201509
34.8068,34.8068,203.0,214.8878946078601,214.1466372708006,-49.50789460786009
34.8263,34.8263,206.0,214.9107380754923,214.16663004514427,-46.5307380754923
34.8457,34.8457,214.0,214.9335072015094,214.1865459372534,-38.5535072015094
34.8652,34.8652,222.0,214.9564367568446,214.20659000613375,-30.576436756844593
34.8846,34.8846,205.0,214.97929183256062,214.2265564144324,-47.59929183256062
34.9041,34.9041,224.0,215.00230728538415,214.24665074302195,-28.622307285384146
34.9236,34.9236,177.0,215.02536618975995,214.26676987803117,-75.64536618975995
34.943,34.943,207.0,215.0483490436489,214.28681019792822,-45.668349043648895
34.9625,34.9625,201.0,215.0714930958322,214.30697804718167,-51.69149309583221
34.9819,34.9819,234.0,215.0945607821494,214.32706632157738,-18.714560782149384
35.0014,35.0014,198.0,215.11778956607543,214.34728186103746,-54.73778956607543
35.0208,35.0208,230.0,215.14094192009242,214.36741707328676,-22.760941920092414
35.0403,35.0403,230.0,215.1642555908644,214.3876792832185,-22.784255590864397
35.0598,35.0598,228.0,215.18761158382418,214.40796450600965,-24.807611583824176
35.0792,35.0792,227.0,215.21088981777297,214.42816828591782,-25.830889817772963
35.0987,35.0987,214.0,215.23432989765786,214.44849865633142,-38.854329897657855
35.1181,35.1181,216.0,215.25769140766502,214.46874684988907,-36.87769140766502
35.1376,35.1376,221.0,215.28121527154101,214.48912135892357,-31.901215271541012
35.157,35.157,215.0,215.30465997248027,214.50941296443332,-37.92465997248026
35.1765,35.1765,216.0,215.32826765262814,214.5298306073671,-36.94826765262814
35.196,35.196,215.0,215.35191650396317,214.55026949597055,-37.971916503963165
35.2154,35.2154,210.0,215.37548577119267,214.57062440377106,-42.99548577119267
35.2349,35.2349,226.0,215.39921788997466,214.59110492592168,-27.019217889974662
35.2543,35.2543,224.0,215.42286949700383,214.61150075876014,-29.042869497003828
35.2738,35.2738,202.0,215.4466848951344,214.63202192041322,-51.06668489513441
35.2932,35.2932,239.0,215.47041873584536,214.65245769146125,-14.090418735845354
35.3127,35.3127,229.0,215.49431628011453,214.67301850282954,-24.11431628011453
35.3322,35.3322,198.0,215.51825509871148,214.6935988189097,-55.138255098711475
35.3516,35.3516,211.0,215.54211209389572,214.71409270503813,-42.16211209389572
35.3711,35.3711,217.0,215.56613367624578,214.73471119285963,-36.18613367624578
35.3905,35.3905,196.0,215.59007244484985,214.7552425673768,-57.21007244484985
35.41,35.41,214.0,215.6141756199796,214.77589824777291,-39.23417561997959
35.4294,35.4294,231.0,215.63819643293863,214.79646613864062,-22.258196432938625
35.4489,35.4489,222.0,215.66238118150838,214.81715803667942,-31.282381181508377
35.4684,35.4684,222.0,215.68660785078353,214.83786772456506,-31.30660785078353
35.4878,35.4878,246.0,215.71075048884236,214.85848862104706,-7.330750488842362
35.5073,35.5073,231.0,215.73505854574915,214.87923307086115,-22.355058545749152
35.5267,35.5267,216.0,215.7592825882116,214.89988807076932,-37.37928258821159
35.5462,35.5462,204.0,215.78367231337708,214.9206663181438,-49.40367231337708
35.5656,35.5656,212.0,215.80797762416458,214.94135446415177,-41.427977624164576
35.5851,35.5851,236.0,215.83244892709757,214.96216554893084,-17.45244892709757
35.6045,35.6045,244.0,215.8568352862668,214.98288588789947,-9.476835286266798
35.624,35.624,201.0,215.88138851535177,215.00372885413304,-52.50138851535177
35.6435,35.6435,199.0,215.90598225363914,215.02458744367948,-54.525982253639135
35.6629,35.6629,223.0,215.93049036601172,215.04535433304153,-30.550490366011722
35.6824,35.6824,201.0,215.9551657003237,215.06624337677093,-52.5751657003237
35.7018,35.7018,218.0,215.9797549312573,215.08704009331453,-35.5997549312573
35.7213,35.7213,218.0,216.0045122763832,215.10795864576826,-35.62451227638319
35.7407,35.7407,226.0,216.0291826950055,215.12878425096488,-27.649182695005486
35.7602,35.7602,222.0,216.05402120353614,215.14973137086736,-31.674021203536135
35.7797,35.7797,203.0,216.07890068831662,215.17069245833497,-50.69890068831662
35.7991,35.7991,230.0,216.10369312980473,215.1915596805993,-23.723693129804722
35.8186,35.8186,254.0,216.1286547871112,215.21254793023246,0.2513452128888005
35.838,35.838,210.0,216.15352864681597,215.23344171181733,-43.77352864681597
35.8575,35.8575,224.0,216.1785717363364,215.2544561927754,-29.798571736336406
35.8769,35.8769,234.0,216.2035271932726,215.27537560968418,-19.823527193272604
35.8964,35.8964,230.0,216.22865232711288,215.29641539528703,-23.84865232711288
35.9159,35.9159,221.0,216.25381912736682,215.3174675183441,-32.87381912736682
35.9353,35.9353,242.0,216.2788973916028,215.33842369538058,-11.898897391602809
35.9548,35.9548,217.0,216.30414597571732,215.35949973966882,-36.924145975717316
35.9742,35.9742,189.0,216.32930659650785,215.3804792589467,-64.94930659650785
35.9937,35.9937,215.0,216.35463773079448,215.4015783081644,-38.97463773079448
36.0131,36.0131,250.0,216.37988032908012,215.42258026014014,-3.9998803290801206
36.0326,36.0326,232.0,216.40529436993003,215.4437014021236,-22.02529436993003
36.0521,36.0521,245.0,216.43075015589534,215.46483327694867,-9.050750155895336
36.0715,36.0715,221.0,216.45611720076627,215.48586720808424,-33.07611720076627
36.091,36.091,216.0,216.4816561810616,215.5070198140122,-38.10165618106159
36.1104,36.1104,209.0,216.50710583507285,215.5280739208163,-45.12710583507285
36.1299,36.1299,193.0,216.53272847677047,215.5492463560054,-61.15272847677047
36.1493,36.1493,231.0,216.55826147559065,215.57031974330897,-23.178261475590652
36.1688,36.1688,226.0,216.58396866987653,215.59151111003283,-28.203968669876524
36.1883,36.1883,222.0,216.60971764217172,215.61271163034507,-32.229717642171714
36.2077,36.2077,206.0,216.63537672253835,215.63381229139918,-48.25537672253835
36.2272,36.2272,219.0,216.66121054826405,215.65503040321545,-35.28121054826405
36.2466,36.2466,227.0,216.68695392504557,215.67614812359602,-27.30695392504557
36.2661,36.2661,221.0,216.71287344053516,215.69738293945542,-33.33287344053516
36.2855,36.2855,182.0,216.73870196133262,215.7185168382893,-72.35870196133263
36.305,36.305,223.0,216.76470657227205,215.7397674748237,-31.384706572272044
36.3245,36.3245,201.0,216.79075434448342,215.76102571091366,-53.410754344483415
36.3439,36.3439,196.0,216.8167115588471,215.7821822532339,-58.43671155884709
36.3634,36.3634,213.0,216.84284657589438,215.8034549914815,-41.46284657589438
36.3828,36.3828,216.0,216.86889020273438,215.82462552674167,-38.488890202734375
36.4023,36.4023,210.0,216.89511179260717,215.8459118939878,-44.515111792607165
36.4217,36.4217,209.0,216.92124295700617,215.86709555553185,-45.54124295700617
36.4412,36.4412,211.0,216.9475523130002,215.88839468268748,-43.567552313000185
36.4607,36.4607,218.0,216.97390648981715,215.9096998804478,-36.59390648981715
36.4801,36.4801,221.0,217.00016935231358,215.9309016299455,-33.620169352313575
36.4996,36.4996,197.0,217.02661225460804,215.95221829049274,-57.64661225460804
36.519,36.519,241.0,217.05296459417673,215.97343101622377,-13.672964594176726
36.5385,36.5385,231.0,217.07949718219578,215.99475828062137,-23.699497182195778
36.5579,36.5579,222.0,217.10593874488922,216.01598113006827,-32.72593874488921
36.5774,36.5774,187.0,217.13256203665082,216.03731814342734,-67.75256203665083
36.5969,36.5969,243.0,217.1592315228513,216.05865972338322,-11.779231522851283
36.6163,36.6163,242.0,217.18580959806482,216.07989617956912,-12.805809598064819
36.6358,36.6358,206.0,217.2125705785815,216.10124623263982,-48.8325705785815
36.6552,36.6552,243.0,217.23924046087888,216.12249069775703,-11.859240460878873
36.6747,36.6747,224.0,217.26609454449095,216.14384837914974,-30.886094544490952
36.6941,36.6941,210.0,217.2928574336123,216.1651000147406,-44.91285743361231
36.7136,36.7136,228.0,217.31980599617268,216.18646448368733,-26.939805996172673
36.7331,36.7331,211.0,217.34680156483583,216.20783204002714,-43.966801564835826
36.7525,36.7525,218.0,217.37370613529217,216.22909287504692,-36.993706135292165
36.772,36.772,213.0,217.40079718582442,216.2504659642514,-42.020797185824414
36.7914,36.7914,220.0,217.42779738266182,216.2717318900295,-35.04779738266182
36.8109,36.8109,238.0,217.45498602080409,216.29310968137037,-17.074986020804083
36.8303,36.8303,212.0,217.48208313160504,216.31437987343034,-43.102083131605035
36.8498,36.8498,214.0,217.5093691352597,216.33576154018164,-41.1293691352597
36.8693,36.8693,224.0,217.53670471630474,216.35714483978774,-31.156704716304738
36.8887,36.8887,224.0,217.56395018627134,216.3784198974574,-31.18395018627134
36.9082,36.9082,225.0,217.59138605860986,216.39980583882308,-30.211386058609854
36.9276,36.9276,190.0,217.61873129631522,216.42108311793186,-65.23873129631522
36.9471,36.9471,214.0,217.646268244511,216.44247088431416,-41.26626824451099
36.9665,36.9665,203.0,217.67371568752128,216.46374957428804,-52.29371568752128
36.986,36.986,225.0,217.70135562514918,216.4851383529239,-30.321355625149174
37.0055,37.0055,229.0,217.7290475428483,216.50652733440302,-26.34904754284829
37.0249,37.0249,223.0,217.75664977839216,216.52780662924488,-32.37664977839216
37.0444,37.0444,225.0,217.7844471380393,216.5491954102466,-30.404447138039295
37.0638,37.0638,201.0,217.8121552376891,216.57047410578656,-54.432155237689095
37.0833,37.0833,248.0,217.8400591578142,216.59186188347428,-7.460059157814207
37.1027,37.1027,238.0,217.86787388397144,216.61313918296204,-17.48787388397144
37.1222,37.1222,208.0,217.89588648542556,216.63452515845654,-47.51588648542556
37.1417,37.1417,217.0,217.92395487963464,216.6559099311704,-38.54395487963463
37.1611,37.1611,218.0,217.95193366826726,216.6771836474485,-37.571933668267256
37.1806,37.1806,229.0,217.9801125501983,216.69856542603927,-26.600112550198297
37.2,37.2,241.0,218.0082031030561,216.71983577057713,-14.628203103056101
37.2195,37.2195,248.0,218.0364951026608,216.74121376603557,-7.656495102660806
37.2389,37.2389,217.0,218.06469910656148,216.76247995582807,-38.684699106561474
37.2584,37.2584,209.0,218.09310721068806,216.7838533830796,-46.71310721068806
37.2779,37.2779,229.0,218.12157297571488,216.80522422617585,-26.74157297571488
37.2973,37.2973,225.0,218.14995148586985,216.82648271693134,-30.769951485869846
37.3168,37.3168,215.0,218.1785356158994,216.84784782057324,-40.79853561589939
37.3362,37.3362,221.0,218.20703317346863,216.8691002151774,-34.82703317346863
37.3557,37.3557,235.0,218.23573848809983,216.8904588041039,-20.855738488099824
37.3751,37.3751,229.0,218.2643569092829,216.9117043332183,-26.884356909282893
37.3946,37.3946,215.0,218.29318453906853,216.9330556360804,-40.91318453906853
37.4141,37.4141,226.0,218.32207477753022,216.95440299752295,-29.942074777530216
37.4335,37.4335,201.0,218.3508803699714,216.97563678360987,-54.970880369971404
37.453,37.453,229.0,218.37989734587165,216.99697570830426,-26.999897345871652
37.4724,37.4724,200.0,218.40882923583774,217.01820072158083,-56.02882923583774
37.4919,37.4919,225.0,218.43797599086426,217.03953044793528,-31.057975990864257
37.5113,37.5113,228.0,218.46703818903043,217.06074593265075,-28.08703818903043
37.5308,37.5308,206.0,218.4963161459691,217.0820657029628,-50.1163161459691
37.5503,37.5503,232.0,218.52566133471768,217.10338019856232,-24.14566133471768
37.5697,37.5697,222.0,218.55492329562267,217.12457996768327,-34.17492329562267
37.5892,37.5892,231.0,218.58440557261412,217.1458833770016,-25.204405572614114
37.6086,37.6086,211.0,218.61380467744158,217.1670717441296,-45.233804677441576
37.6281,37.6281,208.0,218.64342522984666,217.188363319165,-48.26342522984665
37.6475,37.6475,220.0,218.67296413873737,217.20953954205834,-36.29296413873737
37.667,37.667,227.0,218.70272697384684,217.23081853867595,-29.322726973846834
37.6865,37.6865,217.0,218.73256336670457,217.25209095112075,-39.352563366704565
37.7059,37.7059,219.0,218.7623184721629,217.2732475568624,-37.382318472162886
37.7254,37.7254,220.0,218.79230115008858,217.29450628097692,-36.412301150088574
37.7448,37.7448,212.0,218.82220446070977,217.31564890274382,-44.44220446070977
37.7643,37.7643,218.0,218.85233764717523,217.3368932040372,-38.47233764717523
37.7837,37.7837,203.0,218.88239332714915,217.35802111301825,-53.50239332714914
37.8032,37.8032,226.0,218.9126813469427,217.379250260844,-30.532681346942688
37.8227,37.8227,230.0,218.94304754707412,217.40047153873064,-26.563047547074113
37.8421,37.8421,220.0,218.9733372515999,217.42157599959918,-36.5933372515999
37.8616,37.8616,214.0,219.0038634086486,217.4427810343133,-42.62386340864861
37.881,37.881,220.0,219.03431521565363,217.46386897615093,-36.65431521565363
37.9005,37.9005,207.0,219.06500544412722,217.4850570466336,-49.68500544412722
37.9199,37.9199,215.0,219.0956213562824,217.5061277539811,-41.715621356282405
37.9394,37.9394,236.0,219.12647941165136,217.5272981429952,-20.746479411651357
37.9589,37.9589,204.0,219.1574236647904,217.54845939985898,-52.7774236647904
37.9783,37.9783,227.0,219.1882964935053,217.5695028983159,-29.808296493505303
37.9978,37.9978,212.0,219.21941525117504,217.59064540409497,-44.83941525117503
38.0172,38.0172,207.0,219.25046299328397,217.61166989511497,-49.87046299328397
38.0367,38.0367,206.0,219.28176211599518,217.6327929421033,-50.901762115995176
38.0561,38.0561,238.0,219.31299052639642,217.65379772350022,-18.932990526396416
38.0756,38.0756,208.0,219.34447244147273,217.67490060779096,-48.96447244147273
38.0951,38.0951,208.0,219.37604848893932,217.69599312113664,-48.996048488939316
38.1145,38.1145,224.0,219.40755714524016,217.7169670026341,-33.02755714524016
38.134,38.134,215.0,219.43932612797053,217.73803830363622,-42.05932612797053
38.1534,38.1534,231.0,219.4710279532542,217.75899073566538,-26.091027953254205
38.1729,38.1729,225.0,219.5029921108956,217.78004012989163,-32.1229921108956
38.1923,38.1923,209.0,219.53489247768053,217.8009704234608,-48.15489247768053
38.2118,38.2118,222.0,219.5670591057072,217.82199722025538,-35.187059105707185
38.2313,38.2313,210.0,219.59933060754577,217.84301243058766,-47.219330607545764
38.2507,38.2507,226.0,219.63153942991218,217.8639082026045,-31.251539429912178
38.2702,38.2702,205.0,219.66402066586855,217.88489978571062,-52.284020665868546
38.2896,38.2896,204.0,219.6964424902917,217.90577171232695,-53.3164424902917
38.3091,38.3091,192.0,219.72914068450382,217.92673898696938,-65.34914068450382
38.3285,38.3285,222.0,219.76178280226753,217.94758639230926,-35.38178280226753
38.348,38.348,244.0,219.79470461546913,217.96852868100444,-13.414704615469127
38.3675,38.3675,250.0,219.8277407997971,217.9894581908586,-7.44774079979711
38.3869,38.3869,228.0,219.86072357994163,218.01026752193548,-29.480723579941632
38.4064,38.4064,202.0,219.89399201177497,218.03117103578046,-55.51399201177497
38.4258,38.4258,226.0,219.92721110391307,218.05195417134843,-31.547211103913064
38.4453,38.4453,222.0,219.96072103822019,218.0728310210623,-35.58072103822018
38.4647,38.4647,238.0,219.99418141039155,218.09358729828256,-19.614181410391545
38.4842,38.4842,217.0,220.0279402595693,218.1144368194748,-40.6479402595693
38.5036,38.5036,220.0,220.06165127722377,218.13516557921767,-37.68165127722377
38.5231,38.5231,218.0,220.09566435092663,218.1559871112227,-39.71566435092662
38.5426,38.5426,218.0,220.12980848464102,218.17679436522596,-39.749808484641015
38.562,38.562,198.0,220.16390925972502,218.197480583932,-59.783909259725014
38.5815,38.5815,239.0,220.19832239380452,218.21825886388027,-18.818322393804515
38.6009,38.6009,246.0,220.23269351295798,218.23891593263698,-11.852693512957977
38.6204,38.6204,229.0,220.2673808197662,218.25966458715374,-28.8873808197662
38.6398,38.6398,223.0,220.3020307263197,218.2802918597674,-34.92203072631971
38.6593,38.6593,205.0,220.33700263531017,218.3010102411784,-52.95700263531017
38.6788,38.6788,217.0,220.37212258914127,218.32171320457405,-40.99212258914127
38.6982,38.6982,223.0,220.4072079895163,218.34229453946259,-35.027207989516306
38.7177,38.7177,226.0,220.44262476407124,218.36296626434617,-32.06262476407124
38.7371,38.7371,218.0,220.47801210049002,218.3835162028779,-40.09801210049002
38.7566,38.7566,232.0,220.5137373131478,218.4041560508077,-26.133737313147797
38.776,38.776,199.0,220.54943807859476,218.4246739596463,-59.16943807859476
38.7955,38.7955,221.0,220.58548220551467,218.44528129586038,-37.20548220551466
38.815,38.815,244.0,220.62168991310898,218.46587209672842,-14.241689913108978
38.8344,38.8344,216.0,220.65787682314397,218.48634073873706,-42.27787682314396
38.8539,38.8539,212.0,220.69442031690903,218.50689808182568,-46.31442031690903
38.8733,38.8733,233.0,220.7309467270663,218.52733312598883,-25.350946727066308
38.8928,38.8928,207.0,220.76783531966345,218.54785638571215,-51.387835319663445
38.9122,38.9122,225.0,220.8047111994137,218.5682572114721,-33.4247111994137
38.9317,38.9317,237.0,220.84195841296125,218.58874576590145,-21.461958412961245
38.9512,38.9512,243.0,220.879390677732,218.60921669019802,-15.499390677732002
38.9706,38.9706,223.0,220.9168152413995,218.6295649871933,-35.53681524139949
38.9901,38.9901,216.0,220.95462296777927,218.65000027935616,-42.57462296777927
39.0095,39.0095,209.0,220.9924289125544,218.67031282166047,-49.6124289125544
39.029,39.029,218.0,221.03062887424173,218.69071186888044,-40.650628874241725
39.0484,39.0484,198.0,221.06882983936774,218.71098804863615,-60.688829839367735
39.0679,39.0679,255.0,221.10743150368228,218.73135024173865,-3.7274315036822756
39.0874,39.0874,244.0,221.14624128847083,218.7516937323268,-14.76624128847083
39.1068,39.1068,198.0,221.18506162619383,218.77191418813962,-60.805061626193826
39.1263,39.1263,245.0,221.22429954429558,218.79221991687578,-13.844299544295573
39.1457,39.1457,208.0,221.26355143461626,218.81240250552023,-50.88355143461626
39.1652,39.1652,227.0,221.3032282486605,218.8326698722929,-31.9232282486605
39.1846,39.1846,209.0,221.342927211636,218.85281399853253,-49.96292721163601
39.2041,39.2041,206.0,221.38306172087857,218.8730424068423,-53.00306172087857
39.2236,39.2236,207.0,221.4234342447799,218.89325106252252,-52.04343424477991
39.243,39.243,211.0,221.4638353664577,218.91333633598407,-48.083835366457684
39.2625,39.2625,214.0,221.50468895301026,218.93350514445325,-45.124688953010256
39.2819,39.2819,243.0,221.54558004564052,218.95355048236132,-16.165580045640517
39.3014,39.3014,209.0,221.58693465866097,218.9736788561267,-50.20693465866096
39.3208,39.3208,237.0,221.62833603548623,218.99368367578742,-22.248336035486226
39.3403,39.3403,231.0,221.67021140472028,219.01377103094546,-28.290211404720274
39.3598,39.3598,209.0,221.7123549853271,219.03383760548633,-50.33235498532709
39.3792,39.3792,202.0,221.7545552279308,219.05378050946334,-57.374555227930806
39.3987,39.3987,213.0,221.7972501468571,219.07380519551663,-46.41725014685709
39.4181,39.4181,187.0,221.84000704126285,219.09370613937202,-72.46000704126286
39.4376,39.4376,220.0,221.8832732707004,219.11368836198432,-39.50327327070041
39.457,39.457,231.0,221.92661008442857,219.13354677548824,-28.546610084428572
39.4765,39.4765,220.0,221.97047318997494,219.15348596327306,-39.59047318997494
39.496,39.496,211.0,222.01464047575283,219.17340336444184,-48.634640475752825
39.5154,39.5154,213.0,222.05889111693966,219.1931968648724,-46.67889111693966
39.5349,39.5349,229.0,222.10368822047482,219.21307038008246,-30.72368822047482
39.5543,39.5543,213.0,222.14857810479504,219.23281993936482,-46.76857810479503
39.5738,39.5738,221.0,222.19403333611626,219.2526490061233,-38.81403333611626
39.5932,39.5932,216.0,222.23958843248028,219.27235406641284,-43.85958843248027
39.6127,39.6127,246.0,222.28572231490838,219.29213812577103,-13.905722314908381
39.6322,39.6322,228.0,222.33220855206693,219.3118994143645,-31.952208552066928
39.6516,39.6516,222.0,222.378812945611,219.33153662929337,-37.998812945611
39.6711,39.6711,219.0,222.42602630266055,219.35125207798566,-41.04602630266054
39.6905,39.6905,235.0,222.4733661163125,219.37084341400586,-25.093366116312488
39.71,39.71,215.0,222.5213299518644,219.39051247268534,-45.1413299518644
39.7294,39.7294,209.0,222.5694349843055,219.41005738425895,-51.1894349843055
39.7489,39.7489,215.0,222.61818735475205,219.42967950633584,-45.23818735475205
39.7684,39.7684,197.0,222.66734485149107,219.44927789521054,-63.28734485149106
39.7878,39.7878,241.0,222.7166601010494,219.4687520938251,-19.336660101049397
39.8073,39.8073,214.0,222.76665252063975,219.48830273210794,-46.38665252063975
39.8267,39.8267,217.0,222.81682060541607,219.50772915704394,-43.43682060541607
39.8462,39.8462,228.0,222.8676848318845,219.5272315069256,-32.4876848318845
39.8656,39.8656,226.0,222.9187352846635,219.5466096248731,-34.53873528466351
39.8851,39.8851,218.0,222.9705092004432,219.56606315204348,-42.590509200443186
39.9046,39.9046,236.0,223.0227537420977,219.58549200514653,-24.642753742097703
39.924,39.924,197.0,223.07521151752334,219.60479660681216,-63.69521151752334
39.9435,39.9435,222.0,223.12842612680066,219.62417584160758,-38.74842612680066
39.9629,39.9629,202.0,223.18186615280973,219.64343081753992,-58.80186615280973
39.9824,39.9824,239.0,223.23609428681584,219.66275990844167,-21.85609428681584
40.0018,40.0018,226.0,223.29056421438545,219.68196473748017,-34.91056421438545
40.0213,40.0213,210.0,223.34585547700829,219.7012431623787,-50.96585547700828
40.0408,40.0408,199.0,223.40169039726607,219.72049599377857,-62.02169039726606
40.0602,40.0602,207.0,223.45779564365702,219.73962456707406,-54.07779564365702
40.0797,40.0797,195.0,223.51476223093835,219.7588259551486,-66.13476223093835
40.0991,40.0991,231.0,223.57201886566747,219.77790309309592,-30.19201886566747
40.1186,40.1186,201.0,223.6301740934706,219.79705252440317,-60.2501740934706
40.138,40.138,210.0,223.68863527298367,219.8160777179124,-51.30863527298367
40.1575,40.1575,237.0,223.7480246425593,219.83517468246438,-24.3680246425593
40.177,40.177,204.0,223.8080565375377,219.8542451553812,-57.42805653753771
40.1964,40.1964,232.0,223.86843651884232,219.8731914171347,-29.488436518842313
40.2159,40.2159,201.0,223.9297979541964,219.8922086641297,-60.5497979541964
40.2353,40.2353,226.0,223.99152658648367,219.91110172308447,-35.61152658648367
40.2548,40.2548,227.0,224.05427668041597,219.93006524278076,-34.674276680415964
40.2742,40.2742,219.0,224.11742755876415,219.94890460183876,-42.737427558764146
40.2937,40.2937,238.0,224.18163623097018,219.96781389629075,-23.801636230970182
40.3132,40.3132,213.0,224.24660266912403,219.98669582212705,-48.86660266912403
40.3326,40.3326,206.0,224.31200528133206,220.00545363645162,-55.93200528133206
40.3521,40.3521,253.0,224.37853828895848,220.02428059591386,-8.998538288958478
40.3715,40.3715,235.0,224.44554401229766,220.04298348187794,-27.065544012297657
40.391,40.391,207.0,224.51372151615197,220.06175498557525,-55.13372151615197
40.4104,40.4104,213.0,224.5823982401907,220.08040245799407,-49.20239824019071
40.4299,40.4299,227.0,224.6523036660867,220.09911801994434,-35.27230366608671
40.4494,40.4494,217.0,224.72310706908635,220.1178053573159,-45.34310706908635
40.4688,40.4688,262.0,224.79446829755946,220.1363687346447,-0.41446829755945913
40.4883,40.4883,227.0,224.86713364074382,220.15499940705746,-35.487133640743814
40.5077,40.5077,212.0,224.94038715300312,220.17350617207748,-50.56038715300311
40.5272,40.5272,232.0,225.01501039955167,220.1920797020474,-30.635010399551668
40.5466,40.5466,202.0,225.09026180855685,220.2105293814085,-60.710261808556844
40.5661,40.5661,229.0,225.1669529216876,220.22904529483782,-33.78695292168759
40.5856,40.5856,239.0,225.2447099452402,220.24753214860382,-23.8647099452402
40.605,40.605,226.0,225.32316137879795,220.2658952447262,-36.943161378797946
40.6245,40.6245,216.0,225.4031453781443,220.28432377653925,-47.0231453781443
40.6439,40.6439,226.0,225.48387676876115,220.30262861774247,-37.10387676876115
40.6634,40.6634,235.0,225.56621204525803,220.32099836194647,-28.186212045258024
40.6828,40.6828,228.0,225.64933645420018,220.33924448663635,-35.26933645420018
40.7023,40.7023,204.0,225.7341452497002,220.35755498093866,-59.35414524970019
40.7218,40.7218,199.0,225.82024599949125,220.3758356012326,-64.44024599949125
40.7412,40.7412,225.0,225.90723172585467,220.39399271632945,-38.52723172585467
40.7607,40.7607,248.0,225.99601866696034,220.41221339899005,-15.616018666960336
40.7801,40.7801,222.0,226.0857426749655,220.4303106576199,-41.7057426749655
40.7996,40.7996,232.0,226.1773680685284,220.44847094873978,-31.797368068528407
40.819,40.819,221.0,226.27000405570996,220.4665079009857,-42.89000405570996
40.8385,40.8385,224.0,226.36463092186608,220.48460734999847,-39.98463092186608
40.858,40.858,226.0,226.46082605967615,220.5026761312589,-38.08082605967615
40.8774,40.8774,222.0,226.5581306586307,220.52062170893814,-42.178130658630685
40.8969,40.8969,260.0,226.6575938608219,220.5386289779217,-4.277593860821888
40.9163,40.9163,228.0,226.75825376218287,220.5565131383732,-36.37825376218287
40.9358,40.9358,216.0,226.86117822949626,220.5744584528421,-48.48117822949626
40.9552,40.9552,227.0,226.96537364584398,220.5922807577476,-37.58537364584398
40.9747,40.9747,240.0,227.07196873892624,220.61016367878256,-24.691968738926242
40.9942,40.9942,257.0,227.18049784886213,220.62801515878346,-7.800497848862129
41.0136,41.0136,244.0,227.29042539348666,220.64574378511574,-20.910425393486655
41.0331,41.0331,215.0,227.40294433591347,220.66353221895616,-50.02294433591347
41.0525,41.0525,243.0,227.51701012935024,220.6811979078117,-22.137010129350237
41.072,41.072,218.0,227.63379264120275,220.69892286484452,-47.25379264120274
41.0914,41.0914,221.0,227.7522081406823,220.71652518942486,-44.37220814068231
41.1109,41.1109,210.0,227.87355035559216,220.73418624229888,-55.493550355592156
41.1304,41.1304,224.0,227.99726515984412,220.75181510118028,-41.617265159844116
41.1498,41.1498,232.0,228.12278707882723,220.76932150373474,-33.74278707882723
41.1693,41.1693,221.0,228.25146514457268,220.78688582305523,-44.871465144572674
41.1887,41.1887,231.0,228.38209303725503,220.80432780811998,-35.00209303725503
41.2082,41.2082,200.0,228.5161079822807,220.82182716874405,-66.13610798228069
41.2276,41.2276,214.0,228.65219217875966,220.83920432096198,-52.27219217875966
41.2471,41.2471,217.0,228.79187217738476,220.85663830702723,-49.41187217738476
41.2665,41.2665,224.0,228.93377983135795,220.8739502142945,-42.55377983135795
41.286,41.286,223.0,229.0794788718895,220.89131841320557,-43.699478871889504
41.3055,41.3055,227.0,229.22839857371403,220.90865347974935,-39.84839857371403
41.3249,41.3249,247.0,229.37981005678898,220.92586666908696,-19.99981005678898
41.3444,41.3444,225.0,229.5354235784499,220.94313533517254,-42.15542357844989
41.3638,41.3638,219.0,229.69372412491686,220.96028226297383,-48.31372412491685
41.3833,41.3833,223.0,229.85646912851587,220.97748412414882,-44.476469128515866
41.4027,41.4027,234.0,230.02218998980658,220.99456438965,-33.642189989806575
41.4222,41.4222,220.0,230.19261838074286,221.0116990447062,-47.812618380742855
41.4417,41.4417,237.0,230.3671479303004,221.02879986036683,-30.987147930300402
41.4611,41.4611,223.0,230.54493982952403,221.04577930133513,-45.16493982952402
41.4806,41.4806,248.0,230.72798037163048,221.06281231462617,-20.347980371630477
41.5,41.5,225.0,230.91463694553735,221.07972410497524,-43.53463694553735
41.5195,41.5195,229.0,231.10687506870585,221.0966889227751,-39.726875068705844
41.5389,41.5389,237.0,231.3029835392735,221.11353267300257,-31.922983539273496
41.5584,41.5584,219.0,231.50517314378766,221.1304289054113,-50.125173143787656
41.5779,41.5779,219.0,231.71260269009858,221.14729061126343,-50.332602690098575
41.5973,41.5973,248.0,231.92438776482288,221.16403148954987,-21.54438776482288
41.6168,41.6168,230.0,232.14288203341513,221.18082403069454,-39.76288203341513
41.6362,41.6362,233.0,232.36613036096747,221.19749590860994,-36.98613036096747
41.6557,41.6557,234.0,232.59667443446406,221.21421890317723,-36.21667443446406
41.6751,41.6751,257.0,232.8323361361381,221.2308214024021,-13.452336136138108
41.6946,41.6946,206.0,233.07586565247834,221.2474744717213,-64.69586565247835
41.7141,41.7141,255.0,233.32624936250642,221.26409234705145,-15.946249362506414
41.7335,41.7335,231.0,233.58252150753438,221.2805899857085,-40.20252150753438
41.753,41.753,232.0,233.8476309525925,221.2971373732899,-39.46763095259251
41.7724,41.7724,239.0,234.11911080758932,221.31356470088,-32.73911080758932
41.7919,41.7919,218.0,234.4001576105096,221.33004123001538,-54.02015761050961
41.8113,41.8113,223.0,234.68817563993844,221.34639787932306,-49.30817563993843
41.8308,41.8308,234.0,234.98650306344578,221.36280318249172,-38.60650306344578
41.8503,41.8503,229.0,235.29417891737512,221.37917264382864,-43.91417891737512
41.8697,41.8697,242.0,235.6098592313707,221.39542250230986,-31.229859231370703
41.8892,41.8892,221.0,235.93731046259805,221.41172019187655,-52.557310462598046
41.9086,41.9086,240.0,236.2735573683724,221.42789846737503,-33.89355736837239
41.9281,41.9281,225.0,236.6225547845959,221.44412402556767,-49.2425547845959
41.9475,41.9475,228.0,236.9814030188107,221.46023036189357,-46.60140301881071
41.967,41.967,231.0,237.3540964101033,221.47638343226245,-43.97409641010329
41.9865,41.9865,244.0,237.73961612215584,221.49250003240806,-31.359616122155835
42.0059,42.0059,238.0,238.1363661776996,221.50849770560325,-37.75636617769961
42.0254,42.0254,247.0,238.5491593755145,221.52454128869977,-29.169159375514504
42.0448,42.0448,222.0,238.97443818579717,221.54046614550148,-54.594438185797166
42.0643,42.0643,245.0,239.41723436104257,221.55643636295977,-32.03723436104257
42.0837,42.0837,252.0,239.8739202035931,221.57228805812483,-25.493920203593085
42.1032,42.1032,230.0,240.3500478116403,221.58818456448708,-47.970047811640306
42.1227,42.1227,247.0,240.84401927528896,221.6040439915466,-31.464019275288955
42.1421,42.1421,221.0,241.35440986739997,221.61978520881763,-57.97440986739996
42.1616,42.1616,228.0,241.88712316847813,221.63557041201548,-51.507123168478124
42.181,42.181,228.0,242.43801299045853,221.65123761771153,-52.05801299045853
42.2005,42.2005,217.0,243.0139273852257,221.6669482593939,-63.63392738522571
42.2199,42.2199,242.0,243.61003936615316,221.68254111914,-39.23003936615316
42.2394,42.2394,243.0,244.2339697394193,221.69817686476185,-38.853969739419306
42.2589,42.2589,244.0,244.883892055894,221.7137749411749,-38.50389205589399
42.2783,42.2783,242.0,245.55801406962786,221.72925556539127,-41.17801406962786
42.2978,42.2978,266.0,246.26493077559374,221.74477824931898,-17.884930775593737
42.3172,42.3172,259.0,246.9989520195806,221.76018370473295,-25.618952019580597
42.3367,42.3367,236.0,247.76972065747478,221.775630669378,-49.389720657474776
42.3561,42.3561,228.0,248.5711494927067,221.79096063240394,-58.19114949270669
42.3756,42.3756,262.0,249.4136816796705,221.8063315540551,-25.0336816796705
42.3951,42.3951,233.0,250.29596180207034,221.8216642356261,-54.915961802070335
42.4145,42.4145,257.0,251.21537293777877,221.83688026220034,-31.835372937778764
42.434,42.434,243.0,252.18439400221953,221.85213642057474,-46.80439400221953
42.4534,42.4534,250.0,253.19580349423805,221.86727615879767,-40.81580349423805
42.4729,42.4729,264.0,254.2632585525616,221.88245547795535,-27.883258552561607
42.4923,42.4923,257.0,255.3798373534139,221.8975186149521,-35.9998373534139
42.5118,42.5118,257.0,256.56005191680924,221.91262078193657,-37.18005191680924
42.5313,42.5313,268.0,257.8031848515952,221.92768415686527,-27.423184851595174
42.5507,42.5507,259.0,259.10643574728465,221.94263171278882,-37.72643574728465
42.5702,42.5702,244.0,260.48843799672477,221.9576174714451,-54.10843799672477
42.5896,42.5896,279.0,261.94033025086264,221.97248765687146,-20.56033025086264
42.6091,42.6091,241.0,263.4827056998747,221.9873954939334,-60.10270569987471
42.6285,42.6285,273.0,265.1066635605714,222.0021880066198,-29.726663560571403
42.648,42.648,244.0,266.8361599846403,222.01701761980644,-60.45615998464029
42.6675,42.6675,259.0,268.6707379831127,222.03180790771873,-47.2907379831127
42.6869,42.6869,266.0,270.60857394667926,222.04648325059733,-42.228573946679255
42.7064,42.7064,272.0,272.6791994583419,222.06119486651988,-38.29919945834188
42.7258,42.7258,282.0,274.87239773752754,222.075791793883,-30.492397737527533
42.7453,42.7453,291.0,277.2226071892061,222.09042444311308,-23.842607189206085
42.7647,42.7647,290.0,279.7181009110619,222.10494266327146,-27.33810091106192
42.7842,42.7842,292.0,282.3998026334613,222.11949605412454,-28.019802633461317
42.8037,42.8037,256.0,285.27053701182103,222.13400960510305,-66.89053701182104
42.8231,42.8231,270.0,288.3331821814201,222.1484091221924,-55.95318218142011
42.8426,42.8426,271.0,291.6398166826233,222.16284298254544,-58.25981668262329
42.862,42.862,293.0,295.1783762830636,222.1771630759533,-39.79837628306358
42.8815,42.8815,293.0,299.0120546680493,222.19151696151826,-43.6320546680493
42.9009,42.9009,276.0,303.12950106993554,222.20575735003004,-64.74950106993555
42.9204,42.9204,269.0,307.60608359546,222.2200309796399,-76.22608359546001
42.9399,42.9399,287.0,312.4607922008859,222.23426427325444,-63.08079220088592
42.9593,42.9593,345.0,317.7066388830625,222.24838448049567,-10.326638883062508
42.9788,42.9788,293.0,323.448050473998,222.262537101654,-68.06805047399803
42.9982,42.9982,322.0,329.68428462818116,222.27657691362444,-45.30428462818116
43.0177,43.0177,299.0,336.53862559424766,222.2906485886248,-75.15862559424767
43.0371,43.0371,318.0,344.01737828339395,222.30460773450596,-63.63737828339395
43.0566,43.0566,333.0,352.28483332140013,222.31859819261973,-56.904833321400126
43.0761,43.0761,351.0,361.4101495408488,222.33254783695799,-48.030149540848804
43.0955,43.0955,335.0,371.45602675901745,222.3463853780136,-74.07602675901745
43.115,43.115,361.0,382.67041200934267,222.36025340459275,-59.29041200934267
43.1344,43.1344,358.0,395.1020425315088,222.37400961508948,-74.7220425315088
43.1539,43.1539,377.0,409.07812284326724,222.3877957605897,-69.69812284326724
43.1733,43.1733,393.0,424.6946216789816,222.4014703800266,-69.31462167898161
43.1928,43.1928,391.0,442.39687503580615,222.41517438407865,-89.01687503580615
43.2123,43.2123,389.0,462.44874916099025,222.428837114777,-111.06874916099025
43.2317,43.2317,412.0,485.12364310118704,222.44238876006585,-110.74364310118705
43.2512,43.2512,455.0,511.13517988711703,222.45596896395338,-93.75517988711704
43.2706,43.2706,467.0,540.7850262250442,222.4694383794212,-111.40502622504425
43.2901,43.2901,523.0,575.0454185867345,222.48293580348079,-89.66541858673452
43.3095,43.3095,556.0,614.3236391218087,222.49632273886536,-95.9436391218087
43.329,43.329,596.0,659.9199079673489,222.50973713300806,-101.53990796734888
43.3485,43.3485,592.0,712.6224525032484,222.52310981228186,-158.2424525032484
43.3679,43.3679,631.0,773.1880749644035,222.53637245801536,-179.80807496440354
43.3874,43.3874,692.0,843.327650444838,222.54966173740078,-188.94765044483802
43.4068,43.4068,742.0,923.2630416887621,222.5628412898015,-218.8830416887621
43.4263,43.4263,839.0,1014.4567667570378,222.57604692650526,-213.07676675703783
43.4457,43.4457,881.0,1115.8445483778837,222.58914314547104,-272.4645483778837
43.4652,43.4652,991.0,1227.1287722625507,222.6022648996052,-273.7487722625507
43.4847,43.4847,1097.0,1344.4776329175515,222.61534451527962,-285.09763291755155
43.5041,43.5041,1181.0,1461.5887819477614,222.62831518249706,-318.2087819477614
43.5236,43.5236,1281.0,1571.5108398392235,222.64131056090292,-328.13083983922354
43.543,43.543,1438.0,1663.636743041546,222.65419730675075,-263.256743041546
43.5625,43.5625,1577.0,1730.2981314191575,222.66710821523944,-190.91813141915748
43.5819,43.5819,1634.0,1765.6199812651137,222.6799108096969,-169.23998126511367
43.6014,43.6014,1761.0,1769.5280185458296,222.69273701850258,-46.14801854582958
43.6209,43.6209,1777.0,1745.205086137769,222.7055206830433,-5.8250861377690555
43.6403,43.6403,1845.0,1697.930326259785,222.7181965166473,109.44967374021496
43.6598,43.6598,1881.0,1631.625248429429,222.73089514195976,211.7547515705711
43.6792,43.6792,1860.0,1550.3646349082555,222.74348626135682,272.01536509174446
43.6987,43.6987,1752.0,1456.5292022813692,222.75609962485797,257.8507977186308
43.7181,43.7181,1752.0,1354.9790687130107,222.76860581003018,359.40093128698925
43.7376,43.7376,1591.0,1249.4013999608444,222.78113369199718,303.9786000391556
43.7571,43.7571,1478.0,1145.1105950125138,222.7936186415407,295.26940498748615
43.7765,43.7765,1409.0,1046.5504517574448,222.80599690933303,324.82954824255523
43.796,43.796,1334.0,955.3017240200995,222.81839605283218,341.07827597990047
43.8154,43.8154,1207.0,873.5572574181158,222.83068884850445,295.8227425818842
43.8349,43.8349,1195.0,800.7441093567581,222.84300197336273,356.63589064324185
43.8543,43.8543,1026.0,737.236524079425,222.85520908682096,251.14347592057504
43.8738,43.8738,1008.0,681.6091466102516,222.86743598327956,288.77085338974837
43.8933,43.8933,846.0,633.3262444851737,222.879619576664,175.05375551482632
43.9127,43.9127,784.0,591.6342309069962,222.89169766838114,154.7457690930038
43.9322,43.9322,764.0,555.2657246949589,222.90379472377197,171.11427530504113
43.9516,43.9516,632.0,523.7945891577862,222.9157866201044,70.58541084221383
43.9711,43.9711,614.0,496.208351051986,222.92779693481245,80.17164894801397
43.9905,43.9905,592.0,472.2053843771986,222.93970243551172,82.17461562280141
44.01,44.01,533.0,451.0229910972826,222.95162580966308,44.35700890271739
44.0295,44.0295,522.0,432.36753110296354,222.96350552745898,52.01246889703646
44.0489,44.0489,515.0,415.94573016116647,222.9752809538075,61.434269838833536
44.0684,44.0684,452.0,401.2824727147762,222.98707343625034,13.097527285223812
44.0878,44.0878,445.0,388.2761684488503,222.9987619783228,19.103831551149717
44.1073,44.1073,423.0,376.5727519691409,223.01046703255182,8.807248030859121
44.1267,44.1267,386.0,366.11425458119527,223.02206849986638,-17.734254581195266
44.1462,44.1462,378.0,356.63858698947126,223.0336859358134,-16.25858698947126
44.1656,44.1656,381.0,348.1114106370346,223.0452001406634,-4.731410637034621
44.1851,44.1851,324.0,340.33448084065253,223.05672977104643,-53.95448084065253
44.2046,44.2046,382.0,333.2604376352824,223.0682153161875,11.119562364717588
44.224,44.224,289.0,326.8405265151465,223.07959816881024,-75.46052651514651
44.2435,44.2435,337.0,320.93877926942554,223.09099563244044,-21.558779269425536
44.2629,44.2629,360.0,315.5546402140352,223.10229076519965,6.8253597859648
44.2824,44.2824,308.0,310.58055592292027,223.11359996697757,-40.200555922920266
44.3018,44.3018,327.0,306.0236879395998,223.12480720183214,-16.643687939599822
44.3213,44.3213,325.0,301.79608243050933,223.1360279641798,-14.416082430509327
44.3408,44.3408,286.0,297.88869836996844,223.147204327182,-49.508698369968435
44.3602,44.3602,285.0,294.28653504665334,223.15827927393116,-46.90653504665334
44.3797,44.3797,312.0,290.9268529972927,223.16936693608258,-16.54685299729271
44.3991,44.3991,289.0,287.81961689044886,223.18035355160626,-36.43961689044885
44.4186,44.4186,287.0,284.91110026199067,223.19135234221298,-35.531100261990666
44.438,44.438,281.0,282.21297363020324,223.202250458057,-38.832973630203234
44.4575,44.4575,294.0,279.6797202978932,223.21316020916615,-23.299720297893195
44.477,44.477,303.0,277.3114014731676,223.22402526373966,-11.931401473167618
44.4964,44.4964,326.0,275.10440724732445,223.23479020599302,13.275592752675557
44.5159,44.5159,253.0,273.02376274686054,223.24556597405598,-57.64376274686054
44.5353,44.5353,278.0,271.080376878612,223.25624200719005,-30.700376878612012
44.5548,44.5548,269.0,269.2437269683787,223.26692832761714,-37.86372696837872
44.5742,44.5742,278.0,267.524177333257,223.27751529268596,-27.144177333256998
44.5937,44.5937,265.0,265.8957702332033,223.28811200707023,-38.51577023320328
44.6132,44.6132,252.0,264.3595952599188,223.29866374450302,-49.97959525991882
44.6326,44.6326,263.0,262.9167225474733,223.3091167004755,-37.53672254747328
44.6521,44.6521,272.0,261.54574350983114,223.3195785991413,-27.165743509831138
44.6715,44.6715,267.0,260.25552033125325,223.32994210129343,-30.87552033125325
44.691,44.691,257.0,259.02757829781245,223.34031400955644,-39.64757829781245
44.7104,44.7104,280.0,257.869566411489,223.3505879083718,-15.489566411489015
44.7299,44.7299,254.0,256.7652538695092,223.36086967729207,-40.38525386950919
44.7494,44.7494,234.0,255.71697033331907,223.37110620548052,-59.336970333319066
44.7688,44.7688,259.0,254.72617693331068,223.3812453092598,-33.34617693331068
44.7883,44.7883,251.0,253.77930082893818,223.3913914795513,-40.39930082893817
44.8077,44.8077,242.0,252.8825312349824,223.40144061772648,-48.50253123498239
44.8272,44.8272,271.0,252.0244794202239,223.41149628789574,-18.64447942022391
44.8466,44.8466,255.0,251.2108927344703,223.42145532030125,-33.83089273447029
44.8661,44.8661,254.0,250.4309612964585,223.43142035079603,-34.05096129645849
44.8856,44.8856,263.0,249.6870238454286,223.44133989327563,-24.307023845428596
44.905,44.905,213.0,248.9800815015318,223.4511633938577,-73.6000815015318
44.9245,44.9245,239.0,248.30145263885146,223.46099209216013,-46.921452638851456
44.9439,44.9439,249.0,247.6559566619704,223.4707251479961,-36.275956661970405
44.9634,44.9634,204.0,247.03527972157954,223.48046286922732,-80.65527972157955
44.9828,44.9828,246.0,246.44440246925382,223.4901053494239,-38.064402469253814
45.0023,45.0023,235.0,245.87562348570498,223.49975196334054,-48.495623485704975
45.0218,45.0218,257.0,245.33091719025356,223.5093528583164,-25.950917190253556
45.0412,45.0412,238.0,244.81142347010802,223.51885911864116,-44.43142347010802
45.0607,45.0607,231.0,244.31061049708393,223.52836871573234,-50.930610497083926
45.0801,45.0801,216.0,243.83264916809625,223.53778408453545,-65.45264916809626
45.0996,45.0996,218.0,243.37144750972058,223.5472022601003,-62.99144750972058
45.119,45.119,249.0,242.93090325145826,223.55652661568203,-31.55090325145826
45.1385,45.1385,226.0,242.505547633738,223.56585324870673,-54.12554763373799
45.158,45.158,236.0,242.09668816990091,223.57513394808433,-43.71668816990091
45.1774,45.1774,233.0,241.705654545655,223.58432144407118,-46.32565454565499
45.1969,45.1969,238.0,241.3275624346987,223.5935104241526,-40.9475624346987
45.2163,45.2163,227.0,240.9656857013978,223.60260661393315,-51.5856857013978
45.2358,45.2358,223.0,240.61561919200145,223.6117037602498,-55.235619192001444
45.2552,45.2552,236.0,240.28018429356194,223.62070853123933,-41.90018429356194
45.2747,45.2747,248.0,239.95550213621215,223.629713731928,-29.575502136212144
45.2942,45.2942,222.0,239.64265304360518,223.6386728003438,-55.26265304360518
45.3136,45.3136,251.0,239.3427235649338,223.64754011992724,-25.962723564933803
45.3331,45.3331,221.0,239.05211443335472,223.65640707965431,-55.672114433354714
45.3525,45.3525,221.0,238.77319623760434,223.66518271016233,-55.393196237604336
45.372,45.372,257.0,238.50286727674012,223.6739574558262,-19.122867276740116
45.3914,45.3914,235.0,238.24333735028642,223.6826412937104,-40.86333735028642
45.4109,45.4109,259.0,237.99153718866964,223.69132372251943,-16.611537188669637
45.4304,45.4304,240.0,237.74854910060932,223.69995983637133,-35.36854910060932
45.4498,45.4498,246.0,237.51503410129249,223.70850567853657,-29.135034101292483
45.4693,45.4693,239.0,237.28843692173328,223.71704932604936,-35.908436921733276
45.4887,45.4887,244.0,237.0706375970437,223.72550312781013,-30.69063759704371
45.5082,45.5082,216.0,236.85908880007193,223.73395421262447,-58.47908880007193
45.5276,45.5276,238.0,236.6557286303997,223.74231587938985,-36.27572863039969
45.5471,45.5471,232.0,236.45813150764297,223.7506743077065,-42.07813150764297
45.5666,45.5666,240.0,236.26717704202002,223.75898625418463,-33.88717704202002
45.586,45.586,234.0,236.08347010613969,223.7672094280031,-39.70347010613968
45.6055,45.6055,222.0,235.90488247650816,223.77542858195707,-51.52488247650816
45.6249,45.6249,252.0,235.73307052959294,223.78355939530667,-21.353070529592934
45.6444,45.6444,211.0,235.56599957239928,223.7916856693131,-62.185999572399275
45.6638,45.6638,215.0,235.4052265259511,223.79972403648182,-58.02522652595109
45.6833,45.6833,242.0,235.24889579950397,223.80775734565484,-30.868895799503967
45.7028,45.7028,239.0,235.09760287642882,223.8157440217721,-33.71760287642882
45.7222,45.7222,240.0,234.95197025066827,223.8236434454371,-32.571970250668265
45.7417,45.7417,225.0,234.81028662477888,223.83153703403363,-47.43028662477888
45.7611,45.7611,203.0,234.67388738621568,223.83934380815452,-69.29388738621569
45.7806,45.7806,232.0,234.54120475759913,223.84714423066376,-40.16120475759913
45.8,45.8,242.0,234.41338689184352,223.85485827832878,-30.033386891843513
45.8195,45.8195,234.0,234.2890812311706,223.86256545869918,-37.909081231170596
45.839,45.839,247.0,234.16873470424585,223.8702258703218,-24.788734704245847
45.8584,45.8584,261.0,234.05285777994538,223.87780057018415,-10.672857779945382
45.8779,45.8779,235.0,233.9401340784064,223.88536763020105,-36.5601340784064
45.8973,45.8973,244.0,233.83153495956032,223.89284942215775,-27.451534959560313
45.9168,45.9168,247.0,233.7259274710478,223.90032306078018,-24.34592747104781
45.9362,45.9362,237.0,233.62422592661528,223.90771187664103,-34.24422592661528
45.9557,45.9557,222.0,233.5252788834284,223.91509202657264,-49.1452788834284
45.9752,45.9752,221.0,233.4295347919088,223.92242528745092,-50.04953479190879
45.9946,45.9946,250.0,233.33738156772472,223.92967439705447,-20.957381567724717
46.0141,46.0141,214.0,233.24777697397153,223.93691407287676,-56.86777697397152
46.0335,46.0335,258.0,233.16152664236293,223.9440700466514,-12.781526642362927
46.053,46.053,191.0,233.07766217220296,223.9512160763276,-79.69766217220297
46.0724,46.0724,243.0,232.99698854552565,223.95827885472605,-27.61698854552565
46.0919,46.0919,233.0,232.91857196091487,223.96533117963602,-37.53857196091487
46.1114,46.1114,249.0,232.84279806852837,223.97233651043496,-21.462798068528365
46.1308,46.1308,239.0,232.76993261673346,223.97925926955207,-31.389932616733454
46.1503,46.1503,239.0,232.69915804644177,223.98617081220252,-31.319158046441764
46.1697,46.1697,237.0,232.63115506608943,223.99300023773034,-33.25115506608943
46.1892,46.1892,224.0,232.56514154092739,223.99981793976193,-46.18514154092738
46.2086,46.2086,233.0,232.50175988061144,224.00655398071737,-37.12175988061144
46.2281,46.2281,230.0,232.4402924407049,224.01327779210703,-40.06029244070489
46.2476,46.2476,227.0,232.3809942228145,224.0199545194367,-43.000994222814505
46.267,46.267,243.0,232.3241265874059,224.02655027310408,-26.94412658740591
46.2865,46.2865,229.0,232.26903618493472,224.03313303927385,-40.88903618493472
46.3059,46.3059,250.0,232.2162572206507,224.0396352914789,-19.8362572206507
46.3254,46.3254,233.0,232.16518516171683,224.04612405255898,-36.78518516171683
46.3448,46.3448,216.0,232.11630876453984,224.05253276080416,-53.736308764539835
46.3643,46.3643,236.0,232.06909163785315,224.0589274752894,-33.689091637853146
46.3838,46.3838,233.0,232.02372189943847,224.06527503073596,-36.64372189943847
46.4032,46.4032,220.0,231.980402208881,224.07154322828995,-49.600402208881
46.4227,46.4227,263.0,231.93864788759907,224.07779667936924,-6.558647887599072
46.4421,46.4421,222.0,231.89882724090384,224.08397123719996,-47.51882724090384
46.4616,46.4616,225.0,231.86053545311984,224.09013054844365,-44.480535453119835
46.481,46.481,240.0,231.8241051791873,224.09621143246034,-29.44410517918731
46.5005,46.5005,253.0,231.78913237144948,224.10227657080233,-16.40913237144948
46.52,46.52,238.0,231.7557818565041,224.10829448995815,-31.375781856504084
46.5394,46.5394,207.0,231.72419403077726,224.1142346840708,-62.34419403077725
46.5589,46.5589,208.0,231.69401433432174,224.1201583851793,-61.31401433432173
46.5783,46.5783,237.0,231.66551395676814,224.12600483064404,-32.285513956768135
46.5978,46.5978,236.0,231.63837733985775,224.13183428661935,-33.25837733985775
46.6172,46.6172,234.0,231.61286766232965,224.13758695767368,-35.232867662329646
46.6367,46.6367,235.0,231.58868941169249,224.1433221438095,-34.20868941169248
46.6562,46.6562,227.0,231.56597419774997,224.14901006530428,-42.185974197749964
46.6756,46.6756,228.0,231.54479045104137,224.15462191101835,-41.16479045104136
46.6951,46.6951,218.0,231.5249024656913,224.1602155300361,-51.144902465691295
46.7145,46.7145,210.0,231.50650289700977,224.16573354723877,-59.126502897009765
46.734,46.734,205.0,231.4893800707155,224.171232844997,-64.1093800707155
46.7534,46.7534,260.0,231.4736976131605,224.17665701617526,-9.093697613160508
46.7729,46.7729,251.0,231.45927656095327,224.18206197624855,-18.079276560953268
46.7924,46.7924,218.0,231.44618735218387,224.1874196407796,-51.06618735218387
46.8118,46.8118,212.0,231.4344734497106,224.19270289454445,-57.05447344971059
46.8313,46.8313,214.0,231.42399976694756,224.19796620114238,-55.04399976694756
46.8507,46.8507,249.0,231.41486611355072,224.20315557531794,-20.034866113550713
46.8702,46.8702,264.0,231.4069722236668,224.20832451342451,-5.026972223666796
46.8896,46.8896,257.0,231.40036538765014,224.21341999866866,-12.020365387650138
46.9091,46.9091,259.0,231.39500071756336,224.21849456006004,-10.01500071756336
46.9285,46.9285,280.0,231.39090633310698,224.22349614935,10.98909366689302
46.948,46.948,233.0,231.3880347008729,224.22847632813026,-36.008034700872905
46.9675,46.9675,216.0,231.38640412172776,224.23340919280068,-53.00640412172776
46.9869,46.9869,194.0,231.38601282424102,224.2382698093509,-75.00601282424103
47.0064,47.0064,239.0,231.38685070105248,224.24310828691566,-30.00685070105248
47.0258,47.0258,226.0,231.38889904945717,224.24787500005897,-43.00889904945716
47.0453,47.0453,232.0,231.39217818881113,224.25261909041689,-37.01217818881113
47.0647,47.0647,216.0,231.39665296493936,224.25729190120018,-53.01665296493936
47.0842,47.0842,248.0,231.4023632207959,224.26194160655544,-21.022363220795903
47.1037,47.1037,225.0,231.40929718017514,224.26654399964272,-44.02929718017514
47.1231,47.1231,205.0,231.4174007824443,224.2710758431717,-64.03740078244431
47.1426,47.1426,240.0,231.42676164139283,224.27558385887977,-29.046761641392827
47.162,47.162,203.0,231.43728204834596,224.2800218126823,-66.05728204834597
47.1815,47.1815,227.0,231.4490758164043,224.2844354589536,-42.0690758164043
47.2009,47.2009,225.0,231.4620212004502,224.28877953206776,-44.08202120045021
47.2204,47.2204,212.0,231.47625687953567,224.29309881912732,-57.096256879535666
47.2399,47.2399,219.0,231.4917210250222,224.29737080985865,-50.1117210250222
47.2593,47.2593,244.0,231.50833173461484,224.30157396320823,-25.12833173461484
47.2788,47.2788,230.0,231.52626760349548,224.3057516143507,-39.14626760349548
47.2982,47.2982,223.0,231.54534610093208,224.30986091953505,-46.16534610093208
47.3177,47.3177,252.0,231.5657792613253,224.31394424699542,-17.1857792613253
47.3371,47.3371,238.0,231.58734589218656,224.31795972096492,-31.20734589218656
47.3566,47.3566,234.0,231.61029961631198,224.32194874291022,-35.230299616311974
47.3761,47.3761,254.0,231.63453353255977,224.3258904984261,-15.254533532559769
47.3955,47.3955,221.0,231.6599206663163,224.32976514171173,-48.27992066631631
47.415,47.415,242.0,231.6867345348954,224.33361262321597,-27.306734534895405
47.4344,47.4344,233.0,231.71471506157786,224.3373934875027,-36.33471506157786
47.4539,47.4539,247.0,231.74416228262706,224.34114671878757,-22.364162282627056
47.4733,47.4733,251.0,231.77478644325714,224.34483382885944,-18.39478644325714
47.4928,47.4928,236.0,231.80692194502907,224.34849283595486,-33.42692194502907
47.5123,47.5123,249.0,231.84042154308835,224.35210462033956,-20.46042154308835
47.5317,47.5317,240.0,231.87512475439877,224.35565102998575,-29.495124754398766
47.5512,47.5512,251.0,231.91140580691192,224.35916863344633,-18.531405806911913
47.5706,47.5706,204.0,231.9489102267255,224.36262136058963,-65.5689102267255
47.5901,47.5901,204.0,231.98804759544632,224.3660448147246,-65.60804759544632
47.6095,47.6095,234.0,232.02842862256014,224.36940389190414,-35.64842862256014
47.629,47.629,212.0,232.07050037007625,224.37273323052707,-57.69050037007624
47.6485,47.6485,223.0,232.11406547270477,224.37601540383966,-46.73406547270476
47.6679,47.6679,235.0,232.15893439937338,224.37923395161553,-34.77893439937338
47.6874,47.6874,213.0,232.20557155977502,224.3824220643247,-56.82557155977502
47.7068,47.7068,229.0,232.25353658052234,224.38554705314797,-40.873536580522334
47.7263,47.7263,243.0,232.30335340260228,224.38864114457948,-26.92335340260228
47.7457,47.7457,232.0,232.35452879099367,224.39167261466565,-37.974528790993666
47.7652,47.7652,223.0,232.4076305594735,224.39467272633775,-47.02763055947349
47.7847,47.7847,212.0,232.46241110881473,224.3976257436423,-58.08241110881473
47.8041,47.8041,244.0,232.51862582221383,224.40051689569722,-26.138625822213832
47.8236,47.8236,264.0,232.57688959315743,224.40337599967546,-6.1968895931574295
47.843,47.843,257.0,232.636625510939,224.40617374310696,-13.25662551093901
47.8625,47.8625,230.0,232.69849311817154,224.40893898073284,-40.31849311817154
47.8819,47.8819,264.0,232.76189190090363,224.4116433633541,-6.381891900903632
47.9014,47.9014,245.0,232.8275166592966,224.41431478377137,-25.447516659296603
47.9209,47.9209,241.0,232.8950952348127,224.41693919416787,-29.515095234812684
47.9403,47.9403,250.0,232.96429151029974,224.4195035100672,-20.584291510299742
47.9598,47.9598,221.0,233.03587355555774,224.42203418109395,-49.65587355555774
47.9792,47.9792,243.0,233.10914979025662,224.4245052652023,-27.72914979025662
47.9987,47.9987,258.0,233.1849210811741,224.4269422514024,-12.804921081174108
48.0181,48.0181,210.0,233.26246582781243,224.42932015905205,-60.88246582781243
48.0376,48.0376,223.0,233.3426431984674,224.43166351711588,-47.96264319846741
48.0571,48.0571,241.0,233.42509684643238,224.43395996277061,-30.04509684643238
48.0765,48.0765,230.0,233.5094535051368,224.43619809453085,-41.1294535051368
48.096,48.096,240.0,233.59661793906852,224.4384010011752,-31.21661793906852
48.1154,48.1154,222.0,233.68580059795173,224.440546104205,-49.30580059795172
48.1349,48.1349,231.0,233.77794116228102,224.44265553387203,-40.39794116228102
48.1543,48.1543,223.0,233.8721827578537,224.4447076709439,-48.49218275785369
48.1738,48.1738,222.0,233.96957244561793,224.4467236877914,-49.589572445617925
48.1933,48.1933,240.0,234.06966824079808,224.44869290296774,-31.689668240798078
48.2127,48.2127,225.0,234.17206355294715,224.45060559409268,-46.79206355294715
48.2322,48.2322,264.0,234.2778375311207,224.4524814967438,-7.897837531120693
48.2516,48.2516,232.0,234.3860160870347,224.4543013881511,-40.0060160870347
48.2711,48.2711,228.0,234.4978060304205,224.45608404772094,-44.11780603042049
48.2905,48.2905,234.0,234.61212033751445,224.45781120954507,-38.23212033751445
48.31,48.31,236.0,234.73024864575365,224.4595006975798,-36.350248645753645
48.3295,48.3295,218.0,234.8516904446774,224.46114350766882,-54.471690444677385
48.3489,48.3489,235.0,234.97591021838042,224.46273159218467,-37.59591021838042
48.3684,48.3684,216.0,235.10430337680353,224.46428134208242,-56.724303376803526
48.3878,48.3878,210.0,235.23563050270735,224.4657768815707,-62.85563050270735
48.4073,48.4073,231.0,235.37137729875423,224.46723364805317,-41.99137729875422
48.4267,48.4267,225.0,235.51025855134029,224.46863671993123,-48.13025855134028
48.4462,48.4462,229.0,235.6538277248639,224.4700005818538,-44.2738277248639
48.4657,48.4657,211.0,235.80153768329896,224.47131790240473,-62.42153768329896
48.4851,48.4851,236.0,235.9526895097521,224.47258230389593,-37.5726895097521
48.5046,48.5046,250.0,236.10900765511423,224.4738068421618,-23.729007655114223
48.524,48.524,202.0,236.26903159784442,224.474978978717,-71.88903159784442
48.5435,48.5435,230.0,236.4345259912487,224.47611081872648,-44.0545259912487
48.5629,48.5629,244.0,236.60403205473963,224.47719077496748,-30.22403205473963
48.5824,48.5824,212.0,236.77937401392902,224.47823000280619,-62.39937401392901
48.6019,48.6019,251.0,236.95992688805848,224.47922283855715,-23.579926888058473
48.6213,48.6213,221.0,237.1448909320353,224.48016456920203,-53.76489093203531
48.6408,48.6408,247.0,237.33632099475628,224.48106492586928,-27.956320994756275
48.6602,48.6602,231.0,237.5325456231287,224.4819146967959,-44.152545623128695
48.6797,48.6797,253.0,237.73569717799793,224.48272266558186,-22.355697177997932
48.6991,48.6991,262.0,237.9439609367382,224.48348056853771,-13.56396093673819
48.7186,48.7186,265.0,238.15973294289802,224.48419624267913,-10.779732942898015
48.7381,48.7381,267.0,238.38211780144593,224.48486568658785,-9.002117801445927
48.7575,48.7575,251.0,238.61029253516196,224.48548584619397,-25.230292535161958
48.777,48.777,230.0,238.8467597184142,224.48606313923867,-46.4667597184142
48.7964,48.7964,250.0,239.08942919691083,224.48659166919504,-26.709429196910826
48.8159,48.8159,262.0,239.3411200646802,224.48707690967277,-14.961120064680209
48.8353,48.8353,257.0,239.59948828515184,224.48751390877382,-20.219488285151833
48.8548,48.8548,235.0,239.8675686846157,224.4879071969934,-42.48756868461569
48.8743,48.8743,252.0,240.14435200555403,224.48825442926764,-25.764352005554024
48.8937,48.8937,230.0,240.42874271535285,224.4885542043076,-48.04874271535285
48.9132,48.9132,265.0,240.72408089132915,224.48880963867902,-13.344080891329149
48.9326,48.9326,231.0,241.02765041717873,224.48901813871288,-47.64765041717873
48.9521,48.9521,218.0,241.34305575914502,224.48918188049407,-60.963055759145014
48.9715,48.9715,242.0,241.66748998755955,224.4892992112848,-37.287489987559546
48.991,48.991,230.0,242.00468843102132,224.4893713677776,-49.62468843102132
49.0105,49.0105,261.0,242.3536517132726,224.48939765490582,-18.973651713272595
49.0299,49.0299,235.0,242.71288323715015,224.48937831755273,-45.33288323715015
49.0494,49.0494,257.0,243.08670278167108,224.48931318420395,-23.706702781671076
49.0688,49.0688,240.0,243.47183962973816,224.48920295078833,-41.09183962973815
49.0883,49.0883,236.0,243.8727868886637,224.48904650921165,-45.49278688866371
49.1077,49.1077,252.0,244.28628016437042,224.4888454923861,-29.906280164370422
49.1272,49.1272,265.0,244.7170438396052,224.48859785679724,-17.337043839605194
49.1467,49.1467,241.0,245.16386579473078,224.4883045505794,-41.78386579473078
49.1661,49.1661,237.0,245.62505886373123,224.48796745774249,-46.245058863731224
49.1856,49.1856,227.0,246.10609363380505,224.48758313266117,-56.72609363380504
49.205,49.205,276.0,246.60314303606566,224.4871555467297,-8.223143036065657
49.2245,49.2245,268.0,247.12199407236986,224.48668032189138,-16.741994072369856
49.2439,49.2439,264.0,247.65844178640668,224.48616236232894,-21.27844178640668
49.2634,49.2634,257.0,248.21910871094187,224.4855963587843,-28.839108710941865
49.2829,49.2829,242.0,248.80230075000128,224.48498489536212,-44.42230075000128
49.3023,49.3023,236.0,249.40603254648107,224.48433148772244,-51.02603254648107
49.3218,49.3218,262.0,250.03780470070748,224.48362943096126,-25.65780470070748
49.3412,49.3412,243.0,250.69254465155763,224.48288595694385,-45.31254465155762
49.3607,49.3607,277.0,251.3785133857364,224.48209343272856,-11.998513385736395
49.3801,49.3801,245.0,252.09003371878677,224.48126001852938,-44.71003371878677
49.3996,49.3996,256.0,252.83623340479596,224.48037715466626,-34.45623340479596
49.4191,49.4191,249.0,253.61517613357597,224.47944905355422,-42.23517613357597
49.4385,49.4385,226.0,254.4246382925996,224.47848085459998,-66.04463829259961
49.458,49.458,261.0,255.27508426760238,224.47746260930737,-31.89508426760238
49.4774,49.4774,250.0,256.1597532585622,224.47640479416586,-43.7797532585622
49.4969,49.4969,290.0,257.09030583341087,224.47529653727688,-4.710305833410864
49.5163,49.5163,264.0,258.059675192849,224.47414923879757,-31.679675192848997
49.5358,49.5358,253.0,259.08040049337495,224.4729511047952,-43.70040049337495
49.5553,49.5553,274.0,260.15103169181555,224.471707967911,-23.771031691815544
49.5747,49.5747,268.0,261.26848240315246,224.4704265829734,-30.88848240315246
49.5942,49.5942,245.0,262.4479556654874,224.46909377442424,-55.067955665487425
49.6136,49.6136,268.0,263.68100862542093,224.4677232466877,-33.30100862542093
49.6331,49.6331,261.0,264.9841673262673,224.46630090567794,-41.60416732626731
49.6525,49.6525,277.0,266.3491091036511,224.46484137456716,-26.96910910365107
49.672,49.672,260.0,267.79395074046204,224.46332964217743,-45.413950740462035
49.6914,49.6914,256.0,269.30948031338187,224.4617812489804,-50.929480313381866
49.7109,49.7109,265.0,270.91713843518096,224.46018026816114,-43.53713843518096
49.7304,49.7304,305.0,272.6152591666299,224.4585346027871,-5.235259166629923
49.7498,49.7498,289.0,274.4011852812156,224.45685307158797,-23.021185281215587
49.7693,49.7693,260.0,276.30076545819605,224.45511837589038,-53.92076545819605
49.7887,49.7887,277.0,278.3028147074135,224.45334834412432,-38.922814707413515
49.8082,49.8082,315.0,280.43712118925157,224.45152476570237,-3.0571211892515677
49.8276,49.8276,268.0,282.6910212697186,224.44966638113124,-52.31102126971859
49.8471,49.8471,331.0,285.0990422274563,224.44775406943128,8.28095777254368
49.8666,49.8666,299.0,287.6614735044366,224.44579733385166,-26.28147350443657
49.886,49.886,322.0,290.3776045920898,224.44380658796084,-5.9976045920898216
49.9055,49.9055,282.0,293.2903763741888,224.44176134691912,-48.91037637418878
49.9249,49.9249,298.0,296.3853597940513,224.43968262583712,-36.00535979405128
49.9444,49.9444,295.0,299.71319037319375,224.43754903337188,-42.33319037319375
49.9638,49.9638,303.0,303.2595752554208,224.4353824912559,-37.879575255420825
49.9833,49.9833,295.0,307.08297528055647,224.4331607032304,-49.702975280556466
50.0028,50.0028,309.0,311.1928446633006,224.43089476328274,-39.8128446633006
50.0222,50.0222,326.0,315.5926481052169,224.42859667014528,-27.21264810521688
50.0417,50.0417,314.0,320.360633191245,224.42624277204442,-43.98063319124497
50.0611,50.0611,339.0,325.48338873530304,224.42385725138473,-24.103388735303035
50.0806,50.0806,328.0,331.0536833379349,224.4214155555296,-40.6736833379349
50.1,50.1,324.0,337.063359331185,224.41894276782133,-50.68335933118498
50.1195,50.1195,370.0,343.62391594455966,224.416413436413,-11.243915944559653
50.139,50.139,362.0,350.7693168333196,224.41384023618366,-26.389316833319576
50.1584,50.1584,373.0,358.5252347887132,224.41123674095456,-23.14523478871319
50.1779,50.1779,409.0,367.0530371159937,224.4085761520515,4.326962884006328
50.1973,50.1973,390.0,376.355408873624,224.40588579898665,-23.975408873624012
50.2168,50.2168,414.0,386.63458620416975,224.40313798809012,-10.254586204169748
50.2362,50.2362,413.0,397.9089028504958,224.40036094390103,-22.52890285049579
50.2557,50.2557,462.0,410.438640021134,224.3975260794709,13.941359978865997
50.2752,50.2752,432.0,424.33313971453987,224.39464764032553,-29.953139714539866
50.2946,50.2946,481.0,439.7016779018444,224.39174076490522,3.6783220981556113
50.3141,50.3141,539.0,456.9259576897041,224.38877552845943,44.45404231029591
50.3335,50.3335,558.0,476.088854662221,224.38578238663192,44.29114533777898
50.353,50.353,574.0,497.6886038930774,224.38273052576824,38.69139610692259
50.3724,50.3724,631.0,521.8393828419676,224.37965129040424,71.54061715803243
50.3919,50.3919,625.0,549.1881881342152,224.3765129797621,38.191811865784764
50.4114,50.4114,718.0,580.057756797184,224.37333139937658,100.32224320281603
50.4308,50.4308,779.0,614.7652873566511,224.37012324144632,126.61471264334887
50.4503,50.4503,811.0,654.2197203804335,224.36685547675054,119.1602796195665
50.4697,50.4697,912.0,698.58742964919,224.3635616653084,175.79257035081002
50.4892,50.4892,946.0,748.9328302043979,224.36020789530804,159.44716979560212
50.5086,50.5086,1034.0,805.2931389816304,224.3568286093053,191.08686101836963
50.5281,50.5281,1077.0,868.6917151171742,224.35338901474034,170.68828488282577
50.5476,50.5476,1207.0,939.0994652870492,224.3499064661311,230.28053471295084
50.567,50.567,1273.0,1015.8816042080944,224.34639919818883,219.49839579190564
50.5865,50.5865,1437.0,1099.008218936236,224.34283109959952,300.37178106376393
50.6059,50.6059,1423.0,1185.866447444124,224.33923881223197,199.5135525558759
50.6254,50.6254,1480.0,1274.4832828335384,224.33558534871236,167.8967171664616
50.6448,50.6448,1655.0,1359.889061622336,224.33190822687266,257.49093837766407
50.6643,50.6643,1647.0,1437.9720383031092,224.32816958518427,171.40796169689077
50.6838,50.6838,1624.0,1503.0539109305955,224.32438831573901,83.32608906940447
50.7032,50.7032,1717.0,1550.4946145268889,224.32058418413484,128.8853854731111
50.7227,50.7227,1625.0,1578.1886124649989,224.31671802010285,9.191387535001134
50.7421,50.7421,1633.0,1585.5474555572787,224.31282952407582,9.832544442721321
50.7616,50.7616,1542.0,1574.2952408277113,224.308878656472,-69.91524082771127
50.781,50.781,1521.0,1547.1783906157016,224.30490598689832,-63.79839061570157
50.8005,50.8005,1452.0,1506.6179880469722,224.3008706084265,-92.23798804697219
50.82,50.82,1408.0,1454.8965201230556,224.29679293893489,-84.51652012305556
50.8394,50.8394,1248.0,1394.0689027242895,224.29269426290662,-183.6889027242895
50.8589,50.8589,1253.0,1325.1500981179229,224.288532375008,-109.77009811792288
50.8783,50.8783,1061.0,1250.820790126413,224.2843500101996,-227.44079012641294
50.8978,50.8978,1017.0,1172.7577554265577,224.28010410079472,-193.37775542655766
50.9172,50.9172,967.0,1094.4055379654978,224.27583824392698,-165.02553796549785
50.9367,50.9367,835.0,1017.3918440637892,224.27150851158302,-220.01184406378923
50.9562,50.9562,818.0,944.1147789090302,224.26713683526725,-163.73477890903018
50.9756,50.9756,699.0,876.2083445398579,224.26274600597608,-214.82834453985788
50.9951,50.9951,660.0,813.685031671225,224.25829080794233,-191.30503167122504
51.0145,51.0145,654.0,757.4209817157891,224.25381698587879,-141.04098171578914
51.034,51.034,555.0,706.6952049860618,224.24927846883472,-189.31520498606176
51.0534,51.0534,567.0,661.7020453536782,224.24472185648537,-132.32204535367816
51.0729,51.0729,501.0,621.5155505978578,224.24010022478257,-158.1355505978578
51.0924,51.0924,510.0,585.8790409542762,224.23543700632777,-113.49904095427621
51.1118,51.1118,483.0,554.4451279813507,224.2307564858939,-109.06512798135066
51.1313,51.1313,437.0,526.4125668480925,224.22601046264288,-127.03256684809253
51.1507,51.1507,395.0,501.6450639312215,224.22124766553372,-144.2650639312215
51.1702,51.1702,407.0,479.4933615976452,224.2164190459219,-110.11336159764522
51.1896,51.1896,394.0,459.84152414275536,224.2115741803113,-103.46152414275537
51.2091,51.2091,416.0,442.18374054891603,224.20666317439535,-63.80374054891603
51.2286,51.2286,337.0,426.36035469988053,224.20171094898072,-126.98035469988054
51.248,51.248,356.0,412.2142260042501,224.19674326951866,-93.83422600425013
51.2675,51.2675,335.0,399.39897368603476,224.19170897618523,-102.01897368603477
51.2869,51.2869,359.0,387.8759588319973,224.1866597559591,-66.49595883199731
51.3064,51.3064,322.0,377.3783974202291,224.1815436087909,-92.99839742022908
51.3258,51.3258,347.0,367.8871068605944,224.17641306158308,-58.50710686059437
51.3453,51.3453,314.0,359.19271409424584,224.17121527626293,-82.81271409424585
51.3648,51.3648,291.0,351.25268837492524,224.1659766485918,-97.87268837492525
51.3842,51.3842,277.0,344.0177215337603,224.16072441124632,-104.63772153376033
51.4037,51.4037,304.0,337.3436419926569,224.15540447221258,-70.9636419926569
51.4231,51.4231,277.0,331.23411920684623,224.15007144955294,-91.85411920684624
51.4426,51.4426,292.0,325.571487790564,224.1446704188103,-71.191487790564
51.462,51.462,255.0,320.36760314237085,224.1392568301486,-102.98760314237086
51.4815,51.4815,309.0,315.52520960627197,224.133774928927,-44.14520960627197
51.501,51.501,278.0,311.0365830050835,224.1282525722578,-70.65658300508352
51.5204,51.5204,297.0,306.88702450707314,224.12271844623942,-47.50702450707313
51.5399,51.5399,311.0,303.0062899141497,224.11711555416576,-29.6262899141497
51.5593,51.5593,275.0,299.4077649003238,224.11150141754618,-62.027764900323795
51.5788,51.5788,258.0,296.0308138756523,224.10581821521237,-75.65081387565232
51.5982,51.5982,283.0,292.8903937816367,224.1001242927548,-47.5103937816367
51.6177,51.6177,266.0,289.93508939519813,224.09436100685878,-61.55508939519813
51.6372,51.6372,236.0,287.1650590435015,224.08855766203547,-88.78505904350152
51.6566,51.6566,257.0,284.57806005630414,224.0827443836559,-65.19806005630414
51.6761,51.6761,274.0,282.13366376878577,224.07686129851146,-45.75366376878576
51.6955,51.6955,249.0,279.8454262221668,224.07096880323127,-68.4654262221668
51.715,51.715,266.0,277.67834843331667,224.06500620832153,-49.29834843331667
51.7344,51.7344,277.0,275.6448033077798,224.0590347262766,-36.26480330777979
51.7539,51.7539,268.0,273.71468387218704,224.0529928536883,-43.334683872187036
51.7734,51.7734,253.0,271.89019250811964,224.04691132817103,-56.51019250811964
51.7928,51.7928,240.0,270.1728493310988,224.04082169987893,-67.79284933109881
51.8123,51.8123,252.0,268.53778261108397,224.03466124797217,-54.15778261108397
51.8317,51.8317,245.0,266.99557281112214,224.02849321519233,-59.61557281112214
51.8512,51.8512,249.0,265.5245306270686,224.02225407278422,-54.1445306270686
51.8706,51.8706,269.0,264.1344463992922,224.01600787094628,-32.754446399292185
51.8901,51.8901,260.0,262.8059777049727,224.0096902754335,-40.42597770497269
51.9096,51.9096,228.0,261.5422986942491,224.00333344232942,-71.1622986942491
51.929,51.929,261.0,260.3450690446941,223.99697033174579,-36.965069044694125
51.9485,51.9485,232.0,259.1984886870358,223.99053540475515,-64.81848868703582
51.9679,51.9679,244.0,258.11029613623197,223.9840947205336,-51.73029613623196
51.9874,51.9874,257.0,257.06650593498955,223.97758194079782,-37.68650593498955
52.0068,52.0068,267.0,256.07464653308296,223.97106392358307,-26.694646533082953
52.0263,52.0263,233.0,255.12161712483754,223.9644735337296,-59.74161712483754
52.0458,52.0458,224.0,254.21041382246096,223.95784433082315,-67.83041382246097
52.0652,52.0652,242.0,253.34254554537378,223.9512106697772,-48.96254554537378
52.0847,52.0847,250.0,252.50722569671,223.94450422378168,-40.127225696710006
52.1041,52.1041,246.0,251.7108053343675,223.93779383810883,-43.330805334367504
52.1236,52.1236,230.0,250.9430733916673,223.93101039533997,-58.563073391667295
52.143,52.143,254.0,250.21031184843068,223.9242235308215,-33.830311848430675
52.1625,52.1625,242.0,249.5031748528889,223.91736333905837,-45.12317485288889
52.182,52.182,220.0,248.82400454948726,223.9104647678421,-66.44400454948726
52.2014,52.2014,231.0,248.17456248281513,223.90356355140662,-54.79456248281513
52.2209,52.2209,245.0,247.54672065056215,223.8965886059164,-40.16672065056215
52.2403,52.2403,235.0,246.9458086482818,223.88961153175097,-49.565808648281795
52.2598,52.2598,198.0,246.36433314030418,223.8825604633978,-85.98433314030419
52.2792,52.2792,218.0,245.80717230056948,223.87550778234157,-65.42717230056948
52.2987,52.2987,221.0,245.2675218530556,223.86838084397704,-61.887521853055595
52.3182,52.3182,254.0,244.74722224319908,223.8612159686823,-28.367222243199073
52.3376,52.3376,232.0,244.24800597569478,223.8540502542092,-49.86800597569478
52.3571,52.3571,246.0,243.76376665801885,223.84680989119647,-35.38376665801885
52.3765,52.3765,242.0,243.29863804124602,223.83956920350093,-38.91863804124602
52.396,52.396,238.0,242.84717285568132,223.83225360919715,-42.46717285568132
52.4154,52.4154,249.0,242.4130564959575,223.82493820409755,-31.033056495957503
52.4349,52.4349,211.0,241.99131494944353,223.81754763634794,-68.61131494944354
52.4544,52.4544,238.0,241.58346681552112,223.8101195829753,-41.20346681552112
52.4738,52.4738,246.0,241.19088710111998,223.8026924891315,-32.81088710111998
52.4933,52.4933,233.0,240.8090455866212,223.79518985206064,-45.42904558662121
52.5127,52.5127,205.0,240.4411300181995,223.78768868683693,-73.06113001819949
52.5322,52.5322,229.0,240.08299141317713,223.780111727432,-48.70299141317712
52.5516,52.5516,238.0,239.7377363502995,223.77253675154714,-39.35773635029951
52.5711,52.5711,242.0,239.40130418878357,223.76488573256768,-35.02130418878357
52.5905,52.5905,213.0,239.07679021649392,223.75723720812553,-63.696790216493916
52.61,52.61,215.0,238.76036873225237,223.7495123937203,-61.38036873225237
52.6295,52.6295,224.0,238.45336766397523,223.74175068657894,-52.073367663975226
52.6489,52.6489,230.0,238.15688739867713,223.7339922399038,-45.776887398677125
52.6684,52.6684,216.0,237.86747862192192,223.72615713649327,-59.487478621921916
52.6878,52.6878,252.0,237.58784274945478,223.71832580288088,-23.207842749454777
52.7073,52.7073,232.0,237.31472627581613,223.71041757079607,-42.934726275816125
52.7267,52.7267,224.0,237.05063432323746,223.70251361714966,-50.67063432323746
52.7462,52.7462,218.0,236.79255321035353,223.69453252535203,-56.41255321035353
52.7657,52.7657,237.0,236.54152996825158,223.68651501168142,-37.16152996825158
52.7851,52.7851,230.0,236.29860511349668,223.67850253874232,-43.918605113496675
52.8046,52.8046,227.0,236.0609731285221,223.67041257169848,-46.680973128522105
52.824,52.824,226.0,235.8308282383135,223.66232815225146,-47.4508282383135
52.8435,52.8435,246.0,235.6056225494343,223.65416600418556,-27.225622549434284
52.8629,52.8629,225.0,235.38734151937587,223.64600990985466,-48.00734151937586
52.8824,52.8824,234.0,235.17361829570683,223.63777585446198,-38.79361829570683
52.9019,52.9019,218.0,234.96533982508845,223.62950585638765,-54.58533982508845
52.9213,52.9213,217.0,234.76333950158872,223.62124267051806,-55.383339501588715
52.9408,52.9408,219.0,234.5654015523449,223.6129011785207,-53.18540155234489
52.9602,52.9602,217.0,234.37329044801,223.60456700300261,-54.99329044801001
52.9797,52.9797,220.0,234.18493758659665,223.59615429411076,-51.804937586596644
52.9991,52.9991,239.0,234.00207671699212,223.58774940521013,-32.62207671699212
53.0186,53.0186,249.0,233.82265040194034,223.57926575777358,-22.442650401940334
53.0381,53.0381,216.0,233.64752723800308,223.57074665503595,-55.267527238003076
53.0575,53.0575,242.0,233.4773430261628,223.56223612675112,-29.097343026162797
53.077,53.077,219.0,233.31028214970473,223.5536465058181,-51.93028214970473
53.0964,53.0964,211.0,233.1478915572812,223.54506596089882,-59.76789155728121
53.1159,53.1159,222.0,232.9883592636834,223.53640610339707,-48.608359263683404
53.1353,53.1353,231.0,232.83323787800433,223.52775582267253,-39.45323787800432
53.1548,53.1548,223.0,232.6807881825174,223.5190260115274,-47.3007881825174
53.1743,53.1743,222.0,232.53172220880492,223.51026124051253,-48.15172220880492
53.1937,53.1937,219.0,232.38665840317626,223.50150679654502,-51.00665840317625
53.2132,53.2132,229.0,232.24398439495747,223.4926724990629,-40.86398439495746
53.2326,53.2326,226.0,232.1051001093836,223.48384902735407,-43.72510010938361
53.2521,53.2521,215.0,231.96845679630889,223.47494548955038,-54.58845679630888
53.2715,53.2715,250.0,231.8353643648091,223.46605327541417,-19.455364364809093
53.291,53.291,218.0,231.70439250774638,223.45708078471083,-51.324392507746374
53.3105,53.3105,252.0,231.57609684527415,223.4480738374808,-17.19609684527415
53.3299,53.3299,207.0,231.4510771829151,223.4390789598161,-62.0710771829151
53.3494,53.3494,225.0,231.3279466465906,223.43000349357064,-43.94794664659059
53.3688,53.3688,242.0,231.20789141199955,223.4209405926615,-26.827891411999552
53.3883,53.3883,238.0,231.08963061271572,223.4117968979863,-30.70963061271572
53.4077,53.4077,228.0,230.9742532726238,223.4026662635525,-40.594253272623796
53.4272,53.4272,240.0,230.86055430059238,223.39345463228688,-28.48055430059238
53.4467,53.4467,232.0,230.74903997532653,223.38420905561054,-36.36903997532652
53.4661,53.4661,211.0,230.64020700044676,223.37497728052273,-57.26020700044676
53.4856,53.4856,203.0,230.53289550357218,223.3656642077296,-65.15289550357218
53.505,53.505,222.0,230.42810198551467,223.3563654292223,-46.04810198551467
53.5245,53.5245,221.0,230.32473586447674,223.346985155259,-46.94473586447673
53.5439,53.5439,243.0,230.2237803542722,223.33761966737947,-24.843780354272205
53.5634,53.5634,229.0,230.12413364588465,223.3281724884236,-38.74413364588465
53.5829,53.5829,233.0,230.02629091082463,223.31869188280734,-34.646290910824625
53.6023,53.6023,254.0,229.93068476952314,223.30922679989436,-13.550684769523137
53.6218,53.6218,240.0,229.83628178593625,223.29967973622985,-27.45628178593625
53.6412,53.6412,215.0,229.7440004193766,223.29014868477526,-52.36400041937659
53.6607,53.6607,219.0,229.65283579600722,223.28053546229094,-48.27283579600722
53.6801,53.6801,213.0,229.5637013273497,223.27093874059065,-54.18370132734969
53.6996,53.6996,221.0,229.47562302559086,223.26125965972344,-46.09562302559086
53.7191,53.7191,226.0,229.38903326091727,223.2515476784415,-41.00903326091727
53.7385,53.7385,225.0,229.3043175640313,223.24185292966112,-41.92431756403129
53.758,53.758,231.0,229.22055811011916,223.23207554329252,-35.840558110119154
53.7774,53.7774,235.0,229.13859570337328,223.2223158756258,-31.75859570337328
53.7969,53.7969,228.0,229.0575384333073,223.21247338760182,-38.677538433307284
53.8163,53.8163,214.0,228.9781839889915,223.20264910351457,-52.5981839889915
53.8358,53.8358,210.0,228.89969843517537,223.19274181845228,-56.519698435175364
53.8553,53.8553,213.0,228.82242972343124,223.18280216657752,-53.44242972343124
53.8747,53.8747,235.0,228.74676075723522,223.1728814452828,-31.36676075723522
53.8942,53.8942,214.0,228.67186823597075,223.1628774558992,-52.291868235970746
53.9136,53.9136,240.0,228.59849241137988,223.15289287987525,-26.218492411379877
53.9331,53.9331,241.0,228.52586401761062,223.1428248605378,-25.145864017610613
53.9525,53.9525,222.0,228.454670605271,223.13277673634175,-44.07467060527099
53.972,53.972,224.0,228.38418060506456,223.1226449957686,-42.004180605064555
53.9915,53.9915,239.0,228.31471680959467,223.11248142920329,-26.93471680959467
54.0109,54.0109,206.0,228.24661918182647,223.10233847917794,-59.86661918182647
54.0304,54.0304,214.0,228.1791512001361,223.09211165702095,-51.79915120013609
54.0498,54.0498,234.0,228.1129871705753,223.08190593065,-31.732987170575306
54.0693,54.0693,198.0,228.0474201657907,223.07161616450088,-67.6674201657907
54.0887,54.0887,219.0,227.9830983050111,223.06134797235416,-46.60309830501111
54.1082,54.1082,223.0,227.91933026065198,223.05099557495316,-42.53933026065197
54.1277,54.1277,234.0,227.8564420813349,223.04061189945918,-31.476442081334902
54.1471,54.1471,222.0,227.7947253317337,223.0302505139536,-43.4147253317337
54.1666,54.1666,213.0,227.73352391505244,223.0198046788476,-52.35352391505244
54.186,54.186,224.0,227.67344365025065,223.00938160933106,-41.293443650250644
54.2055,54.2055,267.0,227.61384101255763,222.99887393017812,1.766158987442374
54.2249,54.2249,227.0,227.5553225014642,222.98838949115435,-38.17532250146419
54.2444,54.2444,211.0,227.49725826553995,222.97782028463766,-54.11725826553995
54.2639,54.2639,217.0,227.4399396602794,222.96722035486755,-48.059939660279404
54.2833,54.2833,222.0,227.38363461397034,222.95664437563403,-43.00363461397034
54.3028,54.3028,218.0,227.32774143492514,222.94598339601708,-46.94774143492514
54.3222,54.3222,238.0,227.27282909819488,222.93534683878286,-26.892829098194873
54.3417,54.3417,212.0,227.21830879499504,222.92462512877069,-52.83830879499504
54.3611,54.3611,236.0,227.16472401716527,222.91392831189478,-28.784724017165267
54.3806,54.3806,211.0,227.11151947670552,222.9031461920344,-53.73151947670552
54.4001,54.4001,231.0,227.05893863864557,222.89233391056175,-33.67893863864557
54.4195,54.4195,230.0,227.00724885961398,222.88154722689018,-34.62724885961398
54.439,54.439,202.0,226.95589317540868,222.87067501884468,-62.57589317540867
54.4584,54.4584,231.0,226.9053955335235,222.85982887658275,-33.525395533523486
54.4779,54.4779,219.0,226.85521586955664,222.8488970652234,-45.47521586955664
54.4973,54.4973,239.0,226.8058599460549,222.83799178650676,-25.425859946054906
54.5168,54.5168,212.0,226.75680555096514,222.82700069616544,-52.37680555096514
54.5363,54.5363,214.0,226.70829016353866,222.81598001251535,-50.32829016353866
54.5557,54.5557,229.0,226.6605577170918,222.80498656026901,-35.28055771709179
54.5752,54.5752,226.0,226.61309881455347,222.79390708655203,-38.233098814553465
54.5946,54.5946,217.0,226.56639066508856,222.78285530825028,-47.18639066508856
54.6141,54.6141,223.0,226.5199433651333,222.7717173714536,-41.139943365133284
54.6335,54.6335,189.0,226.47421917362047,222.76060759293017,-75.09421917362047
54.653,54.653,215.0,226.4287336095132,222.74941152109145,-49.048733609513185
54.6725,54.6725,230.0,226.38372092216235,222.73818643077172,-34.00372092216235
54.6919,54.6919,219.0,226.33939497844992,222.72699019142246,-44.959394978449915
54.7114,54.7114,231.0,226.29529680926754,222.71570746049662,-32.91529680926754
54.7308,54.7308,250.0,226.25185945188946,222.70445404047624,-13.871859451889456
54.7503,54.7503,200.0,226.20862592289814,222.69311399958085,-63.828625922898134
54.7697,54.7697,245.0,226.16603897673184,222.68180372834237,-18.786038976731838
54.7892,54.7892,228.0,226.1236458335691,222.67040670914167,-35.7436458335691
54.8087,54.8087,216.0,226.08166182436477,222.65898125267273,-47.70166182436477
54.8281,54.8281,200.0,226.0402888634191,222.64758625233688,-63.660288863419105
54.8476,54.8476,207.0,225.99908882110012,222.63610431740088,-56.619088821100114
54.867,54.867,221.0,225.95848433122268,222.62465329435202,-42.578484331222676
54.8865,54.8865,220.0,225.91804165480812,222.6131152151556,-43.53804165480812
54.9059,54.9059,227.0,225.87817619090015,222.60160850238734,-36.498176190900146
54.9254,54.9254,238.0,225.83846388599946,222.59001461414243,-25.458463885999457
54.9449,54.9449,219.0,225.79910868218545,222.57839287608843,-44.419108682185446
54.9643,54.9643,201.0,225.7602984434091,222.56680318456233,-62.38029844340911
54.9838,54.9838,202.0,225.7216253142593,222.55512614258149,-61.34162531425931
55.0032,55.0032,212.0,225.68348477492722,222.5434815985988,-51.30348477492722
55.0227,55.0227,225.0,225.6454740110008,222.531749590389,-38.2654740110008
55.0421,55.0421,248.0,225.60797800312776,222.52005053040529,-15.227978003127753
55.0616,55.0616,213.0,225.57060397428893,222.5082638946469,-50.190603974288926
55.0811,55.0811,209.0,225.5335353800755,222.49645000264607,-54.1535353800755
55.1005,55.1005,197.0,225.49696131936375,222.48466973244152,-66.11696131936375
55.12,55.12,220.0,225.4604945161423,222.4728017231786,-43.08049451614229
55.1394,55.1394,249.0,225.42450558272387,222.46096778279687,-14.044505582723865
55.1589,55.1589,217.0,225.38861834732865,222.44904599738172,-46.00861834732864
55.1783,55.1783,212.0,225.35319323066705,222.43715872666155,-50.97319323066704
55.1978,55.1978,181.0,225.31785822807277,222.42518350716395,-81.93785822807277
55.2173,55.2173,213.0,225.2827957866302,222.4131816309594,-49.9027957866302
55.2367,55.2367,233.0,225.24817850052779,222.40121493633941,-29.868178500527783
55.2562,55.2562,220.0,225.21364384903643,222.38916014138505,-42.83364384903643
55.2756,55.2756,215.0,225.17954008511208,222.3771409706147,-47.79954008511208
55.2951,55.2951,224.0,225.1455085100536,222.3650336013533,-38.765508510053586
55.3145,55.3145,238.0,225.11189973977287,222.35296229757594,-24.731899739772864
55.334,55.334,204.0,225.07835677333298,222.34080269938772,-58.69835677333298
55.3534,55.3534,245.0,225.04522488530293,222.32867960667625,-17.665224885302926
55.3729,55.3729,229.0,225.0121547108023,222.31646812587226,-33.63215471080229
55.3924,55.3924,212.0,224.9793158634722,222.30423076767562,-50.599315863472206
55.4118,55.4118,215.0,224.94686870974977,222.29203057303837,-47.56686870974976
55.4313,55.4313,238.0,224.91447259987368,222.27974185387154,-24.534472599873673
55.4507,55.4507,236.0,224.8824612336368,222.26749073495213,-26.5024612336368
55.4702,55.4702,220.0,224.85049717571988,222.2551510034266,-42.47049717571988
55.4896,55.4896,213.0,224.8189061974568,222.2428493075013,-49.43890619745681
55.5091,55.5091,226.0,224.7873587721659,222.2304589131368,-36.4073587721659
55.5286,55.5286,246.0,224.75601088308397,222.2180432540362,-16.37601088308397
55.548,55.548,214.0,224.72502386771563,222.20566628160077,-48.34502386771563
55.5675,55.5675,256.0,224.69407159462196,222.19320048608157,-6.314071594621957
55.5869,55.5869,230.0,224.66346798639896,222.18077380920664,-32.28346798639895
55.6064,55.6064,205.0,224.6328987860279,222.1682582290325,-57.252898786027906
55.6258,55.6258,242.0,224.60266831415913,222.1557821981192,-20.22266831415913
55.6453,55.6453,225.0,224.5724616642191,222.14321718593953,-37.1924616642191
55.6648,55.6648,223.0,224.54243600772182,222.1306275271931,-39.162436007721816
55.6842,55.6842,206.0,224.51273983008312,222.11807806161067,-56.13273983008312
55.7037,55.7037,222.0,224.4830639849408,222.10543950193508,-40.103063984940796
55.7231,55.7231,220.0,224.4537085571478,222.0928415625982,-42.07370855714779
55.7426,55.7426,230.0,224.42436667920745,222.08015445683034,-32.04436667920745
55.762,55.762,204.0,224.39534068912715,222.06750839718637,-58.01534068912715
55.7815,55.7815,255.0,224.36632430437564,222.05477310102614,-6.986324304375636
55.801,55.801,216.0,224.337470877989,222.04201378184234,-45.957470877989
55.8204,55.8204,216.0,224.3089161854494,222.02929614538198,-45.92891618544939
55.8399,55.8399,181.0,224.280370703158,222.01648917141964,-80.90037070315802
55.8593,55.8593,223.0,224.2521211719513,222.00372430245707,-38.8721211719513
55.8788,55.8788,200.0,224.22387227808377,221.9908700315469,-61.84387227808377
55.8982,55.8982,208.0,224.19591520504423,221.97805828649683,-53.81591520504423
55.9177,55.9177,222.0,224.16795705175355,221.96515707731035,-39.787957051753544
55.9372,55.9372,229.0,224.1401410169258,221.95223247387884,-32.76014101692581
55.9566,55.9566,215.0,224.11260528315836,221.93935102546345,-46.73260528315836
55.9761,55.9761,226.0,224.08506200550462,221.92638002378794,-35.70506200550462
55.9955,55.9955,227.0,224.05779556397468,221.91345259441408,-34.677795563974676
56.015,56.015,207.0,224.03052001348675,221.9004355552404,-54.65052001348675
56.0344,56.0344,216.0,224.00351439427706,221.88746250421156,-45.62351439427706
56.0539,56.0539,241.0,223.9764970729859,221.87439978910356,-20.59649707298589
56.0734,56.0734,202.0,223.94960389850095,221.86131431362543,-59.56960389850095
56.0928,56.0928,253.0,223.92297333082914,221.84827344786714,-8.542973330829135
56.1123,56.1123,223.0,223.89632670878652,221.83514284078694,-38.516326708786515
56.1317,56.1317,225.0,223.86993613327016,221.82205725562997,-36.489936133270156
56.1512,56.1512,220.0,223.84352779676715,221.80888188052947,-41.463527796767146
56.1706,56.1706,203.0,223.81736995430745,221.79575193808748,-58.43736995430745
56.1901,56.1901,234.0,223.79118959405002,221.78253215934387,-27.411189594050022
56.2096,56.2096,181.0,223.76512284940839,221.76929025906253,-80.38512284940839
56.229,56.229,234.0,223.73929909000952,221.75609440529817,-27.35929909000952
56.2485,56.2485,218.0,223.7134535380012,221.74280864988717,-43.3334535380012
56.2679,56.2679,224.0,223.68784365343902,221.72956934802463,-37.307843653439015
56.2874,56.2874,238.0,223.66220946583778,221.71624010382257,-23.282209465837774
56.3068,56.3068,234.0,223.63680934150625,221.70295771870698,-27.256809341506248
56.3263,56.3263,205.0,223.61137886549153,221.6895853528253,-56.23137886549153
56.3458,56.3458,216.0,223.58605164171405,221.67619150905708,-45.20605164171405
56.3652,56.3652,202.0,223.56095199801317,221.66284513038394,-59.180951998013164
56.3847,56.3847,242.0,223.5358183877825,221.64940871751207,-19.15581838778251
56.4041,56.4041,218.0,223.51091063627567,221.63602017150652,-43.130910636275665
56.4236,56.4236,241.0,223.48596741147838,221.62254155854717,-20.10596741147838
56.443,56.443,210.0,223.461246147371,221.60911121270718,-51.08124614737101
56.4625,56.4625,207.0,223.43648815960177,221.59559076942705,-54.05648815960176
56.482,56.482,199.0,223.41182161980765,221.5820494965917,-62.03182161980765
56.5014,56.5014,223.0,223.38736934269534,221.56855708890322,-38.007369342695334
56.5209,56.5209,223.0,223.36287709136442,221.55497454226682,-37.98287709136442
56.5403,56.5403,243.0,223.33859734282913,221.54144125720143,-17.95859734282913
56.5598,56.5598,247.0,223.3142768270398,221.52781780837896,-13.934276827039803
56.5792,56.5792,213.0,223.29016429358956,221.51424401600872,-47.91016429358955
56.5987,56.5987,247.0,223.26601033703065,221.5005800373429,-13.886010337030648
56.6182,56.6182,212.0,223.2419357507074,221.48689588199431,-48.861935750707396
56.6376,56.6376,224.0,223.2180651901954,221.47326197301533,-36.8380651901954
56.6571,56.6571,225.0,223.19414964378726,221.45953784816822,-35.81414964378725
56.6765,56.6765,213.0,223.17043356798908,221.44586436068215,-47.790433567989076
56.696,56.696,232.0,223.14667354181174,221.43210064047105,-28.766673541811734
56.7154,56.7154,217.0,223.1231072539001,221.41838794704555,-43.743107253900085
56.7349,56.7349,230.0,223.09949543456796,221.40458500631013,-30.719495434567953
56.7544,56.7544,192.0,223.07595499441572,221.39076254616702,-68.69595499441573
56.7738,56.7738,222.0,223.05260810055486,221.37699169448956,-38.67260810055486
56.7933,56.7933,235.0,223.02921276825495,221.36313057787328,-25.649212768254948
56.8127,56.8127,204.0,223.0060043172452,221.34932145519767,-56.62600431724521
56.8322,56.8322,234.0,222.98274665777402,221.33542205868332,-26.602746657774013
56.8516,56.8516,215.0,222.95967541669336,221.32157503999377,-45.579675416693355
56.8711,56.8711,247.0,222.93655060392933,221.30763774083908,-13.556550603929331
56.8906,56.8906,276.0,222.9134942950453,221.2936815838153,15.466505704954706
56.91,56.91,215.0,222.89061805105314,221.27977837793432,-45.510618051053136
56.9295,56.9295,205.0,222.86768969908533,221.26578488590894,-55.48768969908533
56.9489,56.9489,237.0,222.8449411522334,221.251844724902,-23.464941152233386
56.9684,56.9684,236.0,222.8221364296838,221.23781427681158,-24.442136429683806
56.9878,56.9878,224.0,222.79951050797823,221.2238375380011,-36.419510507978224
57.0073,57.0073,221.0,222.77682820790662,221.20977051344218,-39.396828207906616
57.0268,57.0268,210.0,222.75420588027126,221.19568529667768,-50.374205880271255
57.0462,57.0462,219.0,222.73175775574404,221.18165435402642,-41.35175775574404
57.0657,57.0657,210.0,222.70925070640064,221.1675331319011,-50.329250706400636
57.0851,57.0851,224.0,222.6869169760243,221.15346655808412,-36.30691697602429
57.1046,57.1046,221.0,222.66452366451597,221.13930971181688,-39.284523664515966
57.124,57.124,228.0,222.64230032358964,221.125207886416,-32.262300323589635
57.1435,57.1435,219.0,222.62001854288695,221.11101579786327,-41.24001854288695
57.163,57.163,229.0,222.59778886945284,221.0968061867546,-31.21778886945284
57.1824,57.1824,223.0,222.57572711177394,221.08265215274017,-37.19572711177394
57.2019,57.2019,221.0,222.55360356592004,221.06840787380378,-39.17360356592004
57.2213,57.2213,200.0,222.5316448026196,221.05421954039642,-60.15164480261961
57.2408,57.2408,206.0,222.509625452861,221.03994097705458,-54.129625452861
57.2602,57.2602,222.0,222.48776789565247,221.025718726017,-38.107767895652465
57.2797,57.2797,241.0,222.46584649621988,221.0114062623068,-19.08584649621988
57.2992,57.2992,228.0,222.44397465917606,220.99707694953761,-32.06397465917606
57.3186,57.3186,216.0,222.422262860064,220.9828044965767,-44.04226286006399
57.3381,57.3381,229.0,222.40048826444638,220.96844186112847,-31.020488264446378
57.3575,57.3575,204.0,222.37886992121156,220.9541364480846,-55.99886992121156
57.377,57.377,228.0,222.35718804939242,220.93974087550382,-31.977188049392417
57.3964,57.3964,245.0,222.33566266077608,220.92540288624173,-14.955662660776078
57.4159,57.4159,237.0,222.31407036056106,220.91097476266708,-22.93407036056106
57.4354,57.4354,229.0,222.29252339983358,220.89653046723888,-30.91252339983358
57.4548,57.4548,201.0,222.27113098507704,220.88214429379337,-58.891130985077034
57.4743,57.4743,216.0,222.249671927724,220.86766802817337,-43.86967192772399
57.4937,57.4937,207.0,222.2283653578163,220.85325024121659,-52.8483653578163
57.5132,57.5132,241.0,222.20699011211934,220.83874239299647,-18.82699011211934
57.5326,57.5326,232.0,222.1857670575829,220.82429337841648,-27.80576705758289
57.5521,57.5521,222.0,222.16447522971305,220.80975433575753,-37.784475229713046
57.5716,57.5716,218.0,222.1432248514799,220.79519980202025,-41.76322485147991
57.591,57.591,188.0,222.1221231919052,220.78070463163272,-71.7421231919052
57.6105,57.6105,240.0,222.10095130033912,220.7661194872527,-19.720951300339117
57.6299,57.6299,209.0,222.07992777897465,220.7515940569116,-50.69992777897465
57.6494,57.6494,218.0,222.05883374510333,220.73697869144672,-41.678833745103326
57.6688,57.6688,225.0,222.0378864079421,220.72242338898508,-34.657886407942094
57.6883,57.6883,237.0,222.01686970359938,220.70777819254,-22.63686970359938
57.7078,57.7078,230.0,221.99588855624486,220.69311818922247,-29.61588855624486
57.7272,57.7272,247.0,221.97505237253648,220.67851876955172,-12.595052372536479
57.7467,57.7467,211.0,221.95414469825062,220.66382952192558,-48.57414469825061
57.7661,57.7661,226.0,221.9333795888408,220.64920120257,-33.553379588840805
57.7856,57.7856,197.0,221.91254414723508,220.6344831020799,-62.53254414723508
57.805,57.805,218.0,221.89184850164807,220.61982627273846,-41.51184850164807
57.8245,57.8245,250.0,221.8710817942998,220.60507971135365,-9.49108179429981
57.844,57.844,200.0,221.85034831558534,220.59031903059466,-59.47034831558533
57.8634,57.8634,210.0,221.82975546758357,220.5756201324515,-49.449755467583564
57.8829,57.8829,200.0,221.80908945264036,220.5608315802258,-59.42908945264036
57.9023,57.9023,199.0,221.78856235604724,220.5461051491018,-60.408562356047234
57.9218,57.9218,224.0,221.7679621697002,220.5312891186622,-35.38796216970021
57.9412,57.9412,221.0,221.74749924507802,220.5165355460437,-38.367499245078015
57.9607,57.9607,233.0,221.72696186055254,220.5016924311447,-26.346961860552533
57.9802,57.9802,202.0,221.70645644983514,220.48683588752309,-57.32645644983514
57.9996,57.9996,237.0,221.68608697091065,220.4720423039057,-22.30608697091065
58.0191,58.0191,193.0,221.66564345846948,220.45715926789075,-66.28564345846948
58.0385,58.0385,232.0,221.64533467583624,220.44233952415635,-27.265334675836236
58.058,58.058,224.0,221.62495059670175,220.42743039072948,-35.24495059670175
58.0774,58.0774,211.0,221.60470093288527,220.4125848800732,-48.22470093288526
58.0969,58.0969,210.0,221.5843760866735,220.39765004469535,-49.2043760866735
58.1163,58.1163,203.0,221.56418370669616,220.38277916078601,-56.18418370669615
58.1358,58.1358,221.0,221.54391708709142,220.36781901939068,-38.16391708709141
58.1553,58.1553,185.0,221.5236775321591,220.35284634159046,-74.1436775321591
58.1747,58.1747,236.0,221.5035702531525,220.33793810535144,-23.1235702531525
58.1942,58.1942,215.0,221.48338659699382,220.32294071681673,-44.10338659699382
58.2136,58.2136,226.0,221.46333353992242,220.30800809403422,-33.083333539922414
58.2331,58.2331,249.0,221.44320524232634,220.292986391853,-10.06320524232634
58.2525,58.2525,230.0,221.42320518478186,220.27802977780345,-29.04320518478186
58.272,58.272,223.0,221.40312964365432,220.26298415951388,-36.02312964365432
58.2915,58.2915,222.0,221.3830794925148,220.24792670215732,-37.00307949251481
58.3109,58.3109,206.0,221.3631585807613,220.2329348135026,-52.983158580761305
58.3304,58.3304,227.0,221.34316033386946,220.21785403768712,-31.96316033386946
58.3498,58.3498,236.0,221.32329025943037,220.20283914839777,-22.943290259430363
58.3693,58.3693,222.0,221.3033428008876,220.18773545275963,-36.9233428008876
58.3887,58.3887,250.0,221.28352228511477,220.17269795964094,-8.903522285114768
58.4082,58.4082,212.0,221.26362357178135,220.1575717432438,-46.88362357178135
58.4277,58.4277,220.0,221.2437505329216,220.1424343878148,-38.86375053292161
58.4471,58.4471,201.0,221.2240018557107,220.12736370585228,-57.844001855710694
58.4666,58.4666,233.0,221.20417624084806,220.11220442956167,-25.824176240848054
58.486,58.486,228.0,221.18447565307417,220.09711213812804,-30.80447565307417
58.5055,58.5055,223.0,221.16469640520864,220.08193134108106,-35.78469640520864
58.5249,58.5249,225.0,221.14504209380289,220.06681783843194,-33.76504209380288
58.5444,58.5444,222.0,221.12530884846947,220.05161592113873,-36.74530884846947
58.5639,58.5639,228.0,221.10559957361562,220.03640356740732,-30.725599573615618
58.5833,58.5833,221.0,221.0860130807246,220.02125896929897,-37.706013080724595
58.6028,58.6028,232.0,221.06634739575222,220.00602609734787,-26.686347395752215
58.6222,58.6222,192.0,221.0468052123494,219.9908612859116,-66.6668052123494
58.6417,58.6417,214.0,221.02718377420535,219.9756082972359,-44.64718377420535
58.6611,58.6611,210.0,221.00768458308974,219.9604236720988,-48.62768458308974
58.6806,58.6806,205.0,220.98810705675896,219.94515096857612,-53.60810705675896
58.7001,58.7001,210.0,220.96854994896017,219.92986853362876,-48.58854994896017
58.7195,58.7195,201.0,220.94911462362703,219.91465491362683,-57.56911462362702
58.739,58.739,219.0,220.92959943883247,219.8993533678694,-39.549599438832466
58.7584,58.7584,203.0,220.91020553686042,219.8841209353866,-55.530205536860414
58.7779,58.7779,233.0,220.89073265394603,219.86880068162512,-25.51073265394603
58.7973,58.7973,220.0,220.87137891614609,219.85354983758162,-38.49137891614608
58.8168,58.8168,232.0,220.8519462690351,219.83821127898202,-26.471946269035094
58.8363,58.8363,217.0,220.832533047662,219.82286369625223,-41.452533047661994
58.8557,58.8557,229.0,220.81323967322916,219.80758596473441,-29.43323967322916
58.8752,58.8752,233.0,220.79386659849487,219.79222068309517,-25.41386659849487
58.8946,58.8946,210.0,220.77461214687693,219.7769255443721,-48.39461214687693
58.9141,58.9141,199.0,220.75527824219415,219.7615429678612,-59.37527824219415
58.9335,58.9335,205.0,220.73606238568138,219.74623082406728,-53.356062385681376
58.953,58.953,229.0,220.71676606893456,219.73083135705997,-29.33676606893456
58.9725,58.9725,198.0,220.69748909858663,219.71542357535907,-60.31748909858663
58.9919,58.9919,213.0,220.6783295592433,219.70008665786426,-45.29832955924331
59.0114,59.0114,232.0,220.65909067885022,219.68466259336853,-26.279090678850217
59.0308,59.0308,226.0,220.63996837797222,219.66930967809714,-32.25996837797222
59.0503,59.0503,203.0,220.62076545768656,219.6538697359972,-55.24076545768656
59.0697,59.0697,214.0,220.60167966638056,219.63850122621938,-44.22167966638056
59.0892,59.0892,222.0,220.58251338723764,219.6230458120205,-36.20251338723764
59.1087,59.1087,218.0,220.5633654106519,219.6075827945682,-40.183365410651895
59.1281,59.1281,228.0,220.54433353422277,219.5921916308319,-30.16433353422277
59.1476,59.1476,221.0,220.52522055450467,219.57671375063663,-37.14522055450467
59.167,59.167,217.0,220.50622378364847,219.56130800243022,-41.12622378364846
59.1865,59.1865,205.0,220.4871459856901,219.54581566575615,-53.10714598569009
59.2059,59.2059,194.0,220.46818391810794,219.53039573740665,-64.08818391810794
59.2254,59.2254,215.0,220.44914113165012,219.5148893508103,-43.06914113165012
59.2449,59.2449,228.0,220.43011597298374,219.49937607426523,-30.05011597298374
59.2643,59.2643,211.0,220.4112052175375,219.48393561725547,-47.03120521753751
59.2838,59.2838,227.0,220.39221337510793,219.46840890167957,-31.012213375107926
59.3032,59.3032,234.0,220.37333624392576,219.45295527710826,-23.99333624392576
59.3227,59.3227,217.0,220.35437838458995,219.4374155297604,-40.97437838458995
59.3421,59.3421,210.0,220.33553454954964,219.42194914293287,-47.95553454954963
59.3616,59.3616,210.0,220.31661024131606,219.4063967713415,-47.93661024131605
59.3811,59.3811,202.0,220.29770183976032,219.39083822483178,-55.91770183976032
59.4005,59.4005,238.0,220.278907163665,219.37535343978442,-19.898907163664994
59.42,59.42,227.0,220.26003180230555,219.35978288133956,-30.880031802305545
59.4394,59.4394,217.0,220.24126954577295,219.34428634896608,-40.86126954577295
59.4589,59.4589,206.0,220.2224267478841,219.3287041867604,-51.8424267478841
59.4783,59.4783,227.0,220.20369645952078,219.31319631326568,-30.823696459520782
59.4978,59.4978,214.0,220.1848851783623,219.29760295572058,-43.80488517836229
59.5173,59.5173,200.0,220.1660902732078,219.28200413987486,-57.7860902732078
59.5367,59.5367,223.0,220.14740732469235,219.26648000332912,-34.76740732469235
59.5562,59.5562,205.0,220.12864398444484,219.25087060575044,-52.74864398444483
59.5756,59.5756,229.0,220.10999245544383,219.23533614516546,-28.729992455443828
59.5951,59.5951,230.0,220.09125993675008,219.2197165748646,-27.711259936750075
59.6145,59.6145,224.0,220.07263932390745,219.204172197266,-33.69263932390745
59.634,59.634,227.0,220.05393780497016,219.18854286347815,-30.67393780497016
59.6535,59.6535,210.0,220.03525249448433,219.1729087894556,-47.65525249448432
59.6729,59.6729,217.0,220.01667734542565,219.1573502882901,-40.636677345425646
59.6924,59.6924,199.0,219.9980224220601,219.14170706556655,-58.6180224220601
59.7118,59.7118,229.0,219.9794781592646,219.12613966642434,-28.5994781592646
59.7313,59.7313,220.0,219.96085307693528,219.110487704768,-37.58085307693528
59.7507,59.7507,247.0,219.94233886465307,219.09491181541708,-10.562338864653064
59.7702,59.7702,227.0,219.92374466210933,219.07925152479785,-30.543744662109326
59.7897,59.7897,213.0,219.905164808675,219.06358721331918,-44.52516480867501
59.8091,59.8091,230.0,219.88669541590394,219.04799934378707,-27.50669541590394
59.8286,59.8286,238.0,219.86814538569948,219.03232731919223,-19.488145385699475
59.848,59.848,224.0,219.84970560699006,219.0167319802465,-33.469705606990054
59.8675,59.8675,222.0,219.8311854495736,219.00105265298194,-35.45118544957361
59.8869,59.8869,216.0,219.8127752147209,218.9854502530541,-41.432775214720884
59.9064,59.9064,218.0,219.79428474030803,218.9697640337456,-39.41428474030803
59.9259,59.9259,218.0,219.77580851701111,218.95407451412365,-39.39580851701111
59.9453,59.9453,237.0,219.75744199332473,218.93846228088827,-20.37744199332473
59.9648,59.9648,236.0,219.73899538913574,218.92276648601094,-21.358995389135735
59.9842,59.9842,227.0,219.72065765325104,218.90714821415008,-30.340657653251036
60.0037,60.0037,235.0,219.7022404573751,218.89144655506308,-22.322240457375095
60.0231,60.0231,221.0,219.68393185539568,218.87582265359316,-36.30393185539568
60.0426,60.0426,215.0,219.6655430169223,218.86011554149883,-42.2855430169223
60.0621,60.0621,237.0,219.64716878455695,218.84440585066898,-20.26716878455695
60.0815,60.0815,197.0,219.62890312476893,218.82877426583977,-60.24890312476892
60.101,60.101,229.0,219.6105581988849,218.81305973961454,-28.230558198884886
60.1204,60.1204,211.0,219.59232087231175,218.79742354889743,-46.21232087231174
60.1399,60.1399,227.0,219.57400437168909,218.78170459884265,-30.194004371689083
60.1593,60.1593,212.0,219.5557959750327,218.7660642117603,-45.175795975032706
60.1788,60.1788,223.0,219.53750761108435,218.75034124957588,-34.15750761108435
60.1983,60.1983,221.0,219.51923374683193,218.7346164311269,-36.13923374683193
60.2177,60.2177,240.0,219.50106831897665,218.7189705132946,-17.121068318976647
60.2372,60.2372,246.0,219.48282282162975,218.70324230103247,-11.10282282162975
60.2566,60.2566,235.0,219.46468531973363,218.68759321172402,-22.08468531973363
60.2761,60.2761,223.0,219.44646808409112,218.67186201765566,-34.06646808409112
60.2955,60.2955,219.0,219.42835886443154,218.65621016682127,-38.04835886443154
60.315,60.315,220.0,219.41017014587575,218.64047640306507,-37.03017014587575
60.3345,60.3345,210.0,219.39199596954882,218.62474150626966,-47.01199596954881
60.3539,60.3539,220.0,219.3739289102851,218.60908627954205,-36.993928910285085
60.3734,60.3734,234.0,219.3557825144604,218.59334943196117,-22.9757825144604
60.3928,60.3928,235.0,219.33774362732757,218.57769246956772,-21.957743627327567
60.4123,60.4123,233.0,219.3196256866558,218.5619540835703,-23.939625686655795
60.4317,60.4317,185.0,219.30161477671322,218.54629579581027,-71.92161477671323
60.4512,60.4512,229.0,219.2835252627812,218.530556283854,-27.90352526278121
60.4707,60.4707,207.0,219.26544949087508,218.51481636269935,-49.88544949087508
60.4901,60.4901,214.0,219.24748072969572,218.49915685573689,-42.86748072969572
60.5096,60.5096,214.0,219.22943330741785,218.48341642799295,-42.84943330741785
60.529,60.529,239.0,219.21149243267016,218.46775662229825,-17.831492432670153
60.5485,60.5485,209.0,219.1934735939988,218.4520161006169,-47.813473593998786
60.5679,60.5679,232.0,219.17556090069715,218.43635640675944,-24.795560900697147
60.5874,60.5874,185.0,219.15756969051537,218.42061620385877,-71.77756969051538
60.6069,60.6069,234.0,219.13959260489182,218.40487631607724,-22.759592604891814
60.6263,60.6263,244.0,219.12172222588748,218.38921756112856,-12.741722225887479
60.6458,60.6458,219.0,219.10377374948538,218.37347861184563,-37.72377374948538
60.6652,60.6652,216.0,219.0859308396562,218.35782099594613,-40.70593083965621
60.6847,60.6847,245.0,219.06801055716915,218.34208339801748,-11.688010557169143
60.7041,60.7041,249.0,219.05019620871124,218.32642733192816,-7.670196208711239
60.7236,60.7236,221.0,219.03230380294673,218.31069149825314,-35.652303802946726
60.7431,60.7431,217.0,219.01442618522307,218.29495670435293,-39.63442618522307
60.7625,60.7625,203.0,218.9966537100871,218.27930373629047,-53.616653710087085
60.782,60.782,207.0,218.97880425886643,218.26357132659152,-49.59880425886643
60.8014,60.8014,240.0,218.96106028868172,218.247920935932,-16.58106028868172
60.8209,60.8209,242.0,218.9432388214289,218.2321913234148,-14.563238821428904
60.8403,60.8403,204.0,218.925523177782,218.21654392103204,-52.545523177781995
60.8598,60.8598,232.0,218.90773037142242,218.20081751869813,-24.527730371422415
60.8793,60.8793,197.0,218.88995192038516,218.1850928809936,-59.509951920385156
60.8987,60.8987,236.0,218.87227875669305,218.16945073634932,-20.492278756693047
60.9182,60.9182,230.0,218.85452857585085,218.1537299288868,-26.474528575850847
60.9376,60.9376,198.0,218.83688392313132,218.138091800296,-58.45688392313132
60.9571,60.9571,203.0,218.81916246707263,218.12237523610153,-53.43916246707263
60.9765,60.9765,211.0,218.80154621334475,218.1067415344723,-45.42154621334475
60.996,60.996,205.0,218.78385380048465,218.0910296265706,-51.40385380048465
61.0154,61.0154,227.0,218.76626583588995,218.0754007628064,-29.38626583588995
61.0349,61.0349,234.0,218.7486021340646,218.05969392421412,-22.36860213406461
61.0544,61.0544,222.0,218.73095244928197,218.04398978220058,-34.35095244928197
61.0738,61.0738,222.0,218.71340798769887,218.02836895292683,-34.33340798769887
61.0933,61.0933,216.0,218.69578741498688,218.01267050024973,-40.31578741498688
61.1127,61.1127,195.0,218.6782721284203,217.99705553656514,-61.2982721284203
61.1322,61.1322,241.0,218.66068040750466,217.9813631861931,-15.280680407504654
61.1516,61.1516,189.0,218.64319367022225,217.96575449893425,-67.26319367022225
61.1711,61.1711,217.0,218.62563116484196,217.9500686638055,-39.24563116484196
61.1906,61.1906,230.0,218.60808377927165,217.93438625004433,-26.22808377927165
61.21,61.21,204.0,218.59064035379356,217.91878775679103,-52.21064035379356
61.2295,61.2295,200.0,218.5731221826487,217.9031124781398,-56.193122182648686
61.2489,61.2489,197.0,218.55570829303383,217.88752128877059,-59.17570829303383
61.2684,61.2684,237.0,218.53821923683432,217.87185355806292,-19.15821923683432
61.2878,61.2878,209.0,218.52083472394153,217.85627008326873,-47.14083472394153
61.3073,61.3073,205.0,218.50337516456685,217.8406103132851,-51.123375164566845
61.3268,61.3268,210.0,218.48593097884518,217.82495468920106,-46.10593097884517
61.3462,61.3462,223.0,218.46859074421886,217.80938356716234,-33.088590744218855
61.3657,61.3657,218.0,218.4511759298908,217.79373652339,-38.071175929890806
61.3851,61.3851,206.0,218.43386545199814,217.77817414292218,-50.05386545199814
61.4046,61.4046,208.0,218.41648055468465,217.76253609208098,-48.03648055468465
61.424,61.424,176.0,218.399199786922,217.74698286365077,-80.019199786922
61.4435,61.4435,210.0,218.38184536280207,217.73135421828465,-46.001845362802065
61.463,61.463,233.0,218.36450556272624,217.71573044295442,-22.984505562726234
61.4824,61.4824,217.0,218.34726996525362,217.7001917248508,-38.967269965253614
61.5019,61.5019,223.0,218.3299607858512,217.68457797418543,-32.9499607858512
61.5213,61.5213,198.0,218.31275530616287,217.66904943445596,-57.93275530616287
61.5408,61.5408,230.0,218.29547629958444,217.65344612078175,-25.915476299584434
61.5602,61.5602,241.0,218.27830160771782,217.63792816959014,-14.89830160771782
61.5797,61.5797,228.0,218.2610531595374,217.62233570513524,-27.881053159537394
61.5992,61.5992,211.0,218.24382036260312,217.60674883431813,-44.863820362603114
61.6186,61.6186,231.0,218.2266911563902,217.59124754943198,-24.846691156390186
61.6381,61.6381,202.0,218.20948944562562,217.57567214650751,-53.82948944562562
61.6575,61.6575,226.0,218.19239092186845,217.56018247563966,-29.81239092186845
61.677,61.677,230.0,218.17522010751554,217.54461895256188,-25.79522010751554
61.6964,61.6964,214.0,218.15815285450725,217.52914130549448,-41.77815285450725
61.7159,61.7159,227.0,218.14101304125563,217.51359007409658,-28.76101304125563
61.7354,61.7354,217.0,218.12388905380988,217.49804515926516,-38.74388905380987
61.7548,61.7548,249.0,218.1068688738392,217.4825863324763,-6.7268688738392015
61.7743,61.7743,208.0,218.08977631582422,217.46705432736294,-47.70977631582422
61.7937,61.7937,206.0,218.07278727431657,217.4516085488021,-49.692787274316565
61.8132,61.8132,175.0,218.0557264581,217.43608986490958,-80.6757264581
61.8326,61.8326,252.0,218.0387690771177,217.42065754389873,-3.6587690771177037
61.8521,61.8521,230.0,218.02174023484463,217.40515259258618,-25.641740234844626
61.8716,61.8716,235.0,218.00472754636897,217.3896546799569,-20.624727546368966
61.891,61.891,210.0,217.9878180823229,217.37424333077823,-45.607818082322886
61.9105,61.9105,215.0,217.97083730460457,217.35875976801321,-40.59083730460457
61.9299,61.9299,193.0,217.95396001674,217.34336289956246,-62.57396001674001
61.9494,61.9494,224.0,217.93701162959852,217.32789409763407,-31.557011629598513
61.9688,61.9688,202.0,217.92016661379523,217.31251211869423,-53.54016661379523
61.9883,61.9883,200.0,217.9032509662978,217.29705848840868,-55.5232509662978
62.0078,62.0078,220.0,217.88635195999717,217.2816126179723,-35.50635195999717
62.0272,62.0272,198.0,217.86955586610495,217.2662537595855,-57.48955586610494
62.0467,62.0467,202.0,217.8526896092951,217.25082367720364,-53.47268960929511
62.0661,62.0661,214.0,217.83592622934745,217.23548073005924,-41.45592622934745
62.0856,62.0856,196.0,217.81909339403103,217.2200668460947,-59.439093394031026
62.105,62.105,226.0,217.80236302332077,217.20474021835804,-29.422363023320763
62.1245,62.1245,232.0,217.78556341737132,217.1893429429851,-23.40556341737132
62.144,62.144,193.0,217.76878031340883,217.17395414753756,-62.38878031340882
62.1634,62.1634,234.0,217.75210037417065,217.15865278582842,-21.37210037417065
62.1829,62.1829,238.0,217.73535100618685,217.14328121439277,-17.355351006186844
62.2023,62.2023,200.0,217.71870480994045,217.12799719217966,-55.338704809940445
62.2218,62.2218,207.0,217.7019893806003,217.11264325443008,-48.32198938060031
62.2412,62.2412,240.0,217.68537664633578,217.0973769791822,-15.30537664633578
62.2607,62.2607,195.0,217.66869557511822,217.08204108458173,-60.28869557511822
62.2802,62.2802,229.0,217.6520318514966,217.06671438875478,-26.272031851496585
62.2996,62.2996,215.0,217.63547036830164,217.05147552134895,-40.25547036830164
62.3191,62.3191,224.0,217.61884111031412,217.03616748298134,-31.23884111031412
62.3385,62.3385,231.0,217.6023142654796,217.0209473807891,-24.222314265479604
62.358,62.358,211.0,217.58571951315875,217.0056584087874,-44.20571951315875
62.3774,62.3774,223.0,217.56922735580883,216.99045747850292,-32.18922735580883
62.3969,62.3969,198.0,217.55266761436664,216.97518798154002,-57.17266761436664
62.4164,62.4164,206.0,217.5361258172773,216.95992840083153,-49.15612581727731
62.4358,62.4358,220.0,217.51968607393425,216.94475701613013,-35.13968607393425
62.4553,62.4553,229.0,217.5031795133003,216.9295175235419,-26.123179513300293
62.4747,62.4747,231.0,217.48677526373163,216.9143663269599,-24.106775263731627
62.4942,62.4942,209.0,217.47030425567996,216.89914733055178,-46.09030425567996
62.5136,62.5136,229.0,217.45393545188188,216.8840167279297,-26.073935451881873
62.5331,62.5331,212.0,217.43750049366844,216.86881863550525,-43.057500493668435
62.5526,62.5526,197.0,217.42108334583773,216.8536311753101,-58.04108334583773
62.572,62.572,205.0,217.40476856688898,216.8385322515253,-50.02476856688897
62.5915,62.5915,234.0,217.388387555257,216.82336630704776,-21.008387555256995
62.6109,62.6109,224.0,217.3721091021593,216.80828899120098,-30.992109102159297
62.6304,62.6304,248.0,217.35576471554742,216.79314496957525,-6.97576471554742
62.6498,62.6498,199.0,217.33952241017897,216.7780896665748,-55.95952241017897
62.6693,62.6693,225.0,217.3232150791435,216.7629679746559,-29.943215079143492
62.6888,62.6888,195.0,217.30692616054247,216.74785762929653,-59.92692616054247
62.7082,62.7082,202.0,217.2907391258499,216.73283613348704,-52.91073912584991
62.7277,62.7277,219.0,217.27448749441845,216.71774872810235,-35.89448749441845
62.7471,62.7471,224.0,217.25833753171943,216.702750256687,-30.87833753171943
62.7666,62.7666,219.0,217.2421232801344,216.6876861974062,-35.86212328013439
62.786,62.786,217.0,217.22601088798382,216.67271115428233,-37.846010887983816
62.8055,62.8055,210.0,217.20983418284325,216.6576708469331,-44.82983418284325
62.825,62.825,202.0,217.19367652905774,216.6426425986901,-52.81367652905774
62.8444,62.8444,239.0,217.17762070775058,216.62770348579684,-15.797620707750575
62.8639,62.8639,212.0,217.16150142897143,216.61269959816838,-42.78150142897143
62.8833,62.8833,245.0,217.14548371947694,216.59778492248736,-9.76548371947694
62.9028,62.9028,204.0,217.12940260823945,216.5828058005186,-50.74940260823944
62.9222,62.9222,205.0,217.11342326468912,216.56791596485752,-49.733423264689115
62.9417,62.9417,233.0,217.09738088091316,216.55296201326965,-21.71738088091316
62.9612,62.9612,218.0,217.08135803448192,216.53802083141244,-36.70135803448192
62.9806,62.9806,207.0,217.0654368828252,216.52316904329416,-47.68543688282519
63.0001,63.0001,219.0,217.04945300001853,216.50825363879707,-35.66945300001853
63.0195,63.0195,226.0,217.0335708308591,216.49342769679572,-28.653570830859103
63.039,63.039,213.0,217.01762639626168,216.47853847354108,-41.63762639626167
63.0584,63.0584,203.0,217.00178355830968,216.4637387792959,-51.62178355830968
63.0779,63.0779,233.0,216.98587882799436,216.4488761408193,-21.605878827994353
63.0974,63.0974,221.0,216.9699942790164,216.43402698063656,-33.58999427901639
63.1168,63.1168,228.0,216.95421106678396,216.4192674451054,-26.574211066783953
63.1363,63.1363,262.0,216.93836649418185,216.40444547485765,7.441633505818153
63.1557,63.1557,218.0,216.92262326340887,216.38971319015903,-36.54262326340886
63.1752,63.1752,244.0,216.90681926419128,216.37491881248633,-10.526819264191282
63.1946,63.1946,249.0,216.89111627939815,216.36021417901273,-5.511116279398145
63.2141,63.2141,216.0,216.87535294984193,216.34544779618597,-38.49535294984192
63.2336,63.2336,209.0,216.8596099597066,216.33069559801658,-45.4796099597066
63.253,63.253,206.0,216.8439682541208,216.3160332278736,-48.46396825412079
63.2725,63.2725,219.0,216.8282664802905,216.30130962776605,-35.44826648029049
63.2919,63.2919,221.0,216.81266607043668,216.28667590870697,-33.432666070436674
63.3114,63.3114,243.0,216.7970057010273,216.27198130798024,-11.4170057010273
63.3308,63.3308,205.0,216.7814462965955,216.25737663907194,-49.4014462965955
63.3503,63.3503,218.0,216.76582787688474,216.24271143865317,-36.38582787688474
63.3698,63.3698,234.0,216.75023026798056,216.22806112691657,-20.370230267980553
63.3892,63.3892,221.0,216.73473387262777,216.21350081898728,-33.35473387262777
63.4087,63.4087,224.0,216.71917867439961,216.19888050871475,-30.339178674399612
63.4281,63.4281,209.0,216.70372432030567,216.18435024738105,-45.323724320305665
63.4476,63.4476,199.0,216.68821147306772,216.16976033849127,-55.30821147306772
63.467,63.467,232.0,216.67279957904537,216.1552605214156,-22.292799579045372
63.4865,63.4865,244.0,216.6573295434517,216.14070141341293,-10.277329543451707
63.506,63.506,201.0,216.6418813520647,216.1261578956398,-53.2618813520647
63.5254,63.5254,226.0,216.62653356202543,216.11170452981005,-28.246533562025427
63.5449,63.5449,238.0,216.6111286086678,216.09719241190163,-16.231128608667795
63.5643,63.5643,209.0,216.5958242458194,216.08277048316376,-45.215824245819384
63.5838,63.5838,241.0,216.5804627589458,216.0682901635595,-13.200462758945797
63.6032,63.6032,217.0,216.56520182390844,216.05390006809301,-37.185201823908436
63.6227,63.6227,209.0,216.54988446658626,216.03945194479527,-45.16988446658626
63.6422,63.6422,207.0,216.5345889612348,216.02502011065815,-47.154588961234786
63.6616,63.6616,204.0,216.5193940656008,216.01067854890942,-50.139394065600804
63.6811,63.6811,193.0,216.50414292398094,215.9962795077593,-61.12414292398093
63.7005,63.7005,229.0,216.48899237485298,215.98197076830806,-25.10899237485298
63.72,63.72,221.0,216.47378602347857,215.96760491702594,-33.093786023478565
63.7394,63.7394,222.0,216.4586800131808,215.9533293944901,-32.07868001318081
63.7589,63.7589,205.0,216.44351887287823,215.93899712949738,-49.06351887287823
63.7783,63.7783,226.0,216.4284577208768,215.9247552180344,-28.04845772087679
63.7978,63.7978,213.0,216.413341885114,215.91045693528645,-41.03334188511399
63.8173,63.8173,203.0,216.3982489022086,215.89617583618434,-51.01824890220859
63.8367,63.8367,218.0,216.3832559164705,215.8819851235664,-36.003255916470486
63.8562,63.8562,234.0,216.36820867512282,215.86773860026184,-19.988208675122813
63.8756,63.8756,192.0,216.35326155348216,215.85358248255858,-61.97326155348215
63.8951,63.8951,191.0,216.33826039194497,215.83937092981282,-62.95826039194497
63.9145,63.9145,222.0,216.32335933579924,215.8252497995188,-31.943359335799236
63.934,63.934,227.0,216.3084045953484,215.8110736116046,-26.928404595348404
63.9535,63.9535,207.0,216.2934735679806,215.79691529976657,-46.91347356798061
63.9729,63.9729,215.0,216.27864215173224,215.78284743142012,-38.89864215173224
63.9924,63.9924,221.0,216.26375803447718,215.7687250753979,-32.883758034477175
64.0118,64.0118,205.0,216.24897366016387,215.75469317404503,-48.86897366016387
64.0313,64.0313,240.0,216.2341366757513,215.74060716686077,-13.854136675751299
64.0507,64.0507,203.0,216.21939952878571,215.72661162325466,-50.83939952878571
64.0702,64.0702,204.0,216.20461040079363,215.7125623574194,-49.824610400793624
64.0897,64.0897,227.0,216.18984504588647,215.6985316570183,-26.80984504588647
64.1091,64.1091,217.0,216.17517944939738,215.68459142930848,-36.795179449397374
64.1286,64.1286,253.0,216.1604621877882,215.67059805855337,-0.7804621877881956
64.148,64.148,191.0,216.14584468292992,215.6566951637204,-62.76584468292992
64.1675,64.1675,215.0,216.13117600821167,215.64273951381523,-38.751176008211665
64.1869,64.1869,192.0,216.1166067440109,215.62887434079224,-61.736606744010906
64.2064,64.2064,224.0,216.1019870632673,215.61495680240725,-29.7219870632673
64.2259,64.2259,204.0,216.08739177878937,215.6010585156034,-49.707391778789365
64.2453,64.2453,225.0,216.0728958292942,215.58725070285809,-28.692895829294194
64.2648,64.2648,215.0,216.0583500150775,215.57339111306547,-38.678350015077505
64.2842,64.2842,230.0,216.04390321037704,215.55962199260915,-23.663903210377036
64.3037,64.3037,199.0,216.02940682651783,215.5458014891344,-54.649406826517826
64.3231,64.3231,234.0,216.01500988738255,215.53207144800135,-19.635009887382544
64.3426,64.3426,235.0,216.00056354218867,215.5182904195949,-18.62056354218867
64.3621,64.3621,232.0,215.98614242610915,215.50452932556678,-21.60614242610915
64.3815,64.3815,200.0,215.97182030687586,215.490858679112,-53.59182030687585
64.401,64.401,228.0,215.95744985515452,215.4771376427185,-25.57744985515452
64.4204,64.4204,228.0,215.9431780635848,215.4635070412182,-25.563178063584807
64.4399,64.4399,218.0,215.92885845257217,215.44982644978973,-35.54885845257217
64.4593,64.4593,203.0,215.91463757972915,215.43623627830087,-50.53463757972914
64.4788,64.4788,205.0,215.9003690348398,215.42259651858876,-48.520369034839796
64.4983,64.4983,219.0,215.8861262039584,215.4089773725635,-34.50612620395841
64.5177,64.5177,197.0,215.87198236309774,215.39544861975907,-56.49198236309774
64.5372,64.5372,214.0,215.85779129024007,215.3818708849732,-39.47779129024007
64.5566,64.5566,230.0,215.84369890124708,215.36838352276692,-23.463698901247078
64.5761,64.5761,183.0,215.8295599116594,215.35484758449527,-70.4495599116594
64.5955,64.5955,185.0,215.8155195586533,215.3414019958878,-68.43551955865331
64.615,64.615,216.0,215.80143302003273,215.32790823880381,-37.42143302003273
64.6345,64.6345,213.0,215.7873729755917,215.31443577108791,-40.40737297559169
64.6539,64.6539,243.0,215.77341124860627,215.3010536143632,-10.393411248606263
64.6734,64.6734,222.0,215.75940409827376,215.28762390419587,-31.37940409827376
64.6928,64.6928,220.0,215.745495190621,215.2742844764153,-33.365495190621
64.7123,64.7123,213.0,215.73154122105913,215.26089790693692,-40.35154122105913
64.7317,64.7317,233.0,215.71768567953646,215.2476015889664,-20.337685679536456
64.7512,64.7512,229.0,215.70378549827427,215.23425854269325,-24.32378549827427
64.7707,64.7707,240.0,215.68991230611138,215.22093745770317,-13.309912306111379
64.7901,64.7901,227.0,215.67613716847535,215.2077065735924,-26.296137168475347
64.8096,64.8096,224.0,215.66231816132418,215.19442958488762,-29.282318161324177
64.829,64.829,233.0,215.6485970906136,215.18124276049414,-20.268597090613603
64.8485,64.8485,242.0,215.63483275386258,215.16801024900153,-11.25483275386258
64.8679,64.8679,234.0,215.62116605225216,215.1548678629778,-19.24116605225216
64.8874,64.8874,211.0,215.6074566278629,215.14168020897748,-42.227456627862885
64.9069,64.9069,219.0,215.59377466858714,215.1285151842701,-34.21377466858714
64.9263,64.9263,210.0,215.58019056886502,215.11544022244817,-43.20019056886502
64.9458,64.9458,226.0,215.56656417811473,215.10232062491363,-27.18656417811473
64.9652,64.9652,208.0,215.5530354039963,215.0892910457338,-45.17303540399629
64.9847,64.9847,202.0,215.53946474079493,215.07621725400628,-51.159464740794924
65.0041,65.0041,227.0,215.52599161104715,215.06323343382883,-26.145991611047144
65.0236,65.0236,211.0,215.5124771408247,215.0502058258732,-42.1324771408247
65.0431,65.0431,253.0,215.49899108022584,215.03720151117685,-0.11899108022583249
65.0625,65.0625,235.0,215.48560213233884,215.0242870934947,-18.105602132338838
65.082,65.082,204.0,215.47217279091137,215.01132952873252,-49.09217279091137
65.1014,65.1014,211.0,215.45884060268628,214.99846180849352,-42.07884060268628
65.1209,65.1209,219.0,215.44546823752967,214.9855513699279,-34.065468237529664
65.1403,65.1403,200.0,215.4321929917931,214.9727307211215,-53.0521929917931
65.1598,65.1598,237.0,215.41887807996395,214.9598677843231,-16.038878079963943
65.1793,65.1793,242.0,215.4055922442095,214.94702880056767,-11.025592244209484
65.1987,65.1987,215.0,215.39240324594985,214.9342795200882,-38.01240324594985
65.2182,65.2182,228.0,215.37917528436373,214.92148860062528,-24.999175284363723
65.2376,65.2376,236.0,215.36604420439758,214.90878732399065,-16.98604420439758
65.2571,65.2571,201.0,215.35287459646258,214.89604484263188,-51.97287459646258
65.2765,65.2765,213.0,215.33980178693474,214.8833919413821,-39.95980178693474
65.296,65.296,227.0,215.32669107988994,214.87069827122468,-25.946691079889938
65.3155,65.3155,208.0,215.31360984010774,214.85802920957258,-44.93360984010774
65.3349,65.3349,219.0,215.3006251861948,214.8454496296059,-33.92062518619479
65.3544,65.3544,244.0,215.28760339557206,214.8328299379248,-8.90760339557206
65.3738,65.3738,223.0,215.27467790158548,214.82029965952992,-29.894677901585474
65.3933,65.3933,187.0,215.261715569741,214.8077297091016,-65.881715569741
65.4127,65.4127,229.0,215.24884986906753,214.79524910129052,-23.868849869067525
65.4322,65.4322,222.0,215.23594769063442,214.78272926265967,-30.855947690634416
65.4517,65.4517,195.0,215.22307580064444,214.7702346835364,-57.843075800644435
65.4711,65.4711,227.0,215.21030003406528,214.7578293366755,-25.83030003406528
65.4906,65.4906,215.0,215.19748887792682,214.74538542424494,-37.81748887792681
65.51,65.51,233.0,215.18477352747138,214.73303066773283,-19.804773527471376
65.5295,65.5295,196.0,215.17202341247173,214.7206377906678,-56.79202341247173
65.5489,65.5489,190.0,215.15936907264367,214.70833399090958,-62.77936907264367
65.5684,65.5684,226.0,215.14668024582417,214.69599251712322,-26.76668024582417
65.5879,65.5879,192.0,215.13402231865933,214.6836769492478,-60.75402231865933
65.6073,65.6073,219.0,215.1214602511661,214.6714503364044,-33.741460251166096
65.6268,65.6268,221.0,215.10886430485888,214.65918672270985,-31.72886430485888
65.6462,65.6462,224.0,215.09636394060522,214.64701197976652,-28.716363940605213
65.6657,65.6657,212.0,215.0838303557213,214.6348006862376,-40.70383035572129
65.6851,65.6851,227.0,215.07139230620592,214.62267817691395,-25.69139230620592
65.7046,65.7046,214.0,215.05892147521178,214.61051956875323,-38.67892147521177
65.7241,65.7241,203.0,215.04648230007243,214.59838750816903,-49.666482300072424
65.7435,65.7435,194.0,215.03413834901556,214.58634409760882,-58.65413834901556
65.763,65.763,228.0,215.0217624741355,214.57426526918312,-24.641762474135497
65.7824,65.7824,204.0,215.00948172012446,214.56227499857326,-48.62948172012445
65.8019,65.8019,217.0,214.99716953209966,214.5502497655238,-35.61716953209966
65.8213,65.8213,216.0,214.98495241924664,214.53831299581978,-36.60495241924664
65.8408,65.8408,238.0,214.97270431272017,214.52634172055937,-14.592704312720166
65.8603,65.8603,203.0,214.96048869244956,214.51439762966467,-49.580488692449556
65.8797,65.8797,219.0,214.94836774837404,214.50254185604302,-33.56836774837404
65.8992,65.8992,224.0,214.93621672583635,214.49065226549718,-28.556216725836343
65.9186,65.9186,203.0,214.9241603088552,214.47885089209973,-49.54416030885519
65.9381,65.9381,226.0,214.91207445381914,214.46701616227423,-26.532074453819142
65.9575,65.9575,188.0,214.900082943987,214.45526954721367,-64.520082943987
65.977,65.977,203.0,214.88806261962856,214.44349003765257,-49.508062619628554
65.9965,65.9965,213.0,214.87607509665636,214.4317383442311,-39.49607509665636
66.0159,66.0159,226.0,214.86418206434996,214.42007460762872,-26.48418206434996
66.0354,66.0354,225.0,214.85226070897087,214.40837867268226,-27.47226070897087
66.0548,66.0548,218.0,214.84043368602696,214.39677058652603,-34.46043368602695
66.0743,66.0743,241.0,214.8285788426639,214.38513076750078,-11.448578842663885
66.0937,66.0937,212.0,214.81681798249926,214.37357868698186,-40.43681798249926
66.1132,66.1132,216.0,214.80503016832168,214.36199534047412,-36.425030168321676
66.1327,66.1327,206.0,214.79327602485958,214.3504404367257,-46.41327602485958
66.1521,66.1521,216.0,214.7816156234968,214.33897310168427,-36.4016156234968
66.1716,66.1716,228.0,214.7699289971442,214.32747520419596,-24.389928997144203
66.191,66.191,232.0,214.7583359979329,214.3160647594952,-20.3783359979329
66.2105,66.2105,212.0,214.74671725880648,214.30462422270892,-40.36671725880648
66.2299,66.2299,213.0,214.73519207863325,214.29327102053975,-39.355192078633245
66.2494,66.2494,211.0,214.72364157745542,214.2818881980248,-41.34364157745542
66.2689,66.2689,211.0,214.7121257487933,214.27053443959616,-41.33212574879331
66.2883,66.2883,258.0,214.70070303902955,214.25926783415366,5.679296960970454
66.3078,66.3078,203.0,214.68925612799086,214.2479723191523,-49.30925612799086
66.3272,66.3272,233.0,214.677902286025,214.2367638333422,-19.297902286024986
66.3467,66.3467,217.0,214.66652467508305,214.22552691312654,-35.28652467508305
66.3661,66.3661,234.0,214.65524006902012,214.21437689606103,-18.27524006902012
66.3856,66.3856,233.0,214.64393232585238,214.20319892109447,-19.263932325852373
66.4051,66.4051,224.0,214.63265966851395,214.19205062610945,-28.25265966851395
66.4245,66.4245,235.0,214.62147988172856,214.18098904083612,-17.24147988172856
66.444,66.444,215.0,214.6102775434017,214.16990021555077,-37.230277543401705
66.4634,66.4634,202.0,214.5991681389909,214.1588979683233,-50.2191681389909
66.4829,66.4829,187.0,214.5880366973593,214.1478689609336,-65.20803669735932
66.5023,66.5023,224.0,214.57699785378722,214.13692639770662,-28.196997853787217
66.5218,66.5218,245.0,214.5659378901418,214.12595755549088,-7.185937890141808
66.5413,66.5413,218.0,214.5549137655384,214.1150190035815,-34.1749137655384
66.5607,66.5607,225.0,214.54398190804216,214.10416669061507,-27.163981908042153
66.5802,66.5802,219.0,214.53302973521912,214.09328882350601,-33.153029735219114
66.5996,66.5996,206.0,214.52216956248117,214.08249705584527,-46.142169562481165
66.6191,66.6191,192.0,214.51128980296713,214.07168021849108,-60.131289802967125
66.6385,66.6385,229.0,214.50050197192726,214.06094933885439,-23.12050197192726
66.658,66.658,202.0,214.48969496026473,214.05019387526917,-50.109694960264726
66.6774,66.6774,235.0,214.47897976455027,214.03952422543637,-17.098979764550272
66.6969,66.6969,184.0,214.46824586340736,214.02883047868744,-68.08824586340737
66.7164,66.7164,221.0,214.45754915381463,214.01816779847678,-31.077549153814623
66.7358,66.7358,202.0,214.4469438439649,214.00759071169455,-50.0669438439649
66.7553,66.7553,219.0,214.43632092929408,213.99699026157035,-33.05632092929408
66.7747,66.7747,226.0,214.42578936669858,213.986475255328,-26.04578936669858
66.7942,66.7942,225.0,214.41524076384033,213.97593737596105,-27.035240763840328
66.8136,66.8136,227.0,214.40478340504953,213.96548478870113,-25.024783405049526
66.8331,66.8331,223.0,214.39430964865753,213.95500981979296,-29.014309648657523
66.8526,66.8526,218.0,214.38387356087077,213.94456651449514,-34.003873560870765
66.872,66.872,228.0,214.3735284825246,213.93420826926666,-23.99352848252459
66.8915,66.8915,185.0,214.36316784392858,213.92382838258231,-66.98316784392858
66.9109,66.9109,216.0,214.35289813303154,213.9135333986263,-35.97289813303154
66.9304,66.9304,238.0,214.34261339324885,213.90321726780408,-13.962613393248851
66.9498,66.9498,215.0,214.33241944268622,213.89298588014705,-36.952419442686214
66.9693,66.9693,222.0,214.32221130542928,213.88273384144355,-29.942211305429275
66.9888,66.9888,200.0,214.31204154623217,213.87251405739573,-51.93204154623216
67.0082,67.0082,201.0,214.30196219219914,213.8623787727953,-50.92196219219914
67.0277,67.0277,209.0,214.29186961210843,213.85222358380685,-42.911869612108426
67.0471,67.0471,241.0,214.28186725704842,213.84215272915273,-10.901867257048416
67.0666,67.0666,228.0,214.2718521261674,213.83206246897072,-23.8918521261674
67.086,67.086,224.0,214.26192729978953,213.82205637579474,-27.88192729978953
67.1055,67.1055,207.0,214.25199033988872,213.81203137715198,-44.87199033988872
67.125,67.125,204.0,214.24209248418626,213.80203921804522,-47.862092484186256
67.1444,67.1444,228.0,214.23228482062532,213.79213097058158,-23.85228482062532
67.1639,67.1639,229.0,214.22246589245827,213.78220457062176,-22.84246589245827
67.1833,67.1833,224.0,214.2127366236784,213.77236190944407,-27.832736623678407
67.2028,67.2028,197.0,214.20299707307308,213.7625015987979,-54.822997073073076
67.2222,67.2222,195.0,214.19334702130672,213.75272485186477,-56.81334702130672
67.2417,67.2417,203.0,214.18368711332676,213.7429309596619,-48.80368711332675
67.2612,67.2612,231.0,214.17406740251792,213.73317048557124,-20.794067402517918
67.2806,67.2806,199.0,214.16453697650627,213.72349330822337,-52.78453697650627
67.3001,67.3001,214.0,214.15499777213415,213.71379974473214,-37.77499777213415
67.3195,67.3195,206.0,214.14554771140817,213.70418929740032,-45.76554771140817
67.339,67.339,231.0,214.13608934934052,213.69456297101584,-20.75608934934052
67.3584,67.3584,217.0,214.12672025463326,213.68501957800666,-34.74672025463325
67.3779,67.3779,226.0,214.1173435047828,213.67546081417643,-25.737343504782807
67.3974,67.3974,214.0,214.10800785706914,213.66593604059182,-37.72800785706914
67.4168,67.4168,216.0,214.09876092806203,213.65649392184434,-35.71876092806203
67.4363,67.4363,225.0,214.08950755313091,213.64703719739975,-26.709507553130912
67.4557,67.4557,211.0,214.08034263230817,213.6376629395135,-40.70034263230817
67.4752,67.4752,202.0,214.07117199129746,213.62827458697768,-49.69117199129746
67.4946,67.4946,180.0,214.06208978533544,213.61896851052836,-71.68208978533545
67.5141,67.5141,218.0,214.05300251723068,213.60964885158768,-33.67300251723068
67.5336,67.5336,238.0,214.04395725276729,213.60036374844447,-13.663957252767283
67.553,67.553,229.0,214.03500011622467,213.59116063132342,-22.655000116224663
67.5725,67.5725,198.0,214.02603876236122,213.58194470267208,-53.64603876236122
67.5919,67.5919,228.0,214.01716549570153,213.57281056409676,-23.63716549570153
67.6114,67.6114,202.0,214.00828905853677,213.5636641288884,-49.62828905853677
67.6308,67.6308,238.0,213.9995002625911,213.55459928562536,-13.61950026259111
67.6503,67.6503,215.0,213.99070896704225,213.54552266170603,-36.61070896704225
67.6698,67.6698,227.0,213.98196050965467,213.53648115241563,-24.601960509654667
67.6892,67.6892,215.0,213.97329965288628,213.52752093352382,-36.59329965288628
67.7087,67.7087,191.0,213.96463721993143,213.51854971061155,-60.58463721993143
67.7281,67.7281,225.0,213.95606219571096,213.5096595745142,-26.576062195710954
67.7476,67.7476,230.0,213.9474863751755,213.5007589530343,-21.567486375175484
67.767,67.767,208.0,213.9389978400542,213.49193921260982,-43.55899784005421
67.7865,67.7865,196.0,213.93050910547132,213.48310950648911,-55.55050910547131
67.806,67.806,247.0,213.922064321676,213.47431546696967,-4.542064321676001
67.8254,67.8254,200.0,213.91370656515983,213.4656019955226,-51.533706565159825
67.8449,67.8449,248.0,213.90534989214757,213.45687934052492,-3.5253498921475668
67.8643,67.8643,226.0,213.89708000843382,213.44823704240952,-25.517080008433815
67.8838,67.8838,222.0,213.88881185247655,213.43958608301213,-29.508811852476548
67.9032,67.9032,206.0,213.88063040289956,213.43101526714025,-45.50063040289955
67.9227,67.9227,206.0,213.8724513849906,213.42243631327148,-45.492451384990595
67.9422,67.9422,204.0,213.86431755190299,213.4138935709783,-47.48431755190298
67.9616,67.9616,238.0,213.85627001939753,213.4054306478394,-13.476270019397525
67.9811,67.9811,195.0,213.84822616533143,213.39696037419236,-56.46822616533142
68.0005,68.0005,236.0,213.8402686673311,213.3885697009356,-15.460268667331086
68.02,68.02,221.0,213.8323154358933,213.38017220295822,-30.45231543589329
68.0394,68.0394,222.0,213.8244484537483,213.37185408445015,-29.444448453748286
68.0589,68.0589,230.0,213.81658683676633,213.36352966799333,-21.43658683676633
68.0784,68.0784,213.0,213.80877120112282,213.35524200094972,-38.42877120112282
68.0978,68.0978,220.0,213.80104137306648,213.3470333776662,-31.42104137306648
68.1173,68.1173,211.0,213.79331792684098,213.33881924909682,-40.41331792684098
68.1367,68.1367,210.0,213.78568041017152,213.33068393798362,-41.40568041017152
68.1562,68.1562,205.0,213.77804991577915,213.322543650778,-46.39804991577915
68.1756,68.1756,209.0,213.77050519609696,213.31448195257767,-42.39050519609696
68.1951,68.1951,187.0,213.7629684857243,213.30641580843016,-64.38296848572429
68.2146,68.2146,193.0,213.75547893556933,213.2983869442579,-58.375478935569326
68.234,68.234,219.0,213.74807467790288,213.2904363220962,-32.368074677902875
68.2535,68.2535,223.0,213.74067979492474,213.28248205165315,-28.360679794924742
68.2729,68.2729,213.0,213.73337007000535,213.27460578941228,-38.35337007000535
68.2924,68.2924,188.0,213.7260706370019,213.2667264113749,-63.346070637001894
68.3118,68.3118,226.0,213.71885617385635,213.25892480559472,-25.33885617385635
68.3313,68.3313,231.0,213.71165271720977,213.25112061742172,-20.33165271720977
68.3508,68.3508,203.0,213.70449752636114,213.2433542323718,-48.324497526361135
68.3702,68.3702,193.0,213.69742732558962,213.2356652613532,-58.31742732558961
68.3897,68.3897,183.0,213.69036940367099,213.22797451043746,-68.31036940367099
68.4091,68.4091,215.0,213.68339621983895,213.22036093227706,-36.30339621983895
68.4286,68.4286,216.0,213.6764360815859,213.21274610987984,-35.2964360815859
68.448,68.448,234.0,213.66956068664024,213.20520821683616,-17.289560686640236
68.4675,68.4675,177.0,213.66269903725023,213.19766961610148,-74.28269903725024
68.487,68.487,225.0,213.65588739345537,213.19016933408454,-26.27588739345537
68.5064,68.5064,200.0,213.64916003218374,213.18274561202088,-51.26916003218374
68.5259,68.5259,198.0,213.64244811411712,213.1753219894162,-53.26244811411711
68.5453,68.5453,231.0,213.63582038888862,213.16797467805944,-20.255820388888615
68.5648,68.5648,217.0,213.62920877906444,213.16062800488035,-34.24920877906444
68.5842,68.5842,210.0,213.6226816927925,213.153357392129,-41.242681692792495
68.6037,68.6037,211.0,213.616171482303,213.14608795712567,-40.236171482303
68.6232,68.6232,221.0,213.6097125426558,213.13885734874282,-30.22971254265581
68.6426,68.6426,232.0,213.60333764886676,213.1317024202718,-19.223337648866753
68.6621,68.6621,222.0,213.5969810773365,213.12454948117568,-29.21698107733649
68.6815,68.6815,205.0,213.59070875203076,213.11747196589627,-46.21070875203076
68.701,68.701,235.0,213.58445575825237,213.1103969816499,-16.204455758252372
68.7204,68.7204,216.0,213.57828656046394,213.10339716302192,-35.198286560463934
68.7399,68.7399,201.0,213.5721380394584,213.0964004179026,-50.19213803945839
68.7594,68.7594,214.0,213.5660418509422,213.08944299947586,-37.18604185094221
68.7788,68.7788,219.0,213.56002958297185,213.08256035509692,-32.18002958297185
68.7983,68.7983,221.0,213.55403912600684,213.07568160015083,-30.17403912600684
68.8177,68.8177,226.0,213.54813228159637,213.0688773558087,-25.168132281596364
68.8372,68.8372,235.0,213.54224850931715,213.0620775453769,-16.162248509317145
68.8566,68.8566,207.0,213.5364481483459,213.05535198001405,-44.156448148345895
68.8761,68.8761,241.0,213.53067176703567,213.048631393822,-10.150671767035668
68.8956,68.8956,229.0,213.52494957321755,213.04195062642503,-22.144949573217552
68.915,68.915,208.0,213.5193107556283,213.03534370153477,-43.13931075562831
68.9345,68.9345,208.0,213.513697722305,213.02874257585495,-43.13369772230501
68.9539,68.9539,206.0,213.50816781085354,213.0222150219318,-45.12816781085353
68.9734,68.9734,230.0,213.5026646252523,213.0156938143943,-21.12266462525229
68.9928,68.9928,209.0,213.49724460384448,213.0092459057847,-42.117244603844476
69.0123,69.0123,223.0,213.49185204582767,213.00280489148398,-28.111852045827668
69.0318,69.0318,249.0,213.4865158663189,212.99640417997267,-2.106515866318908
69.0512,69.0512,207.0,213.48126267692084,212.99007635390052,-44.10126267692083
69.0707,69.0707,200.0,213.47603892240087,212.98375624610858,-51.09603892240087
69.0901,69.0901,218.0,213.47089836413113,212.97750874574345,-33.09089836413113
69.1096,69.1096,230.0,213.46578820682203,212.9712695134085,-21.085788206822023
69.129,69.129,234.0,213.46076081371712,212.96510260842214,-17.080760813717113
69.1485,69.1485,214.0,213.45576556523955,212.95894452192854,-37.07576556523954
69.168,69.168,204.0,213.45082816008298,212.95282721397166,-47.070828160082975
69.1874,69.1874,219.0,213.44597368018754,212.94678180901545,-32.06597368018753
69.2069,69.2069,211.0,213.44115244729534,212.94074605026893,-40.061152447295335
69.2263,69.2263,224.0,213.43641476112927,212.93478190929383,-27.05641476112927
69.2458,69.2458,242.0,213.43171108110008,212.92882796672876,-9.051711081100073
69.2652,69.2652,222.0,213.4270907976229,212.9229453546532,-29.047090797622893
69.2847,69.2847,231.0,213.42250638519982,212.9170734938647,-20.04250638519982
69.3042,69.3042,226.0,213.41798197382187,212.9112428789745,-25.037981973821864
69.3236,69.3236,221.0,213.41354053645722,212.905483159436,-30.033540536457217
69.3431,69.3431,225.0,213.4091367875639,212.8997350224591,-26.029136787563907
69.3625,69.3625,192.0,213.40481618352996,212.89405748843458,-59.02481618352996
69.382,69.382,233.0,213.40053483272055,212.88839209149646,-18.02053483272055
69.4014,69.4014,184.0,213.39633639088257,212.88279700307214,-67.01633639088257
69.4209,69.4209,232.0,213.39217847729984,212.87721460689983,-19.012178477299834
69.4403,69.4403,236.0,213.38810362953205,212.87170222276762,-15.008103629532052
69.4598,69.4598,222.0,213.3840701034581,212.86620308668307,-29.004070103458098
69.4793,69.4793,194.0,213.38010027384132,212.86074578479725,-57.00010027384132
69.4987,69.4987,210.0,213.3762135332273,212.8553580460478,-40.996213533227284
69.5182,69.5182,226.0,213.37237053215947,212.8499843909141,-24.992370532159462
69.5376,69.5376,237.0,213.3686111135705,212.84467999737043,-13.988611113570492
69.5571,69.5571,203.0,213.364896407527,212.83939024476857,-47.984896407526996
69.5765,69.5765,225.0,213.36126584256576,212.83416945018922,-25.981265842565755
69.596,69.596,249.0,213.357681494406,212.82896385447128,-1.9776814944059922
69.6155,69.6155,222.0,213.35416321056132,212.82380054062574,-28.974163210561322
69.6349,69.6349,210.0,213.3507285270083,212.8187057252758,-40.9707285270083
69.6544,69.6544,213.0,213.347342412349,212.81362694747497,-37.967342412349005
69.6738,69.6738,218.0,213.34404085738058,212.80861635956535,-32.964040857380574
69.6933,69.6933,231.0,213.34078914721556,212.80362236856246,-19.960789147215557
69.7127,69.7127,238.0,213.3376217710256,212.79869625683997,-12.957621771025593
69.7322,69.7322,219.0,213.3345064689107,212.79378730193827,-31.954506468910687
69.7517,69.7517,211.0,213.33145992059033,212.78892106774063,-39.95145992059033
69.7711,69.7711,220.0,213.32849767326192,212.78412224274993,-30.94849767326192
69.7906,69.7906,234.0,213.32558984042694,212.7793414161918,-16.94558984042694
69.81,69.81,223.0,213.322766645998,212.77462768322974,-27.942766645998
69.8295,69.8295,214.0,213.31999986738492,212.76993250995903,-36.93999986738492
69.8489,69.8489,240.0,213.31731764669775,212.76530411268186,-10.937317646697743
69.8684,69.8684,237.0,213.31469356239094,212.7606948368737,-13.93469356239094
69.8879,69.8879,207.0,213.312141269132,212.75612871162073,-43.93214126913201
69.9073,69.9073,201.0,213.3096745204804,212.75162888181976,-49.9296745204804
69.9268,69.9268,207.0,213.30726864788969,212.74714901782667,-43.92726864788968
69.9462,69.9462,221.0,213.30494815068437,212.7427351267209,-29.924948150684365
69.9657,69.9657,227.0,213.30269023027577,212.73834176445098,-23.92269023027577
69.9851,69.9851,237.0,213.30051804820485,212.73401405052752,-13.920518048204848
70.0046,70.0046,192.0,213.29841030863133,212.72970742894873,-58.91841030863133
70.0241,70.0241,213.0,213.29637853772957,212.72544437865696,-37.916378537729564
70.0435,70.0435,207.0,213.2944334913375,212.72124648578264,-43.91443349133748
70.063,70.063,201.0,213.29255594705825,212.71707053211955,-49.912555947058244
70.0824,70.0824,218.0,213.29076520278954,212.71295940641,-32.91076520278954
70.1019,70.1019,237.0,213.2890433985889,212.7088707845753,-13.909043398588885
70.1213,70.1213,223.0,213.2874099457788,212.70484665926966,-27.907409945778788
70.1408,70.1408,206.0,213.28584721334633,212.70084560294526,-44.90584721334633
70.1603,70.1603,235.0,213.28436572502022,212.69688852938123,-15.90436572502022
70.1797,70.1797,197.0,213.28297217160096,212.6929954511129,-53.90297217160096
70.1992,70.1992,220.0,213.28165345745438,212.68912629101823,-30.90165345745438
70.2186,70.2186,225.0,213.28042349582782,212.68532078991132,-25.900423495827816
70.2381,70.2381,209.0,213.27927046172786,212.681539773143,-41.89927046172786
70.2575,70.2575,206.0,213.27820696982445,212.67782207711028,-44.89820696982445
70.277,70.277,223.0,213.23887968306883,212.67412943198488,-27.858879683068828
70.2965,70.2965,215.0,213.23803699892144,212.67048117169642,-35.85803699892144
70.3159,70.3159,254.0,213.23728548392512,212.6668957206906,3.142714516074882
70.3354,70.3354,212.0,213.23661608690796,212.6633361719069,-38.856616086907955
70.3548,70.3548,214.0,213.2360380590142,212.65983908931133,-36.85603805901419
70.3743,70.3743,210.0,213.2355460894888,212.6563684764677,-40.85554608948879
70.3937,70.3937,236.0,213.21597905664817,212.65295998478993,-14.835979056648164
70.4132,70.4132,208.0,213.2156949862458,212.64957853075848,-42.835694986245805
70.4327,70.4327,212.0,213.21550223340716,212.6462418541047,-38.83550223340716
70.4521,70.4521,199.0,213.21540240339712,212.64296677703146,-51.83540240339712
70.4716,70.4716,190.0,213.21539571354253,212.6397195908359,-60.83539571354253
70.491,70.491,215.0,213.21548238454986,212.6365336543982,-35.835482384549856
70.5105,70.5105,211.0,213.21566510334168,212.63337617759518,-39.835665103341675
70.5299,70.5299,220.0,213.21594219131154,212.63027959881677,-30.83594219131154
70.5494,70.5494,219.0,213.21631753310305,212.62721204875518,-31.83631753310305
70.5689,70.5689,218.0,213.21679234352757,212.62418965893752,-32.83679234352757
70.5883,70.5883,227.0,213.21736311410697,212.62122763551562,-23.83736311410697
70.6078,70.6078,217.0,213.21803780051252,212.61829549575066,-33.83803780051252
70.6272,70.6272,235.0,213.21880970724715,212.61542336589068,-15.838809707247144
70.6467,70.6467,221.0,213.21968858606667,212.6125816895329,-29.839688586066664
70.6661,70.6661,194.0,213.22066624115075,212.60979966469603,-56.84066624115075
70.6856,70.6856,221.0,213.22175399978698,212.60704866349184,-29.84175399978698
70.7051,70.7051,236.0,213.22294915702153,212.60434319558428,-14.842949157021529
70.7245,70.7245,219.0,213.2242449260747,212.601696837617,-31.8442449260747
70.744,70.744,188.0,213.22565658931472,212.59908235972102,-62.84565658931472
70.7634,70.7634,223.0,213.22717104937945,212.59652662866762,-27.847171049379448
70.7829,70.7829,221.0,213.22880427060028,212.5940033484787,-29.848804270600276
70.8023,70.8023,204.0,213.2305423008465,212.59153845015916,-46.850542300846506
70.8218,70.8218,213.0,213.23240445929562,212.58910657374196,-37.85240445929562
70.8413,70.8413,264.0,213.23438271859172,212.58672059372213,13.145617281408285
70.8607,70.8607,214.0,213.23646809047634,212.58439244413273,-36.85646809047633
70.8802,70.8802,216.0,213.23868258295818,212.5820981741706,-34.858682582958174
70.8996,70.8996,232.0,213.24100717665064,212.5798613649972,-18.861007176650638
70.9191,70.9191,227.0,213.24346539572227,212.57765900705027,-23.863465395722265
70.9385,70.9385,211.0,213.24603467792372,212.575513738393,-39.866034677923714
70.958,70.958,229.0,213.24874378255276,212.5734034927653,-21.868743782552762
70.9775,70.9775,217.0,213.25157969329635,212.57133949654465,-33.87157969329635
70.9969,70.9969,212.0,213.25453053619216,212.569332028412,-38.87453053619216
71.0164,71.0164,215.0,213.25762865173127,212.56736044210575,-35.877628651731264
71.0358,71.0358,201.0,213.26084301514626,212.56544500776596,-49.88084301514626
71.0553,71.0553,223.0,213.26420984490267,212.56356602751447,-27.884209844902664
71.0747,71.0747,217.0,213.26769550399382,212.56174282126915,-33.88769550399382
71.0942,71.0942,230.0,213.27133885123033,212.55995664153676,-20.891338851230323
71.1137,71.1137,224.0,213.27512360410918,212.5582170539915,-26.89512360410918
71.1331,71.1331,200.0,213.27903234593418,212.5565326695856,-50.89903234593418
71.1526,71.1526,213.0,213.28310801094534,212.55488617134512,-37.90310801094534
71.172,71.172,217.0,213.28730983525242,212.5532944937082,-33.90730983525241
71.1915,71.1915,215.0,213.29168451586008,212.55174127501658,-35.91168451586008
71.2109,71.2109,201.0,213.2961893685888,212.55024249257306,-49.91618936858881
71.2304,71.2304,237.0,213.30087220053127,212.54878274197594,-13.92087220053127
71.2499,71.2499,189.0,213.30571537531515,212.5473699159774,-61.92571537531514
71.2693,71.2693,233.0,213.31069347584037,212.54601094579508,-17.930693475840364
71.2888,71.2888,209.0,213.31586154783196,212.54469186774853,-41.935861547831955
71.3082,71.3082,200.0,213.3211691648618,212.54342625663512,-50.9411691648618
71.3277,71.3277,220.0,213.32667273234037,212.54220111080934,-30.946672732340367
71.3471,71.3471,225.0,213.33232198198695,212.5410290412334,-25.952321981986948
71.3666,71.3666,170.0,213.33817485763436,212.5398980101761,-80.95817485763436
71.3861,71.3861,229.0,213.34420805686457,212.53881422562165,-21.96420805686457
71.4055,71.4055,212.0,213.35039208426312,212.537782927422,-38.97039208426312
71.425,71.425,244.0,213.35679249255827,212.53679352844654,-6.976792492558268
71.4444,71.4444,232.0,213.3633494904162,212.53585622066424,-18.983349490416195
71.4639,71.4639,224.0,213.37013446236642,212.53496138548226,-26.99013446236642
71.4833,71.4833,232.0,213.3770795184049,212.5341182445513,-18.99707951840491
71.5028,71.5028,222.0,213.38426217164687,212.5333181496336,-29.004262171646864
71.5223,71.5223,221.0,213.391648117331,212.53256561247682,-30.011648117330985
71.5417,71.5417,218.0,213.39920655263327,212.5318641703171,-33.01920655263327
71.5612,71.5612,216.0,213.4070151683682,212.53120663506954,-35.02701516836819
71.5806,71.5806,199.0,213.41500067996776,212.5305997934484,-52.03500067996776
71.6001,71.6001,216.0,213.42325071610918,212.53003743219108,-35.04325071610918
71.6195,71.6195,189.0,213.43168285429513,212.5295253614293,-62.05168285429513
71.639,71.639,208.0,213.44039089224702,212.529058344477,-43.06039089224702
71.6585,71.6585,210.0,213.44933525018413,212.52863918575875,-41.06933525018413
71.6779,71.6779,221.0,213.4584748454254,212.5282697090296,-30.078474845425397
71.6974,71.6974,243.0,213.4679101496108,212.5279461469769,-8.087910149610785
71.7168,71.7168,229.0,213.47754756196855,212.52767185940513,-22.097547561968547
71.7363,71.7363,245.0,213.4874938029135,212.52744405988656,-6.107493802913488
71.7557,71.7557,219.0,213.49765232458103,212.5272651256011,-32.11765232458102
71.7752,71.7752,218.0,213.50813206366854,212.52713325269627,-33.12813206366854
71.7947,71.7947,203.0,213.51889232477103,212.52704952757517,-48.13889232477103
71.8141,71.8141,242.0,213.52987831645183,212.5270140500363,-9.149878316451826
71.8336,71.8336,189.0,213.54121210166878,212.52702649448645,-62.161212101668774
71.853,71.853,206.0,213.55278417937,212.5270867729459,-45.172784179370005
71.8725,71.8725,217.0,213.56471880716333,212.52719554654416,-34.18471880716333
71.8919,71.8919,216.0,213.57690452537636,212.5273517388603,-35.19690452537636
71.9114,71.9114,210.0,213.58947525748638,212.52755699937228,-41.20947525748638
71.9309,71.9309,208.0,213.60237569499475,212.52781068615514,-43.222375694994746
71.9503,71.9503,226.0,213.61554405038137,212.52811116497114,-25.23554405038137
71.9698,71.9698,234.0,213.62912473691495,212.52846157210342,-17.249124736914943
71.9892,71.9892,225.0,213.6429931059264,212.52885835170522,-26.26299310592639
72.0087,72.0087,247.0,213.6572947989033,212.52930563239318,-4.277294798903306
72.0281,72.0281,218.0,213.67189659414666,212.52979886428986,-33.29189659414666
72.0476,72.0476,192.0,213.6869604692421,212.53034316990573,-59.30696046924211
72.0671,72.0671,205.0,213.70241730334624,212.53093616907836,-46.322417303346235
72.0865,72.0865,210.0,213.7182040712226,212.53157448385411,-41.3382040712226
72.106,72.106,218.0,213.73448709864186,212.5322647317499,-33.35448709864186
72.1254,72.1254,203.0,213.75111564083562,212.5329998697701,-48.37111564083562
72.1449,72.1449,243.0,213.76827455559598,212.53378751314563,-8.388274555595977
72.1643,72.1643,236.0,213.78579705575802,212.5346196194914,-15.405797055758022
72.1838,72.1838,211.0,213.8038802669618,212.53550480324657,-40.42388026696181
72.2032,72.2032,234.0,213.82235193502285,212.5364340211489,-17.44235193502285
72.2227,72.2227,236.0,213.8414137957422,212.53741688832054,-15.461413795742196
72.2422,72.2422,236.0,213.86099494494113,212.53844877599408,-15.480994944941123
72.2616,72.2616,251.0,213.8810002482168,212.53952405090902,-0.5010002482167906
72.2811,72.2811,208.0,213.90165598830941,212.54065383322595,-43.52165598830941
72.3005,72.3005,177.0,213.92276685157734,212.54182656981433,-74.54276685157734
72.32,72.32,198.0,213.94456451512323,212.54305438512318,-53.56456451512323
72.3394,72.3394,216.0,213.96685043468878,212.5443247200869,-35.58685043468878
72.3589,72.3589,207.0,213.98987466592556,212.54565070485057,-44.60987466592555
72.3784,72.3784,226.0,214.01354189955282,212.5470259512792,-25.633541899552817
72.3978,72.3978,233.0,214.037744670582,212.54844306180144,-18.657744670581984
72.4173,72.4173,211.0,214.0627549519843,212.54991667900003,-40.682754951984286
72.4367,72.4367,229.0,214.08834979131194,212.55143172158506,-22.70834979131194
72.4562,72.4562,231.0,214.1148050794029,212.55300384127162,-20.73480507940291
72.4756,72.4756,233.0,214.1418819998169,212.55461694601365,-18.761881999816886
72.4951,72.4951,219.0,214.16988917910098,212.55628769799804,-32.789889179100975
72.5146,72.5146,202.0,214.19870755723775,212.55800794115322,-49.81870755723775
72.534,72.534,232.0,214.22822779537321,212.55976850526687,-19.848227795373212
72.5535,72.5535,224.0,214.25877090419692,212.56158757200438,-27.87877090419692
72.5729,72.5729,219.0,214.29006381196587,212.56344651533638,-32.91006381196586
72.5924,72.5924,230.0,214.32246643785643,212.5653645306648,-21.94246643785643
72.6118,72.6118,204.0,214.3556748195212,212.56732197662302,-47.975674819521196
72.6313,72.6313,207.0,214.39007496943674,212.56933906362005,-45.01007496943674
72.6508,72.6508,220.0,214.42553305717456,212.57140585949767,-32.04553305717456
72.6702,72.6702,253.0,214.46190610800235,212.57351141349397,0.9180938919976498
72.6897,72.6897,222.0,214.4996169189921,212.57567746217552,-30.1196169189921
72.7091,72.7091,216.0,214.53831559309313,212.5778818190366,-36.15831559309313
72.7286,72.7286,181.0,214.5784573307081,212.58014723874186,-71.1984573307081
72.748,72.748,239.0,214.6196800607416,212.58245051511037,-13.239680060741584
72.7675,72.7675,233.0,214.66245518643436,212.58481542210586,-19.282455186434355
72.787,72.787,239.0,214.70664950766755,212.5872302437571,-13.326649507667547
72.8064,72.8064,207.0,214.75207070650214,212.58968224127034,-45.372070706502136
72.8259,72.8259,230.0,214.79926233289956,212.59219672107915,-22.419262332899557
72.8453,72.8453,218.0,214.84779640634466,212.5947479213186,-34.467796406344654
72.8648,72.8648,226.0,214.89824547123857,212.5973621706372,-26.518245471238565
72.8842,72.8842,223.0,214.95018762809184,212.60001268340199,-29.570187628091837
72.9037,72.9037,215.0,215.0042124769175,212.60272681160657,-37.6242124769175
72.9232,72.9232,226.0,215.0601640010347,212.60549104816823,-26.680164001034704
72.9426,72.9426,208.0,215.1178140010886,212.60829085921097,-44.73781400108859
72.9621,72.9621,229.0,215.1778526310281,212.61115513513926,-23.797852631028086
72.9815,72.9815,220.0,215.2397902768631,212.61405452470956,-32.85979027686309
73.001,73.001,220.0,215.30434060476483,212.61701894440998,-32.92434060476483
73.0204,73.0204,234.0,215.37097385798788,212.62001801538457,-18.990973857987875
73.0399,73.0399,236.0,215.44050466796105,212.62308268126392,-17.060504667961048
73.0594,73.0594,221.0,215.51270029661782,212.62619763698933,-32.13270029661782
73.0788,73.0788,191.0,215.58734751096787,212.62934654698802,-62.20734751096787
73.0983,73.0983,235.0,215.66532277065107,212.63256189886764,-18.28532277065107
73.1177,73.1177,206.0,215.74600502545215,212.6358107388597,-47.36600502545215
73.1372,73.1372,214.0,215.83040109255046,212.63912658427313,-39.45040109255046
73.1566,73.1566,207.0,215.9178022414114,212.64247545013416,-46.537802241411406
73.1761,73.1761,250.0,216.00931894063297,212.64589188443978,-3.629318940632963
73.1956,73.1956,243.0,216.10469806964366,212.6493587777293,-10.724698069643658
73.215,73.215,251.0,216.20365592231394,212.65285798655998,-2.8236559223139395
73.2345,73.2345,204.0,216.3074580534923,212.6564256080929,-49.927458053492295
73.2539,73.2539,248.0,216.41526392930948,212.6600250737717,-6.0352639293094725
73.2734,73.2734,207.0,216.52848523353137,212.66369351382264,-47.14848523353137
73.2928,73.2928,204.0,216.64622199033317,212.6673933251454,-50.26622199033317
73.3123,73.3123,212.0,216.77000172424204,212.67116267194524,-42.39000172424203
73.3318,73.3318,238.0,216.89961655927067,212.67498263437682,-16.519616559270666
73.3512,73.3512,229.0,217.03467276927987,212.6788332554009,-25.654672769279863
73.3707,73.3707,212.0,217.17699150031504,212.68275425318973,-42.79699150031504
73.3901,73.3901,225.0,217.32550060760195,212.68670543303006,-29.94550060760195
73.4096,73.4096,233.0,217.48218819743897,212.69072754926685,-22.10218819743897
73.429,73.429,240.0,217.64601126206932,212.69477936956096,-15.26601126206932
73.4485,73.4485,233.0,217.81910567549755,212.69890268527,-22.43910567549755
73.468,73.468,208.0,218.0013128210339,212.70307676062993,-47.621312821033904
73.4874,73.4874,206.0,218.1922033224469,212.70727981972928,-49.812203322446884
73.5069,73.5069,225.0,218.39443468536095,212.71155521230827,-31.014434685360946
73.5263,73.5263,217.0,218.6067706645685,212.71585910703016,-39.2267706645685
73.5458,73.5458,237.0,218.83209993844642,212.72023589265578,-19.452099938446416
73.5652,73.5652,235.0,219.06906586363175,212.72464069740064,-21.689065863631747
73.5847,73.5847,199.0,219.3211106543001,212.72911894981155,-57.9411106543001
73.6042,73.6042,228.0,219.58807407606258,212.73364809312488,-29.20807407606258
73.6236,73.6236,219.0,219.86962565575652,212.73820452773793,-38.48962565575652
73.6431,73.6431,247.0,220.1699487903251,212.74283524460313,-10.789948790325091
73.6625,73.6625,182.0,220.48739416858234,212.74749276620756,-76.10739416858235
73.682,73.682,208.0,220.82679847532071,212.75222512511004,-50.44679847532071
73.7014,73.7014,213.0,221.18627031546166,212.75698380079055,-45.80627031546165
73.7209,73.7209,200.0,221.57146148255518,212.76181786810432,-59.19146148255518
73.7404,73.7404,217.0,221.98247342694043,212.7667029446656,-42.60247342694043
73.7598,73.7598,233.0,222.41936458897635,212.77161360282267,-27.039364588976348
73.7793,73.7793,236.0,222.88910999509767,212.77660048346286,-24.509109995097667
73.7987,73.7987,228.0,223.38945197518765,212.78161245426725,-33.00945197518765
73.8182,73.8182,217.0,223.9286319663082,212.7867012000505,-44.548631966308186
73.8376,73.8376,241.0,224.5042070360837,212.79181454319257,-21.124207036083696
73.8571,73.8571,236.0,225.1256496580338,212.79700521304895,-26.745649658033805
73.8766,73.8766,211.0,225.79423750531032,212.802246997453,-52.41423750531032
73.896,73.896,230.0,226.51014822627673,212.8075126368118,-34.130148226276724
73.9155,73.9155,234.0,227.28556934407587,212.81285642973896,-30.905569344075865
73.9349,73.9349,246.0,228.11730553482656,212.81822358141284,-19.737305534826554
73.9544,73.9544,224.0,229.01930951500535,212.82366943642702,-42.639309515005344
73.9738,73.9738,210.0,229.98848341575038,212.82913815263325,-57.60848341575038
73.9933,73.9933,226.0,231.0403840006736,212.83468612114166,-42.66038400067361
74.0128,74.0128,233.0,232.1771896112614,212.84028529631385,-36.79718961126141
74.0322,74.0322,233.0,233.3987106031813,212.84590658319536,-38.01871060318131
74.0517,74.0517,248.0,234.7245899243485,212.8516079449754,-24.34458992434849
74.0711,74.0711,258.0,236.14765606751826,212.85733091757595,-15.767656067518253
74.0906,74.0906,223.0,237.6889004075189,212.86313451194823,-52.3089004075189
74.11,74.11,252.0,239.3382925909796,212.8689592149334,-24.95829259097959
74.1295,74.1295,233.0,241.1172740156084,212.8748650857033,-45.737274015608385
74.149,74.149,213.0,243.01975579013592,212.88082224193053,-67.63975579013592
74.1684,74.1684,228.0,245.03465240493773,212.8867997503543,-54.65465240493773
74.1879,74.1879,230.0,247.17829182046205,212.8928592446375,-54.79829182046205
74.2073,74.2073,264.0,249.42027346766042,212.89893858564517,-23.04027346766042
74.2268,74.2268,216.0,251.76851332617522,212.9051004563104,-73.38851332617523
74.2462,74.2462,215.0,254.17585151272436,212.9112816669371,-76.79585151272437
74.2657,74.2657,251.0,256.63674961229697,212.91754595010875,-43.256749612296964
74.2852,74.2852,240.0,259.0980995149572,212.9238615840697,-56.718099514957196
74.3046,74.3046,263.0,261.50021565446656,212.93019579478963,-36.120215654466556
74.3241,74.3241,257.0,263.8127474858223,212.9366138913415,-44.43274748582228
74.3435,74.3435,238.0,265.95256844497163,212.9430500546955,-65.57256844497164
74.363,74.363,255.0,267.88313944213115,212.94957064442684,-50.50313944213115
74.3824,74.3824,256.0,269.5304010652166,212.95610878974097,-51.150401065216606
74.4019,74.4019,242.0,270.86753021800666,212.96273190101599,-66.48753021800667
74.4214,74.4214,237.0,271.8560323373102,212.96940641481203,-72.47603233731019
74.4408,74.4408,245.0,272.4804109315801,212.97609771435185,-65.10041093158009
74.4603,74.4603,243.0,272.75125224518035,212.98287478808356,-67.37125224518036
74.4797,74.4797,258.0,272.68375054850543,212.98966813321758,-52.30375054850543
74.4992,74.4992,253.0,272.30481418035515,212.996547789657,-56.92481418035515
74.5186,74.5186,266.0,271.65108074325855,213.00344320192346,-43.271080743258544
74.5381,74.5381,308.0,270.7480146594731,213.01042546159545,-0.3680146594730829
74.5576,74.5576,268.0,269.6261921569776,213.01745916178112,-39.24619215697759
74.577,74.577,232.0,268.3170567963587,213.0245078414701,-73.93705679635872
74.5965,74.5965,245.0,266.8257164861526,213.03164417146914,-59.4457164861526
74.6159,74.6159,287.0,265.18435181032277,213.03879496234697,-15.804351810322764
74.6354,74.6354,292.0,263.3920469751938,213.04603393703567,-9.012046975193805
74.6548,74.6548,259.0,261.48503906775255,213.05328685277414,-40.10503906775255
74.6743,74.6743,287.0,259.4654249380028,213.06062848475932,-10.085424938002795
74.6938,74.6938,274.0,257.36873135035546,213.0680215813729,-20.988731350355458
74.7132,74.7132,292.0,255.23428694840035,213.07542783638135,-0.8542869484003504
74.7327,74.7327,253.0,253.06991576137324,213.08292360494215,-37.689915761373236
74.7521,74.7521,277.0,250.9255712816307,213.09043200909304,-11.545571281630707
74.7716,74.7716,294.0,248.80523040920204,213.0980304565027,7.574769590797963
74.791,74.791,259.0,246.7533822380523,213.10564101552274,-25.373382238052294
74.8105,74.8105,261.0,244.76620752611282,213.11334214639058,-21.38620752611282
74.83,74.83,286.0,242.86849884539328,213.1210947519849,5.5115011546067265
74.8494,74.8494,275.0,241.0774096011403,213.12885868035968,-3.6974096011402864
74.8689,74.8689,292.0,239.37951669391356,213.1367139720143,15.000483306086444
74.8883,74.8883,266.0,237.7944838000265,213.14458005956874,-9.41448380002651
74.9078,74.9078,272.0,236.30485448318507,213.15253803613143,-1.9248544831850651
74.9272,74.9272,233.0,234.9237114299701,213.1605062805685,-39.543711429970095
74.9467,74.9467,273.0,233.63268611725604,213.16856693857224,1.7473138827439598
74.9662,74.9662,271.0,232.43427595245828,213.17667906724523,0.9457240475417237
74.9856,74.9856,235.0,231.328644315845,213.18480066894543,-33.948644315844994
75.0051,75.0051,261.0,230.29864641335698,213.19301546949416,-6.918646413356974
75.0245,75.0245,243.0,229.3495186704256,213.2012392122194,-23.969518670425593
75.044,75.044,252.0,228.4658161822184,213.20955667535867,-14.085816182218387
75.0634,75.0634,270.0,227.6511918860956,213.2178825487096,4.7288081139044
75.0829,75.0829,279.0,226.8925074752015,213.22630266281698,14.48749252479849
75.1023,75.1023,220.0,226.19251761797292,213.23473065406554,-43.81251761797292
75.1218,75.1218,243.0,225.53958298397748,213.24325340517467,-20.15958298397748
75.1413,75.1413,206.0,224.93348808306175,213.25182760071647,-56.553488083061744
75.1607,75.1607,240.0,224.37304093192267,213.2604088710522,-21.99304093192267
75.1802,75.1802,232.0,223.84918827891113,213.26908567821357,-29.469188278911126
75.1996,75.1996,259.0,223.363917868912,213.277769024372,-1.983917868912009
75.2191,75.2191,245.0,222.90930464975955,213.2865484232958,-15.529304649759545
75.2385,75.2385,222.0,222.48747047265238,213.29533382434533,-38.10747047265237
75.258,75.258,253.0,222.09150948978868,213.30421579280818,-6.711509489788675
75.2775,75.2775,213.0,221.72158258805695,213.31314916877147,-46.341582588056944
75.2969,75.2969,240.0,221.37721892163606,213.32208773886538,-18.997218921636055
75.3164,75.3164,221.0,221.05302155909763,213.33112364654679,-37.67302155909763
75.3358,75.3358,240.0,220.75072044388972,213.34016420883896,-18.370720443889716
75.3553,75.3553,249.0,220.46557719177093,213.34930262006773,-9.08557719177093
75.3747,75.3747,250.0,220.19919523760177,213.35844514534435,-7.819195237601768
75.3942,75.3942,226.0,219.94750333490686,213.36768602956087,-31.567503334906853
75.4137,75.4137,229.0,219.71074307854425,213.37697826973417,-28.330743078544252
75.4331,75.4331,243.0,219.48894667202842,213.38627381047732,-14.108946672028416
75.4526,75.4526,226.0,219.27881804075034,213.39566847326,-30.898818040750335
75.472,75.472,257.0,219.08167844653633,213.40506589348018,0.29832155346367273
75.4915,75.4915,247.0,218.8946400802796,213.41456294230875,-9.514640080279598
75.5109,75.5109,245.0,218.71885374164992,213.42406220443127,-11.33885374164992
75.5304,75.5304,224.0,218.55187803263604,213.43366160033077,-32.17187803263604
75.5499,75.5499,227.0,218.39391618189978,213.44331228589317,-29.01391618189978
75.5693,75.5693,207.0,218.2451913590926,213.452964365956,-48.865191359092584
75.5888,75.5888,249.0,218.1036063109202,213.46271733553488,-6.723606310920211
75.6082,75.6082,237.0,217.97010400073842,213.47247115298114,-18.590104000738414
75.6277,75.6277,192.0,217.8428959142233,213.48232636154123,-63.4628959142233
75.6471,75.6471,217.0,217.722814538832,213.4921818703567,-38.34281453883201
75.6666,75.6666,246.0,217.60822844850864,213.50213927042864,-9.228228448508638
75.6861,75.6861,236.0,217.49943798919557,213.5121478789806,-19.119437989195568
75.7055,75.7055,242.0,217.39659400147076,213.5221559638481,-13.016594001470757
75.725,75.725,206.0,217.29835933872857,213.53226668806252,-48.91835933872857
75.7444,75.7444,228.0,217.20541277023884,213.54237633857215,-26.825412770238835
75.7639,75.7639,245.0,217.11652491841755,213.5525891248631,-9.736524918417551
75.7833,75.7833,214.0,217.0323833043081,213.56280028648231,-40.652383304308096
75.8028,75.8028,237.0,216.95185969478933,213.57311507880686,-17.57185969478933
75.8223,75.8223,206.0,216.87521221968942,213.5834809834007,-48.495212219689414
75.8417,75.8417,219.0,216.80255591754525,213.59384443440814,-35.422555917545246
75.8612,75.8612,211.0,216.73298538204907,213.60431225627266,-43.35298538204906
75.8806,75.8806,196.0,216.66702352785254,213.61477707125778,-58.28702352785253
75.9001,75.9001,242.0,216.6038131450949,213.62534674817692,-12.223813145094901
75.9195,75.9195,219.0,216.5438667734255,213.63591286401032,-35.16386677342549
75.939,75.939,227.0,216.48640799004784,213.6465843312888,-27.106407990047835
75.9585,75.9585,226.0,216.4316183228255,213.65730679945938,-28.051618322825497
75.9779,75.9779,215.0,216.3796263167159,213.66802487282803,-38.9996263167159
75.9974,75.9974,228.0,216.32976765151471,213.67884902956268,-25.949767651514712
76.0168,76.0168,224.0,216.28245592776415,213.68966823504593,-29.902455927764144
76.0363,76.0363,215.0,216.23708636742012,213.7005940094196,-38.857086367420116
76.0557,76.0557,236.0,216.19402070474646,213.7115142752124,-17.81402070474646
76.0752,76.0752,237.0,216.15273617264629,213.7225415937982,-16.772736172646283
76.0947,76.0947,208.0,216.11334475558695,213.7336197865934,-45.73334475558695
76.1141,76.1141,217.0,216.0759690895361,213.74469163246613,-36.6959690895361
76.1336,76.1336,226.0,216.04013561059284,213.75587125452714,-27.66013561059284
76.153,76.153,214.0,216.00613513613473,213.7670439701772,-39.62613513613473
76.1725,76.1725,227.0,215.9735587563438,213.77832494179097,-26.593558756343803
76.1919,76.1919,227.0,215.9426583457083,213.78959844665917,-26.562658345708307
76.2114,76.2114,215.0,215.91305147486568,213.80098068558814,-38.53305147486568
76.2309,76.2309,237.0,215.8848463060374,213.81241365659972,-16.504846306037386
76.2503,76.2503,223.0,215.85812442265214,213.82383831807613,-30.478124422652137
76.2698,76.2698,251.0,215.83255549168646,213.83537242818684,-2.4525554916864607
76.2892,76.2892,253.0,215.80833613521776,213.84689766635398,-0.42833613521775504
76.3087,76.3087,195.0,215.78518410561765,213.85853282698358,-58.40518410561764
76.3281,76.3281,229.0,215.76328366538672,213.87015855244925,-24.38328366538672
76.3476,76.3476,236.0,215.74236175762914,213.8818946724704,-17.362361757629138
76.3671,76.3671,230.0,215.72250446115197,213.89368136686437,-23.342504461151968
76.3865,76.3865,210.0,215.70374929637583,213.9054577790371,-43.32374929637583
76.406,76.406,239.0,215.68587894807763,213.91734529121817,-14.305878948077627
76.4254,76.4254,225.0,215.66903467858995,213.92922195596998,-28.28903467858995
76.4449,76.4449,252.0,215.65300615135305,213.94121018841162,-1.2730061513530515
76.4643,76.4643,254.0,215.63793222975752,213.95318700743866,0.7420677702424783
76.4838,76.4838,211.0,215.6236221885927,213.96527586004476,-42.24362218859269
76.5033,76.5033,206.0,215.61012780763738,213.9774151135922,-47.23012780763738
76.5227,76.5227,219.0,215.59748239424354,213.989542102582,-34.21748239424354
76.5422,76.5422,213.0,215.5855259623808,214.0017818211822,-40.20552596238081
76.5616,76.5616,228.0,215.57436186909723,214.01400870733903,-25.19436186909723
76.5811,76.5811,222.0,215.56384639461123,214.02634878444024,-31.18384639461123
76.6005,76.6005,212.0,215.55406315048597,214.03867546046996,-41.17406315048597
76.62,76.62,205.0,215.54489566894225,214.0511157869282,-48.16489566894224
76.6395,76.6395,219.0,215.53636364748664,214.0636063250357,-34.156363647486636
76.6589,76.6589,220.0,215.52849398184028,214.07608260702713,-33.14849398184028
76.6784,76.6784,226.0,215.52118055220117,214.08867322575415,-27.14118055220117
76.6978,76.6978,198.0,215.51448466799783,214.10124901792463,-55.13448466799783
76.7173,76.7173,199.0,215.50831920235592,214.11393960161493,-54.12831920235592
76.7367,76.7367,223.0,215.50272255232323,214.1266147876014,-30.122722552323232
76.7562,76.7562,218.0,215.49762893382956,214.13940521798398,-35.11762893382956
76.7757,76.7757,193.0,215.4930469824804,214.15224565472445,-60.11304698248039
76.7951,76.7951,212.0,215.4889856733002,214.1650698350016,-41.10898567330019
76.8146,76.8146,209.0,215.48538869317713,214.17800993595228,-44.105388693177126
76.834,76.834,236.0,215.48227219249588,214.19093320756917,-17.10227219249588
76.8535,76.8535,207.0,215.4795980682769,214.20397284789038,-46.09959806827691
76.8729,76.8729,208.0,215.47737790899356,214.2169950853365,-45.09737790899356
76.8924,76.8924,198.0,215.47557445144005,214.23013413755118,-55.09557445144005
76.9119,76.9119,211.0,215.4741945223106,214.24332297469434,-42.094194522310595
76.9313,76.9313,224.0,215.47322241043796,214.2564935466762,-29.093222410437953
76.9508,76.9508,213.0,215.47264381492866,214.2697815993674,-40.09264381492866
76.9702,76.9702,225.0,215.4724512618058,214.2830508117231,-28.092451261805785
76.9897,76.9897,211.0,215.47263114621427,214.29643794586016,-42.092631146214266
77.0091,77.0091,201.0,215.4731756264156,214.30980566385287,-52.09317562641561
77.0286,77.0286,222.0,215.47407826658844,214.32329174267363,-31.094078266588433
77.0481,77.0481,200.0,215.4753294952249,214.33682736871663,-53.09532949522491
77.0675,77.0675,221.0,215.47691037856194,214.35034271299293,-32.09691037856194
77.087,77.087,222.0,215.4788276277609,214.36397707339214,-31.09882762776089
77.1064,77.1064,239.0,215.48105639994526,214.37759057467406,-14.101056399945257
77.1259,77.1259,214.0,215.48360911541178,214.39132352598577,-39.10360911541178
77.1453,77.1453,249.0,215.48645485728863,214.4050350402316,-4.106454857288632
77.1648,77.1648,210.0,215.48961552079342,214.41886643632947,-43.10961552079342
77.1843,77.1843,230.0,215.4930660479317,214.43274712552744,-23.113066047931703
77.2037,77.2037,192.0,215.49678414823373,214.44660550889398,-61.11678414823373
77.2232,77.2232,215.0,215.5007985042939,214.46058441844988,-38.120798504293894
77.2426,77.2426,210.0,215.50506457041317,214.47454044277634,-43.125064570413166
77.2621,77.2621,202.0,215.50962002774688,214.48861741982574,-51.129620027746874
77.2815,77.2815,210.0,215.51440828144098,214.5026709316866,-43.134408281440976
77.301,77.301,194.0,215.51947756325708,214.5168458206599,-59.13947756325708
77.3205,77.3205,238.0,215.52479524787637,214.53106973205678,-15.144795247876367
77.3399,77.3399,245.0,215.53032942777872,214.54526930655132,-8.150329427778722
77.3594,77.3594,206.0,215.5361317143653,214.5595908912244,-47.156131714365294
77.3788,77.3788,232.0,215.54213434918182,214.57388755767994,-21.16213434918182
77.3983,77.3983,258.0,215.5483983971638,214.58830665326502,4.8316016028362085
77.4177,77.4177,205.0,215.55485304607595,214.60270024879384,-48.174853046075945
77.4372,77.4372,225.0,215.56155961612194,214.61721669019897,-28.181559616121937
77.4567,77.4567,229.0,215.56848297720956,214.63178186665795,-24.188482977209553
77.4761,77.4761,221.0,215.57558102993124,214.6463206685955,-32.19558102993124
77.4956,77.4956,211.0,215.5829229770505,214.66098293788878,-42.202922977050484
77.515,77.515,239.0,215.59042902702407,214.67561824955985,-14.21042902702407
77.5345,77.5345,217.0,215.59817211914128,214.69037743974425,-36.21817211914128
77.5539,77.5539,213.0,215.60607074984813,214.7051090887203,-40.22607074984813
77.5734,77.5734,211.0,215.6142013490957,214.71996502510254,-42.234201349095706
77.5929,77.5929,209.0,215.6225224883404,214.73486939233666,-44.24252248834039
77.6123,77.6123,233.0,215.63098427189396,214.74974534134532,-20.250984271893962
77.6318,77.6318,204.0,215.63967043519978,214.76474618733462,-49.25967043519977
77.6512,77.6512,219.0,215.6484907622746,214.7797180303454,-34.2684907622746
77.6707,77.6707,225.0,215.65753098514435,214.79481517348887,-28.277530985144345
77.6901,77.6901,211.0,215.66669739512193,214.80988272845354,-42.28669739512193
77.7096,77.7096,202.0,215.6760813196672,214.8250759843773,-51.29608131966719
77.7291,77.7291,221.0,215.68563092886023,214.8403173499804,-32.30563092886023
77.7485,77.7485,186.0,215.6952954516209,214.85552824803665,-67.3152954516209
77.768,77.768,231.0,215.70517028305323,214.87086544440177,-22.325170283053232
77.7874,77.7874,226.0,215.7151532365836,214.88617158694933,-27.3351532365836
77.8069,77.8069,243.0,215.72534465537714,214.90160442273844,-10.34534465537714
77.8263,77.8263,189.0,215.73563517856329,214.91700561803088,-64.35563517856329
77.8458,77.8458,209.0,215.74613115627628,214.9325338991106,-44.366131156276275
77.8652,77.8652,208.0,215.75672160137526,214.94802995261705,-45.37672160137526
77.8847,77.8847,248.0,215.76751269735138,214.963653482052,-5.387512697351376
77.9042,77.9042,222.0,215.77844947066316,214.97932468310685,-31.39844947066316
77.9236,77.9236,214.0,215.78947219909068,214.99496277449703,-39.40947219909068
77.9431,77.9431,216.0,215.80069231949344,215.0107289229759,-37.42069231949343
77.9625,77.9625,190.0,215.81199256458348,215.02646137376837,-63.431992564583474
77.982,77.982,222.0,215.82348684289525,215.04232226569914,-31.443486842895247
78.0014,78.0014,241.0,215.83505690291105,215.05814887156356,-12.455056902911046
78.0209,78.0209,231.0,215.8468188471689,215.07410430014957,-22.466818847168888
78.0404,78.0404,214.0,215.85871324528753,215.09010703987298,-39.47871324528753
78.0598,78.0598,215.0,215.87067467529113,215.10607460955603,-38.490674675291125
78.0793,78.0793,214.0,215.88282462272795,215.1221715701567,-39.50282462272795
78.0987,78.0987,225.0,215.89503824861802,215.1382327714904,-28.51503824861802
78.1182,78.1182,239.0,215.90743836344154,215.1544237390783,-14.52743836344154
78.1376,78.1376,202.0,215.91989765088445,215.1705783578543,-51.53989765088445
78.1571,78.1571,224.0,215.93254286456235,215.18686311569263,-29.552542864562348
78.1766,78.1766,193.0,215.94530688013262,215.2031948067591,-60.56530688013262
78.196,78.196,222.0,215.95812353440155,215.219489263365,-31.57812353440155
78.2155,78.2155,222.0,215.97112247659715,215.23591441393808,-31.591122476597143
78.2349,78.2349,231.0,215.9841701031873,215.25230173975862,-22.604170103187293
78.2544,78.2544,201.0,215.9973995238257,215.2688201259517,-52.61739952382569
78.2738,78.2738,231.0,216.01067213949094,215.28530009682177,-22.630672139490933
78.2933,78.2933,246.0,216.02412532522843,215.30191149187854,-7.644125325228423
78.3128,78.3128,223.0,216.0376883194545,215.31856942468852,-30.6576883194545
78.3322,78.3322,239.0,216.05129062197707,215.33518805506282,-14.671290621977072
78.3517,78.3517,236.0,216.0650707853747,215.35193865090835,-17.6850707853747
78.3711,78.3711,223.0,216.07888627501814,215.3686493531014,-30.698886275018133
78.3906,78.3906,232.0,216.09287865351718,215.3854923780201,-21.712878653517173
78.41,78.41,204.0,216.10690288980945,215.40229491783128,-49.726902889809445
78.4295,78.4295,224.0,216.1211023143141,215.4192301349683,-29.741102314314098
78.449,78.449,248.0,216.13540430594716,215.43621147667906,-5.75540430594716
78.4684,78.4684,211.0,216.1497335467883,215.45315144491826,-42.769733546788295
78.4879,78.4879,200.0,216.16423752040248,215.47022461781617,-53.78423752040248
78.5073,78.5073,219.0,216.17876528681717,215.48725582524298,-34.798765286817165
78.5268,78.5268,209.0,216.19346567269858,215.50442058521062,-44.81346567269858
78.5462,78.5462,234.0,216.20818797926978,215.5215427875103,-19.828187979269778
78.5657,78.5657,224.0,216.2230819592458,215.53879888751538,-29.8430819592458
78.5852,78.5852,207.0,216.2380724156302,215.55610068107168,-46.8580724156302
78.6046,78.6046,218.0,216.25307970967606,215.57335902755898,-35.873079709676055
78.6241,78.6241,189.0,216.26825762275314,215.59075178479972,-64.88825762275314
78.6435,78.6435,199.0,216.2834502721742,215.6081005023327,-54.903450272174204
78.663,78.663,218.0,216.2988131304831,215.6255839689064,-35.918813130483095
78.6824,78.6824,216.0,216.31418817955873,215.64302280297755,-37.934188179558724
78.7019,78.7019,196.0,216.32973333126256,215.66059672159534,-57.94973333126256
78.7214,78.7214,220.0,216.3453675186783,215.67821588475982,-33.9653675186783
78.7408,78.7408,226.0,216.36101045949857,215.69578952520064,-27.98101045949857
78.7603,78.7603,232.0,216.3768217960574,215.7134987486158,-21.99682179605741
78.7797,78.7797,209.0,216.39263929212967,215.73116185617417,-45.01263929212967
78.7992,78.7992,228.0,216.40862506568786,215.7489608751753,-26.028625065687855
78.8186,78.8186,223.0,216.42461441805582,215.7667131850723,-31.044614418055822
78.8381,78.8381,198.0,216.44077176988236,215.7846017320349,-56.06077176988236
78.8576,78.8576,244.0,216.457013486009,215.80253505641883,-10.077013486009001
78.877,78.877,224.0,216.47325600077573,215.82042078087647,-30.09325600077573
78.8965,78.8965,202.0,216.4896652971706,215.83844322586924,-52.1096652971706
78.9159,78.9159,243.0,216.5060728246653,215.8564174774546,-11.126072824665293
78.9354,78.9354,187.0,216.5226475897348,215.87452876799944,-67.14264758973479
78.9548,78.9548,192.0,216.53921822806493,215.89259127158357,-62.15921822806492
78.9743,78.9743,223.0,216.55595488600136,215.91079112964107,-31.175954886001357
78.9938,78.9938,216.0,216.57277246281868,215.92903527973507,-38.192772462818674
79.0132,79.0132,187.0,216.58958302539958,215.94722975166616,-67.20958302539958
79.0327,79.0327,223.0,216.60656004717742,215.96556204624224,-31.226560047177422
79.0521,79.0521,219.0,216.6235281175585,215.9838440689742,-35.24352811755849
79.0716,79.0716,221.0,216.64066160451728,216.00226422250444,-33.260661604517274
79.091,79.091,206.0,216.65778450139896,216.02063351047948,-48.27778450139896
79.1105,79.1105,203.0,216.6750729260971,216.03914123443064,-51.2950729260971
79.13,79.13,219.0,216.69243874403713,216.05769274663504,-35.31243874403713
79.1494,79.1494,215.0,216.70979084761186,216.07619250192522,-39.329790847611854
79.1689,79.1689,219.0,216.72730784780515,216.0948311457233,-35.34730784780515
79.1883,79.1883,186.0,216.74481034392358,216.11341743887502,-68.36481034392358
79.2078,79.2078,222.0,216.76247736230812,216.13214291818846,-32.382477362308116
79.2272,79.2272,208.0,216.78012804382283,216.15081545313643,-46.400128043822825
79.2467,79.2467,199.0,216.79794358695202,216.1696274688592,-55.41794358695201
79.2662,79.2662,233.0,216.8158328377046,216.18848275051482,-21.435832837704588
79.2856,79.2856,230.0,216.83370281809417,216.20728419651445,-24.453702818094165
79.3051,79.3051,246.0,216.8517372969927,216.2262255598367,-8.471737296992693
79.3245,79.3245,230.0,216.86975148081822,216.24511249387047,-24.48975148081822
79.344,79.344,203.0,216.88792990777827,216.26413963215177,-51.50792990777827
79.3634,79.3634,235.0,216.90608618611108,216.28311174756817,-19.52608618611108
79.3829,79.3829,224.0,216.92440738586248,216.30222435105048,-30.544407385862478
79.4024,79.4024,216.0,216.94279900359234,216.32137967946923,-38.56279900359234
79.4218,79.4218,256.0,216.9611660272989,216.34047909402867,1.4188339727011012
79.4413,79.4413,189.0,216.97969778050216,216.35971941687168,-65.59969778050217
79.4607,79.4607,223.0,216.9982035555849,216.3789032324744,-31.61820355558489
79.4802,79.4802,216.0,217.0168739379233,216.39822823232555,-38.63687393792329
79.4996,79.4996,244.0,217.0355168183453,216.41749613165538,-10.655516818345284
79.5191,79.5191,226.0,217.0543241116173,216.43690548802553,-28.67432411161729
79.5386,79.5386,216.0,217.07319965295025,216.456357009521,-38.69319965295025
79.558,79.558,212.0,217.09204567645,216.4757505400265,-42.712045676449996
79.5775,79.5775,192.0,217.11105670935203,216.4952859311115,-62.731056709352025
79.5969,79.5969,206.0,217.13003659420855,216.51476273823062,-48.750036594208545
79.6164,79.6164,230.0,217.14918091627203,216.5343816707015,-24.769180916272028
79.6358,79.6358,195.0,217.16829353442765,216.55394142637456,-59.788293534427645
79.6553,79.6553,206.0,217.18757038371294,216.57364356893197,-48.807570383712935
79.6748,79.6748,210.0,217.20691367937837,216.59338729785026,-44.82691367937837
79.6942,79.6942,223.0,217.22622258644085,216.61307096025922,-31.846222586440852
79.7137,79.7137,230.0,217.24569652471325,216.6328973960631,-24.86569652471325
79.7331,79.7331,225.0,217.26513506436564,216.6526631729418,-29.885135064365635
79.7526,79.7526,212.0,217.2847382593644,216.67257197656087,-42.904738259364386
79.772,79.772,229.0,217.30430519141316,216.69241952902743,-25.92430519141316
79.7915,79.7915,208.0,217.32403701902993,216.71241035827336,-46.94403701902993
79.811,79.811,218.0,217.343833107072,216.73244217602328,-36.963833107071984
79.8304,79.8304,235.0,217.3635906776584,216.75241185390027,-19.983590677658405
79.8499,79.8499,225.0,217.38351318684653,216.77252517768585,-30.003513186846526
79.8693,79.8693,207.0,217.40339647392392,216.7925757698988,-48.02339647392392
79.8888,79.8888,217.0,217.42344514759043,216.81277024970393,-38.043445147590425
79.9082,79.9082,212.0,217.44345300617024,216.83290140647023,-43.06345300617024
79.9277,79.9277,252.0,217.46362663218514,216.85317668913817,-3.083626632185137
79.9472,79.9472,177.0,217.4838619830644,216.8734923432221,-78.1038619830644
79.9666,79.9666,228.0,217.504055545535,216.89374378677428,-27.124055545535008
79.9861,79.9861,237.0,217.52441442319503,216.91413970762096,-18.144414423195023
80.0055,80.0055,197.0,217.54472994783237,216.93447082711012,-58.16472994783236
80.025,80.025,230.0,217.565211564305,216.95494665367875,-25.185211564305
80.0444,80.0444,243.0,217.58564859879908,216.9753570883428,-12.20564859879908
80.0639,80.0639,224.0,217.60625159909077,216.99591245642924,-31.226251599090766
80.0834,80.0834,204.0,217.6269149970096,217.01650755947384,-51.246914997009604
80.1028,80.1028,212.0,217.64753260849187,217.0370363845863,-43.26753260849187
80.1223,80.1223,204.0,217.66831674544926,217.05771047642102,-51.28831674544926
80.1417,80.1417,224.0,217.68905347007154,217.07831770053082,-31.30905347007154
80.1612,80.1612,210.0,217.70995692751592,217.09907040901095,-45.329956927515916
80.1806,80.1806,198.0,217.73081216758692,217.11975566029795,-57.350812167586916
80.2001,80.2001,231.0,217.7518339147839,217.14058661009292,-24.3718339147839
80.2196,80.2196,214.0,217.77291541318047,217.16145663887966,-41.39291541318047
80.239,80.239,223.0,217.79394696611186,217.1822583261512,-32.41394696611186
80.2585,80.2585,223.0,217.81514552023586,217.2032060267787,-32.43514552023586
80.2779,80.2779,221.0,217.83629357002513,217.22408479729194,-34.45629357002513
80.2974,80.2974,218.0,217.85760869602078,217.24510978643264,-37.47760869602077
80.3168,80.3168,232.0,217.8788724889688,217.26606525723057,-23.498872488968793
80.3363,80.3363,213.0,217.90030397507576,217.28716714834843,-42.520303975075755
80.3558,80.3558,206.0,217.92179328238373,217.30830744284404,-49.54179328238373
80.3752,80.3752,212.0,217.94322956335552,217.32937733662288,-43.56322956335551
80.3947,80.3947,228.0,217.96483352950656,217.35059394675645,-27.58483352950656
80.4141,80.4141,211.0,217.98638401998056,217.37173956892977,-44.60638401998056
80.4336,80.4336,222.0,218.00810226886912,217.39303210011178,-33.62810226886912
80.453,80.453,212.0,218.0297659419614,217.41425305650705,-43.649765941961384
80.4725,80.4725,233.0,218.05159814155203,217.43562111091683,-22.671598141552032
80.492,80.492,243.0,218.07348666960615,217.4570268733042,-12.693486669606152
80.5114,80.5114,215.0,218.09531931129698,217.4783601807233,-40.71531931129697
80.5309,80.5309,204.0,218.1173207592571,217.49984086301546,-51.737320759257095
80.5503,80.5503,212.0,218.1392652167515,217.5212485046149,-43.75926521675151
80.5698,80.5698,211.0,218.1613788767952,217.54280370088122,-44.781378876795195
80.5892,80.5892,235.0,218.1834344205869,217.5642852711943,-20.803434420586903
80.6087,80.6087,240.0,218.20565944060218,217.5859145722505,-15.825659440602173
80.6281,80.6281,213.0,218.22782569611093,217.60746966257037,-42.847825696110924
80.6476,80.6476,219.0,218.2501613330996,217.62917265597207,-36.87016133309961
80.6671,80.6671,214.0,218.27255269832924,217.6509124340451,-41.89255269832923
80.6865,80.6865,203.0,218.2948838113204,217.67257712438172,-52.9148838113204
80.706,80.706,208.0,218.31738502310742,217.69438996946832,-47.93738502310742
80.7254,80.7254,202.0,218.33982574751073,217.7161271432891,-53.95982574751073
80.7449,80.7449,215.0,218.36243641206838,217.73801263476233,-40.982436412068374
80.7643,80.7643,235.0,218.38498557332838,217.75982187196522,-21.004985573328376
80.7838,80.7838,221.0,218.4077056144261,217.7817795859153,-35.027705614426104
80.8033,80.8033,211.0,218.43048001071065,217.80377334339173,-45.05048001071065
80.8227,80.8227,215.0,218.4531914604995,217.82568997235728,-41.07319146049951
80.8422,80.8422,223.0,218.47607385160788,217.84775530972368,-33.096073851607876
80.8616,80.8616,213.0,218.49889305059642,217.8697429369474,-43.11889305059642
80.8811,80.8811,207.0,218.5218833516576,217.8918794220548,-49.141883351657604
80.9005,80.9005,241.0,218.5448092453867,217.9139376159607,-15.164809245386685
80.92,80.92,236.0,218.56790713023338,217.93614481335507,-20.187907130233377
80.9395,80.9395,229.0,218.59105832235693,217.95838729288872,-27.211058322356926
80.9589,80.9589,221.0,218.61414412185678,217.98055060999113,-35.23414412185678
80.9784,80.9784,237.0,218.63740227938703,218.0028631418508,-19.25740227938703
80.9978,80.9978,230.0,218.6605939796453,218.02509593171345,-26.28059397964531
81.0173,81.0173,204.0,218.68395845654055,218.04747807214954,-52.30395845654055
81.0367,81.0367,238.0,218.70725566441024,218.06977989164372,-18.327255664410238
81.0562,81.0562,212.0,218.73072590121922,218.09223119357873,-44.350725901219214
81.0757,81.0757,228.0,218.75424879341463,218.11471699588475,-28.37424879341463
81.0951,81.0951,233.0,218.77770359642912,218.13712160928372,-23.397703596429118
81.1146,81.1146,240.0,218.80133221570247,218.15967589563525,-16.42133221570247
81.134,81.134,237.0,218.8248914439826,218.18214841574903,-19.444891443982605
81.1535,81.1535,211.0,218.84862475414357,218.20477073071632,-45.46862475414357
81.1729,81.1729,238.0,218.8722882489806,218.2273107027849,-18.492288248980593
81.1924,81.1924,206.0,218.89612580482873,218.2500005875879,-50.516125804828725
81.2119,81.2119,237.0,218.92001592702056,218.27272417047385,-19.540015927020555
81.2313,81.2313,200.0,218.9438351089489,218.29536454601651,-56.563835108948886
81.2508,81.2508,227.0,218.96782923962,218.31815500367355,-29.587829239619985
81.2702,81.2702,215.0,218.9917517535187,218.34086167906275,-41.61175175351871
81.2897,81.2897,257.0,219.01584924142426,218.3637185443021,0.36415075857573953
81.3091,81.3091,237.0,219.0398750325496,218.38649105306783,-19.659875032549586
81.3286,81.3286,226.0,219.06407590757408,218.40941385532776,-30.684075907574076
81.3481,81.3481,218.0,219.088328756102,218.43236953272412,-38.708328756101984
81.3675,81.3675,210.0,219.11250841190628,218.4552399929806,-46.732508411906274
81.387,81.387,250.0,219.1368640011677,218.47826089460293,-6.756864001167706
81.4064,81.4064,205.0,219.16114545066725,218.50119600673926,-51.781145450667246
81.4259,81.4259,222.0,219.18560382591681,218.52428165356076,-34.80560382591681
81.4453,81.4453,243.0,219.20998761090942,218.5472809393184,-13.82998761090942
81.4648,81.4648,218.0,219.23454833105862,218.57043084891663,-38.854548331058616
81.4843,81.4843,181.0,219.2591599562306,218.59361278990724,-75.87915995623061
81.5037,81.5037,220.0,219.28369670047078,218.61670751320614,-36.90369670047078
81.5232,81.5232,195.0,219.308410334106,218.6399529863302,-61.92841033410598
81.5426,81.5426,212.0,219.33304791766813,218.66311067216853,-44.95304791766812
81.5621,81.5621,221.0,219.35786355935636,218.68641918648197,-35.97786355935636
81.5815,81.5815,211.0,219.38260251012653,218.709639344734,-46.00260251012653
81.601,81.601,237.0,219.37243882269468,218.73301040587467,-19.992438822694673
81.6205,81.6205,214.0,219.39745077907972,218.75641263372754,-43.01745077907972
81.6399,81.6399,250.0,219.42238494789393,218.77972565319163,-7.042384947893929
81.6594,81.6594,232.0,219.44749829737967,218.803189679261,-25.067498297379665
81.6788,81.6788,259.0,219.47253296006903,218.82656393027497,1.907467039930971
81.6983,81.6983,178.0,219.49774715901867,218.85008925162063,-79.11774715901868
81.7177,81.7177,240.0,219.5228820278186,218.87352423211263,-17.142882027818608
81.7372,81.7372,208.0,219.53065875361978,218.89711034235353,-49.15065875361977
81.7567,81.7567,235.0,219.5560463423217,218.92072673355133,-22.176046342321705
81.7761,81.7761,225.0,219.58135341982268,218.9442519361332,-32.201353419822674
81.7956,81.7956,206.0,219.6068412433564,218.9679283495294,-51.2268412433564
81.815,81.815,238.0,219.63224808241512,218.99151301074693,-19.252248082415115
81.8345,81.8345,230.0,219.6578358665393,219.01524893132586,-27.2778358665393
81.8539,81.8539,198.0,219.68334283058527,219.03889253708252,-59.30334283058527
81.8734,81.8734,202.0,219.70903077157163,219.06268744636532,-55.32903077157163
81.8929,81.8929,189.0,219.73476916045294,219.0865117296361,-68.35476916045295
81.9123,81.9123,214.0,219.76042511664934,219.11024285515364,-43.38042511664934
81.9318,81.9318,222.0,219.78626322325994,219.13412534222658,-35.406263223259934
81.9512,81.9512,215.0,219.81201880751794,219.1579141112654,-42.43201880751794
81.9707,81.9707,210.0,219.83795740777168,219.18185427497048,-47.45795740777168
81.9901,81.9901,213.0,219.86381175194595,219.2057001613308,-44.48381175194594
82.0096,82.0096,217.0,219.88985004388573,219.22969747101206,-40.50985004388573
82.0291,82.0291,214.0,219.91593834423966,219.25372322635982,-43.53593834423966
82.0485,82.0485,222.0,219.94194154570866,219.27765386653184,-35.561941545708656
82.068,82.068,216.0,219.96812955873588,219.30173596463058,-41.58812955873588
82.0874,82.0874,195.0,219.99423294821037,219.32572239073392,-62.614232948210365
82.1069,82.1069,228.0,220.02051980116138,219.34986029218013,-29.640519801161382
82.1263,82.1263,203.0,220.04672255352443,219.37390196583306,-54.66672255352443
82.1458,82.1458,242.0,220.07310999500112,219.3980951277147,-15.693109995001116
82.1653,82.1653,223.0,220.09954725450632,219.42231578545014,-34.71954725450632
82.1847,82.1847,206.0,220.1258980548068,219.44643938293183,-51.74589805480681
82.2042,82.2042,218.0,220.15243525357633,219.47071447943512,-39.772435253576326
82.2236,82.2236,205.0,220.17888511923582,219.49489196250735,-52.79888511923581
82.2431,82.2431,236.0,220.20552205360062,219.51922094606252,-21.825522053600615
82.2625,82.2625,230.0,220.23207228526644,219.54345176408285,-27.852072285266438
82.282,82.282,196.0,220.25880880666844,219.56783407944272,-61.87880880666844
82.3015,82.3015,233.0,220.28559557694462,219.59224291921348,-24.905595576944613
82.3209,82.3209,224.0,220.31229407346933,219.61655276663228,-33.93229407346933
82.3404,82.3404,197.0,220.3391807136817,219.64101409797925,-60.95918071368171
82.3598,82.3598,224.0,220.36597838220578,219.66537588762125,-33.98597838220578
82.3793,82.3793,214.0,220.39296510606925,219.68988914643677,-44.01296510606925
82.3987,82.3987,234.0,220.41986347787375,219.71430231532017,-24.039863477873745
82.4182,82.4182,230.0,220.44695004566285,219.73886693394286,-28.066950045662843
82.4377,82.4377,219.0,220.474086096443,219.76345708376448,-39.094086096442986
82.4571,82.4571,219.0,220.5011341275048,219.78794632275552,-39.121134127504796
82.4766,82.4766,179.0,220.52837159348633,219.81258697347616,-79.14837159348633
82.496,82.496,205.0,220.5555182302964,219.8371261680212,-53.1755182302964
82.5155,82.5155,224.0,220.5828560310247,219.86181674306238,-34.2028560310247
82.5349,82.5349,221.0,220.61010364509994,219.8864053177616,-37.23010364509994
82.5544,82.5544,215.0,220.63754128041285,219.9111452369687,-43.257541280412845
82.5739,82.5739,236.0,220.6650302256392,219.93590967225526,-22.28503022563921
82.5933,82.5933,224.0,220.6924288170962,219.96057129249687,-34.31242881709618
82.6128,82.6128,212.0,220.72001854274717,219.98538419424276,-46.34001854274717
82.6322,82.6322,221.0,220.74751666594383,220.01009373979178,-37.36751666594383
82.6517,82.6517,231.0,220.77520783854416,220.03495451886883,-27.39520783854416
82.6711,82.6711,207.0,220.80280752605995,220.05971140182888,-51.42280752605995
82.6906,82.6906,232.0,220.83059907515195,220.08461946550997,-26.45059907515195
82.7101,82.7101,217.0,220.8584426484038,220.10955100810438,-41.47844264840381
82.7295,82.7295,195.0,220.88619416667808,220.13437784635377,-63.50619416667808
82.749,82.749,227.0,220.91413971640387,220.15935577692863,-31.534139716403864
82.7684,82.7684,214.0,220.94199184766188,220.18422846638617,-44.56199184766188
82.7879,82.7879,215.0,220.97003965033565,220.20925218318436,-43.59003965033565
82.8073,82.8073,194.0,220.99799340957915,220.23417012337828,-64.61799340957916
82.8268,82.8268,223.0,221.02614362395798,220.25923902102133,-35.646143623957975
82.8463,82.8463,224.0,221.05434542121048,220.28433033822637,-34.67434542121048
82.8657,82.8657,224.0,221.0824539305705,220.30931507735522,-34.70245393057049
82.8852,82.8852,220.0,221.1107575733802,220.3344506597456,-38.730757573380195
82.9046,82.9046,253.0,221.13896917646719,220.35947913185512,-5.758969176467183
82.9241,82.9241,227.0,221.16737769089522,220.38465836496582,-31.78737769089522
82.9435,82.9435,246.0,221.1956908153543,220.40972995693008,-12.815690815354309
82.963,82.963,234.0,221.22420324239374,220.43495222265216,-24.84420324239374
82.9825,82.9825,236.0,221.25276789361146,220.46019582626082,-22.87276789361146
83.0019,83.0019,213.0,221.28123689415813,220.48533099429082,-45.901236894158124
83.0214,83.0214,202.0,221.30990622663467,220.51061669569674,-56.929906226634664
83.0408,83.0408,225.0,221.33848121300957,220.53579343407617,-33.95848121300957
83.0603,83.0603,241.0,221.36725534722476,220.5611206060273,-17.987255347224753
83.0797,83.0797,223.0,221.39593388040524,220.58633828889774,-36.015933880405235
83.0992,83.0992,220.0,221.42481409584397,220.61170630047542,-39.04481409584397
83.1187,83.1187,221.0,221.45374771110076,220.63709454580152,-38.07374771110076
83.1381,83.1381,225.0,221.482584247336,220.66237251494005,-34.102584247336004
83.1576,83.1576,243.0,221.51162418263664,220.68780064580545,-16.131624182636635
83.177,83.177,229.0,221.54056855206852,220.71311797798307,-30.16056855206852
83.1965,83.1965,200.0,221.5697157560814,220.73858535426967,-59.18971575608139
83.2159,83.2159,228.0,221.59876617428137,220.76394141081667,-31.218766174281363
83.2354,83.2354,205.0,221.6280212243406,220.78944738871715,-54.24802122434061
83.2549,83.2549,227.0,221.65733014317928,220.81497247362606,-32.27733014317928
83.2743,83.2743,241.0,221.68654238660017,220.84038545930164,-18.306542386600164
83.2938,83.2938,212.0,221.7159607338705,220.86594817234513,-47.3359607338705
83.3132,83.3132,232.0,221.74528260258114,220.891398268795,-27.36528260258114
83.3327,83.3327,263.0,221.77480917477268,220.91699795690982,3.605190825227318
83.3521,83.3521,229.0,221.80424101442773,220.9424845125742,-30.42424101442773
83.3716,83.3716,198.0,221.83387950331473,220.96812051898533,-61.45387950331473
83.3911,83.3911,247.0,221.8635731101055,220.99377448292455,-12.483573110105503
83.4105,83.4105,201.0,221.89316937812916,221.01931454282257,-58.513169378129156
83.43,83.43,195.0,221.92297514153958,221.04500383206812,-64.54297514153959
83.4494,83.4494,229.0,221.95268247684018,221.07057870524557,-30.57268247684018
83.4689,83.4689,238.0,221.98260087415372,221.0963026537099,-21.602600874153715
83.4883,83.4883,208.0,222.01242262249713,221.12191167563833,-51.632422622497124
83.5078,83.5078,203.0,222.0424540166292,221.14766961349957,-56.66245401662919
83.5272,83.5272,207.0,222.07238775077423,221.17331211593208,-52.69238775077422
83.5467,83.5467,230.0,222.1025341500953,221.1991033696276,-29.722534150095292
83.5662,83.5662,212.0,222.1327384230562,221.22491106943497,-47.75273842305619
83.5856,83.5856,233.0,222.16284373127002,221.25060257281228,-26.782843731270013
83.6051,83.6051,215.0,222.19316394713604,221.27644257020634,-44.81316394713604
83.6245,83.6245,189.0,222.2233868520142,221.30216586628705,-70.84338685201419
83.644,83.644,218.0,222.25382430102098,221.32803747832006,-41.87382430102098
83.6634,83.6634,217.0,222.28416323755823,221.3537918857874,-42.90416323755823
83.6829,83.6829,203.0,222.31471891071487,221.3796944257482,-56.93471891071487
83.7024,83.7024,242.0,222.34533400615828,221.40561220984364,-17.96533400615828
83.7218,83.7218,203.0,222.3758508681083,221.43141203694577,-56.9958508681083
83.7413,83.7413,227.0,222.40658657545188,221.4573597109394,-33.02658657545188
83.7607,83.7607,234.0,222.43722473149222,221.48318892883773,-26.05722473149222
83.7802,83.7802,205.0,222.4680801519825,221.50916579657684,-55.08808015198249
83.7996,83.7996,216.0,222.49884047153407,221.53502371080612,-44.118840471534064
83.8191,83.8191,208.0,222.52982041873372,221.56102907235206,-52.14982041873372
83.8386,83.8386,211.0,222.56086164871826,221.58704845285894,-49.180861648718256
83.858,83.858,215.0,222.59180510335946,221.61294813629885,-45.21180510335946
83.8775,83.8775,233.0,222.6229720108421,221.6389949526822,-27.242972010842088
83.8969,83.8969,224.0,222.6540397940304,221.66492157887603,-36.27403979403041
83.9164,83.9164,236.0,222.6853330460747,221.69099512169916,-24.3053330460747
83.9358,83.9358,223.0,222.7165299090886,221.71694798295462,-37.33652990908859
83.9553,83.9553,204.0,222.74795037548347,221.74304753897204,-56.36795037548347
83.9748,83.9748,205.0,222.77943446362474,221.76915986544157,-55.399434463624736
83.9942,83.9942,246.0,222.81082420798197,221.79515077595588,-14.430824207981964
84.0137,84.0137,203.0,222.84244071217933,221.82128803767,-57.46244071217932
84.0331,84.0331,218.0,222.8739585382379,221.84730339648567,-42.4939585382379
84.0526,84.0526,218.0,222.90570713867606,221.87346487064448,-42.52570713867606
84.072,84.072,211.0,222.9373592352709,221.89950395676328,-49.55735923527089
84.0915,84.0915,178.0,222.969241925025,221.92568891673568,-82.589241925025
84.111,84.111,204.0,223.00119035662104,221.9518853751774,-56.621190356621035
84.1304,84.1304,228.0,223.03304550189984,221.97795872066212,-32.65304550189983
84.1499,84.1499,228.0,223.06513214415955,222.00417756682947,-32.685132144159546
84.1693,84.1693,229.0,223.09712228726517,222.0302728194771,-31.717122287265163
84.1888,84.1888,217.0,223.12934860076845,222.056513317128,-43.74934860076845
84.2082,84.2082,199.0,223.1614794296585,222.08262974255575,-61.781479429658496
84.2277,84.2277,204.0,223.19384459171334,222.10889115159435,-56.81384459171334
84.2472,84.2472,214.0,223.2262833112249,222.13516276350668,-46.8462833112249
84.2666,84.2666,211.0,223.25862801461878,222.16130958805275,-49.878628014618776
84.2861,84.2861,200.0,223.29121020875144,222.18760099300798,-60.911210208751434
84.3055,84.3055,231.0,223.32369732538785,222.21376713661704,-29.943697325387852
84.325,84.325,221.0,223.35642710771245,222.24007758485172,-39.976427107712446
84.3444,84.3444,223.0,223.389060474228,222.26626229967795,-38.00906047422799
84.3639,84.3639,213.0,223.42193915708052,222.29259103755248,-48.04193915708051
84.3834,84.3834,211.0,223.4548935614205,222.31892865895333,-50.0748935614205
84.4028,84.4028,239.0,223.48775480910936,222.3451398418822,-22.10775480910936
84.4223,84.4223,226.0,223.5208598251954,222.37149461420253,-35.1408598251954
84.4417,84.4417,228.0,223.55387533658882,222.3977224808577,-33.173875336588814
84.4612,84.4612,232.0,223.58713830388396,222.4240936407337,-29.20713830388396
84.4806,84.4806,232.0,223.62030671903952,222.4503374297275,-29.240306719039516
84.5001,84.5001,213.0,223.65372812653482,222.4767242098966,-48.27372812653481
84.5196,84.5196,236.0,223.68722997276396,222.50311853035439,-25.307229972763956
84.539,84.539,204.0,223.7206406711907,222.52938478525337,-57.34064067119069
84.5585,84.5585,210.0,223.75430274657677,222.55579356678942,-51.37430274657677
84.5779,84.5779,251.0,223.78787794613066,222.582073822566,-10.407877946130661
84.5974,84.5974,210.0,223.82170754837657,222.60849628813722,-51.44170754837656
84.6168,84.6168,208.0,223.85544684550578,222.63478976978305,-53.47544684550578
84.6363,84.6363,242.0,223.88944673204924,222.6612251384248,-19.509446732049234
84.6558,84.6558,232.0,223.92353283049462,222.68766668008857,-29.54353283049462
84.6752,84.6752,200.0,223.95752739919158,222.71397855384689,-61.577527399191574
84.6947,84.6947,215.0,223.9917877003287,222.74043181875342,-46.6117877003287
84.7141,84.7141,224.0,224.0259612353091,222.76675496275269,-37.645961235309095
84.7336,84.7336,219.0,224.06039829464268,222.7932191601003,-42.68039829464268
84.753,84.753,218.0,224.09474786823066,222.81955278563314,-43.71474786823065
84.7725,84.7725,205.0,224.1293676489053,222.8460271206762,-56.749367648905285
84.792,84.792,221.0,224.16407888327635,222.87250623730637,-40.784078883276344
84.8114,84.8114,238.0,224.19870409777394,222.89885410915036,-23.81870409777394
84.8309,84.8309,213.0,224.23360377302518,222.92534216291645,-48.85360377302518
84.8503,84.8503,225.0,224.26841929440246,222.95169852630175,-36.88841929440246
84.8698,84.8698,224.0,224.30350788159424,222.97819471256452,-37.92350788159424
84.8892,84.8892,213.0,224.3385173599688,223.0045587650059,-48.95851735996879
84.9087,84.9087,208.0,224.37380494742897,223.03106227515948,-53.99380494742896
84.9282,84.9282,215.0,224.40919105430083,223.05756915115873,-47.02919105430083
84.9476,84.9476,206.0,224.44449498356974,223.08394323168756,-56.06449498356974
84.9671,84.9671,223.0,224.480085260949,223.11045621016765,-39.10008526094901
84.9865,84.9865,248.0,224.51559541823576,223.1368359551996,-14.13559541823576
85.006,85.006,241.0,224.55139000944888,223.16335421760462,-21.171390009448878
85.0254,85.0254,234.0,224.58711041487456,223.18973881079793,-28.207110414874556
85.0449,85.0449,217.0,224.623119439797,223.21626153458283,-45.24311943979699
85.0644,85.0644,199.0,224.6592349967044,223.2427861840264,-63.27923499670441
85.0838,85.0838,228.0,224.69527875064907,223.26917651424768,-34.315278750649064
85.1033,85.1033,224.0,224.7316180205061,223.29570438269195,-38.35161802050609
85.1227,85.1227,213.0,224.76787891532754,223.32209750176418,-49.38787891532754
85.1422,85.1422,226.0,224.8044440995043,223.34862775665752,-36.424444099504306
85.1616,85.1616,222.0,224.84093767132617,223.37502283430373,-40.46093767132617
85.1811,85.1811,212.0,224.87773322008314,223.40155463908283,-50.49773322008314
85.2006,85.2006,245.0,224.91464508751275,223.42808690474914,-17.53464508751275
85.22,85.22,205.0,224.95149125575074,223.45448335511466,-57.571491255750736
85.2395,85.2395,233.0,224.98864612710457,223.48101590719966,-29.60864612710457
85.2589,85.2589,210.0,225.02573167569875,223.50741222187438,-52.64573167569875
85.2784,85.2784,210.0,225.06313514468712,223.5339442137517,-52.68313514468712
85.2978,85.2978,205.0,225.1004722058247,223.56033954844486,-57.7204722058247
85.3173,85.3173,218.0,225.13812595460132,223.58687012945364,-44.75812595460132
85.3368,85.3368,207.0,225.17591315405105,223.61339968185533,-55.79591315405104
85.3562,85.3562,233.0,225.21363904013825,223.63979195129616,-29.833639040138245
85.3757,85.3757,226.0,225.25168934590886,223.6663188081557,-36.871689345908855
85.3951,85.3951,218.0,225.28967785893582,223.69270796819922,-44.909677858935815
85.4146,85.4146,223.0,225.32800180967482,223.71923126873628,-39.948001809674814
85.434,85.434,212.0,225.3662628736618,223.74561646099917,-50.98626287366181
85.4535,85.4535,228.0,225.4048665489788,223.7721353403766,-35.024866548978785
85.473,85.473,212.0,225.4436134320544,223.79865167679054,-51.0636134320544
85.4924,85.4924,221.0,225.48230567446086,223.8250292917532,-42.10230567446086
85.5119,85.5119,223.0,225.521340205037,223.8515399010085,-40.141340205037004
85.5313,85.5313,206.0,225.56032884459634,223.87791138342695,-57.18032884459634
85.5508,85.5508,212.0,225.59966846205322,223.9044153905104,-51.219668462053214
85.5702,85.5702,253.0,225.63895442226644,223.93077986783013,-10.258954422266434
85.5897,85.5897,210.0,225.67860371123953,223.95727639364898,-53.29860371123953
85.6092,85.6092,222.0,225.71841180028514,223.98376883714732,-41.33841180028514
85.6286,85.6286,231.0,225.7581754347772,224.010121150629,-32.3781754347772
85.6481,85.6481,219.0,225.7983026771253,224.03660478541974,-44.41830267712529
85.6675,85.6675,233.0,225.83839545194655,224.06294789349454,-30.45839545194655
85.687,85.687,182.0,225.87885970908607,224.08942183025238,-81.49885970908608
85.7064,85.7064,218.0,225.91928524263747,224.11575484611595,-45.53928524263747
85.7259,85.7259,210.0,225.96009583791786,224.14221819141352,-53.58009583791786
85.7454,85.7454,211.0,226.00108341523733,224.1686758898942,-52.62108341523733
85.7648,85.7648,200.0,226.0420338026053,224.19499208047847,-63.662033802605286
85.7843,85.7843,207.0,226.08338267111114,224.22143783849313,-56.703382671111136
85.8037,85.8037,214.0,226.1247055797837,224.24774170081668,-49.74470557978369
85.8232,85.8232,224.0,226.1664254463117,224.27417461464896,-39.7864254463117
85.8426,85.8426,210.0,226.2081201469223,224.30046524757879,-53.82812014692231
85.8621,85.8621,247.0,226.2502277803502,224.3268844093877,-16.8702277803502
85.8816,85.8816,210.0,226.29253329930503,224.3532963346049,-53.91253329930503
85.901,85.901,201.0,226.33481564518326,224.37956540549735,-62.95481564518325
85.9205,85.9205,231.0,226.37752608312962,224.405962208004,-32.99752608312962
85.9399,85.9399,223.0,226.4202237985237,224.43221577751507,-41.04022379852369
85.9594,85.9594,228.0,226.46334742120234,224.45859653912458,-36.08334742120234
85.9788,85.9788,221.0,226.5064711966552,224.48483369171421,-43.12647119665521
85.9983,85.9983,202.0,226.5500337442509,224.51119749009277,-62.170033744250894
86.0178,86.0178,221.0,226.59381687736274,224.53755243668778,-43.21381687736274
86.0372,86.0372,203.0,226.63759873456056,224.56376321475156,-61.25759873456055
86.0567,86.0567,191.0,226.6818404202262,224.59009980562823,-73.3018404202262
86.0761,86.0761,207.0,226.72608789358637,224.6162918586479,-57.346087893586365
86.0956,86.0956,216.0,226.77079590953178,224.64260916107054,-48.39079590953178
86.115,86.115,221.0,226.81552441495833,224.66878155902018,-43.43552441495833
86.1345,86.1345,186.0,226.86072564481512,224.6950786360831,-78.48072564481512
86.154,86.154,217.0,226.90618170041705,224.72136522061484,-47.52618170041705
86.1734,86.1734,224.0,226.95165479477322,224.74750635540607,-40.57165479477322
86.1929,86.1929,217.0,226.99762736833534,224.7737713001718,-47.61762736833534
86.2123,86.2123,194.0,227.04362108379067,224.7998904354387,-70.66362108379067
86.2318,86.2318,227.0,227.09012963647393,224.8261327930744,-37.71012963647393
86.2512,86.2512,211.0,227.13667643375277,224.85222898422646,-53.756676433752766
86.2707,86.2707,222.0,227.18373821997397,224.87844780317545,-42.80373821997397
86.2901,86.2901,240.0,227.23084093098782,224.90452010144796,-24.85084093098782
86.3096,86.3096,206.0,227.27848300972678,224.93071442595468,-58.89848300972678
86.3291,86.3291,232.0,227.3264227111429,224.95689611079973,-32.946422711142894
86.3485,86.3485,230.0,227.37440921306634,224.98293074850585,-34.99440921306634
86.368,86.368,210.0,227.42295962662186,225.00908649614888,-55.04295962662186
86.3874,86.3874,192.0,227.47157346353174,225.03509484952366,-73.09157346353174
86.4069,86.4069,218.0,227.52075111038812,225.06122369367813,-47.140751110388116
86.4263,86.4263,222.0,227.57001211016853,225.08720479929121,-43.19001211016853
86.4458,86.4458,232.0,227.61985776485997,225.11330576944894,-33.23985776485997
86.4653,86.4653,216.0,227.67004124911065,225.13939240026554,-49.29004124911065
86.4847,86.4847,225.0,227.7203092409082,225.16533078109165,-40.34030924090819
86.5042,86.5042,222.0,227.7711959384432,225.1913880729616,-43.39119593844321
86.5236,86.5236,249.0,227.82218059082012,225.2172967777928,-16.442180590820122
86.5431,86.5431,232.0,227.87378730284672,225.2433237496203,-33.49378730284672
86.5625,86.5625,235.0,227.92551516627034,225.2692018002818,-30.54551516627034
86.582,86.582,235.0,227.97788635928677,225.29519746672725,-30.59788635928677
86.6015,86.6015,195.0,228.03065349534094,225.3211770681403,-70.65065349534095
86.6209,86.6209,234.0,228.08354121028185,225.34700725229175,-31.70354121028185
86.6404,86.6404,229.0,228.13711544839092,225.37295406106375,-36.75711544839091
86.6598,86.6598,213.0,228.19081901194298,225.39875112583405,-52.810819011942975
86.6793,86.6793,223.0,228.2452348640466,225.42466414598124,-42.865234864046606
86.6987,86.6987,218.0,228.2998073035078,225.45042709837264,-47.9198073035078
86.7182,86.7182,261.0,228.35509702768928,225.47630532964445,-4.97509702768928
86.7377,86.7377,213.0,228.41083407900385,225.5021657440421,-53.030834079003846
86.7571,86.7571,232.0,228.46676019589907,225.52787561028407,-34.08676019589907
86.7766,86.7766,209.0,228.52344380364613,225.55369972611982,-57.14344380364613
86.796,86.796,214.0,228.58030597183014,225.57937297759653,-52.20030597183014
86.8155,86.8155,235.0,228.63796673952635,225.60515978391933,-31.257966739526346
86.8349,86.8349,212.0,228.69583340249372,225.63079541273132,-54.315833402493716
86.8544,86.8544,198.0,228.75450335072694,225.6565438943009,-68.37450335072694
86.8739,86.8739,211.0,228.81371430643935,225.682272780865,-55.43371430643935
86.8933,86.8933,217.0,228.873162132076,225.70785002555857,-49.493162132076
86.9128,86.9128,208.0,228.93345947444328,225.7335390551365,-58.55345947444328
86.9322,86.9322,222.0,228.99400533778615,225.75907613740716,-44.614005337786146
86.9517,86.9517,244.0,229.05544910093315,225.7847242840017,-22.675449100933143
86.9711,86.9711,208.0,229.1171642298376,225.81022018096962,-58.73716422983761
86.9906,86.9906,215.0,229.17978958528795,225.83582641427157,-51.79978958528795
87.0101,87.0101,220.0,229.24304794279365,225.86141124800852,-46.86304794279365
87.0295,87.0295,213.0,229.3066107765538,225.88684338414583,-53.92661077655381
87.049,87.049,217.0,229.37114991233142,225.91238474969217,-49.991149912331416
87.0684,87.0684,238.0,229.4360081244088,225.93777312320003,-29.056008124408798
87.0879,87.0879,211.0,229.50188941808582,225.96326997943314,-56.12188941808582
87.1073,87.1073,222.0,229.5681091438764,225.98861355237267,-45.188109143876396
87.1268,87.1268,234.0,229.6353974611463,226.0140648538355,-33.25539746114631
87.1463,87.1463,207.0,229.70341728153673,226.03949292460672,-60.32341728153673
87.1657,87.1657,210.0,229.7718309095914,226.06476728084678,-57.391830909591384
87.1852,87.1852,218.0,229.84134777297672,226.09014821916588,-49.461347772976715
87.2046,87.2046,246.0,229.9113096695313,226.11537515974558,-21.531309669531304
87.2241,87.2241,260.0,229.98243139058238,226.14070790928545,-7.602431390582375
87.2435,87.2435,191.0,230.05399034996077,226.16588638112825,-76.67399034996077
87.263,87.263,203.0,230.12678089071434,226.19116988120481,-64.74678089071435
87.2825,87.2825,219.0,230.20044030215735,226.2164282927575,-48.820440302157344
87.3019,87.3019,222.0,230.27458744110447,226.24153201246173,-45.89458744110447
87.3214,87.3214,227.0,230.35004650503888,226.26673957396676,-40.97004650503887
87.3408,87.3408,244.0,230.42605483973253,226.29179217187996,-24.046054839732527
87.3603,87.3603,235.0,230.50340129090313,226.31694781172672,-33.123401290903125
87.3797,87.3797,219.0,230.5813242076969,226.34194821955595,-49.20132420769689
87.3992,87.3992,248.0,230.6606720265595,226.36705086175422,-20.280672026559493
87.4187,87.4187,234.0,230.74105977490342,226.3921265307519,-34.36105977490342
87.4381,87.4381,230.0,230.82207265438186,226.41704657101965,-38.44207265438185
87.4576,87.4576,196.0,230.90461787765065,226.44206761876328,-72.52461787765066
87.477,87.477,210.0,230.9878553246769,226.46693277773406,-58.6078553246769
87.4965,87.4965,209.0,231.07267716591042,226.49189811725049,-59.69267716591042
87.5159,87.5159,215.0,231.15822642934523,226.51670731133635,-53.77822642934523
87.5354,87.5354,214.0,231.24544968419357,226.54161585125013,-54.86544968419357
87.5549,87.5549,218.0,231.3339188558604,226.5664955063031,-50.95391885586039
87.5743,87.5743,227.0,231.42320572721096,226.59121863700736,-42.04320572721095
87.5938,87.5938,214.0,231.51429126491246,226.61603984571227,-55.134291264912456
87.6132,87.6132,221.0,231.60626079693478,226.64070428196294,-48.226260796934774
87.6327,87.6327,241.0,231.70007887087232,226.66546594190493,-28.320078870872315
87.6521,87.6521,205.0,231.79487933383973,226.69007058474034,-64.41487933383974
87.6716,87.6716,236.0,231.8916395314212,226.7147715890798,-33.51163953142119
87.6911,87.6911,228.0,231.9899175010257,226.73944176977605,-41.6099175010257
87.7105,87.7105,243.0,232.08924031895035,226.76395457259892,-26.709240318950343
87.73,87.73,221.0,232.19070819321186,226.78856242768853,-48.81070819321186
87.7494,87.7494,237.0,232.2932777361667,226.81301266897503,-32.913277736166684
87.7689,87.7689,219.0,232.39811673933377,226.83755708052232,-51.01811673933377
87.7883,87.7883,196.0,232.50418048848658,226.86194364585856,-74.12418048848659
87.8078,87.8078,234.0,232.6125860078583,226.88642349148057,-36.23258600785831
87.8273,87.8273,205.0,232.72284663727015,226.91087054741618,-65.34284663727016
87.8467,87.8467,226.0,232.83450153728407,226.93515941488462,-44.45450153728407
87.8662,87.8662,209.0,232.94870954754336,226.95954021151348,-61.56870954754336
87.8856,87.8856,232.0,233.0643364457657,226.98376259616128,-38.68433644576569
87.9051,87.9051,224.0,233.18270762368482,227.00807599994803,-46.80270762368482
87.9245,87.9245,233.0,233.30264141442316,227.03223077183011,-37.92264141442316
87.944,87.944,212.0,233.42544439012994,227.0564756447694,-59.04544439012994
87.9635,87.9635,212.0,233.55053930655447,227.0806857345792,-59.17053930655447
87.9829,87.9829,212.0,233.67742708592297,227.1047368691004,-59.29742708592297
88.0024,88.0024,248.0,233.80741880299166,227.1288767111852,-23.42741880299166
88.0218,88.0218,224.0,233.93927451285754,227.15285738712439,-47.559274512857534
88.0413,88.0413,231.0,234.07447888496282,227.17692583226986,-40.69447888496281
88.0607,88.0607,241.0,234.21170423273531,227.20083490407228,-30.831704232735312
88.0802,88.0802,218.0,234.35241665216586,227.22483079857167,-53.972416652165855
88.0997,88.0997,211.0,234.4960955403017,227.24878988895995,-61.11609554030169
88.1191,88.1191,212.0,234.64205487069088,227.2725893018571,-60.26205487069088
88.1386,88.1386,210.0,234.79185624736303,227.2964741011069,-62.411856247363026
88.158,88.158,208.0,234.9440845821657,227.32019902490825,-64.56408458216569
88.1775,88.1775,237.0,235.1004709500422,227.34400836804733,-35.72047095004219
88.1969,88.1969,220.0,235.25944602844893,227.36765764150977,-52.87944602844893
88.2164,88.2164,226.0,235.42287328977693,227.39139035905063,-47.04287328977693
88.2359,88.2359,206.0,235.59002183685044,227.41508422382176,-67.21002183685044
88.2553,88.2553,217.0,235.7601357271517,227.43861773436953,-56.38013572715169
88.2748,88.2748,250.0,235.93505643404652,227.4622332093166,-23.555056434046513
88.2942,88.2942,243.0,236.1132645279236,227.48568814522693,-30.733264527923602
88.3137,88.3137,227.0,236.29665713898137,227.50922404954073,-46.91665713898137
88.3331,88.3331,225.0,236.48346834009817,227.53259923380332,-49.10346834009817
88.3526,88.3526,205.0,236.67591495873043,227.5560543821368,-69.29591495873044
88.3721,88.3721,268.0,236.87316194711988,227.57946860122564,-6.49316194711988
88.3915,88.3915,224.0,237.07434255059445,227.60272183568583,-50.69434255059445
88.411,88.411,224.0,237.28165440900554,227.62605351071625,-50.90165440900554
88.4304,88.4304,235.0,237.4933322874314,227.64922402969398,-40.1133322874314
88.4499,88.4499,199.0,237.71162998639343,227.67247196394058,-76.33162998639344
88.4693,88.4693,205.0,237.9345482776486,227.69555857457976,-70.55454827764859
88.4888,88.4888,224.0,238.16469872292558,227.71872156675695,-51.784698722925576
88.5083,88.5083,210.0,238.40113990756515,227.7418415252597,-66.02113990756516
88.5277,88.5277,245.0,238.6427817146539,227.7647999159168,-31.26278171465389
88.5472,88.5472,246.0,238.8925533139786,227.787833120301,-30.512553313978593
88.5666,88.5666,217.0,239.14812079976988,227.81070459905177,-59.76812079976988
88.5861,88.5861,220.0,239.41232885564133,227.83364983659683,-57.03232885564133
88.6055,88.6055,223.0,239.68280323541347,227.85643319466087,-54.30280323541347
88.625,88.625,235.0,239.962758421973,227.8792892480634,-42.582758421973004
88.6445,88.6445,237.0,240.25107829482204,227.902100135268,-40.871078294822034
88.6639,88.6639,212.0,240.54657010992455,227.92474891946483,-66.16657010992455
88.6834,88.6834,223.0,240.85278052909013,227.9474687863882,-55.47278052909012
88.7028,88.7028,222.0,241.1669041338061,227.97002640640065,-56.7869041338061
88.7223,88.7223,188.0,241.49248936417393,227.99265402424794,-91.11248936417394
88.7417,88.7417,236.0,241.82691579244178,228.01511925529243,-43.44691579244178
88.7612,88.7612,243.0,242.17391997409027,228.03765339066328,-36.793919974090265
88.7807,88.7807,257.0,242.53231031156344,228.0601401990803,-23.152310311563433
88.8001,88.8001,250.0,242.90068052149826,228.08246441825355,-30.520680521498257
88.8196,88.8196,230.0,243.2835402823482,228.10485588384714,-50.90354028234821
88.839,88.839,222.0,243.67746578256626,228.12708463042821,-59.297465782566256
88.8585,88.8585,215.0,244.08700090752757,228.14937950825015,-66.70700090752757
88.8779,88.8779,237.0,244.5089587360946,228.17151154137375,-45.128958736094596
88.8974,88.8974,214.0,244.9481110871595,228.1937085818478,-68.56811108715951
88.9169,88.9169,234.0,245.40305290616328,228.21585610624092,-49.02305290616328
88.9363,88.9363,238.0,245.87247142548264,228.23784060495672,-45.49247142548264
88.9558,88.9558,219.0,246.3617822499595,228.2598884073278,-64.98178224995951
88.9752,88.9752,246.0,246.8667372516691,228.28177306863847,-38.48673725166909
88.9947,88.9947,209.0,247.39387502151465,228.3037198878069,-76.01387502151465
89.0141,89.0141,203.0,247.9386930668569,228.3255034546869,-82.5586930668569
89.0336,89.0336,238.0,248.5077112769453,228.3473480248215,-48.127711276945284
89.0531,89.0531,215.0,249.09930431137798,228.36914086123798,-71.71930431137798
89.0725,89.0725,227.0,249.71195318806608,228.39077028622748,-60.33195318806607
89.092,89.092,261.0,250.35286797616283,228.4124589644902,-26.972867976162824
89.1114,89.1114,231.0,251.01690973942553,228.4339841305811,-57.636909739425526
89.1309,89.1309,238.0,251.7127130279453,228.45556737319797,-51.33271302794531
89.1503,89.1503,224.0,252.43459542705747,228.4769870071256,-66.05459542705748
89.1698,89.1698,248.0,253.19140328821976,228.49846353193126,-42.81140328821976
89.1892,89.1892,240.0,253.97788951985603,228.5197763557785,-51.59788951985603
89.2087,89.2087,223.0,254.80367311988982,228.54114487592796,-69.42367311988983
89.2282,89.2282,224.0,255.6669139733063,228.56245876923393,-69.2869139733063
89.2476,89.2476,228.0,256.56508544140974,228.58360883108094,-66.18508544140974
89.2671,89.2671,259.0,257.51028299675363,228.60481277900857,-36.13028299675363
89.2865,89.2865,269.0,258.4951841330804,228.6258528139251,-27.115184133080383
89.306,89.306,241.0,259.53229537051004,228.646945517896,-56.15229537051004
89.3254,89.3254,242.0,260.6149160563839,228.66787423162458,-56.23491605638389
89.3449,89.3449,269.0,261.75666494398297,228.68885438835804,-30.376664943982966
89.3644,89.3644,251.0,262.95544292272274,228.70977763492698,-49.575442922722736
89.3838,89.3838,220.0,264.20933846314523,228.73053678346662,-81.82933846314523
89.4033,89.4033,269.0,265.53452116781443,228.75134551735886,-34.15452116781443
89.4227,89.4227,234.0,266.92126027602546,228.77199008689058,-70.54126027602547
89.4422,89.4422,263.0,268.3895019716075,228.79268299303538,-43.0095019716075
89.4616,89.4616,253.0,269.9287851473324,228.81321167288303,-54.5487851473324
89.4811,89.4811,208.0,271.5597374000278,228.8337874314849,-101.17973740002782
89.5006,89.5006,209.0,273.28012541298517,228.85430396763522,-101.90012541298518
89.52,89.52,244.0,275.0879202096883,228.87465619280047,-68.70792020968833
89.5395,89.5395,262.0,277.00700577432184,228.89505359113275,-52.62700577432184
89.5589,89.5589,247.0,279.02456901191465,228.9152866276272,-69.64456901191465
89.5784,89.5784,237.0,281.1698329295516,228.93556355649952,-81.78983292955161
89.5978,89.5978,227.0,283.42815597132306,228.9556760771493,-94.04815597132307
89.6173,89.6173,277.0,285.83009245656365,228.9758312001722,-46.450092456563645
89.6368,89.6368,235.0,288.3752915264593,228.9959247593515,-90.99529152645931
89.6562,89.6562,257.0,291.0583494452641,229.0158538491074,-71.67834944526413
89.6757,89.6757,239.0,293.91592200675444,229.03582358720777,-92.53592200675445
89.6951,89.6951,250.0,296.928852242854,229.0556288207688,-84.54885224285403
89.7146,89.7146,269.0,300.14046469335165,229.07547338949774,-68.76046469335165
89.734,89.734,272.0,303.52807318658233,229.0951534231139,-69.14807318658234
89.7535,89.7535,231.0,307.136085227991,229.1148714694091,-113.75608522799098
89.773,89.773,272.0,310.9619876478006,229.1345255812252,-76.58198764780059
89.7924,89.7924,250.0,314.99429123082473,229.1540151206042,-102.61429123082473
89.8119,89.8119,236.0,319.28322264463884,229.17354066968366,-120.90322264463884
89.8313,89.8313,246.0,323.7988611795515,229.19290162720733,-115.41886117955153
89.8508,89.8508,265.0,328.59372724288977,229.2122972485283,-101.21372724288977
89.8702,89.8702,255.0,333.62417552801054,229.23152826379174,-116.24417552801054
89.8897,89.8897,251.0,338.95053780838924,229.25079258753985,-125.57053780838925
89.9092,89.9092,255.0,344.54717635074195,229.26999057679095,-127.16717635074195
89.9286,89.9286,281.0,350.3808728800638,229.2890239469287,-107.00087288006381
89.9481,89.9481,261.0,356.50115169625053,229.30808857311203,-133.12115169625054
89.9675,89.9675,277.0,362.83726793067285,229.32698857732208,-123.45726793067286
89.987,89.987,273.0,369.42853416257833,229.3459184586073,-134.04853416257833
90.0064,90.0064,304.0,376.17757995849365,229.36468371975118,-109.79757995849366
90.0259,90.0259,294.0,383.1174331840326,229.38347746949276,-126.73743318403262
90.0454,90.0454,278.0,390.16123625280477,229.40220245519833,-149.78123625280477
90.0648,90.0648,277.0,397.2081611139905,229.42076283236915,-157.82816111399052
90.0843,90.0843,284.0,404.26359661007837,229.43934959572545,-157.88359661007837
90.1037,90.1037,276.0,411.171008356681,229.45777176420884,-172.791008356681
90.1232,90.1232,307.0,417.90741467770476,229.476218906498,-148.52741467770477
90.1426,90.1426,295.0,424.3084349810676,229.4945014723433,-166.9284349810676
90.1621,90.1621,306.0,430.3424902766536,229.51280759000957,-161.96249027665363
90.1816,90.1816,330.0,435.8764302700894,229.53104248444075,-143.49643027008938
90.201,90.201,335.0,440.7945214185983,229.54911283909337,-143.41452141859833
90.2205,90.2205,301.0,445.07346709560994,229.56720459266668,-181.69346709560995
90.2399,90.2399,336.0,448.6059266339954,229.5851318369093,-150.2259266339954
90.2594,90.2594,360.0,451.38915067935284,229.60307903394016,-129.00915067935284
90.2788,90.2788,333.0,453.374972745146,229.62086175693125,-157.99497274514601
90.2983,90.2983,399.0,454.5852539131203,229.63866297687463,-93.20525391312032
90.3178,90.3178,401.0,455.02826901865603,229.65639048458505,-91.64826901865604
90.3372,90.3372,412.0,454.7490956508227,229.67395358037808,-80.36909565082271
90.3567,90.3567,419.0,453.78861910626506,229.6915329692179,-72.40861910626506
90.3761,90.3761,456.0,452.2102598212558,229.70894799364015,-33.830259821255815
90.3956,90.3956,464.0,450.05830976114123,229.72637783087904,-23.67830976114123
90.415,90.415,495.0,447.40004702660303,229.7436433561194,9.97995297339697
90.4345,90.4345,534.0,444.2566048955297,229.76092220414407,52.123395104470326
90.454,90.454,561.0,440.68224577688744,229.77812482100038,82.69775422311255
90.4734,90.4734,577.0,436.7331092684087,229.7951632138379,102.64689073159127
90.4929,90.4929,650.0,432.39244793483135,229.81221267403004,179.98755206516864
90.5123,90.5123,667.0,427.73462069353,229.82909797502234,201.64537930646998
90.5318,90.5318,658.0,422.73372162984344,229.845992828695,197.64627837015655
90.5512,90.5512,717.0,417.46977175289425,229.86272359298263,261.91022824710575
90.5707,90.5707,737.0,411.92200829403043,229.87946238537523,287.45799170596956
90.5902,90.5902,798.0,406.15469271213476,229.89612239758767,354.22530728786523
90.6096,90.6096,789.0,400.23495258242554,229.91261843465497,351.14504741757446
90.6291,90.6291,790.0,394.15104658957296,229.92912019235183,358.22895341042704
90.6485,90.6485,808.0,388.0146193499604,229.9454580573102,382.3653806500396
90.668,90.668,801.0,381.8063956219272,229.96180009343232,381.5736043780728
90.6874,90.6874,786.0,375.64013365427036,229.9779783242955,372.73986634572964
90.7069,90.7069,759.0,369.4978223773876,229.9941591668557,351.8821776226124
90.7264,90.7264,681.0,363.44885086133286,230.01025865000895,279.93114913866714
90.7458,90.7458,708.0,357.5598773939596,230.02619446880777,312.8201226060404
90.7653,90.7653,675.0,351.80268897693213,230.0421305392593,285.57731102306786
90.7847,90.7847,629.0,346.2572226468244,230.05790304562103,245.1227773531756
90.8042,90.8042,636.0,340.88432024377676,230.07367421902873,257.49567975622324
90.8236,90.8236,608.0,335.75331182860407,230.08928193376147,234.62668817139593
90.8431,90.8431,646.0,330.81915453540796,230.10488672083267,277.56084546459203
90.8626,90.8626,585.0,326.11115528816384,230.12040753891614,221.26884471183615
90.882,90.882,581.0,321.6541192546089,230.13576506630065,221.72588074539112
90.9015,90.9015,651.0,317.3984954940868,230.15111725288477,295.9815045059132
90.9209,90.9209,557.0,313.3845010192042,230.166306267164,205.9954989807958
90.9404,90.9404,562.0,309.5636083280789,230.18148832054464,214.8163916719211
90.9598,90.9598,550.0,305.96936586446606,230.1965073252423,206.41063413553394
90.9793,90.9793,495.0,302.55353730202853,230.2115177387421,154.82646269797146
90.9988,90.9988,479.0,299.3276220292964,230.22644154318078,142.05237797070362
91.0182,91.0182,443.0,296.29794923045534,230.24120249439295,109.08205076954465
91.0377,91.0377,418.0,293.4236496529121,230.2559523876463,86.95635034708789
91.0571,91.0571,385.0,290.72381443792983,230.2705395644694,56.65618556207017
91.0766,91.0766,386.0,288.1628246316742,230.2851140273921,60.217175368325805
91.096,91.096,370.0,285.7587268571141,230.29952591598706,46.62127314288592
91.1155,91.1155,305.0,283.47633770353144,230.31392342443812,-16.09633770353144
91.135,91.135,362.0,281.3211848392745,230.32823165312297,43.058815160725494
91.1544,91.1544,334.0,279.29637066851245,230.3423775308283,17.08362933148755
91.1739,91.1739,324.0,277.3721064626051,230.35650650747658,9.007893537394928
91.1933,91.1933,284.0,275.5618002661508,230.37047328861811,-29.18180026615078
91.2128,91.2128,309.0,273.8411422853888,230.38442147656437,-2.461142285388796
91.2322,91.2322,292.0,272.2207182711098,230.39820762986156,-17.840718271109772
91.2517,91.2517,272.0,270.67815046821494,230.41197348742188,-36.298150468214935
91.2712,91.2712,303.0,269.21679691248147,230.4256473637408,-3.836796912481468
91.2906,91.2906,281.0,267.83902636071394,230.43915945706365,-24.459026360713942
91.3101,91.3101,313.0,266.52484569895256,230.45264867905263,8.855154301047442
91.3295,91.3295,260.0,265.28408613974113,230.4659762924707,-42.90408613974113
91.349,91.349,251.0,264.09949665648185,230.47927930586502,-50.719496656481844
91.3684,91.3684,304.0,262.9797391116815,230.4924208905775,3.400260888318492
91.3879,91.3879,281.0,261.90941446561817,230.50553613607127,-18.529414465618167
91.4074,91.4074,269.0,260.8914943550328,230.51855666793944,-29.511494355032816
91.4268,91.4268,233.0,259.9273200711089,230.5314160514989,-64.54732007110891
91.4463,91.4463,268.0,259.0040632843642,230.5442464650247,-28.624063284364176
91.4657,91.4657,252.0,258.128757634639,230.55691592389664,-43.748757634638984
91.4852,91.4852,253.0,257.2898405071942,230.56955464713704,-41.90984050719418
91.5046,91.5046,257.0,256.4931802107385,230.5820326149216,-37.1131802107385
91.5241,91.5241,268.0,255.72878268783796,230.59447807086988,-25.34878268783796
91.5436,91.5436,268.0,254.99887789867728,230.6068260497604,-24.618877898677276
91.563,91.563,282.0,254.30477230484922,230.6190135827058,-9.92477230484922
91.5825,91.5825,228.0,253.637519681129,230.6311659172457,-63.25751968112899
91.6019,91.6019,234.0,253.00264613468048,230.64315801900344,-56.62264613468047
91.6214,91.6214,237.0,252.3915459313262,230.65511311949237,-53.01154593132619
91.6408,91.6408,278.0,251.80921607563354,230.66690820598507,-11.42921607563354
91.6603,91.6603,245.0,251.2485699959975,230.67866447763623,-43.86856999599751
91.6798,91.6798,232.0,250.71117489390377,230.69032047761075,-56.33117489390377
91.6992,91.6992,237.0,250.1982029254864,230.70181680265716,-50.81820292548641
91.7187,91.7187,248.0,249.70351953641526,230.71327157000022,-39.323519536415255
91.7381,91.7381,236.0,249.23126063648985,230.7245668953662,-50.85126063648985
91.7576,91.7576,245.0,248.77519111191174,230.73581882254084,-41.395191111911736
91.777,91.777,243.0,248.3393042684889,230.74691154639268,-42.959304268488886
91.7965,91.7965,234.0,247.91812256620182,230.75795902075305,-51.538122566201814
91.816,91.816,249.0,247.5132757276508,230.76890339749264,-36.133275727650805
91.8354,91.8354,249.0,247.1256692758931,230.77968893995643,-35.7456692758931
91.8549,91.8549,239.0,246.7508750209613,230.79042643323402,-45.3708750209613
91.8743,91.8743,229.0,246.39188111151182,230.80100534525653,-55.01188111151182
91.8938,91.8938,223.0,246.0443139764477,230.81153432961955,-60.66431397644771
91.9132,91.9132,247.0,245.7112231311082,230.82190499153208,-36.331223131108196
91.9327,91.9327,244.0,245.388611880288,230.83222383639668,-39.00861188028801
91.9521,91.9521,210.0,245.07906217724127,230.84238462342233,-72.69906217724127
91.9716,91.9716,227.0,244.7790375245719,230.85249169306664,-55.39903752457189
91.9911,91.9911,244.0,244.48970029497264,230.86249198578304,-38.10970029497263
92.0105,92.0105,217.0,244.2118991341252,230.8723346288719,-64.8318991341252
92.03,92.03,234.0,243.9423123901279,230.88212068102214,-47.56231239012791
92.0494,92.0494,233.0,243.68344386036597,230.89174936278295,-48.30344386036597
92.0689,92.0689,227.0,243.43201977874855,230.9013195257659,-54.05201977874855
92.0883,92.0883,237.0,243.19032384378457,230.91073260348563,-43.810323843784566
92.1078,92.1078,234.0,242.95563188288776,230.9200852235397,-46.575631882887755
92.1273,92.1273,202.0,242.7287964015034,230.9293281686028,-78.34879640150339
92.1467,92.1467,229.0,242.51049813878623,230.93841446756497,-51.13049813878623
92.1662,92.1662,246.0,242.2983124698244,230.947437377228,-33.91831246982439
92.1856,92.1856,249.0,242.09418162610825,230.95630394074624,-30.71418162610825
92.2051,92.2051,254.0,241.89555931252093,230.9651051483117,-25.515559312520928
92.2245,92.2245,232.0,241.7043346044054,230.97375031565835,-47.3243346044054
92.244,92.244,209.0,241.51824681201467,230.9823281492457,-70.13824681201467
92.2635,92.2635,223.0,241.33813595849432,230.99079337799753,-55.95813595849432
92.2829,92.2829,240.0,241.1645236133739,230.99910303707276,-38.784523613373885
92.3024,92.3024,237.0,240.99555416105616,231.00734237213126,-41.61555416105616
92.3218,92.3218,251.0,240.83267936265995,231.01542645847363,-27.452679362659943
92.3413,92.3413,251.0,240.67401522495823,231.02343821496598,-27.294015224958223
92.3607,92.3607,230.0,240.52104694890957,231.0312950497543,-48.14104694890957
92.3802,92.3802,235.0,240.37203875654765,231.03907753760203,-42.99203875654765
92.3997,92.3997,221.0,240.2275415654162,231.0467444588495,-56.8475415654162
92.4191,92.4191,231.0,240.0881375470668,231.05425696074568,-46.70813754706679
92.4386,92.4386,206.0,239.95230312685914,231.06169206627055,-71.57230312685914
92.458,92.458,231.0,239.82122663978282,231.06897309469636,-46.44122663978282
92.4775,92.4775,230.0,239.69340520283643,231.0761746813712,-47.31340520283643
92.4969,92.4969,254.0,239.5700929599254,231.08322253933335,-23.1900929599254
92.5164,92.5164,220.0,239.4497857286621,231.09018889880275,-57.069785728662104
92.5359,92.5359,251.0,239.33305837946267,231.09703669784827,-25.953058379462668
92.5553,92.5553,234.0,239.22038256619135,231.10373130277725,-42.840382566191344
92.5748,92.5748,232.0,239.1104974004089,231.1103413000578,-44.730497400408886
92.5942,92.5942,206.0,239.00434727517933,231.11679846705476,-70.62434727517933
92.6137,92.6137,239.0,238.90080814347223,231.12316894110955,-37.52080814347223
92.6331,92.6331,222.0,238.80087148616414,231.1293869549305,-54.42087148616414
92.6526,92.6526,227.0,238.70332223648757,231.13551617904778,-49.32332223648756
92.6721,92.6721,223.0,238.60864797558065,231.14152381671963,-53.22864797558065
92.6915,92.6915,238.0,238.51723225145878,231.14737956143279,-38.13723225145878
92.711,92.711,210.0,238.42806475317317,231.15314334700756,-66.04806475317318
92.7304,92.7304,221.0,238.3419157250291,231.1587556253276,-54.96191572502911
92.7499,92.7499,241.0,238.25790462380186,231.1642738189318,-34.87790462380186
92.7693,92.7693,247.0,238.17678295498735,231.16964089728532,-28.796782954987343
92.7888,92.7888,232.0,238.09763824739406,231.1749117537721,-43.717638247394056
92.8083,92.8083,220.0,238.02084481846137,231.18005796545535,-55.64084481846137
92.8277,92.8277,209.0,237.94675071097723,231.18505366227905,-66.56675071097723
92.8472,92.8472,221.0,237.874460353785,231.18994990696635,-54.494460353784994
92.8666,92.8666,222.0,237.80469390713614,231.19469604466093,-53.42469390713614
92.8861,92.8861,230.0,237.73670849345916,231.19934056398708,-45.35670849345916
92.9055,92.9055,231.0,237.67112070126265,231.20383539057104,-44.29112070126265
92.925,92.925,238.0,237.60719929408316,231.208226420875,-37.22719929408316
92.9445,92.9445,226.0,237.54526727652663,231.21248971554195,-49.16526727652663
92.9639,92.9639,219.0,237.48556941380542,231.2166039514132,-56.10556941380542
92.9834,92.9834,196.0,237.4274265025308,231.2206110993418,-79.04742650253081
93.0028,93.0028,233.0,237.37142838712094,231.22446961879757,-41.99142838712094
93.0223,93.0223,248.0,237.31696349214468,231.22821884305185,-26.936963492144677
93.0417,93.0417,232.0,237.26450533451157,231.2318198756238,-42.884505334511566
93.0612,93.0612,220.0,237.21352738083374,231.23530939394934,-54.833527380833736
93.0807,93.0807,240.0,237.16427054148684,231.23866805319025,-34.78427054148684
93.1001,93.1001,234.0,237.11692893911652,231.2418791886923,-40.73692893911652
93.1196,93.1196,216.0,237.07098277959648,231.24497545633196,-58.690982779596474
93.139,93.139,248.0,237.0268896688291,231.24792465330634,-26.64688966882911
93.1585,93.1585,212.0,236.984179324703,231.25075673375898,-62.604179324703004
93.1779,93.1779,239.0,236.94322207111813,231.253442203172,-35.563222071118126
93.1974,93.1974,221.0,236.90362743049434,231.25600829551078,-53.52362743049434
93.2169,93.2169,234.0,236.86557724234888,231.2584403725643,-40.485577242348874
93.2363,93.2363,213.0,236.8291985107968,231.26072654096234,-61.4491985107968
93.2558,93.2558,234.0,236.794142429841,231.26288991615448,-40.414142429841
93.2752,93.2752,280.0,236.7607632402864,231.26490785881134,5.619236759713608
93.2947,93.2947,239.0,236.72865191341037,231.2668007178274,-35.34865191341037
93.3141,93.3141,217.0,236.6981606685662,231.26854862706531,-57.3181606685662
93.3336,93.3336,256.0,236.6689724251097,231.270169150227,-18.288972425109698
93.3531,93.3531,198.0,236.64123596294237,231.27165246901103,-76.26123596294238
93.3725,93.3725,216.0,236.6150394663202,231.2729915752875,-58.23503946632021
93.392,93.392,243.0,236.590156022154,231.27419981627588,-31.21015602215399
93.4114,93.4114,216.0,236.56682170482858,231.27526434422103,-58.18682170482858
93.4309,93.4309,244.0,236.5447685332599,231.276195674291,-30.16476853325991
93.4503,93.4503,223.0,236.52425652542325,231.27698379750422,-51.14425652542325
93.4698,93.4698,251.0,236.50507278966302,231.27763637814692,-23.125072789663015
93.4893,93.4893,214.0,236.48729566636632,231.27814853228907,-60.10729566636632
93.5087,93.5087,255.0,236.47104212269184,231.27851825217954,-19.09104212269184
93.5282,93.5282,205.0,236.4561504476635,231.2787488866407,-69.07615044766351
93.5476,93.5476,221.0,236.44276939951342,231.2788376099575,-53.06276939951342
93.5671,93.5671,192.0,236.43077619720464,231.27878487272787,-82.05077619720464
93.5865,93.5865,225.0,236.42030889290373,231.278590754269,-49.04030889290373
93.606,93.606,215.0,236.411280409034,231.27825278792997,-59.03128040903399
93.6255,93.6255,230.0,236.4037301073693,231.2777711397983,-44.02373010736931
93.6449,93.6449,215.0,236.3977435912082,231.27714891882687,-59.01774359120821
93.6644,93.6644,228.0,236.3932725784733,231.27637924290084,-46.0132725784733
93.6838,93.6838,235.0,236.3903517665413,231.27546954118588,-39.0103517665413
93.7033,93.7033,207.0,236.38901499336075,231.2744099664897,-67.00901499336075
93.7227,93.7227,249.0,236.38930322127655,231.27321091994907,-25.009303221276546
93.7422,93.7422,232.0,236.39120637771623,231.2718595700754,-42.01120637771623
93.7617,93.7617,228.0,236.39480331615138,231.2703612498088,-46.01480331615138
93.7811,93.7811,230.0,236.40008584790266,231.26872430232385,-44.020085847902656
93.8006,93.8006,241.0,236.40715139176007,231.26693137964492,-33.027151391760064
93.82,93.82,219.0,236.41593419935955,231.26500040104338,-55.03593419935955
93.8395,93.8395,232.0,236.42661213335646,231.26291098593111,-42.046612133356454
93.8589,93.8589,225.0,236.43911633840642,231.2606840931721,-49.05911633840642
93.8784,93.8784,241.0,236.4535856561975,231.25829629015138,-33.0735856561975
93.8979,93.8979,243.0,236.47006438065395,231.2557581946904,-31.09006438065395
93.9173,93.9173,241.0,236.4885044016245,231.25308350289993,-33.10850440162451
93.9368,93.9368,262.0,236.50911273955563,231.2502441636271,-12.12911273955563
93.9562,93.9562,218.0,236.5318013882998,231.24726882386855,-56.15180138829981
93.9757,93.9757,207.0,236.5568475863591,231.24412633163845,-67.17684758635912
93.9951,93.9951,236.0,236.58406369106942,231.24084844183352,-38.204063691069415
94.0146,94.0146,233.0,236.613832483464,231.23740088202416,-41.23383248346399
94.0341,94.0341,256.0,236.64609514419877,231.23379967414175,-18.266095144198765
94.0535,94.0535,225.0,236.68077131708014,231.23006398714915,-49.30077131708014
94.073,94.073,214.0,236.71826665074116,231.2261548269967,-60.338266650741154
94.0924,94.0924,243.0,236.75836749069356,231.22211180843072,-31.378367490693556
94.1119,94.1119,247.0,236.80157606240655,231.2178927676595,-27.42157606240655
94.1313,94.1313,246.0,236.84752920868857,231.2135404963256,-28.467529208688568
94.1508,94.1508,245.0,236.89688457698531,231.20900964108768,-29.516884576985312
94.1703,94.1703,251.0,236.94952008867622,231.20432174841937,-23.56952008867622
94.1897,94.1897,277.0,237.00527358019394,231.19950158125914,2.374726419806059
94.2092,94.2092,218.0,237.06490709144086,231.1944989605273,-56.684907091440856
94.2286,94.2286,238.0,237.12795615671823,231.18936471115885,-36.747956156718224
94.2481,94.2481,247.0,237.1952475752345,231.18404541473237,-27.8152475752345
94.2675,94.2675,210.0,237.26623295775795,231.1785951427665,-64.88623295775795
94.287,94.287,248.0,237.3419040310369,231.1729572174924,-26.9619040310369
94.3065,94.3065,236.0,237.4221026352567,231.16715883156732,-39.04210263525669
94.3259,94.3259,226.0,237.50657344933308,231.16123046424033,-49.12657344933307
94.3454,94.3454,216.0,237.5964829121096,231.15511050684603,-59.21648291210959
94.3648,94.3648,234.0,237.6911487494222,231.14886123937126,-41.31114874942221
94.3843,94.3843,233.0,237.79174903541715,231.14241774351513,-42.41174903541715
94.4037,94.4037,248.0,237.8976711839944,231.13584561622983,-27.517671183994388
94.4232,94.4232,246.0,238.01023084096332,231.1290766093748,-29.630230840963314
94.4427,94.4427,232.0,238.12927510485326,231.1221436846461,-43.74927510485326
94.4621,94.4621,245.0,238.25443229779214,231.11508316115538,-30.874432297792133
94.4816,94.4816,250.0,238.38747082860692,231.10782175366276,-26.00747082860692
94.501,94.501,213.0,238.52740059376924,231.10043344450438,-63.14740059376924
94.5205,94.5205,225.0,238.67600563373085,231.09284156781456,-51.29600563373085
94.5399,94.5399,254.0,238.83238109827852,231.0851234939737,-22.452381098278515
94.5594,94.5594,226.0,238.99856647547594,231.0771991560864,-50.61856647547594
94.5789,94.5789,238.0,239.17430344128474,231.069107408962,-38.79430344128473
94.5983,94.5983,244.0,239.35912552497751,231.0608905363483,-32.97912552497751
94.6178,94.6178,252.0,239.5556514881179,231.05246332699926,-25.175651488117886
94.6372,94.6372,256.0,239.76241849946751,231.04391171534235,-21.382418499467512
94.6567,94.6567,275.0,239.98235728641498,231.03514703781568,-2.6023572864149784
94.6761,94.6761,216.0,240.21388911930805,231.0262586886699,-61.83388911930805
94.6956,94.6956,249.0,240.46017089716275,231.01715453142324,-29.080170897162752
94.715,94.715,226.0,240.71941408001814,231.00792744077884,-52.33941408001814
94.7345,94.7345,231.0,240.9953215293913,230.9984817866737,-47.6153215293913
94.754,94.754,233.0,241.28750196382506,230.9888641844185,-45.90750196382506
94.7734,94.7734,244.0,241.5951966263338,230.97912477124603,-35.2151966263338
94.7929,94.7929,213.0,241.92280781072003,230.96916263331107,-66.54280781072003
94.8123,94.8123,216.0,242.26799582190313,230.95907944163346,-63.887995821903125
94.8318,94.8318,210.0,242.63526670383143,230.94877073685484,-70.25526670383144
94.8512,94.8512,228.0,243.0224373598787,230.93834174313054,-52.64243735987869
94.8707,94.8707,265.0,243.43445571197117,230.92768443472596,-16.054455711971165
94.8902,94.8902,215.0,243.87080075548462,230.91685160825418,-66.49080075548463
94.9096,94.9096,252.0,244.33016901315156,230.90589965538243,-29.95016901315156
94.9291,94.9291,225.0,244.81893026737396,230.89471515692978,-57.438930267373955
94.9485,94.9485,218.0,245.3332847948169,230.88341231605148,-64.95328479481691
94.968,94.968,242.0,245.8795704546032,230.8718740947538,-41.499570454603194
94.9874,94.9874,257.0,246.4539658051823,230.8602183227167,-27.07396580518229
95.0069,95.0069,241.0,247.06332219967464,230.8483243220686,-43.68332219967464
95.0264,95.0264,229.0,247.7058506005993,230.8362511988393,-56.32585060059929
95.0458,95.0458,221.0,248.37869297093744,230.82406172795365,-64.99869297093744
95.0653,95.0653,231.0,249.08980670569196,230.8116297273669,-55.70980670569195
95.0847,95.0847,227.0,249.83195638634214,230.79908219021252,-60.45195638634214
95.1042,95.1042,228.0,250.61314884860312,230.7862892416246,-60.233148848603115
95.1236,95.1236,231.0,251.42467467999685,230.77338157535996,-58.04467467999685
95.1431,95.1431,212.0,252.27374842812944,230.7602256024635,-77.89374842812944
95.1626,95.1626,231.0,253.1540985200126,230.74688686773607,-59.77409852001261
95.182,95.182,257.0,254.0591051220871,230.7334346594266,-34.67910512208709
95.2015,95.2015,254.0,254.99410052016538,230.71972977261257,-38.61410052016537
95.2209,95.2209,223.0,255.94464106062898,230.705912250736,-70.56464106062899
95.2404,95.2404,237.0,256.91528004696687,230.69183912133317,-57.53528004696687
95.2598,95.2598,223.0,257.8888604597552,230.67765420328004,-72.50886045975523
95.2793,95.2793,251.0,258.8668018758236,230.6632107350999,-45.48680187582362
95.2988,95.2988,233.0,259.83547706511166,230.64858083096473,-64.45547706511167
95.3182,95.3182,226.0,260.77924238407724,230.6338404237616,-72.39924238407724
95.3377,95.3377,221.0,261.6966294797887,230.6188370231814,-78.31662947978873
95.3571,95.3571,204.0,262.56638190391203,230.60372398580122,-96.18638190391204
95.3766,95.3766,258.0,263.38603350969765,230.5883449783361,-43.00603350969765
95.396,95.396,249.0,264.1354922574637,230.5728572083228,-52.75549225746368
95.4155,95.4155,266.0,264.81180289027,230.55710047782406,-36.43180289026997
95.435,95.435,214.0,265.40191830508024,230.54115360223295,-89.02191830508025
95.4544,95.4544,227.0,265.89568566255434,230.52509929164228,-76.51568566255435
95.4739,95.4739,232.0,266.2930616584695,230.50877150534146,-71.91306165846953
95.4933,95.4933,254.0,266.5869563212523,230.4923371783767,-50.20695632125227
95.5128,95.5128,223.0,266.77942465326964,230.47562635090964,-81.39942465326965
95.5322,95.5322,263.0,266.87066046081384,230.45880988518945,-41.490660460813835
95.5517,95.5517,247.0,266.8646116667989,230.44171388036813,-57.484611666798905
95.5712,95.5712,244.0,266.7657168866771,230.42442398616504,-60.38571688667712
95.5906,95.5906,263.0,266.5809684868431,230.40702982370428,-41.20096848684312
95.6101,95.6101,243.0,266.3157217805259,230.38935153434375,-60.9357217805259
95.6295,95.6295,262.0,265.9781679905656,230.37156989944938,-41.59816799056562
95.649,95.649,241.0,265.571740220502,230.35350106437915,-62.19174022050202
95.6684,95.6684,245.0,265.1062681422069,230.33532981466584,-57.726268142206884
95.6879,95.6879,242.0,264.58115857405096,230.3168682775794,-60.20115857405096
95.7074,95.7074,264.0,264.003021189498,230.29820907153126,-37.62302118949798
95.7268,95.7268,244.0,263.3792921092549,230.27944886376474,-56.99929210925489
95.7463,95.7463,262.0,262.70591502661557,230.2603937076514,-38.32591502661557
95.7657,95.7657,258.0,261.9929860628398,230.24123850125383,-41.6129860628398
95.7852,95.7852,253.0,261.2365113165044,230.22178522434825,-45.85651131650439
95.8046,95.8046,236.0,260.44777132403203,230.20223285685174,-62.06777132403203
95.8241,95.8241,284.0,259.62197245305885,230.18237928264995,-13.241972453058843
95.8436,95.8436,245.0,258.767894211467,230.16232422447683,-51.38789421146702
95.863,95.863,240.0,257.8951388534625,230.14217153205152,-55.515138853462524
95.8825,95.8825,259.0,256.9996742582202,230.12171289816877,-35.61967425822018
95.9019,95.9019,280.0,256.09660474260954,230.10115761050162,-13.71660474260954
95.9214,95.9214,242.0,255.18233065641772,230.08029320992816,-50.802330656417716
95.9408,95.9408,264.0,254.27208522427406,230.05933314438994,-27.892085224274062
95.9603,95.9603,285.0,253.36180327180833,230.03806078034538,-5.9818032718083245
95.9798,95.9798,281.0,252.46107560570852,230.0165830817514,-9.081075605708513
95.9992,95.9992,249.0,251.5792623698464,229.99501121843252,-40.19926236984639
96.0187,96.0187,252.0,250.71097602681948,229.97312224747077,-36.33097602681948
96.0381,96.0381,263.0,249.86864901972842,229.9511401216104,-24.48864901972842
96.0576,96.0576,276.0,249.04628778986455,229.92883766696676,-10.666287789864548
96.077,96.077,295.0,248.2541890022973,229.90644307569562,9.125810997702708
96.0965,96.0965,280.0,247.4856879285831,229.8837249202342,-5.105687928583102
96.116,96.116,277.0,246.7460380652445,229.86079754393825,-7.366038065244503
96.1354,96.1354,260.0,246.0394120436226,229.83777957564462,-23.659412043622602
96.1549,96.1549,289.0,245.35868641554325,229.81443315903218,6.021313584456756
96.1743,96.1743,253.0,244.7104727378695,229.7909971899331,-29.330472737869506
96.1938,96.1938,280.0,244.08767336505832,229.76722950127802,-1.7076733650583193
96.2132,96.2132,248.0,243.4961846255693,229.74337330818568,-33.116184625569296
96.2327,96.2327,254.0,242.9289231055973,229.71918210991737,-26.548923105597304
96.2522,96.2522,261.0,242.38826836215236,229.6947777686834,-19.008268362152357
96.2716,96.2716,254.0,241.87548699561592,229.67028651252326,-25.495486995615913
96.2911,96.2911,243.0,241.38458247022194,229.64545529145673,-36.00458247022194
96.3105,96.3105,252.0,240.91922174300336,229.62053822498748,-26.53922174300336
96.33,96.33,237.0,240.4735346518139,229.5952778718711,-41.093534651813904
96.3494,96.3494,247.0,240.05109802504538,229.5699327515076,-30.671098025045374
96.3689,96.3689,247.0,239.6463445951516,229.544241008257,-30.266344595151587
96.3884,96.3884,247.0,239.26058103814466,229.51833216392492,-29.880581038144662
96.4078,96.4078,234.0,238.89450403838833,229.49234018723146,-42.51450403838833
96.4273,96.4273,309.0,238.5433325982174,229.46599655170644,32.8366674017826
96.4467,96.4467,245.0,238.20980798327417,229.43957088368504,-30.829807983274172
96.4662,96.4662,227.0,237.8895213286311,229.41279018417958,-48.5095213286311
96.4856,96.4856,246.0,237.58497788083568,229.38592856076912,-29.204977880835678
96.5051,96.5051,253.0,237.2922003152582,229.35870851860605,-21.91220031525821
96.5246,96.5246,244.0,237.01193560784722,229.33126738112227,-30.63193560784722
96.544,96.544,250.0,236.74489729376694,229.3037470004891,-24.364897293766937
96.5635,96.5635,238.0,236.48757954585346,229.27586308833088,-36.10757954585346
96.5829,96.5829,236.0,236.2420320822814,229.24790106356033,-37.86203208228141
96.6024,96.6024,225.0,236.00511977807037,229.21957208329087,-48.62511977807036
96.6218,96.6218,243.0,235.77864632182101,229.19116612976717,-30.398646321821012
96.6413,96.6413,245.0,235.55974590213972,229.16238978203742,-28.17974590213972
96.6608,96.6608,228.0,235.34912593183853,229.13338830848537,-44.969125931838526
96.6802,96.6802,260.0,235.14735608164645,229.10431158880218,-12.767356081646447
96.6997,96.6997,237.0,234.95190179342526,229.07485928469623,-35.57190179342526
96.7191,96.7191,258.0,234.7642797062511,229.04533289600025,-14.3842797062511
96.7386,96.7386,218.0,234.58228036631513,229.01542744717517,-54.20228036631513
96.758,96.758,237.0,234.4073306994889,228.98544908421718,-35.02733069948891
96.7775,96.7775,250.0,234.2372813132676,228.95508817057308,-21.8572813132676
96.797,96.797,253.0,234.0727779227955,228.92449806420385,-18.692777922795493
96.8164,96.8164,221.0,233.91424049870395,228.89383681769218,-50.534240498703944
96.8359,96.8359,229.0,233.7598400481302,228.86278775221476,-42.3798400481302
96.8553,96.8553,256.0,233.61083521246184,228.8316687394733,-15.230835212461834
96.8748,96.8748,254.0,233.46544239162245,228.80015837991493,-17.085442391622443
96.8942,96.8942,236.0,233.32494198784752,228.76857927498253,-34.94494198784752
96.9137,96.9137,231.0,233.1876395375652,228.7366052804133,-39.80763953756519
96.9332,96.9332,228.0,233.05409497157487,228.70439798967638,-42.67409497157487
96.9526,96.9526,232.0,232.9247367475387,228.67212377492504,-38.5447367475387
96.9721,96.9721,231.0,232.79804365629315,228.6394493235739,-39.41804365629314
96.9915,96.9915,191.0,232.6751652749913,228.60670917275868,-79.29516527499129
97.011,97.011,240.0,232.5546525460959,228.57356520493408,-30.174652546095892
97.0304,97.0304,220.0,232.4376045982751,228.54035677130332,-50.0576045982751
97.0499,97.0499,235.0,232.32266909702898,228.50674092516618,-34.942669097028976
97.0694,97.0694,236.0,232.21029232741526,228.47288764273998,-33.83029232741526
97.0888,97.0888,222.0,232.1009277497355,228.43897176374048,-47.72092774973549
97.1083,97.1083,231.0,231.99330723994723,228.40464304596546,-38.613307239947225
97.1277,97.1277,222.0,231.8884386848227,228.37025298817574,-47.508438684822686
97.1472,97.1472,244.0,231.78512927335436,228.33544645822707,-25.405129273354355
97.1666,97.1666,252.0,231.6843038009564,228.30057985402615,-17.304303800956397
97.1861,97.1861,234.0,231.58487336632572,228.2652931290764,-35.20487336632572
97.2056,97.2056,244.0,231.4872295563469,228.22976479089908,-25.1072295563469
97.225,97.225,232.0,231.39179581242394,228.19417829608145,-37.011795812423934
97.2445,97.2445,215.0,231.29750211377845,228.15816617431514,-53.91750211377845
97.2639,97.2639,262.0,231.20521318349148,228.1220971848131,-6.825213183491478
97.2834,97.2834,236.0,231.11394051921653,228.08559888158828,-32.733940519216524
97.3028,97.3028,227.0,231.02452215635824,228.04904500883296,-41.64452215635824
97.3223,97.3223,214.0,230.9359725301383,228.0120581202551,-54.555972530138284
97.3418,97.3418,251.0,230.8487069044206,227.9748254045547,-17.468706904420593
97.3612,97.3612,217.0,230.7630729841232,227.93753908582303,-51.383072984123196
97.3807,97.3807,240.0,230.67816405067725,227.89981416451124,-28.29816405067725
97.4001,97.4001,207.0,230.59477683803226,227.86203696175778,-61.21477683803226
97.4196,97.4196,225.0,230.51199470556972,227.82381741584135,-43.13199470556972
97.439,97.439,219.0,230.43062868982378,227.78554691947045,-49.050628689823775
97.4585,97.4585,223.0,230.34978453213685,227.74683032390845,-44.96978453213685
97.478,97.478,215.0,230.26985023664218,227.70786365023392,-52.88985023664218
97.4974,97.4974,224.0,230.19117014525355,227.668848042002,-43.81117014525355
97.5169,97.5169,240.0,230.11289536222858,227.6293806666345,-27.732895362228582
97.5363,97.5363,214.0,230.03579595774082,227.58986571132462,-53.655795957740814
97.5558,97.5558,213.0,229.9590301593945,227.54989519406806,-54.5790301593945
97.5752,97.5752,217.0,229.88335907448413,227.5098784609792,-50.50335907448413
97.5947,97.5947,245.0,229.80796706930553,227.46940235556727,-22.42796706930553
97.6141,97.6141,248.0,229.7335780578239,227.4288814079561,-19.353578057823903
97.6336,97.6336,224.0,229.6594174428035,227.3878972620458,-43.279417442803485
97.6531,97.6531,234.0,229.58582258601788,227.34665751818696,-33.20582258601788
97.6725,97.6725,227.0,229.51314646619733,227.30537501228537,-40.133146466197324
97.692,97.692,197.0,229.44061126728803,227.26362353483796,-70.06061126728804
97.7114,97.7114,252.0,229.36892357974466,227.22183069292308,-14.988923579744657
97.7309,97.7309,222.0,229.29733723524828,227.17956501431618,-44.917337235248276
97.7503,97.7503,211.0,229.22654778645858,227.13725937843824,-55.84654778645858
97.7698,97.7698,219.0,229.15580496145995,227.09447702500188,-47.77580496145995
97.7893,97.7893,213.0,229.08545955320423,227.05143473732124,-53.70545955320423
97.8087,97.8087,262.0,229.0158319158078,227.0083546230981,-4.635831915807806
97.8282,97.8282,201.0,228.9462020349335,226.96479193543735,-65.5662020349335
97.8476,97.8476,210.0,228.87725458254766,226.92119285261825,-56.49725458254766
97.8671,97.8671,223.0,228.80825601594643,226.877107276023,-43.428256015946424
97.8865,97.8865,213.0,228.73990249984286,226.83298674537303,-53.35990249984285
97.906,97.906,255.0,228.6714678989263,226.78837578476706,-11.291467898926292
97.9255,97.9255,222.0,228.60329428112965,226.7435005160698,-44.22329428112965
97.9449,97.9449,235.0,228.53570406516369,226.6985924751363,-31.155704065163683
97.9644,97.9644,226.0,228.46798740123597,226.65318806509856,-40.08798740123597
97.9838,97.9838,252.0,228.40082641761623,226.60775234836274,-14.020826417616227
98.0033,98.0033,220.0,228.3335095703694,226.56181628656753,-45.953509570369384
98.0227,98.0227,229.0,228.26671860376274,226.51585039343064,-36.88671860376274
98.0422,98.0422,214.0,228.19975059972393,226.46938016331643,-51.819750599723925
98.0617,98.0617,227.0,228.13292979794255,226.4226412135743,-38.75292979794255
98.0811,98.0811,226.0,228.06659261440544,226.37587466591808,-39.686592614405434
98.1006,98.1006,214.0,228.0000376337865,226.32859775822936,-51.62003763378649
98.12,98.12,218.0,227.93394048269766,226.28129475266527,-47.55394048269766
98.1395,98.1395,230.0,227.8676074091968,226.23347735507124,-35.487607409196805
98.1589,98.1589,217.0,227.80170140303426,226.18563536955807,-48.421701403034255
98.1784,98.1784,247.0,227.7355426578766,226.137274943933,-18.355542657876605
98.1979,98.1979,218.0,227.66945099187393,226.08864134931468,-47.28945099187393
98.2173,98.2173,228.0,227.60376130111916,226.0399854523355,-37.22376130111916
98.2368,98.2368,208.0,227.53778615095854,225.99080500764194,-57.157786150958536
98.2562,98.2562,216.0,227.47218504820376,225.9416037954747,-49.09218504820375
98.2757,98.2757,220.0,227.40628393340424,225.8918739471264,-45.02628393340424
98.2951,98.2951,207.0,227.3407441963052,225.8421248762088,-57.96074419630519
98.3146,98.3146,231.0,227.27487934034374,225.7918430644366,-33.89487934034374
98.3341,98.3341,240.0,227.2090217737292,225.74128359633846,-24.829021773729202
98.3535,98.3535,236.0,227.14350331317013,225.69070724388385,-28.763503313170126
98.373,98.373,236.0,227.07763985188214,225.63959195778233,-28.697639851882137
98.3924,98.3924,223.0,227.01209576427306,225.58846135740944,-41.63209576427305
98.4119,98.4119,238.0,226.94619013851818,225.53678767802523,-26.566190138518174
98.4313,98.4313,246.0,226.8805928552471,225.48510026457194,-18.5005928552471
98.4508,98.4508,216.0,226.81461829379793,225.43286561041336,-48.43461829379793
98.4703,98.4703,236.0,226.74860221540519,225.38034877449007,-28.368602215405183
98.4897,98.4897,224.0,226.68287396646775,225.32782059589076,-40.30287396646775
98.5092,98.5092,230.0,226.61674744710072,225.2747388979596,-34.23674744710072
98.5286,98.5286,196.0,226.5508982939315,225.22164746298634,-68.17089829393151
98.5481,98.5481,236.0,226.48464048827185,225.1679983059891,-28.104640488271848
98.5675,98.5675,226.0,226.4186483730639,225.11434102780123,-38.038648373063886
98.587,98.587,216.0,226.35223651513337,225.06012180844468,-47.97223651513337
98.6065,98.6065,228.0,226.28573607368259,225.00561584363965,-35.90573607368258
98.6259,98.6259,219.0,226.21948769338917,224.95110420274546,-44.83948769338917
98.6454,98.6454,218.0,226.15279901947122,224.89602425557504,-45.772799019471215
98.6648,98.6648,254.0,226.0863527601859,224.84094027385015,-9.706352760185887
98.6843,98.6843,240.0,226.01945819637015,224.78528372539793,-23.63945819637015
98.7037,98.7037,227.0,225.95279183771018,224.7296247942446,-36.57279183771018
98.7232,98.7232,229.0,225.8856691219462,224.67338901933692,-34.50566912194619
98.7427,98.7427,203.0,225.81842389038627,224.61686189691306,-60.43842389038627
98.7621,98.7621,213.0,225.751399242312,224.56033489112818,-50.371399242312
98.7816,98.7816,249.0,225.68389835478925,224.50322458935128,-14.303898354789247
98.801,98.801,220.0,225.61661190925315,224.4461160820026,-43.23661190925315
98.8205,98.8205,206.0,225.54884140080927,224.38841996001926,-57.168841400809264
98.8399,98.8399,236.0,225.48127543291733,224.33072732067316,-27.101275432917326
98.8594,98.8594,194.0,225.41321512753626,224.27244273135003,-69.03321512753627
98.8789,98.8789,238.0,225.34500369781966,224.21386215392045,-24.96500369781966
98.8983,98.8983,219.0,225.27699027514115,224.15528761323904,-43.89699027514114
98.9178,98.9178,205.0,225.20846951309747,224.09611458256197,-57.82846951309747
98.9372,98.9372,226.0,225.140139815902,224.03694930303192,-36.76013981590199
98.9567,98.9567,219.0,225.07129170097798,223.9771811562376,-43.69129170097798
98.9761,98.9761,251.0,225.00263015140865,223.9174224855107,-11.62263015140865
98.9956,98.9956,203.0,224.9334432866834,223.85705655342713,-59.5534432866834
99.0151,99.0151,239.0,224.86408249499385,223.79638995398565,-23.48408249499385
99.0345,99.0345,219.0,224.7948989947906,223.7357354400279,-43.4148989947906
99.054,99.054,220.0,224.7251771331619,223.67446703626047,-42.345177133161904
99.0734,99.0734,209.0,224.65563110476506,223.61321246934176,-53.27563110476506
99.0929,99.0929,218.0,224.58553776047955,223.55133957628365,-44.20553776047955
99.1123,99.1123,223.0,224.51561577487522,223.4894822820627,-39.13561577487521
99.1318,99.1318,211.0,224.44514073222146,223.42700220842397,-51.06514073222146
99.1513,99.1513,214.0,224.37446734822197,223.36421674937571,-47.99446734822197
99.1707,99.1707,233.0,224.30395905790556,223.30144955442262,-28.923959057905556
99.1902,99.1902,234.0,224.23288578218322,223.23805286250953,-27.852885782183215
99.2096,99.2096,216.0,224.1619738759151,223.1746762233806,-45.78197387591509
99.2291,99.2291,209.0,224.09048861039383,223.11066559146352,-52.71048861039383
99.2485,99.2485,231.0,224.01916265203673,223.0466768117455,-30.639162652036724
99.268,99.268,239.0,223.94725721935384,222.98204952633762,-22.56725721935384
99.2875,99.2875,226.0,223.8751350263232,222.91711209852974,-35.49513502632319
99.3069,99.3069,224.0,223.80316774109608,222.85219924455942,-37.42316774109607
99.3264,99.3264,219.0,223.73060879166798,222.78664107761017,-42.35060879166797
99.3458,99.3458,230.0,223.65820184350846,222.7211093108709,-31.278201843508462
99.3653,99.3653,228.0,223.58519791406025,222.65492767538785,-33.20519791406024
99.3847,99.3847,252.0,223.51234297274078,222.5887742773159,-9.13234297274078
99.4042,99.4042,213.0,223.4388823856943,222.5219664375362,-48.05888238569431
99.4237,99.4237,252.0,223.36519030248616,222.45484365928834,-8.985190302486153
99.4431,99.4431,240.0,223.29164449228503,222.3877518970112,-20.911644492285028
99.4626,99.4626,217.0,223.21748481344278,222.31999879533123,-43.83748481344278
99.482,99.482,229.0,223.14346805890233,222.2522785740384,-31.763468058902326
99.5015,99.5015,227.0,223.06882974004822,222.1838923972013,-33.68882974004821
99.5209,99.5209,237.0,222.99433486273526,222.11554097609988,-23.614334862735255
99.5404,99.5404,228.0,222.91921105001978,222.0465189659878,-32.53921105001978
99.5599,99.5599,257.0,222.8438415754018,221.9771771821228,-3.463841575401794
99.5793,99.5793,228.0,222.76861287581085,221.9078729900175,-32.38861287581084
99.5988,99.5988,249.0,222.69274527971592,221.83789122013832,-11.31274527971592
99.6182,99.6182,231.0,222.6170168442706,221.7679489448414,-29.237016844270606
99.6377,99.6377,267.0,222.54064474232555,221.69732441481156,6.839355257674448
99.6571,99.6571,242.0,222.46441024549893,221.62674129322244,-18.084410245498923
99.6766,99.6766,217.0,222.3875250187544,221.55547122248993,-43.007525018754386
99.6961,99.6961,215.0,222.31038182546013,221.4838765033644,-44.930381825460124
99.7155,99.7155,218.0,222.23337366258573,221.4123260867129,-41.85337366258573
99.735,99.735,247.0,222.15570553193763,221.34008164042322,-12.775705531937625
99.7544,99.7544,239.0,222.07817373600088,221.2678834381998,-20.698173736000875
99.7739,99.7739,202.0,221.9999753320365,221.1949864681187,-57.61997533203651
99.7933,99.7933,242.0,221.9219120537713,221.1221376948362,-17.541912053771306
99.8128,99.8128,227.0,221.84317754507526,221.04858539789845,-32.46317754507526
99.8323,99.8323,205.0,221.7641703624523,220.9747035384336,-54.38417036245229
99.8517,99.8517,220.0,221.68529795221906,220.9008728283573,-39.30529795221906
99.8712,99.8712,243.0,221.60574403409032,220.8263314217332,-16.22574403409032
99.8906,99.8906,221.0,221.5263239345939,220.75184314522465,-38.1463239345939
99.9101,99.9101,218.0,221.44621735072982,220.67663937224432,-41.06621735072982
99.9295,99.9295,211.0,221.3662433080493,220.60149072135118,-47.98624330804929
99.949,99.949,226.0,221.28557609420687,220.52562175635725,-32.90557609420687
99.9685,99.9685,227.0,221.2046265820598,220.44941827506926,-31.8246265820598
99.9879,99.9879,222.0,221.12380988818137,220.37327292756427,-36.74380988818137
100.0074,100.0074,227.0,221.04229189879322,220.29639999999998,-31.66229189879322
