"limits",30.0009,100.0074
"masked X","X","obs","calc","bkg","diff"
30.0009,30.0009,201.0,191.4864251552763,191.29793862792522,-6.886425155276292
30.0204,30.0204,196.0,191.46319714711547,191.2742639438659,-11.863197147115464
30.0398,30.0398,184.0,191.44029740982222,191.2509181516872,-23.84029740982222
30.0593,30.0593,189.0,191.41728115134987,191.2274518446314,-18.817281151349867
30.0787,30.0787,189.0,191.394592458143,191.20431371250598,-18.794592458142994
30.0982,30.0982,166.0,191.3717887433864,191.18105650522108,-41.77178874338639
30.1177,30.1177,184.0,191.34909189261325,191.1579044726382,-23.749091892613244
30.1371,30.1371,196.0,191.32672153875455,191.13507950791234,-11.726721538754553
30.1566,30.1566,210.0,191.30423802116275,191.11213734083677,2.2957619788372554
30.176,30.176,188.0,191.28208004706997,191.08952131992177,-19.682080047069967
30.1955,30.1955,166.0,191.25981055690937,191.06678961801316,-41.65981055690937
30.2149,30.2149,158.0,191.2378662142514,191.0443837045287,-49.637866214251396
30.2344,30.2344,175.0,191.2158118617549,191.0218636592586,-32.6158118617549
30.2539,30.2539,169.0,191.19386531144264,190.99944957088385,-38.593865311442634
30.2733,30.2733,203.0,191.17224194625658,190.9773592958201,-4.572241946256575
30.2928,30.2928,177.0,191.1505091905942,190.95515541703043,-30.55050919059419
30.3122,30.3122,171.0,191.12909773292418,190.93327344781713,-36.52909773292418
30.3317,30.3317,186.0,191.10757721116957,190.9112781593679,-21.50757721116957
30.3511,30.3511,190.0,191.0863759003147,190.88960269252456,-17.48637590031469
30.3706,30.3706,189.0,191.06506533932185,190.86781374027308,-18.465065339321846
30.3901,30.3901,202.0,191.0438592949821,190.84612736450418,-5.443859294982097
30.4095,30.4095,198.0,191.02296919788677,190.8247575791936,-9.422969197886765
30.429,30.429,179.0,191.00197017860654,190.80327448626284,-28.40197017860654
30.4484,30.4484,193.0,190.98128555127622,190.78210643720783,-14.381285551276214
30.4679,30.4679,191.0,190.96049261690388,190.76082567753465,-16.360492616903876
30.4873,30.4873,181.0,190.94001262024378,190.73985848858453,-26.340012620243776
30.5068,30.5068,198.0,190.91942510468536,190.71877934013804,-9.319425104685358
30.5263,30.5263,193.0,190.89894039770536,190.69780103200685,-14.298940397705358
30.5457,30.5457,186.0,190.8787667688682,190.677134437092,-21.278766768868188
30.5652,30.5652,186.0,190.8584870809356,190.6563573021794,-21.258487080935588
30.5846,30.5846,205.0,190.83851759362327,190.63589097417253,-2.238517593623264
30.6041,30.6041,191.0,190.81844328106286,190.6153152656488,-16.218443281062854
30.6235,30.6235,173.0,190.79867844267656,190.59504967119872,-34.19867844267656
30.643,30.643,178.0,190.7788104840789,190.5746763259083,-29.178810484078888
30.6625,30.6625,194.0,190.7590462658719,190.5544047611129,-13.159046265871886
30.6819,30.6819,183.0,190.73959065759868,190.53444236024356,-24.13959065759868
30.7014,30.7014,173.0,190.72003384022773,190.51437418224316,-34.12003384022773
30.7208,30.7208,187.0,190.70078490149206,190.49461446558573,-20.100784901492055
30.7403,30.7403,203.0,190.68143608522476,190.47475012156937,-4.081436085224759
30.7597,30.7597,190.0,190.66239404129848,190.45519320344252,-17.062394041298482
30.7792,30.7792,184.0,190.6432533008883,190.43553286344104,-23.04325330088829
30.7987,30.7987,170.0,190.62421720874465,190.41597510964183,-37.02421720874465
30.8181,30.8181,198.0,190.60548710134535,190.3967238903203,-9.005487101345345
30.8376,30.8376,180.0,190.58666035225363,190.37737123860074,-26.98666035225363
30.857,30.857,175.0,190.56813867149762,190.35832428354303,-31.96813867149762
30.8765,30.8765,186.0,190.54952171522035,190.33917715099065,-20.94952171522035
30.8959,30.8959,180.0,190.5312088183925,190.32033473890814,-26.931208818392513
30.9154,30.9154,197.0,190.51280149949602,190.30139305854098,-9.91280149949602
30.9349,30.9349,183.0,190.4944992805899,190.2825542049149,-23.894499280589905
30.9543,30.9543,173.0,190.47649943144674,190.26401838327445,-33.87649943144674
30.9738,30.9738,190.0,190.4584066928814,190.24538464459994,-16.858406692881395
30.9932,30.9932,177.0,190.4406150873072,190.2270527007415,-29.840615087307206
31.0127,31.0127,198.0,190.4227312308359,190.20862349699453,-8.822731230835892
31.0321,31.0321,216.0,190.4051471595954,190.19049467235962,9.1948528404046
31.0516,31.0516,180.0,190.38747151356014,190.17226920199855,-26.787471513560142
31.0711,31.0711,174.0,190.36990022764942,190.15414580058464,-32.76990022764942
31.0905,31.0905,190.0,190.35262701519082,190.13632110663238,-16.752627015190818
31.11,31.11,209.0,190.3352635443025,190.1184010086287,2.264736455697495
31.1294,31.1294,169.0,190.3181968401986,190.10077824539283,-37.718196840198594
31.1489,31.1489,184.0,190.30104070923016,190.08306095130501,-22.701040709230163
31.1683,31.1683,188.0,190.28418024770323,190.06563987846476,-18.68418024770323
31.1878,31.1878,173.0,190.26723117276086,190.04812490860024,-33.66723117276086
31.2073,31.2073,170.0,190.25038552146373,190.03071107581732,-36.650385521463726
31.2267,31.2267,192.0,190.2338333597042,190.01359126965602,-14.633833359704191
31.2462,31.2462,181.0,190.21719297607203,189.99637800220503,-25.617192976072026
31.2656,31.2656,188.0,190.2008441266158,189.97945676731848,-18.600844126615804
31.2851,31.2851,202.0,190.18440710738858,189.96244204967255,-4.584407107388579
31.3045,31.3045,202.0,190.16825950515184,189.9457173224846,-4.568259505151836
31.324,31.324,181.0,190.15202397799516,189.92889923272014,-25.552023977995155
31.3435,31.3435,177.0,190.13588904539185,189.91217936294342,-29.535889045391848
31.3629,31.3629,173.0,190.12004139802826,189.89574726304585,-33.52004139802826
31.3824,31.3824,199.0,190.10410655171282,189.87922251886425,-7.504106551712816
31.4018,31.4018,193.0,190.0884570678617,189.86298369934946,-13.488457067861695
31.4213,31.4213,177.0,190.0727206147567,189.84665232688613,-29.47272061475669
31.4407,31.4407,185.0,190.05726783228067,189.8306052363088,-21.45726783228067
31.4602,31.4602,173.0,190.04172832573315,189.81446585965017,-33.441728325733145
31.4797,31.4797,193.0,190.02628703307542,189.79842208417472,-13.426287033075418
31.4991,31.4991,168.0,190.01112650803344,189.7826596839102,-38.41112650803344
31.5186,31.5186,184.0,189.99587935147423,189.76680489888707,-22.39587935147423
31.538,31.538,188.0,189.98091073520916,189.7512292430404,-18.380910735209163
31.5575,31.5575,211.0,189.96585488541893,189.73556063526746,4.634145114581067
31.5769,31.5769,186.0,189.95107509783776,189.7201686327216,-20.351075097837757
31.5964,31.5964,186.0,189.93620778370206,189.70468330766434,-20.336207783702058
31.6159,31.6159,193.0,189.92143418628592,189.6892890055952,-13.32143418628592
31.6353,31.6353,192.0,189.90693342814632,189.67416813064182,-14.306933428146316
31.6548,31.6548,176.0,189.89234500728503,189.65895370032106,-30.29234500728503
31.6742,31.6742,201.0,189.87802759381694,189.6440107662428,-5.278027593816937
31.6937,31.6937,173.0,189.86362238379277,189.62897419620248,-33.26362238379277
31.7131,31.7131,203.0,189.84948621923738,189.6142071530397,-3.249486219237376
31.7326,31.7326,209.0,189.83526242898364,189.59934641541335,2.7647375710163615
31.7521,31.7521,199.0,189.82112878137178,189.58457312561995,-7.221128781371782
31.7715,31.7715,207.0,189.80726153421648,189.57006672486213,0.7927384657835219
31.791,31.791,190.0,189.79330738390075,189.5554673941068,-16.193307383900752
31.8104,31.8104,188.0,189.7796188374699,189.541134090329,-18.17961883746991
31.8299,31.8299,185.0,189.76584476424526,189.526709141846,-21.165844764245257
31.8493,31.8493,193.0,189.75233561366005,189.51254964841272,-13.15233561366005
31.8688,31.8688,180.0,189.73874240370412,189.4982998225005,-26.13874240370412
31.8883,31.8883,189.0,189.72524008781951,189.4841381170124,-17.125240087819513
31.9077,31.9077,186.0,189.71200195861024,189.47024100229848,-20.112001958610243
31.9272,31.9272,170.0,189.6986817869458,189.45625553816274,-36.0986817869458
31.9466,31.9466,189.0,189.68562506259053,189.44253405162976,-17.08562506259053
31.9661,31.9661,191.0,189.67248747342813,189.42872526762045,-15.072487473428133
31.9855,31.9855,201.0,189.65961231031665,189.4151794412535,-5.059612310316645
32.005,32.005,195.0,189.6466572061682,189.4015472450627,-11.046657206168184
32.0245,32.0245,181.0,189.6337938501437,189.38800375993418,-25.033793850143688
32.0439,32.0439,170.0,189.62119201771432,189.374722279177,-36.02119201771432
32.0634,32.0634,186.0,189.60851243142224,189.3613564665536,-20.00851243142224
32.0828,32.0828,185.0,189.5960935553417,189.3482518928598,-20.996093555341695
32.1023,32.1023,164.0,189.5835978592417,189.33506386650456,-41.983597859241705
32.1217,32.1217,198.0,189.57136196426578,189.3221360443366,-7.971361964265775
32.1412,32.1412,187.0,189.55904968110406,189.30912528942093,-18.959049681104055
32.1607,32.1607,193.0,189.5468291673505,189.29620300678855,-12.946829167350494
32.1801,32.1801,206.0,189.53486614657874,189.2835387337617,0.06513385342126554
32.1996,32.1996,191.0,189.52282776814795,189.27079230976975,-14.922827768147947
32.219,32.219,191.0,189.51104590456768,189.25830284413138,-14.911045904567679
32.2385,32.2385,224.0,189.49918973537092,189.24573227197916,18.100810264629082
32.2579,32.2579,180.0,189.48758945729375,189.23341793421352,-25.88758945729375
32.2774,32.2774,182.0,189.4759161847795,189.22102370538707,-23.87591618477949
32.2969,32.2969,159.0,189.4643347410347,189.2087180431386,-46.86433474103469
32.3163,32.3163,193.0,189.45300804523913,189.19666749255512,-12.853008045239129
32.3358,32.3358,175.0,189.44160960889812,189.18453819101964,-30.841609608898118
32.3552,32.3552,166.0,189.43046433488277,189.17266248065818,-39.83046433488277
32.3747,32.3747,192.0,189.4192476837264,189.16070824673088,-13.81924768372641
32.3941,32.3941,198.0,189.4082821728149,189.14900558375888,-7.8082821728148915
32.4136,32.4136,204.0,189.39724501261745,189.13722399895903,-1.797245012617445
32.4331,32.4331,184.0,189.38629687872088,189.12552814165252,-21.786296878720883
32.4525,32.4525,195.0,189.375597185503,189.1140810168779,-10.77559718550301
32.472,32.472,176.0,189.36482605672603,189.10255513247918,-29.76482605672603
32.4914,32.4914,168.0,189.35430165965604,189.09127641316306,-37.75430165965604
32.5109,32.5109,194.0,189.34370620064254,189.0799191301311,-11.743706200642542
32.5303,32.5303,214.0,189.33335540488466,189.0688070099852,8.266644595115345
32.5498,32.5498,213.0,189.3229332250369,189.05761597350144,7.277066774963096
32.5692,32.5692,174.0,189.3127539160221,189.04666819695524,-31.712753916022102
32.5887,32.5887,202.0,189.3025035921692,189.03564179869997,-3.7025035921691867
32.6082,32.6082,191.0,189.29233899197447,189.0246974692104,-14.692338991974474
32.6276,32.6276,200.0,189.28241510130604,189.01399425547987,-5.6824151013060415
32.6471,32.6471,194.0,189.272420880662,189.00321301614136,-11.672420880661996
32.6665,32.6665,196.0,189.2626663888002,188.99267178656612,-9.662666388800197
32.686,32.686,194.0,189.25284244757512,188.98205343634424,-11.652842447575118
32.7054,32.7054,153.0,189.24325749639294,188.97167437175665,-52.64325749639294
32.7249,32.7249,185.0,189.23360464011571,188.96121942188483,-20.633604640115713
32.7444,32.7444,148.0,189.2240373166436,188.95084628177452,-57.6240373166436
32.7638,32.7638,191.0,189.21470738550403,188.94071081966564,-14.614707385504026
32.7833,32.7833,189.0,189.20530959835136,188.93049960696126,-16.60530959835136
32.8027,32.8027,205.0,189.19614700307608,188.92052374374512,-0.5961470030760765
32.8222,32.8222,202.0,189.18691616888037,188.91047162741245,-3.5869161688803715
32.8416,32.8416,188.0,189.17791830853727,188.90065277801443,-17.57791830853727
32.8611,32.8611,204.0,189.16885247598682,188.8907577188503,-1.568852475986823
32.8806,32.8806,180.0,189.15986882084096,188.88094089408386,-25.559868820840954
32.9,32.9,191.0,189.15111598146865,188.87135515450524,-14.551115981468648
32.9195,32.9195,200.0,189.14229584566957,188.8616937596016,-5.542295845669564
32.9389,32.9389,179.0,189.13370508065802,188.8522620714003,-26.533705080658017
32.9584,32.9584,178.0,189.1250477654936,188.84275528472756,-27.525047765493603
32.9778,32.9778,181.0,189.11661864560392,188.83347702512862,-24.51661864560392
32.9973,32.9973,194.0,189.10812327278984,188.82412401128667,-11.508123272789838
33.0168,33.0168,186.0,189.09970864723675,188.8148475201529,-19.49970864723675
33.0362,33.0362,182.0,189.09151988618936,188.80579713964275,-23.49151988618936
33.0557,33.0557,182.0,189.08326525298716,188.79667217202947,-23.48326525298716
33.0751,33.0751,170.0,189.07523474911582,188.78777160422553,-35.47523474911582
33.0946,33.0946,176.0,189.06713832083744,188.77879633228065,-29.467138320837442
33.114,33.114,187.0,189.05926398459516,188.77004329809827,-18.45926398459516
33.1335,33.1335,199.0,189.05132294699368,188.7612147693804,-6.4513229469936775
33.153,33.153,173.0,189.0434586018275,188.7524584528792,-32.443458601827494
33.1724,33.1724,189.0,189.03581235304898,188.74392043968075,-16.43581235304898
33.1919,33.1919,196.0,189.02809823676444,188.73530552551117,-9.428098236764434
33.2113,33.2113,197.0,189.02059937005325,188.7269060809675,-8.420599370053246
33.2308,33.2308,173.0,189.01303172473487,188.71842872742852,-32.41303172473487
33.2502,33.2502,211.0,189.00567697307446,188.7101642949047,5.594323026925544
33.2697,33.2697,188.0,188.99825256097017,188.7018210441505,-17.39825256097017
33.2892,33.2892,180.0,188.9908988168107,188.6935438017608,-25.390898816810697
33.3086,33.3086,204.0,188.98375403304348,188.68547566317704,-1.3837540330434805
33.3281,33.3281,191.0,188.97653870465376,188.6773275726523,-14.376538704653761
33.3475,33.3475,182.0,188.96952989787982,188.66938614249955,-23.369529897879822
33.367,33.367,195.0,188.96245020212,188.66136423495146,-10.362450202120009
33.3864,33.3864,171.0,188.95557475174223,188.65354669594626,-34.35557475174223
33.4059,33.4059,194.0,188.94862796280864,188.6456480920153,-11.348627962808642
33.4254,33.4254,213.0,188.94174653501656,188.63781011362477,7.658253464983439
33.4448,33.4448,210.0,188.9350657766149,188.63017280669823,4.66493422338511
33.4643,33.4643,198.0,188.9283126546983,188.62245335078032,-7.328312654698287
33.4837,33.4837,192.0,188.92175827014555,188.61493266801384,-13.321758270145544
33.5032,33.5032,180.0,188.9151318859493,188.60732995717893,-25.315131885949306
33.5226,33.5226,191.0,188.90870272939836,188.59992459018082,-14.308702729398355
33.5421,33.5421,192.0,188.9022018396984,188.5924373906135,-13.302201839698391
33.5616,33.5616,183.0,188.89576344646116,188.5850076143404,-22.29576344646116
33.581,33.581,158.0,188.88952015940646,188.57777286352166,-47.28952015940646
33.6005,33.6005,211.0,188.8832054634846,188.57045648680779,5.716794536515415
33.6199,33.6199,175.0,188.87708376716762,188.56333314423105,-30.277083767167618
33.6394,33.6394,193.0,188.87089036553627,188.55612770669998,-12.270890365536268
33.6588,33.6588,196.0,188.86488807927444,188.54911319770795,-9.264888079274435
33.6783,33.6783,195.0,188.85881353215987,188.5420160452268,-10.25881353215987
33.6978,33.6978,208.0,188.85279779471637,188.5349723228013,2.747202205283635
33.7172,33.7172,191.0,188.84697005027058,188.52811650072235,-14.246970050270583
33.7367,33.7367,191.0,188.84107017815916,188.52117787460773,-14.241070178159156
33.7561,33.7561,186.0,188.83535697089465,188.51442571336153,-19.23535697089465
33.7756,33.7756,193.0,188.82957192598136,188.50759102410044,-12.229571925981354
33.795,33.795,189.0,188.82397224023234,188.50094139649826,-16.223972240232335
33.8145,33.8145,183.0,188.81830120999211,188.4942095075097,-22.218301209992113
33.834,33.834,185.0,188.81268699515644,188.48752883517523,-20.21268699515644
33.8534,33.8534,187.0,188.80725603300533,188.4810311250127,-18.20725603300533
33.8729,33.8729,214.0,188.8017541695428,188.47445141242358,8.798245830457212
33.8923,33.8923,205.0,188.7964338104425,188.4680530369231,-0.19643381044249253
33.9118,33.9118,194.0,188.79104303106453,188.46157285848096,-11.191043031064531
33.9312,33.9312,200.0,188.7858326830974,188.45527294942931,-5.185832683097395
33.9507,33.9507,185.0,188.78055300669618,188.44889205070024,-20.18055300669618
33.9702,33.9702,196.0,188.77532913621806,188.44256115867935,-9.17532913621806
33.9896,33.9896,189.0,188.7702848255015,188.4364095758387,-16.170284825501504
34.0091,34.0091,208.0,188.76517290768905,188.43017865844234,2.8348270923109524
34.0285,34.0285,183.0,188.7602401061463,188.42412658294975,-22.16024010614631
34.048,34.048,194.0,188.7552412941712,188.41799653670313,-11.155241294171212
34.0674,34.0674,177.0,188.75042141395346,188.41204518906028,-28.15042141395346
34.0869,34.0869,184.0,188.74553702417944,188.4060173343928,-21.14553702417944
34.1064,34.1064,220.0,188.74071063640193,188.4000411570219,14.859289363598073
34.1258,34.1258,187.0,188.73606283562003,188.39424314984618,-18.13606283562003
34.1453,34.1453,194.0,188.7313524885252,188.38837045576193,-11.131352488525202
34.1647,34.1647,179.0,188.7268204479916,188.3826756186284,-26.126820447991598
34.1842,34.1842,173.0,188.72222750424217,188.37690742274341,-32.12222750424217
34.2036,34.2036,182.0,188.7178124041823,188.37131672323673,-23.117812404182295
34.2231,34.2231,201.0,188.71333745269422,188.36565359187097,-4.113337452694218
34.2426,34.2426,194.0,188.7089217733134,188.36004304381794,-11.10892177331339
34.262,34.262,200.0,188.70468263074227,188.35460861903758,-5.104682630742268
34.2815,34.2815,214.0,188.70038497219136,188.34910289859704,8.899615027808643
34.3009,34.3009,193.0,188.6962636064205,188.34377273602587,-12.0962636064205
34.3204,34.3204,175.0,188.69208512983312,188.3383726411682,-30.092085129833116
34.3398,34.3398,204.0,188.68808280733953,188.33314811197124,-1.088082807339525
34.3593,34.3593,200.0,188.68402521121442,188.32785511887727,-5.084025211214417
34.3788,34.3788,203.0,188.68002890237716,188.3226164111783,-2.0800289023771583
34.3982,34.3982,184.0,188.67620879458048,188.3175532661601,-21.076208794580474
34.4177,34.4177,199.0,188.67233645632766,188.31242448546934,-6.072336456327655
34.4371,34.4371,199.0,188.66864083478015,188.30747178166826,-6.0686408347801475
34.4566,34.4566,173.0,188.66489531671132,188.30245558261345,-32.06489531671132
34.476,34.476,197.0,188.66132738469537,188.29761623604577,-8.061327384695367
34.4955,34.4955,191.0,188.657712173483,188.2927156583519,-14.05771217348299
34.515,34.515,200.0,188.65416324171696,188.2878741275646,-5.054163241716957
34.5344,34.5344,180.0,188.65079285396752,188.28321035765723,-25.050792853967515
34.5539,34.5539,195.0,188.64737880345163,188.278488849893,-10.047378803451629
34.5733,34.5733,157.0,188.64414412669515,188.2739459086671,-48.04414412669515
34.5928,34.5928,187.0,188.64086847805183,188.26934754731647,-18.040868478051827
34.6122,34.6122,179.0,188.63777244990385,188.26492816741063,-26.037772449903848
34.6317,34.6317,196.0,188.63463715771562,188.26045491653073,-9.034637157715615
34.6512,34.6512,230.0,188.6315729184426,188.2560448326096,24.9684270815574
34.6706,34.6706,171.0,188.63161380826028,188.2518134635839,-34.03161380826028
34.6901,34.6901,194.0,188.62869490529212,188.24753026376342,-11.02869490529212
34.7095,34.7095,191.0,188.62595534316156,188.2434254336202,-14.025955343161563
34.729,34.729,210.0,188.623180108461,188.23926980054046,4.976819891538987
34.7484,34.7484,189.0,188.6205836611296,188.23529207173925,-16.020583661129585
34.7679,34.7679,190.0,188.61795299406475,188.2312648439535,-15.01795299406475
34.7874,34.7874,202.0,188.6153955947504,188.22730255203504,-3.0153955947503945
34.8068,34.8068,194.0,188.61301698936634,188.22351808334543,-11.013016989366342
34.8263,34.8263,177.0,188.61060686071812,188.2196864780509,-28.01060686071812
34.8457,34.8457,202.0,188.60837604607636,188.21603296057154,-3.008376046076357
34.8652,34.8652,205.0,188.60611552126204,188.2123339975126,-0.006115521262039181
34.8846,34.8846,179.0,188.60549703851473,188.20881325777398,-26.005497038514726
34.9041,34.9041,188.0,188.6033899410175,188.20524905151626,-17.003389941017495
34.9236,34.9236,204.0,188.6013601950983,188.20175331701935,-1.001360195098293
34.943,34.943,207.0,188.59951035434273,188.19843643524254,2.000489645657275
34.9625,34.9625,189.0,188.59763640864622,188.1950790090258,-15.997636408646223
34.9819,34.9819,210.0,188.59594343621555,188.19190124052463,5.004056563784452
35.0014,35.0014,174.0,188.5942291036032,188.18868542790273,-30.994229103603196
35.0208,35.0208,200.0,188.59269690784294,188.18565044442357,-4.992696907842934
35.0403,35.0403,205.0,188.59114646766338,188.18258011763413,0.008853532336623005
35.0598,35.0598,180.0,188.58967950353718,188.17958414678404,-24.989679503537182
35.0792,35.0792,180.0,188.58839672732643,188.17677088516243,-24.988396727326425
35.0987,35.0987,197.0,188.58710018463566,188.17392659012302,-7.987100184635658
35.1181,35.1181,208.0,188.58598918725536,188.17126618816877,3.014010812744637
35.1376,35.1376,196.0,188.58486723387,188.16857739754354,-8.984867233869998
35.157,35.157,212.0,188.58393214017894,188.1660739129109,7.016067859821057
35.1765,35.1765,192.0,188.58298974255993,188.16354521625047,-12.98298974255993
35.196,35.196,180.0,188.58213943122763,188.16109883478182,-24.98213943122763
35.2154,35.2154,187.0,188.5814792219696,188.15884081464785,-17.9814792219696
35.2349,35.2349,169.0,188.58081739587587,188.15656298946237,-35.98081739587587
35.2543,35.2543,217.0,188.5803475521746,188.15447543657706,12.0196524478254
35.2738,35.2738,205.0,188.57987968607094,188.1523711799322,0.02012031392906266
35.2932,35.2932,199.0,188.5796052531206,188.15045873354893,-5.979605253120603
35.3127,35.3127,187.0,188.57933633376274,188.1485329605271,-17.97933633376274
35.3322,35.3322,221.0,188.57916952484288,188.14669881503212,16.02083047515712
35.3516,35.3516,208.0,188.57919964450943,188.1450597240964,3.0208003554905716
35.3711,35.3711,215.0,188.5792413775491,188.14341296068184,10.020758622450906
35.3905,35.3905,188.0,188.5794829413252,188.14196387738443,-16.97948294132521
35.41,35.41,182.0,188.57974067933455,188.14051162058388,-22.979740679334547
35.4294,35.4294,159.0,188.58020136313965,188.13926024077293,-45.98020136313965
35.4489,35.4489,173.0,188.58068332010583,188.13801021916947,-31.980683320105832
35.4683,35.4683,190.0,188.58137095994567,188.13696365052263,-14.981370959945671
35.4878,35.4878,199.0,188.5820834699954,188.13592188871075,-5.982083469995409
35.5073,35.5073,192.0,188.58291350473732,188.13498630688784,-12.982913504737319
35.5267,35.5267,196.0,188.58395201613396,188.13425691232052,-8.983952016133962
35.5462,35.5462,194.0,188.58502097977626,188.1335373568211,-10.985020979776259
35.5656,35.5656,173.0,188.58630054105984,188.13302603028757,-31.98630054105984
35.5851,35.5851,175.0,188.58761471078353,188.1325281409227,-29.987614710783525
35.6045,35.6045,195.0,188.5891413918513,188.1322404476453,-9.989141391851312
35.624,35.624,203.0,188.59070591483362,188.1319692052043,-1.9907059148336188
35.6435,35.6435,193.0,188.59239740200258,188.13181308919312,-11.992397402002574
35.6629,35.6629,179.0,188.59430431278446,188.13186946885062,-25.994304312784458
35.6824,35.6824,189.0,188.5962540179994,188.131946986777,-15.996254017999398
35.7018,35.7018,184.0,188.5984205768197,188.13223866524473,-20.998420576819704
35.7213,35.7213,202.0,188.60063336069365,188.13255442068083,-3.000633360693648
35.7407,35.7407,209.0,188.60306476885134,188.13308572883233,3.9969352311486617
35.7602,35.7602,185.0,188.6055454675096,188.13364398878383,-20.005545467509585
35.7797,35.7797,196.0,188.60816235452268,188.1343255925063,-9.008162354522675
35.7991,35.7991,189.0,188.61100050754885,188.13522542621848,-16.01100050754885
35.8186,35.8186,213.0,188.6138938591243,188.13615722177175,7.986106140875712
35.838,35.838,187.0,188.6170102851055,188.13730916376198,-18.017010285105492
35.8575,35.8575,183.0,188.62018567843666,188.13849659697783,-22.020185678436654
35.8769,35.8769,204.0,188.6235866646964,188.139906444954,-1.0235866646964027
35.8964,35.8964,183.0,188.62705056909755,188.14135532663013,-22.027050569097547
35.9159,35.9159,215.0,188.630661544355,188.14293731054707,9.969338455644994
35.9353,35.9353,160.0,188.63450141766822,188.14474494907338,-45.03450141766822
35.9548,35.9548,197.0,188.6384103456486,188.14659724625454,-8.038410345648593
35.9742,35.9742,204.0,188.6425505812203,188.14867736973113,-1.04255058122029
35.9937,35.9937,182.0,188.6467637342977,188.150805427827,-23.046763734297706
36.0131,36.0131,179.0,188.6512105222709,188.15316339787748,-26.0512105222709
36.0326,36.0326,190.0,188.65573400677238,188.15557283221807,-15.055734006772376
36.0521,36.0521,190.0,188.66041491551476,188.15812501856124,-15.060414915514762
36.0715,36.0715,196.0,188.6653323046208,188.16090982612982,-9.065332304620789
36.091,36.091,191.0,188.6703318574509,188.16375073075608,-14.070331857450888
36.1104,36.1104,177.0,188.67556962203378,188.16682597022535,-28.075569622033775
36.1299,36.1299,193.0,188.6808930541949,188.16996046698736,-12.08089305419491
36.1493,36.1493,187.0,188.68645647602338,188.17333088792282,-18.08645647602338
36.1688,36.1688,191.0,188.69210909958085,188.17676339261263,-14.092109099580846
36.1883,36.1883,193.0,188.6979277552106,188.1803466339066,-12.097927755210598
36.2077,36.2077,223.0,188.70398920371582,188.1841678715978,17.89601079628418
36.2272,36.2272,196.0,188.7101442233348,188.1880553052321,-9.110144223334792
36.2466,36.2466,177.0,188.71654313745958,188.1921822249343,-28.11654313745958
36.2661,36.2661,189.0,188.7230396743523,188.19637837536695,-16.12303967435229
36.2855,36.2855,208.0,188.72978160709553,188.20081554727992,2.8702183929044693
36.305,36.305,193.0,188.7366240382808,188.2053246559178,-12.136624038280807
36.3245,36.3245,190.0,188.74364175702337,188.2099920910735,-15.143641757023367
36.3439,36.3439,208.0,188.7509076182515,188.214902886798,2.8490923817485125
36.3634,36.3634,190.0,188.75827965384252,188.21989019890952,-15.15827965384252
36.3828,36.3828,159.0,188.76590165519144,188.22512272623544,-46.16590165519144
36.4023,36.4023,198.0,188.7736335186243,188.23043515483192,-7.173633518624307
36.4217,36.4217,207.0,188.78161739472074,188.23599440727102,1.818382605279261
36.4412,36.4412,199.0,188.78971428009925,188.2416362129757,-6.1897142800992455
36.4607,36.4607,198.0,188.79799609796356,188.24744458696497,-7.197996097963561
36.4801,36.4801,191.0,188.80653252782432,188.2535022732456,-14.206532527824315
36.4996,36.4996,198.0,188.81518754416638,188.259647372613,-7.215187544166376
36.519,36.519,199.0,188.8240999362868,188.2660438180111,-6.224099936286812
36.5385,36.5385,194.0,188.83313446237005,188.27253112507046,-11.233134462370053
36.5579,36.5579,195.0,188.84242902579487,188.2792720378119,-10.24242902579487
36.5774,36.5774,200.0,188.85185030281852,188.28610752921728,-5.251850302818518
36.5969,36.5969,192.0,188.86146778965602,188.29311962023738,-13.261467789656017
36.6163,36.6163,189.0,188.87134894859332,188.30038908566863,-16.27134894859332
36.6358,36.6358,194.0,188.8813637868606,188.30775904623175,-11.281363786860588
36.6552,36.6552,166.0,188.89164513797246,188.3153890168706,-39.29164513797246
36.6747,36.6747,181.0,188.902064798803,188.32312344273228,-24.302064798802995
36.6941,36.6941,196.0,188.91275345985468,188.33112021705182,-9.312753459854683
36.7136,36.7136,188.0,188.92358477183527,188.3392246712894,-17.323584771835264
36.7331,36.7331,185.0,188.93462376548354,188.3475161730906,-20.334623765483535
36.7525,36.7525,192.0,188.94593483185747,188.35607271348093,-13.34593483185747
36.772,36.772,195.0,188.95739377439008,188.3647415280351,-10.357393774390083
36.7914,36.7914,191.0,188.96912658229624,188.37367697264924,-14.36912658229624
36.8109,36.8109,178.0,188.9810111447127,188.3827276366402,-27.38101114471271
36.8303,36.8303,191.0,188.9931712143329,188.39204657764503,-14.393171214332902
36.8498,36.8498,190.0,189.0054862980472,188.40148351705926,-15.405486298047201
36.8693,36.8693,196.0,189.01801880299723,188.4111152065435,-9.418018802997231
36.8887,36.8887,208.0,189.03082929084067,188.42101705797603,2.56917070915933
36.9082,36.9082,175.0,189.0438000668875,188.43104076487987,-30.443800066887512
36.9276,36.9276,176.0,189.05705029569066,188.44133611717234,-29.457050295690657
36.9471,36.9471,205.0,189.07046402355363,188.45175608549255,-0.4704640235536246
36.9665,36.9665,202.0,189.0841587972545,188.46244875145953,-3.4841587972545014
36.986,36.986,210.0,189.09802041020123,188.4732683393337,4.501979589798772
37.0055,37.0055,189.0,189.11210779007212,188.4842893658805,-16.512107790072115
37.0249,37.0249,195.0,189.12647881417143,188.495585244424,-10.526478814171433
37.0444,37.0444,168.0,189.14102187584825,188.50701241351845,-37.54102187584825
37.0638,37.0638,211.0,189.15585103567068,188.51871615813369,5.444148964329322
37.0833,37.0833,199.0,189.17085544546447,188.53055394434276,-6.570855445464467
37.1027,37.1027,204.0,189.1861474764326,188.54266967446785,-1.5861474764326076
37.1222,37.1222,197.0,189.2016188952355,188.5549223799356,-8.601618895235497
37.1417,37.1417,181.0,189.21732631801322,188.56738461606412,-24.61732631801322
37.1611,37.1611,202.0,189.2333248557282,188.5801277074979,-3.6333248557281976
37.1806,37.1806,201.0,189.24950868489967,188.59301265841117,-4.649508684899665
37.2,37.2,224.0,189.26598578104185,188.6061804014294,18.334014218958153
37.2195,37.2195,174.0,189.2826528074291,188.61949342797007,-31.682652807429086
37.2389,37.2389,220.0,189.29961562174609,188.63309160932027,14.300384378253916
37.2584,37.2584,198.0,189.31677328146228,188.6468385983968,-7.716773281462274
37.2779,37.2779,160.0,189.33417859305194,188.66080489972458,-45.73417859305194
37.2973,37.2973,179.0,189.35188372076635,188.67505981144996,-26.75188372076635
37.3168,37.3168,203.0,189.36979004097478,188.68946873250087,-2.769790040974776
37.3362,37.3362,171.0,189.3879980484347,188.7041678163207,-34.787998048434694
37.3557,37.3557,194.0,189.40641128413046,188.71902367802707,-11.806411284130455
37.3751,37.3751,195.0,189.4251277110872,188.7341710681818,-10.825127711087212
37.3946,37.3946,189.0,189.44405244021576,188.74947760993302,-16.844052440215755
37.4141,37.4141,193.0,189.46323525670684,188.76501099168868,-12.863235256706837
37.4335,37.4335,198.0,189.48272383898035,188.7808375997751,-7.882723838980347
37.453,37.453,202.0,189.50242632666186,188.7968269153631,-3.9024263266618604
37.4724,37.4724,187.0,189.5224358092214,188.81311060521736,-18.922435809221405
37.4919,37.4919,199.0,189.54266238014975,188.82955956419897,-6.9426623801497485
37.5113,37.5113,189.0,189.5631985430903,188.8463042468499,-16.963198543090293
37.5308,37.5308,180.0,189.58395523770298,188.8632167889424,-25.98395523770298
37.5503,37.5503,187.0,189.6049793972516,188.88036275718602,-19.00497939725161
37.5697,37.5697,202.0,189.62631531952508,188.89780632002785,-4.026315319525075
37.5892,37.5892,160.0,189.64787729736508,188.91542118987317,-46.04787729736508
37.6086,37.6086,200.0,189.6697529341305,188.93333461608177,-6.069752934130513
37.6281,37.6281,197.0,189.69185737895026,188.95142124883984,-9.091857378950259
37.6475,37.6475,211.0,189.71427591306295,188.96980678670323,4.885724086937053
37.667,37.667,172.0,189.73692664174027,188.9883672333144,-34.13692664174027
37.6865,37.6865,190.0,189.75985282399432,189.00716578416615,-16.15985282399432
37.7059,37.7059,167.0,189.78309458146705,189.02626415217227,-39.18309458146705
37.7254,37.7254,199.0,189.8065731057234,189.04554007574956,-7.2065731057234
37.7448,37.7448,189.0,189.83036798906937,189.0651158154061,-17.23036798906937
37.7643,37.7643,185.0,189.85440201226925,189.08487007669027,-21.254402012269246
37.7837,37.7837,184.0,189.87875268599163,189.10492391533742,-22.278752685991627
37.8032,37.8032,192.0,189.90334524944086,189.12515709496387,-14.30334524944086
37.8227,37.8227,208.0,189.9282173382249,189.1456298522697,1.6717826617751044
37.8421,37.8421,186.0,189.9534061097557,189.1664011935456,-20.35340610975569
37.8616,37.8616,193.0,189.97883928324205,189.1873527304367,-13.378839283242051
37.881,37.881,195.0,190.00458954566784,189.20860233026275,-11.40458954566784
37.9005,37.9005,198.0,190.03058607477112,189.23003270878257,-8.43058607477112
37.9199,37.9199,183.0,190.05689937036888,189.25176053772373,-23.45689937036888
37.9394,37.9394,200.0,190.0834613486183,189.2736697994028,-6.483461348618299
37.9589,37.9589,205.0,190.11030708514707,189.29581860104128,-1.510307085147069
37.9783,37.9783,194.0,190.1374702490755,189.31826392673642,-12.537470249075504
37.9978,37.9978,211.0,190.16488526770527,189.34089162903888,4.435114732294728
38.0172,38.0172,212.0,190.19261747821042,189.3638155173053,5.407382521789579
38.0367,38.0367,174.0,190.22060438812264,189.38692282648785,-32.620604388122636
38.0561,38.0561,219.0,190.24891034237208,189.41032656639553,12.351089657627917
38.0756,38.0756,175.0,190.27747350008735,189.43391511581655,-31.677473500087352
38.0951,38.0951,188.0,190.3063269615355,189.45774504921988,-18.70632696153549
38.1145,38.1145,180.0,190.33550001811753,189.48187152915693,-26.735500018117527
38.134,38.134,194.0,190.36493549837715,189.50618460491367,-12.764935498377149
38.1534,38.1534,231.0,190.3946916054151,189.5307938186271,24.20530839458491
38.1729,38.1729,189.0,190.42471211531557,189.5555902238105,-17.82471211531557
38.1923,38.1923,183.0,190.45505306862935,189.58068223267776,-23.855053068629353
38.2118,38.2118,196.0,190.48566162211242,189.6059620541316,-10.885661622112416
38.2312,38.2312,199.0,190.51659071676926,189.6315367317919,-7.916590716769257
38.2507,38.2507,190.0,190.54779022601278,189.65729952739844,-16.947790226012778
38.2702,38.2702,189.0,190.5792857001381,189.6833038176508,-17.979285700138085
38.2896,38.2896,180.0,190.61110194891995,189.70960176204082,-27.01110194891995
38.3091,38.3091,195.0,190.64319176720963,189.73608830635234,-12.043191767209628
38.3285,38.3285,187.0,190.67560232385048,189.7628673695412,-20.075602323850482
38.348,38.348,206.0,190.70828901198493,189.78983488775387,-1.1082890119849296
38.3674,38.3674,186.0,190.74129535721505,189.81709353954102,-21.14129535721505
38.3869,38.3869,181.0,190.77457944327278,189.8445404594115,-26.174579443272783
38.4064,38.4064,208.0,190.8081635690654,189.8722266487369,0.7918364309345876
38.4258,38.4258,202.0,190.84206785523386,189.90020179442598,-5.242067855233863
38.4453,38.4453,189.0,190.8762526302787,189.92836464397584,-18.276252630278712
38.4647,38.4647,175.0,190.91075684646358,189.9568151117183,-32.31075684646358
38.4842,38.4842,209.0,190.94554394040173,189.9854531069674,1.6544560595982674
38.5036,38.5036,174.0,190.980650713563,190.014377094962,-33.38065071356299
38.5231,38.5231,205.0,191.01604227257826,190.04348805125403,-2.4160422725782595
38.5426,38.5426,184.0,191.0517364577465,190.07283465551077,-23.4517364577465
38.562,38.562,210.0,191.08774909906882,190.1024645705623,2.5122509009311855
38.5815,38.5815,187.0,191.12405021496073,190.13228021314416,-20.52405021496073
38.6009,38.6009,209.0,191.1606684633424,190.16237728335085,1.4393315366575976
38.6204,38.6204,198.0,191.19757660504774,190.19265940405964,-9.597576605047742
38.6398,38.6398,199.0,191.2348023220233,190.22322121263426,-8.634802322023312
38.6593,38.6593,208.0,191.27232038797533,190.25396765455042,0.3276796120246743
38.6788,38.6788,200.0,191.31014525921918,190.2849457345899,-7.710145259219182
38.6982,38.6982,188.0,191.34828758893252,190.31620148498817,-19.74828758893252
38.7177,38.7177,188.0,191.3867265347947,190.34764178777783,-19.78672653479469
38.7371,38.7371,176.0,191.4254835380092,190.37935867700418,-31.825483538009188
38.7566,38.7566,207.0,191.46454071233143,190.41125997577652,-0.8645407123314257
38.776,38.776,197.0,191.50391655774246,190.44343628362327,-10.903916557742455
38.7955,38.7955,186.0,191.54359468244533,190.4757964401405,-21.94359468244533
38.815,38.815,191.0,191.58358455468718,190.5083854479703,-16.983584554687177
38.8344,38.8344,202.0,191.6238928458573,190.54124708727636,-6.023892845857311
38.8539,38.8539,211.0,191.66450824654,190.57429171089024,2.935491753459992
38.8733,38.8733,202.0,191.7054425869177,190.60760721363835,-6.105442586917711
38.8928,38.8928,205.0,191.74668681781176,190.64110530406512,-3.146686817811762
38.9122,38.9122,199.0,191.78824999100505,190.6748730290395,-9.188249991005044
38.9317,38.9317,188.0,191.8301271194588,190.70882338240247,-20.230127119458807
38.9512,38.9512,216.0,191.87232315818156,190.74299974524504,7.727676841818443
38.9706,38.9706,174.0,191.91484078796128,190.77744431051286,-34.31484078796128
38.9901,38.9901,197.0,191.95767786156586,190.81207186903066,-11.357677861565854
39.0095,39.0095,182.0,192.00083686588005,190.84696673613107,-26.400836865880045
39.029,39.029,205.0,192.04432016750124,190.88204454192285,-3.444320167501239
39.0484,39.0484,201.0,192.08812735987607,190.91738836101615,-7.488127359876067
39.0679,39.0679,194.0,192.13226212549768,190.9529148480227,-14.532262125497674
39.0874,39.0874,210.0,192.176724986166,190.98866534116587,1.423275013834008
39.1068,39.1068,198.0,192.22151226400013,191.0246800727784,-10.621512264000124
39.1263,39.1263,187.0,192.2666356388735,191.06087751473305,-21.666635638873508
39.1457,39.1457,197.0,192.3120848995755,191.09733836669102,-11.712084899575494
39.1652,39.1652,205.0,192.35787421350034,191.13398208709964,-3.7578742135003367
39.1846,39.1846,173.0,192.40399118884096,191.17088820137076,-35.80399118884096
39.2041,39.2041,188.0,192.45045356940517,191.20797735183558,-20.85045356940517
39.2236,39.2236,185.0,192.49725661898935,191.24528887239399,-23.897256618989353
39.243,39.243,193.0,192.54438864685545,191.28286092886987,-15.944388646855451
39.2625,39.2625,200.0,192.5918731219286,191.3206152458091,-8.991873121928585
39.2819,39.2819,202.0,192.6396886133254,191.35862822592495,-7.039688613325403
39.3014,39.3014,202.0,192.68786150204147,191.3968226552923,-7.08786150204147
39.3208,39.3208,206.0,192.73636758488348,191.43527398443268,-3.13636758488348
39.3403,39.3403,206.0,192.7852354645705,191.47390618662774,-3.1852354645704892
39.3598,39.3598,202.0,192.83445371898972,191.5127567380363,-7.23445371898972
39.3792,39.3792,219.0,192.88400730447813,191.55186217161594,9.71599269552187
39.3987,39.3987,197.0,192.93393225889662,191.59114832558268,-12.333932258896617
39.4181,39.4181,186.0,192.9841962238372,191.63068857935693,-23.384196223837186
39.4376,39.4376,196.0,193.03483735904305,191.67041003286482,-13.434837359043051
39.457,39.457,194.0,193.08581928212197,191.71038489115625,-15.485819282121973
39.4765,39.4765,203.0,193.13718629766453,191.75054115616422,-6.537186297664526
39.496,39.496,202.0,193.1889207072266,191.79091467686993,-7.588920707226599
39.5154,39.5154,193.0,193.2410017809313,191.8315403335336,-16.641001780931298
39.5349,39.5349,203.0,193.29347769394047,191.8723477829109,-6.693477693940473
39.5543,39.5543,189.0,193.34630234043428,191.91340666590241,-20.746302340434276
39.5738,39.5738,193.0,193.39953187581668,191.95464769391333,-16.799531875816676
39.5932,39.5932,213.0,193.45311349307602,191.99613944688141,3.146886506923984
39.6127,39.6127,181.0,193.5071064411806,192.03781351677665,-28.90710644118061
39.6322,39.6322,193.0,193.56148687956232,192.07970411923984,-16.961486879562322
39.6516,39.6516,192.0,193.61622537627363,192.12184424653918,-18.01622537627363
39.6711,39.6711,215.0,193.67138958551627,192.16416695979646,4.928610414483735
39.6905,39.6905,185.0,193.72691500369075,192.206738086904,-25.126915003690748
39.71,39.71,187.0,193.78287368652727,192.2494918383788,-23.182873686527266
39.7294,39.7294,171.0,193.83919825756547,192.29249306666807,-39.23919825756547
39.7489,39.7489,183.0,193.8959654406168,192.33567672101714,-27.295965440616804
39.7684,39.7684,205.0,193.95314364981022,192.37907450764172,-5.353143649810214
39.7878,39.7878,235.0,194.0106921660697,192.42271694273097,24.5893078339303
39.8073,39.8073,188.0,194.06869573317198,192.46654008468133,-22.468695733171977
39.8267,39.8267,209.0,194.12707496624887,192.51060575958022,-1.5270749662488683
39.8462,39.8462,207.0,194.18591861000348,192.554850957678,-3.585918610003482
39.8656,39.8656,215.0,194.24514352640514,192.5993365125178,4.354856473594857
39.8851,39.8851,207.0,194.30484083195017,192.64400065676057,-3.7048408319501718
39.9046,39.9046,191.0,194.36497186842408,192.68887359353891,-19.764971868424077
39.924,39.924,208.0,194.4254902469961,192.73398463248137,-2.825490246996104
39.9435,39.9435,197.0,194.48649972488911,192.7792737172537,-13.886499724889113
39.9629,39.9629,186.0,194.54790429755323,192.82479961942522,-24.94790429755323
39.9824,39.9824,174.0,194.60981017898104,192.8705033792453,-37.009810178981034
40.0018,40.0018,187.0,194.67211559469243,192.9164426145862,-24.072115594692427
40.0213,40.0213,179.0,194.73493601730976,192.96255891657444,-32.13493601730976
40.0408,40.0408,215.0,194.79822338188816,193.0088802929185,3.8017766181118375
40.0602,40.0602,206.0,194.86191693375943,193.0554335313227,-5.26191693375943
40.0797,40.0797,180.0,194.92614383523937,193.10216151922677,-31.32614383523937
40.0991,40.0991,186.0,194.99078532903803,193.1491190236286,-25.39078532903803
40.1186,40.1186,199.0,195.05597560686266,193.19624977906358,-12.455975606862658
40.138,40.138,201.0,195.12158475462283,193.24360719896342,-10.521584754622829
40.1575,40.1575,191.0,195.18775375575717,193.29113584733096,-20.58775375575717
40.177,40.177,176.0,195.2544220364482,193.3388617110646,-35.6544220364482
40.1964,40.1964,222.0,195.3215215530102,193.38680971016748,10.278478446989801
40.2159,40.2159,182.0,195.3892048717849,193.43492552801868,-29.789204871784897
40.2353,40.2353,182.0,195.4573243848256,193.48326002000192,-29.857324384825596
40.2548,40.2548,215.0,195.5260403856636,193.53175984373243,3.0739596143363954
40.2742,40.2742,203.0,195.59520242658138,193.5804744812603,-8.995202426581379
40.2937,40.2937,216.0,195.66497685237385,193.62935153132472,3.935023147626147
40.3132,40.3132,201.0,195.73529317310835,193.67841494676668,-11.135293173108344
40.3326,40.3326,207.0,195.80606629840238,193.72768790915364,-5.2060662984023836
40.3521,40.3521,248.0,195.87747796888732,193.77711971482964,35.72252203111268
40.3715,40.3715,189.0,195.94935897187472,193.8267579782949,-23.349358971874715
40.391,40.391,195.0,196.02189791367067,193.8765530467804,-17.42189791367067
40.4104,40.4104,211.0,196.094919806787,193.92655146166692,-1.4949198067870029
40.4299,40.4299,196.0,196.16861734223008,193.976704343391,-16.568617342230077
40.4494,40.4494,191.0,196.2429077674283,194.02703423620093,-21.642907767428305
40.4688,40.4688,200.0,196.31769656585905,194.07756269475976,-12.71769656585905
40.4883,40.4883,200.0,196.39319972549447,194.1282422503634,-12.793199725494468
40.5077,40.5077,199.0,196.46921119264576,194.1791170199839,-13.869211192645757
40.5272,40.5272,222.0,196.54595817126213,194.2301404845297,9.054041828737873
40.5466,40.5466,198.0,196.6232306685441,194.28135581629624,-15.023230668544095
40.5661,40.5661,221.0,196.70126704993314,194.33271763704212,7.898732950066865
40.5856,40.5856,215.0,196.77996110379055,194.3842468834075,1.8200388962094465
40.605,40.605,183.0,196.85920480672826,194.4359637694098,-30.259204806728256
40.6245,40.6245,218.0,196.93925234938374,194.48782467971998,4.6607476506162655
40.6439,40.6439,191.0,197.01986804575245,194.53987082239473,-22.419868045752445
40.6634,40.6634,193.0,197.10132120432752,194.5920595031181,-20.501321204327517
40.6828,40.6828,215.0,197.18335890553055,194.64443109082066,1.4166410944694476
40.7023,40.7023,192.0,197.26626409734925,194.69694361974533,-21.66626409734925
40.7218,40.7218,215.0,197.34991914676505,194.74961674880876,1.2500808532349552
40.7412,40.7412,186.0,197.43419476911635,194.80246911587034,-27.834194769116344
40.7607,40.7607,179.0,197.51939491626737,194.85546037567738,-34.91939491626737
40.7801,40.7801,174.0,197.60523611926493,194.90862857521807,-40.00523611926493
40.7996,40.7996,202.0,197.69203652342742,194.96193385332046,-12.092036523427417
40.819,40.819,193.0,197.77950642648426,195.01541276626665,-21.17950642648426
40.8385,40.8385,212.0,197.86797591123533,195.0690260627597,-2.2679759112353324
40.858,40.858,178.0,197.95731200612067,195.12279103972799,-36.35731200612067
40.8774,40.8774,208.0,198.0473540888537,195.17672421906278,-6.447354088853693
40.8969,40.8969,198.0,198.13846203937774,195.23078747936614,-16.53846203937774
40.9163,40.9163,192.0,198.23030986301734,195.28501497840318,-22.630309863017338
40.9358,40.9358,198.0,198.32327552229702,195.3393695487059,-16.723275522297023
40.9552,40.9552,202.0,198.41700910366757,195.39388430541473,-12.817009103667566
40.9747,40.9747,206.0,198.51190708430187,195.44852283681684,-8.911907084301866
40.9941,40.9941,241.0,198.6076121928499,195.5033173365013,25.992387807150102
41.0136,41.0136,254.0,198.7045414399258,195.55823235818397,38.895458560074196
41.0331,41.0331,200.0,198.80251271083793,195.6132830308566,-15.20251271083793
41.0525,41.0525,179.0,198.90135518899012,195.6684835932857,-36.30135518899012
41.072,41.072,208.0,199.00151295367598,195.72379994839918,-7.401512953675983
41.0914,41.0914,208.0,199.10257410735568,195.7792618638347,-7.502574107355677
41.1109,41.1109,204.0,199.20501710154005,195.83483593912837,-11.60501710154005
41.1303,41.1303,203.0,199.30841041943182,195.89055121473973,-12.708410419431821
41.1498,41.1498,202.0,199.41325730605342,195.94637528086906,-13.813257306053423
41.1693,41.1693,211.0,199.51934445760241,196.00232163394062,-4.9193444576024135
41.1887,41.1887,232.0,199.6264717553719,196.0584028957058,15.973528244628092
41.2082,41.2082,196.0,199.73517190575888,196.1145881068146,-20.135171905758874
41.2276,41.2276,171.0,199.84495806187354,196.1709044045194,-45.24495806187354
41.2471,41.2471,210.0,199.956405435985,196.22732176396622,-6.356405435985003
41.2665,41.2665,205.0,200.06900208522833,196.28386600990981,-11.469002085228333
41.286,41.286,181.0,200.1833402972262,196.34050771255556,-35.58334029722621
41.3055,41.3055,195.0,200.29921203641155,196.3972587735448,-21.699212036411545
41.3249,41.3249,209.0,200.41633890924254,196.4541299750966,-7.816338909242539
41.3444,41.3444,214.0,200.53537785455623,196.51109288440355,-2.9353778545562292
41.3638,41.3638,208.0,200.6557501704844,196.5681710375925,-9.055750170484394
41.3833,41.3833,181.0,200.77813489546358,196.62533708307072,-36.17813489546358
41.4027,41.4027,218.0,200.90195456728307,196.6826139050622,0.6980454327169312
41.4222,41.4222,185.0,201.02792853109875,196.73997482109397,-32.42792853109875
41.4417,41.4417,192.0,201.15578015475796,196.7974300947146,-25.55578015475796
41.4611,41.4611,193.0,201.285196707865,196.8549889257569,-24.685196707864996
41.4806,41.4806,203.0,201.41695875755798,196.9126257537283,-14.816958757557977
41.5,41.5,204.0,201.55041251561408,196.9703608000313,-13.950412515614083
41.5195,41.5195,179.0,201.68638591567057,197.02816924163392,-39.08638591567057
41.5389,41.5389,214.0,201.8241514736469,197.08607047347206,-4.224151473646906
41.5584,41.5584,202.0,201.96460726063526,197.14404024718263,-16.36460726063526
41.5779,41.5779,195.0,202.1074066343997,197.20208675310747,-23.507406634399693
41.5973,41.5973,205.0,202.25223474260494,197.26021732978276,-13.65223474260494
41.6168,41.6168,189.0,202.40000873520574,197.31840901627493,-29.800008735205743
41.6362,41.6362,191.0,202.5499427715769,197.37667887043352,-27.949942771576893
41.6557,41.6557,191.0,202.70306764120497,197.4350046220716,-28.103067641204966
41.6751,41.6751,239.0,202.85850456694834,197.49340218041672,19.74149543305166
41.6946,41.6946,190.0,203.01736557548168,197.55184981536195,-29.417365575481675
41.7141,41.7141,207.0,203.17924172516823,197.6103537641821,-12.579241725168224
41.7335,41.7335,204.0,203.3437399531114,197.668919275505,-15.743739953111394
41.753,41.753,199.0,203.5120607269634,197.72752580175023,-20.912060726963396
41.7724,41.7724,196.0,203.6831950701796,197.78618698227592,-24.083195070179606
41.7919,41.7919,190.0,203.85845132729517,197.8448830459189,-30.25845132729517
41.8113,41.8113,177.0,204.03676281581428,197.90362666609016,-43.436762815814284
41.8308,41.8308,207.0,204.21949598019916,197.96239863722877,-13.619495980199154
41.8503,41.8503,220.0,204.40625679600436,198.02120301452624,-0.8062567960043552
41.8697,41.8697,202.0,204.59648629853456,198.08004307615403,-18.996486298534556
41.8892,41.8892,201.0,204.7917336817127,198.13890074304487,-20.191733681712712
41.9086,41.9086,194.0,204.99076655151964,198.1977863662124,-27.39076655151964
41.9281,41.9281,216.0,205.19521079646586,198.2566826205008,-5.595210796465857
41.9475,41.9475,217.0,205.40382946067882,198.31559889321125,-4.80382946067882
41.967,41.967,214.0,205.61837685258797,198.3745186876744,-8.01837685258797
41.9865,41.9865,222.0,205.83831673783845,198.43344497472188,-0.23831673783845275
42.0059,42.0059,191.0,206.06301155653793,198.49238003816598,-31.46301155653793
42.0254,42.0254,189.0,206.29442291556884,198.55130905119924,-33.69442291556884
42.0448,42.0448,201.0,206.53113938385667,198.61023983857808,-21.931139383856667
42.0643,42.0643,200.0,206.7751869806386,198.66915802841183,-23.175186980638607
42.0837,42.0837,198.0,207.0250374602405,198.72807042382416,-25.425037460240496
42.1032,42.1032,199.0,207.28299902324366,198.78696335395563,-24.68299902324366
42.1227,42.1227,198.0,207.5483889563996,198.84583818609286,-25.948388956399604
42.1421,42.1421,201.0,207.8205982111505,198.9046954290043,-23.220598211150495
42.1616,42.1616,187.0,208.1020589869161,198.96352237427195,-37.50205898691609
42.181,42.181,211.0,208.39102670499926,199.02232352516918,-13.791026704999261
42.2005,42.2005,206.0,208.69032547003087,199.08108670205317,-19.09032547003087
42.2199,42.2199,210.0,208.99791637567088,199.13981548449618,-15.397916375670881
42.2394,42.2394,217.0,209.3169398180907,199.1984985634696,-8.716939818090701
42.2589,42.2589,203.0,209.6466000029939,199.25713567138624,-23.04660000299389
42.2783,42.2783,227.0,209.9861135020278,199.31572590257161,0.6138864979722101
42.2978,42.2978,187.0,210.33901352142357,199.3742592943649,-39.739013521423566
42.3172,42.3172,216.0,210.70288313428625,199.43273788295278,-11.102883134286252
42.3367,42.3367,207.0,211.0816750619879,199.49115247381948,-20.481675061987907
42.3561,42.3561,206.0,211.47280591684134,199.54950424005173,-21.872805916841337
42.3756,42.3756,222.0,211.88053824295739,199.6077849060032,-6.280538242957384
42.3951,42.3951,205.0,212.30423653128912,199.66599311306618,-23.70423653128912
42.4145,42.4145,204.0,212.7427383687754,199.7241269224181,-25.142738368775404
42.434,42.434,230.0,213.20111076222764,199.78217939849338,0.39888923777235874
42.4534,42.4534,215.0,213.6762700972492,199.8401499899372,-15.076270097249186
42.4729,42.4729,244.0,214.17373710086702,199.8980327089548,13.426262899132986
42.4923,42.4923,206.0,214.69050399658565,199.9558265592741,-25.090503996585646
42.5118,42.5118,230.0,215.23248730158573,200.01352645771544,-1.6324873015857335
42.5313,42.5313,203.0,215.79913544284756,200.07113022540037,-29.199135442847556
42.5507,42.5507,211.0,216.3891615583052,200.12863513368322,-21.789161558305203
42.5702,42.5702,206.0,217.00987657259657,200.1860374058332,-27.409876572596566
42.5896,42.5896,220.0,217.65776304790023,200.2433344289122,-14.057763047900231
42.6091,42.6091,239.0,218.34062894860375,200.30052323731002,4.259371051396251
42.6285,42.6285,222.0,219.0546917546464,200.35760063241347,-13.454691754646397
42.648,42.648,214.0,219.80931724486499,200.41456464793933,-22.209317244864984
42.6675,42.6675,211.0,220.60376479696777,200.47141245484733,-26.003764796967765
42.6869,42.6869,236.0,221.43747158068877,200.528140573994,-1.8374715806887636
42.7064,42.7064,237.0,222.32125227936473,200.58474848360356,-1.7212522793647267
42.7258,42.7258,267.0,223.25069691752776,200.64123168959102,27.34930308247224
42.7453,42.7453,232.0,224.23891439735718,200.69759067301004,-8.638914397357176
42.7647,42.7647,199.0,225.28057590618403,200.7538203289918,-42.680575906184025
42.7842,42.7842,212.0,226.39107460290674,200.80992206868865,-30.79107460290674
42.8037,42.8037,252.0,227.57059047952413,200.8658922880678,8.029409520475873
42.8231,42.8231,235.0,228.81928535985762,200.9217267166553,-10.219285359857615
42.8426,42.8426,235.0,230.1562714984003,200.97742784411278,-11.556271498400285
42.862,42.862,248.0,231.5755418176855,201.0329890777829,0.024458182314511134
42.8815,42.8815,199.0,233.09992310887833,201.08841395635116,-50.49992310887833
42.9009,42.9009,233.0,234.72326724186502,201.1436953443811,-18.123267241865015
42.9204,42.9204,249.0,236.4722436209886,201.19883742804433,-3.8722436209885913
42.9399,42.9399,237.0,238.3515506686828,201.25383584001437,-17.75155066868279
42.9593,42.9593,238.0,240.36338729474738,201.30868551016863,-18.763387294747382
42.9788,42.9788,248.0,242.54345440109412,201.3633920447201,-10.943454401094122
42.9982,42.9982,199.0,244.88624805742333,201.41794687923823,-62.28624805742333
43.0177,43.0177,237.0,247.43455427281134,201.47235647554325,-26.83455427281134
43.0371,43.0371,285.0,250.18579149906185,201.52661147919352,18.41420850093815
43.0566,43.0566,253.0,253.19063417907483,201.58071910311014,-16.590634179074833
43.0761,43.0761,246.0,256.46601170893666,201.63467406086897,-26.86601170893666
43.0955,43.0955,219.0,260.0243766020562,201.6884703663304,-57.42437660205618
43.115,43.115,254.0,263.93873890937505,201.74211633370288,-26.338738909375046
43.1344,43.1344,258.0,268.21348277456826,201.79560115702594,-26.61348277456826
43.1539,43.1539,262.0,272.9372461629702,201.84893399518913,-27.33724616297021
43.1733,43.1733,285.0,278.1189457903756,201.90210335081343,-9.518945790375618
43.1928,43.1928,261.0,283.87447121167895,201.95511908564174,-39.27447121167895
43.2123,43.2123,242.0,290.2494040232042,202.00797486790927,-64.6494040232042
43.2317,43.2317,254.0,297.28713386153316,202.06066367175535,-59.68713386153316
43.2512,43.2512,286.0,305.1495925648114,202.11319647692437,-35.54959256481143
43.2706,43.2706,258.0,313.86027883999253,202.16556013146172,-72.26027883999254
43.2901,43.2901,285.0,323.62212258593166,202.2177663125541,-55.02212258593166
43.3095,43.3095,279.0,334.45598668560655,202.26980118244526,-71.85598668560655
43.329,43.329,312.0,346.6086275564159,202.3216771085481,-51.00862755641591
43.3485,43.3485,314.0,360.1612389630945,202.37338663234286,-62.56123896309449
43.3679,43.3679,298.0,375.17447781632967,202.42492161149184,-93.57447781632968
43.3874,43.3874,314.0,391.9279102677513,202.47629543901317,-94.32791026775132
43.4068,43.4068,330.0,410.3406646990687,202.5274925691134,-96.74066469906873
43.4263,43.4263,345.0,430.6483160676228,202.57852707377882,-102.04831606762278
43.4457,43.4457,383.0,452.5914198747871,202.62938273016695,-85.99141987478711
43.4652,43.4652,373.0,476.2166984261473,202.68007428590778,-119.61669842614728
43.4847,43.4847,381.0,501.06376924233234,202.7305930916034,-136.46376924233235
43.5041,43.5041,389.0,526.4035564092648,202.78092982569194,-153.80355640926476
43.5236,43.5236,439.0,551.664997253584,202.83110024390731,-129.06499725358404
43.543,43.543,423.0,575.518715976063,202.88108644444753,-168.91871597606305
43.5625,43.5625,454.0,596.9883998733478,202.93090485039835,-159.38839987334782
43.5819,43.5819,512.0,614.6459031211264,202.98053689451567,-119.04590312112637
43.6014,43.6014,514.0,627.6172274298817,203.02999966393116,-130.01722742988173
43.6209,43.6209,551.0,635.1132093558961,203.0792833387202,-100.51320935589607
43.6403,43.6403,596.0,636.874277379646,203.12837743838352,-57.274277379645945
43.6598,43.6598,666.0,633.0632165015592,203.17730004077956,16.536783498440833
43.6792,43.6792,671.0,624.1717484051253,203.22603092865538,30.428251594874702
43.6987,43.6987,639.0,610.737061872922,203.27458883566945,11.862938127077975
43.7181,43.7181,696.0,593.625580764936,203.32295289066903,85.974419235064
43.7376,43.7376,733.0,573.4578597743214,203.37114247982544,143.14214022567862
43.757,43.757,732.0,551.2855196904346,203.4191360813707,164.31448030956537
43.7765,43.7765,755.0,527.7316629925601,203.46695373070702,210.86833700743986
43.796,43.796,721.0,503.7366651291631,203.51458413278817,200.8633348708369
43.8154,43.8154,697.0,480.13264192751853,203.56201534679815,200.46735807248146
43.8349,43.8349,665.0,457.24827379186354,203.60926837666912,191.35172620813645
43.8543,43.8543,656.0,435.7310118284313,203.65632008760807,203.8689881715687
43.8738,43.8738,635.0,415.6058285976567,203.70319212459142,202.9941714023433
43.8932,43.8932,601.0,397.20562077854106,203.74986071367036,187.39437922145893
43.9127,43.9127,552.0,380.3610348496853,203.79634813760202,155.23896515031467
43.9322,43.9322,581.0,365.11770943283346,203.84264197690575,199.48229056716653
43.9516,43.9516,594.0,351.45735879106394,203.88872917777246,226.14264120893606
43.9711,43.9711,494.0,339.1204525855686,203.93463297433397,138.47954741443138
43.9905,43.9905,449.0,328.11354715877417,203.9803280081985,104.48645284122583
44.01,44.01,466.0,318.1970689813174,204.0258381431382,131.4029310186826
44.0294,44.0294,444.0,309.34935153076265,204.07113739300007,118.25064846923735
44.0489,44.0489,424.0,301.37342326439057,204.11625024795137,106.22657673560943
44.0684,44.0684,383.0,294.2096060336073,204.161163184057,72.39039396639268
44.0878,44.0878,392.0,287.7996571545519,204.20586205443047,87.80034284544811
44.1073,44.1073,376.0,281.99357344957457,204.2503722835556,77.60642655042543
44.1267,44.1267,345.0,276.77823388615946,204.29466632925758,51.821766113840546
44.1462,44.1462,338.0,272.03664936925884,204.33877023432146,49.56335063074116
44.1656,44.1656,348.0,267.75965037004926,204.3826558401416,63.840349629950744
44.1851,44.1851,306.0,263.85297119975866,204.42634980457714,25.747028800241345
44.2046,44.2046,327.0,260.2966381315976,204.46983751910642,50.3033618684024
44.224,44.224,280.0,257.06870440255307,204.51310376356912,6.531295597446935
44.2435,44.2435,296.0,254.10177648448695,204.55617611317933,25.498223515513054
44.2629,44.2629,277.0,251.396765056543,204.59902488160435,9.203234943457012
44.2824,44.2824,250.0,248.89963070569408,204.64167825112114,-15.299630705694078
44.3018,44.3018,283.0,246.6145321449288,204.68410593030433,19.9854678550712
44.3213,44.3213,274.0,244.49693174134285,204.72633673166848,13.103068258657153
44.3408,44.3408,271.0,242.54243261567188,204.7683550083349,12.057567384328117
44.3602,44.3602,255.0,240.74379021041423,204.81014451317836,-2.143790210414231
44.3797,44.3797,280.0,239.06832339460783,204.85173495965168,24.53167660539217
44.3991,44.3991,249.0,237.52192979778349,204.89309459308254,-4.921929797783484
44.4186,44.4186,261.0,236.07699464763732,204.93425373240004,8.52300535236268
44.438,44.438,262.0,234.73949038104695,204.97518006268123,10.860509618953053
44.4575,44.4575,248.0,233.48652503858852,205.01590453185003,-1.8865250385885233
44.477,44.477,223.0,232.3171847106953,205.05641049647684,-25.7171847106953
44.4964,44.4964,238.0,231.23056023508758,205.09668076569935,-9.630560235087579
44.5159,44.5159,233.0,230.2085030759611,205.13674735967373,-13.608503075961089
44.5353,44.5353,278.0,229.2565354583014,205.17657685821456,32.34346454169859
44.5548,44.5548,241.0,228.35919659671686,205.2162022535466,-3.759196596716855
44.5742,44.5742,230.0,227.52143170520844,205.25558975485689,-13.921431705208441
44.5937,44.5937,210.0,226.73030433758706,205.29477306821497,-33.130304337587056
44.6132,44.6132,260.0,225.9862343295152,205.33373543530092,17.61376567048479
44.6326,44.6326,230.0,225.28972109374328,205.37245950882865,-11.68972109374328
44.6521,44.6521,244.0,224.62987039128032,205.41098005937363,2.970129608719681
44.6715,44.6715,226.0,224.01113115773498,205.4492623860284,-14.411131157734978
44.691,44.691,212.0,223.4241139358688,205.4873421266875,-27.8241139358688
44.7104,44.7104,219.0,222.87265031522418,205.5251842702658,-20.272650315224176
44.7299,44.7299,240.0,222.34849494713032,205.56282520809472,1.2515050528696818
44.7494,44.7494,227.0,221.8527956109166,205.60024773909987,-11.252795610916586
44.7688,44.7688,244.0,221.38625639841862,205.63743424793742,6.213743601581378
44.7883,44.7883,216.0,220.94199094315982,205.67442240328995,-21.34199094315982
44.8077,44.8077,231.0,220.5232133393923,205.7111763081203,-5.923213339392298
44.8272,44.8272,233.0,220.1238072638755,205.74773434304694,-3.5238072638755042
44.8466,44.8466,241.0,219.74698397231117,205.78406031468765,4.853016027688831
44.8661,44.8661,224.0,219.387169841401,205.82019358292717,-11.787169841401003
44.8856,44.8856,238.0,219.04551425199395,205.85611700218672,2.5544857480060514
44.905,44.905,225.0,218.72258977773834,205.89181301871105,-10.122589777738334
44.9245,44.9245,222.0,218.41374574553674,205.92732229851276,-12.813745745536743
44.9439,44.9439,209.0,218.1216561150859,205.96260810158344,-25.521656115085896
44.9634,44.9634,242.0,217.84203769084667,205.99771192794233,7.757962309153335
44.9828,44.9828,228.0,217.57737633401405,206.03259658218442,-5.977376334014046
45.0023,45.0023,222.0,217.32382539670346,206.06730421033643,-11.723825396703454
45.0218,45.0218,217.0,217.08227808088864,206.10181759621543,-16.48227808088864
45.0412,45.0412,232.0,216.85337116360526,206.13611910165142,-1.2533711636052587
45.0607,45.0607,187.0,216.63380296781835,206.17025206318235,-46.03380296781835
45.0801,45.0801,226.0,216.42564396989476,206.20417863420596,-6.825643969894763
45.0996,45.0996,204.0,216.22584818564053,206.23794260498022,-28.62584818564053
45.119,45.119,242.0,216.0363422010086,206.2715054583641,9.563657798991393
45.1385,45.1385,234.0,215.85440292515236,206.3049115943238,1.7455970748476446
45.158,45.158,222.0,215.68066242772647,206.33814315188553,-10.080662427726473
45.1774,45.1774,212.0,215.51578164543494,206.3711819479866,-19.91578164543494
45.1969,45.1969,226.0,215.35732217940276,206.4040736479696,-5.757322179402756
45.2163,45.2163,211.0,215.2069028395073,206.436778772634,-20.606902839507306
45.2358,45.2358,201.0,215.0623393563523,206.46934368228105,-30.46233935635231
45.2552,45.2552,211.0,214.92504297876076,206.50172852194814,-20.325042978760756
45.2747,45.2747,215.0,214.79301223912034,206.5339800359325,-16.193012239120343
45.2942,45.2942,217.0,214.66685752357736,206.56607977652624,-14.066857523577362
45.3136,45.3136,199.0,214.54708046606555,206.5980088083923,-31.94708046606555
45.3331,45.3331,224.0,214.4319067728953,206.62981474439928,-6.831906772895302
45.3525,45.3525,192.0,214.3225279850694,206.6614562167103,-38.7225279850694
45.372,45.372,217.0,214.21731404844044,206.69298134032744,-13.617314048440441
45.3914,45.3914,214.0,214.11745102526766,206.72434812820896,-16.517451025267654
45.4109,45.4109,218.0,214.0213940388326,206.7556050276232,-12.421394038832595
45.4304,45.4304,247.0,213.92967390353425,206.7867325962747,16.67032609646575
45.4498,45.4498,177.0,213.8426159587698,206.81771094848125,-53.24261595876981
45.4693,45.4693,220.0,213.75894056971114,206.84858945865042,-10.158940569711142
45.4887,45.4887,217.0,213.67959113369804,206.87932465134224,-13.079591133698038
45.5082,45.5082,242.0,213.6033150451366,206.90996607760508,11.99668495486339
45.5276,45.5276,218.0,213.53105123776737,206.94046990355804,-11.93105123776737
45.5471,45.5471,204.0,213.46162047799658,206.97088638197695,-25.861620477996574
45.5666,45.5666,216.0,213.39545198598526,207.00119524659533,-13.79545198598526
45.586,45.586,202.0,213.3328260643275,207.03137562826973,-27.73282606432749
45.6055,45.6055,220.0,213.27272150772532,207.06147854252566,-9.67272150772532
45.6249,45.6249,216.0,213.21592878948323,207.09145892576205,-13.615928789483227
45.6444,45.6444,184.0,213.1614709834732,207.12136825578722,-45.56147098347321
45.6638,45.6638,206.0,213.11009175125412,207.1511611049665,-23.510091751254116
45.6833,45.6833,207.0,213.06090740622568,207.18088914520717,-22.46090740622568
45.7028,45.7028,214.0,213.0141922977817,207.21053076410422,-15.414192297781703
45.7222,45.7222,223.0,212.9702418619465,207.24006379092154,-6.3702418619465035
45.7417,45.7417,214.0,212.92824425601026,207.26954050623712,-15.328244256010258
45.7611,45.7611,207.0,212.88882845546766,207.2989139065503,-22.28882845546766
45.7806,45.7806,215.0,212.851255024299,207.32823689906763,-14.251255024299006
45.8,45.8,226.0,212.81607397653696,207.35746194308797,-3.216073976536954
45.8195,45.8195,182.0,212.7826036485008,207.38664238978106,-47.18260364850081
45.839,45.839,203.0,212.75110106768918,207.41575597594777,-26.151101067689176
45.8584,45.8584,200.0,212.7217845801774,207.44477958794278,-29.121784580177398
45.8779,45.8779,194.0,212.69404420736993,207.47376696652978,-35.094044207369926
45.8973,45.8973,229.0,212.66832573458618,207.50266891205465,-0.06832573458617475
45.9168,45.9168,212.0,212.64409662472747,207.53153926225886,-17.044096624727466
45.9362,45.9362,209.0,212.62178391429498,207.56032829962055,-20.02178391429498
45.9557,45.9557,212.0,212.60085824506731,207.58909050864463,-17.000858245067313
45.9752,45.9752,214.0,212.58153587529895,207.61780204930201,-14.981535875298952
45.9946,45.9946,235.0,212.56394428157512,207.64643860026925,6.036055718424883
46.0141,46.0141,186.0,212.54766132573715,207.67505530718083,-42.94766132573715
46.0335,46.0335,219.0,212.53302478763302,207.70360143486343,-9.933024787633023
46.053,46.053,201.0,212.5196036179415,207.73213248324475,-27.919603617941497
46.0724,46.0724,200.0,212.5077517816157,207.76059700008503,-28.907751781615694
46.0919,46.0919,205.0,212.4970572230767,207.78905087597946,-23.897057223076693
46.1114,46.1114,228.0,212.48769179694148,207.81746911312575,-0.8876917969414748
46.1308,46.1308,198.0,212.4797591035951,207.8458261567161,-30.879759103595084
46.1503,46.1503,214.0,212.4729081753433,207.8741785052224,-14.87290817534329
46.1697,46.1697,204.0,212.46742733923784,207.90247314894927,-24.867427339237842
46.1892,46.1892,241.0,212.46298235945306,207.93076687103024,12.137017640546937
46.2086,46.2086,201.0,212.4598407736136,207.95900610784273,-27.85984077361359
46.2281,46.2281,208.0,212.45770792015063,207.98724815326193,-20.857707920150624
46.2476,46.2476,207.0,212.4566777531666,208.01546702368032,-21.856677753166586
46.267,46.267,218.0,212.45685607503285,208.04363622296796,-10.856856075032844
46.2865,46.2865,223.0,212.4579766494403,208.0718134349293,-5.857976649440296
46.3059,46.3059,217.0,212.4602510152636,208.0999439124999,-11.860251015263593
46.3254,46.3254,214.0,212.46344911066154,208.12808595695267,-14.863449110661541
46.3448,46.3448,191.0,212.46773118999107,208.15618453663336,-37.86773118999107
46.3643,46.3643,210.0,212.47291135074485,208.18429844759908,-18.87291135074485
46.3838,46.3838,208.0,212.4790532293222,208.2124007412692,-20.879053229322203
46.4032,46.4032,206.0,212.4862306670622,208.24046398895842,-22.886230667062186
46.4227,46.4227,211.0,212.49426243713947,208.26854727135907,-17.894262437139467
46.4421,46.4421,203.0,212.50327066903145,208.29659400333952,-25.90327066903145
46.4616,46.4616,208.0,212.51312043897636,208.3246635822277,-20.913120438976357
46.481,46.481,215.0,212.52391278258213,208.35269883381127,-13.923912782582129
46.5005,46.5005,213.0,212.53551820044638,208.38075939592247,-15.935518200446374
46.5199,46.5199,213.0,212.5480368842904,208.4087876152633,-15.94803688429041
46.5394,46.5394,220.0,212.56134906492125,208.4368435705121,-8.961349064921244
46.5589,46.5589,197.0,212.5755093000832,208.4648989220488,-31.97550930008321
46.5783,46.5783,196.0,212.59052942879285,208.49292498059904,-32.99052942879285
46.5978,46.5978,189.0,212.60632321058065,208.52098233453117,-40.00632321058065
46.6172,46.6172,193.0,212.62295404017843,208.5490119174756,-36.022954040178426
46.6367,46.6367,205.0,212.6403471543517,208.5770742317739,-24.0403471543517
46.6561,46.6561,220.0,212.6585539646058,208.6051092454556,-9.0585539646058
46.6756,46.6756,184.0,212.67751622896412,208.63317752718592,-45.07751622896412
46.6951,46.6951,218.0,212.6972438492602,208.66124908669337,-11.097243849260188
46.7145,46.7145,228.0,212.71774250150798,208.6892931599487,-1.1177425015079834
46.734,46.734,205.0,212.7389809025683,208.7173707081647,-24.1389809025683
46.7534,46.7534,202.0,212.7609722987426,208.74542048819833,-27.160972298742585
46.7729,46.7729,228.0,212.78370070323163,208.7735039322438,-1.1837007032316293
46.7923,46.7923,214.0,212.80714806995385,208.80155913850427,-15.207148069953853
46.8118,46.8118,215.0,212.83133472529767,208.82964797027236,-14.231334725297664
46.8313,46.8313,213.0,212.85623892994343,208.85773948888772,-16.25623892994343
46.8507,46.8507,201.0,212.8818483463901,208.88580236281933,-28.281848346390085
46.8702,46.8702,208.0,212.90818706601087,208.91389906828235,-21.308187066010866
46.8896,46.8896,224.0,212.93520214175078,208.94196670122793,-5.335202141750777
46.9091,46.9091,189.0,212.96295329780068,208.97006791284875,-40.36295329780068
46.9285,46.9285,193.0,212.9913719007873,208.9981394456648,-36.3913719007873
46.948,46.948,200.0,213.02051912573248,209.0262441683465,-29.420519125732476
46.9675,46.9675,219.0,213.0503664848523,209.05434977655295,-10.450366484852303
46.9869,46.9869,216.0,213.080855640044,209.08242340091468,-13.480855640044005
47.0064,47.0064,224.0,213.11208876262376,209.11052814158404,-5.512088762623755
47.0258,47.0258,224.0,213.14395685169671,209.13859911121526,-5.543956851696713
47.0453,47.0453,226.0,213.1765615026716,209.16669994232873,-3.576561502671602
47.0647,47.0647,202.0,213.2097957916656,209.19476559126022,-27.60979579166561
47.0842,47.0842,207.0,213.24377225181345,209.22286033629527,-22.643772251813452
47.1037,47.1037,221.0,213.2784464618832,209.25095132471313,-8.67844646188319
47.1231,47.1231,194.0,213.31373255243506,209.27900523103392,-35.713732552435054
47.1426,47.1426,202.0,213.3497762966216,209.30708676076637,-27.749776296621597
47.162,47.162,224.0,213.38643279353377,209.3351296495516,-5.78643279353377
47.1815,47.1815,198.0,213.42385403979793,209.36319859434232,-31.82385403979793
47.2009,47.2009,211.0,213.46188694829954,209.39122691786233,-18.861886948299535
47.2204,47.2204,197.0,213.50070437884312,209.4192796157413,-32.90070437884312
47.2399,47.2399,222.0,213.54021427479438,209.44732264665592,-7.9402142747943785
47.2593,47.2593,201.0,213.58032901075921,209.47532138433002,-28.980329010759213
47.2788,47.2788,203.0,213.62123876055227,209.50334123114553,-27.021238760552272
47.2982,47.2982,218.0,213.66275950316412,209.53131405501267,-12.062759503164123
47.3177,47.3177,205.0,213.70508871637213,209.55930533247238,-25.10508871637213
47.3371,47.3371,227.0,213.74801806101547,209.58724646596383,-3.1480180610154704
47.3566,47.3566,239.0,213.79178098743563,209.61520323065588,8.808219012564372
47.3761,47.3761,188.0,213.83626366217982,209.64314059092982,-42.236263662179816
47.3955,47.3955,217.0,213.88136139452342,209.67102334810068,-13.281361394523422
47.415,47.415,211.0,213.92731161332,209.69891785841529,-19.32731161332
47.4344,47.4344,218.0,213.97386775944904,209.7267545558704,-12.373867759449034
47.4539,47.4539,222.0,214.02130949664988,209.7546001459802,-8.421309496649876
47.4733,47.4733,225.0,214.06936645744025,209.78238469964114,-5.469366457440252
47.4928,47.4928,225.0,214.11832202234126,209.81017541138092,-5.518322022341259
47.5123,47.5123,224.0,214.16804740556302,209.8379367316712,-6.568047405563014
47.5317,47.5317,211.0,214.21840472027765,209.8656328767724,-19.618404720277645
47.5512,47.5512,201.0,214.26970929227573,209.89333193254703,-29.669709292275734
47.5706,47.5706,213.0,214.32164747237115,209.92096347875227,-17.721647472371153
47.5901,47.5901,227.0,214.37455605793414,209.94859574497116,-3.7745560579341415
47.6095,47.6095,204.0,214.42811655932874,209.9761577737929,-26.82811655932874
47.629,47.629,213.0,214.48267574899435,210.00371826796587,-17.88267574899435
47.6485,47.6485,182.0,214.53809206337857,210.03124107553458,-48.93809206337857
47.6679,47.6679,211.0,214.5941766880096,210.05868967584382,-19.99417668800961
47.6874,47.6874,206.0,214.6513163442932,210.08613274653464,-25.051316344293205
47.7068,47.7068,230.0,214.7091466983712,210.11349801514245,-1.1091466983711982
47.7263,47.7263,215.0,214.76806524192799,210.14085435001428,-16.168065241927984
47.7457,47.7457,225.0,214.82770532038464,210.1681292039519,-6.227705320384636
47.7652,47.7652,196.0,214.88846889881884,210.1953919606694,-35.28846889881884
47.7847,47.7847,223.0,214.9501818445983,210.22260559061613,-8.35018184459829
47.8041,47.8041,219.0,215.01263859440695,210.24973249902985,-12.41263859440695
47.8236,47.8236,222.0,215.07629006295858,210.27684256340328,-9.476290062958576
47.843,47.843,209.0,215.1407232434334,210.30386243048486,-22.540723243433398
47.8625,47.8625,237.0,215.2063951516351,210.33086244325187,5.393604848364909
47.8819,47.8819,207.0,215.27286359229456,210.35776892740608,-24.672863592294554
47.9014,47.9014,191.0,215.34063873128105,210.38465269688575,-40.740638731281045
47.9209,47.9209,212.0,215.40949200405308,210.4114761786961,-19.809492004053077
47.9403,47.9403,184.0,215.47920449517142,210.43820118237778,-47.879204495171415
47.9598,47.9598,221.0,215.5502913637819,210.46489859005447,-10.950291363781893
47.9792,47.9792,220.0,215.62226434809125,210.4914933227514,-12.022264348091248
47.9987,47.9987,189.0,215.69569547986362,210.51805628276915,-43.095695479863615
48.0181,48.0181,222.0,215.77003938811134,210.54451219643653,-10.170039388111341
48.0376,48.0376,205.0,215.84590161864867,210.57093203080478,-27.245901618648666
48.0571,48.0571,206.0,215.9230232476397,210.59727683686685,-26.32302324763969
48.0765,48.0765,210.0,216.0011340074632,210.62350722432254,-22.401134007463206
48.096,48.096,229.0,216.08088010342374,210.64969448524943,-3.480880103423736
48.1154,48.1154,194.0,216.1616523535841,210.67576201998835,-38.56165235358409
48.1349,48.1349,219.0,216.24413304272687,210.70178153185105,-13.644133042726871
48.1543,48.1543,219.0,216.3276987118463,210.72767601147788,-13.727698711846294
48.1738,48.1738,226.0,216.41305307983305,210.7535172624743,-6.813053079833047
48.1933,48.1933,230.0,216.4999217684972,210.779265477493,-2.8999217684971867
48.2127,48.2127,222.0,216.58795701714106,210.8048806661484,-10.987957017141063
48.2322,48.2322,242.0,216.67793078702996,210.83043543436258,8.922069212970037
48.2516,48.2516,198.0,216.76914507807112,210.85585246286354,-35.16914507807112
48.2711,48.2711,199.0,216.8623966398551,210.8812049257764,-34.26239663985509
48.2905,48.2905,227.0,216.95698259184712,210.90641517420397,-6.356982591847121
48.31,48.31,218.0,217.05370823932353,210.93155627788198,-15.453708239323525
48.3295,48.3295,206.0,217.15225638295777,210.95658817934657,-27.552256382957772
48.3489,48.3489,202.0,217.2522399853181,210.98147055171367,-31.65223998531811
48.3684,48.3684,208.0,217.3545628688921,211.00627696637972,-25.754562868892087
48.3878,48.3878,225.0,217.4584354680927,211.03092871795374,-8.858435468092686
48.4073,48.4073,208.0,217.56477060563023,211.05549942097642,-25.96477060563023
48.4267,48.4267,180.0,217.67273954569163,211.07991009722636,-54.072739545691626
48.4462,48.4462,245.0,217.78335323934414,211.1042346760575,10.816646760655864
48.4657,48.4657,200.0,217.8961955906291,211.12843183649986,-34.296195590629104
48.4851,48.4851,216.0,218.0108282379906,211.1524601114615,-18.410828237990607
48.5046,48.5046,206.0,218.12833569064574,211.17639339464932,-28.52833569064574
48.524,48.524,210.0,218.24776539817526,211.20015142479508,-24.64776539817526
48.5435,48.5435,229.0,218.37027358979063,211.22380827090166,-5.7702735897906265
48.5629,48.5629,194.0,218.49482034721274,211.24728320229005,-40.894820347212736
48.5824,48.5824,237.0,218.6226327882418,211.27065065947588,1.9773672117582137
48.6019,48.6019,183.0,218.75323411278416,211.29386848890553,-52.153234112784155
48.6213,48.6213,188.0,218.88612275309217,211.31689446785074,-47.286122753092165
48.6408,48.6408,232.0,219.0226198325941,211.33980301626224,-3.4226198325941013
48.6602,48.6602,217.0,219.1615509538119,211.36251208070044,-18.56155095381191
48.6797,48.6797,229.0,219.30432766096757,211.38509620912714,-6.7043276609675715
48.6991,48.6991,247.0,219.44973665202969,211.40747327054567,11.150263347970316
48.7186,48.7186,228.0,219.59924220317794,211.42971825691154,-7.9992422031779356
48.7381,48.7381,238.0,219.75233995274715,211.45178848069756,1.8476600472528517
48.7575,48.7575,200.0,219.9083757154356,211.473641125494,-36.308375715435595
48.777,48.777,223.0,220.06897629850607,211.49535206272373,-13.468976298506071
48.7964,48.7964,213.0,220.23276553237747,211.516838917173,-23.63276553237747
48.8159,48.8159,210.0,220.40144025474245,211.53817772353196,-26.801440254742452
48.8353,48.8353,226.0,220.57361221915005,211.55928589023927,-10.973612219150048
48.8548,48.8548,207.0,220.75101308964702,211.58023961262674,-30.151013089647016
48.8743,48.8743,214.0,220.9330633634177,211.60099599571507,-23.333063363417686
48.8937,48.8937,219.0,221.1190294788898,211.6215117744619,-18.519029478889784
48.9132,48.9132,218.0,221.31088273307725,211.64186352799618,-19.71088273307725
48.9326,48.9326,212.0,221.50697966905935,211.6619679634419,-25.906979669059346
48.9521,48.9521,242.0,221.709427634571,211.6819019806567,3.8905723654290014
48.9715,48.9715,216.0,221.9165132263469,211.7015820056774,-22.316513226346892
48.991,48.991,191.0,222.13050649845107,211.72108533779956,-47.53050649845107
49.0105,49.0105,242.0,222.35062553462612,211.74036869962413,3.249374465373883
49.0299,49.0299,214.0,222.57601348984988,211.7593882593065,-24.976013489849883
49.0494,49.0494,211.0,222.80915502322324,211.77822158710885,-28.20915502322324
49.0688,49.0688,234.0,223.04808274566963,211.79678453098103,-5.44808274566963
49.0883,49.0883,242.0,223.2954774716298,211.81515482685455,2.3045225283702067
49.1077,49.1077,206.0,223.54916993790312,211.8332482106193,-33.949169937903115
49.1272,49.1272,217.0,223.81205830019198,211.85114305459402,-23.212058300191977
49.1467,49.1467,242.0,224.08322900860244,211.86879571375476,1.5167709913975571
49.1661,49.1661,211.0,224.36169927468634,211.8861623092692,-29.761699274686343
49.1856,49.1856,232.0,224.65066901201052,211.90332166227955,-9.050669012010523
49.205,49.205,227.0,224.9476238603385,211.92018910819053,-14.347623860338494
49.2245,49.2245,237.0,225.25604070114684,211.93684382928322,-4.656040701146843
49.2439,49.2439,232.0,225.57328972283295,211.9532012303816,-9.973289722832952
49.2634,49.2634,217.0,225.90306632725014,211.9693410727707,-25.303066327250143
49.2829,49.2829,215.0,226.2444271025765,211.9852201294112,-27.644427102576508
49.3023,49.3023,245.0,226.59604234724358,212.0007949476081,2.0039576527564193
49.3218,49.3218,216.0,226.9621345287695,212.0161458198785,-27.362134528769495
49.3412,49.3412,225.0,227.33965412822826,212.03118810291906,-18.73965412822826
49.3607,49.3607,229.0,227.7331029876961,212.04600247282943,-15.133102987696098
49.3801,49.3801,242.0,228.1392289698862,212.06050415823051,-2.539228969886203
49.3996,49.3996,249.0,228.56293719333553,212.0747743205717,4.037062806664473
49.419,49.419,246.0,229.00081679592344,212.08872830216416,0.5991832040765601
49.4385,49.4385,194.0,229.45825554488596,212.10244777647767,-51.85825554488596
49.458,49.458,225.0,229.93393732052948,212.11588981841544,-21.33393732052948
49.4774,49.4774,222.0,230.4263243157015,212.12901101134355,-24.82632431570149
49.4969,49.4969,236.0,230.9415288790275,212.1418933415062,-11.341528879027486
49.5163,49.5163,202.0,231.47552459928917,212.15445172721007,-45.87552459928917
49.5358,49.5358,208.0,232.03507357753674,212.16676865317567,-40.435073577536734
49.5552,49.5552,202.0,232.61566067636318,212.17875885466768,-47.015660676363176
49.5747,49.5747,232.0,233.2247794799475,212.19050476551394,-17.6247794799475
49.5942,49.5942,242.0,233.86096387639566,212.20196274545188,-8.260963876395657
49.6136,49.6136,257.0,234.52251082519555,212.21308911800062,6.077489174804448
49.6331,49.6331,246.0,235.2180580628728,212.2239668423804,-5.618058062872812
49.6525,49.6525,234.0,235.94222870811421,212.23451023850944,-18.342228708114213
49.672,49.672,236.0,236.70467694429337,212.24480263815855,-17.104676944293367
49.6914,49.6914,230.0,237.49973668477352,212.25475848475446,-23.899736684773522
49.7109,49.7109,228.0,238.3380104252519,212.26446172401924,-26.738010425251893
49.7304,49.7304,236.0,239.21834051478385,212.27386943782443,-19.618340514783846
49.7498,49.7498,249.0,240.13844689810227,212.28293863922926,-7.538446898102272
49.7693,49.7693,234.0,241.11106523002098,212.291754090856,-23.511065230020982
49.7887,49.7887,253.0,242.12948469114434,212.30023052527972,-5.52948469114434
49.8082,49.8082,232.0,243.20783461146,212.3084531980775,-27.607834611459985
49.8276,49.8276,218.0,244.33890685743108,212.31633688205804,-42.73890685743108
49.8471,49.8471,257.0,245.53867489014294,212.32396726063993,-4.938674890142941
49.8666,49.8666,214.0,246.80639849388874,212.3313019392575,-49.206398493888734
49.886,49.886,247.0,248.14002785062428,212.33829834604606,-17.540027850624277
49.9055,49.9055,237.0,249.5589447089628,212.34504247769522,-28.958944708962797
49.9249,49.9249,231.0,251.05461139983697,212.3514489289035,-36.45461139983697
49.9444,49.9444,237.0,252.6492292409985,212.3576042258358,-32.04922924099849
49.9638,49.9638,247.0,254.3339897403246,212.36342315029455,-23.733989740324596
49.9833,49.9833,269.0,256.13464468634953,212.36899280252197,-3.53464468634953
50.0028,50.0028,262.0,258.051511403404,212.3742712765841,-12.451511403403991
50.0222,50.0222,264.0,260.0837510941375,212.37921647815395,-12.483751094137482
50.0417,50.0417,244.0,262.26341278247776,212.38391592454175,-34.66341278247776
50.0611,50.0611,251.0,264.5805450318927,212.38828427078542,-29.98054503189271
50.0806,50.0806,288.0,267.0729263808568,212.39240939438508,4.527073619143188
50.1,50.1,291.0,269.7293533415483,212.39620600014774,4.870646658451712
50.1195,50.1195,265.0,272.594677769318,212.39976221683085,-23.994677769318024
50.139,50.139,264.0,275.67398977856766,212.4030360588841,-28.073989778567658
50.1584,50.1584,274.0,278.9719930790062,212.4059853630949,-21.37199307900621
50.1779,50.1779,270.0,282.54459259765326,212.40869853928862,-28.944592597653262
50.1973,50.1973,272.0,286.3823341937435,212.41108984818996,-30.782334193743473
50.2168,50.2168,291.0,290.5544565648438,212.41324787988592,-15.954456564843802
50.2362,50.2362,345.0,295.05059706154066,212.41508672020925,33.549402938459345
50.2557,50.2557,310.0,299.9543922814012,212.41669513612788,-6.354392281401225
50.2752,50.2752,328.0,305.28437326548607,212.41803083950478,6.315626734513934
50.2946,50.2946,356.0,311.05716704189706,212.41905136912584,28.54283295810294
50.3141,50.3141,316.0,317.38443657127107,212.41984575175346,-17.784436571271065
50.3335,50.3335,316.0,324.25823700882904,212.42032764102808,-24.65823700882904
50.353,50.353,378.0,331.8143134522102,212.42058623376744,29.78568654778983
50.3724,50.3724,326.0,340.04537320248437,212.42053501500644,-30.44537320248437
50.3919,50.3919,366.0,349.1152485115666,212.4202633492317,0.4847514884333819
50.4114,50.4114,379.0,359.07243891421774,212.41972864917457,3.52756108578226
50.4308,50.4308,411.0,369.9511856121956,212.41888816285564,24.648814387804386
50.4503,50.4503,429.0,381.9655151777822,212.41783150201124,30.634484822217793
50.4697,50.4697,431.0,395.0968908714457,212.41647174037328,19.50310912855432
50.4892,50.4892,449.0,409.59071145174175,212.41489865140065,23.009288548258247
50.5086,50.5086,410.0,425.4087291489979,212.4130251485433,-31.808729148997905
50.5281,50.5281,475.0,442.81806774341,212.41094116461457,15.781932256590018
50.5476,50.5476,527.0,461.82451391929715,212.40860382781787,48.775486080702855
50.567,50.567,548.0,482.3748117823437,212.40597010994802,49.225188217656275
50.5865,50.5865,550.0,504.6920404368945,212.40313017862007,28.9079595631055
50.6059,50.6059,545.0,528.493437074791,212.39999655671977,0.10656292520898347
50.6254,50.6254,590.0,553.8742018553937,212.39665956531636,19.72579814460628
50.6448,50.6448,685.0,580.2926730742237,212.39303157527272,88.30732692577632
50.6643,50.6643,635.0,607.5982931127451,212.38920305876246,11.001706887254933
50.6838,50.6838,687.0,635.0520073537805,212.3851308739523,35.54799264621952
50.7032,50.7032,720.0,661.7573026642212,212.38077173083772,41.84269733577876
50.7227,50.7227,712.0,687.0692876859264,212.37621632404344,8.530712314073618
50.7421,50.7421,781.0,709.7565015663419,212.37137665444595,54.84349843365815
50.7616,50.7616,797.0,729.0853909602856,212.36634356192033,51.51460903971438
50.781,50.781,785.0,744.0298251835598,212.36102890351498,24.57017481644025
50.8005,50.8005,793.0,754.1322371471055,212.35552366202424,22.467762852894545
50.82,50.82,816.0,758.9941797821108,212.34978443995647,40.60582021788921
50.8394,50.8394,780.0,758.6055567757218,212.34376769982157,4.9944432242782355
50.8589,50.8589,820.0,753.1884325792761,212.337564634611,50.41156742072392
50.8783,50.8783,740.0,743.2039919686442,212.33108675180287,-19.60399196864423
50.8978,50.8978,803.0,729.0476628441508,212.32442538149982,57.55233715584925
50.9172,50.9172,762.0,711.435360379832,212.31749189548188,34.16463962016801
50.9367,50.9367,723.0,690.7922871618757,212.31037775865013,15.807712838124282
50.9562,50.9562,709.0,667.83584059718,212.30303933211908,24.76415940282002
50.9756,50.9756,639.0,643.3703512102178,212.2954328451129,-20.77035121021779
50.9951,50.9951,634.0,617.8033843985997,212.28764996057234,-0.203384398599745
51.0145,51.0145,555.0,592.0267308160194,212.27960172096172,-53.42673081601938
51.034,51.034,569.0,566.3363248632513,212.2713799182584,-13.736324863251319
51.0534,51.0534,548.0,541.4581826268281,212.26289546729373,-9.858182626828146
51.0729,51.0729,493.0,517.4920217929031,212.25424028678717,-40.89202179290307
51.0924,51.0924,455.0,494.82423555114144,212.24537051061122,-56.22423555114144
51.1118,51.1118,438.0,473.70889096379216,212.23624214879197,-52.108890963792156
51.1313,51.1313,421.0,453.99731105968175,212.226947306029,-49.39731105968175
51.1507,51.1507,377.0,435.89571064886775,212.2173965879315,-75.29571064886775
51.1702,51.1702,385.0,419.18377544032853,212.20768222022545,-50.58377544032853
51.1896,51.1896,419.0,403.9617950258446,212.1977146888883,-1.361795025844593
51.2091,51.2091,353.0,389.98574259392626,212.18758633839684,-53.38574259392626
51.2286,51.2286,350.0,377.2407223548243,212.17725308942153,-43.6407223548243
51.248,51.248,354.0,365.6820439212045,212.1666707467649,-28.082043921204523
51.2675,51.2675,311.0,355.09546935033404,212.15593182892079,-60.49546935033404
51.2869,51.2869,327.0,345.49437194139693,212.1449465325764,-34.89437194139693
51.3064,51.3064,295.0,336.6915528029297,212.13380748930678,-58.09155280292972
51.3258,51.3258,308.0,328.69506075611315,212.12242478410414,-37.09506075611315
51.3453,51.3453,308.0,321.34952857529305,212.11089115937077,-29.74952857529305
51.3648,51.3648,303.0,314.6286850329366,212.0991623365053,-28.028685032936572
51.3842,51.3842,295.0,308.5007502449086,212.08719392895276,-29.9007502449086
51.4037,51.4037,267.0,302.8466334484631,212.07507884126736,-52.24663344846308
51.4231,51.4231,276.0,297.67611718503804,212.06272688892992,-38.076117185038036
51.4426,51.4426,275.0,292.89074948036586,212.0502310837368,-34.290749480365854
51.462,51.462,241.0,288.49989651444423,212.0375011396596,-63.89989651444423
51.4815,51.4815,261.0,284.4228162820856,212.02463017207506,-39.82281628208559
51.501,51.501,274.0,280.65051052195486,212.01157391241267,-23.050510521954855
51.5204,51.5204,268.0,277.1725374324411,211.99828799937364,-25.572537432441116
51.5399,51.5399,284.0,273.9273079480256,211.98486589934677,-6.327307948025599
51.5593,51.5593,236.0,270.9254162438113,211.97121727895563,-51.3254162438113
51.5788,51.5788,267.0,268.11579018045614,211.95743570360648,-17.515790180456143
51.5982,51.5982,259.0,265.5085272494022,211.94343095518764,-22.90852724940222
51.6177,51.6177,240.0,263.06141627855243,211.9292969074562,-39.46141627855243
51.6372,51.6372,271.0,260.77305644946256,211.91498935367943,-6.173056449462557
51.6566,51.6566,202.0,258.6408294889296,211.90046419496682,-73.04082948892963
51.6761,51.6761,244.0,256.6310894133718,211.88581565572105,-29.031089413371795
51.6955,51.6955,209.0,254.7532656670537,211.8709533447593,-62.15326566705371
51.715,51.715,274.0,252.97912592141984,211.85597156988186,4.620874078580165
51.7344,51.7344,230.0,251.31760341175277,211.84077993014003,-37.71760341175277
51.7539,51.7539,260.0,249.74384760032035,211.82547274941032,-6.143847600320349
51.7734,51.7734,234.0,248.2594024957391,211.81000595931835,-30.659402495739094
51.7928,51.7928,229.0,246.86427564592208,211.79433541541297,-34.264275645922076
51.8123,51.8123,225.0,245.53877801636241,211.7785559550385,-36.93877801636241
51.8317,51.8317,263.0,244.29060073698275,211.76257751678926,2.309399263017248
51.8512,51.8512,230.0,243.10200924841544,211.7464953045434,-29.50200924841544
51.8706,51.8706,244.0,241.98070686057656,211.73021930127018,-14.38070686057656
51.8901,51.8901,216.0,240.91102711636768,211.71384496956233,-41.311027116367676
51.9096,51.9096,220.0,239.89498638495496,211.697328919515,-36.29498638495496
51.929,51.929,220.0,238.9336877617695,211.68062769960878,-35.333687761769504
51.9485,51.9485,191.0,238.0141327918312,211.66383711334765,-63.4141327918312
51.9679,51.9679,231.0,237.14276141090957,211.64686741526236,-22.54276141090957
51.9874,51.9874,221.0,236.30794978723694,211.62981426266848,-31.707949787236934
52.0068,52.0068,238.0,235.51550933827093,211.61258773791383,-13.91550933827093
52.0263,52.0263,242.0,234.75517647526004,211.59528383212523,-9.155176475260042
52.0458,52.0458,196.0,234.02869038600983,211.57785935309866,-54.428690386009826
52.0652,52.0652,214.0,233.33757067366633,211.5602712119528,-35.73757067366633
52.0847,52.0847,210.0,232.67297835429866,211.54261566327395,-39.07297835429866
52.1041,52.1041,214.0,232.03977085183467,211.52480284621817,-34.43977085183467
52.1236,52.1236,189.0,231.43006511530018,211.5069290226633,-58.83006511530018
52.143,52.143,207.0,230.848246983302,211.48890420750365,-40.248246983302
52.1625,52.1625,209.0,230.28738704025446,211.47082441655394,-37.68738704025446
52.1819,52.1819,228.0,229.75155253855456,211.45259920724422,-18.15155253855456
52.2014,52.2014,215.0,229.2342838808752,211.43432450481535,-30.63428388087521
52.2209,52.2209,239.0,228.73715511926002,211.41595655361485,-6.137155119260022
52.2403,52.2403,224.0,228.26126098172176,211.39745154672303,-20.66126098172176
52.2598,52.2598,215.0,227.80114260611975,211.37890586835857,-29.201142606119753
52.2792,52.2792,211.0,227.36022738415346,211.36022934764316,-32.76022738415346
52.2987,52.2987,217.0,226.93334055687455,211.34151855113308,-26.333340556874553
52.3181,52.3181,227.0,226.52387040295136,211.3226832232327,-15.923870402951358
52.3376,52.3376,200.0,226.12705220621896,211.30381998126498,-42.52705220621896
52.3571,52.3571,222.0,225.74419928074798,211.28488544996267,-20.144199280747976
52.3765,52.3765,215.0,225.3763262142113,211.26583603224822,-26.776326214211302
52.396,52.396,227.0,225.01925953423805,211.2467684995156,-14.419259534238044
52.4154,52.4154,207.0,224.6758670130212,211.22759258674162,-34.07586701302119
52.4349,52.4349,226.0,224.3422835809044,211.2084052782255,-14.742283580904392
52.4543,52.4543,206.0,224.02113192396055,211.18911632823256,-34.42113192396055
52.4738,52.4738,209.0,223.7088913376745,211.16982282615757,-31.108891337674486
52.4933,52.4933,201.0,223.4065774899146,211.1504813586557,-38.80657748991461
52.5127,52.5127,207.0,223.1151552736022,211.1310484085469,-32.5151552736022
52.5322,52.5322,215.0,222.83144669282026,211.11162082361176,-24.231446692820263
52.5516,52.5516,195.0,222.55769240017182,211.09210799619612,-43.957692400171815
52.5711,52.5711,196.0,222.29098588176973,211.07260674828217,-42.69098588176973
52.5905,52.5905,199.0,222.03336894000503,211.05302621934703,-39.43336894000503
52.61,52.61,214.0,221.7822300108944,211.0334628321725,-24.182230010894408
52.6295,52.6295,248.0,221.53839046425736,211.01387219942893,10.06160953574264
52.6489,52.6489,238.0,221.3026191970453,210.99420989975766,0.2973808029547129
52.6684,52.6684,165.0,221.0724906742964,210.97457231092713,-72.47249067429641
52.6878,52.6878,212.0,220.8497604674535,210.954868367866,-25.249760467453505
52.7073,52.7073,208.0,220.6322429502255,210.93519410317816,-29.032242950225502
52.7267,52.7267,200.0,220.42158781278374,210.9154578143189,-36.82158781278374
52.7462,52.7462,193.0,220.21566821347216,210.89575548095505,-43.615668213472155
52.7657,52.7657,235.0,220.0152559611436,210.87604209975777,-1.4152559611435933
52.7851,52.7851,229.0,219.82096344748118,210.85627239057408,-7.220963447481175
52.8046,52.8046,220.0,219.63088609578398,210.83654218168414,-16.030886095783977
52.824,52.824,218.0,219.44647510100629,210.81675960868188,-17.846475101006284
52.8435,52.8435,231.0,219.26593071419632,210.79702078403,-4.665930714196314
52.8629,52.8629,226.0,219.09067765655058,210.77723395058726,-9.49067765655058
52.8824,52.8824,248.0,218.91901349720376,210.75749549702908,12.680986502796237
52.9019,52.9019,232.0,218.75156251833783,210.7377609907447,-3.1515625183378333
52.9213,52.9213,232.0,218.58883975787555,210.7179860435465,-2.988839757875546
52.9408,52.9408,203.0,218.42930889480056,210.6982674973749,-31.829308894800555
52.9602,52.9602,193.0,218.2742103534031,210.67851435350278,-41.674210353403105
52.9797,52.9797,224.0,218.12208951706327,210.65882355433493,-10.522089517063272
52.9991,52.9991,202.0,217.97409717230255,210.63910371617254,-32.37409717230255
53.0186,53.0186,208.0,217.82888351566692,210.61945168559103,-26.228883515666915
53.0381,53.0381,226.0,217.68693423023933,210.59982309388678,-8.08693423023933
53.0575,53.0575,221.0,217.54873340330505,210.5801734950579,-12.948733403305049
53.077,53.077,228.0,217.41302604114227,210.56059971605674,-5.8130260411422725
53.0964,53.0964,223.0,217.28082076039342,210.54101051250117,-10.680820760393424
53.1159,53.1159,183.0,217.15095302633097,210.5215029921072,-50.550953026330966
53.1353,53.1353,233.0,217.024348740042,210.5019861891159,-0.4243487400419994
53.1548,53.1548,190.0,216.89995032844075,210.48255698146087,-43.29995032844075
53.1743,53.1743,233.0,216.77815835803437,210.46317129991175,-0.17815835803437352
53.1937,53.1937,234.0,216.65935339197614,210.44378479098293,0.9406466080238616
53.2132,53.2132,200.0,216.5425386268468,210.42449448892532,-32.942538626846805
53.2326,53.2326,210.0,216.42854580573052,210.40520939994997,-22.82854580573052
53.2521,53.2521,196.0,216.31642069914446,210.38602662257463,-36.71642069914446
53.2715,53.2715,215.0,216.20695018083035,210.36685497012243,-17.606950180830346
53.291,53.291,207.0,216.09922332949793,210.34779131080768,-25.49922332949793
53.3105,53.3105,197.0,215.993621260084,210.3287913464383,-35.39362126008401
53.3299,53.3299,217.0,215.89046028733208,210.309810708354,-15.290460287332074
53.3494,53.3494,228.0,215.78890793209084,210.2909460382928,-4.188907932090835
53.3688,53.3688,197.0,215.68965871437484,210.27210576588013,-35.08965871437484
53.3883,53.3883,200.0,215.59191713845357,210.25338676075376,-31.991917138453566
53.4077,53.4077,192.0,215.49636760166987,210.2346974427695,-39.89636760166987
53.4272,53.4272,201.0,215.4022503842827,210.21613434084247,-30.802250384282694
53.4467,53.4467,207.0,215.30987822973805,210.19765254233732,-24.709878229738045
53.4661,53.4661,235.0,215.21951778496958,210.17920700128326,3.380482215030419
53.4856,53.4856,182.0,215.13047034046434,210.16089378843142,-49.53047034046434
53.505,53.505,215.0,215.04334288957628,210.14262094576804,-16.44334288957628
53.5245,53.5245,223.0,214.95746670829627,210.12448438260319,-8.357466708296265
53.5439,53.5439,195.0,214.873408218217,210.10639181487943,-36.27340821821701
53.5634,53.5634,218.0,214.79054192737544,210.08843929976143,-13.190541927375442
53.5829,53.5829,203.0,214.70911596332422,210.0705815264428,-28.10911596332422
53.6023,53.6023,201.0,214.62938134587276,210.0527732639867,-30.029381345872757
53.6218,53.6218,209.0,214.55074885133237,210.03511030003324,-21.95074885133237
53.6412,53.6412,208.0,214.47371623840806,210.0175001186206,-22.873716238408058
53.6607,53.6607,187.0,214.39773882218327,210.00003831913483,-43.79773882218327
53.6801,53.6801,200.0,214.32329036145592,209.98263231152075,-30.723290361455916
53.6996,53.6996,196.0,214.24984617647362,209.9653773259077,-34.64984617647362
53.7191,53.7191,207.0,214.1776217879364,209.9482273579283,-23.5776217879364
53.7385,53.7385,211.0,214.10681566151126,209.93113622797443,-19.50681566151126
53.758,53.758,209.0,214.0369468700881,209.9141987372695,-21.436946870088086
53.7774,53.7774,213.0,213.96843662083202,209.8973216255888,-17.36843662083202
53.7969,53.7969,206.0,213.9008194085415,209.8805996238196,-24.300819408541507
53.8163,53.8163,191.0,213.83449630770707,209.8639394689088,-39.23449630770707
53.8358,53.8358,208.0,213.76901989140384,209.84743580868297,-22.169019891403842
53.8553,53.8553,207.0,213.70458809023606,209.8310420571162,-23.104588090236057
53.8747,53.8747,193.0,213.64136835375723,209.81471160615166,-37.04136835375723
53.8942,53.8942,201.0,213.57894760956756,209.7985387072569,-28.978947609567562
53.9136,53.9136,239.0,213.51767471782912,209.78242950307705,9.082325282170878
53.9331,53.9331,207.0,213.45717471234025,209.76647785976402,-22.857174712340246
53.9525,53.9525,202.0,213.3977793104674,209.75058999451937,-27.797779310467398
53.972,53.972,196.0,213.33911343662388,209.73485986264245,-33.739113436623875
53.9915,53.9915,190.0,213.28134223470613,209.71924046185552,-39.68134223470613
54.0109,54.0109,233.0,213.22460545061531,209.70368463235027,3.375394549384687
54.0304,54.0304,194.0,213.16855006814677,209.68828571300315,-35.56855006814677
54.0498,54.0498,207.0,213.1134911275771,209.67294958643973,-22.513491127577105
54.0693,54.0693,236.0,213.05908930944582,209.65776955648357,6.540910690554178
54.0887,54.0887,215.0,213.0056346611743,209.64265127228703,-14.405634661174297
54.1082,54.1082,183.0,212.9528137764963,209.62768814966174,-46.3528137764963
54.1277,54.1277,216.0,212.9007632368746,209.61283298183906,-13.300763236874609
54.1471,54.1471,200.0,212.84960283741395,209.59803825688005,-29.249602837413953
54.1666,54.1666,229.0,212.79903508206067,209.58339708270137,-0.1990350820606679
54.186,54.186,183.0,212.7493196245856,209.5688150201809,-46.14931962458561
54.2055,54.2055,231.0,212.7001765202195,209.55438519157897,1.8998234797805154
54.2249,54.2249,218.0,212.6518543683453,209.5400130509471,-11.05185436834531
54.2444,54.2444,210.0,212.60408152999173,209.52579154183258,-19.00408152999173
54.2639,54.2639,210.0,212.55697175354823,209.51167323422226,-18.956971753548224
54.2833,54.2833,209.0,212.51062963236302,209.49761072608948,-19.91062963236302
54.3028,54.3028,195.0,212.46480748963788,209.48369693766674,-33.864807489637876
54.3222,54.3222,205.0,212.41972564106825,209.4698376580331,-23.819725641068253
54.3417,54.3417,222.0,212.3751434808026,209.456125534831,-6.7751434808025905
54.3611,54.3611,211.0,212.33126524011587,209.44246613267188,-17.731265240115867
54.3806,54.3806,227.0,212.28787253116684,209.42895210030943,-1.687872531166839
54.4001,54.4001,210.0,212.245056907886,209.4155358767132,-18.64505690788601
54.4195,54.4195,186.0,212.2029106988922,209.40217013176317,-42.602910698892195
54.439,54.439,226.0,212.16121943577951,209.3889475978216,-2.5612194357795133
54.4584,54.4584,218.0,212.12016972681113,209.37577395253902,-10.520169726811126
54.4779,54.4779,204.0,212.07955490037432,209.36274174173192,-24.479554900374318
54.4973,54.4973,196.0,212.0395608669698,209.3497569497708,-32.43956086696979
54.5168,54.5168,215.0,211.99998867094197,209.33691206237083,-13.399988670941973
54.5363,54.5363,203.0,211.9609250523286,209.3241594563883,-25.360925052328604
54.5557,54.5557,223.0,211.9224386582624,209.31145161329715,-5.322438658262392
54.5752,54.5752,217.0,211.88435804758072,209.29888069935953,-11.284358047580717
54.5946,54.5946,202.0,211.84683675678858,209.28635266570487,-26.246836756788575
54.6141,54.6141,227.0,211.80970119266217,209.2739598300175,-1.2097011926621732
54.6335,54.6335,226.0,211.77310347008466,209.26160816729052,-2.173103470084662
54.653,54.653,180.0,211.73688072988867,209.24939000646555,-48.13688072988867
54.6725,54.6725,218.0,211.7011051094308,209.23725823504427,-10.101105109430812
54.6919,54.6919,209.0,211.6658378957962,209.22516543266252,-19.065837895796186
54.7114,54.7114,218.0,211.63092537993245,209.21320371652598,-10.030925379932448
54.7308,54.7308,199.0,211.59650195387258,209.2012792657629,-28.996501953872574
54.7503,54.7503,220.0,211.56242383603708,209.1894841928898,-7.9624238360370825
54.7697,54.7697,235.0,211.5288186935001,209.1777246865148,7.071181306499888
54.7892,54.7892,195.0,211.49554698870864,209.1660927568496,-32.89554698870864
54.8087,54.8087,239.0,211.4626650018388,209.15454135153527,11.137334998161215
54.8281,54.8281,213.0,211.43023225169802,209.14302329873388,-14.830232251698014
54.8476,54.8476,213.0,211.39811643816626,209.1316306800854,-14.798116438166254
54.867,54.867,209.0,211.366432159393,209.12027017338417,-18.766432159393013
54.8865,54.8865,214.0,211.3350565523248,209.10903384125194,-13.7350565523248
54.9059,54.9059,218.0,211.30409619006,209.09782844132613,-9.704096190059992
54.9254,54.9254,211.0,211.27343216179597,209.08674598037226,-16.673432161795965
54.9448,54.9448,220.0,211.24317204775392,209.0756934181378,-7.6431720477539145
54.9643,54.9643,204.0,211.21320179854501,209.06476277632217,-23.613201798545013
54.9838,54.9838,229.0,211.183571184644,209.0539074129527,1.4164288153560065
55.0032,55.0032,205.0,211.15431847323802,209.04308068496798,-22.55431847323802
55.0227,55.0227,199.0,211.1253481696765,209.03237472793958,-28.525348169676498
55.0421,55.0421,254.0,211.0967460125173,209.0216968664454,26.503253987482715
55.0616,55.0616,229.0,211.06841466368368,209.0111389490943,1.5315853363163185
55.081,55.081,191.0,211.0404389920255,209.00060825507884,-36.44043899202551
55.1005,55.1005,227.0,211.0127288009405,208.99019676350844,-0.41272880094049214
55.12,55.12,184.0,210.98532388566676,208.97985786482928,-43.38532388566676
55.1394,55.1394,218.0,210.95825776557763,208.9695452203704,-9.358257765577626
55.1589,55.1589,216.0,210.9314453323142,208.95935031551517,-11.33144533231421
55.1783,55.1783,192.0,210.90496031240266,208.94918056524216,-35.30496031240266
55.1978,55.1978,208.0,210.8787233921114,208.93912752477473,-19.278723392111395
55.2172,55.2172,220.0,210.85280467505618,208.92909854194536,-7.252804675056176
55.2367,55.2367,207.0,210.82712711101303,208.91918483327336,-20.227127111013026
55.2562,55.2562,208.0,210.80172051807884,208.90933982819038,-19.201720518078837
55.2756,55.2756,197.0,210.77661725131665,208.89951700656843,-30.17661725131665
55.2951,55.2951,214.0,210.7517447000158,208.8898074945753,-13.15174470001579
55.3145,55.3145,222.0,210.7271640214411,208.8801187236978,-5.1271640214410965
55.334,55.334,227.0,210.70280896496297,208.87054161145633,-0.10280896496296776
55.3534,55.3534,217.0,210.67873482824874,208.8609838653106,-10.078734828248734
55.3729,55.3729,207.0,210.6548786122544,208.85153663427263,-20.054878612254406
55.3924,55.3924,212.0,210.63126908189253,208.8421537311982,-15.031269081892525
55.4118,55.4118,203.0,210.60792810730112,208.83278902694985,-24.00792810730112
55.4313,55.4313,194.0,210.58479980719477,208.82353358877594,-32.98479980719477
55.4507,55.4507,219.0,210.56192826385367,208.81429553092204,-7.961928263853672
55.4702,55.4702,226.0,210.53926640103228,208.80516554095055,-0.9392664010322775
55.4896,55.4896,204.0,210.51685519832012,208.79605174353426,-22.916855198320114
55.5091,55.5091,234.0,210.4946452544585,208.78704501145123,7.105354745541497
55.5286,55.5286,220.0,210.47265660935352,208.77809924298424,-6.87265660935352
55.548,55.548,188.0,210.45091140745672,208.7691686459853,-38.850911407456714
55.5675,55.5675,231.0,210.4293580733768,208.76034419009923,4.170641926623212
55.5869,55.5869,220.0,210.40803874300713,208.7515344227266,-6.808038743007124
55.6064,55.6064,208.0,210.3869107491964,208.74283015483786,-18.7869107491964
55.6258,55.6258,204.0,210.3660079014248,208.7341403689243,-22.766007901424807
55.6453,55.6453,225.0,210.34529408857077,208.72555586361952,-1.7452940885707662
55.6648,55.6648,207.0,210.3247846012427,208.71703101149944,-19.724784601242696
55.6842,55.6842,210.0,210.30449127146028,208.70852046635304,-16.704491271460277
55.7037,55.7037,200.0,210.28437998555074,208.7001149289432,-26.68437998555074
55.7231,55.7231,213.0,210.2644806934916,208.69172369453486,-13.664480693491605
55.7426,55.7426,191.0,210.24476112687773,208.6834372346974,-35.64476112687773
55.762,55.762,211.0,210.2252470193241,208.67516487381187,-15.625247019324085
55.7815,55.7815,205.0,210.20591003060218,208.66699678117953,-21.605910030602182
55.801,55.801,189.0,210.1867591411629,208.65888736327662,-37.586759141162894
55.8204,55.8204,192.0,210.1678053559534,208.6507910826153,-34.56780535595339
55.8399,55.8399,218.0,210.14902275083395,208.64279764151013,-8.549022750833949
55.8593,55.8593,225.0,210.13042996617068,208.63481591330813,-1.5304299661706793
55.8788,55.8788,210.0,210.11200480987824,208.6269353673279,-16.512004809878242
55.8982,55.8982,210.0,210.0937608596523,208.6190652660856,-16.49376085965229
55.9177,55.9177,214.0,210.07568272412107,208.6112951380548,-12.475682724121064
55.9372,55.9372,216.0,210.0577741301989,208.60357934633865,-10.457774130198906
55.9566,55.9566,200.0,210.04004027899936,208.59587242523045,-26.440040278999355
55.9761,55.9761,218.0,210.02246562875277,208.58826385200877,-8.422465628752768
55.9955,55.9955,251.0,210.00505808496166,208.5806632043418,24.59494191503834
56.015,56.015,229.0,209.98780798378456,208.5731598197437,2.612192016215438
56.0344,56.0344,239.0,209.97072135658968,208.56566351659177,12.629278643410323
56.0539,56.0539,217.0,209.95378715081242,208.5582637333073,-9.353787150812416
56.0734,56.0734,218.0,209.93700966511594,208.550915522731,-8.337009665115936
56.0928,56.0928,219.0,209.9203877832501,208.54357415154124,-7.320387783250105
56.1123,56.1123,217.0,209.90391720884818,208.53632920201693,-9.303917208848183
56.1317,56.1317,214.0,209.88760033473758,208.5290914568425,-12.287600334737583
56.1512,56.1512,218.0,209.87143047195627,208.52195057090407,-8.271430471956272
56.1706,56.1706,215.0,209.8554120973664,208.51481759709523,-11.25541209736641
56.1901,56.1901,214.0,209.8395409001038,208.50778221483205,-12.239540900103798
56.2096,56.2096,188.0,209.82381818369979,208.50080030656488,-38.223818183699784
56.229,56.229,215.0,209.8082416803521,208.4938279399201,-11.208241680352096
56.2485,56.2485,199.0,209.79281097750714,208.48695445790338,-27.192810977507143
56.2679,56.2679,238.0,209.77752365908464,208.48009126914707,11.822476340915365
56.2874,56.2874,220.0,209.76238157399948,208.4733275235437,-6.162381573999475
56.3068,56.3068,201.0,209.74738130845276,208.4665747949209,-25.147381308452758
56.3263,56.3263,220.0,209.73252536557288,208.45992238028902,-6.1325253655728815
56.3458,56.3458,220.0,209.71781005087047,208.45332631015808,-6.117810050870467
56.3652,56.3652,184.0,209.70323347116772,208.44674287739315,-42.10323347116772
56.3847,56.3847,203.0,209.68880039721594,208.4402613232185,-23.08880039721594
56.4041,56.4041,207.0,209.67450355618965,208.43379353325182,-19.074503556189647
56.4236,56.4236,192.0,209.66034839671073,208.4274282283751,-34.06034839671073
56.443,56.443,227.0,209.64632770763936,208.42107732913703,0.9536722923606433
56.4625,56.4625,214.0,209.6324491292622,208.41482917951052,-12.032449129262197
56.482,56.482,202.0,209.61870629121057,208.40863987983346,-24.01870629121057
56.5014,56.5014,212.0,209.60509362507256,208.40246572920432,-14.005093625072554
56.5209,56.5209,211.0,209.59162180491842,208.39639502208925,-14.991621804918417
56.5403,56.5403,187.0,209.57827598257796,208.39034002347944,-38.97827598257796
56.5598,56.5598,206.0,209.56507148365927,208.3843889372219,-19.965071483659266
56.5792,56.5792,227.0,209.5519919559966,208.37845392682763,1.0480080440033888
56.5987,56.5987,210.0,209.53904997181195,208.37262274414454,-15.939049971811947
56.6182,56.6182,226.0,209.52623922357424,208.36685165298124,0.07376077642576462
56.6376,56.6376,236.0,209.51355069678928,208.36109707466937,10.08644930321072
56.6571,56.6571,213.0,209.5009997006033,208.35544693380163,-12.9009997006033
56.6765,56.6765,195.0,209.4885685969478,208.34981429970563,-30.8885685969478
56.696,56.696,209.0,209.4762747424892,208.34428717399197,-16.87627474248921
56.7154,56.7154,207.0,209.4640995116985,208.33877865243022,-18.86409951169849
56.7349,56.7349,213.0,209.45206159422364,208.33337641389664,-12.852061594223635
56.7544,56.7544,200.0,209.44015160470312,208.32803721083513,-25.840151604703117
56.7738,56.7738,197.0,209.42835823939055,208.32271799568846,-28.828358239390546
56.7933,56.7933,195.0,209.41670097801588,208.3175061296259,-30.81670097801588
56.8127,56.8127,228.0,209.40515937684762,208.31231485670287,2.1948406231523805
56.8322,56.8322,212.0,209.39375362186,208.30723106895957,-13.793753621859985
56.8516,56.8516,205.0,209.3824608327757,208.3021682007949,-20.782460832775705
56.8711,56.8711,222.0,209.3713045574153,208.29721322700743,-3.7713045574152986
56.8906,56.8906,184.0,209.36027045536525,208.29232298428258,-41.76027045536525
56.91,56.91,211.0,209.3493484307364,208.2874546197655,-14.749348430736397
56.9295,56.9295,202.0,209.3385605660742,208.28269467365647,-23.73856056607419
56.9489,56.9489,203.0,209.32788224042025,208.2779568394255,-22.72788224042025
56.9684,56.9684,222.0,209.31733792626855,208.27332743757194,-3.7173379262685486
56.9878,56.9878,210.0,209.3068998197985,208.26872016727387,-15.706899819798501
57.0073,57.0073,220.0,209.29659574548282,208.2642212683717,-5.696595745482817
57.0268,57.0268,201.0,209.2864107091811,208.259787742646,-24.686410709181096
57.0462,57.0462,240.0,209.2763304500254,208.2553768865908,14.323669549974603
57.0657,57.0657,219.0,209.26638247180472,208.25107474331483,-6.666382471804717
57.0851,57.0851,230.0,209.25653844244266,208.2467957396805,4.34346155755734
57.1046,57.1046,196.0,209.24682653400126,208.24262599046745,-29.646826534001256
57.124,57.124,180.0,209.2372173740251,208.23848042032517,-45.637217374025106
57.1435,57.1435,204.0,209.22773964991177,208.23444503426984,-21.627739649911767
57.163,57.163,202.0,209.21837952707457,208.23047710586962,-23.618379527074573
57.1824,57.1824,197.0,209.2091205818686,208.2265340196518,-28.609120581868602
57.2019,57.2019,194.0,209.19999286996799,208.2227010407312,-31.599992869967984
57.2213,57.2213,181.0,209.190964328721,208.21889273286408,-44.59096432872101
57.2408,57.2408,211.0,209.18206475764077,208.21519387094733,-14.582064757640772
57.2602,57.2602,186.0,209.1732624522868,208.2115186782822,-39.57326245228679
57.2797,57.2797,229.0,209.16458764062492,208.20795145062215,3.4354123593750856
57.2992,57.2992,240.0,209.15602319590081,208.2044487186237,14.443976804099186
57.3186,57.3186,216.0,209.1475499502361,208.20096739646846,-9.54754995023611
57.3381,57.3381,224.0,209.13920192858933,208.19759156951093,-1.5392019285893284
57.3575,57.3575,217.0,209.13094320521031,208.19423606013365,-8.530943205210313
57.377,57.377,232.0,209.12280685175477,208.19098504019627,6.477193148245227
57.3964,57.3964,218.0,209.11475828125322,208.18775378257237,-7.514758281253215
57.4159,57.4159,221.0,209.10683141194724,208.18462659039733,-4.506831411947239
57.4354,57.4354,220.0,209.099007803185,208.18156130594107,-5.499007803185002
57.4548,57.4548,212.0,209.09127040291946,208.17851609538354,-13.491270402919461
57.4743,57.4743,229.0,209.0836542856237,208.17557538292598,3.5163457143762926
57.4937,57.4937,206.0,209.076122962693,208.17265552807356,-19.476122962693005
57.5132,57.5132,186.0,209.06871352946095,208.16984102455243,-39.46871352946095
57.5326,57.5326,227.0,209.06138927014828,208.1670485916282,1.5386107298517189
57.5521,57.5521,213.0,209.05418701267158,208.16436223779596,-12.454187012671575
57.5716,57.5716,212.0,209.04708792579837,208.16174054637497,-13.447087925798364
57.591,57.591,207.0,209.04007352517516,208.1591423376497,-18.44007352517516
57.6105,57.6105,233.0,209.0331818519985,208.15665163855488,7.566818148001495
57.6299,57.6299,214.0,209.02637389974853,208.15418563199904,-11.426373899748533
57.6494,57.6494,197.0,209.0196900224596,208.1518283440995,-28.419690022459598
57.6688,57.6688,217.0,209.0130910393212,208.14949741287586,-8.413091039321209
57.6883,57.6883,214.0,209.00661581749267,208.14727660421227,-11.406615817492671
57.7077,57.7077,208.0,209.0002264220443,208.145083706177,-17.400226422044305
57.7272,57.7272,222.0,208.99396241700356,208.14300246298936,-3.393962417003557
57.7467,57.7467,223.0,208.98780466857613,208.14099224181948,-2.3878046685761305
57.7661,57.7661,195.0,208.98173332095024,208.1390127575442,-30.38173332095024
57.7856,57.7856,216.0,208.97578919711768,208.13714778806494,-9.375789197117676
57.805,57.805,180.0,208.9699331578238,208.13531581979623,-45.36993315782379
57.8245,57.8245,201.0,208.96420621837322,208.13360036687484,-24.36420621837322
57.8439,57.8439,213.0,208.95856800525672,208.13191985617638,-12.358568005256721
57.8634,57.8634,209.0,208.95306006473942,208.13035717719637,-16.353060064739417
57.8829,57.8829,205.0,208.94766154448558,208.12887190813046,-20.347661544485582
57.9023,57.9023,206.0,208.9423525930615,208.12742382930395,-19.342352593061513
57.9218,57.9218,204.0,208.93717530417308,208.12609555833365,-21.33717530417308
57.9412,57.9412,224.0,208.93208743594639,208.12480591210047,-1.3320874359463843
57.9607,57.9607,214.0,208.92713212186686,208.12363722999012,-11.32713212186686
57.9801,57.9801,210.0,208.92226712871044,208.12250865163784,-15.322267128710443
57.9996,57.9996,216.0,208.91753599932647,208.12150256401313,-9.317535999326473
58.0191,58.0191,201.0,208.91291694566905,208.1205790378842,-24.312916945669052
58.0385,58.0385,212.0,208.90838990104024,208.11969843512838,-13.308389901040236
58.058,58.058,194.0,208.9039984662379,208.11894286548818,-31.303998466237907
58.0774,58.0774,194.0,208.89969966074128,208.1182321017481,-31.299699660741275
58.0969,58.0969,204.0,208.8955379161194,208.11764792394482,-21.295537916119393
58.1163,58.1163,193.0,208.89146907664383,208.11710996245142,-32.29146907664383
58.1358,58.1358,212.0,208.88753749827492,208.1166995706487,-13.287537498274922
58.1553,58.1553,189.0,208.88372166663873,208.11637663717377,-36.28372166663873
58.1747,58.1747,195.0,208.87999915276046,208.1161012996798,-30.27999915276046
58.1942,58.1942,225.0,208.8764146417765,208.11595423331394,-0.27641464177650477
58.2136,58.2136,196.0,208.8729218843806,208.11585499667004,-29.272921884380587
58.2331,58.2331,204.0,208.86956749376682,208.11588408725427,-21.26956749376682
58.2525,58.2525,206.0,208.86630507580446,208.11596131090408,-19.26630507580446
58.272,58.272,190.0,208.86317974339866,208.11616675924333,-35.26317974339866
58.2915,58.2915,225.0,208.86016889185902,208.11646029572185,-0.26016889185901704
58.3109,58.3109,207.0,208.85724854331684,208.11680177373805,-18.25724854331684
58.3304,58.3304,220.0,208.85446420492994,208.11727091322817,-5.254464204929938
58.3498,58.3498,200.0,208.85176986322773,208.11778791889708,-25.25176986322773
58.3693,58.3693,179.0,208.84921147206884,208.11843242406223,-46.24921147206884
58.3887,58.3887,196.0,208.84674197339785,208.11912488468477,-29.246741973397853
58.4082,58.4082,195.0,208.844407765848,208.11994427238298,-30.24440776584799
58.4277,58.4277,206.0,208.84218482242824,208.12085031474857,-19.242184822428236
58.4471,58.4471,175.0,208.84004827705326,208.12180279460853,-50.240048277053255
58.4666,58.4666,208.0,208.83804417305456,208.12288003161459,-17.238044173054554
58.486,58.486,217.0,208.8361241932316,208.12400193443813,-8.236124193231596
58.5055,58.5055,202.0,208.83433379054284,208.1252462067001,-23.23433379054284
58.5249,58.5249,195.0,208.83262501928397,208.12653307595681,-30.232625019283965
58.5444,58.5444,209.0,208.83104393859026,208.127940060557,-16.231043938590254
58.5639,58.5639,218.0,208.82956489253567,208.12942655096572,-7.22956489253567
58.5833,58.5833,231.0,208.82816245798145,208.13095216622276,5.771837542018552
58.6028,58.6028,237.0,208.82688349125857,208.1325940665611,11.773116508741431
58.6222,58.6222,216.0,208.82567877107402,208.13427313084946,-9.225678771074023
58.6417,58.6417,206.0,208.82459565886495,208.13606666252366,-19.22459565886495
58.6611,58.6611,212.0,208.8235843518741,208.13789600664967,-13.223584351874102
58.6806,58.6806,239.0,208.82269253375554,208.13983831435664,13.777307466244459
58.7001,58.7001,184.0,208.8218955830117,208.14185396473127,-41.221895583011694
58.7195,58.7195,203.0,208.82116814391946,208.14390368000426,-22.221168143919463
58.739,58.739,208.0,208.82055796874337,208.14606415470365,-17.22055796874337
58.7584,58.7584,197.0,208.82001497766353,208.1482570810489,-28.22001497766353
58.7779,58.7779,203.0,208.8195868329387,208.15055886733668,-22.21958683293871
58.7973,58.7973,181.0,208.81922374292031,208.1528912961773,-44.21922374292031
58.8168,58.8168,220.0,208.81897338328133,208.15533035640647,-5.21897338328133
58.8363,58.8363,229.0,208.8188097030229,208.15783606699335,3.781190296977094
58.8557,58.8557,197.0,208.81870587153333,208.16036881438572,-28.218705871533324
58.8752,58.8752,227.0,208.8187111064578,208.1630042731149,1.7812888935421896
58.8946,58.8946,228.0,208.81877396687622,208.1656646253856,2.7812260331237795
58.9141,58.9141,218.0,208.81894261373844,208.16842538809027,-7.218942613738442
58.9335,58.9335,218.0,208.81916715324718,208.17120938438617,-7.219167153247177
58.953,58.953,206.0,208.81949561443727,208.17409222807328,-19.21949561443727
58.9725,58.9725,212.0,208.81990330131254,208.17703520379732,-13.219903301312534
58.9919,58.9919,187.0,208.82036388066433,208.1799998031941,-38.22036388066433
59.0114,59.0114,239.0,208.82092672662372,208.18306143446327,13.779073273376277
59.0308,59.0308,180.0,208.821540764991,208.1861435055196,-45.221540764991
59.0503,59.0503,198.0,208.82225560741725,208.18932105829944,-27.222255607417246
59.0697,59.0697,185.0,208.82301982811506,208.19251751624864,-40.22301982811506
59.0892,59.0892,208.0,208.8238824666764,208.19580723032684,-17.223882466676393
59.1087,59.1087,203.0,208.82481630223623,208.19915104716878,-22.224816302236228
59.1281,59.1281,198.0,208.82579527778003,208.20251004902343,-27.22579527778003
59.1476,59.1476,228.0,208.82686780332244,208.20595789685558,2.773132196677558
59.167,59.167,216.0,208.82798188824705,208.20941802558534,-9.22798188824705
59.1865,59.1865,213.0,208.82918658400152,208.21296394779137,-12.229186584001518
59.2059,59.2059,230.0,208.8304296208342,208.21651963993133,4.769570379165806
59.2254,59.2254,198.0,208.8317602664845,208.22015853214444,-27.231760266484507
59.2449,59.2449,214.0,208.83315231979506,208.22384228065494,-11.23315231979506
59.2643,59.2643,225.0,208.83457911824772,208.227532661583,-0.2345791182477157
59.2838,59.2838,208.0,208.8360902543836,208.2313029097591,-17.236090254383605
59.3032,59.3032,219.0,208.8376334029212,208.2350780155005,-6.2376334029211975
59.3227,59.3227,205.0,208.83925929093587,208.23893116354492,-20.23925929093587
59.3421,59.3421,203.0,208.8409156834741,208.2427877165813,-22.240915683474093
59.3616,59.3616,195.0,208.8426524160183,208.2467207120374,-30.242652416018295
59.3811,59.3811,220.0,208.8444435275949,208.25069240532238,-5.244443527594903
59.4005,59.4005,214.0,208.8462625581572,208.2546651400648,-11.246262558157206
59.42,59.42,245.0,208.84815871221664,208.2587115143809,19.751841287783357
59.4394,59.4394,212.0,208.85008063149758,208.26275746357078,-13.250080631497575
59.4589,59.4589,222.0,208.85207855117704,208.2668754571114,-3.2520785511770427
59.4783,59.4783,217.0,208.8541003264145,208.2709917686193,-8.254100326414509
59.4978,59.4978,223.0,208.85619673928758,208.27517883309113,-2.2561967392875815
59.5173,59.5173,205.0,208.8583418138216,208.2793997558619,-20.258341813821595
59.5367,59.5367,206.0,208.86050919330475,208.28361806329627,-19.26050919330475
59.5562,59.5562,198.0,208.86274979118332,208.28790606429416,-27.262749791183317
59.5756,59.5756,209.0,208.86501223951703,208.29219103756344,-16.265012239517027
59.5951,59.5951,215.0,208.86734710743912,208.2965449005339,-10.267347107439114
59.6145,59.6145,230.0,208.86970243435863,208.30089507526083,4.730297565641372
59.634,59.634,226.0,208.87212978871122,208.30531332651472,0.7278702112887814
59.6535,59.6535,200.0,208.8746024992222,208.30976349977857,-25.27460249922219
59.6729,59.6729,217.0,208.87709512232124,208.31420989077975,-8.277095122321235
59.6924,59.6924,223.0,208.87965912924764,208.31872420181253,-2.2796591292476407
59.7118,59.7118,190.0,208.88224302785582,208.32323499230262,-35.28224302785582
59.7313,59.7313,204.0,208.884898598248,208.3278139929547,-21.284898598247985
59.7507,59.7507,193.0,208.88757362413534,208.3323899748844,-32.28757362413534
59.7702,59.7702,224.0,208.8903205573566,208.33703415258245,-1.2903205573566012
59.7897,59.7897,211.0,208.89311278991343,208.34171075702707,-14.29311278991343
59.8091,59.8091,221.0,208.89592462026962,208.3463844577132,-4.2959246202696235
59.8286,59.8286,198.0,208.89880737066719,208.3511261263293,-27.298807370667184
59.848,59.848,218.0,208.9017099679102,208.35586532026494,-7.301709967910192
59.8675,59.8675,230.0,208.90468392208865,208.36067268855965,4.69531607791135
59.8869,59.8869,204.0,208.90767754614117,208.3654780470973,-21.30767754614117
59.9064,59.9064,212.0,208.910742870248,208.3703521188249,-13.310742870247985
59.9259,59.9259,232.0,208.91385452753482,208.37526012299176,6.686145472465178
59.9453,59.9453,220.0,208.9169865962053,208.3801675879351,-5.316986596205304
59.9648,59.9648,206.0,208.92019194445254,208.38514505547838,-19.32019194445254
59.9842,59.9842,202.0,208.92341920581856,208.39012355307744,-23.32341920581856
60.0037,60.0037,221.0,208.92672063015596,208.39517348177304,-4.326720630155954
60.0231,60.0231,204.0,208.9300455087224,208.40022603721468,-21.3300455087224
60.0426,60.0426,190.0,208.93344595431952,208.40535144138212,-35.33344595431952
60.0621,60.0621,182.0,208.93689706321882,208.41051578019025,-43.33689706321882
60.0815,60.0815,222.0,208.9403732010755,208.41568518825048,-3.3403732010754865
60.101,60.101,184.0,208.94392666694756,208.42092892019303,-41.34392666694756
60.1204,60.1204,226.0,208.9475059485095,208.42617857479277,0.6524940514904998
60.1399,60.1399,212.0,208.95116258448476,208.43150301910188,-13.351162584484761
60.1593,60.1593,196.0,208.95484549446,208.43683402866947,-29.354845494459987
60.1788,60.1788,195.0,208.95860640691623,208.44224045322815,-30.35860640691623
60.1983,60.1983,212.0,208.9624195962393,208.44768829762612,-13.362419596239299
60.2177,60.2177,216.0,208.96625965546562,208.4531436793677,-9.366259655465619
60.2372,60.2372,184.0,208.97017798179652,208.4586748000464,-41.37017798179652
60.2566,60.2566,199.0,208.97412339668668,208.46421400194725,-26.374123396686677
60.2761,60.2761,210.0,208.9781470537734,208.46982902874814,-15.378147053773397
60.2955,60.2955,223.0,208.98219718268996,208.47545209824838,-2.382197182689957
60.315,60.315,213.0,208.98632550845096,208.48115060424595,-12.386325508450959
60.3345,60.3345,202.0,208.99050582189204,208.48689081872217,-23.39050582189204
60.3539,60.3539,214.0,208.99471275696712,208.4926393461893,-11.394712756967117
60.3734,60.3734,224.0,208.9989976179411,208.4984633394719,-1.3989976179410846
60.3928,60.3928,210.0,209.00330876960925,208.5042959575472,-15.403308769609247
60.4123,60.4123,213.0,209.00769831721982,208.51020433803419,-12.407698317219818
60.4317,60.4317,205.0,209.012114971971,208.51612212113977,-20.412114971970986
60.4512,60.4512,232.0,209.01661003382307,208.52211625915737,6.583389966176931
60.4706,60.4706,192.0,209.0211332665135,208.52812069314967,-33.421133266513486
60.4901,60.4901,207.0,209.0257354876141,208.5342022727191,-18.425735487614098
60.5096,60.5096,199.0,209.03039206915466,208.54032819778558,-26.430392069154657
60.529,60.529,212.0,209.03507761515024,208.54646593361355,-13.435077615150242
60.5485,60.5485,214.0,209.0398430505078,208.55268160979858,-11.439843050507811
60.5679,60.5679,239.0,209.04463809727523,208.55890980380124,13.555361902724776
60.5874,60.5874,174.0,209.0495136927758,208.56521649222438,-51.4495136927758
60.6068,60.6068,212.0,209.05441954305826,208.57153671943558,-13.454419543058258
60.6263,60.6263,200.0,209.05940647252044,208.57793589415937,-25.459406472520435
60.6458,60.6458,209.0,209.0644488990967,208.584381465558,-16.464448899096702
60.6652,60.6652,210.0,209.06952182053942,208.590841067508,-15.46952182053942
60.6847,60.6847,185.0,209.07467576586035,208.5973796598122,-40.47467576586035
60.7041,60.7041,219.0,209.07986012455154,208.60393257216265,-6.479860124551543
60.7236,60.7236,201.0,209.0851254082416,208.6105642357077,-24.485125408241593
60.743,60.743,216.0,209.09042045673786,208.6172101175639,-9.490420456737859
60.7625,60.7625,202.0,209.09579618908268,208.62393441745218,-23.495796189082675
60.782,60.782,216.0,209.10122676546732,208.6307048910511,-9.501226765467315
60.8014,60.8014,211.0,209.10668718399918,208.63748950622298,-14.506687183999183
60.8209,60.8209,191.0,209.11222738937843,208.64435216328536,-34.51222738937843
60.8403,60.8403,214.0,209.1177973827443,208.6512291145273,-11.517797382744298
60.8598,60.8598,197.0,209.1234470483719,208.6581838122359,-28.5234470483719
60.8792,60.8792,200.0,209.12912605882468,208.66515266348503,-25.52912605882468
60.8987,60.8987,212.0,209.134883947752,208.67219877943992,-13.534883947752
60.9182,60.9182,191.0,209.14069562168942,208.67929012181915,-34.540695621689416
60.9376,60.9376,218.0,209.14653578821273,208.68639498788085,-7.546535788212729
60.9571,60.9571,208.0,209.15245372638708,208.69357581300616,-17.55245372638708
60.9765,60.9765,216.0,209.1583991329432,208.70076946088335,-9.558399132943201
60.996,60.996,206.0,209.16442133402165,208.70803820227258,-19.564421334021652
61.0154,61.0154,198.0,209.17047033289901,208.71531928680156,-27.570470332899013
61.0349,61.0349,203.0,209.17659551671014,208.7226747724071,-22.576595516710135
61.0544,61.0544,233.0,209.18277162567583,208.73007304720758,7.417228374324175
61.0738,61.0738,233.0,209.18897335094078,208.73748273007163,7.411026649059217
61.0933,61.0933,198.0,209.19524969932323,208.74496546681533,-27.595249699323226
61.1127,61.1127,220.0,209.20155136760863,208.75245942675102,-5.601551367608629
61.1322,61.1322,208.0,209.20792741305004,208.76002604549456,-17.607927413050042
61.1516,61.1516,195.0,209.21432838652876,208.7676038067912,-30.61432838652876
61.1711,61.1711,214.0,209.22080344795026,208.77525399960402,-11.620803447950259
61.1906,61.1906,190.0,209.22732795017896,208.7829457279501,-35.62732795017896
61.21,61.21,208.0,209.23387689113625,208.79064846154287,-17.633876891136246
61.2295,61.2295,193.0,209.2404988564339,208.79842275471668,-32.6404988564339
61.2489,61.2489,218.0,209.24714502049792,208.80620752853105,-7.647145020497923
61.2684,61.2684,207.0,209.25386324499803,208.81406286686925,-18.65386324499803
61.2878,61.2878,234.0,209.26060425108838,208.82192792557427,8.33939574891162
61.3073,61.3073,205.0,209.26741669553394,208.8298626039093,-20.667416695533937
61.3268,61.3268,213.0,209.2742756069067,208.83783649773542,-12.674275606906711
61.3462,61.3462,247.0,209.28115658468818,208.84581946385714,21.318843415311825
61.3657,61.3657,231.0,209.28810785943799,208.85387117379295,5.311892140562016
61.3851,61.3851,204.0,209.29508107409112,208.86193175617677,-21.695081074091114
61.4046,61.4046,234.0,209.30212402443107,208.8700608258795,8.297875975568935
61.424,61.424,209.0,209.30918864594264,208.87819897166048,-16.70918864594264
61.4435,61.4435,193.0,209.31632369771816,208.88640565339088,-32.71632369771816
61.463,61.463,189.0,209.32350479570894,208.89465140662512,-36.72350479570894
61.4824,61.4824,209.0,209.3307077597197,208.90290688650344,-16.7307077597197
61.5019,61.5019,198.0,209.3379808138134,208.91123071195025,-27.7379808138134
61.5213,61.5213,178.0,209.34527562967318,208.91956402692261,-47.74527562967318
61.5408,61.5408,181.0,209.35263951801525,208.92796504501396,-44.75263951801525
61.5602,61.5602,203.0,209.36002426530186,208.9363747313657,-22.76002426530186
61.5797,61.5797,202.0,209.36747645192617,208.94485031616185,-23.767476451926164
61.5992,61.5992,212.0,209.3749711202554,208.95336160389914,-13.774971120255394
61.6186,61.6186,218.0,209.38248327206588,208.96187862971283,-7.782483272065882
61.6381,61.6381,210.0,209.39005948149878,208.9704580900674,-15.79005948149878
61.6575,61.6575,205.0,209.39765132562655,208.9790414185387,-20.797651325626553
61.677,61.677,215.0,209.40530490857594,208.9876851535006,-10.805304908575941
61.6964,61.6964,215.0,209.41297244586139,208.9963310210956,-10.812972445861384
61.7159,61.7159,201.0,209.42069980113297,209.00503530561244,-24.820699801132967
61.7354,61.7354,211.0,209.4284625092418,209.0137685959574,-14.828462509241795
61.7548,61.7548,213.0,209.43623652069928,209.02250170238983,-12.83623652069928
61.7743,61.7743,204.0,209.44406765432464,209.03129048992227,-21.84406765432464
61.7937,61.7937,207.0,209.45190834103062,209.04007762854113,-18.851908341030615
61.8132,61.8132,205.0,209.45980443349512,209.04891869093822,-20.85980443349512
61.8326,61.8326,227.0,209.46770852977863,209.05775659406362,1.132291470221368
61.8521,61.8521,213.0,209.47566619941358,209.06664655744802,-12.87566619941358
61.8716,61.8716,212.0,209.48365332470925,209.0755598275017,-13.88365332470925
61.891,61.891,210.0,209.49164630201952,209.08446801863332,-15.891646302019517
61.9105,61.9105,221.0,209.49969075905435,209.09342620187155,-4.899690759054344
61.9299,61.9299,204.0,209.50773980242988,209.1023783644453,-21.90773980242988
61.9494,61.9494,200.0,209.51583936606016,209.1113794457119,-25.915839366060162
61.9688,61.9688,236.0,209.52394285332247,209.1203738461042,10.076057146677535
61.9883,61.9883,200.0,209.5320955313372,209.1294160521744,-25.932095531337204
62.0078,62.0078,197.0,209.54027415406625,209.13847815570554,-28.940274154066252
62.0272,62.0272,214.0,209.5484554731568,209.14753246301882,-11.948455473156791
62.0467,62.0467,204.0,209.55668442995898,209.15663293166918,-21.956684429958976
62.0661,62.0661,230.0,209.56491495807197,209.1657246503546,4.035085041928035
62.0856,62.0856,245.0,209.57319170488992,209.17486128927527,19.02680829511008
62.105,62.105,227.0,209.58146929308867,209.1839884127527,1.0185307069113279
62.1245,62.1245,224.0,209.58979233460718,209.19315963572814,-1.9897923346071806
62.144,62.144,216.0,209.59813810412192,209.20234785019025,-9.998138104121914
62.1634,62.1634,212.0,209.6064845603038,209.21152644306082,-14.00648456030381
62.1829,62.1829,234.0,209.6148762001088,209.22074904009062,7.9851237998912055
62.2023,62.2023,214.0,209.6232687531106,209.22996256118793,-12.023268753110607
62.2218,62.2218,201.0,209.63170721035488,209.23922055624678,-25.031707210354874
62.2412,62.2412,226.0,209.64014741633628,209.24847052126663,-0.040147416336274944
62.2607,62.2607,243.0,209.64863427659847,209.2577656783155,16.95136572340153
62.2802,62.2802,194.0,209.65714610450084,209.26708016737234,-32.05714610450084
62.2996,62.2996,208.0,209.66566144639785,209.27638850900615,-18.065661446397847
62.3191,62.3191,183.0,209.67422478474973,209.28574354448534,-43.074224784749724
62.3385,62.3385,197.0,209.68279271540922,209.29509356733143,-29.08279271540922
62.358,62.358,181.0,209.6914094552258,209.30449080037315,-45.091409455225794
62.3774,62.3774,211.0,209.70003072431294,209.31388341997763,-15.100030724312937
62.3969,62.3969,218.0,209.7087004244003,209.32332287328185,-8.10870042440029
62.4164,62.4164,205.0,209.71739619683513,209.3327830245924,-21.117396196835124
62.4358,62.4358,213.0,209.72609620977417,209.34223817471,-13.126096209774168
62.4553,62.4553,196.0,209.7348437513108,209.35173940883507,-30.13484375131079
62.4747,62.4747,205.0,209.74359538759816,209.36123554906325,-21.14359538759816
62.4942,62.4942,183.0,209.75239408858664,209.37077727494716,-43.15239408858664
62.5136,62.5136,206.0,209.76119625193647,209.38031354581133,-20.161196251936467
62.5331,62.5331,204.0,209.77004464570263,209.38989438237866,-22.170044645702625
62.5526,62.5526,202.0,209.7789167334183,209.3994938375959,-24.178916733418298
62.572,62.572,227.0,209.78779073232033,209.40908623644057,0.8122092676796697
62.5915,62.5915,205.0,209.79670858341038,209.4187209698863,-21.196708583410377
62.6109,62.6109,199.0,209.8056270404882,209.42834755362654,-27.20562704048819
62.6304,62.6304,172.0,209.81458796071678,209.43801522260608,-54.21458796071678
62.6498,62.6498,199.0,209.82354844703434,209.4476736676019,-27.22354844703434
62.6693,62.6693,226.0,209.8325495713936,209.4573712569833,-0.2325495713935979
62.6888,62.6888,204.0,209.84156897880263,209.46708199579135,-22.241568978802626
62.7082,62.7082,192.0,209.85058444450385,209.47678040969205,-34.25058444450385
62.7277,62.7277,226.0,209.8596371271567,209.48651441862967,-0.25963712715670084
62.7471,62.7471,195.0,209.8686838391343,209.49623393117912,-31.26868383913429
62.7666,62.7666,231.0,209.87776501148994,209.50598654544126,4.72223498851006
62.786,62.786,218.0,209.886838095941,209.51572253316664,-8.286838095940986
62.8055,62.8055,199.0,209.89594323132349,209.52548922013227,-27.295943231323484
62.825,62.825,219.0,209.90505902942758,209.5352614974694,-7.305059029427575
62.8444,62.8444,217.0,209.91416370802185,209.54501447240983,-9.314163708021844
62.8639,62.8639,181.0,209.92329758200464,209.55479511576004,-45.323297582004635
62.8833,62.8833,204.0,209.9324187711908,209.56455496471364,-22.33241877119081
62.9028,62.9028,220.0,209.9415671385513,209.5743404413211,-6.341567138551305
62.9222,62.9222,208.0,209.95070072319874,209.5841030326797,-18.350700723198734
62.9417,62.9417,212.0,209.95985923766216,209.59388892188372,-14.359859237662157
62.9612,62.9612,176.0,209.96902101822266,209.603673453423,-50.36902101822266
62.9806,62.9806,218.0,209.97816526277958,209.61343234600162,-8.378165262779582
63.0001,63.0001,182.0,209.98733074604618,209.62321094549333,-44.38733074604618
63.0195,63.0195,240.0,209.9964757914783,209.63296147098646,13.603524208521698
63.039,63.039,215.0,210.0056394631605,209.6427287399537,-11.40563946316049
63.0584,63.0584,204.0,210.01477984909363,209.65246509276673,-22.414779849093627
63.0779,63.0779,209.0,210.0239355857612,209.66221520489984,-17.423935585761193
63.0974,63.0974,221.0,210.03308526406684,209.67195459240503,-5.43308526406684
63.1168,63.1168,224.0,210.04220776154432,209.68165911151385,-2.442207761544317
63.1363,63.1363,176.0,210.05134129712533,209.69137304863523,-50.45134129712533
63.1557,63.1557,211.0,210.0604452630316,209.70104993890692,-15.460445263031595
63.1752,63.1752,195.0,210.06955765158602,209.71073352877423,-31.469557651586022
63.1946,63.1946,197.0,210.07863778793285,209.72037733014184,-29.478637787932847
63.2141,63.2141,226.0,210.0877229410535,209.73002463053643,-0.487722941053498
63.2336,63.2336,190.0,210.09679201107477,209.7396512133569,-36.49679201107477
63.253,63.253,211.0,210.1058241632922,209.74923339110748,-15.505824163292196
63.2725,63.2725,185.0,210.11485602312214,209.75881379172696,-41.51485602312214
63.2919,63.2919,208.0,210.1238475704606,209.76834647317875,-18.52384757046061
63.3114,63.3114,215.0,210.13283508053624,209.77787348201102,-11.532835080536238
63.3308,63.3308,201.0,210.14177824112215,209.7873489265322,-25.541778241122152
63.3503,63.3503,212.0,210.1507133536664,209.79681459520486,-14.550713353666389
63.3697,63.3697,208.0,210.1596002831366,209.80622492309138,-18.559600283136596
63.3892,63.3892,259.0,210.16847506881695,209.8156213198464,32.431524931183056
63.4087,63.4087,201.0,210.177316529691,209.82498007691655,-25.57731652969101
63.4281,63.4281,196.0,210.18610409658496,209.83427782458767,-30.586104096584954
63.4476,63.4476,210.0,210.19487330417206,209.8435553789402,-16.59487330417206
63.467,63.467,217.0,210.2035841378618,209.85276782130998,-9.603584137861809
63.4865,63.4865,213.0,210.21227212140144,209.8619555027319,-13.612272121401439
63.5059,63.5059,222.0,210.22089792541854,209.8710739642486,-4.620897925418539
63.5254,63.5254,197.0,210.2294962685488,209.8801633783177,-29.629496268548785
63.5449,63.5449,234.0,210.23804696278825,209.88920072834847,7.361953037211755
63.5643,63.5643,230.0,210.24652961207337,209.89816319949537,3.3534703879266274
63.5838,63.5838,234.0,210.25497905886317,209.9070906728472,7.345020941136831
63.6032,63.6032,248.0,210.26335705505622,209.91594001843396,21.336642944943783
63.6227,63.6227,211.0,210.27169879007835,209.92475118476085,-15.671698790078345
63.6421,63.6421,223.0,210.27996645851613,209.93348160153684,-3.6799664585161267
63.6616,63.6616,230.0,210.28819490874199,209.9421709360544,3.311805091258016
63.6811,63.6811,210.0,210.29636471746431,209.95079745404192,-16.696364717464313
63.7005,63.7005,212.0,210.3044572845993,209.9593399737799,-14.704457284599293
63.72,63.72,202.0,210.3125071467716,209.9678380519436,-24.712507146771593
63.7394,63.7394,209.0,210.32047788307227,209.97625044286525,-17.72047788307227
63.7589,63.7589,207.0,210.32840402139996,209.98461632848694,-19.72840402139996
63.7783,63.7783,209.0,210.33624912051351,209.99289473407723,-17.736249120513513
63.7978,63.7978,198.0,210.344047543826,210.00112449021458,-28.744047543826007
63.8173,63.8173,222.0,210.35178060915217,210.00928465269297,-4.751780609152171
63.8367,63.8367,216.0,210.35942967847922,210.01735449436245,-10.759429678479215
63.8562,63.8562,225.0,210.36702872211396,210.02537237180695,-1.767028722113956
63.8756,63.8756,214.0,210.37454212369053,210.03329827831354,-12.77454212369053
63.8951,63.8951,223.0,210.38200385708234,210.04117050454667,-3.782003857082337
63.9145,63.9145,219.0,210.3893787742182,210.0489496397846,-7.789378774218186
63.934,63.934,217.0,210.39670073568053,210.0566738658519,-9.796700735680524
63.9535,63.9535,201.0,210.40395239900857,210.0643235065413,-25.803952399008573
63.9729,63.9729,209.0,210.41111627984958,210.07187933171377,-17.81111627984958
63.9924,63.9924,193.0,210.41822626653567,210.07937914362984,-33.81822626653567
64.0118,64.0118,229.0,210.42524805899663,210.08678470300265,2.1747519410033718
64.0313,64.0313,232.0,210.4322150285576,210.0941332878874,5.167784971442394
64.0507,64.0507,209.0,210.43909313088736,210.101387028202,-17.839093130887356
64.0702,64.0702,219.0,210.44591594825357,210.10858327579408,-7.84591594825357
64.0897,64.0897,217.0,210.45266652294058,210.11570321483234,-9.852666522940574
64.1091,64.1091,221.0,210.459328382105,210.12272850019806,-5.859328382105012
64.1286,64.1286,213.0,210.46593492892038,210.12969619660262,-13.865934928920375
64.148,64.148,229.0,210.4724532903671,210.13656988623555,2.1275467096329024
64.1675,64.1675,183.0,210.4789167279291,210.14338648795732,-43.87891672792909
64.1869,64.1869,209.0,210.48529318124002,210.15011019488037,-17.885293181240023
64.2064,64.2064,224.0,210.49161543217997,210.15677748253003,-2.891615432179968
64.2259,64.2259,213.0,210.4978675293068,210.16337047714515,-13.8978675293068
64.2453,64.2453,194.0,210.50403361160454,210.16987183009718,-32.90403361160454
64.2648,64.2648,231.0,210.5101465819876,210.17631773180634,4.089853418012389
64.2842,64.2842,210.0,210.51617470913746,210.1826730005397,-16.916174709137458
64.3037,64.3037,204.0,210.5221503281225,210.18897351562313,-22.922150328122505
64.3231,64.3231,195.0,210.52804227870678,210.19518467322763,-31.928042278706776
64.3426,64.3426,205.0,210.53388277469193,210.20134196732627,-21.93388277469193
64.3621,64.3621,201.0,210.53965622255942,210.20742820213786,-25.939656222559414
64.3815,64.3815,197.0,210.54534731099332,210.21342648928623,-29.94534731099332
64.401,64.401,196.0,210.5509874645544,210.2193715027011,-30.950987464554395
64.4204,64.4204,200.0,210.5565457733083,210.2252290238251,-26.9565457733083
64.4399,64.4399,227.0,210.56205303487062,210.2310330872375,0.037946965129386
64.4593,64.4593,211.0,210.56747821071363,210.23674957121875,-15.96747821071363
64.4788,64.4788,185.0,210.5728521393252,210.24241225796925,-41.97285213932519
64.4983,64.4983,232.0,210.57815926821422,210.2480042691551,5.02184073178578
64.5177,64.5177,202.0,210.58338439440158,210.2535087948392,-24.983384394401575
64.5372,64.5372,209.0,210.58855781772945,210.25895904549583,-17.98855781772945
64.5566,64.5566,208.0,210.59364914793647,210.26432185471364,-18.993649147936473
64.5761,64.5761,210.0,210.59868841630782,210.26963000795408,-16.99868841630782
64.5955,64.5955,211.0,210.60364557322023,210.27485068934203,-16.003645573220233
64.615,64.615,194.0,210.60855035962683,210.28001634288273,-33.00855035962683
64.6345,64.6345,235.0,210.61338768973624,210.28511059774073,7.986612310263759
64.6539,64.6539,176.0,210.61814272087585,210.29011726112006,-51.01814272087585
64.6734,64.6734,214.0,210.6228447920655,210.29506828713357,-13.022844792065506
64.6928,64.6928,224.0,210.62746413415215,210.29993140731094,-3.0274641341521473
64.7123,64.7123,207.0,210.63202958381305,210.3047378960273,-20.03202958381305
64.7317,64.7317,213.0,210.63651203155692,210.3094560797535,-14.036512031556917
64.7512,64.7512,220.0,210.640939849515,210.31411703682798,-7.040939849515006
64.7707,64.7707,194.0,210.6452986475647,210.31870490878114,-33.045298647564685
64.7901,64.7901,215.0,210.64957421310748,210.3232043265312,-12.049574213107483
64.8096,64.8096,240.0,210.65379459195353,210.3276458491752,12.946205408046474
64.829,64.829,244.0,210.65793149098425,210.33199875955103,16.942068509015748
64.8485,64.8485,236.0,210.66201301114396,210.33629345116907,8.937986988856046
64.8679,64.8679,215.0,210.66601119987556,210.34049973373718,-12.066011199875554
64.8874,64.8874,224.0,210.6699541444947,210.3446478781994,-3.0699541444947087
64.9069,64.9069,218.0,210.67382824822786,210.34872310467696,-9.073828248227862
64.9263,64.9263,205.0,210.6776201260172,210.3527111657959,-22.077620126017187
64.9458,64.9458,202.0,210.68135791356391,210.35664216339686,-25.081357913563913
64.9652,64.9652,214.0,210.68501479368567,210.36048729173365,-13.085014793685666
64.9847,64.9847,209.0,210.68861847369996,210.3642761741598,-18.08861847369996
65.0041,65.0041,194.0,210.69214237088903,210.36798034691054,-33.09214237088903
65.0236,65.0236,213.0,210.69561396492986,210.37162914641024,-14.09561396492986
65.0431,65.0431,184.0,210.6990201594084,210.37520847618495,-43.099020159408404
65.0625,65.0625,218.0,210.70234802559537,210.3787046501389,-9.102348025595369
65.082,65.082,219.0,210.705624244962,210.3821460503036,-8.105624244961994
65.1014,65.1014,195.0,210.7088227266115,210.38550480454873,-32.108822726611486
65.1209,65.1209,213.0,210.71197002962177,210.38880917227397,-14.111970029621766
65.1403,65.1403,207.0,210.71504008218582,210.39203159893282,-20.11504008218582
65.1598,65.1598,199.0,210.71805930701387,210.39519987526805,-28.118059307013873
65.1793,65.1793,204.0,210.72101486741673,210.3983003927738,-23.121014867416726
65.1987,65.1987,218.0,210.72389401943622,210.40131978651456,-9.123894019436214
65.2182,65.2182,206.0,210.72672242997115,210.40428511930853,-21.126722429971146
65.2376,65.2376,195.0,210.729474926941,210.4071697079378,-32.12947492694101
65.2571,65.2571,201.0,210.73217671463732,210.4100003367833,-26.132176714637318
65.2765,65.2765,212.0,210.73480272574423,210.4127504870687,-15.13480272574423
65.296,65.296,202.0,210.7373779633875,210.41544632907033,-25.1373779633875
65.3155,65.3155,220.0,210.73988971312102,210.41807457820477,-7.139889713121015
65.3349,65.3349,226.0,210.7423253914456,210.42062223080129,-1.1423253914456026
65.3544,65.3544,224.0,210.74470983760324,210.42311501297638,-3.144709837603237
65.3738,65.3738,212.0,210.74701857327776,210.42552750378582,-15.147018573277755
65.3933,65.3933,223.0,210.74927631148412,210.42788543873786,-4.1492763114841225
65.4127,65.4127,216.0,210.75145927309663,210.43016397427516,-11.151459273096627
65.4322,65.4322,211.0,210.75359207450688,210.43238869263277,-16.153592074506882
65.4517,65.4517,218.0,210.75566326453475,210.43454765986712,-9.155663264534745
65.4711,65.4711,207.0,210.7576616998667,210.43662933229868,-20.1576616998667
65.4906,65.4906,180.0,210.75961183691714,210.4386589790652,-47.15961183691714
65.51,65.51,241.0,210.76149099037215,210.44061303568822,13.838509009627849
65.5295,65.5295,221.0,210.76332278573236,210.4425160468986,-6.163322785732355
65.5489,65.5489,220.0,210.76508468891578,210.44434456367767,-7.165084688915776
65.5684,65.5684,225.0,210.76680039935798,210.44612301224242,-2.1668003993579745
65.5879,65.5879,194.0,210.7684589895014,210.4478402462799,-33.168458989501396
65.6073,65.6073,216.0,210.77005034833496,210.44948566736468,-11.17005034833496
65.6268,65.6268,222.0,210.77159780006153,210.45108330233572,-5.171597800061527
65.6462,65.6462,211.0,210.77307976400348,210.45261098622092,-16.173079764003482
65.6657,65.6657,227.0,210.77451970138424,210.4540926279621,-0.17451970138423434
65.6851,65.6851,236.0,210.77589645065314,210.45550661043822,8.824103549346866
65.7046,65.7046,218.0,210.77723337629436,210.45687670901788,-9.17723337629436
65.7241,65.7241,226.0,210.77852088077978,210.45819306876402,-1.1785208807797787
65.7435,65.7435,187.0,210.7797496291591,210.45944631023244,-40.17974962915911
65.763,65.763,203.0,210.78094319987423,210.46066014188708,-24.18094319987423
65.7824,65.7824,213.0,210.78208140483997,210.46181427447115,-14.18208140483997
65.8019,65.8019,188.0,210.7831872175606,210.46293172611846,-39.183187217560594
65.8213,65.8213,197.0,210.7842408114486,210.46399255705063,-30.184240811448596
65.8408,65.8408,196.0,210.78526443971907,210.4650192268565,-31.18526443971907
65.8603,65.8603,224.0,210.78624877499502,210.46600216151745,-3.186248774995015
65.8797,65.8797,194.0,210.78718440258046,210.46693200048037,-33.18718440258046
65.8992,65.8992,221.0,210.78809315294149,210.46783054227257,-6.188093152941484
65.9186,65.9186,238.0,210.7889553344559,210.46867822130264,10.81104466554411
65.9381,65.9381,201.0,210.7897925819787,210.46949644186046,-26.1897925819787
65.9575,65.9575,220.0,210.79058582032584,210.47026629251647,-7.190585820325843
65.977,65.977,184.0,210.79135634773078,210.47100886525197,-43.19135634773078
65.9965,65.9965,228.0,210.79209526598268,210.4717154069304,0.8079047340173204
66.0159,66.0159,225.0,210.79279390614826,210.47237723466512,-2.1927939061482604
66.0354,66.0354,241.0,210.7934729766487,210.47301493743953,13.8065270233513
66.0548,66.0548,213.0,210.79411435689562,210.4736106571183,-14.194114356895618
66.0743,66.0743,222.0,210.79473911190152,210.4741848999162,-5.194739111901519
66.0937,66.0937,229.0,210.79532930582684,210.47472032380713,1.8046706941731614
66.1132,66.1132,194.0,210.79590588843217,210.4752372787412,-33.19590588843217
66.1326,66.1326,204.0,210.7964516435545,210.47571915522516,-23.19645164355449
66.1521,66.1521,195.0,210.79698730966766,210.47618597204303,-32.196987309667655
66.1716,66.1716,219.0,210.79750500901525,210.47663018191025,-8.197505009015252
66.191,66.191,221.0,210.79799700173896,210.47704444133652,-6.197997001738962
66.2105,66.2105,209.0,210.79848353779101,210.47744812466271,-18.198483537791013
66.2299,66.2299,243.0,210.79894786961893,210.47782541525237,15.801052130381073
66.2494,66.2494,175.0,210.79941006484916,210.47819547192233,-52.199410064849154
66.2688,66.2688,199.0,210.7998540852477,210.47854292069817,-28.199854085247686
66.2883,66.2883,203.0,210.8002990101065,210.47888622057877,-24.200299010106498
66.3078,66.3078,219.0,210.80073739401203,210.47921812992973,-8.20073739401203
66.3272,66.3272,203.0,210.80116170603057,210.47953170803842,-24.201161706030568
66.3467,66.3467,217.0,210.80159091878173,210.47984480462495,-10.201590918781726
66.3661,66.3661,203.0,210.80200886512316,210.48014243605692,-24.202008865123155
66.3856,66.3856,194.0,210.80243437216262,210.48044211842742,-33.20243437216262
66.405,66.405,206.0,210.80285159109812,210.48072926960955,-21.202851591098117
66.4245,66.4245,216.0,210.80327877089226,210.48102079636314,-11.203278770892261
66.444,66.444,221.0,210.80370848908598,210.48130991875817,-6.203708489085976
66.4634,66.4634,234.0,210.80413372309306,210.48159031425146,6.795866276906942
66.4829,66.4829,212.0,210.8045724099492,210.48187854157425,-15.2045724099492
66.5023,66.5023,220.0,210.80500976486385,210.48216116405797,-7.205009764863853
66.5218,66.5218,241.0,210.80546381376223,210.48245460919966,13.794536186237771
66.5412,66.5412,209.0,210.80592000328258,210.48274598519606,-18.20592000328258
66.5607,66.5607,181.0,210.80639633960183,210.48305158310424,-46.20639633960183
66.5802,66.5802,218.0,210.80688658798184,210.48336597698562,-9.206886587981835
66.5996,66.5996,215.0,210.8073844976613,210.48368377895747,-12.207384497661302
66.6191,66.6191,213.0,210.80790746349396,210.4840205134332,-14.20790746349396
66.6385,66.6385,199.0,210.80844156913213,210.48436417172357,-28.208441569132127
66.658,66.658,195.0,210.80900405502697,210.4847300400692,-32.20900405502697
66.6774,66.6774,236.0,210.80958135811628,210.4851064176322,8.790418641883726
66.6969,66.6969,215.0,210.81019009413825,210.48550794425736,-12.210190094138248
66.7164,66.7164,205.0,210.8108243088571,210.48592964680336,-22.21082430885709
66.7358,66.7358,216.0,210.81147839753032,210.48636699920309,-11.211478397530321
66.7553,66.7553,171.0,210.81216902449393,210.48683429419222,-56.212169024493924
66.7747,66.7747,182.0,210.81288308623257,210.4873208883807,-45.21288308623257
66.7942,66.7942,228.0,210.81363669932182,210.48784034292856,0.7863633006781825
66.8136,66.8136,224.0,210.814416368245,210.48838161388127,-3.21441636824499
66.8331,66.8331,192.0,210.81523768468193,210.4889577801202,-35.21523768468193
66.8526,66.8526,202.0,210.81609491910373,210.4895642523102,-25.216094919103732
66.872,66.872,202.0,210.8169822085351,210.49019661275693,-25.216982208535107
66.8915,66.8915,190.0,210.81791483865948,210.4908672848352,-37.217914838659475
66.9109,66.9109,239.0,210.81887995427508,210.49156617735656,11.781120045724926
66.9304,66.9304,225.0,210.81989199643795,210.49230504249041,-2.219891996437944
66.9498,66.9498,236.0,210.82093853406576,210.49307406358386,8.779061465934241
66.9693,66.9693,217.0,210.82203422461797,210.49388493564092,-10.222034224617964
66.9888,66.9888,194.0,210.8231735386674,210.49473362405814,-33.22317353866739
67.0082,67.0082,194.0,210.82435133649244,210.4956165659909,-33.22435133649244
67.0277,67.0277,230.0,210.82558198369497,210.4965449990696,2.7744180163050274
67.0471,67.0471,188.0,210.8268537760192,210.49751014290777,-39.22685377601919
67.0666,67.0666,200.0,210.82818073604685,210.4985229020546,-27.228180736046845
67.086,67.086,242.0,210.82955120787383,210.49957483200265,14.770448792126167
67.1055,67.1055,181.0,210.83097869207688,210.50067611743725,-46.23097869207688
67.125,67.125,206.0,210.83245793526527,210.50182306958794,-21.232457935265266
67.1444,67.1444,211.0,210.8339836669733,210.50301204003296,-16.233983666973295
67.1639,67.1639,205.0,210.8355685788171,210.50425237831143,-22.235568578817087
67.1833,67.1833,209.0,210.8372014253382,210.5055362160981,-18.237201425338206
67.2028,67.2028,223.0,210.83889481303575,210.5068725193217,-4.238894813035749
67.2222,67.2222,206.0,210.84063754697442,210.50825375396346,-21.24063754697442
67.2417,67.2417,196.0,210.84244221639364,210.5096886878229,-31.242442216393634
67.2612,67.2612,201.0,210.84430372503837,210.51117405000593,-26.24430372503837
67.2806,67.2806,229.0,210.8462170609133,210.5127067906459,1.7537829390867117
67.3001,67.3001,214.0,210.8481942638964,210.51429484885526,-13.248194263896401
67.3195,67.3195,192.0,210.85022472565555,210.5159317249042,-35.25022472565555
67.339,67.339,210.0,210.85232042834681,210.51762526224934,-17.252320428346813
67.3584,67.3584,216.0,210.85447119126582,210.51936919918668,-11.254471191265814
67.3779,67.3779,242.0,210.85668825963455,210.52117082667647,14.74331174036545
67.3974,67.3974,205.0,210.85896720126902,210.52302746618966,-22.258967201269023
67.4168,67.4168,230.0,210.86130349842225,210.52493689404466,2.7386965015777562
67.4363,67.4363,218.0,210.86370850063497,210.52690597303766,-9.26370850063497
67.4557,67.4557,204.0,210.86617284714703,210.5289297297623,-23.266172847147025
67.4752,67.4752,193.0,210.86870787270766,210.53101497987524,-34.26870787270766
67.4946,67.4946,211.0,210.87130453731228,210.53315717938088,-16.271304537312282
67.5141,67.5141,230.0,210.87397380655398,210.53536253090303,2.7260261934460246
67.5336,67.5336,230.0,210.87671150514728,210.53762915921203,2.723288494852717
67.553,67.553,195.0,210.8795138269381,210.53995577329422,-32.27951382693811
67.5725,67.5725,217.0,210.8823919379719,210.5423484712733,-10.282391937971902
67.5919,67.5919,205.0,210.88533754566978,210.54480374269684,-22.285337545669783
67.6114,67.6114,224.0,210.8883611164273,210.54732725165297,-3.2883611164272892
67.6308,67.6308,218.0,210.89145468116016,210.54991591742296,-9.291454681160154
67.6503,67.6503,197.0,210.8946289847603,210.55257516622072,-30.294628984760287
67.6698,67.6698,234.0,210.89788075080466,210.5553043815369,6.702119249195341
67.6892,67.6892,251.0,210.90120707340944,210.55810318026025,23.698792926590563
67.7087,67.7087,222.0,210.9046184521887,210.56097659922605,-5.304618452188713
67.7281,67.7281,184.0,210.90810754677608,210.56392284846302,-43.30810754677608
67.7476,67.7476,214.0,210.91168495941028,210.5669467644441,-13.311684959410279
67.767,67.767,215.0,210.91534353467077,210.5700467903087,-12.315343534670767
67.7865,67.7865,252.0,210.91909320629358,210.57322716014403,24.68090679370642
67.806,67.806,228.0,210.9229313720549,210.57648798320736,0.677068627945097
67.8254,67.8254,206.0,210.9268556009918,210.57982975344038,-21.326855600991784
67.8449,67.8449,173.0,210.93087601276295,210.5832564415557,-54.33087601276295
67.8643,67.8643,221.0,210.9349860966781,210.586767750152,-6.334986096678101
67.8838,67.8838,205.0,210.9391954500453,210.59036681903305,-22.339195450045302
67.9032,67.9032,233.0,210.9434974477423,210.5940534405622,5.656502552257713
67.9227,67.9227,219.0,210.94790151830193,210.59783048492247,-8.347901518301931
67.9422,67.9422,213.0,210.95240555855275,210.60169877831555,-14.352405558552753
67.9616,67.9616,222.0,210.95700742508473,210.6056596426005,-5.357007425084724
67.9811,67.9811,221.0,210.9617165918166,210.60971576910308,-6.361716591816609
68.0005,68.0005,209.0,210.96652763246163,210.61386837335874,-18.366527632461633
68.02,68.02,190.0,210.97144996870435,210.6181200761126,-37.37144996870435
68.0394,68.0394,191.0,210.97647881098385,210.6224726148883,-36.37647881098385
68.0589,68.0589,225.0,210.98162289023958,210.62692801912902,-2.3816228902395764
68.0784,68.0784,210.0,210.98688058356765,210.6314878124287,-17.386880583567653
68.0978,68.0978,229.0,210.99225029810805,210.6361540758568,1.6077497018919544
68.1173,68.1173,225.0,210.99774088156116,210.6409282698179,-2.3977408815611554
68.1367,68.1367,210.0,211.00334779248382,210.64581303779673,-17.40334779248382
68.1562,68.1562,187.0,211.0090800299475,210.65080986289217,-40.40908002994751
68.1756,68.1756,189.0,211.0149332692905,210.65592196164727,-38.41493326929051
68.1951,68.1951,199.0,211.02091616954286,210.66115020106784,-28.420916169542856
68.2146,68.2146,206.0,211.02702726536677,210.66649687158883,-21.427027265366767
68.234,68.234,230.0,211.03326539753954,210.6719645198829,2.566734602460464
68.2535,68.2535,205.0,211.03963831671712,210.67755306996327,-22.439638316717115
68.2729,68.2729,241.0,211.04614181997687,210.6832662356504,13.553858180023134
68.2924,68.2924,192.0,211.05278408204154,210.68910373673205,-35.45278408204154
68.3118,68.3118,212.0,211.05956076354948,210.6950697136834,-15.459560763549483
68.3313,68.3313,200.0,211.0664798141769,210.7011634127682,-27.466479814176886
68.3508,68.3508,215.0,211.07354012826863,210.7073877328109,-12.473540128268631
68.3702,68.3702,202.0,211.08074042361997,210.71374584025293,-25.48074042361997
68.3897,68.3897,191.0,211.0880884010599,210.72023643327876,-36.488088401059905
68.4091,68.4091,225.0,211.09558000527488,210.7268643109431,-2.4955800052748813
68.4286,68.4286,194.0,211.10322237450708,210.73362750584016,-33.50322237450708
68.448,68.448,181.0,211.11101175726557,210.7405311596914,-46.51101175726557
68.4675,68.4675,234.0,211.11895489886294,210.74757294030547,6.481045101137063
68.487,68.487,198.0,211.12705059544678,210.75475574723552,-29.527050595446774
68.5064,68.5064,192.0,211.13529744103928,210.76208304953002,-35.53529744103928
68.5259,68.5259,194.0,211.14370203938253,210.76955169162005,-33.54370203938253
68.5453,68.5453,211.0,211.15226003657367,210.77716710029424,-16.552260036573664
68.5648,68.5648,191.0,211.16097770125782,210.78492536921974,-36.56097770125782
68.5842,68.5842,193.0,211.1698509011878,210.7928321455337,-34.5698509011878
68.6037,68.6037,206.0,211.17888530624776,210.8008829641287,-21.578885306247763
68.6232,68.6232,206.0,211.1880788325025,210.80908068640022,-21.588078832502497
68.6426,68.6426,226.0,211.19742964271097,210.81742851174855,-1.5974296427109707
68.6621,68.6621,272.0,211.20694292596573,210.82592115999833,44.39305707403427
68.6815,68.6815,203.0,211.21661486399876,210.8345649270379,-24.616614863998755
68.701,68.701,237.0,211.22645043831946,210.84335435331545,9.37354956168054
68.7204,68.7204,213.0,211.23644578189337,210.85229603580794,-14.636445781893364
68.7399,68.7399,189.0,211.24660628026172,210.86138423656453,-38.646606280261715
68.7594,68.7594,194.0,211.25693039016508,210.8706227332616,-33.65693039016508
68.7788,68.7788,199.0,211.26741645272574,210.88001543605856,-28.66741645272574
68.7983,68.7983,196.0,211.2780691330761,210.88955568170718,-31.678069133076086
68.8177,68.8177,197.0,211.28888456859522,210.89925067069072,-30.68888456859522
68.8372,68.8372,204.0,211.29986721959722,210.90909309482566,-23.699867219597216
68.8566,68.8566,209.0,211.31101276329701,210.9190902269539,-18.711012763297013
68.8761,68.8761,214.0,211.32232521509556,210.92923418571905,-13.722325215095559
68.8955,68.8955,219.0,211.33380043033605,210.9395325561507,-8.733800430336053
68.915,68.915,213.0,211.34544238685345,210.94997714753137,-14.745442386853448
68.9345,68.9345,208.0,211.35724948956363,210.960571857906,-19.757249489563627
68.9539,68.9539,235.0,211.36921949671188,210.97132100450608,7.230780503288123
68.9734,68.9734,191.0,211.38135691069596,210.98221599602422,-36.781356910695955
68.9928,68.9928,202.0,211.39365777383819,210.99326575013336,-25.793657773838184
69.0123,69.0123,216.0,211.40612634952421,211.0044612788895,-11.806126349524213
69.0317,69.0317,204.0,211.4187588706301,211.01581156933904,-23.818758870630113
69.0512,69.0512,235.0,211.4315594129918,211.027307262312,7.168440587008213
69.0707,69.0707,198.0,211.4445259257523,211.03895285258034,-29.844525925752286
69.0901,69.0901,231.0,211.45765672647354,211.05075339606054,3.142343273526457
69.1096,69.1096,198.0,211.47095588381384,211.06269897529344,-29.870955883813842
69.129,69.129,191.0,211.48442024624356,211.07479979515935,-36.88442024624356
69.1485,69.1485,216.0,211.49805328831295,211.08704564727176,-11.898053288312944
69.1679,69.1679,200.0,211.51185159912458,211.09944675516033,-27.91185159912458
69.1874,69.1874,206.0,211.52581922452407,211.11199240536277,-21.92581922452407
69.2069,69.2069,225.0,211.53995393561306,211.12468763133487,-2.9399539356130546
69.2263,69.2263,203.0,211.5542536160954,211.13753779859553,-24.954253616095393
69.2458,69.2458,203.0,211.56872296228036,211.150531671833,-24.96872296228036
69.2652,69.2652,179.0,211.58335766623924,211.16368043920968,-48.983357666239236
69.2847,69.2847,227.0,211.59816179258226,211.17697234766814,-0.998161792582259
69.3041,69.3041,223.0,211.6131311532465,211.19041851697972,-5.013131153246512
69.3236,69.3236,212.0,211.62826930183948,211.2040066581706,-16.02826930183948
69.3431,69.3431,205.0,211.64357430605423,211.21774243818285,-23.043574306054232
69.3625,69.3625,194.0,211.65904453080145,211.23163192623554,-34.05904453080145
69.382,69.382,214.0,211.67468391747795,211.24566242160975,-14.074683917477948
69.4014,69.4014,200.0,211.6904879677367,211.25984612089323,-28.090487967736685
69.4209,69.4209,251.0,211.70646095871984,211.274169827579,22.893539041280157
69.4403,69.4403,199.0,211.72259833616394,211.28864605121242,-29.12259833616394
69.4598,69.4598,205.0,211.7389040310464,211.30326113264394,-23.138904031046387
69.4793,69.4793,209.0,211.7553759976843,211.31802102015214,-19.155375997684295
69.4987,69.4987,217.0,211.77201172190908,211.33293197825694,-11.17201172190908
69.5182,69.5182,198.0,211.7888147143237,211.3479796141709,-30.188814714323705
69.5376,69.5376,206.0,211.80578072654254,211.363177285491,-22.205780726542535
69.5571,69.5571,223.0,211.8229134312411,211.3785101853535,-5.222913431241089
69.5765,69.5765,189.0,211.84020874229168,211.39399186091887,-39.24020874229168
69.596,69.596,183.0,211.85766978190807,211.4096072545475,-45.25766978190807
69.6155,69.6155,188.0,211.8752945414759,211.42536272657583,-40.27529454147591
69.6349,69.6349,205.0,211.8930797430597,211.4412646869191,-23.2930797430597
69.6544,69.6544,234.0,211.91102872324822,211.457296704001,5.688971276751779
69.6738,69.6738,207.0,211.92913646175592,211.4734725251419,-21.329136461755915
69.6933,69.6933,231.0,211.94740562288246,211.48977550095702,2.652594377117545
69.7127,69.7127,213.0,211.96583132082563,211.50621991858003,-15.365831320825627
69.7322,69.7322,208.0,211.98441747641834,211.52278894331062,-20.384417476418342
69.7517,69.7517,227.0,212.00316083927493,211.53948937353076,-1.4031608392749249
69.7711,69.7711,211.0,212.02205886002304,211.55632835548437,-17.422058860023036
69.7906,69.7906,212.0,212.0411151420626,211.573288719392,-16.441115142062607
69.81,69.81,214.0,212.06032478109017,211.5903861128283,-14.460324781090172
69.8295,69.8295,216.0,212.07969264709703,211.60760304443932,-12.479692647097032
69.8489,69.8489,198.0,212.09921255728523,211.62495560801253,-30.499212557285226
69.8684,69.8684,213.0,212.11889010962574,211.6424260736011,-15.518890109625737
69.8879,69.8879,219.0,212.13872175164528,211.66002208637406,-9.538721751645276
69.9073,69.9073,209.0,212.15870474186417,211.67775169689858,-19.55870474186417
69.9268,69.9268,215.0,212.17884471013085,211.69559663484256,-13.578844710130845
69.9462,69.9462,213.0,212.19913498867072,211.71357398347243,-15.59913498867072
69.9657,69.9657,209.0,212.21958173027375,211.73166516041798,-19.619581730273744
69.9851,69.9851,195.0,212.24017866084128,211.749887714929,-33.64017866084128
70.0046,70.0046,211.0,212.2609316648653,211.7682227280439,-17.660931664865295
70.0241,70.0241,228.0,212.28183806547005,211.78667853731665,-0.6818380654700533
70.0435,70.0435,216.0,212.3028935708918,211.80526385913927,-12.702893570891796
70.063,70.063,214.0,212.3241051843468,211.8239592607385,-14.72410518434679
70.0824,70.0824,213.0,212.34546595304397,211.84278330037128,-15.745465953043968
70.1019,70.1019,187.0,212.36698300769106,211.8617163026524,-41.76698300769106
70.1213,70.1213,237.0,212.38864917655013,211.88077727554506,8.21135082344987
70.1408,70.1408,205.0,212.41047161209937,211.89994594013072,-23.81047161209937
70.1603,70.1603,222.0,212.4324472587387,211.91923154489683,-6.8324472587387035
70.1797,70.1797,199.0,212.45457175117917,211.93864364233121,-29.854571751179172
70.1992,70.1992,219.0,212.47685363346284,211.9581616664633,-9.876853633462837
70.2186,70.2186,202.0,212.49928411420277,211.97780538503616,-26.899284114202764
70.2381,70.2381,224.0,212.5218719244441,211.99755384211562,-4.921871924444098
70.2575,70.2575,218.0,212.54460892572936,212.0174271775525,-10.944608925729362
70.277,70.277,221.0,212.56750438692524,212.0374041363556,-7.967504386925235
70.2965,70.2965,213.0,212.59055367153476,212.05749481506305,-15.990553671534762
70.3159,70.3159,208.0,212.61375274088607,212.07770980148314,-21.01375274088607
70.3354,70.3354,203.0,212.63711150506685,212.09802755193436,-26.037111505066854
70.3548,70.3548,214.0,212.66062114392628,212.1184695038494,-15.060621143926276
70.3743,70.3743,196.0,212.68429209215836,212.139013637989,-33.08429209215836
70.3937,70.3937,175.0,212.7081146764416,212.15968171198583,-54.108114676441595
70.4132,70.4132,223.0,212.73209952052432,212.18045121808737,-6.132099520524314
70.4327,70.4327,209.0,212.75624122805004,212.20133238501103,-20.156241228050042
70.4521,70.4521,186.0,212.78053475302985,212.22233595200703,-43.18053475302985
70.4716,70.4716,215.0,212.80499174027622,212.24343857675188,-14.20499174027622
70.491,70.491,242.0,212.8295996755065,212.26466216478724,12.770400324493501
70.5105,70.5105,206.0,212.85437104275204,212.28598277506237,-23.254371042752034
70.5299,70.5299,208.0,212.87929328648292,212.30742283911303,-21.27929328648292
70.5494,70.5494,244.0,212.90437898723025,212.32895811169072,14.695621012769756
70.5689,70.5689,238.0,212.92962291962024,212.3505993757982,8.670377080379758
70.5883,70.5883,208.0,212.95501713537683,212.372357857402,-21.355017135376833
70.6078,70.6078,229.0,212.98057624406388,212.39420899506655,-0.3805762440638816
70.6272,70.6272,204.0,213.0062863375148,212.41617626263596,-25.406286337514807
70.6467,70.6467,192.0,213.0321621536013,212.43823490909003,-37.43216215360129
70.6661,70.6661,214.0,213.05819058612653,212.4604088895608,-15.458190586126527
70.6856,70.6856,179.0,213.08438537441072,212.48267279083274,-50.484385374410714
70.7051,70.7051,219.0,213.11074057034222,212.50503818849907,-10.510740570342215
70.7245,70.7245,231.0,213.13724769794763,212.52751663713147,1.4627523020523725
70.744,70.744,199.0,213.1639229981706,212.5500819435658,-30.56392299817059
70.7634,70.7634,213.0,213.1907500705467,212.5727587060879,-16.590750070546697
70.7829,70.7829,211.0,213.21774619265287,212.59552044163897,-18.617746192652866
70.8023,70.8023,195.0,213.2448945205492,212.6183919929125,-34.644894520549194
70.8218,70.8218,190.0,213.27221399472182,212.64134654832267,-39.67221399472182
70.8413,70.8413,220.0,213.29969482685118,212.66439593854636,-9.699694826851179
70.8607,70.8607,196.0,213.32732718558069,212.68755210204344,-33.727327185580684
70.8802,70.8802,205.0,213.3551308001042,212.71078735857535,-24.755130800104205
70.8996,70.8996,198.0,213.3830859719184,212.73412693778175,-31.783085971918403
70.9191,70.9191,213.0,213.41121369420532,212.75754255236518,-16.811213694205314
70.9385,70.9385,226.0,213.4394912603263,212.7810595625864,-3.839491260326291
70.958,70.958,234.0,213.46794136377892,212.80464919339613,4.132058636221082
70.9775,70.9775,223.0,213.49655237817393,212.82832355135758,-6.896552378173929
70.9969,70.9969,189.0,213.52531344426737,212.85209531035503,-40.92531344426737
71.0164,71.0164,238.0,213.5542492998204,212.87593568422463,8.045750700179589
71.0358,71.0358,203.0,213.58333447024665,212.89987120760912,-26.983334470246653
71.0553,71.0553,225.0,213.61259532522703,212.92387265295895,-5.012595325227032
71.0747,71.0747,201.0,213.64200626134866,212.94796699263892,-29.042006261348654
71.0942,71.0942,202.0,213.67159416480766,212.972124707141,-28.071594164807657
71.1137,71.1137,221.0,213.70134787877035,212.99635873317422,-9.101347878770348
71.1331,71.1331,224.0,213.731251863928,213.02068225223698,-6.131251863928007
71.1526,71.1526,211.0,213.76133638951703,213.0450650953222,-19.161336389517025
71.172,71.172,234.0,213.79157267737983,213.0695353159387,3.808427322620169
71.1915,71.1915,215.0,213.82199171836638,213.09406253671435,-15.221991718366375
71.2109,71.2109,223.0,213.85256345234438,213.11867537323073,-7.252563452344383
71.2304,71.2304,210.0,213.88332105922228,213.1433433494722,-20.28332105922228
71.2499,71.2499,214.0,213.91425123667642,213.1680805666811,-16.31425123667642
71.2693,71.2693,224.0,213.94533762989136,213.19290146324857,-6.345337629891354
71.2888,71.2888,203.0,213.97661605183777,213.21777518418813,-27.376616051837765
71.3082,71.3082,207.0,214.008052772228,213.2427315715822,-23.40805277222801
71.3277,71.3277,224.0,214.03968590930302,213.2677394630559,-6.439685909303016
71.3471,71.3471,224.0,214.07148059773357,213.29282889739457,-6.471480597733567
71.3666,71.3666,225.0,214.1034777172136,213.31796845214,-5.503477717213592
71.3861,71.3861,194.0,214.13565945189055,213.34317314454177,-36.535659451890545
71.4055,71.4055,208.0,214.16800726487824,213.36845850045572,-22.56800726487824
71.425,71.425,204.0,214.2005650438657,213.39379266000444,-26.600565043865707
71.4444,71.4444,204.0,214.23329322357188,213.4192067350756,-26.633293223571876
71.4639,71.4639,248.0,214.26623874739832,213.44466837873892,17.333761252601683
71.4833,71.4833,201.0,214.29935694662748,213.4702088691706,-29.699356946627482
71.5028,71.5028,193.0,214.3326978478823,213.4957954672292,-37.732697847882285
71.5223,71.5223,206.0,214.36624018022744,213.52144344340064,-24.766240180227435
71.5417,71.5417,217.0,214.39996209736438,213.54716819293466,-13.799962097364379
71.5612,71.5612,199.0,214.4339164226695,213.5729360261887,-31.83391642266951
71.5806,71.5806,186.0,214.46805262118315,213.59877878494888,-44.868052621183146
71.6001,71.6001,226.0,214.50242711986792,213.62466233715267,-4.902427119867916
71.6195,71.6195,231.0,214.53698802171587,213.65061840780115,0.06301197828413052
71.639,71.639,192.0,214.57179305519878,213.6766123676559,-38.97179305519878
71.6584,71.6584,206.0,214.6067877711029,213.70267665784527,-25.006787771102886
71.6779,71.6779,195.0,214.64203344360223,213.7287762645191,-36.04203344360223
71.6974,71.6974,208.0,214.6775055258732,213.75492659969518,-23.077505525873185
71.7168,71.7168,211.0,214.7131740858131,213.78114321883174,-20.113174085813107
71.7363,71.7363,202.0,214.7491047836428,213.80739025967037,-29.14910478364279
71.7557,71.7557,220.0,214.78523538912708,213.83370045389188,-11.18523538912708
71.7752,71.7752,207.0,214.82163555823888,213.86003745694325,-24.22163555823888
71.7946,71.7946,213.0,214.85824097042698,213.88643431917632,-18.258240970426975
71.8141,71.8141,207.0,214.89512643903598,213.91285438037073,-24.295126439035975
71.8336,71.8336,217.0,214.9322585706514,213.93931331246762,-14.332258570651412
71.853,71.853,212.0,214.9696025866334,213.96582707084212,-19.369602586633412
71.8725,71.8725,230.0,215.00723869916598,213.99235847844878,-1.4072386991659798
71.8919,71.8919,212.0,215.04509571057477,214.0189413879608,-19.44509571057477
71.9114,71.9114,187.0,215.08325347603636,214.0455384684629,-44.48325347603636
71.9308,71.9308,236.0,215.12163698957767,214.0721841086462,4.478363010422335
71.9503,71.9503,209.0,215.16033603970595,214.0988403228534,-22.560336039705952
71.9698,71.9698,212.0,215.19931166890927,214.12552347183777,-19.599311668909273
71.9892,71.9892,216.0,215.23852450296928,214.1522502194383,-15.638524502969283
72.0087,72.0087,209.0,215.2780728985466,214.1789822241858,-22.67807289854661
72.0281,72.0281,202.0,215.31786463765582,214.20575463308447,-29.717864637655815
72.0476,72.0476,224.0,215.3580054272384,214.23252876012916,-7.758005427238395
72.067,72.067,217.0,215.39840068274418,214.25933992570407,-14.79840068274418
72.0865,72.0865,214.0,215.439159226123,214.28614910789142,-17.839159226122995
72.106,72.106,209.0,215.48023617940444,214.31297328016578,-22.88023617940444
72.1254,72.1254,217.0,215.52158401315876,214.3398297746661,-14.921584013158757
72.1449,72.1449,202.0,215.56332211095625,214.36667907917706,-29.96332211095625
72.1643,72.1643,211.0,215.60534289884714,214.39355757928897,-21.00534289884714
72.1838,72.1838,199.0,215.6477719022131,214.4204253428716,-33.04777190221309
72.2032,72.2032,212.0,215.6904954361807,214.44731894584558,-20.090495436180696
72.2227,72.2227,225.0,215.73364675798993,214.47419792725213,-7.133646757989929
72.2422,72.2422,236.0,215.77717611783103,214.5010795540881,3.8228238821689686
72.2616,72.2616,219.0,215.8210227951885,214.52798157644474,-13.221022795188496
72.2811,72.2811,221.0,215.8653322263479,214.55486336480115,-11.265332226347901
72.3005,72.3005,198.0,215.90997448237246,214.58176259477816,-34.30997448237246
72.32,72.32,211.0,215.95510453393595,214.60863846522497,-21.35510453393595
72.3394,72.3394,206.0,216.00059144125424,214.63552890619488,-26.400591441254242
72.3589,72.3589,219.0,216.04659074543656,214.6623925725556,-13.44659074543656
72.3784,72.3784,221.0,216.09304646015835,214.68924755692123,-11.493046460158347
72.3978,72.3978,234.0,216.13988424065715,214.71611236113336,1.4601157593428482
72.4173,72.4173,236.0,216.18728414751197,214.7429452115647,3.4127158524880272
72.4367,72.4367,209.0,216.235091914761,214.76978515027236,-23.635091914761
72.4562,72.4562,202.0,216.28350069123545,214.79659048830632,-30.683500691235444
72.4756,72.4756,190.0,216.3323402109649,214.8234007652077,-42.7323402109649
72.4951,72.4951,212.0,216.38181754504168,214.8501737690205,-20.781817545041683
72.5146,72.5146,209.0,216.4318544073847,214.8769283041783,-23.83185440738469
72.534,72.534,212.0,216.48237345898573,214.9036834958512,-20.882373458985732
72.5535,72.5535,204.0,216.53358623169876,214.930396279377,-28.93358623169876
72.5729,72.5729,219.0,216.58530909287748,214.95710653510454,-13.985309092877479
72.5924,72.5924,217.0,216.63777910560802,214.983770733312,-16.037779105608017
72.6118,72.6118,225.0,216.6907936437923,215.01042904279004,-8.090793643792288
72.6313,72.6313,194.0,216.74460436160473,215.03703770788263,-39.14460436160473
72.6508,72.6508,220.0,216.79911916284837,215.06361616721853,-13.199119162848369
72.6702,72.6702,188.0,216.85423928548863,215.09018395896715,-45.25423928548863
72.6897,72.6897,228.0,216.91024331786278,215.11669680373205,-5.310243317862778
72.7091,72.7091,201.0,216.96689631217012,215.1431954178005,-32.36689631217012
72.7286,72.7286,192.0,217.02449416517356,215.169635047138,-41.42449416517356
72.748,72.748,215.0,217.08278824843026,215.19605675494904,-18.48278824843026
72.7675,72.7675,207.0,217.1420946341568,215.22241504180403,-26.54209463415679
72.787,72.787,211.0,217.20231358281896,215.2487292332381,-22.602313582818958
72.8064,72.8064,216.0,217.26330875485877,215.27501890580623,-17.663308754858768
72.8259,72.8259,205.0,217.32543687573818,215.3012379630013,-28.725436875738176
72.8453,72.8453,261.0,217.38840577044257,215.32742796415994,27.211594229557427
72.8648,72.8648,200.0,217.4525903385756,215.35354240191757,-33.85259033857559
72.8842,72.8842,220.0,217.51769694220383,215.3796230654713,-13.917696942203825
72.9037,72.9037,224.0,217.58410784697676,215.4056229556891,-9.984107846976762
72.9232,72.9232,224.0,217.65170703141604,215.43156169450032,-10.051707031416036
72.9426,72.9426,229.0,217.72033477641367,215.4574593526708,-5.120334776413664
72.9621,72.9621,214.0,217.7904376016501,215.48326874684273,-20.190437601650096
72.9815,72.9815,191.0,217.86167278617134,215.50903280546137,-43.26167278617134
73.001,73.001,204.0,217.9344993519012,215.53470418819475,-30.334499351901194
73.0204,73.0204,196.0,218.00855119699673,215.5603258735629,-38.40855119699673
73.0399,73.0399,228.0,218.08434533328423,215.5858497942993,-6.484345333284232
73.0594,73.0594,240.0,218.16171623686725,215.6112959401815,5.438283763132752
73.0788,73.0788,209.0,218.240495925473,215.6366847890807,-25.640495925472997
73.0983,73.0983,204.0,218.3212367784949,215.66196791768556,-30.72123677849489
73.1177,73.1177,227.0,218.40350943415066,215.6871890728994,-7.803509434150662
73.1372,73.1372,209.0,218.4879396180529,215.7122993190269,-25.887939618052904
73.1566,73.1566,192.0,218.5740480007936,215.73734275424113,-42.974048000793594
73.1761,73.1761,211.0,218.6625093871295,215.76227020228566,-24.062509387129488
73.1956,73.1956,205.0,218.75312775918786,215.78710220743812,-30.15312775918786
73.215,73.215,204.0,218.84568600870705,215.81185959834195,-31.245686008707047
73.2345,73.2345,209.0,218.94095067804946,215.83649228903312,-26.34095067804946
73.2539,73.2539,224.0,219.03834125212697,215.86104457762357,-11.438341252126968
73.2734,73.2734,212.0,219.13869801168607,215.88546586326166,-23.538698011686073
73.2928,73.2928,208.0,219.24140879720966,215.9098008145147,-27.641408797209657
73.3123,73.3123,207.0,219.34737230180286,215.9339985900742,-28.747372301802862
73.3318,73.3318,205.0,219.4563836633894,215.95807996025275,-30.8563836633894
73.3512,73.3512,199.0,219.5681365777718,215.98206592666918,-36.96813657777181
73.3707,73.3707,225.0,219.68366966666244,216.0059048789988,-11.083669666662438
73.3901,73.3901,189.0,219.80225471734482,216.0296417874404,-47.20225471734482
73.4096,73.4096,222.0,219.9250080501602,216.05322465482726,-14.325008050160186
73.429,73.429,221.0,220.05119240619854,216.0766985855231,-15.451192406198537
73.4485,73.4485,210.0,220.18197847922517,216.10001103979755,-26.581978479225164
73.468,73.468,216.0,220.31714196720517,216.12318293089632,-20.717141967205173
73.4874,73.4874,203.0,220.456317056484,216.14623543447374,-33.85631705648401
73.5069,73.5069,211.0,220.60091246039897,216.16911556259916,-26.000912460398972
73.5263,73.5263,207.0,220.75004401874034,216.19186919467424,-30.15004401874034
73.5458,73.5458,217.0,220.90519789269297,216.214442835422,-20.305197892692966
73.5652,73.5652,235.0,221.06541843836789,216.23688254105406,-2.465418438367884
73.5847,73.5847,208.0,221.23241806078428,216.25913442853323,-29.632418060784282
73.6042,73.6042,201.0,221.40589408496362,216.28121987626716,-36.80589408496362
73.6236,73.6236,232.0,221.58540229373753,216.30316049606253,-5.985402293737529
73.6431,73.6431,250.0,221.77294499638924,216.3249018858186,11.82705500361076
73.6625,73.6625,235.0,221.96733932624414,216.34649106581807,-3.3673393262441422
73.682,73.682,247.0,222.17081075205485,216.367873572893,8.429189247945153
73.7014,73.7014,221.0,222.38201306174238,216.3890970159521,-17.782013061742383
73.7209,73.7209,226.0,222.60344658392077,216.41010693041824,-13.00344658392077
73.7404,73.7404,236.0,222.834741217336,216.4309256348451,-3.234741217335987
73.7598,73.7598,210.0,223.07544587825282,216.45157589046403,-29.47544587825282
73.7793,73.7793,211.0,223.3284882929698,216.47200317044317,-28.728488292969807
73.7987,73.7987,224.0,223.59221480887356,216.49225632156575,-15.992214808873563
73.8182,73.8182,211.0,223.8699325568879,216.51228039023675,-29.269932556887902
73.8376,73.8376,219.0,224.15986882052994,216.5321245890295,-21.559868820529935
73.8571,73.8571,206.0,224.46568233894618,216.55173370438914,-34.86568233894618
73.8766,73.8766,228.0,224.78711955903913,216.5711309260168,-13.187119559039125
73.896,73.896,222.0,225.12350812933676,216.5903396431279,-19.523508129336754
73.9155,73.9155,215.0,225.4792806015124,216.60930425467077,-26.879280601512384
73.9349,73.9349,242.0,225.85221080031744,216.62807485949557,-0.25221080031743526
73.9544,73.9544,225.0,226.24722549741458,216.6465956202368,-17.647225497414574
73.9738,73.9738,227.0,226.66205644661406,216.66491712476656,-16.062056446614058
73.9933,73.9933,223.0,227.10205260402702,216.68298352344456,-20.50205260402702
74.0128,74.0128,211.0,227.56705640489338,216.7008190929351,-32.96705640489338
74.0322,74.0322,247.0,228.05624264727305,216.7184485082599,2.5437573527269493
74.0517,74.0517,190.0,228.57636636349122,216.73581562729518,-54.976366363491216
74.0711,74.0711,223.0,229.12414307176988,216.75297220583715,-22.524143071769878
74.0906,74.0906,262.0,229.70708695480843,216.76986159889682,15.89291304519157
74.11,74.11,234.0,230.3216865084081,216.78653565024274,-12.721686508408105
74.1295,74.1295,224.0,230.97638716054985,216.8029375030718,-23.376387160549847
74.149,74.149,207.0,231.67049259437212,216.8190921077725,-41.07049259437212
74.1684,74.1684,202.0,232.40265480145538,216.8350248200848,-46.80265480145538
74.1879,74.1879,226.0,233.18268530915904,216.85067851937146,-23.58268530915904
74.2073,74.2073,236.0,234.00538146934923,216.86610585072165,-14.40538146934923
74.2268,74.2268,230.0,234.88152928865128,216.88124934582805,-21.281529288651278
74.2462,74.2462,192.0,235.8044642614004,216.89616228520708,-60.204464261400396
74.2657,74.2657,222.0,236.7858462408789,216.910787271133,-31.185846240878895
74.2852,74.2852,236.0,237.82281573632704,216.92514982816172,-18.222815736327043
74.3046,74.3046,231.0,238.9113988314427,216.93927585795558,-24.31139883144271
74.3241,74.3241,222.0,240.0635905238498,216.95310750565045,-34.463590523849795
74.3435,74.3435,263.0,241.2676147102593,216.96669914484127,5.3323852897407065
74.363,74.363,220.0,242.53510348057287,216.97999286624773,-38.93510348057287
74.3824,74.3824,260.0,243.85103824928103,216.99304342357283,-0.2510382492810308
74.4019,74.4019,245.0,245.22529311454318,217.00579266143748,-16.625293114543176
74.4213,74.4213,259.0,246.63919640143703,217.01829569359526,-4.039196401437032
74.4408,74.4408,255.0,248.09914458733616,217.0304942249064,-9.499144587336154
74.4603,74.4603,259.0,249.5890391767973,217.0424152172965,-6.989039176797284
74.4797,74.4797,249.0,251.08890004083884,217.05408596203148,-18.488900040838836
74.4992,74.4992,217.0,252.5998106171195,217.0654477721789,-51.999810617119486
74.5186,74.5186,250.0,254.08921974816786,217.07655680462622,-20.489219748167862
74.5381,74.5381,295.0,255.55327098343136,217.08735417593294,23.04672901656864
74.5575,74.5575,263.0,256.95642949010056,217.09789642856768,-10.35642949010056
74.577,74.577,261.0,258.2910305578141,217.1081244590413,-13.69103055781411
74.5965,74.5965,244.0,259.5270384535657,217.11806597848383,-31.927038453565693
74.6159,74.6159,254.0,260.63763644864684,217.12774900303893,-23.037636448646843
74.6354,74.6354,274.0,261.6145114303781,217.13711416684737,-4.014511430378114
74.6548,74.6548,298.0,262.43102982288104,217.14621897133821,19.168970177118958
74.6743,74.6743,289.0,263.08239685244064,217.1550037944457,9.517603147559363
74.6937,74.6937,274.0,263.5530503127369,217.1635264323569,-5.953050312736899
74.7132,74.7132,293.0,263.843183632193,217.17172696950192,12.756816367806984
74.7327,74.7327,283.0,263.9500385684903,217.1796338482714,2.649961431509702
74.7521,74.7521,304.0,263.87769216692385,217.18727580401622,23.72230783307615
74.7716,74.7716,296.0,263.63189114648986,217.19459248281893,15.968108853510138
74.791,74.791,281.0,263.22415841658784,217.20164241346401,1.3758415834121607
74.8105,74.8105,285.0,262.6604149565391,217.20836495080266,5.9395850434608874
74.8299,74.8299,306.0,261.9582626640665,217.2148189147652,27.641737335933477
74.8494,74.8494,306.0,261.1224160151278,217.22094337004913,28.47758398487222
74.8689,74.8689,289.0,260.1683722315369,217.22676727061486,12.43162776846308
74.8883,74.8883,301.0,259.1152685099718,217.23231986013536,25.484731490028175
74.9078,74.9078,270.0,257.96526025673484,217.2375397692348,-4.365260256734835
74.9272,74.9272,317.0,256.7442607578332,217.24248654178814,43.855739242166784
74.9467,74.9467,304.0,255.4534388911758,217.24709852176062,32.146561108824194
74.9661,74.9661,249.0,254.1208029440195,217.25143554210402,-21.520802944019486
74.9856,74.9856,283.0,252.74678740094683,217.25543565975119,13.853212599053172
75.0051,75.0051,259.0,251.35206859317412,217.25912842992182,-8.752068593174123
75.0245,75.0245,269.0,249.9573923055066,217.26254369431538,2.6426076944933996
75.044,75.044,254.0,248.5607035012181,217.26561918947704,-10.960703501218084
75.0634,75.0634,261.0,247.18738778161287,217.26841557439118,-2.5873877816128683
75.0829,75.0829,292.0,245.8327379175469,217.27087034230448,29.767262082453108
75.1023,75.1023,267.0,244.51865624739804,217.27304448580435,6.08134375260196
75.1218,75.1218,275.0,243.237829165715,217.27487522394105,15.362170834285003
75.1413,75.1413,253.0,242.00245756086957,217.2763926796805,-5.402457560869571
75.1607,75.1607,249.0,240.8219828671936,217.27762725946948,-8.22198286719361
75.1802,75.1802,226.0,239.68645590464246,217.27851580964523,-30.086455904642456
75.1996,75.1996,252.0,238.60882351540982,217.2791201768968,-3.008823515409823
75.2191,75.2191,234.0,237.57813080321947,217.27937713519205,-19.978130803219464
75.2385,75.2385,230.0,236.6048979436723,217.27934898385516,-23.00489794367231
75.258,75.258,246.0,235.6779063219174,217.27897246917684,-6.077906321917389
75.2775,75.2775,230.0,234.80093216248866,217.27827887586318,-21.200932162488662
75.2969,75.2969,215.0,233.97638097202835,217.27729991034403,-35.37638097202835
75.3164,75.3164,216.0,233.1936186541623,217.27597235707796,-33.59361865416229
75.3358,75.3358,242.0,232.4588245197133,217.27435984761377,-6.858824519713288
75.3553,75.3553,248.0,231.76206496364205,217.27239886480862,-0.16206496364204526
75.3747,75.3747,263.0,231.1083216299917,217.27015350700162,15.491678370008295
75.3942,75.3942,231.0,230.48851481197858,217.26756028660787,-15.888514811978574
75.4137,75.4137,229.0,229.90410599508635,217.26465156466384,-17.304105995086353
75.4331,75.4331,225.0,229.35565266541775,217.26146014570134,-20.75565266541775
75.4526,75.4526,248.0,228.8354325889119,217.25792244859116,2.7645674110880876
75.472,75.472,220.0,228.34682532492732,217.25410379395072,-24.746825324927322
75.4915,75.4915,219.0,227.8830340965015,217.2499405388697,-25.28303409650149
75.5109,75.5109,250.0,227.44704549577258,217.24549843119462,6.1529545042274165
75.5304,75.5304,231.0,227.03269284390166,217.2407136261596,-12.432692843901656
75.5499,75.5499,238.0,226.6407367022891,217.23561964707434,-5.040736702289102
75.5693,75.5693,226.0,226.2715392705466,217.23025045700874,-16.67153927054661
75.5888,75.5888,236.0,225.92000459721913,217.2245422648996,-6.320004597219132
75.6082,75.6082,173.0,225.5884434791195,217.2185621038224,-68.9884434791195
75.6277,75.6277,242.0,225.2722445303731,217.21224623083197,0.32775546962691493
75.6471,75.6471,219.0,224.9735526491432,217.2056616324428,-22.373552649143186
75.6666,75.6666,221.0,224.688223667548,217.19874396813233,-20.088223667547986
75.6861,75.6861,217.0,224.41694242116978,217.19152763654012,-23.816942421169777
75.7055,75.7055,233.0,224.16006662755854,217.18404735876967,-7.560066627558534
75.725,75.725,239.0,223.91412563682212,217.1762384802473,-1.3141256368221192
75.7444,75.7444,204.0,223.68085779157846,217.16816912954874,-36.08085779157846
75.7639,75.7639,217.0,223.4571292678991,217.15977478258762,-22.85712926789909
75.7833,75.7833,253.0,223.24460518288515,217.15112389585505,13.355394817114849
75.8028,75.8028,208.0,223.04046417100093,217.14215153442444,-31.440464171000933
75.8223,75.8223,226.0,222.84523908817158,217.13289292705764,-13.24523908817158
75.8417,75.8417,238.0,222.65928300250087,217.1233834653433,-1.0592830025008695
75.8612,75.8612,231.0,222.48025494429837,217.1135578763159,-7.880254944298365
75.8806,75.8806,212.0,222.30946679271486,217.10348555627996,-26.709466792714856
75.9001,75.9001,207.0,222.14475725645673,217.09310134838427,-31.544757256456727
75.9195,75.9195,209.0,221.98736115077298,217.08247502525947,-29.387361150772982
75.939,75.939,204.0,221.83534561902994,217.07154099941647,-34.235345619029935
75.9585,75.9585,206.0,221.6891514911414,217.06033509350524,-32.089151491141386
75.9779,75.9779,217.0,221.54912464797073,217.04889324144364,-20.949124647970727
75.9974,75.9974,218.0,221.41355961204442,217.0371490976155,-19.813559612044422
76.0168,76.0168,221.0,221.2834993364439,217.0251726135341,-16.683499336443894
76.0363,76.0363,207.0,221.15740933602237,217.01289720846668,-30.557409336022367
76.0557,76.0557,207.0,221.03626392359362,217.0003931656916,-30.43626392359362
76.0752,76.0752,223.0,220.9186362023964,216.9875935864024,-14.318636202396412
76.0947,76.0947,210.0,220.80490413062248,216.97453432414565,-27.204904130622474
76.1141,76.1141,230.0,220.69537370979663,216.96125156830928,-7.095373709796625
76.1336,76.1336,226.0,220.5888041995628,216.9476779210358,-10.988804199562786
76.153,76.153,220.0,220.48602969963272,216.9338842403381,-16.886029699632722
76.1725,76.1725,234.0,220.38588935769047,216.91980314403827,-2.785889357690472
76.1919,76.1919,221.0,220.28917194090226,216.90550590195642,-15.689171940902263
76.2114,76.2114,210.0,220.19479735351905,216.89092511479427,-26.59479735351905
76.2309,76.2309,199.0,220.103107292143,216.87609764997092,-37.50310729214299
76.2503,76.2503,204.0,220.01436751834902,216.86106055165595,-32.41436751834902
76.2698,76.2698,231.0,219.92761986205593,216.84574580914287,-5.327619862055933
76.2892,76.2892,208.0,219.84354530438182,216.83022514079988,-28.24354530438182
76.3087,76.3087,249.0,219.76124581998891,216.81443030380578,12.838754180011087
76.3281,76.3281,223.0,219.68138534327707,216.7984333360679,-13.08138534327707
76.3476,76.3476,201.0,219.60312323349453,216.7821657377398,-35.00312323349453
76.3671,76.3671,195.0,219.52673773832723,216.76566462538455,-40.926737738327226
76.3865,76.3865,241.0,219.4524542733295,216.748967180878,5.147545726670508
76.406,76.406,219.0,219.37954077742629,216.73200416853925,-16.779540777426284
76.4254,76.4254,215.0,219.30855163730726,216.71484818517845,-20.70855163730726
76.4449,76.4449,222.0,219.23878389749507,216.69742998145787,-13.638783897495067
76.4643,76.4643,214.0,219.17077125540058,216.67982241824544,-21.57077125540058
76.4838,76.4838,242.0,219.10386224095743,216.66195605206306,6.4961377590425755
76.5033,76.5033,239.0,219.03828861243184,216.64386825339858,3.5617113875681596
76.5227,76.5227,196.0,218.97425423100157,216.6255968314702,-39.374254231001565
76.5422,76.5422,222.0,218.91115734429965,216.60707235125602,-13.311157344299652
76.5616,76.5616,201.0,218.84946918889747,216.58836848922118,-34.24946918889747
76.5811,76.5811,217.0,218.7886295504463,216.56941539196546,-18.1886295504463
76.6005,76.6005,212.0,218.7290879494425,216.55028686529408,-23.129087949442486
76.62,76.62,231.0,218.67030738292456,216.53091263949284,-4.070307382924561
76.6395,76.6395,225.0,218.61248414324996,216.51133051898594,-10.012484143249957
76.6589,76.6589,216.0,218.55580913561784,216.49157872043097,-18.955809135617834
76.6784,76.6784,221.0,218.49978280987062,216.4715868369865,-13.899782809870622
76.6978,76.6978,225.0,218.4448113360806,216.4514295107954,-9.84481133608059
76.7173,76.7173,216.0,218.39042546589624,216.43103615133825,-18.79042546589624
76.7367,76.7367,188.0,218.33700639075207,216.41048180359408,-46.737006390752065
76.7562,76.7562,207.0,218.2841201645561,216.38969574238786,-27.6841201645561
76.7757,76.7757,211.0,218.23193605483587,216.36871629095262,-23.63193605483587
76.7951,76.7951,211.0,218.18061589340917,216.34758190069013,-23.580615893409167
76.8146,76.8146,225.0,218.12974566601892,216.32622098203916,-9.529745666018918
76.834,76.834,199.0,218.07966879855624,216.30470860258984,-35.47966879855624
76.8535,76.8535,198.0,218.03000024168713,216.28297298263453,-36.43000024168713
76.8729,76.8729,207.0,217.98106949935914,216.2610893264489,-27.381069499359135
76.8924,76.8924,211.0,217.93249973319462,216.23898519832088,-23.332499733194616
76.9119,76.9119,226.0,217.88444301246008,216.21669868050208,-8.28444301246008
76.9313,76.9313,211.0,217.83704720380945,216.19426802851007,-23.237047203809446
76.9508,76.9508,207.0,217.78995661483464,216.17162040739197,-27.189956614834635
76.9702,76.9702,219.0,217.74347472238836,216.14883127836242,-15.143474722388355
76.9897,76.9897,223.0,217.69726291135305,216.12582740779877,-11.097262911353049
77.0091,77.0091,218.0,217.65161419296967,216.10268441699318,-16.051614192969673
77.0286,77.0286,239.0,217.6062071532955,216.07932896344695,4.993792846704515
77.0481,77.0481,224.0,217.56117874743327,216.05579957384447,-9.961178747433273
77.0675,77.0675,233.0,217.51665519136347,216.03213521408588,-0.9166551913634677
77.087,77.087,220.0,217.47232848435334,216.0082625306213,-13.87232848435334
77.1064,77.1064,220.0,217.42847456175954,215.98425832511438,-13.828474561759542
77.1259,77.1259,205.0,217.3847964851194,215.96004925816885,-28.784796485119408
77.1453,77.1453,203.0,217.3415572461192,215.93571245799748,-30.741557246119207
77.1648,77.1648,224.0,217.29847367943074,215.9111742795199,-9.698473679430741
77.1843,77.1843,209.0,217.25566651178798,215.88647396318308,-24.655666511787977
77.2037,77.2037,207.0,217.2132566438552,215.86165107218315,-26.613256643855202
77.2232,77.2232,234.0,217.1709726824239,215.83663148784265,0.42902731757610724
77.2426,77.2426,209.0,217.1290579238221,215.81149252802342,-24.5290579238221
77.2621,77.2621,227.0,217.08725304681403,215.7861599459001,-6.4872530468140255
77.2815,77.2815,238.0,217.0457898709109,215.76071140065622,4.554210129089093
77.301,77.301,211.0,217.00442365502374,215.7350724769717,-22.40442365502374
77.3204,77.3204,222.0,216.96338022771434,215.70932140042638,-11.363380227714337
77.3399,77.3399,200.0,216.9224168105467,215.68338369151923,-33.322416810546706
77.3594,77.3594,238.0,216.88164236121247,215.65729948915458,4.718357638787531
77.3788,77.3788,255.0,216.841163695916,215.63110896360274,21.758836304083992
77.3983,77.3983,208.0,216.8007480017291,215.60473740741222,-25.20074800172909
77.4177,77.4177,213.0,216.76060871411363,215.57826366558433,-20.16060871411363
77.4372,77.4372,228.0,216.72052118550295,215.55161275058072,-5.120521185502945
77.4566,77.4566,208.0,216.68069346965632,215.52486360271595,-25.080693469656318
77.4761,77.4761,215.0,216.64090949192754,215.49794113465651,-18.040909491927543
77.4956,77.4956,203.0,216.60126987723382,215.4708858537102,-30.001269877233817
77.515,77.515,206.0,216.5618694465677,215.44373847600366,-26.961869446567697
77.5345,77.5345,200.0,216.52249753639765,215.41642334712552,-32.92249753639765
77.5539,77.5539,218.0,216.4833533650257,215.38901973080573,-14.883353365025691
77.5734,77.5734,209.0,216.44423111110606,215.36145146129937,-23.844231111106062
77.5928,77.5928,215.0,216.4053226990333,215.33379786023357,-17.80532269903329
77.6123,77.6123,238.0,216.36642938477343,215.30598250518614,5.233570615226576
77.6318,77.6318,218.0,216.3276420299289,215.2780457730585,-14.727642029928909
77.6512,77.6512,213.0,216.28905262846797,215.25002846206985,-19.68905262846797
77.6707,77.6707,241.0,216.25046811528938,215.22185407433756,8.349531884710622
77.6901,77.6901,214.0,216.21207049413272,215.19360259111386,-18.612070494132716
77.7096,77.7096,238.0,216.17367322673232,215.16519747193277,5.426326773267682
77.729,77.729,229.0,216.1354517876488,215.13671908339836,-3.535451787648803
77.7485,77.7485,205.0,216.0972280048412,215.1080908744217,-27.49722800484121
77.768,77.768,196.0,216.05908680645499,215.07935435266882,-36.459086806454984
77.7874,77.7874,217.0,216.0211126434921,215.0505511086452,-15.421112643492101
77.8069,77.8069,246.0,215.9831278883855,215.02160409071118,13.616872111614505
77.8263,77.8263,212.0,215.94530430293153,214.99259421909102,-20.34530430293153
77.8458,77.8458,213.0,215.90746844132636,214.96344438190653,-19.307468441326357
77.8652,77.8652,225.0,215.85881500365016,214.93423578575468,-7.258815003650163
77.8847,77.8847,200.0,215.82112980997252,214.904891054349,-32.22112980997252
77.9042,77.9042,235.0,215.78351197822752,214.87545189836766,2.8164880217724786
77.9236,77.9236,234.0,215.7460380580727,214.84596004832167,1.8539619419272881
77.9431,77.9431,229.0,215.70854767159597,214.81633797265889,-3.1085476715959643
77.9625,77.9625,230.0,215.67119844234608,214.7866677037164,-2.0711984423460805
77.982,77.982,228.0,215.62834491292546,214.75687187786923,-4.028344912925455
78.0014,78.0014,225.0,215.59112111061916,214.7270330610276,-6.991121110619154
78.0209,78.0209,216.0,215.5538785603383,214.69707401776301,-15.953878560338289
78.0404,78.0404,199.0,215.51669603037607,214.66703764732685,-32.916696030376066
78.0598,78.0598,224.0,215.47964839921985,214.63696705823656,-7.879648399219853
78.0793,78.0793,209.0,215.44258261565827,214.60678466358314,-22.842582615658266
78.0987,78.0987,218.0,215.40565146853586,214.57657372247192,-13.805651468535864
78.1182,78.1182,228.0,215.36870402316484,214.5462564929605,-3.7687040231648368
78.1376,78.1376,212.0,215.33188929596113,214.51591639585857,-19.731889295961132
78.1571,78.1571,208.0,215.29506014593423,214.48547568939924,-23.695060145934228
78.1766,78.1766,211.0,215.2582895233297,214.45497763478014,-20.658289523329692
78.196,78.196,231.0,215.2216517529529,214.42446560340005,-0.6216517529529071
78.2155,78.2155,178.0,215.18500184291392,214.39386140845423,-53.58500184291392
78.2349,78.2349,195.0,215.14848389634565,214.36324912845677,-36.54848389634565
78.2544,78.2544,220.0,215.1119550594292,214.33255013121303,-11.51195505942919
78.2738,78.2738,219.0,215.0755582451556,214.30184800676804,-12.475558245155604
78.2933,78.2933,213.0,215.03915263778902,214.2710637635104,-18.439152637789014
78.3128,78.3128,225.0,215.00280850328141,214.24024049430653,-6.402808503281413
78.3322,78.3322,200.0,214.96659504600967,214.20942145937124,-31.36659504600967
78.3517,78.3517,190.0,214.93037552159788,214.17852754553806,-41.33037552159788
78.3711,78.3711,216.0,214.89428538940768,214.1476428554935,-15.294285389407683
78.3906,78.3906,217.0,214.8581915028236,214.11668762263807,-14.258191502823585
78.41,78.41,220.0,214.82222751296896,214.08574585684653,-11.222227512968963
78.4295,78.4295,228.0,214.78625937580284,214.05473765746117,-3.186259375802841
78.449,78.449,228.0,214.75035588555164,214.02370619212306,-3.1503558855516403
78.4684,78.4684,225.0,214.71458268128313,213.99269496794028,-6.114582681283132
78.4879,78.4879,210.0,214.67880928914965,213.96162419567221,-21.078809289149653
78.5073,78.5073,215.0,214.6431667762745,213.9305788776026,-16.04316677627451
78.5268,78.5268,227.0,214.60752616397795,213.89947911888348,-4.00752616397795
78.5462,78.5462,200.0,214.57201862459294,213.8684100563666,-30.97201862459294
78.5657,78.5657,201.0,214.53651622422717,213.837291774338,-29.93651622422717
78.5852,78.5852,205.0,214.50108480584538,213.80616813119255,-25.90108480584538
78.6046,78.6046,213.0,214.46578818540658,213.77508300231892,-17.86578818540658
78.6241,78.6241,192.0,214.43050000097887,213.74395576593338,-38.830500000978866
78.6435,78.6435,201.0,214.39534839248668,213.7128716918035,-29.79534839248668
78.663,78.663,221.0,214.36020817693716,213.68174970278665,-9.760208176937162
78.6824,78.6824,217.0,214.32520448706944,213.6506748173411,-13.72520448706944
78.7019,78.7019,200.0,214.29021355005642,213.61956570935934,-30.69021355005642
78.7214,78.7214,247.0,214.2552994969277,213.5884659507305,16.344700503072296
78.7408,78.7408,211.0,214.22052281828542,213.557419115182,-19.620522818285416
78.7603,78.7603,209.0,214.18576225202574,213.52634357532818,-21.585762252025738
78.7797,78.7797,195.0,214.15114018645585,213.49532477818758,-35.55114018645585
78.7992,78.7992,224.0,214.116535904894,213.4642808303398,-6.516535904893992
78.8186,78.8186,208.0,214.08207102468893,213.43329705853046,-22.482071024688928
78.8381,78.8381,216.0,214.04762598007045,213.402291292144,-14.447625980070448
78.8576,78.8576,208.0,214.01326119843907,213.37130704337716,-22.413261198439066
78.877,78.877,209.0,213.97903614193,213.34038801536173,-21.37903614193001
78.8965,78.8965,201.0,213.9448337289678,213.3094516708534,-29.344833728967807
78.9159,78.9159,204.0,213.9107719391262,213.27858369403793,-26.31077193912619
78.9354,78.9354,242.0,213.87673399536973,213.2477011703905,11.723266004630268
78.9548,78.9548,214.0,213.84283679083975,213.21688967452246,-16.242836790839753
78.9743,78.9743,228.0,213.808964495312,213.18606617349437,-2.20896449531201
78.9938,78.9938,229.0,213.7751757541622,213.15527425516657,-1.175175754162204
79.0132,79.0132,221.0,213.74152922071758,213.12455783305566,-9.14152922071758
79.0327,79.0327,206.0,213.70791054308637,213.0938339751318,-24.10791054308637
79.0521,79.0521,221.0,213.67443524636852,213.06318924920757,-9.074435246368516
79.0716,79.0716,223.0,213.64098947887854,213.03254055873526,-7.0409894788785365
79.091,79.091,223.0,213.60768905741574,213.0019746243817,-7.007689057415739
79.1105,79.1105,201.0,213.57442136281003,212.97140839069834,-28.974421362810027
79.13,79.13,219.0,213.54124464576046,212.9408863684149,-10.941244645760456
79.1494,79.1494,212.0,213.50821545585993,212.91045307225153,-17.908215455859924
79.1689,79.1689,216.0,213.47522309065837,212.88002523784428,-13.875223090658373
79.1883,79.1883,204.0,213.44238104216456,212.84969009116668,-25.842381042164554
79.2078,79.2078,237.0,213.4095788364439,212.81936422495,7.190421163556103
79.2272,79.2272,204.0,213.3769286306398,212.78913493288658,-25.77692863063981
79.2467,79.2467,208.0,213.34432157325608,212.75891874996546,-21.74432157325608
79.2662,79.2662,195.0,213.31181339071912,212.72876036104014,-34.71181339071912
79.2856,79.2856,225.0,213.2794610391167,212.6987045356543,-4.67946103911671
79.3051,79.3051,199.0,213.24715572686935,212.66866718227982,-30.64715572686935
79.3245,79.3245,233.0,213.2150075020937,212.63873591408844,3.3849924979063033
79.344,79.344,206.0,213.1829089951867,212.60882645486998,-23.582908995186692
79.3634,79.3634,201.0,213.15096996614935,212.57902659922405,-28.550969966149346
79.3829,79.3829,225.0,213.11908326377483,212.54925204301756,-4.519083263774824
79.4024,79.4024,207.0,213.08730388805674,212.51954737861186,-22.487303888056736
79.4218,79.4218,201.0,213.05568660918368,212.48995748097397,-28.45568660918368
79.4413,79.4413,218.0,213.02412569923283,212.46039774269843,-11.424125699232825
79.4607,79.4607,239.0,212.99272885367617,212.43095599852288,9.607271146323832
79.4802,79.4802,240.0,212.96139050526253,212.40154740781108,10.638609494737473
79.4996,79.4996,202.0,212.93021837335513,212.37226019669134,-27.33021837335513
79.5191,79.5191,204.0,212.89910726646164,212.34300975677996,-25.29910726646164
79.5386,79.5386,193.0,212.86811238651697,212.3138411424976,-36.26811238651697
79.558,79.558,204.0,212.83728719971444,212.2847994375975,-25.237287199714437
79.5775,79.5775,206.0,212.80652764528108,212.25579933802229,-23.206527645281078
79.5969,79.5969,225.0,212.77593873045384,212.22692900301928,-4.175938730453844
79.6164,79.6164,227.0,212.74541795407268,212.19810279632887,-2.145417954072677
79.6358,79.6358,224.0,212.7150698638435,212.1694090686541,-5.115069863843495
79.6553,79.6553,230.0,212.68479154945052,212.14076235012712,0.9152084505494784
79.6748,79.6748,198.0,212.65463658567057,212.1122078214253,-31.054636585670572
79.6942,79.6942,217.0,212.62465800877325,212.08379098723515,-12.024658008773251
79.7137,79.7137,212.0,212.5947532619904,212.05542631626827,-16.994753261990404
79.7331,79.7331,200.0,212.56502767841377,212.0272028431741,-28.96502767841377
79.7526,79.7526,227.0,212.53537934287368,211.99903494164678,-1.9353793428736807
79.772,79.772,223.0,212.50591190115665,211.9710116102896,-5.905911901156649
79.7915,79.7915,200.0,212.47652462109082,211.94304710039435,-28.876524621090816
79.811,79.811,199.0,212.44727044455988,211.91518699875178,-29.847270444559875
79.8304,79.8304,191.0,212.4182013435698,211.8874768656622,-37.81820134356979
79.8499,79.8499,224.0,212.38921643819722,211.85983055834686,-4.789216438197222
79.8693,79.8693,200.0,212.36041862095195,211.83233709501988,-28.760418620951945
79.8888,79.8888,203.0,212.3317074000823,211.8049100761652,-25.731707400082307
79.9082,79.9082,212.0,212.30318514273975,211.77763862342613,-16.70318514273975
79.9277,79.9277,206.0,212.2747516501236,211.75043594125685,-22.67475165012359
79.9472,79.9472,244.0,212.2464581504765,211.7233471060363,15.353541849523488
79.9666,79.9666,222.0,212.21835533849753,211.69641723574586,-6.61835533849753
79.9861,79.9861,221.0,212.19034425153563,211.6695593753161,-7.590344251535633
80.0055,80.0055,211.0,212.16252568146982,211.6428629700674,-17.562525681469815
80.025,80.025,216.0,212.13480103572454,211.6162411538576,-12.534801035724534
80.0444,80.0444,234.0,212.10727059050504,211.58978357058987,5.492729409494963
80.0639,80.0639,212.0,212.07983631316037,211.56340325530627,-16.47983631316037
80.0833,80.0833,199.0,212.0525990737591,211.53719022200212,-29.452599073759096
80.1028,80.1028,199.0,212.02546075397385,211.51105759301453,-29.425460753973844
80.1223,80.1223,233.0,211.99847234408176,211.4850510199297,4.60152765591824
80.1417,80.1417,218.0,211.9716841012488,211.45921610635395,-10.371684101248796
80.1612,80.1612,214.0,211.9449982020163,211.43346568498097,-14.344998202016306
80.1806,80.1806,236.0,211.9185149851796,211.40788999893667,7.681485014820403
80.2001,80.2001,207.0,211.89213750190982,211.38240185067767,-21.292137501909814
80.2195,80.2195,207.0,211.8659648824741,211.3570918220094,-21.265964882474087
80.239,80.239,190.0,211.83990116853892,211.33187274664124,-38.239901168538914
80.2585,80.2585,213.0,211.8139968103299,211.30679068207158,-15.21399681032991
80.2779,80.2779,218.0,211.7883015504937,211.28189152523788,-10.188301550493712
80.2974,80.2974,216.0,211.76271872395017,211.25708761633166,-12.16271872395017
80.3168,80.3168,178.0,211.73734721623003,211.23246948197496,-50.13734721623003
80.3363,80.3363,193.0,211.71209116350647,211.20794946466654,-35.11209116350647
80.3557,80.3557,220.0,211.68704833144776,211.18361782688086,-8.087048331447754
80.3752,80.3752,219.0,211.66212275651375,211.15938615888916,-9.062122756513752
80.3947,80.3947,215.0,211.63736353002716,211.135299998064,-13.037363530027157
80.4141,80.4141,194.0,211.61281929441293,211.11140506485842,-34.01281929441293
80.4336,80.4336,214.0,211.58839518730824,211.08761299654316,-13.988395187308235
80.453,80.453,197.0,211.5641875034802,211.06401406361857,-30.96418750348021
80.4725,80.4725,204.0,211.54010122808296,211.04051960199124,-23.94010122808296
80.4919,80.4919,184.0,211.51623236211333,211.0172198192063,-43.91623236211333
80.5114,80.5114,199.0,211.4924859686336,210.99402566811455,-28.892485968633586
80.5309,80.5309,193.0,211.46890996651945,210.97098215339636,-34.868909966519446
80.5503,80.5503,221.0,211.44555153654093,210.94813421818967,-6.845551536540931
80.5698,80.5698,199.0,211.42231534499314,210.92539193853148,-28.822315344993136
80.5892,80.5892,216.0,211.3992964449738,210.90284504078107,-11.799296444973798
80.6087,80.6087,206.0,211.37639892843913,210.88040345123207,-21.77639892843913
80.6281,80.6281,223.0,211.35371770389838,210.85815687774348,-4.753717703898381
80.6476,80.6476,246.0,211.33115792549822,210.8360151242383,18.268842074501784
80.6671,80.6671,206.0,211.3087663604636,210.8140230187296,-21.708766360463606
80.6865,80.6865,213.0,211.28658978650685,210.79222555883456,-14.68658978650685
80.706,80.706,216.0,211.26453406110676,210.7705325431357,-11.664534061106757
80.7254,80.7254,208.0,211.24269289865907,210.7490339770879,-19.64269289865907
80.7449,80.7449,216.0,211.22097211302832,210.7276396269147,-11.620972113028323
80.7643,80.7643,227.0,211.19946532188314,210.70643958400336,-0.5994653218831374
80.7838,80.7838,219.0,211.17807882758748,210.68534352448407,-8.578078827587483
80.8033,80.8033,192.0,211.15685935068896,210.6643966650097,-35.55685935068896
80.8227,80.8227,231.0,211.1358532690058,210.64364439076974,3.4641467309942087
80.8422,80.8422,224.0,211.1149677964507,210.62299626292864,-3.514967796450712
80.8616,80.8616,215.0,211.09429539300385,210.60254285097804,-12.494295393003846
80.8811,80.8811,249.0,211.0737439226927,210.5821939772135,21.526256077307302
80.9005,80.9005,214.0,211.053406002003,210.5620404702646,-13.453406002002986
80.92,80.92,237.0,211.03318943366344,210.5419921511424,9.566810566336564
80.9395,80.9395,209.0,211.01314071578398,210.5220946748006,-18.413140715783975
80.9589,80.9589,198.0,210.99330653437838,210.50239397505763,-29.393306534378375
80.9784,80.9784,215.0,210.9735954141378,210.4827999413886,-12.373595414137803
80.9978,80.9978,212.0,210.95409920577927,210.46340366563265,-15.35409920577927
81.0173,81.0173,216.0,210.93472669130685,210.4441148288132,-11.334726691306848
81.0367,81.0367,217.0,210.91556995096533,210.42502463650158,-10.315569950965333
81.0562,81.0562,210.0,210.89653744863782,210.40604274380706,-17.296537448637814
81.0757,81.0757,192.0,210.8776758870503,210.38721508533715,-35.277675887050286
81.0951,81.0951,221.0,210.85903111302497,210.36858764616903,-6.259031113024967
81.1146,81.1146,200.0,210.8405122878058,210.35006977017824,-27.240512287805807
81.134,81.134,202.0,210.82221028779253,210.3317528021382,-25.222210287792528
81.1535,81.1535,194.0,210.80403482443123,210.3135459804541,-33.204034824431226
81.1729,81.1729,236.0,210.7860767644323,210.29554045866695,8.813923235567707
81.1924,81.1924,182.0,210.76824512753285,210.27764507260994,-45.16824512753285
81.2119,81.2119,195.0,210.75058550663513,210.25990545842802,-32.15058550663513
81.2313,81.2313,196.0,210.73314220631252,210.24236696063105,-31.13314220631252
81.2508,81.2508,253.0,210.7158250032891,210.2249379587507,25.884174996710904
81.2702,81.2702,206.0,210.6987231112656,210.20770901339733,-21.098723111265592
81.2897,81.2897,232.0,210.6817459654576,210.19058826853632,4.918254034542407
81.3091,81.3091,224.0,210.66498246289305,210.17366629832227,-3.064982462893049
81.3286,81.3286,219.0,210.64834271438104,210.15685132327633,-8.048342714381043
81.3481,81.3481,221.0,210.631870857957,210.1401886456139,-6.03187085795701
81.3675,81.3675,238.0,210.61561151473364,210.12372371452767,10.984388485266358
81.387,81.387,212.0,210.59947493828525,210.10736499864936,-14.999474938285253
81.4064,81.4064,234.0,210.58355055937065,210.09120396017678,7.016449440629351
81.4259,81.4259,236.0,210.56774930836409,210.0751491997885,9.032250691635916
81.4453,81.4453,211.0,210.5521601210514,210.05929245207568,-15.9521601210514
81.4648,81.4648,234.0,210.53669477866458,210.04354267781713,7.063305221335419
81.4843,81.4843,244.0,210.52139822701588,210.0279460773768,17.078601772984122
81.5037,81.5037,230.0,210.50631511388366,210.01254911746065,3.0936848861163426
81.5232,81.5232,198.0,210.49135788047417,209.99726097984265,-28.891357880474168
81.5426,81.5426,221.0,210.47661568567383,209.98217424202133,-5.876615685673833
81.5621,81.5621,214.0,210.46200137596492,209.96719806848762,-12.862001375964915
81.5815,81.5815,208.0,210.44760332137693,209.95242503351625,-18.84760332137693
81.601,81.601,239.0,210.43333501576527,209.93776438946048,12.166664984234735
81.6205,81.6205,196.0,210.41924141769985,209.92326286934534,-30.81924141769985
81.6399,81.6399,210.0,210.4053668702756,209.90896742860963,-16.8053668702756
81.6594,81.6594,209.0,210.3916249917307,209.89478718923363,-17.791624991730707
81.6788,81.6788,213.0,210.3781042346751,209.88081479437105,-13.778104234675105
81.6983,81.6983,214.0,210.36471767032685,209.8669592681974,-12.764717670326853
81.7177,81.7177,233.0,210.3515536583835,209.85331328247304,6.248446341616507
81.7372,81.7372,211.0,210.3385259409365,209.83978586172196,-15.738525940936505
81.7567,81.7567,217.0,210.32567929719147,209.82642401012558,-9.72567929719147
81.7761,81.7761,198.0,210.31305747488653,209.81327476551033,-28.713057474886533
81.7956,81.7956,208.0,210.30057554788633,209.8002473583934,-18.700575547886324
81.815,81.815,212.0,210.28832117484322,209.78743469632772,-14.688321174843217
81.8345,81.8345,224.0,210.27620819644048,209.77474576303118,-2.676208196440477
81.8539,81.8539,214.0,210.26432435823256,209.76227346486246,-12.664324358232555
81.8734,81.8734,229.0,210.25258473805653,209.74992689788428,2.3474152619434747
81.8929,81.8929,213.0,210.24103316360214,209.7377531628514,-13.641033163602138
81.9123,81.9123,213.0,210.22971381464612,209.72579958857568,-13.629713814646117
81.9318,81.9318,183.0,210.21854274837503,209.71397545699966,-43.61854274837503
81.9512,81.9512,192.0,210.2076064152235,209.70237416156561,-34.60760641522349
81.9707,81.9707,243.0,210.1968200971949,209.6909046243021,16.403179902805114
81.9901,81.9901,210.0,210.1862710090378,209.67965969037925,-16.586271009037794
82.0096,82.0096,240.0,210.17587402423794,209.66854812828558,13.42412597576206
82.0291,82.0291,207.0,210.16567277724982,209.65761683733513,-19.565672777249823
82.0485,82.0485,221.0,210.1557100913723,209.64691290434854,-5.555710091372298
82.068,82.068,249.0,210.14590356439192,209.63634514009195,22.454096435608086
82.0874,82.0874,228.0,210.1363379230147,209.62600676942102,1.463662076985294
82.1069,82.1069,234.0,210.12692943288005,209.61580673020046,7.473070567119954
82.1263,82.1263,217.0,210.11776508455293,209.605838498676,-9.517765084552927
82.1458,82.1458,197.0,210.10876137876633,209.59601138579836,-29.50876137876633
82.1653,82.1653,213.0,210.09996141061166,209.5863730563131,-13.499961410611654
82.1847,82.1847,194.0,210.09141021780204,209.5769710210446,-32.491410217802034
82.2042,82.2042,221.0,210.0830241961352,209.56771446470938,-5.483024196135197
82.2236,82.2236,241.0,210.07488765979946,209.5586968236785,14.525112340200543
82.2431,82.2431,200.0,210.0669202384166,209.54982716377202,-26.4669202384166
82.2625,82.2625,209.0,210.0592058950434,209.54119919512294,-17.45920589504339
82.282,82.282,251.0,210.05166257112435,209.53272197086864,24.548337428875648
82.3015,82.3015,198.0,210.04433263585824,209.52444290584359,-28.44433263585824
82.3209,82.3209,193.0,210.03726062950807,209.51640945754767,-33.43726062950807
82.3404,82.3404,238.0,210.03036361122957,209.5085304902346,11.569636388770427
82.3598,82.3598,188.0,210.02372466246533,209.5008992212667,-38.423724662465325
82.3793,82.3793,218.0,210.0172644896821,209.49342446470075,-8.417264489682104
82.3987,82.3987,212.0,210.01106470514299,209.48619935123955,-14.411064705142984
82.4182,82.4182,224.0,210.00504404770234,209.4791324773327,-2.40504404770234
82.4377,82.4377,199.0,209.99924550022175,209.4722709052246,-27.399245500221745
82.4571,82.4571,214.0,209.99371079852068,209.46566185054567,-12.39371079852068
82.4766,82.4766,218.0,209.98835886707462,209.45921389650167,-8.388358867074622
82.496,82.496,180.0,209.98327156329128,209.45302029748376,-46.38327156329128
82.5155,82.5155,199.0,209.97837034598672,209.44698973626885,-27.378370345986717
82.5349,82.5349,209.0,209.97373590326416,209.44121516802824,-17.373735903264155
82.5544,82.5544,222.0,209.969287297333,209.4356047402645,-4.36928729733301
82.5739,82.5739,213.0,209.9650670690616,209.430205062243,-13.365067069061602
82.5933,82.5933,224.0,209.96111543341334,209.42506286716096,-2.361115433413339
82.6128,82.6128,205.0,209.95735139253065,209.42008640883648,-21.357351392530653
82.6322,82.6322,211.0,209.953858191004,209.41536874640795,-15.353858191004
82.6517,82.6517,202.0,209.95055514098829,209.41081820052622,-24.350555140988284
82.6711,82.6711,198.0,209.94752210200247,209.40652774048272,-28.347522102002465
82.6906,82.6906,223.0,209.94468203965567,209.40240556674357,-3.344682039655673
82.7101,82.7101,206.0,209.94207426606806,209.39849820489133,-20.34207426606806
82.7295,82.7295,219.0,209.9397380080183,209.39485230844375,-7.339738008018308
82.749,82.749,225.0,209.93759583295173,209.39137598850365,-1.3375958329517275
82.7684,82.7684,223.0,209.93572754050848,209.3881620729834,-3.335727540508479
82.7879,82.7879,187.0,209.9340542134897,209.3851189244261,-39.3340542134897
82.8073,82.8073,205.0,209.93265470675883,209.3823396504143,-21.332654706758824
82.8268,82.8268,202.0,209.9314534242149,209.37973246078406,-24.331453424214907
82.8462,82.8462,230.0,209.93052752228425,209.37739007460172,3.6694724777157504
82.8657,82.8657,230.0,209.92979914422435,209.37522051722652,3.6702008557756542
82.8852,82.8852,214.0,209.92930903378672,209.37327044389306,-12.329309033786721
82.9046,82.9046,188.0,209.9290964816123,209.37158669454095,-38.329096481612304
82.9241,82.9241,189.0,209.92908446213815,209.37007774376568,-37.32908446213815
82.9435,82.9435,245.0,209.92935006997706,209.36883629834617,18.67064993002294
82.963,82.963,205.0,209.92981843529301,209.36777029190503,-21.329818435293014
82.9824,82.9824,205.0,209.93056560129853,209.36697222506731,-21.330565601298524
83.0019,83.0019,212.0,209.93151447534174,209.36635005547905,-14.331514475341741
83.0214,83.0214,209.0,209.93270545741072,209.36595000157817,-17.332705457410718
83.0408,83.0408,206.0,209.93417605166076,209.36581826260525,-20.334176051660755
83.0603,83.0603,214.0,209.9358492954888,209.365862717741,-12.335849295488792
83.0797,83.0797,206.0,209.93780271150914,209.36617555040493,-20.337802711509134
83.0992,83.0992,206.0,209.93996029519286,209.36666462147497,-20.33996029519286
83.1186,83.1186,220.0,209.94239638412859,209.36742204563487,-6.342396384128584
83.1381,83.1381,214.0,209.9450379340637,209.36835557095912,-12.34503793406369
83.1576,83.1576,221.0,209.947921821441,209.36951125940132,-5.3479218214410125
83.177,83.177,261.0,209.9510850495066,209.3709351697581,34.64891495049341
83.1965,83.1965,230.0,209.95445242636112,209.37253532650737,3.6455475736388863
83.2159,83.2159,213.0,209.95810107597697,209.37440393764987,-13.358101075976968
83.2354,83.2354,197.0,209.96195565730213,209.37644926173166,-29.361955657302126
83.2548,83.2548,197.0,209.96608978438115,209.37876368621244,-29.366089784381153
83.2743,83.2743,183.0,209.9704323314888,209.38125533821145,-43.37043233148881
83.2938,83.2938,205.0,209.97501902867143,209.38397021888304,-21.375019028671424
83.3132,83.3132,218.0,209.97988540491977,209.38695394543018,-8.379885404919769
83.3327,83.3327,234.0,209.98495957127676,209.39011409011567,7.6150404287232405
83.3521,83.3521,238.0,209.9903138642923,209.39354223346933,11.609686135707712
83.3716,83.3716,186.0,209.99587526341008,209.39714627154692,-40.39587526341008
83.391,83.391,196.0,210.00171526031724,209.40101814652016,-30.40171526031724
83.4105,83.4105,199.0,210.00776408279725,209.4050656730495,-27.40776408279725
83.43,83.43,217.0,210.01405600942704,209.40933432541016,-9.414056009427036
83.4494,83.4494,233.0,210.0206253207096,209.41386937795357,6.579374679290403
83.4689,83.4689,209.0,210.0274025752985,209.4185784226663,-17.42740257529851
83.4883,83.4883,213.0,210.0344575228319,209.42355290326464,-13.434457522831899
83.5078,83.5078,219.0,210.0417176865035,209.42870063310326,-7.4417176865034875
83.5272,83.5272,210.0,210.04925625990649,209.43411298361735,-16.449256259906484
83.5467,83.5467,205.0,210.05700133928178,209.43969791105522,-21.45700133928178
83.5662,83.5662,219.0,210.064987897598,209.44550095868573,-7.464987897598
83.5856,83.5856,209.0,210.07324936703824,209.45156753346436,-17.473249367038242
83.6051,83.6051,211.0,210.0817187643386,209.4578056407389,-15.481718764338602
83.6245,83.6245,193.0,210.09046252137384,209.4643065420552,-33.490462521373836
83.644,83.644,251.0,210.09941319109225,209.47097824551184,24.500586808907748
83.6634,83.6634,221.0,210.10863914421952,209.4779117141236,-5.508639144219522
83.6829,83.6829,224.0,210.11807083672636,209.48501481289406,-2.518070836726359
83.7024,83.7024,220.0,210.12774139646606,209.49233284518675,-6.527741396466062
83.7218,83.7218,219.0,210.13768617693364,209.4999111947559,-7.53768617693364
83.7413,83.7413,216.0,210.1478372796388,209.50765815133434,-10.547837279638792
83.7607,83.7607,214.0,210.15826051898236,209.51566498060092,-12.558260518982358
83.7802,83.7802,198.0,210.1688907884459,209.52384015945162,-28.568890788445906
83.7996,83.7996,235.0,210.1797947409143,209.53227495725582,8.420205259085698
83.8191,83.8191,225.0,210.19090533993588,209.54087776350505,-1.5909053399358797
83.8386,83.8386,223.0,210.2022547100272,209.54969419471942,-3.6022547100272035
83.858,83.858,216.0,210.21387894873945,209.55876994995788,-10.613878948739448
83.8775,83.8775,214.0,210.2257112480093,209.56801400391888,-12.625711248009303
83.8969,83.8969,255.0,210.23781613694175,209.57751781916335,28.362183863058256
83.9164,83.9164,198.0,210.25013192572814,209.5871905025119,-28.65013192572814
83.9358,83.9358,214.0,210.26272257140923,209.59712348084034,-12.662722571409226
83.9553,83.9553,210.0,210.27552279785965,209.6072257731459,-16.67552279785965
83.9748,83.9748,223.0,210.28856709093992,209.61754307616525,-3.6885670909399195
83.9942,83.9942,231.0,210.3018874994619,209.6281209836836,4.298112500538089
84.0137,84.0137,223.0,210.3154202525577,209.63886873955917,-3.715420252557685
84.0331,84.0331,236.0,210.32922794974712,209.64987772910786,9.27077205025288
84.0526,84.0526,205.0,210.3432517033048,209.66105759791455,-21.743251703304786
84.072,84.072,198.0,210.35755216795008,209.67249998707618,-28.757552167950074
84.0915,84.0915,217.0,210.3720701029515,209.684114738842,-9.77207010295151
84.111,84.111,172.0,210.38683734954722,209.69594778246602,-54.78683734954722
84.1304,84.1304,215.0,210.40188471493818,209.70804501889958,-11.801884714938176
84.1499,84.1499,220.0,210.41715142113208,209.72031580212493,-6.817151421132074
84.1693,84.1693,188.0,210.4326971726723,209.73285089802786,-38.832697172672304
84.1888,84.1888,227.0,210.44846506223098,209.7455598608961,0.15153493776902138
84.2082,84.2082,199.0,210.46451261228896,209.75853316294604,-27.864512612288955
84.2277,84.2277,205.0,210.48078268069048,209.771680313722,-21.88078268069048
84.2472,84.2472,207.0,210.4973050215897,209.78504648316283,-19.89730502158971
84.2666,84.2666,240.0,210.51410832845278,209.79867665935797,13.085891671547223
84.2861,84.2861,203.0,210.53113258726248,209.81248015851153,-23.931132587262475
84.3055,84.3055,240.0,210.54843976939068,209.82654724512057,13.051560230609319
84.325,84.325,196.0,210.56597025970643,209.84078738489563,-30.96597025970643
84.3444,84.3444,197.0,210.5837800410891,209.855290808097,-29.983780041089112
84.3639,84.3639,187.0,210.60181599171287,209.86996704802826,-40.00181599171287
84.3834,84.3834,201.0,210.62010485152908,209.884860795146,-26.020104851529076
84.4028,84.4028,201.0,210.63867196812808,209.90001633195456,-26.038671968128078
84.4223,84.4223,202.0,210.65746502281493,209.91534269166348,-25.05746502281493
84.4417,84.4417,215.0,210.67653682416042,209.9309288718489,-12.07653682416042
84.4612,84.4612,244.0,210.69583157558878,209.9466837298971,16.904168424411218
84.4806,84.4806,216.0,210.7154012258701,209.96269605535088,-11.115401225870094
84.5001,84.5001,219.0,210.73519499257299,209.97887495048374,-8.135194992572984
84.5196,84.5196,200.0,210.7552373743146,209.99526438296348,-27.155237374314588
84.539,84.539,217.0,210.7755522160036,210.0119082869892,-10.175552216003602
84.5585,84.5585,198.0,210.7960902416843,210.0287158709881,-29.19609024168431
84.5779,84.5779,225.0,210.81690116435425,210.04577577844736,-2.2169011643542476
84.5974,84.5974,218.0,210.83793081469176,210.06299718973128,-9.237930814691758
84.6168,84.6168,208.0,210.85923254461855,210.08046859740688,-19.25923254461855
84.6363,84.6363,207.0,210.8807542247017,210.09809948832464,-20.28075422470169
84.6558,84.6558,209.0,210.90252042307426,210.11593355733712,-18.302520423074263
84.6752,84.6752,207.0,210.92455308201608,210.13401431189791,-20.324553082016074
84.6947,84.6947,218.0,210.94680625989287,210.1522512186076,-9.346806259892865
84.7141,84.7141,243.0,210.9693259043531,210.1707322823907,15.630674095646903
84.7336,84.7336,196.0,210.9920607145533,210.18936706543894,-31.392060714553303
84.753,84.753,226.0,211.0150626108858,210.20824365259077,-1.4150626108857907
84.7725,84.7725,217.0,211.03828090477413,210.2272716546573,-10.438280904774125
84.792,84.792,241.0,211.06173740697614,210.24649450011938,13.538262593023866
84.8114,84.8114,190.0,211.08545699684586,210.26595553990302,-37.48545699684586
84.8309,84.8309,195.0,211.10939306719243,210.2855649272589,-32.50939306719243
84.8503,84.8503,212.0,211.13358799752268,210.30541031705656,-15.53358799752268
84.8698,84.8698,221.0,211.15799866734093,210.32540148074864,-6.557998667340932
84.8892,84.8892,236.0,211.18266845296773,210.3456257079329,8.41733154703227
84.9087,84.9087,231.0,211.2075517551821,210.36599296561496,3.3924482448179063
84.9282,84.9282,243.0,211.23266869407158,210.38654646020854,15.367331305928424
84.9476,84.9476,211.0,211.25804257682447,210.40732946289856,-16.658042576824464
84.9671,84.9671,206.0,211.28363040912703,210.42825268315227,-21.683630409127026
84.9865,84.9865,228.0,211.30947071301105,210.449403696185,0.2905292869889493
85.006,85.006,227.0,211.33552703411203,210.47069321758667,-0.7355270341120317
85.0254,85.0254,246.0,211.36183733083865,210.49220876262194,18.238162669161348
85.0449,85.0449,198.0,211.38836156266126,210.51386149970122,-29.788361562661258
85.0644,85.0644,217.0,211.41511759527742,210.53569504108762,-10.815117595277421
85.0838,85.0838,192.0,211.4421294756183,210.55775267220162,-35.842129475618286
85.1033,85.1033,207.0,211.46935640230842,210.57994571412448,-20.86935640230842
85.1227,85.1227,229.0,211.49683326443434,210.60236118035542,1.103166735565658
85.1422,85.1422,212.0,211.5245277943487,210.624910184689,-15.924527794348698
85.1616,85.1616,213.0,211.55247388415896,210.64767968983318,-14.952473884158955
85.1811,85.1811,237.0,211.58063288124117,210.67058110004365,9.01936711875883
85.2006,85.2006,189.0,211.60902812956573,210.693657423361,-39.00902812956573
85.22,85.22,225.0,211.6376737144323,210.716951733911,-3.0376737144323087
85.2395,85.2395,217.0,211.66653576139234,210.74037554969732,-11.066535761392338
85.2589,85.2589,224.0,211.69564454718915,210.76401547383674,-4.095644547189146
85.2784,85.2784,216.0,211.72497325344168,210.78778333458283,-12.124973253441674
85.2978,85.2978,199.0,211.75454786356997,210.81176573728175,-29.154547863569967
85.3173,85.3173,244.0,211.78434364870066,210.83587479789142,15.815656351299346
85.3368,85.3368,210.0,211.81437338266477,210.86015329532407,-18.214373382664768
85.3562,85.3562,227.0,211.84465104881275,210.88464399472082,-1.2446510488127487
85.3757,85.3757,201.0,211.87514643406274,210.9092591452187,-27.27514643406274
85.3951,85.3951,233.0,211.9058909432186,210.93408504417556,4.694109056781407
85.4146,85.4146,216.0,211.93685715986777,210.95903408381838,-12.336857159867769
85.434,85.434,217.0,211.96806783386438,210.9841924455436,-11.36806783386438
85.4535,85.4535,195.0,211.99950399916864,211.00947289981062,-33.39950399916864
85.473,85.473,199.0,212.03117616708116,211.0349182806151,-29.431176167081155
85.4924,85.4924,213.0,212.06309356748082,211.06057102630842,-15.463093567480819
85.5119,85.5119,218.0,212.0952366178918,211.08634375780295,-10.495236617891798
85.5313,85.5313,237.0,212.12762765474915,211.11232186271064,8.472372345250854
85.5508,85.5508,198.0,212.1602439403852,211.13841814750958,-30.560243940385185
85.5702,85.5702,215.0,212.19310353946878,211.16471808731188,-13.593103539468778
85.5897,85.5897,228.0,212.22619326117996,211.1911346662332,-0.6261932611799566
85.6091,85.6091,203.0,212.25952913610837,211.21775299485938,-25.659529136108368
85.6286,85.6286,199.0,212.2930896999464,211.24448638400548,-29.69308969994639
85.6481,85.6481,227.0,212.32689163313302,211.27137692697923,-1.7268916331330146
85.6675,85.6675,197.0,212.3609391335869,211.2984663550729,-31.760939133586895
85.687,85.687,206.0,212.39521437499442,211.3256680476212,-22.795214374994423
85.7064,85.7064,210.0,212.42973596139842,211.35306643638373,-18.82973596139842
85.7259,85.7259,207.0,212.46448990675694,211.3805747529456,-21.864489906756937
85.7453,85.7453,220.0,212.4994850602508,211.40827708634765,-8.899485060250804
85.7648,85.7648,228.0,212.53471370236363,211.43608668944907,-0.9347137023636307
85.7843,85.7843,222.0,212.57018169564768,211.4640448858848,-6.970181695647675
85.8037,85.8037,241.0,212.60589200531882,211.4921929702661,11.99410799468118
85.8232,85.8232,208.0,212.64183346294436,211.52044475878705,-21.04183346294436
85.8426,85.8426,213.0,212.67801887602917,211.54888427890737,-16.07801887602917
85.8621,85.8621,213.0,212.71444099936568,211.57742563536794,-16.114440999365677
85.8815,85.8815,219.0,212.75110098746188,211.60615255848958,-10.15110098746188
85.901,85.901,228.0,212.78800272259312,211.63497928482772,-1.1880027225931187
85.9205,85.9205,233.0,212.82514502730703,211.66394714961405,3.774854972692971
85.9399,85.9399,202.0,212.86252645595775,211.69309744781077,-27.262526455957747
85.9594,85.9594,203.0,212.90015092087188,211.72234508709377,-26.30015092087188
85.9788,85.9788,211.0,212.9380191104036,211.75177352626847,-18.338019110403586
85.9983,85.9983,229.0,212.97613105332178,211.78129755393985,-0.3761310533217781
86.0177,86.0177,255.0,213.01448117674386,211.81100023285106,25.585518823256145
86.0372,86.0372,220.0,213.0530822064467,211.84079664893977,-9.453082206446702
86.0567,86.0567,219.0,213.0919293647409,211.87072796833436,-10.491929364740905
86.0761,86.0761,233.0,213.1310152932082,211.90083521271484,3.468984706791794
86.0956,86.0956,223.0,213.17035689044016,211.93103388483664,-6.570356890440159
86.115,86.115,181.0,213.20994330060162,211.96140702560922,-48.60994330060162
86.1345,86.1345,229.0,213.24978459635273,211.99187061788598,-0.649784596352724
86.1539,86.1539,239.0,213.28986685300833,212.02250717064936,9.310133146991667
86.1734,86.1734,208.0,213.33021262394797,212.05323260593832,-21.73021262394797
86.1929,86.1929,211.0,213.37081287147288,212.08408806168725,-18.770812871472877
86.2123,86.2123,242.0,213.4116558469598,212.11511437546721,12.188344153040198
86.2318,86.2318,226.0,213.45276906809647,212.14622783481502,-3.852769068096471
86.2512,86.2512,205.0,213.49413142354595,212.1775108350882,-24.89413142354595
86.2707,86.2707,214.0,213.53576011322275,212.20888018110884,-15.935760113222749
86.2901,86.2901,222.0,213.57764248986442,212.24041804472137,-7.977642489864415
86.3096,86.3096,211.0,213.61980103076013,212.2720412848742,-19.019801030760128
86.3291,86.3291,231.0,213.66222574485448,212.3037907450618,0.9377742551455199
86.3485,86.3485,242.0,213.704900056233,212.33570699249933,11.895099943767015
86.368,86.368,219.0,213.74786240551038,212.3677073875749,-11.147862405510374
86.3874,86.3874,235.0,213.7910783759478,212.39987391365332,4.808921624052211
86.4069,86.4069,241.0,213.83458581672386,212.43212437406223,10.765414183276143
86.4263,86.4263,220.0,213.87835598062793,212.46454076874952,-10.278355980627929
86.4458,86.4458,198.0,213.9224224701409,212.49704152552277,-32.3224224701409
86.4653,86.4653,217.0,213.96676841965717,212.5296678920161,-13.36676841965717
86.4847,86.4847,226.0,214.01138413037765,212.56246067114927,-4.411384130377648
86.5042,86.5042,213.0,214.05630928491715,212.59533845422632,-17.456309284917147
86.5236,86.5236,238.0,214.10149996290997,212.6283828270635,7.498500037090032
86.5431,86.5431,214.0,214.14701257806698,212.66151267754216,-16.547012578066976
86.5625,86.5625,215.0,214.19280160581303,212.6948095336752,-15.59280160581303
86.582,86.582,218.0,214.23891069298077,212.72819269270897,-12.638910692980765
86.6015,86.6015,211.0,214.28532817442243,212.7617030248174,-19.68532817442243
86.6209,86.6209,198.0,214.33203205751605,212.7953811836294,-32.732032057516044
86.6404,86.6404,182.0,214.37907400132949,212.82914674111453,-48.779074001329484
86.6598,86.6598,226.0,214.4263981444273,212.86308031475315,-4.8263981444273085
86.6793,86.6793,211.0,214.47407600504863,212.8971010670081,-19.87407600504863
86.6987,86.6987,216.0,214.52204722478203,212.9312890689891,-14.922047224782027
86.7182,86.7182,200.0,214.57036895619797,212.96556375826444,-30.970368956197966
86.7377,86.7377,212.0,214.61902366667627,212.99996492405177,-19.01902366667627
86.7571,86.7571,241.0,214.66798073429416,213.03453191026117,9.93201926570584
86.7766,86.7766,191.0,214.71730652647742,213.06918423961605,-40.117306526477414
86.796,86.796,238.0,214.7669298113348,213.10400124085447,6.833070188665211
86.8155,86.8155,239.0,214.81693852927432,213.13890257350295,7.783061470725677
86.8349,86.8349,210.0,214.86725155193693,213.173967218336,-21.26725155193693
86.8544,86.8544,208.0,214.91795579471807,213.20911550487915,-23.317955794718067
86.8739,86.8739,218.0,214.96901796929743,213.2443867621829,-13.369017969297424
86.8933,86.8933,230.0,215.0203984389239,213.27981995766356,-1.420398438923904
86.9128,86.9128,212.0,215.07217699969195,213.31533560482868,-19.472176999691946
86.9322,86.9322,210.0,215.1242833230815,213.35101222951752,-21.524283323081498
86.9517,86.9517,203.0,215.17680741943414,213.3867706808691,-28.57680741943414
86.9711,86.9711,190.0,215.22965351126746,213.4226890757588,-41.629653511267456
86.9906,86.9906,217.0,215.28293530303736,213.45868825462816,-14.682935303037361
87.0101,87.0101,207.0,215.33660333151886,213.4948064899379,-24.736603331518857
87.0295,87.0295,223.0,215.3906043940239,213.53108178806275,-8.790604394023909
87.049,87.049,196.0,215.44505372711063,213.56743491148922,-35.84505372711063
87.0684,87.0684,228.0,215.4998513400585,213.60394275322815,-3.899851340058511
87.0879,87.0879,211.0,215.55510527250618,213.64052614008818,-20.95510527250618
87.1073,87.1073,224.0,215.6107015600515,213.67726156197236,-8.010701560051494
87.1268,87.1268,202.0,215.6667765033499,213.71407014946453,-30.066776503349892
87.1463,87.1463,234.0,215.72327014877524,213.7509894991259,1.8767298512247592
87.1657,87.1657,222.0,215.7801186954047,213.78805674831406,-10.180118695404694
87.1852,87.1852,208.0,215.83746095702642,213.82519349399297,-24.23746095702642
87.2046,87.2046,227.0,215.89517596345212,213.8624755871744,-5.295175963452117
87.2241,87.2241,229.0,215.95339487794377,213.89982482315543,-3.3533948779437637
87.2435,87.2435,208.0,216.011981241263,213.93731676617858,-24.411981241262986
87.263,87.263,211.0,216.07109819530035,213.9748737197354,-21.47109819530035
87.2825,87.2825,204.0,216.13067418831503,214.01253283923148,-28.530674188315025
87.3019,87.3019,221.0,216.1906307695663,214.05033091618918,-11.590630769566296
87.3214,87.3214,221.0,216.25114348740453,214.08819028923807,-11.651143487404532
87.3408,87.3408,237.0,216.31205720339375,214.12618561070428,4.287942796606252
87.3603,87.3603,212.0,216.37352506919677,214.16423956338835,-20.773525069196772
87.3797,87.3797,201.0,216.43540956157287,214.2024267517298,-31.835409561572867
87.3992,87.3992,223.0,216.49787923515194,214.2406702655297,-9.89787923515194
87.4187,87.4187,222.0,216.5608582605404,214.2790064921756,-10.960858260540412
87.4381,87.4381,234.0,216.6242532763061,214.31747158621363,0.9757467236939092
87.4576,87.4576,205.0,216.6882731891458,214.3559889510927,-28.088273189145802
87.477,87.477,220.0,216.75272433216762,214.39463245881748,-13.152724332167615
87.4965,87.4965,217.0,216.81781632419515,214.43332581380992,-16.217816324195148
87.5159,87.5159,238.0,216.88336621321767,214.47214244854263,4.716633786782332
87.5354,87.5354,204.0,216.9495744569014,214.5110063536124,-29.349574456901387
87.5549,87.5549,208.0,217.0163444520672,214.54995371782502,-25.416344452067186
87.5743,87.5743,225.0,217.08359745031393,214.589020255792,-8.48359745031393
87.5938,87.5938,211.0,217.1515504204338,214.62813029679597,-22.551550420433806
87.6132,87.6132,214.0,217.21998526264133,214.6673564815111,-19.61998526264133
87.6327,87.6327,237.0,217.28915030037766,214.7066234140921,3.310849699622345
87.6521,87.6521,221.0,217.3588283761023,214.74600327868876,-12.758828376102308
87.6716,87.6716,187.0,217.42925922028755,214.78542111731844,-46.82925922028755
87.6911,87.6911,216.0,217.5003249281313,214.8249124242096,-17.900324928131305
87.7105,87.7105,214.0,217.57194391611702,214.86451200177493,-19.97194391611702
87.73,87.73,215.0,217.64436194718718,214.90414494603587,-19.044361947187177
87.7494,87.7494,234.0,217.71732022692422,214.94388240999874,-0.11732022692421396
87.7689,87.7689,213.0,217.79112764667,214.98364968231758,-21.19112764666999
87.7883,87.7883,206.0,217.86551343927928,215.02351772372475,-28.26551343927928
87.8078,87.8078,212.0,217.94075450600292,215.06341222523287,-22.340754506002916
87.8273,87.8273,214.0,218.01675093178966,215.10336753349188,-20.416750931789657
87.8467,87.8467,240.0,218.09336549625388,215.14341759059133,5.50663450374612
87.8662,87.8662,233.0,218.1709056702371,215.18348824006446,-1.5709056702370887
87.8856,87.8856,211.0,218.24906494625978,215.22364947169893,-23.649064946259777
87.9051,87.9051,194.0,218.32821132072712,215.26382781219422,-40.72821132072712
87.9245,87.9245,210.0,218.40800908062093,215.30409298390805,-24.808009080620927
87.944,87.944,209.0,218.48882771138003,215.34437141953543,-25.888827711380024
87.9635,87.9635,249.0,218.57052181242858,215.38469658984548,14.02947818757142
87.9829,87.9829,226.0,218.65292699233396,215.4251015115518,-9.052926992333958
88.0024,88.0024,213.0,218.73640044562293,215.46551300383086,-22.136400445622932
88.0218,88.0218,214.0,218.82062794522673,215.50599964428827,-21.22062794522673
88.0413,88.0413,207.0,218.9059967593238,215.54648856756864,-28.30599675932381
88.0607,88.0607,221.0,218.99212951629426,215.58704786686553,-14.392129516294254
88.0802,88.0802,211.0,219.07946408023773,215.6276047767238,-24.479464080237726
88.0997,88.0997,258.0,219.16782955200642,215.6681919866172,22.432170447993578
88.1191,88.1191,222.0,219.2570333875164,215.7088417425088,-13.6570333875164
88.1386,88.1386,221.0,219.3474954565694,215.74948171764825,-14.74749545656939
88.158,88.158,230.0,219.4388630454788,215.79017897524082,-5.838863045478796
88.1775,88.1775,228.0,219.53158093275292,215.83086155396987,-7.931580932752915
88.1969,88.1969,206.0,219.62519957567898,215.8715963021513,-30.025199575678975
88.2164,88.2164,231.0,219.7202664464595,215.91231180259462,-5.120266446459503
88.2359,88.2359,218.0,219.81655866207566,215.9530401473244,-18.216558662075663
88.2553,88.2553,245.0,219.91383485865563,215.9938132097827,8.686165141344368
88.2748,88.2748,217.0,220.0126646556612,216.03456000686998,-19.41266465566121
88.2942,88.2942,233.0,220.1125648252444,216.07534674521565,-3.5125648252443895
88.3137,88.3137,217.0,220.214092481181,216.11610294815796,-19.61409248118101
88.3331,88.3331,211.0,220.3167139853387,216.15689457584187,-25.716713985338707
88.3526,88.3526,210.0,220.42108820258974,216.19765159988816,-26.821088202589742
88.372,88.372,229.0,220.52663106808862,216.23843946790893,-7.926631068088618
88.3915,88.3915,202.0,220.63401113619406,216.27918825510312,-35.03401113619406
88.411,88.411,224.0,220.74297928844553,216.3199294778978,-13.142979288445524
88.4304,88.4304,226.0,220.85325453021846,216.36069406987286,-11.253254530218463
88.4499,88.4499,230.0,220.96549053589888,216.40141254451908,-7.3654905358988785
88.4693,88.4693,206.0,221.07913287201413,216.44214929681561,-31.479132872014127
88.4888,88.4888,197.0,221.19489508306546,216.4828353644506,-40.59489508306546
88.5082,88.5082,239.0,221.31210983057156,216.52353470723716,1.2878901694284437
88.5277,88.5277,214.0,221.43158447712537,216.56417825175484,-23.831584477125368
88.5472,88.5472,234.0,221.55302514179,216.60479658837198,-3.953025141789986
88.5666,88.5666,218.0,221.67609671601164,216.6454198551933,-20.07609671601164
88.5861,88.5861,239.0,221.80158681026072,216.68597978401166,0.7984131897392857
88.6055,88.6055,242.0,221.92886360528954,216.72653934986312,3.671136394710466
88.625,88.625,214.0,222.0587624060153,216.76703080734492,-24.45876240601529
88.6444,88.6444,224.0,222.19048345446524,216.80751716768987,-14.590483454465236
88.6639,88.6639,206.0,222.32504824115318,216.84793117696958,-32.72504824115318
88.6834,88.6834,223.0,222.4620741229872,216.88830315006211,-15.862074122987188
88.7028,88.7028,208.0,222.60113560019943,216.928662839643,-31.001135600199426
88.7223,88.7223,211.0,222.74331324359906,216.96894341240906,-28.14331324359906
88.7417,88.7417,255.0,222.8877325064157,217.00920654733255,15.712267493584314
88.7612,88.7612,218.0,223.0354599171762,217.04938549562317,-21.43545991717621
88.7806,88.7806,239.0,223.18552848977868,217.08954151469834,-0.5855284897786746
88.8001,88.8001,192.0,223.33919624037839,217.12960827722625,-47.739196240378384
88.8196,88.8196,242.0,223.49600727435842,217.16961520694653,2.1039927256415822
88.839,88.839,228.0,223.655437178638,217.20959098330113,-12.055437178638009
88.8585,88.8585,225.0,223.81886802168066,217.24946989659279,-15.218868021680656
88.8779,88.8779,257.0,223.9851914485095,217.28931230990673,16.61480855149049
88.8974,88.8974,206.0,224.15570098140788,217.32905300842128,-34.555700981407874
88.9168,88.9168,218.0,224.3293692235855,217.36875206709288,-22.7293692235855
88.9363,88.9363,222.0,224.50761324086676,217.40834453326573,-18.90761324086676
88.9558,88.9558,192.0,224.68993702524847,217.44785893218113,-49.08993702524847
88.9752,88.9752,229.0,224.87570928126732,217.48732339167415,-12.275709281267318
88.9947,88.9947,215.0,225.0666576970771,217.5266731336984,-26.46665769707709
89.0141,89.0141,218.0,225.26142661020788,217.5659667160605,-23.661426610207876
89.0336,89.0336,208.0,225.46162354942513,217.60513974962393,-33.861623549425126
89.053,89.053,222.0,225.66605059042118,217.64425025150084,-20.066050590421177
89.0725,89.0725,233.0,225.8764342735551,217.68323400623754,-9.276434273555104
89.092,89.092,229.0,226.09220138580486,217.7221182369358,-13.492201385804854
89.1114,89.1114,211.0,226.31258703349766,217.76092988584,-31.712587033497663
89.1309,89.1309,218.0,226.5397784244517,217.79960553847872,-24.939778424451696
89.1503,89.1503,203.0,226.77202986644562,217.83820208178088,-40.17202986644562
89.1698,89.1698,242.0,227.0116177548684,217.87665631278986,-1.4116177548684092
89.1892,89.1892,192.0,227.2568342343256,217.91502441589452,-51.65683423432559
89.2087,89.2087,237.0,227.50997154680084,217.95324356688053,-6.90997154680084
89.2282,89.2282,233.0,227.77025512273715,217.99133987956134,-11.170255122737153
89.2476,89.2476,201.0,228.03700793869484,218.02933921700097,-43.43700793869484
89.2671,89.2671,224.0,228.3127847823718,218.06717928989892,-20.712784782371806
89.2865,89.2865,226.0,228.59546497684315,218.1049151014137,-18.995464976843145
89.306,89.306,216.0,228.8880815580106,218.14248452826715,-29.28808155801061
89.3254,89.3254,216.0,229.18841169940336,218.17994220213103,-29.58841169940336
89.3449,89.3449,232.0,229.4993572332927,218.21722637088018,-13.899357233292697
89.3644,89.3644,217.0,229.8202687666886,218.2543623163874,-29.220268766688598
89.3838,89.3838,247.0,230.1501094922126,218.29137500088416,0.44989050778739426
89.4033,89.4033,223.0,230.49222908448272,218.32820325416498,-23.892229084482715
89.4227,89.4227,247.0,230.84398594433722,218.36490071481305,-0.24398594433721854
89.4422,89.4422,214.0,231.20936403782665,218.40140684516695,-33.609364037826644
89.4616,89.4616,221.0,231.5855518028195,218.43777505954466,-26.985551802819508
89.4811,89.4811,252.0,231.97635032328546,218.47394534692606,3.6236496767145425
89.5006,89.5006,215.0,232.38111418572592,218.50994254473613,-33.78111418572592
89.52,89.52,249.0,232.7984369740721,218.5457912133914,-0.19843697407210215
89.5395,89.5395,215.0,233.23282728158966,218.58143202083943,-34.63282728158966
89.5589,89.5589,222.0,233.68090232348928,218.61691740509315,-28.080902323489276
89.5784,89.5784,243.0,234.14798909059635,218.6521885652472,-7.547989090596353
89.5978,89.5978,245.0,234.63029344223142,218.6872973771282,-6.030293442231418
89.6173,89.6173,249.0,235.1334677213672,218.72218566725235,-2.5334677213671952
89.6368,89.6368,242.0,235.65622973843418,218.75687805624682,-10.056229738434176
89.6562,89.6562,209.0,236.19697720345954,218.79139891756765,-43.59697720345954
89.6757,89.6757,226.0,236.76160967869737,218.82569135495106,-27.161609678697367
89.6951,89.6951,219.0,237.3463486668192,218.85980676935836,-34.74634866681921
89.7146,89.7146,259.0,237.9577935206077,218.89368856027662,4.642206479392293
89.734,89.734,258.0,238.5910999552722,218.92738764557708,3.0089000447278025
89.7535,89.7535,247.0,239.25418296217305,218.96084788111045,-8.654182962173046
89.773,89.773,217.0,239.94522333478858,218.99409343152274,-39.34522333478858
89.7924,89.7924,225.0,240.66192348203936,219.02714821700008,-32.061923482039354
89.8119,89.8119,229.0,241.4131368994349,219.05995697906314,-28.8131368994349
89.8313,89.8313,239.0,242.19320595527125,219.09256977509702,-19.59320595527125
89.8508,89.8508,235.0,243.01123119505874,219.1249318744,-24.41123119505874
89.8702,89.8702,260.0,243.86073914694245,219.15709310329476,-0.2607391469424485
89.8897,89.8897,265.0,244.75257878232455,219.1889994911164,3.8474212176754534
89.9092,89.9092,250.0,245.68428841109946,219.22067495254564,-12.084288411099458
89.9286,89.9286,244.0,246.65259133103402,219.25214295796331,-19.052591331034016
89.9481,89.9481,219.0,247.66987796143366,219.28335050770355,-45.069877961433654
89.9675,89.9675,258.0,248.7279641333202,219.3143468715876,-7.127964133320198
89.987,89.987,232.0,249.8393179600916,219.3450796615777,-34.23931796009159
90.0064,90.0064,226.0,250.99477263568986,219.37559769435694,-41.394772635689854
90.0259,90.0259,242.0,252.20897612788747,219.4058492260347,-26.608976127887466
90.0454,90.0454,265.0,253.47809712745516,219.4358579013053,-4.878097127455156
90.0648,90.0648,247.0,254.79706026845128,219.4656470825085,-24.197060268451274
90.0843,90.0843,261.0,256.18224712386154,219.49516597495048,-11.582247123861542
90.1037,90.1037,232.0,257.62151531451974,219.52446274245972,-42.02151531451974
90.1232,90.1232,255.0,259.13030283186976,219.55348733279666,-20.530302831869754
90.1426,90.1426,239.0,260.6965458500705,219.58228756692804,-38.09654585007049
90.1621,90.1621,251.0,262.3368321334933,219.61081409348498,-27.736832133493316
90.1816,90.1816,225.0,264.0445541239538,219.63909058377442,-55.444554123953786
90.201,90.201,263.0,265.81058739849766,219.66714041077898,-19.21058739849766
90.2205,90.2205,255.0,267.65426799644143,219.6949153091619,-29.054267996441432
90.2399,90.2399,273.0,269.5553360049279,219.722462406596,-12.95533600492788
90.2594,90.2594,270.0,271.5326290775983,219.7497340973038,-17.9326290775983
90.2788,90.2788,268.0,273.56420422882076,219.77677715552437,-21.964204228820755
90.2983,90.2983,275.0,275.6667836981336,219.80354448181288,-17.066783698133598
90.3178,90.3178,277.0,277.81096686007834,219.8300592793995,-17.210966860078337
90.3372,90.3372,256.0,280.0099923979735,219.8563442571057,-40.40999239797352
90.3567,90.3567,286.0,282.2639273173337,219.8823530797771,-12.663927317333695
90.3761,90.3761,264.0,284.54048194225396,219.9081314269016,-36.94048194225396
90.3956,90.3956,261.0,286.85416097232223,219.93363358500937,-42.25416097232223
90.415,90.415,277.0,289.1689819213077,219.95890476310123,-28.568981921307703
90.4345,90.4345,302.0,291.49414321869153,219.98389983828153,-5.894143218691532
90.454,90.454,268.0,293.7943748001887,220.00864135519845,-42.194374800188676
90.4734,90.4734,287.0,296.05813537872837,220.03315135048473,-25.458135378728365
90.4929,90.4929,283.0,298.2813515238226,220.0573854793652,-31.681351523822592
90.5123,90.5123,306.0,300.4219232391047,220.08138775384265,-10.82192323910467
90.5318,90.5318,280.0,302.4834714922206,220.10511434128165,-38.883471492220586
90.5512,90.5512,298.0,304.4247855615091,220.1286087415892,-22.82478556150911
90.5707,90.5707,278.0,306.2451518868671,220.1518276376308,-44.64515188686712
90.5902,90.5902,297.0,307.91670440958194,220.17479269815425,-27.316704409581938
90.6096,90.6096,303.0,309.4156775488485,220.19752507486865,-22.81567754884852
90.6291,90.6291,261.0,310.74157077741813,220.2199822304131,-66.14157077741814
90.6485,90.6485,295.0,311.86848837494074,220.2422063718446,-33.26848837494074
90.668,90.668,288.0,312.7989562071614,220.26415554294996,-41.19895620716138
90.6874,90.6874,286.0,313.5168500506332,220.28587148651752,-43.916850050633194
90.7069,90.7069,279.0,314.02484530322664,220.30731277171762,-51.42484530322664
90.7264,90.7264,283.0,314.3190700083956,220.3285002179746,-47.71907000839561
90.7458,90.7458,275.0,314.40127032488954,220.34945411662997,-55.801270324889536
90.7653,90.7653,254.0,314.27674869942933,220.3701338333313,-76.67674869942934
90.7847,90.7847,286.0,313.95189819400326,220.3905797942173,-44.35189819400326
90.8042,90.8042,272.0,313.43209196718607,220.4107520623084,-57.83209196718607
90.8236,90.8236,307.0,312.7316281432937,220.43069069098473,-22.131628143293675
90.8431,90.8431,300.0,311.8521658977084,220.45035628619127,-28.2521658977084
90.8626,90.8626,263.0,310.8074967971938,220.4697689113653,-64.20749679719378
90.882,90.882,281.0,309.6147666207433,220.48894808963405,-45.014766620743295
90.9015,90.9015,264.0,308.27334862657693,220.5078552805296,-60.67334862657693
90.9209,90.9209,295.0,306.80658017635574,220.52652923859955,-28.206580176355736
90.9404,90.9404,296.0,305.21149115454233,220.54493200393566,-25.61149115454233
90.9598,90.9598,261.0,303.5167392422602,220.5631018220362,-58.9167392422602
90.9793,90.9793,276.0,301.71524522098935,220.58100127987817,-42.115245220989344
90.9988,90.9988,270.0,299.82850453326023,220.59864963603914,-46.22850453326023
91.0182,91.0182,274.0,297.8799830599781,220.61606560080273,-40.279983059978086
91.0377,91.0377,276.0,295.8610122500438,220.63321266504863,-36.26101225004381
91.0571,91.0571,256.0,293.8051038838596,220.65012777918034,-54.2051038838596
91.0766,91.0766,275.0,291.7040833206669,220.6667749962145,-33.10408332066688
91.096,91.096,281.0,289.59250400322816,220.6831908491231,-24.992504003228156
91.1155,91.1155,254.0,287.4585677428303,220.69934008789363,-49.858567742830324
91.135,91.135,253.0,285.3252682915545,220.7152411650231,-48.72526829155449
91.1544,91.1544,256.0,283.2147987793912,220.73091213760074,-43.61479877939117
91.1739,91.1739,268.0,281.1130500520524,220.74631894695708,-29.513050052052414
91.1933,91.1933,251.0,279.0507741389897,220.76149721077203,-44.45077413898971
91.2128,91.2128,268.0,277.0150819788487,220.77641358996735,-25.415081978848683
91.2322,91.2322,249.0,275.0321171640287,220.79110335354503,-42.4321171640287
91.2517,91.2517,293.0,273.0868342426698,220.80553394949197,3.5131657573302064
91.2711,91.2711,260.0,271.20457633741466,220.81974030529793,-27.604576337414663
91.2906,91.2906,231.0,269.3676813151788,220.83369065232992,-54.7676813151788
91.3101,91.3101,235.0,267.5893464417133,220.84740318131892,-48.9893464417133
91.3295,91.3295,231.0,265.87984352733565,220.86089556374552,-51.27984352733565
91.349,91.349,251.0,264.22363701762777,220.8741371359905,-29.623637017627765
91.3684,91.3684,260.0,262.6362195909293,220.88716168322634,-19.03621959092927
91.3879,91.3879,229.0,261.102189492139,220.8999393806012,-48.50218949213902
91.4073,91.4073,242.0,259.63724993344067,220.9125037148016,-34.03724993344067
91.4268,91.4268,249.0,258.2240599910485,220.92482555649107,-25.624059991048476
91.4463,91.4463,237.0,256.86976000786245,220.9369227965459,-36.26976000786245
91.4657,91.4657,253.0,255.5796335488513,220.94881295014957,-18.97963354885129
91.4852,91.4852,215.0,254.3385253497177,220.96046828561614,-55.73852534971771
91.5046,91.5046,232.0,253.1569676911841,220.9719215548272,-37.55696769118409
91.5241,91.5241,223.0,252.02135819142998,220.98314566392094,-45.42135819142998
91.5435,91.5435,236.0,250.94181112750556,220.99417270262782,-31.341811127505558
91.563,91.563,252.0,249.9042572798216,221.00497619709276,-14.304257279821591
91.5825,91.5825,237.0,248.91288616276444,221.0155735314206,-28.312886162764435
91.6019,91.6019,253.0,247.97089135890667,221.02598168631758,-11.370891358906668
91.6214,91.6214,237.0,247.06575830130504,221.03617551949208,-26.465758301305037
91.6408,91.6408,236.0,246.20526495503867,221.0461862029584,-26.60526495503867
91.6603,91.6603,243.0,245.37898831708725,221.05598950595515,-18.778988317087247
91.6797,91.6797,262.0,244.5932997331584,221.06561623445936,1.006700266841598
91.6992,91.6992,251.0,243.83825074264627,221.07504306199053,-9.238250742646265
91.7187,91.7187,204.0,243.1164704012141,221.0842873099251,-55.516470401214086
91.7381,91.7381,220.0,242.4301191092056,221.0933658937569,-38.830119109205604
91.7576,91.7576,247.0,241.76993061775215,221.10225639399349,-11.16993061775215
91.777,91.777,218.0,241.14152104488952,221.11098819280767,-39.541521044889514
91.7965,91.7965,209.0,240.53735418259072,221.11953961554377,-47.93735418259072
91.8159,91.8159,235.0,239.961640216816,221.12793953689575,-21.361640216815992
91.8354,91.8354,229.0,239.40751955090116,221.13616658415856,-26.807519550901155
91.8549,91.8549,228.0,238.87692895936473,221.14423685843224,-27.27692895936473
91.8743,91.8743,208.0,238.37109617181716,221.15216586828535,-46.771096171817156
91.8938,91.8938,210.0,237.88362794403696,221.15993331793024,-44.28362794403696
91.9132,91.9132,223.0,237.41872746386494,221.1675662402166,-30.81872746386494
91.9327,91.9327,224.0,236.97049311561392,221.1750445399116,-29.370493115613918
91.9521,91.9521,259.0,236.54249143643966,221.18239437991352,6.05750856356034
91.9716,91.9716,219.0,236.1295516114308,221.1895962170038,-33.5295516114308
91.9911,91.9911,231.0,235.7332836103651,221.196664706927,-21.133283610365105
92.0105,92.0105,229.0,235.35440145152162,221.20361378055173,-22.754401451521623
92.03,92.03,231.0,234.9884598223875,221.21042490206347,-20.38845982238751
92.0494,92.0494,212.0,234.63868497807684,221.21712270866556,-39.03868497807684
92.0689,92.0689,204.0,234.3004392937499,221.22368937958234,-46.70043929374989
92.0883,92.0883,232.0,233.97674655404285,221.2301487891395,-18.376746554042846
92.1078,92.1078,224.0,233.66375373470703,221.23648330569256,-26.063753734707028
92.1273,92.1273,217.0,233.3624900510579,221.2427061263517,-32.7624900510579
92.1467,92.1467,214.0,233.07382300920477,221.24882977129928,-35.47382300920477
92.1662,92.1662,214.0,232.79433086893212,221.25483748763978,-35.19433086893212
92.1856,92.1856,206.0,232.52655197921823,221.2607510274346,-42.926551979218225
92.2051,92.2051,198.0,232.2669751390122,221.26655397839107,-50.6669751390122
92.2245,92.2245,259.0,232.01798498400552,221.27226704052248,10.582015015994479
92.244,92.244,224.0,231.77671683017417,221.2778738564871,-24.176716830174165
92.2635,92.2635,231.0,231.54384012634597,221.28338554178592,-16.943840126345968
92.2829,92.2829,234.0,231.3202533438391,221.28881252284407,-13.720253343839111
92.3024,92.3024,244.0,231.10334483467958,221.29413954315945,-3.5033448346795737
92.3218,92.3218,199.0,230.89495405371994,221.29938552301493,-48.29495405371994
92.3413,92.3413,189.0,230.6925612115553,221.30453614247782,-58.0925612115553
92.3607,92.3607,197.0,230.49807104958884,221.30960951875213,-49.89807104958884
92.3802,92.3802,228.0,230.30910405261665,221.3145912048092,-18.709104052616645
92.3997,92.3997,219.0,230.1263878535753,221.31949031236724,-27.526387853575294
92.4191,92.4191,207.0,229.95060953974468,221.32431529997675,-39.350609539744674
92.4386,92.4386,247.0,229.77978142597783,221.32905228182483,0.8202185740221708
92.458,92.458,249.0,229.6152657426146,221.33371657618284,2.9847342573853908
92.4775,92.4775,238.0,229.45521725847573,221.33829493832712,-7.855217258475726
92.4969,92.4969,220.0,229.3011677294502,221.3428024362814,-25.701167729450212
92.5164,92.5164,232.0,229.15114672018845,221.34722684291805,-13.551146720188449
92.5359,92.5359,228.0,229.0058623910258,221.35157625083374,-17.4058623910258
92.5553,92.5553,213.0,228.8658935848294,221.3558581351751,-32.26589358482939
92.5748,92.5748,214.0,228.72955377513838,221.36006127849112,-31.129553775138383
92.5942,92.5942,219.0,228.59807665034654,221.36419900971984,-25.99807665034654
92.6137,92.6137,243.0,228.46996094201944,221.36826047137285,-1.8699609420194392
92.6331,92.6331,237.0,228.34645898954423,221.37225805865086,-7.74645898954423
92.6526,92.6526,253.0,228.22600028881973,221.37618168706095,8.373999711180268
92.6721,92.6721,217.0,228.10917255265667,221.38003821795127,-27.509172552656672
92.6915,92.6915,216.0,227.99648656877335,221.38383401215623,-28.396486568773348
92.711,92.711,206.0,227.8865179306826,221.387560210593,-38.2865179306826
92.7304,92.7304,221.0,227.78035591379393,221.39122772520673,-23.180355913793925
92.7499,92.7499,224.0,227.67680398120717,221.39482800761283,-20.07680398120717
92.7693,92.7693,199.0,227.57679853376018,221.39837095134268,-44.97679853376018
92.7888,92.7888,232.0,227.47916927021845,221.4018485983933,-11.879169270218448
92.8083,92.8083,214.0,227.38437396254366,221.40526584351295,-29.78437396254366
92.8277,92.8277,245.0,227.2928384279068,221.40862693973133,1.3071615720932144
92.8472,92.8472,200.0,227.20341409265237,221.41192455060792,-43.603414092652365
92.8666,92.8666,219.0,227.1169948801264,221.41516654710762,-24.51699488012641
92.8861,92.8861,248.0,227.03263963490195,221.41834617224777,4.567360365098047
92.9055,92.9055,217.0,226.9510577744215,221.42147016990634,-26.351057774421513
92.925,92.925,228.0,226.87136077172698,221.42453260794423,-15.271360771726982
92.9445,92.9445,222.0,226.79393454109157,221.4275369237934,-21.193934541091572
92.9639,92.9639,220.0,226.71906858770961,221.43048585316205,-23.119068587709613
92.9834,92.9834,211.0,226.6458942729567,221.43337436696586,-32.045894272956694
93.0028,93.0028,221.0,226.57515374776077,221.43620738576448,-21.975153747760764
93.0223,93.0223,233.0,226.50601517298975,221.43898032162593,-9.906015172989747
93.0417,93.0417,246.0,226.43912980977623,221.4416971118842,3.1608701902237684
93.0612,93.0612,221.0,226.37375446769298,221.44435388912945,-21.773754467692974
93.0807,93.0807,242.0,226.31022972971832,221.4469527181648,-0.7102297297183142
93.1001,93.1001,240.0,226.24874845316228,221.4494948657929,-2.648748453162277
93.1196,93.1196,209.0,226.18864960274965,221.4519778573564,-33.58864960274965
93.139,93.139,207.0,226.13054829476394,221.45440434502203,-35.53054829476394
93.1585,93.1585,244.0,226.0737230476542,221.45677251875583,1.5262769523458033
93.1779,93.1779,253.0,226.0187560795764,221.45908384271974,10.581243920423596
93.1974,93.1974,220.0,225.9650451323134,221.461337189116,-22.365045132313405
93.2169,93.2169,221.0,225.91282191995575,221.4635335253479,-21.312821919955745
93.2363,93.2363,232.0,225.8623009220834,221.46567299662522,-10.26230092208339
93.2558,93.2558,222.0,225.81292867818559,221.46775561554742,-20.212928678185584
93.2752,93.2752,204.0,225.7652098162008,221.4697812870368,-38.16520981620081
93.2947,93.2947,232.0,225.71855894212737,221.471750764054,-10.118558942127372
93.3141,93.3141,230.0,225.67345233319267,221.47366287140986,-12.07345233319267
93.3336,93.3336,210.0,225.6294204471109,221.4755188893298,-32.0294204471109
93.3531,93.3531,203.0,225.58661628770756,221.4773181514644,-38.986616287707555
93.3725,93.3725,227.0,225.54524918739864,221.47905903685006,-14.945249187398638
93.392,93.392,228.0,225.5048751128975,221.48074349188704,-13.904875112897507
93.4114,93.4114,219.0,225.46586984146833,221.48236806919718,-22.86586984146833
93.4309,93.4309,212.0,225.42779485717966,221.48393547949996,-29.82779485717966
93.4503,93.4503,228.0,225.3910418575404,221.48544143545047,-13.791041857540385
93.4698,93.4698,240.0,225.35519387687123,221.4868891269679,-1.7551938768712247
93.4893,93.4893,211.0,225.32041380301308,221.48827582367156,-30.72041380301308
93.5087,93.5087,229.0,225.28685617466658,221.48959818480054,-12.68685617466658
93.5282,93.5282,250.0,225.2541776053343,221.4908605128632,8.34582239466571
93.5476,93.5476,233.0,225.22267124706192,221.49205643003552,-8.622671247061923
93.5671,93.5671,241.0,225.1919919929943,221.49319123850287,-0.591991992994302
93.5865,93.5865,250.0,225.16246175665268,221.49425807559695,8.437538243347326
93.606,93.606,256.0,225.1337302829387,221.49526324546255,14.466269717061301
93.6255,93.6255,234.0,225.10595135349362,221.49620331827776,-7.5059513534936215
93.6449,93.6449,224.0,225.07925446467124,221.49707424154641,-17.479254464671236
93.6644,93.6644,249.0,225.05334858254784,221.49788392538548,7.546651417452161
93.6838,93.6838,216.0,225.02847290305382,221.4986241442186,-25.428472903053823
93.7033,93.7033,212.0,225.0043787334401,221.49930376138317,-29.40437873344009
93.7227,93.7227,215.0,224.9813072752399,221.49991385175352,-26.381307275239912
93.7422,93.7422,232.0,224.9589937129964,221.50046374589226,-9.358993712996401
93.7617,93.7617,216.0,224.93755881141135,221.5009486078045,-25.33755881141135
93.7811,93.7811,224.0,224.91710834948645,221.50136287454845,-17.317108349486453
93.8006,93.8006,213.0,224.8974101105461,221.50171683733458,-28.297410110546103
93.82,93.82,234.0,224.8786584810214,221.5019991711475,-7.278658481021402
93.8395,93.8395,245.0,224.8606765480245,221.5022207514261,3.7393234519755154
93.8589,93.8589,232.0,224.8436264335344,221.5023693760347,-9.24362643353441
93.8784,93.8784,222.0,224.82733398705793,221.50245699415075,-19.227333987057925
93.8979,93.8979,211.0,224.81189033195776,221.50247745161099,-30.211890331957754
93.9173,93.9173,243.0,224.79736525978112,221.50242373514317,1.8026347402188847
93.9368,93.9368,220.0,224.78360755462495,221.502308797231,-21.18360755462495
93.9562,93.9562,223.0,224.77074139841181,221.50211862586343,-18.170741398411813
93.9757,93.9757,249.0,224.7586792560585,221.50186707231606,7.841320743941488
93.9951,93.9951,242.0,224.74750826199764,221.50153918786773,0.8524917380023638
94.0146,94.0146,223.0,224.73713235403423,221.50114979311937,-18.13713235403423
94.034,94.034,243.0,224.72765757059355,221.50068351666243,1.8723424294064515
94.0535,94.0535,231.0,224.7189980554536,221.50015611178506,-10.118998055453595
94.073,94.073,239.0,224.7112073264466,221.4995599321636,-2.1112073264466105
94.0924,94.0924,215.0,224.70431205717836,221.4988865647004,-26.104312057178355
94.1119,94.1119,205.0,224.69828382168123,221.4981533538381,-36.09828382168123
94.1313,94.1313,215.0,224.6931536462915,221.49734307083256,-26.093153646291505
94.1508,94.1508,239.0,224.6889167282606,221.49647346871603,-2.0889167282606067
94.1702,94.1702,221.0,224.68560101411668,221.49552609003368,-20.085601014116683
94.1897,94.1897,237.0,224.68320718997444,221.49451950570034,-4.083207189974438
94.2092,94.2092,241.0,224.68175533127877,221.49344434446186,-0.08175533127876378
94.2286,94.2286,229.0,224.68125341817705,221.4922905267387,-12.081253418177049
94.2481,94.2481,245.0,224.6817369775327,221.49107807187093,3.9182630224673076
94.2675,94.2675,234.0,224.6831865257523,221.48978683057666,-7.083186525752289
94.287,94.287,238.0,224.6856668068366,221.48843787420878,-3.085666806836592
94.3064,94.3064,242.0,224.6891666211805,221.48701050295037,0.9108333788194969
94.3259,94.3259,216.0,224.69374652819508,221.48552683567303,-25.093746528195076
94.3454,94.3454,232.0,224.69941592381588,221.48397693983182,-9.099415923815876
94.3648,94.3648,231.0,224.70614077479402,221.48234991152282,-10.10614077479402
94.3843,94.3843,248.0,224.71405854265456,221.48066922868185,6.885941457345446
94.4037,94.4037,247.0,224.7230636670444,221.47891237371428,5.876936332955587
94.4232,94.4232,250.0,224.73335724968248,221.4771039271037,8.866642750317517
94.4426,94.4426,256.0,224.7448052761256,221.47522094718482,14.855194723874412
94.4621,94.4621,248.0,224.75759854415998,221.47328928014656,6.842401455840026
94.4816,94.4816,261.0,224.7716989730222,221.47129827850688,19.82830102697779
94.501,94.501,229.0,224.78707545609223,221.4692366545515,-12.187075456092224
94.5205,94.5205,223.0,224.8039431080836,221.46713196886267,-18.203943108083585
94.5399,94.5399,212.0,224.82212767478484,221.46495982410872,-29.222127674784836
94.5594,94.5594,243.0,224.84194138353433,221.46274861342042,1.758058616465668
94.5788,94.5788,226.0,224.86316388503482,221.46047285546334,-15.263163885034821
94.5983,94.5983,233.0,224.88612786313283,221.45816180502973,-8.286127863132826
94.6178,94.6178,227.0,224.91074762874888,221.4558035766971,-14.310747628748878
94.6372,94.6372,222.0,224.9369496525949,221.45338549324214,-19.336949652594903
94.6567,94.6567,199.0,224.96509331431446,221.45093816817916,-42.36509331431446
94.6761,94.6761,212.0,224.99491400187316,221.44843414651655,-29.394914001873154
94.6956,94.6956,222.0,225.02685642052984,221.4459045151256,-19.426856420529838
94.715,94.715,226.0,225.06060516138845,221.44332043467034,-15.46060516138845
94.7345,94.7345,259.0,225.09662743493317,221.44071362555445,17.503372565066833
94.754,94.754,229.0,225.134859722295,221.43807011665072,-12.534859722295003
94.7734,94.7734,250.0,225.1751123474298,221.43537516183238,8.424887652570199
94.7929,94.7929,226.0,225.2179648525171,221.432661913612,-15.617964852517098
94.8123,94.8123,226.0,225.2630041291148,221.42989960980637,-15.663004129114789
94.8318,94.8318,170.0,225.31088477017556,221.4271224833678,-71.71088477017557
94.8512,94.8512,225.0,225.36112571498896,221.4242988689707,-16.761125714988957
94.8707,94.8707,208.0,225.41448274487536,221.4214631898908,-33.814482744875356
94.8902,94.8902,236.0,225.4707628677367,221.41859954800015,-5.870762867736708
94.9096,94.9096,236.0,225.5297496263057,221.41569092873067,-5.929749626305686
94.9291,94.9291,233.0,225.59222358455833,221.4127729498351,-8.992223584558324
94.9485,94.9485,204.0,225.65769544784052,221.409811008588,-38.05769544784052
94.968,94.968,236.0,225.72699570426533,221.40684179892077,-6.126995704265333
94.9874,94.9874,231.0,225.7994820009527,221.40382962248032,-11.199482000952706
95.0069,95.0069,216.0,225.87620943763778,221.40081190508468,-26.27620943763778
95.0264,95.0264,240.0,225.95690528166494,221.39777113835098,-2.356905281664943
95.0458,95.0458,216.0,226.04127514938216,221.3946887813804,-26.441275149382157
95.0653,95.0653,215.0,226.1304063805045,221.39160368814478,-27.530406380504495
95.0847,95.0847,201.0,226.22359624488143,221.38847795949883,-41.62359624488143
95.1042,95.1042,215.0,226.3220032240178,221.3853510843277,-27.722003224017804
95.1236,95.1236,219.0,226.4247598745745,221.38218380410177,-23.824759874574504
95.1431,95.1431,229.0,226.5332603187029,221.3790160662727,-13.9332603187029
95.1626,95.1626,232.0,226.64714678576132,221.37582798804223,-11.04714678576132
95.182,95.182,238.0,226.76593254680145,221.37259879802912,-5.16593254680145
95.2015,95.2015,244.0,226.89124935853425,221.36936981317757,0.7087506414657483
95.2209,95.2209,227.0,227.02192144455796,221.3660994759828,-16.42192144455796
95.2404,95.2404,235.0,227.15961035334547,221.36283034775795,-8.55961035334547
95.2598,95.2598,235.0,227.3030241395676,221.3595201459067,-8.70302413956761
95.2793,95.2793,242.0,227.45403727861355,221.3562124565359,-1.8540372786135535
95.2988,95.2988,225.0,227.6120649210474,221.35288640739984,-19.01206492104739
95.3182,95.3182,224.0,227.77641246704923,221.34952037304012,-20.176412467049225
95.3377,95.3377,211.0,227.94914753875904,221.34615958557177,-33.349147538759034
95.3571,95.3571,238.0,228.12856632790073,221.34275976319833,-6.528566327900727
95.3766,95.3766,193.0,228.31668850528044,221.3393668493214,-51.71668850528044
95.396,95.396,223.0,228.51184237038555,221.33593557358697,-21.91184237038555
95.4155,95.4155,207.0,228.7160952290377,221.3325125440977,-38.116095229037704
95.435,95.435,237.0,228.92849578031561,221.32907487982123,-8.328495780315613
95.4544,95.4544,196.0,229.1478508195879,221.32559852204312,-49.547850819587886
95.4739,95.4739,206.0,229.37656153236188,221.32213133327227,-39.776561532361875
95.4933,95.4933,221.0,229.61202142007505,221.31862476099505,-25.01202142007505
95.5128,95.5128,207.0,229.8564384165599,221.315126996583,-39.25643841655991
95.5322,95.5322,240.0,230.10715283663316,221.3115882253704,-6.507152836633161
95.5517,95.5517,222.0,230.3662334480595,221.3080572843255,-24.766233448059488
95.5712,95.5712,225.0,230.63192405445722,221.3045087650467,-22.031924054457214
95.5906,95.5906,230.0,230.90199892069936,221.3009162494373,-17.301998920699354
95.6101,95.6101,203.0,231.17866564022472,221.29733008796168,-44.57866564022472
95.6295,95.6295,261.0,231.45784630981598,221.29369796901142,13.142153690184024
95.649,95.649,216.0,231.7416033836114,221.29007095898126,-32.14160338361139
95.6684,95.6684,244.0,232.0255169939588,221.28639557366324,-4.4255169939588015
95.6879,95.6879,235.0,232.31114175580853,221.28272378506716,-13.711141755808534
95.7074,95.7074,218.0,232.595219342171,221.27902833243883,-30.99521934217099
95.7268,95.7268,225.0,232.87472327284092,221.27528108822926,-24.274723272840923
95.7463,95.7463,233.0,233.15047611123333,221.27153566785,-16.55047611123333
95.7657,95.7657,233.0,233.41760513406098,221.26773621726326,-16.817605134060976
95.7852,95.7852,228.0,233.67692191529383,221.26393738267157,-22.07692191529383
95.8046,95.8046,227.0,233.92345324508204,221.2600824925083,-23.323453245082042
95.8241,95.8241,248.0,234.15766391151737,221.2562272639892,-2.5576639115173734
95.8436,95.8436,223.0,234.37624105494888,221.252342900085,-27.776241054948876
95.863,95.863,238.0,234.57610528061588,221.24839983499407,-12.976105280615876
95.8825,95.8825,241.0,234.75748716870794,221.24445543371857,-10.157487168707938
95.9019,95.9019,252.0,234.91695131843355,221.24045090580194,0.6830486815664543
95.9214,95.9214,218.0,235.05482347830974,221.2364449050161,-33.45482347830974
95.9408,95.9408,222.0,235.16843330626125,221.23237801729053,-29.568433306261248
95.9603,95.9603,229.0,235.25833574645844,221.22830997792366,-22.65833574645844
95.9798,95.9798,222.0,235.3232601156689,221.2242107854333,-29.723260115668886
95.9992,95.9992,225.0,235.36273487576597,221.22004947543914,-26.762734875765965
96.0187,96.0187,244.0,235.37743050223364,221.21588719957504,-7.777430502233635
96.0381,96.0381,228.0,235.36740048185632,221.2116618683498,-23.76740048185632
96.0576,96.0576,209.0,235.333060371763,221.20743580970904,-42.733060371762996
96.077,96.077,248.0,235.2754333794347,221.20314614954447,-3.6754333794347005
96.0965,96.0965,231.0,235.19484401553223,221.1988560285423,-20.594844015532225
96.116,96.116,229.0,235.09244930757674,221.19453388279965,-22.49244930757674
96.1354,96.1354,232.0,234.96987588376092,221.19014719695718,-19.36987588376092
96.1549,96.1549,221.0,234.82726954176147,221.18576092280858,-30.227269541761466
96.1743,96.1743,232.0,234.66683549254546,221.18130982965104,-19.066835492545458
96.1938,96.1938,215.0,234.48830922640113,221.1768598848979,-35.88830922640113
96.2132,96.2132,241.0,234.2946984426695,221.17234484986182,-9.694698442669498
96.2327,96.2327,213.0,234.08513007003313,221.16783163976655,-37.48513007003313
96.2522,96.2522,239.0,233.86182459779354,221.163287120076,-11.261824597793542
96.2716,96.2716,242.0,233.62731953970533,221.15867697613868,-8.027319539705324
96.2911,96.2911,213.0,233.38043199827612,221.1540698140014,-36.78043199827612
96.3105,96.3105,231.0,233.12493295458987,221.14939704913496,-18.524932954589865
96.33,96.33,217.0,232.85973588457983,221.14472833285726,-32.25973588457983
96.3494,96.3494,224.0,232.5887979926846,221.13999395301624,-24.98879799268459
96.3689,96.3689,231.0,232.31067456175194,221.1352645361781,-17.710674561751937
96.3884,96.3884,225.0,232.02816445813573,221.1305050898905,-23.428164458135733
96.4078,96.4078,223.0,231.7440109044985,221.12567964525837,-25.144010904498508
96.4273,96.4273,247.0,231.4566033102287,221.1208603976072,-0.8566033102286994
96.4467,96.4467,252.0,231.17007603325868,221.1159749206317,4.42992396674132
96.4662,96.4662,246.0,230.88274658797823,221.11109662093054,-1.282746587978231
96.4856,96.4856,248.0,230.59858271235447,221.10615243503653,1.0014172876455305
96.5051,96.5051,223.0,230.31566501099485,221.10121721083382,-23.715665010994847
96.5246,96.5246,212.0,230.0364130521585,221.0962549716623,-34.43641305215851
96.544,96.544,228.0,229.76289332445054,221.09122865598204,-18.162893324450543
96.5635,96.5635,244.0,229.49306248009168,221.08621468883698,-1.8930624800916789
96.5829,96.5829,234.0,229.2302132396636,221.0811376266654,-11.630213239663611
96.6024,96.6024,236.0,228.97226952705253,221.0760751665986,-9.37226952705253
96.6218,96.6218,217.0,228.72199417529194,221.07095110418703,-28.12199417529194
96.6413,96.6413,245.0,228.47741978715436,221.0658444051522,0.1225802128456408
96.6608,96.6608,209.0,228.23987467207485,221.06071737536337,-35.639874672074846
96.6802,96.6802,221.0,228.01069040471887,221.05553146320278,-23.41069040471887
96.6997,96.6997,237.0,227.78765241717954,221.05036711743296,-7.187652417179542
96.7191,96.7191,254.0,227.57305150855018,221.04514543225002,10.026948491449822
96.7386,96.7386,210.0,227.36463154834212,221.0399479921274,-33.764631548342116
96.758,96.758,211.0,227.16437965973608,221.03469511903768,-32.56437965973608
96.7775,96.7775,211.0,226.9703604364001,221.02946943899482,-32.37036043640011
96.7969,96.7969,237.0,226.78420787861978,221.02418983237357,-6.18420787861978
96.8164,96.8164,227.0,226.60397874303325,221.01893963945238,-16.00397874303325
96.8359,96.8359,232.0,226.43047289290362,221.01367858531702,-10.830472892903622
96.8553,96.8553,211.0,226.2642125508669,221.00836532954847,-31.664212550866885
96.8748,96.8748,226.0,226.1034207080109,221.00308504833396,-16.5034207080109
96.8942,96.8942,212.0,225.94944002650794,220.9977537870421,-30.349440026507942
96.9137,96.9137,227.0,225.8006122024581,220.9924576278382,-15.200612202458096
96.9331,96.9331,228.0,225.658044386588,220.98711136744325,-14.058044386587987
96.9526,96.9526,211.0,225.52025950476911,220.9818020225969,-30.920259504769113
96.9721,96.9721,224.0,225.38773806583205,220.9764872117035,-17.787738065832052
96.9915,96.9915,220.0,225.26079565439574,220.97112328274264,-21.660795654395734
97.011,97.011,208.0,225.13805696327236,220.96579871841038,-33.53805696327236
97.0304,97.0304,212.0,225.02046932868976,220.96042535842133,-29.420469328689755
97.0499,97.0499,235.0,224.90676810201467,220.95509249931956,-6.306768102014665
97.0693,97.0693,229.0,224.79773673283208,220.94971050435,-12.197736732832077
97.0888,97.0888,209.0,224.69228515416657,220.94436971563215,-32.09228515416657
97.1083,97.1083,250.0,224.59067610340108,220.9390253395821,9.009323896598922
97.1277,97.1277,239.0,224.49319608846722,220.9336312755283,-1.8931960884672137
97.1472,97.1472,224.0,224.39879666806058,220.92827956804268,-16.798796668060582
97.1666,97.1666,230.0,224.3081866160534,220.92287812556592,-10.708186616053403
97.1861,97.1861,232.0,224.2203702253016,220.91752023866036,-8.620370225301592
97.2055,97.2055,225.0,224.13597498935673,220.91211273646647,-15.535974989356724
97.225,97.225,243.0,224.05418235974682,220.90675015233444,2.5458176402531834
97.2445,97.2445,233.0,223.97520211001273,220.9013860141866,-7.375202110012729
97.2639,97.2639,224.0,223.89918985507651,220.89597292304742,-16.299189855076513
97.2834,97.2834,208.0,223.82544560431543,220.8906073671755,-32.22544560431543
97.3028,97.3028,211.0,223.75443180760536,220.88519370966574,-29.154431807605356
97.3223,97.3223,226.0,223.6854586943451,220.87982933321067,-14.0854586943451
97.3417,97.3417,197.0,223.618993315595,220.87441708958102,-43.01899331559499
97.3612,97.3612,245.0,223.55440813274433,220.8690553206791,5.045591867255673
97.3807,97.3807,251.0,223.4918589883374,220.86369513183007,11.108141011662589
97.4001,97.4001,250.0,223.43149167414697,220.8582867005958,10.168508325853033
97.4196,97.4196,234.0,223.37278005466686,220.8529301283618,-5.77278005466686
97.439,97.439,240.0,223.31606940423399,220.8475257007726,0.28393059576601587
97.4585,97.4585,247.0,223.26085135321088,220.84217496188606,7.33914864678912
97.4779,97.4779,229.0,223.20747688957735,220.83677732781578,-10.607476889577349
97.4974,97.4974,202.0,223.15548728251693,220.8314358648567,-37.55548728251693
97.5169,97.5169,219.0,223.10500089719233,220.82610081971694,-20.505000897192325
97.5363,97.5363,243.0,223.0561367196962,220.8207210098182,3.543863280303789
97.5558,97.5558,219.0,223.00848413422037,220.81540090911574,-20.408484134220366
97.5752,97.5752,276.0,222.9623284030547,220.81003715848806,36.6376715969453
97.5947,97.5947,217.0,222.91728688147714,220.80473550298657,-22.317286881477138
97.6141,97.6141,220.0,222.8736309604402,220.79939135622288,-19.273630960440208
97.6336,97.6336,200.0,222.8309984349131,220.79411152199302,-39.23099843491311
97.6531,97.6531,229.0,222.78950104747688,220.78884383541478,-10.189501047476874
97.6725,97.6725,235.0,222.74922291953226,220.7835346655274,-4.1492229195322565
97.692,97.692,218.0,222.7098716593279,220.77829223675107,-21.109871659327887
97.7114,97.7114,224.0,222.67163056615357,220.77300875309567,-15.071630566153566
97.7309,97.7309,245.0,222.63425350215735,220.76779363407687,5.965746497842652
97.7503,97.7503,239.0,222.59791291394475,220.7625378146649,0.0020870860552477666
97.7698,97.7698,220.0,222.56236117455086,220.7573520777266,-18.962361174550857
97.7893,97.7893,231.0,222.52767740616,220.75218234543672,-7.927677406159994
97.8087,97.8087,235.0,222.49392871870165,220.74697330158122,-3.893928718701652
97.8282,97.8282,192.0,222.4608851338596,220.7418376619255,-46.86088513385959
97.8476,97.8476,248.0,222.42869754255864,220.73666391648354,9.171302457441364
97.8671,97.8671,222.0,222.3971850237411,220.73156568025917,-16.797185023741086
97.8865,97.8865,232.0,222.36647021941624,220.72643007392676,-6.766470219416242
97.906,97.906,208.0,222.33637502368646,220.72137207034848,-30.736375023686456
97.9255,97.9255,231.0,222.30695730070622,220.71633551364368,-7.706957300706215
97.9449,97.9449,256.0,222.27826401325567,220.71126285242715,17.321735986744336
97.9644,97.9644,210.0,222.25013164228412,220.70627079438154,-28.650131642284116
97.9838,97.9838,227.0,222.2226677315896,220.70124351742098,-11.622667731589608
98.0033,98.0033,235.0,222.19573620311044,220.69629886213954,-3.595736203110441
98.0227,98.0227,234.0,222.16943176594188,220.69131965432285,-4.569431765941879
98.0422,98.0422,198.0,222.14362693938975,220.68642507622965,-40.543626939389746
98.0617,98.0617,259.0,222.11836497144148,220.68155694137852,20.48163502855852
98.0811,98.0811,269.0,222.09366539319515,220.67665553468512,30.50633460680485
98.1006,98.1006,248.0,222.0694250837006,220.67184170377473,9.530574916299408
98.12,98.12,212.0,222.04571242733445,220.66699525288107,-26.44571242733445
98.1395,98.1395,236.0,222.02244266576147,220.6622384586975,-2.422442665761473
98.1589,98.1589,247.0,221.9996590978338,220.65744997043558,8.600340902166188
98.1784,98.1784,243.0,221.97729769780656,220.65275325450537,4.622702302193439
98.1979,98.1979,220.0,221.95537053341087,220.64808817322594,-18.35537053341087
98.2173,98.2173,218.0,221.9338953788037,220.64339356868098,-20.333895378803696
98.2368,98.2368,238.0,221.91280636040773,220.6387950887228,-0.3128063604077269
98.2562,98.2562,224.0,221.8921407858963,220.63416874056753,-14.292140785896287
98.2757,98.2757,205.0,221.87185151329928,220.62964146796372,-33.271851513299275
98.2951,98.2951,218.0,221.85195476702046,220.62508819894566,-20.251954767020457
98.3146,98.3146,226.0,221.83241979513653,220.62063685812717,-12.23241979513653
98.3341,98.3341,201.0,221.81325082682736,220.6162250586815,-37.213250826827355
98.3535,98.3535,231.0,221.79444251665234,220.61178919590947,-7.194442516652337
98.373,98.373,239.0,221.77597181876433,220.60745869454317,0.8240281812356685
98.3924,98.3924,241.0,221.75784998699302,220.6031048902104,2.842150013006979
98.4119,98.4119,218.0,221.74004822707198,220.59885868672302,-20.14004822707198
98.4313,98.4313,229.0,221.7225723818448,220.59459053160026,-9.122572381844797
98.4508,98.4508,218.0,221.70540934099503,220.59043267557405,-20.10540934099503
98.4703,98.4703,207.0,221.68856023512723,220.58632070113362,-31.088560235127225
98.4897,98.4897,237.0,221.67200644261143,220.58218886374823,-1.072006442611432
98.5092,98.5092,228.0,221.65575473629892,220.57817104824585,-10.055754736298915
98.5286,98.5286,247.0,221.63978783519653,220.57413441405723,8.960212164803472
98.5481,98.5481,239.0,221.62410858402527,220.57021428550718,0.9758914159747363
98.5675,98.5675,214.0,221.6087002799189,220.5662768216338,-24.008700279918905
98.587,98.587,237.0,221.5935775925675,220.56245898168655,-0.9935775925674974
98.6065,98.6065,241.0,221.57872181447124,220.55869431186943,3.0212781855287645
98.6259,98.6259,222.0,221.5641181406178,220.55491524293421,-15.964118140617806
98.6454,98.6454,213.0,221.54978748434573,220.55126083501932,-24.949787484345727
98.6648,98.6648,227.0,221.5357000743026,220.54759443967248,-10.93570007430261
98.6843,98.6843,219.0,221.52187891349737,220.54405621706292,-18.921878913497373
98.7037,98.7037,243.0,221.50829149293588,220.54050814488485,5.091708507064119
98.7232,98.7232,206.0,221.49496558787067,220.53709162048378,-31.894965587870665
98.7427,98.7427,218.0,221.48188226736715,220.5337383136003,-19.881882267367153
98.7621,98.7621,221.0,221.46901614931946,220.5303783964656,-16.869016149319457
98.7816,98.7816,196.0,221.4564094565175,220.52715508687828,-41.85640945651749
98.801,98.801,225.0,221.44400871482333,220.5239269736745,-12.844008714823325
98.8205,98.8205,219.0,221.43186337203846,220.52083817572625,-18.831863372038463
98.8399,98.8399,201.0,221.41991764986227,220.51774566793424,-36.81991764986227
98.8594,98.8594,216.0,221.4082204681083,220.51479479984,-21.80822046810831
98.8789,98.8789,201.0,221.39674317227,220.51191399343185,-36.79674317226999
98.8983,98.8983,233.0,221.38545299417765,220.5090302802345,-4.785452994177653
98.9178,98.9178,244.0,221.37440792037447,220.50629028975763,6.225592079625535
98.9372,98.9372,224.0,221.3635377090579,220.50354715508163,-13.763537709057907
98.9567,98.9567,215.0,221.35290860042727,220.50094911392029,-22.75290860042727
98.9761,98.9761,226.0,221.34245015784967,220.49834820810426,-11.742450157849667
98.9956,98.9956,193.0,221.33222557568496,220.49589386344832,-44.73222557568496
99.0151,99.0151,225.0,221.32220033098153,220.49351208451316,-12.72220033098153
99.0345,99.0345,213.0,221.3123365548406,220.49112719559406,-24.71233655484061
99.054,99.054,252.0,221.30270056349093,220.48889024133302,14.297299436509071
99.0734,99.0734,225.0,221.29321581073737,220.48664941727208,-12.693215810737364
99.0929,99.0929,207.0,221.2839571886616,220.48455711060217,-30.683957188661587
99.1123,99.1123,227.0,221.27484438353278,220.48246038188122,-10.674844383532779
99.1318,99.1318,250.0,221.2659529152789,220.48051273980155,12.334047084721114
99.1513,99.1513,235.0,221.2572426010302,220.47863741235338,-2.6572426010302124
99.1707,99.1707,212.0,221.2486664923997,220.47675649602724,-25.648666492399705
99.1902,99.1902,210.0,221.2403079774102,220.4750258367614,-27.640307977410195
99.2096,99.2096,230.0,221.23207737236845,220.47328920286833,-7.63207737236845
99.2291,99.2291,216.0,221.22406376971173,220.47170345419363,-21.624063769711732
99.2485,99.2485,214.0,221.2161706323631,220.47011093763297,-23.616170632363087
99.268,99.268,204.0,221.2084914036772,220.46866982013114,-33.608491403677185
99.2875,99.2875,212.0,221.20097573780578,220.46730088278275,-25.600975737805776
99.3069,99.3069,245.0,221.1935740294149,220.46592333193306,7.406425970585111
99.3264,99.3264,215.0,221.1863791226358,220.46469683807962,-22.586379122635798
99.3458,99.3458,250.0,221.1792905738687,220.4634600277112,12.420709426131289
99.3653,99.3653,212.0,221.1724088224406,220.46237401678135,-25.572408822440586
99.3847,99.3847,233.0,221.1656250692039,220.46127617187958,-4.565625069203911
99.4042,99.4042,225.0,221.15904504948827,220.46032899905003,-12.559045049488269
99.4237,99.4237,243.0,221.15261396742034,220.45945081878529,5.447386032579665
99.4431,99.4431,219.0,221.1462735623317,220.4585586158046,-18.546273562331685
99.4626,99.4626,230.0,221.14013202334252,220.4578172521197,-7.540132023342515
99.482,99.482,221.0,221.13407921253673,220.45706085196818,-16.53407921253673
99.5015,99.5015,231.0,221.12822190923612,220.45645565088157,-6.528221909236116
99.5209,99.5209,226.0,221.1224466839859,220.45583445985224,-11.522446683985912
99.5404,99.5404,224.0,221.11686678673135,220.45536492886458,-13.516866786731349
99.5598,99.5598,209.0,221.11136600365543,220.45487862404684,-28.511366003655432
99.5793,99.5793,217.0,221.10605800454434,220.454544591431,-20.506058004544336
99.5988,99.5988,231.0,221.1008847082118,220.4542782555049,-6.500884708211792
99.6182,99.6182,244.0,221.09578340779981,220.453993591433,6.504216592200187
99.6377,99.6377,242.0,221.09087240103707,220.45386153368352,4.509127598962927
99.6571,99.6571,224.0,221.08602890536775,220.4537102742,-13.486028905367753
99.6766,99.6766,208.0,221.08137692970067,220.45371253200554,-29.481376929700666
99.696,99.696,224.0,221.07678828430156,220.4536953296501,-13.476788284301556
99.7155,99.7155,227.0,221.07239001836686,220.453832583706,-10.472390018366859
99.735,99.735,241.0,221.0681169170845,220.45403756341926,3.531883082915506
99.7544,99.7544,212.0,221.06390399870816,220.4542221951717,-25.463903998708155
99.7739,99.7739,229.0,221.05987896055007,220.45456271552936,-8.459878960550064
99.7933,99.7933,188.0,221.0559102516482,220.4548826058933,-49.45591025164821
99.8128,99.8128,230.0,221.0521315142311,220.4553594210587,-7.452131514231091
99.8322,99.8322,219.0,221.04840365107148,220.45581489268218,-18.44840365107148
99.8517,99.8517,235.0,221.0448644787612,220.45642762221047,-2.444864478761211
99.8712,99.8712,255.0,221.0414443739211,220.45710821858768,17.558555626078892
99.8906,99.8906,233.0,221.0380714961438,220.45776602767253,-4.438071496143799
99.9101,99.9101,226.0,221.03488493225683,220.45858194373386,-11.434884932256828
99.9295,99.9295,216.0,221.0317443864306,220.45937458754221,-21.4317443864306
99.949,99.949,247.0,221.0287898448026,220.4603264047035,9.571210155197413
99.9684,99.9684,223.0,221.0258774128029,220.4612545547958,-14.425877412802912
99.9879,99.9879,216.0,221.0231511459587,220.46234301170847,-21.423151145958705
100.0074,100.0074,213.0,221.02053963749475,220.46350044047696,-24.42053963749475
