"limits",30.0009,100.0074
"masked X","X","obs","calc","bkg","diff"
30.0009,30.0009,112.0,99.96916256927425,99.8887216826843,-1.349162569274247
30.0204,30.0204,100.0,100.0169778237563,99.93631678844918,-13.396977823756307
30.0398,30.0398,116.0,100.06457709487253,99.98369614783334,2.5554229051274664
30.0593,30.0593,129.0,100.11229669953664,100.03119377207301,15.507703300463357
30.0787,30.0787,99.0,100.15980199353716,100.0784773042999,-14.539801993537159
30.0982,30.0982,98.0,100.20742950672143,100.12588098203176,-15.587429506721426
30.1177,30.1177,121.0,100.267000096741,100.17323936852141,7.352999903258999
30.1371,30.1371,101.0,100.31439512866562,100.22038761091765,-12.694395128665624
30.1566,30.1566,95.0,100.36191514172879,100.26765854827455,-18.74191514172879
30.176,30.176,114.0,100.40922817944494,100.31472274859298,0.2107718205550615
30.1955,30.1955,103.0,100.4566677126199,100.36191117715887,-10.836667712619905
30.2149,30.2149,105.0,100.50390277255028,100.40889539249007,-8.883902772550277
30.2344,30.2344,110.0,100.55126643169707,100.45600585536491,-3.9312664316970736
30.2539,30.2539,119.0,100.60458823908604,100.50307905220856,5.015411760913958
30.2733,30.2733,101.0,100.65172710069756,100.54995283548537,-13.031727100697557
30.2928,30.2928,129.0,100.69899916737845,100.59695739177477,14.921000832621553
30.3122,30.3122,121.0,100.74607673887581,100.64376770619367,6.873923261124185
30.3317,30.3317,97.0,100.79329198568199,100.69071323851753,-17.173291985681992
30.3511,30.3511,109.0,100.8403195879326,100.7374714152102,-5.2203195879325985
30.3706,30.3706,95.0,100.88749120497478,100.78437108858022,-19.26749120497478
30.3901,30.3901,116.0,100.93464584893601,100.83125269693265,1.6853541510639847
30.4095,30.4095,119.0,100.98162295983225,100.87795704790726,4.638377040167748
30.429,30.429,99.0,101.02875303673119,100.92481183710362,-15.40875303673119
30.4484,30.4484,96.0,101.07571392880195,100.97149772261936,-18.45571392880195
30.4679,30.4679,115.0,101.1228356490251,101.0183418678995,0.4971643509748933
30.4873,30.4873,104.0,101.16979604234318,101.06502498072314,-10.54979604234318
30.5068,30.5068,112.0,101.21692421625582,101.11187329283013,-2.59692421625582
30.5263,30.5263,104.0,101.26406152811295,101.15872958400006,-10.644061528112948
30.5457,30.5457,121.0,101.31105079352206,101.20543811243171,6.308949206477942
30.5652,30.5652,94.0,101.35822001349594,101.25232395911227,-20.73822001349594
30.5846,30.5846,104.0,101.40525141206862,101.29907227691844,-10.785251412068623
30.6041,30.6041,84.0,101.45247218630855,101.34600732859246,-30.832472186308557
30.6235,30.6235,144.0,101.4995647903707,101.39281449916973,29.1204352096293
30.643,30.643,99.0,101.54685401101524,101.43981560664518,-15.926854011015243
30.6625,30.6625,107.0,101.59418211110828,101.48685437559466,-7.9741821111082825
30.6819,30.6819,111.0,101.64139192225288,101.53377514722432,-4.02139192225288
30.7014,30.7014,100.0,101.68880653116535,101.58089798827558,-15.068806531165356
30.7208,30.7208,96.0,101.73610960611529,101.62790957689766,-19.116109606115295
30.7403,30.7403,93.0,101.78362326901183,101.67512904172725,-22.16362326901183
30.7597,30.7597,109.0,101.83103130292672,101.72224314477508,-6.211031302926719
30.7792,30.7792,101.0,101.87865348080557,101.76956862250778,-14.258653480805568
30.7987,30.7987,124.0,101.92633249065939,101.81694964877573,8.693667509340608
30.8181,30.8181,97.0,101.97391166119803,101.86423113723016,-18.353911661198033
30.8376,30.8376,105.0,102.02171017492786,101.91172919834332,-10.401710174927862
30.857,30.857,114.0,102.06941388483094,101.95913266481523,-1.4494138848309372
30.8765,30.8765,110.0,102.11734037345317,102.00675610384074,-5.497340373453175
30.8959,30.8959,98.0,102.16517695473632,102.05428992291625,-17.545176954736327
30.9154,30.9154,109.0,102.2132412573892,102.10204858178767,-6.5932412573892005
30.9349,30.9349,105.0,102.26137815660293,102.14987852060956,-10.641378156602931
30.9543,30.9543,111.0,102.30943374140926,102.1976274372702,-4.689433741409266
30.9738,30.9738,113.0,102.35772391738911,102.2456080548765,-2.7377239173891095
30.9932,30.9932,107.0,102.4059389570542,102.29351376228607,-8.785938957054205
31.0127,31.0127,86.0,102.45439461604185,102.34165716785223,-29.834394616041855
31.0321,31.0321,88.0,102.50278271930954,102.38973328757737,-27.88278271930954
31.0516,31.0516,118.0,102.55141693964214,102.43805257271806,2.068583060357861
31.0711,31.0711,111.0,102.60014272558257,102.48646205438787,-4.9801427255825725
31.0905,31.0905,112.0,102.64880726069212,102.53481055724559,-4.028807260692124
31.11,31.11,96.0,102.6977228256524,102.58340705178088,-20.07772282565241
31.1294,31.1294,102.0,102.74658281152496,102.63194824926681,-14.12658281152496
31.1489,31.1489,88.0,102.79569833345015,102.68074193891105,-28.17569833345015
31.1683,31.1683,103.0,102.84476296859742,102.72948499477346,-13.224762968597423
31.1878,31.1878,115.0,102.89408543698835,102.77848283559719,-1.274085436988349
31.2073,31.2073,105.0,102.94351237023776,102.82758370262847,-11.323512370237756
31.2267,31.2267,116.0,102.99289192167794,102.8766374568579,-0.3728919216779385
31.2462,31.2462,93.0,103.04253185229858,102.92594844667575,-23.422531852298583
31.2656,31.2656,103.0,103.09212807675941,102.97521600650593,-13.47212807675941
31.2851,31.2851,101.0,103.14198720654294,103.02474333555575,-15.521987206542937
31.3045,31.3045,97.0,103.19180521879225,103.07422977924351,-19.571805218792257
31.324,31.324,107.0,103.2418872500044,103.12397707492987,-9.621887250004397
31.3435,31.3435,108.0,103.29208105746144,103.17383462842858,-8.672081057461446
31.3629,31.3629,127.0,103.34223532441162,103.22365294092108,10.277764675588381
31.3824,31.3824,105.0,103.39265353025792,103.2737319420388,-11.772653530257918
31.4018,31.4018,110.0,103.44303417818097,103.32377362991876,-6.823034178180967
31.4213,31.4213,123.0,103.49368042212106,103.37407765669371,6.12631957787894
31.4407,31.4407,121.0,103.54429200684264,103.42434726454039,4.07570799315736
31.4602,31.4602,132.0,103.59517235058377,103.47488230884213,15.024827649416233
31.4797,31.4797,111.0,103.64617387330634,103.52553700898832,-6.026173873306339
31.4991,31.4991,107.0,103.69715041638791,103.5761669504317,-10.077150416387914
31.5186,31.5186,99.0,103.74840546161391,103.62707209532628,-18.128405461613916
31.538,31.538,99.0,103.79964384540936,103.67796077969412,-18.179643845409366
31.5575,31.5575,99.0,103.85116777175776,103.72913160524637,-18.23116777175776
31.5769,31.5769,89.0,103.90268201000184,103.780293008646,-28.282682010001842
31.5964,31.5964,102.0,103.95448697271931,103.83174169749117,-15.33448697271931
31.6159,31.6159,116.0,104.0064351279397,103.8833319752912,-1.3864351279396967
31.6353,31.6353,101.0,104.05837971497219,103.93491888727,-16.438379714972193
31.6548,31.6548,90.0,104.11061887412825,103.9867969299978,-27.490618874128252
31.6742,31.6742,95.0,104.16285838455163,104.03867553839439,-22.54285838455163
31.6937,31.6937,108.0,104.2153940958184,104.09084683856338,-9.595394095818397
31.7131,31.7131,113.0,104.26793095722307,104.14301948400005,-4.647930957223073
31.7326,31.7326,111.0,104.32076320985115,104.19548401705516,-6.700763209851152
31.7521,31.7521,92.0,104.37374399848868,104.24809536930397,-25.75374399848868
31.7715,31.7715,100.0,104.42672762074064,104.30070979372091,-17.806727620740638
31.791,31.791,103.0,104.48000686708907,104.35361619787672,-14.860006867089075
31.8104,31.8104,125.0,104.53328856780038,104.4065253085343,7.086711432199616
31.8299,31.8299,113.0,104.58686391365515,104.45972443534772,-4.966863913655152
31.8493,31.8493,113.0,104.64044152300116,104.5129259825167,-5.020441523001159
31.8688,31.8688,104.0,104.69431286385755,104.5664176052567,-14.074312863857548
31.8883,31.8883,105.0,104.74833330782117,104.62005655067001,-13.12833330782117
31.9077,31.9077,112.0,104.80235893625458,104.67370091341874,-6.1823589362545786
31.9272,31.9272,90.0,104.85668012200894,104.72763708122505,-28.23668012200894
31.9466,31.9466,110.0,104.91100884172845,104.78158098355594,-8.291008841728447
31.9661,31.9661,103.0,104.96563376665787,104.83581731942883,-15.345633766657874
31.9855,31.9855,106.0,105.02026702517425,104.89006217679315,-12.40026702517425
32.005,32.005,111.0,105.07519639530476,104.94459928836642,-7.455196395304759
32.0245,32.0245,100.0,105.13027790179439,104.99928671247308,-18.51027790179439
32.0439,32.0439,102.0,105.18536889226604,105.05398380149468,-16.565368892266044
32.0634,32.0634,121.0,105.24075547835376,105.10897265986264,2.3792445216462372
32.0828,32.0828,92.0,105.29615159207891,105.16397119428484,-26.676151592078917
32.1023,32.1023,114.0,105.35184302774044,105.21926109353554,-4.731843027740444
32.1217,32.1217,100.0,105.40754443900144,105.27456116102698,-18.787544439001444
32.1412,32.1412,109.0,105.4635402229744,105.33015162812242,-9.843540222974402
32.1607,32.1607,108.0,105.51968765555885,105.38589183549571,-10.899687655558855
32.1801,32.1801,100.0,105.5758451827671,105.44164227207659,-18.9558451827671
32.1996,32.1996,113.0,105.63229550874087,105.49768150659408,-6.012295508740868
32.219,32.219,108.0,105.6887556105081,105.55373068099826,-11.068755610508097
32.2385,32.2385,110.0,105.74550734309315,105.61006735443311,-9.125507343093153
32.2579,32.2579,105.0,105.80226900533091,105.66641415632276,-14.182269005330914
32.2774,32.2774,101.0,105.85932177315588,105.7230479623008,-18.239321773155886
32.2969,32.2969,106.0,105.9165250896711,105.77983025612828,-13.296525089671098
32.3163,32.3163,114.0,105.97373881304,105.83662312622519,-5.353738813040001
32.3358,32.3358,104.0,106.03124217829277,105.89370141888273,-15.411242178292772
32.3552,32.3552,106.0,106.08875602174629,105.95079036052647,-13.468756021746293
32.3747,32.3747,108.0,106.14655890066204,106.00816409129939,-11.526558900662044
32.3941,32.3941,112.0,106.20437237593386,106.06554857284765,-7.584372375933858
32.4136,32.4136,120.0,106.26247408800783,106.12321697287108,0.3575259119921643
32.4331,32.4331,113.0,106.32072523755939,106.181032684025,-6.7007252375593875
32.4525,32.4525,112.0,106.37898870661033,106.238860886984,-7.75898870661033
32.472,32.472,89.0,106.43754229300488,106.29697480020262,-30.817542293004884
32.4914,32.4914,113.0,106.49611175895666,106.35510476543344,-6.876111758956659
32.5109,32.5109,112.0,106.55497307617134,106.41352214886552,-7.934973076171337
32.5303,32.5303,119.0,106.61385220682602,106.47195746455164,-0.9938522068260252
32.5498,32.5498,106.0,106.6730248627209,106.53068180124912,-14.053024862720894
32.5692,32.5692,102.0,106.73221895574324,106.58942771741172,-18.112218955743238
32.5887,32.5887,123.0,106.79170996469325,106.64846598559413,2.828290035306745
32.6082,32.6082,113.0,106.85136242770648,106.70766355604765,-7.231362427706477
32.6276,32.6276,87.0,106.91104300791409,106.76688925875915,-33.29104300791409
32.6471,32.6471,125.0,106.97102647813779,106.82641331983409,4.648973521862212
32.6665,32.6665,110.0,107.031042751893,106.88597024918457,-10.411042751892998
32.686,32.686,106.0,107.09136534145162,106.94582886205919,-14.471365341451621
32.7054,32.7054,129.0,107.15172613779276,107.00572573009043,8.468273862207235
32.7249,32.7249,106.0,107.21239780832663,107.06592876483077,-14.592397808326629
32.7444,32.7444,107.0,107.27324827466313,107.1263082988451,-13.653248274663133
32.7638,32.7638,109.0,107.3341463837754,107.18673554349103,-11.714146383775406
32.7833,32.7833,117.0,107.39536410567761,107.24747755936775,-3.7753641056776157
32.8027,32.8027,113.0,107.45663611864218,107.30827397785562,-7.836636118642181
32.8222,32.8222,127.0,107.51823413499088,107.36939158159447,6.101765865009122
32.8416,32.8416,112.0,107.57989489655878,107.43057193462414,-8.959894896558785
32.8611,32.8611,114.0,107.64189032576212,107.49208206941526,-7.02189032576212
32.8806,32.8806,121.0,107.70409213199234,107.55379609830206,-0.08409213199234067
32.9,32.9,95.0,107.76637322307388,107.61558951845484,-26.146373223073887
32.9195,32.9195,121.0,107.82900580143387,107.6777294000962,-0.20900580143386627
32.9389,32.9389,110.0,107.89173032220434,107.73996127570295,-11.27173032220434
32.9584,32.9584,108.0,107.95481795662906,107.80255120240362,-13.334817956629058
32.9778,32.9778,93.0,108.01801105490205,107.86524663373808,-28.39801105490205
32.9973,32.9973,103.0,108.08158000759882,107.92831279437321,-18.46158000759882
33.0168,33.0168,95.0,108.14539842162011,107.99162583644569,-26.525398421620118
33.0362,33.0362,102.0,108.2093405153368,108.05506255437146,-19.589340515336808
33.0557,33.0557,103.0,108.27367297822936,108.11888452770921,-18.65367297822936
33.0751,33.0751,133.0,108.33813804058198,108.18283905908467,11.281861959418018
33.0946,33.0946,108.0,108.4030008486994,108.24718601388594,-13.783000848699407
33.114,33.114,106.0,108.4680044604867,108.31167381047602,-15.848004460486697
33.1335,33.1335,100.0,108.5334136349283,108.37656181235629,-21.913413634928297
33.153,33.153,95.0,108.59910188093585,108.4417262570793,-26.97910188093585
33.1724,33.1724,122.0,108.66494333978503,108.5070438056236,-0.04494333978502674
33.1919,33.1919,93.0,108.7311995913061,108.57277078663368,-29.111199591306097
33.2113,33.2113,110.0,108.79761541939173,108.6386572838232,-12.177615419391733
33.2308,33.2308,102.0,108.86445146649375,108.70495846875407,-20.24445146649375
33.2502,33.2502,98.0,108.93145233089838,108.77142447695373,-24.311452330898383
33.2697,33.2697,104.0,108.99887748583856,108.83830918340121,-18.378877485838565
33.2892,33.2892,115.0,109.06659942437993,108.90548788177684,-7.446599424379931
33.3086,33.3086,86.0,109.13449140297237,108.97283653179798,-36.514491402972375
33.3281,33.3281,91.0,109.20281087642292,109.040606973179,-31.58281087642292
33.3475,33.3475,113.0,109.2713021924802,109.10854925203371,-9.651302192480207
33.367,33.367,122.0,109.34021933002457,109.176911572963,-0.7202193300245678
33.3864,33.3864,100.0,109.40930667777829,109.24544405683186,-22.789306677778292
33.4059,33.4059,104.0,109.47881835358109,109.31439503350965,-18.858818353581093
33.4254,33.4254,103.0,109.54862646614323,109.38363944230045,-19.928626466143236
33.4448,33.4448,102.0,109.6186036628409,109.4530528656745,-20.9986036628409
33.4643,33.4643,113.0,109.68900138444918,109.52288088483803,-10.069001384449185
33.4837,33.4837,94.0,109.7595653966361,109.5928750859028,-29.139565396636108
33.5032,33.5032,105.0,109.8305459943831,109.66327988586191,-18.210545994383104
33.5226,33.5226,100.0,109.90168915062657,109.73384709975055,-23.28168915062657
33.5421,33.5421,100.0,109.97324297819831,109.80481891306309,-23.353242978198317
33.5616,33.5616,117.0,110.04507843080277,109.87606916429964,-6.425078430802776
33.581,33.581,128.0,110.11706659747267,109.94747204677337,4.5029334025273275
33.6005,33.6005,114.0,110.18945356217218,110.0192675907368,-9.569453562172177
33.6199,33.6199,101.0,110.2619875365203,110.09120993057093,-22.641987536520297
33.6394,33.6394,102.0,110.33491486303076,110.16353933489295,-21.714914863030764
33.6588,33.6588,105.0,110.40798427655307,110.23601064864512,-18.78798427655307
33.6783,33.6783,101.0,110.48144019691858,110.30886213192863,-22.861440196918586
33.6978,33.6978,119.0,110.5551548753308,110.38196905655899,-4.9351548753308006
33.7172,33.7172,109.0,110.62900084488443,110.4552070901069,-15.009000844884431
33.7367,33.7367,104.0,110.70322093304185,110.5288127959995,-20.08322093304185
33.7561,33.7561,106.0,110.777565382968,110.60254262780491,-18.15756538296801
33.7756,33.7756,97.0,110.85227572447764,110.67663177042866,-27.23227572447764
33.795,33.795,103.0,110.92710234534847,110.75083701097276,-21.307102345348476
33.8145,33.8145,100.0,111.0022848900011,110.8253914825713,-24.38228489000111
33.834,33.834,105.0,111.07769511008394,110.90017021072167,-19.45769511008394
33.8534,33.8534,126.0,111.15320523070899,110.97504852442597,1.466794769291008
33.8729,33.8729,111.0,111.22905196137938,111.05025668535262,-13.609051961379384
33.8923,33.8923,111.0,111.30498657287724,111.12555249651231,-13.684986572877241
33.9118,33.9118,128.0,111.38124601636676,111.201166229186,3.2387539836332397
33.9312,33.9312,100.0,111.45758248453565,111.27685676186738,-24.837582484535652
33.9507,33.9507,116.0,111.53423302763902,111.3528543797983,-8.91423302763902
33.9702,33.9702,107.0,111.61107135494494,111.42903605945772,-17.991071354944943
33.9896,33.9896,118.0,111.6879723018148,111.50528010787505,-7.067972301814796
34.0091,34.0091,123.0,111.76517105804984,111.58181485847128,-2.1451710580498453
34.0285,34.0285,97.0,111.84242304111001,111.65840246337741,-28.222423041110012
34.048,34.048,128.0,111.9199636212692,111.7352715824115,2.700036378730795
34.0674,34.0674,120.0,111.99754916741601,111.81218521178866,-5.377549167416012
34.0869,34.0869,107.0,112.07541420384125,111.88937108158267,-18.45541420384125
34.1064,34.1064,107.0,112.15343607463323,111.96670990147565,-18.533436074633237
34.1258,34.1258,124.0,112.23149270679849,112.04408309220693,-1.6114927067984919
34.1453,34.1453,139.0,112.3098175102767,112.12171707699301,13.310182489723298
34.1647,34.1647,108.0,112.38817077737792,112.1993790796506,-17.768170777377925
34.1842,34.1842,99.0,112.46678614940345,112.27729563432307,-26.84678614940345
34.2036,34.2036,91.0,112.54542468876453,112.35523497129255,-34.92542468876453
34.2231,34.2231,111.0,112.62431831737432,112.43342169776507,-15.004318317374318
34.2426,34.2426,113.0,112.70334405353023,112.51173646397083,-13.083344053530231
34.262,34.262,101.0,112.78237982831723,112.59006086676082,-25.162379828317235
34.2815,34.2815,110.0,112.86165505774457,112.66861689244105,-16.241655057744573
34.3009,34.3009,109.0,112.94093032059466,112.7471724862671,-17.320930320594663
34.3204,34.3204,94.0,113.02043339397007,112.8259479369741,-32.40043339397007
34.3398,34.3398,133.0,113.09992543200374,112.90471190694744,6.5200745679962555
34.3593,34.3593,128.0,113.17963208638527,112.98368244468632,1.4403679136147307
34.3788,34.3788,116.0,113.25943074038302,113.06274068297847,-10.639430740383025
34.3982,34.3982,111.0,113.3392006129636,113.14176961220384,-15.719200612963595
34.4177,34.4177,136.0,113.41916801512137,113.22098781538152,9.200831984878628
34.4371,34.4371,118.0,113.49909700972098,113.30016709113062,-8.879097009720985
34.4566,34.4566,120.0,113.57921347281602,113.37952556179398,-6.959213472816023
34.476,34.476,107.0,113.65928340244146,113.45883690374201,-20.039283402441463
34.4955,34.4955,114.0,113.73953282845086,113.53831924862772,-13.119532828450863
34.515,34.515,131.0,113.8198428626196,113.61785770978429,3.8001571373804044
34.5344,34.5344,113.0,113.90009582668239,113.69733848605799,-14.28009582668239
34.5539,34.5539,106.0,113.98051717525252,113.7769790040143,-21.360517175252518
34.5733,34.5733,103.0,114.06087629661884,113.85655661183782,-24.440876296618846
34.5928,34.5928,142.0,114.14139727113535,113.93628746683501,14.478602728864653
34.6122,34.6122,117.0,114.22184956382262,114.01594886097325,-10.601849563822617
34.6317,34.6317,102.0,114.30245601573914,114.09575557860117,-25.68245601573914
34.6512,34.6512,117.0,114.38309996661138,114.17559496036928,-10.763099966611383
34.6706,34.6706,91.0,114.46366494076793,114.25535460993281,-36.84366494076793
34.6901,34.6901,117.0,114.54437249686676,114.33524784947579,-10.924372496866757
34.7095,34.7095,118.0,114.62499275193503,114.41505302127646,-10.004992751935026
34.729,34.729,111.0,114.70574537390037,114.4949813989202,-17.085745373900373
34.7484,34.7484,111.0,114.78640189929463,114.57481292446776,-17.166401899294634
34.7679,34.7679,102.0,114.86718156215709,114.65475819482046,-26.24718156215709
34.7874,34.7874,113.0,114.94796772761148,114.7347048678184,-15.327967727611485
34.8068,34.8068,109.0,115.02864396947203,114.81454083389781,-19.40864396947203
34.8263,34.8263,122.0,115.10942743824953,114.8944744939467,-6.4894274382495265
34.8457,34.8457,97.0,115.19009059262585,114.97428698768975,-31.570090592625853
34.8652,34.8652,121.0,115.27085010441535,115.05418612450717,-7.650850104415346
34.8846,34.8846,117.0,115.35147870796172,115.13395352036994,-11.731478707961719
34.9041,34.9041,117.0,115.43219178275803,115.21379552419958,-11.812191782758026
34.9236,34.9236,118.0,115.51287353256438,115.29360082307366,-10.892873532564385
34.943,34.943,114.0,115.59340939215745,115.37325929588727,-14.973409392157455
34.9625,34.9625,113.0,115.67401433367066,115.45297673173384,-16.054014333670658
34.9819,34.9819,104.0,115.75446452579106,115.53253849532348,-25.134464525791067
35.0014,35.0014,126.0,115.83497408963419,115.6121494811944,-3.214974089634188
35.0208,35.0208,113.0,115.91531961750026,115.69159535309922,-16.29531961750026
35.0403,35.0403,138.0,115.99571444635646,115.7710802461377,8.62428555364354
35.0598,35.0598,119.0,116.07604514730889,115.85049523548369,-10.45604514730889
35.0792,35.0792,113.0,116.15619951405954,115.92973283611647,-16.53619951405954
35.0987,35.0987,104.0,116.23639073537899,116.00899662715649,-25.616390735378992
35.1181,35.1181,120.0,116.31639875005682,116.088076181056,-9.69639875005682
35.1376,35.1376,104.0,116.39643515184711,116.16717347041836,-25.776435151847117
35.157,35.157,101.0,116.47628086562601,116.24607876737691,-28.85628086562601
35.1765,35.1765,108.0,116.55614627311422,116.32499288203253,-21.936146273114225
35.196,35.196,114.0,116.63591836071883,116.40380761935108,-16.015918360718835
35.2154,35.2154,112.0,116.71548471685257,116.48241532139588,-18.095484716852575
35.2349,35.2349,124.0,116.79505333504817,116.56101417270067,-6.175053335048167
35.2543,35.2543,112.0,116.87440490203007,116.63939474549889,-18.254404902030068
35.2738,35.2738,131.0,116.95374728673085,116.71775480449261,0.666252713269154
35.2932,35.2932,105.0,117.0328624416804,116.795886342922,-25.412862441680396
35.3127,35.3127,92.0,117.11195829644441,116.8739869739686,-38.491958296444416
35.3322,35.3322,124.0,117.19092339345998,116.9519504001265,-6.570923393459983
35.3516,35.3516,121.0,117.26964577620927,117.02966977324724,-9.649645776209274
35.3711,35.3711,112.0,117.34833068720734,117.10733985687504,-18.72833068720734
35.3905,35.3905,116.0,117.42676187396772,117.18475482933476,-14.806761873967721
35.41,35.41,119.0,117.50514411663029,117.26210879863707,-11.885144116630292
35.4294,35.4294,113.0,117.58326179472037,117.33919679540494,-17.963261794720374
35.4489,35.4489,108.0,117.6613192177188,117.41621239238714,-23.0413192177188
35.4683,35.4683,126.0,117.73910189548498,117.49295171917085,-5.119101895484979
35.4878,35.4878,107.0,117.81681282530927,117.56960687587973,-24.196812825309273
35.5073,35.5073,133.0,117.89434228903943,117.64607359424087,1.7256577109605704
35.5267,35.5267,125.0,117.9715811096041,117.72224800756544,-6.351581109604103
35.5462,35.5462,112.0,118.04873203974383,117.79832194004639,-19.428732039743828
35.5656,35.5656,96.0,118.12558399407345,117.87409512122088,-35.505583994073454
35.5851,35.5851,104.0,118.2023393041876,117.94975890593396,-27.582339304187606
35.6045,35.6045,121.0,118.27878616549896,118.0251124820509,-10.658786165498958
35.624,35.624,114.0,118.35512425786023,118.10034429481968,-17.735124257860228
35.6435,35.6435,127.0,118.43124481517782,118.17535090614497,-4.811244815177821
35.6629,35.6629,144.0,118.50703927262319,118.25002971222865,12.11296072737681
35.6824,35.6824,129.0,118.58270732681919,118.32456882529884,-2.9627073268191904
35.7018,35.7018,110.0,118.65803976912277,118.39877024691658,-22.03803976912277
35.7213,35.7213,119.0,118.73323627036248,118.47282222762132,-13.113236270362483
35.7407,35.7407,122.0,118.80808862403892,118.54652815136801,-10.188088624038917
35.7602,35.7602,102.0,118.88279605752788,118.62007522599946,-30.262796057527886
35.7797,35.7797,117.0,118.95725279382677,118.69336361273466,-15.337252793826769
35.7991,35.7991,113.0,119.0313529844608,118.76629348495099,-19.411352984460798
35.8186,35.8186,107.0,119.10529432011253,118.83905029175246,-25.485294320112537
35.838,35.838,111.0,119.17886996185878,118.91143935346369,-21.558869961858782
35.8575,35.8575,130.0,119.25227618624594,118.9836444492105,-2.632276186245937
35.8769,35.8769,131.0,119.32530585784019,119.05547090859409,-1.7053058578401927
35.8964,35.8964,114.0,119.39815498714933,119.12710213312072,-18.77815498714933
35.9159,35.9159,132.0,119.47071903589844,119.19843971719557,-0.8507190358984413
35.9353,35.9353,116.0,119.54289412801529,119.26938603169113,-16.922894128015294
35.9548,35.9548,132.0,119.61487662339282,119.34012476917788,-0.9948766233928179
35.9742,35.9742,111.0,119.68646403258604,119.41046602499621,-22.066464032586047
35.9937,35.9937,132.0,119.75785292063952,119.48059347993535,-1.1378529206395225
36.0131,36.0131,130.0,119.82884208506078,119.55031869165234,-3.2088420850607857
36.0326,36.0326,129.0,119.8996277873436,119.61982499094422,-4.279627787343605
36.0521,36.0521,114.0,119.9701099766901,119.68901861271003,-19.3501099766901
36.0715,36.0715,130.0,120.04019003785307,119.75780748278927,-3.4201900378530663
36.091,36.091,116.0,120.11006468175398,119.8263750359493,-17.490064681753985
36.1104,36.1104,120.0,120.17953776679754,119.89453827640828,-13.559537766797538
36.1299,36.1299,110.0,120.24880597220341,119.9624805298244,-23.628805972203416
36.1493,36.1493,119.0,120.31767409149884,120.03001989391454,-14.697674091498845
36.1688,36.1688,120.0,120.38633804444336,120.09733858197134,-13.766338044443364
36.1883,36.1883,115.0,120.454700365378,120.1643457716526,-18.834700365378005
36.2077,36.2077,126.0,120.52266426298664,120.2309517577034,-7.902664262986638
36.2272,36.2272,116.0,120.5904251101343,120.29733765571658,-17.970425110134308
36.2466,36.2466,117.0,120.6577895092737,120.36332422398588,-17.0377895092737
36.2661,36.2661,112.0,120.72495265121641,120.42909221637198,-22.104952651216415
36.2855,36.2855,106.0,120.79172182299538,120.49446323784876,-28.171721822995387
36.305,36.305,122.0,120.85829127143401,120.55961682296079,-12.238291271434013
36.3245,36.3245,114.0,120.9245640909701,120.62446331027574,-20.304564090970096
36.3439,36.3439,130.0,120.99044449061964,120.68891426017757,-4.370444490619638
36.3634,36.3634,120.0,121.05612503433554,120.75314725426513,-14.436125034335538
36.3828,36.3828,116.0,121.12141459616588,120.81698599986419,-18.50141459616588
36.4023,36.4023,100.0,121.18650614038059,120.88060816477437,-34.56650614038059
36.4217,36.4217,105.0,121.25120909611326,120.94383845280157,-29.63120909611326
36.4412,36.4412,124.0,121.31571442902276,121.00685241350652,-10.695714429022763
36.4607,36.4607,134.0,121.3799256733183,121.06956101351322,-0.759925673318298
36.4801,36.4801,122.0,121.44374755271981,121.13187654558457,-12.823747552719814
36.4996,36.4996,123.0,121.50737022971097,121.19397374874691,-11.887370229710973
36.519,36.519,121.0,121.57060495769781,121.25567924250994,-13.950604957697811
36.5385,36.5385,114.0,121.63364213375974,121.31716753185786,-21.01364213375974
36.5579,36.5579,129.0,121.69629395076515,121.37826671218244,-6.076293950765153
36.5774,36.5774,126.0,121.75875024734704,121.43915038641522,-9.138750247347039
36.5969,36.5969,120.0,121.82091827937467,121.49973378986182,-15.200918279374667
36.6163,36.6163,119.0,121.88270682083272,121.55993358679602,-16.262706820832726
36.6358,36.6358,130.0,121.94430602317587,121.61992345407182,-5.32430602317587
36.6552,36.6552,134.0,122.00553088072944,121.67953495861242,-1.3855308807294389
36.6747,36.6747,117.0,122.06657193882815,121.73894173347384,-18.44657193882815
36.6941,36.6941,102.0,122.12724672664768,121.79797790103989,-33.507246726647686
36.7136,36.7136,120.0,122.18774574180958,121.85681705402337,-15.56774574180958
36.7331,36.7331,109.0,122.24797902580518,121.91537730426418,-26.627979025805182
36.7525,36.7525,124.0,122.3078568885414,121.97357778107326,-11.687856888541395
36.772,36.772,121.0,122.36756772114929,122.03158922956044,-14.747567721149286
36.7914,36.7914,114.0,122.42692922471427,122.08924679210038,-21.806929224714274
36.8109,36.8109,143.0,122.48612968487582,122.1467209077472,7.133870315124179
36.8303,36.8303,135.0,122.54498751673005,122.20384751554927,-0.924987516730047
36.8498,36.8498,125.0,122.60369021100948,122.26079638344498,-10.98369021100948
36.8693,36.8693,127.0,122.66215021650503,122.31748840541496,-9.042150216505027
36.8887,36.8887,137.0,122.72028052926976,122.37384579588745,0.8997194707302416
36.9082,36.9082,125.0,122.77827003858293,122.43003891465875,-11.158270038582932
36.9276,36.9276,93.0,122.83594201987994,122.4859091993468,-43.21594201987994
36.9471,36.9471,125.0,122.89348577831908,122.54162745792996,-11.273485778319076
36.9665,36.9665,117.0,122.95072396781997,122.59703475610392,-19.33072396781997
36.986,36.986,99.0,123.00784422407152,122.65229976828833,-37.38784422407152
37.0055,37.0055,107.0,123.06476072115062,122.70734590024107,-29.444760721150622
37.0249,37.0249,101.0,123.12138712290542,122.76209614247884,-35.50138712290542
37.0444,37.0444,135.0,123.17790785005576,122.81671569266962,-1.557907850055761
37.0638,37.0638,95.0,123.23414398285517,122.87104490815283,-41.614143982855175
37.0833,37.0833,136.0,123.29027962630258,122.9252478540748,-0.6702796263025785
37.1027,37.1027,125.0,123.34613539473312,122.97916510334024,-11.726135394733125
37.1222,37.1222,125.0,123.40189424785268,123.03295919377818,-11.781894247852682
37.1417,37.1417,122.0,123.45746854480227,123.08655249941171,-14.837468544802269
37.1611,37.1611,146.0,123.51277215916119,123.1398686712989,9.107227840838812
37.1806,37.1806,127.0,123.56798786407471,123.19306995221247,-9.94798786407471
37.2,37.2,108.0,123.62294006533415,123.2460013395581,-29.00294006533415
37.2195,37.2195,112.0,123.67781213920813,123.29882504169649,-25.05781213920813
37.2389,37.2389,105.0,123.73242882214146,123.35138672379263,-32.11242882214146
37.2584,37.2584,111.0,123.78697168636909,123.4038465338742,-26.166971686369088
37.2779,37.2779,126.0,123.84135382988819,123.45612769768971,-11.221353829888193
37.2973,37.2973,132.0,123.8954877612594,123.5081537752109,-5.275487761259404
37.3168,37.3168,119.0,123.94955343831472,123.56008259442301,-18.329553438314726
37.3362,37.3362,106.0,124.0033761895612,123.61176130721918,-31.383376189561197
37.3557,37.3557,131.0,124.05713621147409,123.66334765571374,-6.437136211474089
37.3751,37.3751,103.0,124.11065861389686,123.71468876860813,-34.49065861389686
37.3946,37.3946,130.0,124.16412253855472,123.76594138602948,-7.544122538554722
37.4141,37.4141,103.0,124.2174415587145,123.81702973186042,-34.5974415587145
37.4335,37.4335,126.0,124.27052997663564,123.86787957526836,-11.650529976635644
37.453,37.453,112.0,124.32356472750591,123.91864487701808,-25.703564727505913
37.4724,37.4724,117.0,124.37637243949426,123.96917461465704,-20.756372439494264
37.4919,37.4919,111.0,124.42912918233218,124.01962182248663,-26.80912918233218
37.5113,37.5113,135.0,124.48166110347387,124.06983568164146,-2.8616611034738693
37.5308,37.5308,122.0,124.53414373659322,124.11996763540363,-15.914143736593223
37.5503,37.5503,105.0,124.58649045853578,124.1699431145159,-32.96649045853578
37.5697,37.5697,142.0,124.63861633024132,124.21968856837786,3.9813836697586797
37.5892,37.5892,118.0,124.69069590676699,124.26935423065834,-20.070695906766993
37.6086,37.6086,103.0,124.7425562549391,124.3187916440216,-35.122556254939106
37.6281,37.6281,134.0,124.79437287437302,124.36815076288812,-4.1743728743730255
37.6475,37.6475,122.0,124.84597161273271,124.41728276795628,-16.225971612732714
37.667,37.667,123.0,124.89752726494429,124.46633650385279,-15.277527264944288
37.6865,37.6865,119.0,124.94895393927663,124.51523856591069,-19.328953939276637
37.7059,37.7059,115.0,125.00016639669478,124.56391661349333,-23.380166396694783
37.7254,37.7254,132.0,125.05133924769031,124.61251849824517,-6.431339247690309
37.7448,37.7448,109.0,125.10230008573868,124.6608983627179,-29.48230008573868
37.7643,37.7643,106.0,125.15322357529217,124.70920363540465,-32.533223575292176
37.7837,37.7837,136.0,125.203937926433,124.75728934282806,-2.5839379264330002
37.8032,37.8032,119.0,125.25461564818607,124.80530040738223,-19.634615648186077
37.8227,37.8227,125.0,125.30517160899628,124.85316475049281,-13.685171608996276
37.8421,37.8421,112.0,125.35552046203051,124.90081107406185,-26.735520462030514
37.8616,37.8616,128.0,125.4058354515192,124.9483841723719,-10.785835451519196
37.881,37.881,107.0,125.4559454054926,124.99574088661542,-31.835945405492602
37.9005,37.9005,134.0,125.5060231767189,125.04302513003849,-4.886023176718899
37.9199,37.9199,132.0,125.5558978153569,125.09009422754885,-6.935897815356901
37.9394,37.9394,116.0,125.60574141826885,125.13709120522275,-22.98574141826885
37.9589,37.9589,143.0,125.65547011923745,125.18394639096081,3.9645298807625498
37.9783,37.9783,125.0,125.7050006430123,125.23059067517354,-14.085000643012298
37.9978,37.9978,121.0,125.75450549364982,125.27716693173258,-18.13450549364982
38.0172,38.0172,134.0,125.80381707235472,125.32353686307734,-5.183817072354719
38.0367,38.0367,127.0,125.85310804196472,125.36984283761475,-12.233108041964718
38.0561,38.0561,121.0,125.90221207127193,125.41594826811313,-18.282212071271935
38.0756,38.0756,114.0,125.95130308279916,125.46199593159028,-25.33130308279916
38.0951,38.0951,142.0,126.0002995510698,125.50791964352359,2.619700448930198
38.1145,38.1145,116.0,126.04912040413272,125.5536536302217,-23.429120404132725
38.134,38.134,126.0,126.09793962917014,125.59933976195676,-13.477939629170143
38.1534,38.1534,108.0,126.14659147939226,125.64484403917007,-31.52659147939226
38.1729,38.1729,125.0,126.19525019007999,125.69030753605215,-14.57525019007999
38.1923,38.1923,113.0,126.24374929791874,125.73559660626275,-26.623749297918742
38.2118,38.2118,141.0,126.29226230115313,125.78085092696382,1.3277376988468692
38.2312,38.2312,104.0,126.34062292370358,125.82593746062231,-35.72062292370358
38.2507,38.2507,136.0,126.38900478371347,125.87099536776836,-3.7690047837134752
38.2702,38.2702,122.0,126.43732633613544,125.91595938484684,-17.817326336135444
38.2896,38.2896,97.0,126.48550660010731,125.96076597141797,-42.86550660010732
38.3091,38.3091,118.0,126.53371888949553,126.00555287854587,-21.913718889495534
38.3285,38.3285,115.0,126.5817965610081,126.05018826523228,-24.961796561008107
38.348,38.348,130.0,126.62991075272976,126.09480727265738,-10.009910752729757
38.3674,38.3674,124.0,126.67789496510181,126.13927830593613,-16.057894965101816
38.3869,38.3869,131.0,126.72591934660595,126.18373585924093,-9.10591934660595
38.4064,38.4064,122.0,126.77390308293982,126.22811570016509,-18.153903082939827
38.4258,38.4258,100.0,126.82176498034444,126.27235506880692,-40.20176498034444
38.4453,38.4453,136.0,126.86967637909422,126.31658810180355,-4.2496763790942165
38.4647,38.4647,116.0,126.91747185012008,126.36068536630845,-24.297471850120083
38.4842,38.4842,108.0,126.96532179123116,126.40477964690966,-32.345321791231164
38.5036,38.5036,128.0,127.013060466618,126.44874287369402,-12.393060466618001
38.5231,38.5231,123.0,127.06085848902521,126.49270578419703,-17.44085848902521
38.5426,38.5426,128.0,127.10863308097191,126.53660500319661,-12.488633080971914
38.562,38.562,135.0,127.1563025308848,126.58037809766655,-5.536302530884802
38.5815,38.5815,124.0,127.20403798515937,126.62415555171454,-16.584037985159377
38.6009,38.6009,105.0,127.25167439886532,126.6678123158432,-35.63167439886532
38.6204,38.6204,124.0,127.29938442684137,126.71147905169056,-16.679384426841374
38.6398,38.6398,116.0,127.34700145594114,126.75503062371175,-24.727001455941142
38.6593,38.6593,115.0,127.3946974908872,126.79859595174456,-25.7746974908872
38.6788,38.6788,136.0,127.44239018252523,126.84211338480466,-4.822390182525231
38.6982,38.6982,131.0,127.48999751356317,126.88552166689807,-9.869997513563169
38.7177,38.7177,138.0,127.53769144873533,126.92894855235174,-2.917691448735331
38.7371,38.7371,152.0,127.58530605558484,126.97227181452267,11.034693944415162
38.7566,38.7566,103.0,127.63301518827585,127.01561990360126,-38.01301518827585
38.776,38.776,107.0,127.68065408996864,127.0588724714617,-34.060654089968644
38.7955,38.7955,128.0,127.72839593205565,127.10215606153544,-13.108395932055648
38.815,38.815,126.0,127.77615772258275,127.1454103579709,-15.156157722582753
38.8344,38.8344,123.0,127.82385810959225,127.18857627594333,-18.203858109592254
38.8539,38.8539,109.0,127.87166981304928,127.23177884739049,-32.25166981304928
38.8733,38.8733,119.0,127.91942615131629,127.2748983386694,-22.29942615131629
38.8928,38.8928,144.0,127.96729980629944,127.31805819675665,2.6527001937005625
38.9122,38.9122,116.0,128.0151226040375,127.36113846960485,-25.39512260403749
38.9317,38.9317,121.0,128.063067849226,127.404262308034,-20.443067849226004
38.9512,38.9512,133.0,128.11105281233668,127.44737088048792,-8.491052812336681
38.9706,38.9706,127.0,128.15899554898652,127.4904061086961,-14.538995548986525
38.9901,38.9901,135.0,128.20706887595733,127.53349016864209,-6.587068875957334
39.0095,39.0095,129.0,128.2551064486601,127.5765064306362,-12.635106448660087
39.029,39.029,143.0,128.3032830566335,127.61957738686618,1.3167169433665098
39.0484,39.0484,130.0,128.3514327987153,127.66258847428423,-11.731432798715309
39.0679,39.0679,122.0,128.39973310482253,127.70566262096611,-19.779733104822533
39.0874,39.0874,111.0,128.44810373163304,127.74874594783658,-30.828103731633043
39.1068,39.1068,118.0,128.4964656505287,127.79178537591729,-23.876465650528708
39.1263,39.1263,109.0,128.54499585642122,127.83490237829683,-32.924995856421226
39.1457,39.1457,125.0,128.59352776435338,127.87798469490643,-16.973527764353385
39.1652,39.1652,117.0,128.6422385261284,127.92115183484178,-25.02223852612841
39.1846,39.1846,153.0,128.69095923853197,127.96429164780581,10.929040761468025
39.2041,39.2041,106.0,128.73986789046882,128.0075226622744,-36.11986789046882
39.2236,39.2236,118.0,128.78888201285096,128.0507904732918,-24.168882012850965
39.243,39.243,119.0,128.83791826886204,128.09404039948268,-23.217918268862043
39.2625,39.2625,120.0,128.8871540902693,128.13738852301202,-22.267154090269294
39.2819,39.2819,133.0,128.9364173031632,128.1807228910598,-9.316417303163211
39.3014,39.3014,115.0,128.9858858280122,128.22415838981357,-27.36588582801219
39.3208,39.3208,136.0,129.03538846538066,128.26758437609632,-6.415388465380664
39.3403,39.3403,111.0,129.08510260256102,128.31111510566106,-31.465102602561025
39.3598,39.3598,122.0,129.13494496872107,128.3546968087034,-20.514944968721075
39.3792,39.3792,115.0,129.18483080019084,128.39827574968524,-27.56483080019084
39.3987,39.3987,120.0,129.23493901773605,128.44196499420752,-22.614939017736056
39.4181,39.4181,134.0,129.2850962340855,128.48565490744326,-8.665096234085501
39.4376,39.4376,136.0,129.33548109579556,128.52945706930794,-6.715481095795559
39.457,39.457,133.0,129.38591969353368,128.57326317832377,-9.76591969353368
39.4765,39.4765,110.0,129.43659448295395,128.61718554454046,-32.81659448295395
39.496,39.496,126.0,129.4874205893763,128.66117248249927,-16.867420589376316
39.5154,39.5154,115.0,129.53831294141548,128.70517225492085,-27.918312941415486
39.5349,39.5349,120.0,129.58945425570337,128.7492959871573,-22.969454255703376
39.5543,39.5543,121.0,129.6406689300217,128.79343766947872,-22.020668930021692
39.5738,39.5738,118.0,129.6921405003681,128.83770691558726,-25.072140500368114
39.5932,39.5932,112.0,129.74369143436036,128.88199818386838,-31.12369143436036
39.6127,39.6127,133.0,129.7955073034998,128.92641983313825,-10.17550730349979
39.6322,39.6322,124.0,129.8474985777942,128.9709190167216,-19.2274985777942
39.6516,39.6516,127.0,129.89957738568359,129.0154443178709,-16.279577385683588
39.6711,39.6711,127.0,129.95192988419453,129.06010287371433,-16.33192988419453
39.6905,39.6905,130.0,130.00437560147276,129.10479100945693,-13.38437560147276
39.71,39.71,130.0,130.05710397294027,129.14961557686394,-13.43710397294027
39.7294,39.7294,122.0,130.10993264893352,129.19447438397637,-21.489932648933525
39.7489,39.7489,129.0,130.1630527296516,129.23947437870612,-14.543052729651611
39.7684,39.7684,115.0,130.2163763671944,129.28456609669115,-28.596376367194416
39.7878,39.7878,121.0,130.2698148933686,129.32970123301524,-22.649814893368593
39.8073,39.8073,123.0,130.32356006363497,129.3749852898544,-20.703560063634974
39.8267,39.8267,143.0,130.3774280844004,129.420318059663,-0.7574280844004075
39.8462,39.8462,146.0,130.43161319638304,129.46580407354972,2.188386803616959
39.8656,39.8656,144.0,130.48593080559633,129.5113447460266,0.13406919440367382
39.8851,39.8851,124.0,130.5405775364607,129.55704537008816,-19.92057753646069
39.9046,39.9046,124.0,130.5954654736237,129.60285985566202,-19.975465473623707
39.924,39.924,123.0,130.6505047815032,129.64874292332857,-21.030504781503204
39.9435,39.9435,137.0,130.7058964016233,129.69479956800646,-7.085896401623307
39.9629,39.9629,112.0,130.76145334563697,129.74093466993045,-32.14145334563697
39.9824,39.9824,155.0,130.81737878492794,129.78725321970472,10.80262121507206
40.0018,40.0018,138.0,130.8734834494631,129.83366092037326,-6.253483449463095
40.0213,40.0213,127.0,130.92997318763955,129.88026132867952,-17.30997318763955
40.0408,40.0408,115.0,130.98675871718868,129.92701074879724,-29.36675871718868
40.0602,40.0602,123.0,131.04374583545678,129.9738664712671,-21.423745835456778
40.0797,40.0797,114.0,131.10114560997442,130.02093136432805,-30.481145609974426
40.0991,40.0991,128.0,131.15876374770224,130.06811360974288,-16.53876374770224
40.1186,40.1186,117.0,131.21681146747468,130.11551458468006,-27.596811467474687
40.138,40.138,123.0,131.27509169326282,130.1630428527899,-21.655091693262825
40.1575,40.1575,128.0,131.33382019892835,130.21079881887923,-16.713820198928353
40.177,40.177,133.0,131.39289979902256,130.25873878306615,-11.772899799022559
40.1964,40.1964,125.0,131.45223306656052,130.30682007507716,-19.832233066560526
40.2159,40.2159,123.0,131.51204006100812,130.35514270318248,-21.892040061008124
40.2353,40.2353,114.0,131.5721185067721,130.40361751422273,-30.952118506772116
40.2548,40.2548,116.0,131.63268862400182,130.452343721512,-29.012688624001818
40.2742,40.2742,126.0,131.69354548006706,130.501232184125,-19.07354548006706
40.2937,40.2937,123.0,131.7549125156242,130.55038012231662,-22.1349125156242
40.3132,40.3132,121.0,131.81669033377895,130.599744877132,-24.196690333778953
40.3326,40.3326,119.0,131.87877698984298,130.64928446694117,-26.25877698984298
40.3521,40.3521,116.0,131.94140000175682,130.69909475582256,-29.32140000175682
40.3715,40.3715,124.0,132.00434523123047,130.7490874077982,-21.384345231230476
40.391,40.391,118.0,132.06784404512953,130.79935660127018,-27.447844045129536
40.4104,40.4104,119.0,132.13167881791986,130.84981416849092,-26.511678817919865
40.4299,40.4299,140.0,132.19608286673216,130.90055305519567,-5.576082866732156
40.4494,40.4494,108.0,132.26095036892102,130.95152986643254,-37.64095036892102
40.4688,40.4688,116.0,132.3261722630455,131.00270285982813,-29.706172263045495
40.4883,40.4883,128.0,132.3919898356475,131.05416325351536,-17.77198983564751
40.5077,40.5077,137.0,132.45817112603936,131.10582318910792,-8.838171126039361
40.5272,40.5272,127.0,132.52496312042814,131.1577727591471,-18.904963120428143
40.5466,40.5466,156.0,132.59213291151093,131.2099258393681,10.027867088489069
40.5661,40.5661,119.0,132.65993077025595,131.26237266749297,-27.039930770255957
40.5856,40.5856,131.0,132.72824589619685,131.31507162815893,-15.108245896196854
40.605,40.605,117.0,132.7969582926664,131.36798147007013,-29.176958292666406
40.6245,40.6245,135.0,132.86632858622943,131.42119141800535,-11.24632858622943
40.6439,40.6439,115.0,132.93611142154126,131.47461697198364,-31.316111421541258
40.6634,40.6634,113.0,133.0065715475548,131.52834670772455,-33.386571547554816
40.6828,40.6828,102.0,133.07746158767333,131.58229684699876,-44.45746158767333
40.7023,40.7023,124.0,133.14904691860164,131.63655373770402,-22.529046918601644
40.7218,40.7218,123.0,133.22120707260353,131.69107418330313,-23.601207072603536
40.7412,40.7412,136.0,133.29381274223857,131.74581565573567,-10.673812742238573
40.7607,40.7607,103.0,133.36714019429607,131.80086160279987,-43.74714019429607
40.7801,40.7801,118.0,133.44092725500866,131.8561282290834,-28.820927255008662
40.7996,40.7996,117.0,133.51545209127795,131.9116974314032,-29.895452091277953
40.819,40.819,128.0,133.5904456396919,131.96748418972848,-18.970445639691896
40.8385,40.8385,136.0,133.66619376911353,132.02356859774258,-11.046193769113534
40.858,40.858,125.0,133.7425655636285,132.07990684046405,-22.12256556362849
40.8774,40.8774,115.0,133.81941884365065,132.13645651622835,-32.199418843650655
40.8969,40.8969,125.0,133.89705435667884,132.19329738200076,-22.27705435667884
40.9163,40.9163,130.0,133.97518551538457,132.250345799803,-17.35518551538457
40.9358,40.9358,123.0,134.05411848157556,132.30768002557858,-24.43411848157556
40.9552,40.9552,134.0,134.13355654913846,132.36521739200748,-13.513556549138462
40.9747,40.9747,124.0,134.2138148314465,132.42303550003209,-23.593814831446515
40.9941,40.9941,129.0,134.29459863257875,132.48105276365294,-18.674598632578757
41.0136,41.0136,91.0,134.3762199089397,132.5393464404745,-56.756219908939705
41.0331,41.0331,117.0,134.45854540502694,132.59787494205267,-30.83854540502694
41.0525,41.0525,128.0,134.54140989910985,132.65659510509064,-19.921409899109854
41.072,41.072,122.0,134.62515457996443,132.71558035728748,-26.005154579964433
41.0914,41.0914,123.0,134.7094499594355,132.77474823732464,-25.08944995943549
41.1109,41.1109,120.0,134.79464152764066,132.83417127923155,-28.174641527640667
41.1303,41.1303,133.0,134.88040495678777,132.89376726655388,-15.260404956787772
41.1498,41.1498,125.0,134.96708949300142,132.9536073653781,-23.347089493001427
41.1693,41.1693,121.0,135.05453707437906,133.01364801105257,-27.434537074379058
41.1887,41.1887,137.0,135.14256923370144,133.07384628145158,-11.522569233701438
41.2082,41.2082,115.0,135.23156185024996,133.13427222014766,-33.61156185024996
41.2276,41.2276,123.0,135.321160593593,133.1948456832332,-25.701160593592995
41.2471,41.2471,128.0,135.41175189331466,133.25563588811457,-20.79175189331466
41.2665,41.2665,117.0,135.5029642474527,133.31656241943327,-31.882964247452698
41.286,41.286,124.0,135.59520293111925,133.37769361134877,-24.97520293111925
41.3055,41.3055,127.0,135.68827984861895,133.4389858414633,-22.06827984861895
41.3249,41.3249,126.0,135.78201022347875,133.50039603400194,-23.162010223478752
41.3444,41.3444,116.0,135.87681532150427,133.5619906121069,-33.25681532150427
41.3638,41.3638,134.0,135.97229265901083,133.62369019762795,-15.352292659010834
41.3833,41.3833,124.0,136.0688846745288,133.6855597040355,-25.44888467452879
41.4027,41.4027,155.0,136.16616995708824,133.74752021407068,5.453830042911756
41.4222,41.4222,128.0,136.26460491340313,133.80963617050293,-21.644604913403136
41.4417,41.4417,141.0,136.36399653654615,133.87186479034986,-8.743996536546154
41.4611,41.4611,115.0,136.46412656594313,133.93416407079567,-34.844126565943135
41.4806,41.4806,123.0,136.56548335668674,133.9965985239795,-26.945483356686744
41.5,41.5,132.0,136.66760963207918,134.05909118795358,-18.04760963207918
41.5195,41.5195,105.0,136.7710084026131,134.12170475524118,-45.151008402613094
41.5389,41.5389,132.0,136.87522675757427,134.18436300237994,-18.25522675757427
41.5584,41.5584,140.0,136.98076444967242,134.24712672116885,-10.360764449672422
41.5779,41.5779,121.0,137.08742292707893,134.30995330579594,-29.467422927078935
41.5973,41.5973,128.0,137.194946150405,134.37280164734204,-22.574946150405005
41.6168,41.6168,113.0,137.30390351191,134.435732094123,-37.683903511909996
41.6362,41.6362,129.0,137.4137722675341,134.49866939596373,-21.793772267534116
41.6557,41.6557,120.0,137.52513772507766,134.5616722330961,-30.905137725077658
41.6751,41.6751,146.0,137.63747325517397,134.6246651791889,-5.017473255173973
41.6946,41.6946,134.0,137.75138759071922,134.68770576147347,-17.13138759071922
41.7141,41.7141,138.0,137.86663453790192,134.750752490546,-13.246634537901917
41.7335,41.7335,131.0,137.98293023319263,134.81376498788455,-20.362930233192635
41.753,41.753,117.0,138.10093578220187,134.87680165576003,-34.480935782201875
41.7724,41.7724,125.0,138.22006909326217,134.9397904750167,-26.60006909326217
41.7919,41.7919,139.0,138.341020333928,135.00278859473218,-12.721020333927987
41.8113,41.8113,130.0,138.4631709596211,135.0657237622351,-21.843170959621098
41.8308,41.8308,118.0,138.58725665117473,135.12865289364893,-33.96725665117473
41.8503,41.8503,139.0,138.71297952477792,135.19153683413572,-13.092979524777922
41.8697,41.8697,109.0,138.8400405325644,135.25433645450684,-43.22004053256439
41.8892,41.8892,134.0,138.96922482190254,135.3171077138773,-18.349224821902546
41.9086,41.9086,117.0,139.0998424235447,135.37977963922566,-35.47984242354469
41.9281,41.9281,128.0,139.23273243807932,135.44240655703746,-24.612732438079327
41.9475,41.9475,143.0,139.3671613975347,135.5049177949156,-9.747161397534688
41.967,41.967,125.0,139.50400795144213,135.56736616808078,-27.884007951442136
41.9865,41.9865,132.0,139.6429632729794,135.6297128794237,-21.02296327297939
42.0059,42.0059,133.0,139.7836539013033,135.6919195884984,-20.1636539013033
42.0254,42.0254,135.0,139.92704854416652,135.75403887678613,-18.307048544166527
42.0448,42.0448,140.0,140.07232164582004,135.81600288280418,-13.45232164582004
42.0643,42.0643,125.0,140.220492090654,135.87786415807818,-28.600492090654008
42.0837,42.0837,130.0,140.37073768005234,135.9395566422984,-23.750737680052346
42.1032,42.1032,138.0,140.5240972871969,136.0011326237084,-15.904097287196896
42.1227,42.1227,113.0,140.68023374847706,136.06255566530123,-41.06023374847707
42.1421,42.1421,136.0,140.83871193545403,136.12379060278883,-18.21871193545403
42.1616,42.1616,133.0,141.00073574405044,136.18488824199125,-21.380735744050448
42.181,42.181,112.0,141.1653172320643,136.24578400811066,-42.5453172320643
42.2005,42.2005,135.0,141.33372945443463,136.30652869585637,-19.713729454434635
42.2199,42.2199,105.0,141.50496760244982,136.36705752163914,-49.88496760244983
42.2394,42.2394,143.0,141.68038737412735,136.42741980541393,-12.06038737412735
42.2589,42.2589,148.0,141.8595654530249,136.4875781211461,-7.239565453024914
42.2783,42.2783,129.0,142.04198184556594,136.5474965610332,-26.421981845565945
42.2978,42.2978,131.0,142.22915146949214,136.60722351683268,-24.60915146949214
42.3172,42.3172,127.0,142.41991823915805,136.66669637197668,-28.799918239158053
42.3367,42.3367,131.0,142.615902882167,136.7259628726289,-24.99590288216701
42.3561,42.3561,110.0,142.81585439786727,136.78496099719996,-46.19585439786727
42.3756,42.3756,109.0,143.02154212290898,136.84373770144725,-47.401542122908985
42.3951,42.3951,127.0,143.23243280458493,136.90225712846623,-29.612432804584934
42.4145,42.4145,122.0,143.4479734280955,136.96048272797623,-34.82797342809551
42.434,42.434,132.0,143.6701240589661,137.01845753691697,-25.050124058966112
42.4534,42.4534,143.0,143.89742639069192,137.07611791411492,-14.27742639069192
42.4729,42.4729,96.0,144.1320370476104,137.1335058102346,-61.5120370476104
42.4923,42.4923,123.0,144.37238199282817,137.19055919435132,-34.75238199282817
42.5118,42.5118,148.0,144.62078092182497,137.24731787490396,-10.000780921824974
42.5313,42.5313,150.0,144.87670357983612,137.3037432817525,-8.256703579836119
42.5507,42.5507,128.0,145.13944086366791,137.35979844005908,-30.519440863667917
42.5702,42.5702,130.0,145.41161958635402,137.41552343403666,-28.791619586354024
42.5896,42.5896,115.0,145.69143616339397,137.47085682152246,-44.071436163393976
42.6091,42.6091,124.0,145.9818172139572,137.5258378226279,-35.36181721395722
42.6285,42.6285,125.0,146.28078739058824,137.580404623387,-34.66078739058825
42.648,42.648,160.0,146.59152878510238,137.63459431267918,0.028471214897615837
42.6675,42.6675,138.0,146.91347026146224,137.68836928029617,-22.29347026146224
42.6869,42.6869,154.0,147.2457631477462,137.7416927811733,-6.625763147746204
42.7064,42.7064,163.0,147.5921354772051,137.79460118785065,2.027864522794909
42.7258,42.7258,135.0,147.95024984515885,137.84703486097695,-26.330249845158853
42.7453,42.7453,142.0,148.32419634305668,137.89903020906485,-19.704196343056687
42.7647,42.7647,141.0,148.7115933774644,137.9505286338871,-21.0915933774644
42.7842,42.7842,120.0,149.11697389336462,138.0015668546097,-42.49697389336462
42.8037,42.8037,136.0,149.5397428490392,138.05211144949646,-26.91974284903919
42.8231,42.8231,145.0,149.98260040819937,138.10212894402824,-18.362600408199377
42.8426,42.8426,138.0,150.44363215997333,138.15165530301385,-25.823632159973336
42.862,42.862,124.0,150.9236697383339,138.20063540976508,-40.3036697383339
42.8815,42.8815,130.0,151.42875995134006,138.2491058567792,-34.80875995134006
42.9009,42.9009,123.0,151.9557883742746,138.2970121745404,-42.33578837427459
42.9204,42.9204,155.0,152.5116787750416,138.34438973898045,-10.891678775041589
42.9399,42.9399,147.0,153.09586176527665,138.39120610660808,-19.475861765276655
42.9593,42.9593,128.0,153.7077654482767,138.43743007837784,-39.08776544827669
42.9788,42.9788,129.0,154.35537530554654,138.48309696625074,-38.73537530554655
42.9982,42.9982,167.0,155.03540679545821,138.52815459798524,-1.4154067954582157
43.0177,43.0177,130.0,155.7572723781806,138.57263724295763,-39.137272378180604
43.0371,43.0371,135.0,156.5171462309354,138.61649327163303,-34.8971462309354
43.0566,43.0566,151.0,157.3280004893752,138.65975623352,-19.708000489375202
43.0761,43.0761,145.0,158.18625084407526,138.70239611528984,-26.566250844075263
43.0955,43.0955,134.0,159.09385203069172,138.74438443623384,-38.473852030691724
43.115,43.115,150.0,160.06450612544185,138.7857556800714,-23.444506125441855
43.1344,43.1344,165.0,161.09397078358882,138.8264618485625,-9.473970783588817
43.1539,43.1539,149.0,162.19874382329644,138.86653782915693,-26.578743823296442
43.1733,43.1733,155.0,163.3743330826486,138.90593725589633,-21.754333082648607
43.1928,43.1928,139.0,164.64016440814788,138.94469534711345,-39.020164408147885
43.2123,43.2123,141.0,165.9993907243882,138.98278760580953,-38.37939072438821
43.2317,43.2317,127.0,167.45383309382981,139.02019065867944,-53.83383309382982
43.2512,43.2512,157.0,169.02934623222086,139.05694042592768,-25.409346232220862
43.2706,43.2706,141.0,170.72197031642418,139.09299445310762,-43.10197031642418
43.2901,43.2901,158.0,172.56294858277224,139.1283881513291,-27.94294858277224
43.3095,43.3095,146.0,174.54983699467644,139.1630807678611,-41.92983699467644
43.329,43.329,173.0,176.7211880028553,139.19710804078565,-17.101188002855316
43.3485,43.3485,168.0,179.0885052919862,139.23044964252978,-24.468505291986197
43.3679,43.3679,157.0,181.66201038444098,139.26308590341898,-38.04201038444098
43.3874,43.3874,178.0,184.49620100568097,139.2950524794292,-19.876201005680976
43.4068,43.4068,165.0,187.59582230123806,139.3263120008943,-35.97582230123806
43.4263,43.4263,157.0,191.02906657539734,139.3568999602724,-47.40906657539734
43.4457,43.4457,169.0,194.80726605887642,139.3867797150152,-39.187266058876425
43.4652,43.4652,170.0,199.02168576447008,139.41598667980904,-42.40168576447008
43.4847,43.4847,183.0,203.71623406825026,139.4445027809551,-34.09623406825026
43.5041,43.5041,220.0,208.93940655481296,139.47231060952535,-2.3194065548129625
43.5236,43.5236,193.0,214.8302990227823,139.4994446659138,-35.2102990227823
43.543,43.543,202.0,221.43616828229415,139.52587045171745,-32.81616828229415
43.5625,43.5625,225.0,228.9495804824625,139.5516218270151,-17.329580482462497
43.5819,43.5819,214.0,237.44067633129015,139.57666493307588,-36.82067633129015
43.6014,43.6014,212.0,247.17473927532382,139.6010329912456,-48.55473927532382
43.6209,43.6209,223.0,258.3150450506847,139.62470907264597,-48.69504505068472
43.6403,43.6403,241.0,271.0389163096587,139.6476768859972,-43.418916309658705
43.6598,43.6598,293.0,285.7557049744794,139.66996869675737,-6.135704974479387
43.6792,43.6792,268.0,302.627893645434,139.69155223901848,-48.00789364543403
43.6987,43.6987,283.0,322.1843512876865,139.71245914355092,-52.56435128768653
43.7181,43.7181,325.0,344.58966338651487,139.73265777841178,-32.969663386514874
43.7376,43.7376,336.0,370.4413717934091,139.75217914130528,-47.82137179340908
43.757,43.757,365.0,399.78448461823956,139.77099223263048,-48.16448461823956
43.7765,43.7765,403.0,433.08268042968444,139.7891274186489,-43.46268042968445
43.796,43.796,376.0,470.0650314831862,139.8065691992377,-107.4450314831862
43.8154,43.8154,419.0,509.89971752420445,139.82330270455816,-104.27971752420444
43.8349,43.8349,475.0,551.6901888037365,139.839357355948,-90.07018880373653
43.8543,43.8543,519.0,592.8756965303078,139.85470372835533,-87.25569653030777
43.8738,43.8738,559.0,630.9144453403729,139.8693706157437,-85.29444534037293
43.8932,43.8932,598.0,662.1740910054801,139.8833292197063,-77.55409100548013
43.9127,43.9127,613.0,684.132009897447,139.8966077084621,-84.512009897447
43.9322,43.9322,656.0,695.0547568915914,139.90919168185096,-52.43475689159141
43.9516,43.9516,626.0,695.0222228075497,139.92106736428187,-82.40222280754972
43.9711,43.9711,669.0,685.3342512131006,139.93226198761622,-29.71425121310063
43.9905,43.9905,661.0,667.779150346578,139.94274831371982,-20.159150346578038
44.01,44.01,642.0,643.6505035362693,139.9525529527931,-15.030503536269299
44.0294,44.0294,630.0,614.370219144112,139.96164928762872,2.2497808558880426
44.0489,44.0489,635.0,580.7726718571967,139.9700633084019,40.84732814280334
44.0684,44.0684,594.0,544.4219354238919,139.97778170491296,36.19806457610809
44.0878,44.0878,570.0,507.15472913217377,139.9847917857958,49.46527086782623
44.1073,44.1073,556.0,470.23527742282903,139.99111861346603,72.38472257717098
44.1267,44.1267,517.0,435.3649642855172,139.99673711665886,68.2550357144828
44.1462,44.1462,485.0,403.0582133767267,140.0016717418636,68.56178662327329
44.1656,44.1656,478.0,374.08660079640686,140.0058980330028,90.53339920359315
44.1851,44.1851,391.0,348.23653215683,140.0094398222812,29.383467843170017
44.2046,44.2046,426.0,325.5312113088821,140.01228487942043,87.08878869111788
44.224,44.224,358.0,305.8057368110585,140.01442158721906,38.814263188941474
44.2435,44.2435,352.0,288.544874918744,140.01587285875127,50.075125081256026
44.2629,44.2629,329.0,273.6147136204967,140.01661576950036,42.005286379503325
44.2824,44.2824,307.0,260.55793820750057,140.01667262236955,33.06206179249943
44.3018,44.3018,294.0,249.23666865354286,140.01602110226946,31.383331346457133
44.3213,44.3213,258.0,239.29734978562198,140.01468290357974,5.322650214378024
44.3408,44.3408,243.0,230.5881633046772,140.0126468658685,-0.9681633046772102
44.3602,44.3602,256.0,222.9700910062729,140.00990243600359,19.649908993727102
44.3797,44.3797,243.0,216.21145775586203,140.00647039789416,13.408542244137971
44.3991,44.3991,223.0,210.25318813411496,140.0023299535787,-0.633188134114965
44.4186,44.4186,197.0,204.92739784298888,139.9975012825709,-21.307397842988884
44.438,44.438,207.0,200.19518093911066,139.99196419055642,-6.575180939110657
44.4575,44.4575,222.0,195.9324900582017,139.98573825431947,12.687509941798305
44.477,44.477,187.0,192.09917260126787,139.97881337317773,-18.47917260126787
44.4964,44.4964,167.0,188.65634381149667,139.97118004795138,-35.03634381149667
44.5159,44.5159,162.0,185.52323761860328,139.962856953861,-36.90323761860328
44.5353,44.5353,206.0,182.69094707742485,139.95382545314362,9.929052922575147
44.5548,44.5548,173.0,180.097497092597,139.94410386549754,-20.477497092596998
44.5742,44.5742,182.0,177.74022300056225,139.9336743404098,-9.120223000562254
44.5937,44.5937,177.0,175.56958277762183,139.92255461117847,-11.949582777621833
44.6132,44.6132,179.0,173.5770361406163,139.91073588141404,-7.957036140616287
44.6326,44.6326,160.0,171.7523042527553,139.8982099538882,-25.132304252755297
44.6521,44.6521,157.0,170.06028646759432,139.88499367516602,-26.440286467594326
44.6715,44.6715,150.0,168.5039722582803,139.87107099260163,-31.883972258280302
44.691,44.691,151.0,167.054640434045,139.85645897069764,-29.434640434045015
44.7104,44.7104,171.0,165.7163153226207,139.84114358181913,-8.096315322620688
44.7299,44.7299,159.0,164.46536028265584,139.82514311638306,-18.84536028265584
44.7494,44.7494,157.0,163.3000356016506,139.8084524682566,-19.680035601650594
44.7688,44.7688,151.0,162.21792140993315,139.7910674758378,-24.597921409933157
44.7883,44.7883,162.0,161.20100165636603,139.77300642821177,-12.581001656366032
44.8077,44.8077,146.0,160.25364409598276,139.75425945639913,-27.633644095982767
44.8272,44.8272,148.0,159.36064163924414,139.73484534277958,-24.74064163924414
44.8466,44.8466,134.0,158.52589138542163,139.7147558147357,-37.90589138542163
44.8661,44.8661,140.0,157.73689101029174,139.6940107966895,-31.116891010291745
44.8856,44.8856,166.0,156.99353940688368,139.67260999230328,-4.373539406883685
44.905,44.905,155.0,156.29586116146027,139.65055418814828,-14.675861161460267
44.9245,44.9245,141.0,155.6335384067611,139.62786310365095,-28.013538406761093
44.9439,44.9439,151.0,155.01006356717673,139.60453215776488,-17.390063567176732
44.9634,44.9634,149.0,154.41682391132605,139.58058171950265,-18.79682391132605
44.9828,44.9828,126.0,153.85693364933792,139.55600924906994,-41.23693364933792
45.0023,45.0023,145.0,153.32281949256634,139.53083634547787,-21.70281949256634
45.0218,45.0218,139.0,152.8151859726335,139.50506692482028,-27.19518597263349
45.0412,45.0412,127.0,152.33454585437684,139.4787062770753,-38.714545854376844
45.0607,45.0607,140.0,151.87447346103554,139.45177596871756,-25.254473461035538
45.0801,45.0801,120.0,151.43783830598431,139.42427631451406,-44.81783830598432
45.0996,45.0996,136.0,151.0189961509792,139.39622848247132,-28.398996150979208
45.119,45.119,127.0,150.62066565959975,139.3676330797509,-37.000665659599754
45.1385,45.1385,138.0,150.23777938526172,139.33851016472408,-25.61777938526172
45.158,45.158,134.0,149.8712651473549,139.30886521603819,-29.251265147354907
45.1774,45.1774,132.0,149.52163495529817,139.27870467936185,-30.90163495529817
45.1969,45.1969,141.0,149.18465340089227,139.2480479549346,-21.564653400892276
45.2163,45.2163,127.0,148.86260110917686,139.21689754584588,-35.24260110917687
45.2358,45.2358,141.0,148.55163297057265,139.18527287861716,-20.931632970572657
45.2552,45.2552,157.0,148.2539309515543,139.1531772944884,-4.63393095155431
45.2747,45.2747,135.0,147.9660372585963,139.12062992581772,-26.34603725859629
45.2942,45.2942,124.0,147.68868143209812,139.087639102723,-37.068681432098124
45.3136,45.3136,126.0,147.42245128168148,139.0542139355348,-34.80245128168148
45.3331,45.3331,136.0,147.1643609257558,139.0203728653169,-24.544360925755804
45.3525,45.3525,133.0,146.91624538710192,138.98612102423857,-27.296245387101926
45.372,45.372,125.0,146.67539667728084,138.95147620056582,-35.05539667728085
45.3914,45.3914,132.0,146.44343583446286,138.9164444665502,-27.823435834462863
45.4109,45.4109,129.0,146.2180056039793,138.88104270553836,-30.598005603979296
45.4304,45.4304,141.0,145.99964354636143,138.84527953739084,-18.37964354636143
45.4498,45.4498,144.0,145.78893166135578,138.8091639768375,-15.168931661355776
45.4693,45.4693,120.0,145.58368500376247,138.77271254636867,-38.96368500376247
45.4887,45.4887,163.0,145.38535484018527,138.73593354607124,4.234645159814727
45.5082,45.5082,141.0,145.19196119181913,138.69884297102925,-17.571961191819135
45.5276,45.5276,128.0,145.00481620441138,138.66144903302214,-30.384816204411386
45.5471,45.5471,126.0,144.82211339482063,138.62376790283997,-32.202113394820636
45.5666,45.5666,138.0,144.6443811172259,138.58581017191125,-20.024381117225893
45.586,45.586,129.0,144.4720957284825,138.54758663955963,-28.85209572848249
45.6055,45.6055,137.0,144.30364243233862,138.50911252576412,-20.683642432338623
45.6249,45.6249,139.0,144.14014370545442,138.47039778820366,-18.520143705454423
45.6444,45.6444,132.0,143.98012048614382,138.43145733659733,-25.36012048614382
45.6638,45.6638,139.0,143.82464296684674,138.39230257880558,-18.20464296684674
45.6833,45.6833,123.0,143.67232461941455,138.35294845184367,-34.052324619414556
45.7028,45.7028,134.0,143.52364768337284,138.31340795001307,-22.903647683372846
45.7222,45.7222,107.0,143.37897184727552,138.27369408930412,-49.758971847275525
45.7417,45.7417,137.0,143.23707413374606,138.23382117904632,-19.617074133746065
45.7611,45.7611,126.0,143.09887414630995,138.193800675684,-30.478874146309956
45.7806,45.7806,122.0,142.96321590499196,138.15364516660017,-34.34321590499196
45.8,45.8,129.0,142.83098793973687,138.1133667374723,-27.210987939736874
45.8195,45.8195,138.0,142.70111562749395,138.07297653398956,-18.08111562749395
45.839,45.839,135.0,142.57396712227688,138.0324859936714,-20.953967122276886
45.8584,45.8584,142.0,142.44987318498852,137.9919075733106,-13.82987318498852
45.8779,45.8779,132.0,142.32786322351058,137.95125225305534,-23.70786322351058
45.8973,45.8973,126.0,142.2087062798607,137.9105342638265,-29.58870627986071
45.9168,45.9168,111.0,142.09148818442478,137.8697648619283,-44.47148818442478
45.9362,45.9362,123.0,141.97693612706752,137.8289586118502,-32.35693612706752
45.9557,45.9557,123.0,141.8642030421325,137.788124644742,-32.24420304213249
45.9752,45.9752,122.0,141.75359609144124,137.74727484331348,-33.13359609144124
45.9946,45.9946,143.0,141.64539796581965,137.70642113726782,-12.025397965819655
46.0141,46.0141,127.0,141.53883241335848,137.66557031855936,-27.91883241335848
46.0335,46.0335,137.0,141.43453469504044,137.62473625758253,-17.814534695040443
46.053,46.053,128.0,141.33178113656768,137.58392578350785,-26.711781136567687
46.0724,46.0724,137.0,141.23115238633997,137.5431535238082,-17.611152386339974
46.0919,46.0919,143.0,141.13197533551977,137.50242607127782,-11.51197533551977
46.1114,46.1114,125.0,141.03451220992898,137.46175651511427,-29.41451220992898
46.1308,46.1308,114.0,140.93901285675742,137.42115927282234,-40.31901285675742
46.1503,46.1503,145.0,140.84485716614313,137.38064105005856,-9.22485716614313
46.1697,46.1697,146.0,140.75255499499022,137.34021750197277,-8.13255499499022
46.1892,46.1892,151.0,140.66152807733204,137.29989462692348,-3.0415280773320372
46.2086,46.2086,122.0,140.57227022274,137.259690392492,-31.952270222740005
46.2281,46.2281,135.0,140.48422865752553,137.2196119610551,-18.864228657525537
46.2476,46.2476,126.0,140.39764621758522,137.17967479828653,-27.77764621758522
46.267,46.267,148.0,140.31271718913825,137.13989523255287,-5.692717189138255
46.2865,46.2865,135.0,140.22894101805701,137.1002792053119,-18.608941018057017
46.3059,46.3059,127.0,140.14675626493093,137.06084725084423,-26.52675626493093
46.3254,46.3254,131.0,140.06568455489514,137.02160604044292,-22.445684554895145
46.3448,46.3448,124.0,139.9861536012167,136.9825767972611,-29.366153601216702
46.3643,46.3643,107.0,139.90770496810902,136.9437655836009,-46.28770496810902
46.3838,46.3838,142.0,139.8305519198883,136.90518965821664,-11.210551919888308
46.4032,46.4032,126.0,139.7548492880955,136.86686530669562,-27.134849288095502
46.4227,46.4227,115.0,139.6801972395115,136.8287967291202,-38.0601972395115
46.4421,46.4421,121.0,139.60696405786913,136.79100521660416,-31.986964057869137
46.4616,46.4616,146.0,139.53475057204778,136.75349326659924,-6.914750572047785
46.481,46.481,129.0,139.46391809717596,136.7162811726013,-23.843918097175965
46.5005,46.5005,130.0,139.39409261102762,136.67937127357874,-22.77409261102762
46.5199,46.5199,120.0,139.32560610750346,136.64278526494957,-32.70560610750346
46.5394,46.5394,117.0,139.2581087363155,136.60652499491098,-35.63810873631551
46.5589,46.5589,126.0,139.1917578703808,136.570606745667,-26.5717578703808
46.5783,46.5783,134.0,139.12670587952425,136.53504650095135,-18.506705879524254
46.5978,46.5978,101.0,139.0626239909618,136.49984370846448,-51.44262399096181
46.6172,46.6172,148.0,138.9998068999894,136.46502006633256,-4.3798068999894095
46.6367,46.6367,119.0,138.93794496066184,136.43057297147365,-33.31794496066184
46.6561,46.6561,139.0,138.87732379722706,136.39652365959148,-13.257323797227064
46.6756,46.6756,138.0,138.81764335805235,136.36286924564195,-14.197643358052352
46.6951,46.6951,117.0,138.75905000627736,136.32962520258548,-35.139050006277365
46.7145,46.7145,133.0,138.70166223294143,136.296808089866,-19.081662232941433
46.734,46.734,125.0,138.64520782156944,136.2644146960994,-27.025207821569445
46.7534,46.7534,115.0,138.5899419695612,136.23246754872062,-36.96994196956121
46.7729,46.7729,130.0,138.53560195525566,136.20096294215688,-21.91560195525566
46.7923,46.7923,134.0,138.48243631074226,136.16992272864644,-17.86243631074226
46.8118,46.8118,125.0,138.43019623740466,136.13934186037386,-26.81019623740466
46.8313,46.8313,135.0,138.37899649965692,136.10923598584583,-16.758996499656924
46.8507,46.8507,140.0,138.3289439610494,136.07962100138207,-11.70894396104939
46.8702,46.8702,118.0,138.2798129072765,136.05049160828017,-33.659812907276496
46.8896,46.8896,120.0,138.2318228475835,136.0218721911944,-31.61182284758349
46.9091,46.9091,135.0,138.184750003473,135.99375696255578,-16.564750003473
46.9285,46.9285,133.0,138.13880953366578,135.9661695203752,-18.51880953366578
46.948,46.948,100.0,138.09379287391124,135.93910342423501,-51.47379287391124
46.9675,46.9675,114.0,138.04979861578656,135.91257548454024,-37.42979861578656
46.9869,46.9869,124.0,138.00692337255305,135.88660111414742,-27.38692337255305
47.0064,47.0064,116.0,137.96496724479348,135.8611705676226,-35.34496724479349
47.0258,47.0258,123.0,137.92412050398363,135.83630622085872,-28.304120503983633
47.0453,47.0453,127.0,137.88419612692178,135.81199670950747,-24.26419612692178
47.0647,47.0647,118.0,137.84536541095426,135.78826370619157,-33.22536541095426
47.0842,47.0842,116.0,137.80745333650708,135.76509489627452,-35.18745333650708
47.1037,47.1037,133.0,137.77054127902204,135.74250281256977,-18.150541279022043
47.1231,47.1231,128.0,137.73470941844494,135.7204996521412,-23.11470941844494
47.1426,47.1426,132.0,137.69979271547209,135.69907115797918,-19.079792715472088
47.162,47.162,104.0,137.66594147480942,135.6782388799969,-47.04594147480942
47.1815,47.1815,142.0,137.63300166646653,135.65798828879565,-9.013001666466527
47.2009,47.2009,127.0,137.6011178974065,135.6383400452053,-23.981117897406513
47.2204,47.2204,116.0,137.57013943924295,135.61927836050114,-34.95013943924295
47.2399,47.2399,134.0,137.54014376753565,135.600815440345,-16.920143767535656
47.2593,47.2593,129.0,137.51118811895853,135.58296315736305,-21.89118811895853
47.2788,47.2788,115.0,137.4831369900226,135.56570447553437,-35.86313699002259
47.2982,47.2982,122.0,137.45611673073213,135.54906160851107,-28.836116730732137
47.3177,47.3177,111.0,137.42999909284063,135.53301621395448,-39.809999092840634
47.3371,47.3371,132.0,137.40490665966948,135.51758969312277,-18.78490665966948
47.3566,47.3566,126.0,137.38070825784072,135.50276167638197,-24.760708257840726
47.3761,47.3761,129.0,137.35747032862074,135.4885426359426,-21.737470328620738
47.3955,47.3955,142.0,137.33523434522502,135.4749433724411,-8.715234345225019
47.415,47.415,116.0,137.31389137543536,135.4619429609079,-34.69389137543536
47.4344,47.4344,122.0,137.293546013958,135.4495638433444,-28.67354601395801
47.4539,47.4539,129.0,137.2740873867347,135.437784658013,-21.654087386734695
47.4733,47.4733,122.0,137.2556186593016,135.42662710605026,-28.635618659301606
47.4928,47.4928,106.0,137.23803801305445,135.41606900464208,-44.61803801305445
47.5123,47.5123,141.0,137.2213890673724,135.4061208374678,-9.6013890673724
47.5317,47.5317,135.0,137.2057127766227,135.396792093781,-15.585712776622705
47.5512,47.5512,126.0,137.19091402575518,135.3880588179498,-24.57091402575518
47.5706,47.5706,117.0,137.17708028115024,135.37994331490265,-33.55708028115024
47.5901,47.5901,132.0,137.16412564367099,135.3724214735018,-18.544125643670988
47.6095,47.6095,133.0,137.15212314209236,135.3655151895264,-17.532123142092367
47.629,47.629,129.0,137.14099561766525,135.35919941051372,-21.520995617665257
47.6485,47.6485,124.0,137.13077614979628,135.35348492524787,-26.51077614979628
47.6679,47.6679,124.0,137.12150082221902,135.3483830441548,-26.501500822219022
47.6874,47.6874,149.0,137.1130986313266,135.34386813323522,-1.4930986313266086
47.7068,47.7068,144.0,137.10562942392977,135.33996333971584,-6.485629423929771
47.7263,47.7263,120.0,137.09903194429694,135.33664309477226,-30.479031944296942
47.7457,47.7457,126.0,137.0933626006881,135.33393270096155,-24.473362600688098
47.7652,47.7652,125.0,137.08856592172097,135.33180650036115,-25.468565921720973
47.7847,47.7847,123.0,137.08467315940595,135.330276631728,-27.464673159405955
47.8041,47.8041,141.0,137.08170078410086,135.32935548596134,-9.461700784100861
47.8236,47.8236,133.0,137.0796076991738,135.32901604430728,-17.45960769917381
47.843,47.843,124.0,137.0784313241567,135.32928433616712,-26.4584313241567
47.8625,47.8625,120.0,137.07813505946962,135.3301340116025,-30.45813505946962
47.8819,47.8819,127.0,137.07875766571908,135.3315916043633,-23.458757665719084
47.9014,47.9014,122.0,137.08026014180084,135.33362950800668,-28.460260141800838
47.9209,47.9209,138.0,137.0826691544009,135.3362603604813,-12.46266915440089
47.9403,47.9403,119.0,137.08598967355744,135.3394968461936,-31.465989673557438
47.9598,47.9598,114.0,137.09019998622858,135.34331084465893,-36.470199986228586
47.9792,47.9792,120.0,137.09532415175326,135.34772903623397,-30.475324151753263
47.9987,47.9987,135.0,137.10133742610142,135.352721318151,-15.481337426101424
48.0181,48.0181,110.0,137.10826240704995,135.35831334670056,-40.48826240704995
48.0376,48.0376,132.0,137.11608411800208,135.36447448531743,-18.49608411800208
48.0571,48.0571,130.0,137.12480740135354,135.37121556603606,-20.50480740135354
48.0765,48.0765,126.0,137.1344334289545,135.37854811738455,-24.51443342895451
48.096,48.096,97.0,137.14495534857483,135.38644001270475,-53.52495534857483
48.1154,48.1154,103.0,137.15638036377737,135.39491749627288,-47.536380363777376
48.1349,48.1349,122.0,137.16870687444535,135.40394579662637,-28.54870687444535
48.1543,48.1543,107.0,137.18192395610154,135.4135478728283,-43.561923956101545
48.1738,48.1738,127.0,137.19603867054323,135.4236864394936,-23.576038670543234
48.1933,48.1933,123.0,137.21103866603244,135.43436779485714,-27.59103866603244
48.2127,48.2127,129.0,137.22691602119224,135.44559859309646,-21.60691602119224
48.2322,48.2322,108.0,137.24368337894904,135.45733906278065,-42.623683378949046
48.2516,48.2516,126.0,137.26131062586066,135.46961106402298,-24.641310625860662
48.2711,48.2711,127.0,137.2798234681913,135.4823730996987,-23.6598234681913
48.2905,48.2905,143.0,137.29918245443415,135.4956459726707,-7.679182454434146
48.31,48.31,148.0,137.31941800809406,135.50938751521522,-2.699418008094062
48.3295,48.3295,113.0,137.3405084579555,135.52360370172718,-37.72050845795551
48.3489,48.3489,125.0,137.36243307878453,135.5383017995035,-25.742433078784536
48.3684,48.3684,147.0,137.38523188591176,135.55343971165095,-3.7652318859117653
48.3878,48.3878,124.0,137.40884946295026,135.56903972647387,-26.78884946295026
48.4073,48.4073,133.0,137.4333386628451,135.58505999291265,-17.813338662845105
48.4267,48.4267,123.0,137.45864296198778,135.6015238327125,-27.83864296198778
48.4462,48.4462,123.0,137.48481454598803,135.61838897668318,-27.864814545988033
48.4657,48.4657,117.0,137.51183347934156,135.63566232065483,-33.891833479341564
48.4851,48.4851,136.0,137.53965467262404,135.6533508240767,-14.91965467262404
48.5046,48.5046,116.0,137.56835188869132,135.67141009947792,-34.94835188869133
48.524,48.524,137.0,137.597845426361,135.68986383785855,-13.977845426361005
48.5435,48.5435,119.0,137.62821298596424,135.7086668893888,-32.00821298596424
48.5629,48.5629,132.0,137.65937611539127,135.72784308654192,-19.03937611539127
48.5824,48.5824,141.0,137.69142337444652,135.74734677424956,-10.071423374446516
48.6019,48.6019,139.0,137.72430950987714,135.76718426745194,-12.104309509877146
48.6213,48.6213,131.0,137.75798105363276,135.7873630734799,-20.137981053632764
48.6408,48.6408,141.0,137.7925444910597,135.80783856960124,-10.172544491059687
48.6602,48.6602,118.0,137.82790055037896,135.82863681576455,-33.20790055037896
48.6797,48.6797,129.0,137.8641689141874,135.84971369640007,-22.24416891418739
48.6991,48.6991,115.0,137.9012278545414,135.87109574846835,-36.28122785454139
48.7186,48.7186,116.0,137.9392171775819,135.89273775064837,-35.3192171775819
48.7381,48.7381,131.0,137.97806981148693,135.9146475070795,-20.358069811486935
48.7575,48.7575,124.0,138.01772827951095,135.9368323893454,-27.39772827951095
48.777,48.777,133.0,138.0583414552032,135.9592449459524,-18.438341455203194
48.7964,48.7964,120.0,138.09976152759847,135.98191083039492,-31.479761527598477
48.8159,48.8159,140.0,138.142159024729,136.00478213259768,-11.522159024729012
48.8353,48.8353,114.0,138.18537094793655,136.02788459881202,-37.56537094793655
48.8548,48.8548,146.0,138.2295825981063,136.05117002744637,-5.609582598106305
48.8743,48.8743,125.0,138.27471711094375,136.07464532066092,-26.654717110943757
48.8937,48.8937,123.0,138.32069081842022,136.09831870152325,-28.70069081842022
48.9132,48.9132,124.0,138.3677123200724,136.12214102093304,-27.747712320072402
48.9326,48.9326,104.0,138.4155866791938,136.1461390088501,-47.79558667919381
48.9521,48.9521,123.0,138.4645429522494,136.1702623796612,-28.84454295224939
48.9715,48.9715,148.0,138.51437134359435,136.1945362745135,-3.894371343594349
48.991,48.991,123.0,138.56531023138888,136.21890794423035,-28.94531023138888
49.0105,49.0105,154.0,138.61727884508807,136.24338374586767,2.0027211549119333
49.0299,49.0299,145.0,138.67015423002346,136.26797002915583,-7.050154230023457
49.0494,49.0494,128.0,138.7242164382757,136.29261441387794,-24.104216438275706
49.0688,49.0688,139.0,138.7792174872131,136.31734450641548,-13.15921748721309
49.0883,49.0883,135.0,138.8354518591283,136.34210834575882,-17.215451859128315
49.1077,49.1077,127.0,138.8926729678543,136.3669344778078,-25.272672967854312
49.1272,49.1272,131.0,138.95120302525294,136.3917715442057,-21.33120302525294
49.1467,49.1467,145.0,139.0109237470897,136.41662833884317,-7.390923747089692
49.1661,49.1661,131.0,139.07169439042357,136.4415141571009,-21.451694390423576
49.1856,49.1856,130.0,139.13388049307258,136.4663778984145,-22.513880493072584
49.205,49.205,114.0,139.1971872294096,136.49125041844758,-38.577187229409596
49.2245,49.2245,122.0,139.26201154905797,136.51608036442454,-30.642011549057976
49.2439,49.2439,129.0,139.32801502545726,136.54089799507287,-23.708015025457264
49.2634,49.2634,107.0,139.39563810875572,136.56565004818552,-45.77563810875572
49.2829,49.2829,116.0,139.46472067176697,136.59034559152556,-36.84472067176697
49.3023,49.3023,128.0,139.5351123336775,136.61499258938946,-24.91511233367749
49.3218,49.3218,116.0,139.6072953730559,136.6395347717468,-36.98729537305591
49.3412,49.3412,127.0,139.6808638125943,136.66400033618714,-26.060863812594313
49.3607,49.3607,145.0,139.75635529514423,136.68833161722512,-8.136355295144233
49.3801,49.3801,136.0,139.83333356596933,136.71255611680695,-17.21333356596933
49.3996,49.3996,139.0,139.91238242462626,136.73661649694463,-14.29238242462626
49.419,49.419,122.0,139.99303757036688,136.76054194022362,-31.373037570366883
49.4385,49.4385,130.0,140.07591793336357,136.78427573276846,-23.455917933363573
49.458,49.458,142.0,140.16086628604066,136.80782561054377,-11.540866286040659
49.4774,49.4774,130.0,140.24763537843396,136.8311997007361,-23.627635378433958
49.4969,49.4969,130.0,140.33694760449677,136.85434097724607,-23.716947604496774
49.5163,49.5163,140.0,140.42825211592054,136.87728043338166,-13.808252115920544
49.5358,49.5358,143.0,140.52231772147925,136.89996067904445,-10.902317721479255
49.5552,49.5552,139.0,140.61859157906872,136.92241373596494,-14.998591579068721
49.5747,49.5747,127.0,140.71791757889633,136.94458328992093,-27.097917578896336
49.5942,49.5942,131.0,140.82007100171677,136.96648055955092,-23.200071001716772
49.6136,49.6136,121.0,140.92477144232654,136.98811693785072,-33.30477144232655
49.6331,49.6331,142.0,141.0329832694712,137.00943599647738,-12.412983269471203
49.6525,49.6525,135.0,141.1440479061611,137.03047134308318,-19.524047906161094
49.672,49.672,124.0,141.25902584194378,137.05116632810578,-30.639025841943784
49.6914,49.6914,122.0,141.37716148894577,137.07155599892582,-32.757161488945776
49.7109,49.7109,119.0,141.4996442348238,137.0915832506882,-35.87964423482379
49.7304,49.7304,154.0,141.62618289466624,137.1112593406442,-1.006182894666244
49.7498,49.7498,134.0,141.7564901337871,137.13059515380502,-21.136490133787113
49.7693,49.7693,139.0,141.89191792624933,137.14953232715362,-16.271917926249337
49.7887,49.7887,141.0,142.03155477156588,137.16810596012212,-14.41155477156588
49.8082,49.8082,140.0,142.17692596116194,137.1862581376775,-15.556925961161943
49.8276,49.8276,138.0,142.3270519925692,137.2040255730265,-17.707051992569212
49.8471,49.8471,139.0,142.48362551069485,137.2213512957146,-16.863625510694852
49.8666,49.8666,161.0,142.6463138501342,137.23824965629086,4.973686149865808
49.886,49.886,127.0,142.81479167879513,137.2547359271128,-29.194791678795134
49.9055,49.9055,156.0,142.99100887542312,137.2707537945035,-0.37100887542312044
49.9249,49.9249,132.0,143.17378598750943,137.2863424723602,-24.553785987509436
49.9444,49.9444,140.0,143.36534307570057,137.30144548726986,-16.745343075700568
49.9638,49.9638,140.0,143.5644112675575,137.31610293725248,-16.94441126755749
49.9833,49.9833,130.0,143.77342768424282,137.33025870963343,-27.15342768424282
50.0028,50.0028,121.0,143.99220701802443,137.34393001448177,-36.37220701802443
50.0222,50.0222,117.0,144.22025700995871,137.35713438393958,-40.60025700995872
50.0417,50.0417,127.0,144.46055348080424,137.3698151246326,-30.84055348080424
50.0611,50.0611,151.0,144.7115681676565,137.38201289440516,-7.09156816765651
50.0806,50.0806,136.0,144.97660649243815,137.39366951809507,-22.356606492438154
50.1,50.1,145.0,145.25415264281506,137.40482659450294,-13.634152642815058
50.1195,50.1195,167.0,145.54798082458097,137.41542677682247,8.072019175419024
50.139,50.139,139.0,145.85792906829937,137.42548814274244,-20.237929068299373
50.1584,50.1584,176.0,146.1835959212479,137.43502915003316,16.436404078752098
50.1779,50.1779,156.0,146.5296001311823,137.44399336419616,-3.9096001311822928
50.1973,50.1973,138.0,146.89423737147007,137.45242504904567,-22.274237371470072
50.2168,50.2168,162.0,147.28264835496435,137.46026786931876,1.337351645035648
50.2362,50.2362,149.0,147.6929758766587,137.46756735500372,-12.072975876658694
50.2557,50.2557,134.0,148.13146184972862,137.47426742112125,-27.511461849728626
50.2752,50.2752,151.0,148.59828630690012,137.4803892725391,-10.978286306900122
50.2946,50.2946,137.0,149.0937560489245,137.48595467320655,-25.473756048924493
50.3141,50.3141,153.0,149.62538035732175,137.49090897751512,-10.005380357321746
50.3335,50.3335,174.0,150.19124670144998,137.4953010522479,10.428753298550015
50.353,50.353,162.0,150.80069883683714,137.49907702106617,-2.180698836837143
50.3724,50.3724,163.0,151.45141158485228,137.5022867940313,-1.8314115848522814
50.3919,50.3919,164.0,152.15469658046987,137.5048762804282,-1.5346965804698751
50.4114,50.4114,155.0,152.9121915618275,137.5068696570889,-11.292191561827513
50.4308,50.4308,141.0,153.725611002547,137.50829150921646,-26.105611002547
50.4503,50.4503,166.0,154.60980859092413,137.50908794204517,-1.9898085909241328
50.4697,50.4697,170.0,155.56289500063713,137.50931118114732,1.0571049993628723
50.4892,50.4892,165.0,156.60330773565966,137.50890769531406,-4.983307735659656
50.5086,50.5086,191.0,157.7297179738967,137.50793010029903,19.8902820261033
50.5281,50.5281,172.0,158.96470291473776,137.50632460292022,-0.3447029147377574
50.5476,50.5476,190.0,160.3159324155435,137.50411734177368,16.304067584456497
50.567,50.567,192.0,161.78964929354572,137.50133479425403,16.830350706454276
50.5865,50.5865,180.0,163.41828324758478,137.49792268032957,3.2017167524152175
50.6059,50.6059,179.0,165.2040920566654,137.49393450530144,0.4159079433346111
50.6254,50.6254,186.0,167.18801592449458,137.48931566233716,5.4319840755054205
50.6448,50.6448,226.0,169.3766197048197,137.4841199857245,43.24338029518031
50.6643,50.6643,223.0,171.82144488990699,137.47829254403362,37.79855511009301
50.6838,50.6838,195.0,174.54806501636995,137.4718600619689,7.071934983630053
50.7032,50.7032,214.0,177.5796387867386,137.46484958841353,23.0403612132614
50.7227,50.7227,241.0,180.9937827739235,137.4572057058809,46.6262172260765
50.7421,50.7421,251.0,184.81008134328601,137.4489830586598,52.80991865671398
50.7616,50.7616,216.0,189.12544209855014,137.4401259077054,13.494557901449861
50.781,50.781,244.0,193.965066912049,137.4306892179711,36.654933087951
50.8005,50.8005,282.0,199.45460272765646,137.42061693062152,69.16539727234354
50.82,50.82,275.0,205.65065819798912,137.40993633483455,55.96934180201088
50.8394,50.8394,310.0,212.60572906914928,137.39867503776827,84.01427093085073
50.8589,50.8589,289.0,220.47211861422034,137.3867765038091,55.14788138577966
50.8783,50.8783,345.0,229.2494007141687,137.37429649224237,102.3705992858313
50.8978,50.8978,336.0,239.08446648382744,137.36117815208453,83.53553351617256
50.9172,50.9172,346.0,249.888327633673,137.34747755709594,82.73167236632702
50.9367,50.9367,364.0,261.7210620157515,137.33313754268997,88.8989379842485
50.9562,50.9562,427.0,274.3663528972161,137.3181859516657,139.25364710278393
50.9756,50.9756,407.0,287.4606571241078,137.3026509386067,106.15934287589221
50.9951,50.9951,422.0,300.67316850585917,137.2864748714356,107.94683149414084
51.0145,51.0145,425.0,313.2376899810364,137.26971460276587,98.38231001896361
51.034,51.034,409.0,324.5429404132529,137.25231219133568,71.07705958674711
51.0534,51.0534,404.0,333.73034282071546,137.23432479804652,56.889657179284534
51.0729,51.0729,426.0,340.29959779559164,137.21569417421787,72.32040220440837
51.0924,51.0924,423.0,343.88023296266203,137.1964487054358,65.73976703733797
51.1118,51.1118,406.0,344.48198059583683,137.1766170828782,48.13801940416317
51.1313,51.1313,355.0,342.37943994676294,137.15614059965674,-0.759439946762944
51.1507,51.1507,342.0,337.9834228658287,137.13507718005505,-9.363422865828687
51.1702,51.1702,370.0,331.63157508555275,137.11336781418228,24.988424914447243
51.1896,51.1896,363.0,323.6905127652598,137.0910707284268,25.929487234740172
51.2091,51.2091,305.0,314.3334045540706,137.06812661166015,-22.713404554070628
51.2286,51.2286,308.0,303.84437079228286,137.04456438142697,-9.22437079228286
51.248,51.248,285.0,292.5931248892896,137.02041325467482,-20.973124889289586
51.2675,51.2675,264.0,280.8283256213407,136.99561347134477,-30.2083256213407
51.2869,51.2869,315.0,269.0476902426036,136.97022400574556,32.57230975739639
51.3064,51.3064,239.0,257.49195898328173,136.9441848009941,-31.871958983281736
51.3258,51.3258,233.0,246.55095380633162,136.91755512732442,-26.930953806331623
51.3453,51.3453,227.0,236.30008483199217,136.8902746327928,-22.68008483199217
51.3648,51.3648,233.0,226.90141752586294,136.8623727560807,-7.28141752586294
51.3842,51.3842,206.0,218.4250293091085,136.83387922908761,-25.805029309108512
51.4037,51.4037,214.0,210.7685148083758,136.80473326021075,-10.148514808375813
51.4231,51.4231,203.0,203.9582805762052,136.77499485215358,-14.338280576205198
51.4426,51.4426,202.0,197.85873502284664,136.74460292266357,-9.238735022846646
51.462,51.462,189.0,192.46180494682426,136.71361776419525,-16.84180494682426
51.4815,51.4815,183.0,187.63801314012898,136.681978005611,-18.01801314012898
51.501,51.501,195.0,183.34898058236132,136.6497135959808,-1.7289805823613218
51.5204,51.5204,175.0,179.54743918237986,136.61685477175038,-17.927439182379864
51.5399,51.5399,168.0,176.13719705856568,136.58333973179984,-21.517197058565678
51.5593,51.5593,171.0,173.1031499467908,136.54922948913915,-15.483149946790808
51.5788,51.5788,171.0,170.3686258160667,136.51446198240004,-12.748625816066697
51.5982,51.5982,146.0,167.92309280741574,136.47909853853625,-35.303092807415744
51.6177,51.6177,138.0,165.7073651129724,136.4430768318754,-41.087365112972414
51.6372,51.6372,174.0,163.70404145923501,136.4064282565599,-3.0840414592350154
51.6566,51.6566,140.0,161.8968500369793,136.36918500378084,-35.27685003697929
51.6761,51.6761,145.0,160.2447892919909,136.3312857493852,-28.624789291990915
51.6955,51.6955,157.0,158.7458031492377,136.2927945960178,-15.125803149237703
51.715,51.715,159.0,157.3680476503341,136.25365146497148,-11.748047650334092
51.7344,51.7344,148.0,156.11036439158062,136.2139219339038,-21.49036439158062
51.7539,51.7539,150.0,154.94849557910058,136.17354616455535,-18.328495579100583
51.7734,51.7734,142.0,153.87735112458816,136.13255950820977,-25.257351124588162
51.7928,51.7928,150.0,152.89247420050035,136.09099842958682,-16.272474200500348
51.8123,51.8123,153.0,151.9755889433398,136.0488051891407,-12.355588943339802
51.8317,51.8317,116.0,151.12840823412495,136.00604959730038,-48.50840823412495
51.8512,51.8512,143.0,150.33640189350083,135.96267509409105,-20.716401893500837
51.8706,51.8706,134.0,149.60140684019882,135.91875147271392,-28.981406840198822
51.8901,51.8901,141.0,148.91121680279156,135.87422181657504,-21.29121680279156
51.9096,51.9096,132.0,148.26518150105937,135.82912521099732,-29.645181501059376
51.929,51.929,136.0,147.66219685006945,135.7835017330162,-25.042196850069452
51.9485,51.9485,142.0,147.09289471569758,135.7372952356446,-18.472894715697585
51.9679,51.9679,155.0,146.55944018366566,135.69057859878296,-4.939440183665658
51.9874,51.9874,112.0,146.05392734625346,135.6432966154576,-47.43392734625346
52.0068,52.0068,144.0,145.5787114238041,135.59552363611627,-14.958711423804095
52.0263,52.0263,136.0,145.12691721827989,135.54720346492732,-22.506917218279888
52.0458,52.0458,127.0,144.69892542057204,135.49837789049454,-31.07892542057204
52.0652,52.0652,114.0,144.29452658055732,135.44908940165925,-43.67452658055732
52.0847,52.0847,151.0,143.90831133375485,135.39928256773783,-6.288311333754853
52.1041,52.1041,124.0,143.5423569838995,135.34903139893146,-32.92235698389951
52.1236,52.1236,131.0,143.19187028152584,135.29827993127324,-25.57187028152584
52.143,52.143,134.0,142.85881015216748,135.24710282704882,-22.23881015216748
52.1625,52.1625,138.0,142.5390408871981,135.19544365137463,-17.9190408871981
52.1819,52.1819,155.0,142.23420639507387,135.1433777754063,-0.6142063950738699
52.2014,52.2014,143.0,141.9408619744184,135.09084941624408,-12.320861974418397
52.2209,52.2209,138.0,141.65934114063444,135.0379020452491,-17.03934114063444
52.2403,52.2403,151.0,141.39004415952675,134.9845802383548,-3.770044159526753
52.2598,52.2598,144.0,141.12993114639622,134.9308296597296,-10.509931146396218
52.2792,52.2792,134.0,140.88041464778422,134.87672943179777,-20.260414647784224
52.2987,52.2987,128.0,140.6389384516724,134.82222655831458,-26.018938451672405
52.3181,52.3181,117.0,140.4068210793051,134.76740164683227,-36.786821079305106
52.3376,52.3376,137.0,140.1816428983711,134.7122017534759,-16.56164289837111
52.3571,52.3571,128.0,139.96390552589716,134.65667335992163,-25.343905525897163
52.3765,52.3765,117.0,139.7539875691448,134.600863743481,-36.133987569144814
52.396,52.396,112.0,139.54981168049892,134.54471933302537,-40.92981168049892
52.4154,52.4154,137.0,139.3525463451167,134.4883202994073,-15.732546345116708
52.4349,52.4349,126.0,139.16031341106302,134.43161098255987,-26.540313411063018
52.4543,52.4543,128.0,138.97427620272458,134.3746712727377,-24.354276202724584
52.4738,52.4738,126.0,138.7926938338233,134.31744567191942,-26.17269383382331
52.4933,52.4933,119.0,138.61603907557327,134.25998015143924,-32.99603907557327
52.5127,52.5127,136.0,138.44460804540356,134.20232077807188,-15.824608045403556
52.5322,52.5322,132.0,138.27691206528,134.1444109199036,-19.65691206527999
52.5516,52.5516,121.0,138.11394475599727,134.086330661017,-30.49394475599727
52.5711,52.5711,125.0,137.95431463952966,134.02802390126158,-26.33431463952966
52.5905,52.5905,130.0,137.79895644203134,133.96957075843633,-21.178956442031343
52.61,52.61,128.0,137.64661206328873,133.9109142349262,-23.02661206328873
52.6295,52.6295,118.0,137.49761696170452,133.85210021990667,-32.877616961704526
52.6489,52.6489,133.0,137.3523129877573,133.79317484767748,-17.732312987757304
52.6684,52.6684,137.0,137.2095654808227,133.73408026496998,-13.589565480822705
52.6878,52.6878,141.0,137.0701798376573,133.6748968257349,-9.450179837657293
52.7073,52.7073,119.0,136.93311526957623,133.61556738755425,-31.313115269576237
52.7267,52.7267,128.0,136.79911239373104,133.55617395681114,-22.17911239373104
52.7462,52.7462,127.0,136.66723761772425,133.4966594102931,-23.047237617724257
52.7657,52.7657,129.0,136.53777374917914,133.43707063383056,-20.91777374917914
52.7851,52.7851,123.0,136.41102054538536,133.37745471050638,-26.791020545385358
52.8046,52.8046,138.0,136.2861029605059,133.31775427203797,-11.666102960505901
52.824,52.824,122.0,136.16368774857787,133.25805114085355,-27.543687748577874
52.8435,52.8435,119.0,136.04297374889833,133.19828811248297,-30.422973748898336
52.8629,52.8629,121.0,135.9245631630224,133.13854756818665,-28.304563163022415
52.8824,52.8824,130.0,135.80770799025603,133.07877118495153,-19.187707990256037
52.9019,52.9019,106.0,135.69268743765238,133.01900540872322,-43.072687437652384
52.9213,52.9213,129.0,135.5797480783707,132.95929709860218,-19.9597480783707
52.9408,52.9408,104.0,135.46820634669047,132.89958598487613,-44.84820634669047
52.9602,52.9602,106.0,135.35859438874027,132.83995298370394,-42.738594388740275
52.9797,52.9797,141.0,135.2502685669735,132.78033621709002,-7.6302685669734895
52.9991,52.9991,117.0,135.143758198227,132.7208139225455,-31.523758198227007
53.0186,53.0186,140.0,135.03844425073277,132.66132347230965,-8.418444250732767
53.0381,53.0381,123.0,134.9345765905382,132.6019079334885,-25.314576590538202
53.0575,53.0575,91.0,134.83234650846995,132.5426114056427,-57.212346508469956
53.077,53.077,135.0,134.73119810365566,132.4833708566094,-13.111198103655658
53.0964,53.0964,131.0,134.63160067847002,132.42426348619884,-17.011600678470025
53.1159,53.1159,119.0,134.53301577588732,132.36522423708038,-28.913015775887324
53.1353,53.1353,139.0,134.43589262780628,132.30633136177454,-8.815892627806283
53.1548,53.1548,114.0,134.3397243470081,132.24751938694493,-33.71972434700809
53.1743,53.1743,126.0,134.24471679792669,132.18883109845956,-21.624716797926688
53.1937,53.1937,123.0,134.15104898513323,132.13030867522806,-24.531048985133232
53.2132,53.2132,147.0,134.05825369943733,132.07188626799257,-0.4382536994373307
53.2326,53.2326,105.0,133.9667354130966,132.01364188731392,-42.34673541309659
53.2521,53.2521,125.0,133.87604377274067,131.9555100614182,-22.256043772740675
53.2715,53.2715,125.0,133.78656758734923,131.8975684133831,-22.166567587349228
53.291,53.291,137.0,133.69788329460238,131.83974978939366,-10.077883294602378
53.3105,53.3105,126.0,133.61015737931507,131.78209554281122,-20.99015737931507
53.3299,53.3299,102.0,133.52356349550377,131.72464793108463,-44.90356349550377
53.3494,53.3494,126.0,133.4377004997874,131.66734012031904,-20.817700499787414
53.3688,53.3688,111.0,133.35292075355372,131.6102492194177,-35.73292075355372
53.3883,53.3883,133.0,133.26884485738046,131.55330661801582,-13.648844857380459
53.4077,53.4077,143.0,133.18579828423373,131.49658865529426,-3.5657982842337272
53.4272,53.4272,108.0,133.10341795625442,131.44002601077236,-38.48341795625442
53.4467,53.4467,152.0,133.021864441809,131.38365992711948,5.598135558191013
53.4661,53.4661,126.0,132.94128502321814,131.32753067829492,-20.321285023218145
53.4856,53.4856,132.0,132.86133769651872,131.27156875402954,-14.241337696518718
53.505,53.505,116.0,132.78232197265928,131.21585160000643,-30.162321972659278
53.5245,53.5245,123.0,132.7039100969577,131.16030995928216,-23.083910096957716
53.5439,53.5439,126.0,132.62640244276324,131.1050212700872,-20.00640244276324
53.5634,53.5634,131.0,132.54947763673846,131.04991529235434,-14.92947763673846
53.5829,53.5829,116.0,132.47328334499886,130.99503251332473,-29.853283344998864
53.6023,53.6023,123.0,132.39794020234245,130.94041398470307,-22.777940202342457
53.6218,53.6218,118.0,132.32315844473882,130.88598897346156,-27.703158444738825
53.6412,53.6412,134.0,132.24920527696872,130.83183488897436,-11.629205276968724
53.6607,53.6607,108.0,132.175789845084,130.77788018313151,-37.555789845084014
53.6801,53.6801,121.0,132.10318122799043,130.72420255305462,-24.483181227990436
53.6996,53.6996,139.0,132.03109420877422,130.67072970421796,-6.411094208774221
53.7191,53.7191,134.0,131.9596608770209,130.61750076765702,-11.339660877020895
53.7385,53.7385,120.0,131.88899373018847,130.5645559076047,-25.268993730188477
53.758,53.758,117.0,131.81882702387855,130.51182371059687,-28.198827023878557
53.7774,53.7774,135.0,131.74941069741385,130.45938204884814,-10.129410697413851
53.7969,53.7969,125.0,131.68048274010977,130.40715847839732,-20.06048274010977
53.8163,53.8163,124.0,131.61228643796832,130.3552311879165,-20.992286437968325
53.8358,53.8358,126.0,131.54457206769172,130.3035282167758,-18.92457206769172
53.8553,53.8553,123.0,131.47745006378116,130.2520902240132,-21.857450063781165
53.8747,53.8747,125.0,131.4110355979547,130.20095813596504,-19.79103559795471
53.8942,53.8942,130.0,131.345086246766,130.15005964772953,-14.725086246765988
53.9136,53.9136,117.0,131.2798302037664,130.09947336877426,-27.65983020376641
53.9331,53.9331,127.0,131.21503551871152,130.04912719736916,-17.59503551871152
53.9525,53.9525,127.0,131.15091589076403,129.99909978068325,-17.530915890764028
53.972,53.972,127.0,131.0872518409081,129.9493185086999,-17.467251840908098
53.9915,53.9915,135.0,131.02414619894438,129.89982455220564,-9.40414619894438
54.0109,54.0109,136.0,130.96170441143306,129.85065942899794,-8.341704411433062
54.0304,54.0304,122.0,130.89971063818368,129.80175128676558,-22.27971063818368
54.0498,54.0498,130.0,130.83837048578712,129.75318113556241,-14.218370485787124
54.0693,54.0693,116.0,130.7774743156737,129.70487753815553,-28.15747431567369
54.0887,54.0887,103.0,130.717229623707,129.65692190530106,-41.097229623707
54.1082,54.1082,116.0,130.65742865677478,129.6092424659031,-28.037428656774786
54.1277,54.1277,121.0,130.5981750616245,129.5618805755403,-22.97817506162449
54.1471,54.1471,123.0,130.53955668159594,129.51487722366983,-20.919556681595942
54.1666,54.1666,119.0,130.48138190331602,129.46815824997645,-24.861381903316023
54.186,54.186,115.0,130.42383718017444,129.42180274455387,-28.803837180174447
54.2055,54.2055,119.0,130.36672666431494,129.37573598277808,-24.74672666431494
54.2249,54.2249,136.0,130.31023965237733,129.33003630029958,-7.690239652377334
54.2444,54.2444,126.0,130.25418201921485,129.28462789160722,-17.634182019214855
54.2639,54.2639,130.0,130.19864896004512,129.2395511163188,-13.57864896004512
54.2833,54.2833,130.0,130.14372508110984,129.19484664018424,-13.523725081109836
54.3028,54.3028,125.0,130.0892258576337,129.15043972244445,-18.469225857633695
54.3222,54.3222,118.0,130.03533309960866,129.10641050107168,-25.415333099608667
54.3417,54.3417,95.0,129.981864126337,129.0626845670246,-48.361864126337004
54.3611,54.3611,128.0,129.92899714279994,129.01934192714333,-15.308997142799944
54.3806,54.3806,130.0,129.87655300588284,128.9763057445233,-13.256553005882841
54.4001,54.4001,131.0,129.8246140593863,128.93361572378538,-12.204614059386307
54.4195,54.4195,109.0,129.7732660309519,128.89131214723494,-34.153266030951904
54.439,54.439,107.0,129.7223344151659,128.8493191366474,-36.102334415165906
54.4584,54.4584,142.0,129.67198806990783,128.80771543552663,-1.0519880699078268
54.4779,54.4779,142.0,129.62205520146372,128.76642296349578,-1.0020552014637243
54.4973,54.4973,115.0,129.57269804380869,128.72552042799464,-27.952698043808688
54.5168,54.5168,130.0,129.52374968426443,128.68493139059186,-12.903749684264431
54.5363,54.5363,129.0,129.47529213274305,128.64469593069003,-13.85529213274305
54.5557,54.5557,112.0,129.42740498801007,128.60485471471077,-30.80740498801007
54.5752,54.5752,122.0,129.3799259416095,128.56533133261428,-20.759925941609517
54.5946,54.5946,122.0,129.33300956538784,128.52620527822478,-20.713009565387843
54.6141,54.6141,111.0,129.28650080602435,128.48739916528635,-31.666500806024352
54.6335,54.6335,109.0,129.24055197145276,128.44899247386974,-33.62055197145276
54.653,54.653,114.0,129.19500418703848,128.41090678544907,-28.57500418703848
54.6725,54.6725,139.0,129.1499339629838,128.37318060414222,-3.5299339629837956
54.6919,54.6919,133.0,129.1054128064148,128.33585197715024,-9.485412806414791
54.7114,54.7114,119.0,129.06128664393125,128.29884163257296,-23.441286643931257
54.7308,54.7308,109.0,129.01770274636684,128.2622286133707,-33.39770274636684
54.7503,54.7503,132.0,128.97450804229928,128.2259338773015,-10.354508042299278
54.7697,54.7697,139.0,128.93185069829545,128.19003541847863,-3.3118506982954496
54.7892,54.7892,124.0,128.8895776317475,128.1544537121728,-18.269577631747502
54.8087,54.8087,146.0,128.84776414572195,128.1192287513347,3.772235854278046
54.8281,54.8281,116.0,128.80647926708656,128.0844007399677,-26.18647926708656
54.8476,54.8476,127.0,128.7655760314977,128.04989154822118,-15.145576031497688
54.867,54.867,105.0,128.725199784263,128.0157812541553,-37.105199784263
54.8865,54.8865,110.0,128.68520405478037,127.98199141103939,-32.065204054780374
54.9059,54.9059,130.0,128.64573150681537,127.94860133060433,-12.025731506815367
54.9254,54.9254,119.0,128.60663668718652,127.91553040924663,-22.986636687186525
54.9448,54.9448,128.0,128.56805757044089,127.88285772167454,-13.948057570440886
54.9643,54.9643,116.0,128.52985093819288,127.85050275651969,-25.909850938192882
54.9838,54.9838,96.0,128.49208582545165,127.81850488819094,-45.872085825451656
55.0032,55.0032,121.0,128.45482933766098,127.78690318170905,-20.834829337660985
55.0227,55.0227,112.0,128.4179387898548,127.75561507225592,-29.79793878985479
55.0421,55.0421,114.0,128.3815448582165,127.7247177545858,-27.761544858216503
55.0616,55.0616,104.0,128.34550963277874,127.6941277251455,-37.725509632778746
55.081,55.081,139.0,128.30996110710035,127.66392103924912,-2.68996110710035
55.1005,55.1005,134.0,128.2747573080182,127.63401227129413,-7.654757308018196
55.12,55.12,134.0,128.23996108528488,127.60443712896091,-7.619961085284876
55.1394,55.1394,119.0,128.20563351209665,127.57523217276518,-22.585633512096656
55.1589,55.1589,131.0,128.17163811140932,127.5463141526694,-10.551638111409323
55.1783,55.1783,113.0,128.13810150384373,127.51776034767339,-28.51810150384373
55.1978,55.1978,106.0,128.1048878869007,127.48948770858505,-35.484887886900715
55.2172,55.2172,111.0,128.07212535474798,127.46157356852915,-30.452125354747984
55.2367,55.2367,118.0,128.03967646193567,127.43393304816021,-23.419676461935673
55.2562,55.2562,122.0,128.00760216149823,127.40660139206685,-19.38760216149823
55.2756,55.2756,130.0,127.97595854165012,127.37961367616326,-11.355958541650116
55.2951,55.2951,117.0,127.94461030292231,127.35288377540002,-24.324610302922316
55.3145,55.3145,130.0,127.91368080028647,127.32648767291595,-11.293680800286472
55.334,55.334,128.0,127.88303510906483,127.30033927368304,-13.263035109064836
55.3534,55.3534,123.0,127.85279545277866,127.27451482851237,-18.232795452778667
55.3729,55.3729,120.0,127.8228299045137,127.24892900260782,-21.2028299045137
55.3924,55.3924,131.0,127.79319515533948,127.2236180095324,-10.173195155339476
55.4118,55.4118,123.0,127.76394959138607,127.19861802904532,-18.143949591386068
55.4313,55.4313,126.0,127.7349623813167,127.17384402357823,-15.114962381316706
55.4507,55.4507,137.0,127.70635427469188,127.14937342565855,-4.086354274691876
55.4702,55.4702,127.0,127.67799676831521,127.12512138786732,-14.057996768315212
55.4896,55.4896,118.0,127.65000792132915,127.10116657951889,-23.03000792132915
55.5091,55.5091,134.0,127.62226412719617,127.07742523546105,-7.002264127196176
55.5286,55.5286,145.0,127.59482140290659,127.05393540888737,4.02517859709341
55.548,55.548,115.0,127.56773895775028,127.03073600915097,-25.947738957750282
55.5675,55.5675,128.0,127.54089241268422,127.00774422865582,-12.920892412684216
55.5869,55.5869,107.0,127.51440056099028,126.9850399773723,-33.894400560990285
55.6064,55.6064,135.0,127.48814128456765,126.96254026006086,-5.868141284567647
55.6258,55.6258,134.0,127.46223074452355,126.94032448439897,-6.842230744523553
55.6453,55.6453,118.0,127.43654674984619,126.91830935577387,-22.81654674984619
55.6648,55.6648,135.0,127.41114903649358,126.89653498568,-5.791149036493584
55.6842,55.6842,119.0,127.3860930744876,126.87504132254523,-21.766093074487607
55.7037,55.7037,124.0,127.36126159370896,126.85374620683051,-16.741261593708963
55.7231,55.7231,110.0,127.33677025625258,126.83273119524365,-30.71677025625258
55.7426,55.7426,127.0,127.31250012951081,126.81191396238734,-13.69250012951081
55.762,55.762,118.0,127.28856768966395,126.79137550655531,-22.668567689663952
55.7815,55.7815,122.0,127.26485375315382,126.77103294333871,-18.644853753153818
55.801,55.801,115.0,127.24141628349942,126.7509263129109,-25.62141628349942
55.8204,55.8204,112.0,127.21831059493104,126.73109575678698,-28.598310594931043
55.8399,55.8399,119.0,127.19541849398304,126.71145753145132,-21.575418493983044
55.8593,55.8593,125.0,127.17285369933674,126.6920918401318,-15.552853699336742
55.8788,55.8788,125.0,127.15049715247292,126.67291399830216,-15.530497152472924
55.8982,55.8982,124.0,127.12846195449923,126.65400431668373,-16.508461954499232
55.9177,55.9177,126.0,127.10663091132875,126.63527842808908,-14.486630911328751
55.9372,55.9372,108.0,127.08505809539989,126.61677579220904,-32.46505809539989
55.9566,55.9566,112.0,127.0637992812383,126.59853623253125,-28.443799281238306
55.9761,55.9761,97.0,127.04273713815766,126.5804747435523,-43.422737138157665
55.9955,55.9955,132.0,127.0219821930542,126.56267091840468,-8.4019821930542
56.015,56.015,131.0,127.00141557879519,126.54503737268324,-9.38141557879519
56.0344,56.0344,116.0,126.98114565722878,126.527652801233,-24.361145657228782
56.0539,56.0539,142.0,126.96105654804451,126.51043098018958,1.6589434519554889
56.0734,56.0734,118.0,126.94119911119532,126.49340945985946,-22.32119911119532
56.0928,56.0928,134.0,126.92162659013142,126.47662671053976,-6.301626590131425
56.1123,56.1123,121.0,126.90222360751274,126.45999658237042,-19.28222360751274
56.1317,56.1317,96.0,126.88309740162947,126.44359954656599,-44.26309740162947
56.1512,56.1512,125.0,126.8641355966811,126.42735008589254,-15.244135596681096
56.1706,56.1706,138.0,126.84544331619531,126.4113270025211,-2.2254433161953155
56.1901,56.1901,106.0,126.82690546573532,126.39544321044312,-34.206905465735325
56.2096,56.2096,96.0,126.80857407977993,126.37973712910731,-44.18857407977993
56.229,56.229,112.0,126.79049987003854,126.36424621861636,-28.170499870038547
56.2485,56.2485,123.0,126.77256669807215,126.3488814427536,-17.152566698072157
56.2679,56.2679,144.0,126.7548765556428,126.33371954505225,3.865123444357204
56.2874,56.2874,122.0,126.73731348927194,126.31867085532147,-18.117313489271943
56.3068,56.3068,136.0,126.71998106466872,126.30381297326788,-4.099981064668716
56.3263,56.3263,124.0,126.70276360717911,126.28905686704682,-16.08276360717911
56.3458,56.3458,126.0,126.68571139655346,126.27443937099747,-14.065711396553459
56.3652,56.3652,131.0,126.66887250193557,126.25999754649342,-9.048872501935568
56.3847,56.3847,124.0,126.65213412654023,126.24564354608907,-16.032134126540235
56.4041,56.4041,137.0,126.6356003749618,126.23145707319196,-3.0156003749617977
56.4236,56.4236,99.0,126.61915926039795,126.2173509655094,-40.99915926039795
56.443,56.443,136.0,126.60291567540867,126.20340604165499,-3.982915675408668
56.4625,56.4625,142.0,126.58675725941404,126.18953446258901,2.0332427405859566
56.482,56.482,137.0,126.57073432333142,126.17577463770522,-2.9507343233314227
56.5014,56.5014,118.0,126.5548971464388,126.16216587114961,-21.934897146438807
56.5209,56.5209,121.0,126.53913671587371,126.14862279770426,-18.919136715873712
56.5403,56.5403,120.0,126.52355790386504,126.13522724751915,-19.903557903865043
56.5598,56.5598,109.0,126.50805212338838,126.12189350888482,-30.888052123388384
56.5792,56.5792,114.0,126.49272217719025,126.10870333001672,-25.872722177190248
56.5987,56.5987,129.0,126.47746040192938,126.09556999498668,-10.857460401929378
56.6182,56.6182,130.0,126.46231492129516,126.08253202535376,-9.842314921295161
56.6376,56.6376,125.0,126.44733595573317,126.06962848818237,-14.827335955733167
56.6571,56.6571,130.0,126.43241488597101,126.05677309988752,-9.812414885971014
56.6765,56.6765,118.0,126.41765509358534,126.0440476832031,-21.79765509358534
56.696,56.696,107.0,126.40294959995427,126.03136666488344,-32.78294959995427
56.7154,56.7154,125.0,126.38840080318018,126.01881223755566,-14.768400803180176
56.7349,56.7349,119.0,126.37390087062359,126.00629756958456,-20.75390087062359
56.7544,56.7544,112.0,126.35949995047578,125.99386211601387,-27.739499950475782
56.7738,56.7738,134.0,126.34524659598866,125.98154521949839,-5.725246595988656
56.7933,56.7933,132.0,126.33103361564741,125.96925938729258,-7.711033615647414
56.8127,56.8127,122.0,126.3169615804596,125.95708619281548,-17.696961580459607
56.8322,56.8322,126.0,126.30292453091896,125.94493953373104,-13.682924530918958
56.8516,56.8516,119.0,126.28902433740951,125.93290173603526,-20.669024337409517
56.8711,56.8711,111.0,126.27515539052689,125.9208869663684,-28.655155390526893
56.8906,56.8906,137.0,126.26136799867503,125.90893557618215,-2.641367998675028
56.91,56.91,123.0,126.24770996758247,125.89708727215368,-16.62770996758247
56.9295,56.9295,145.0,126.23407768168735,125.8852561724371,5.385922318312646
56.9489,56.9489,126.0,126.22057158200704,125.87352514979256,-13.60057158200704
56.9684,56.9684,122.0,126.2070878013868,125.86180896727761,-17.587087801386808
56.9878,56.9878,124.0,126.19372844598074,125.85019143787011,-15.57372844598074
57.0073,57.0073,102.0,126.18039051855708,125.83858760260281,-37.56039051855708
57.0268,57.0268,139.0,126.1671240337202,125.82703928098319,-0.5471240337202001
57.0462,57.0462,120.0,126.15397850484109,125.81558704913175,-19.533978504841095
57.0657,57.0657,140.0,126.14085081710166,125.80414566693689,0.4791491828983343
57.0851,57.0851,140.0,126.12784206663613,125.7927987817259,0.49215793336386504
57.1046,57.1046,108.0,126.1148499303532,125.78146190952079,-31.494849930353205
57.124,57.124,122.0,126.10197722989868,125.77022053949017,-17.481977229898682
57.1435,57.1435,111.0,126.0891223069582,125.75899015303257,-28.469122306958205
57.163,57.163,126.0,126.07633540209906,125.74781311272388,-13.456335402099063
57.1824,57.1824,136.0,126.06366655144056,125.73673112830016,-3.443666551440563
57.2019,57.2019,116.0,126.05101402002839,125.72565925737821,-23.431014020028393
57.2213,57.2213,114.0,126.03847937173724,125.71468269965233,-25.41847937173724
57.2408,57.2408,113.0,126.02596184889728,125.70371697728159,-26.405961848897284
57.2602,57.2602,124.0,126.01356135079567,125.69284647112178,-15.39356135079567
57.2797,57.2797,112.0,126.00117627275083,125.68198561244904,-27.381176272750828
57.2992,57.2992,107.0,125.98885623869883,125.67117605047456,-32.36885623869883
57.3186,57.3186,125.0,125.97664989702771,125.66045884338199,-14.356649897027713
57.3381,57.3381,124.0,125.96445472795867,125.64974695489039,-15.344454727958668
57.3575,57.3575,128.0,125.95236800579876,125.63912310964614,-11.332368005798761
57.377,57.377,119.0,125.94028841645904,125.62850063808723,-20.320288416459043
57.3964,57.3964,129.0,125.9283138357252,125.61796289148893,-10.308313835725206
57.4159,57.4159,109.0,125.91634275785965,125.6074234343764,-30.296342757859655
57.4354,57.4354,120.0,125.90442419003672,125.59692354929885,-19.284424190036724
57.4548,57.4548,127.0,125.89260517872209,125.58650372513854,-12.272605178722094
57.4743,57.4743,139.0,125.88078432010114,125.57607705545524,-0.26078432010114305
57.4937,57.4937,131.0,125.86905919054314,125.56572673892342,-8.249059190543141
57.5132,57.5132,138.0,125.85732961616479,125.55536711877244,-1.237329616164791
57.5326,57.5326,128.0,125.84569448936467,125.5450829491694,-11.225694489364676
57.5521,57.5521,116.0,125.83405532194121,125.5347900749515,-23.21405532194121
57.5716,57.5716,111.0,125.82246302279852,125.52453214202077,-28.20246302279852
57.591,57.591,113.0,125.81096716949813,125.51435246065422,-26.19096716949813
57.6105,57.6105,113.0,125.79946920969539,125.50416622002925,-26.17946920969539
57.6299,57.6299,141.0,125.78806727993684,125.49405796743352,1.8319327200631594
57.6494,57.6494,135.0,125.77666180454452,125.4839417557026,-4.156661804544518
57.6688,57.6688,113.0,125.76535078224146,125.4739024609193,-26.145350782241458
57.6883,57.6883,137.0,125.75403690987828,125.46385580945255,-2.134036909878281
57.7077,57.7077,132.0,125.74281794424908,125.4538869686312,-7.122817944249084
57.7272,57.7272,130.0,125.73159695243505,125.4439119845946,-9.111596952435056
57.7467,57.7467,116.0,125.72042453208334,125.43397509687563,-23.100424532083345
57.7661,57.7661,124.0,125.70935189044938,125.42412111813968,-15.089351890449384
57.7856,57.7856,109.0,125.69828318320856,125.41426694379253,-30.078283183208562
57.805,57.805,128.0,125.68731743659761,125.40449972242426,-11.06731743659761
57.8245,57.8245,119.0,125.67635912918064,125.39473568404108,-20.056359129180642
57.8439,57.8439,121.0,125.66550671703037,125.38506160123733,-18.04550671703037
57.8634,57.8634,112.0,125.65466444732988,125.3753939618038,-27.03466444732988
57.8829,57.8829,132.0,125.64388264111211,125.3657768236728,-7.023882641112115
57.9023,57.9023,122.0,125.63321028996819,125.35625363415967,-17.013210289968193
57.9218,57.9218,142.0,125.62255190856092,125.3467408917126,2.997448091439077
57.9412,57.9412,124.0,125.61200600907014,125.337325304003,-14.992006009070144
57.9607,57.9607,119.0,125.60147809361206,125.32792421257595,-19.98147809361206
57.9801,57.9801,114.0,125.59106747019506,125.31862531795402,-24.97106747019506
57.9996,57.9996,124.0,125.58067967085543,125.30934596560566,-14.960679670855432
58.0191,58.0191,117.0,125.57036522616751,125.30013066103196,-21.950365226167513
58.0385,58.0385,109.0,125.56017401034428,125.29102408650725,-29.940174010344286
58.058,58.058,104.0,125.55001137527341,125.28194296939124,-34.930011375273416
58.0774,58.0774,116.0,125.53997471658094,125.27297343716795,-22.919974716580946
58.0969,58.0969,137.0,125.52996752634877,125.26403024395938,-1.9099675263487708
58.1163,58.1163,135.0,125.52008542606305,125.25519801380685,-3.9000854260630486
58.1358,58.1358,116.0,125.5102327757716,125.24639203745167,-22.8902327757716
58.1553,58.1553,115.0,125.50045841505585,125.23765610836776,-23.88045841505585
58.1747,58.1747,146.0,125.49081128987167,125.2290336638181,7.129188710128327
58.1942,58.1942,125.0,125.48119584292239,125.22044004426506,-13.86119584292239
58.2136,58.2136,122.0,125.4717087989994,125.2119613233751,-16.851708798999404
58.2331,58.2331,104.0,125.46225571716157,125.20351358193773,-34.84225571716157
58.2525,58.2525,127.0,125.45293286527135,125.19518316797874,-11.832932865271351
58.272,58.272,103.0,125.44364530243706,125.18688505530083,-35.823645302437065
58.2915,58.2915,126.0,125.4344408116935,125.17866225306872,-12.814440811693506
58.3109,58.3109,104.0,125.4253663058736,125.1705565499956,-34.8053663058736
58.3304,58.3304,111.0,125.4163260978441,125.16248238113161,-27.79632609784411
58.3498,58.3498,117.0,125.4074134077342,125.15452323729656,-21.7874134077342
58.3693,58.3693,136.0,125.39853087127784,125.14659172368054,-2.7785308712778427
58.3887,58.3887,115.0,125.38977085976181,125.13877034597384,-23.769770859761813
58.4082,58.4082,119.0,125.38103668737436,125.13097229492104,-19.761036687374364
58.4277,58.4277,126.0,125.37237377005751,125.12323797381352,-12.752373770057508
58.4471,58.4471,152.0,125.36382655158963,125.11560761724613,13.256173448410374
58.4666,58.4666,135.0,125.35529894245107,125.10799415200371,-3.735298942451072
58.486,58.486,118.0,125.34688313801664,125.10048078625707,-20.72688313801664
58.5055,58.5055,120.0,125.33848367934344,125.09298142790543,-18.718483679343443
58.5249,58.5249,119.0,125.3301936282107,125.0855798774418,-19.710193628210696
58.5444,58.5444,117.0,125.32191748823764,125.07818973883725,-21.701917488237648
58.5639,58.5639,120.0,125.31370044614673,125.07085203200803,-18.693700446146728
58.5833,58.5833,95.0,125.30558791614573,125.06360747040445,-43.68558791614573
58.6028,58.6028,112.0,125.29748376852339,125.05636913845665,-26.677483768523395
58.6222,58.6222,118.0,125.28947843475821,125.04921841785452,-20.66947843475821
58.6417,58.6417,119.0,125.28147352257677,125.04206604395719,-19.661473522576777
58.6611,58.6611,142.0,125.27355845042081,125.03499253356732,3.3464415495791915
58.6806,58.6806,126.0,125.26563484896978,125.02790825643314,-12.645634848969783
58.7001,58.7001,114.0,125.25774546361764,125.0208518825441,-24.63774546361764
58.7195,58.7195,134.0,125.24993353789309,125.01386236250885,-4.629933537893086
58.739,58.739,126.0,125.24210152881763,125.00685072241576,-12.622101528817629
58.7584,58.7584,114.0,125.23433964719239,124.99989867706874,-24.614339647192388
58.7779,58.7779,119.0,125.22655154412915,124.99291835989692,-19.606551544129154
58.7973,58.7973,124.0,125.21882686460172,124.98599127339999,-14.598826864601724
58.8168,58.8168,143.0,125.211068822004,124.97902892517426,4.4089311779960045
58.8363,58.8363,121.0,125.20332057977713,124.97207036326557,-17.58332057977713
58.8557,58.8557,136.0,125.19562599089882,124.96515535868316,-2.5756259908988195
58.8752,58.8752,129.0,125.18788934330087,124.95819634869169,-9.567889343300868
58.8946,58.8946,108.0,125.18020134792074,124.95127636898147,-30.560201347920746
58.9141,58.9141,124.0,125.17246826735361,124.94430924529902,-14.552468267353609
58.9335,58.9335,147.0,125.16478027595753,124.93737759132564,8.455219724042474
58.953,58.953,132.0,125.15704263609038,124.93039454422464,-6.537042636090382
58.9725,58.9725,116.0,125.14930002412575,124.92340089166429,-22.529300024125753
58.9919,58.9919,120.0,125.14159776275334,124.91643806591513,-18.521597762753338
59.0114,59.0114,130.0,125.13384210800032,124.90941999086691,-8.513842108000324
59.0308,59.0308,132.0,125.12612369109222,124.90243001704921,-6.506123691092219
59.0503,59.0503,123.0,125.11834945813555,124.89538256231579,-15.498349458135555
59.0697,59.0697,119.0,125.11061152137191,124.888362174667,-19.49061152137191
59.0892,59.0892,118.0,125.10281743722062,124.88128408480462,-20.482817437220625
59.1087,59.1087,122.0,125.09501326773075,124.87419041923795,-16.475013267730752
59.1281,59.1281,126.0,125.08724422733263,124.86712304095317,-12.467244227332634
59.1476,59.1476,121.0,125.07941796400681,124.8599968836572,-17.45941796400681
59.167,59.167,118.0,125.07162623253134,124.85289645557911,-20.451626232531346
59.1865,59.1865,123.0,125.06377702698366,124.84573699867437,-15.443777026983659
59.2059,59.2059,110.0,125.05596166751003,124.83860272552484,-28.435961667510036
59.2254,59.2254,123.0,125.04808826755544,124.83140879258156,-15.428088267555443
59.2449,59.2449,125.0,125.0402013790095,124.8241964593276,-13.420201379009503
59.2643,59.2643,104.0,125.03234588887818,124.81700704607938,-34.412345888878185
59.2838,59.2838,110.0,125.02442954381188,124.80975535109077,-28.40442954381188
59.3032,59.3032,122.0,125.01654189893272,124.80252401253479,-16.396541898932718
59.3227,59.3227,108.0,125.0085890804692,124.7952259624136,-30.38858908046921
59.3421,59.3421,145.0,125.00065938549083,124.78794307451736,6.619340614509165
59.3616,59.3616,126.0,124.99265860907543,124.78058747282799,-12.372658609075435
59.3811,59.3811,113.0,124.98462909979588,124.77319850749515,-25.364629099795884
59.4005,59.4005,110.0,124.97661388042472,124.76581578075789,-28.356613880424725
59.42,59.42,144.0,124.96851883661498,124.75835181776127,5.651481163385023
59.4394,59.4394,115.0,124.9604306936442,124.75088706160624,-23.3404306936442
59.4589,59.4589,115.0,124.95225576864851,124.74333400368126,-23.332255768648515
59.4783,59.4783,113.0,124.94408088157032,124.73577328627908,-25.324080881570318
59.4978,59.4978,120.0,124.9358112913396,124.7281165973035,-18.315811291339607
59.5173,59.5173,125.0,124.927487853985,124.72040144946445,-13.307487853985
59.5367,59.5367,147.0,124.91915069088013,124.71266520746275,8.700849309119869
59.5562,59.5562,103.0,124.91070524177447,124.70481921430822,-35.29070524177447
59.5756,59.5756,115.0,124.90223752839664,124.69694355987106,-23.282237528396642
59.5951,59.5951,119.0,124.89365198224468,124.68894884633056,-19.27365198224468
59.6145,59.6145,116.0,124.8850330996355,124.68091346292347,-22.26503309963551
59.634,59.634,121.0,124.87628491279064,124.6727474772704,-17.25628491279064
59.6535,59.6535,130.0,124.86744619483483,124.66448670211834,-8.247446194834827
59.6729,59.6729,137.0,124.85855555972819,124.65616686305746,-1.238555559728189
59.6924,59.6924,124.0,124.84951735502476,124.64769827552092,-14.22951735502476
59.7118,59.7118,141.0,124.84041663287192,124.63916008197953,2.779583367128078
59.7313,59.7313,139.0,124.83115889709575,124.63046371799177,0.7888411029042519
59.7507,59.7507,123.0,124.82183011082749,124.62168930036715,-15.201830110827492
59.7702,59.7702,117.0,124.81233776377368,124.61275010377597,-21.192337763773686
59.7897,59.7897,130.0,124.80272379157918,124.60368530615962,-8.182723791579184
59.8091,59.8091,122.0,124.79302982335709,124.59453372927713,-16.17302982335709
59.8286,59.8286,124.0,124.78316392878713,124.58520910162348,-14.163163928787133
59.848,59.848,108.0,124.77321302868626,124.57579269614605,-30.15321302868626
59.8675,59.8675,126.0,124.76308538089903,124.56619850810239,-12.143085380899029
59.8869,59.8869,126.0,124.75286724377358,124.55650702500596,-12.13286724377358
59.9064,59.9064,123.0,124.74246620632697,124.54663171675612,-15.122466206326967
59.9259,59.9259,137.0,124.73192444404468,124.53661182349397,-1.1119244440446803
59.9453,59.9453,127.0,124.72128383024547,124.52648662088825,-11.10128383024547
59.9648,59.9648,148.0,124.71045390016377,124.51617097464491,9.909546099836229
59.9842,59.9842,123.0,124.69952213852386,124.5057471646601,-15.079522138523862
60.0037,60.0037,137.0,124.68839899750866,124.49513083849502,-1.0683989975086572
60.0231,60.0231,141.0,124.67717224769936,124.48440465901211,2.942827752300639
60.0426,60.0426,141.0,124.66575338434944,124.47348534127129,2.954246615650556
60.0621,60.0621,108.0,124.65418769878725,124.46241558049567,-30.034187698787257
60.0815,60.0815,137.0,124.64252124456614,124.45123886539265,-1.022521244566141
60.101,60.101,123.0,124.63066661785149,124.4398728612948,-15.01066661785149
60.1204,60.1204,117.0,124.61871377079302,124.42840268545999,-20.998713770793024
60.1399,60.1399,122.0,124.6065764880451,124.41674707562113,-15.986576488045108
60.1593,60.1593,130.0,124.5943446729688,124.40499088696478,-7.974344672968803
60.1788,60.1788,133.0,124.58193178267587,124.39305267831519,-4.961931782675867
60.1983,60.1983,133.0,124.56938427801637,124.38097629827216,-4.949384278016373
60.2177,60.2177,128.0,124.55674890519367,124.36880625158224,-9.936748905193673
60.2372,60.2372,126.0,124.54394152426224,124.35646323432303,-11.923941524262238
60.2566,60.2566,126.0,124.53105409477973,124.34403440314894,-11.911054094779734
60.2761,60.2761,137.0,124.5180033397375,124.3314412662452,-0.8980033397375049
60.2955,60.2955,132.0,124.50488169516599,124.31877150651508,-5.884881695165992
60.315,60.315,124.0,124.49160711292801,124.30594791050194,-13.87160711292801
60.3345,60.3345,124.0,124.4782299192508,124.29301826803056,-13.858229919250794
60.3539,60.3539,122.0,124.46480001569068,124.28003046017902,-15.844800015690685
60.3734,60.3734,124.0,124.45123686650912,124.26690841953031,-13.831236866509121
60.3928,60.3928,125.0,124.43763441323075,124.25374158752041,-12.817634413230754
60.4123,60.4123,100.0,124.4239123990883,124.240454194898,-37.8039123990883
60.4317,60.4317,119.0,124.4101648834545,124.22713601255724,-18.7901648834545
60.4512,60.4512,121.0,124.39631079107922,124.21371018430477,-16.77631079107922
60.4706,60.4706,143.0,124.38244246235737,124.20026483005992,5.237557537642624
60.4901,60.4901,115.0,124.36847857617008,124.18672300163475,-22.74847857617008
60.5096,60.5096,126.0,124.35446887453061,124.17313225648027,-11.734468874530611
60.529,60.529,123.0,124.34046257651237,124.15953964618497,-14.720462576512366
60.5485,60.5485,124.0,124.3263791915074,124.14586898527224,-13.7063791915074
60.5679,60.5679,115.0,124.31231141296264,124.13220889432074,-22.692311412962646
60.5874,60.5874,112.0,124.29817943413846,124.11848356447584,-25.678179434138464
60.6068,60.6068,116.0,124.28407558942318,124.10478128645764,-21.664075589423184
60.6263,60.6263,130.0,124.26991889299264,124.09102531046071,-7.649918892992636
60.6458,60.6458,95.0,124.2557577439827,124.07726183374797,-42.6357577439827
60.6652,60.6652,124.0,124.24164072516699,124.06353752576251,-13.621640725166989
60.6847,60.6847,117.0,124.2274856085143,124.04977425296545,-20.607485608514303
60.7041,60.7041,127.0,124.21338256914666,124.036058117552,-10.59338256914666
60.7236,60.7236,112.0,124.19924942418132,124.02231097660453,-25.57924942418132
60.743,60.743,126.0,124.1851762534216,124.00861893100317,-11.565176253421603
60.7625,60.7625,116.0,124.17108074684018,123.99490369677198,-21.551080746840178
60.782,60.782,114.0,124.15700981082445,123.98121010751102,-23.53700981082445
60.8014,60.8014,132.0,124.14300961666945,123.96758255278935,-5.523009616669446
60.8209,60.8209,103.0,124.12899770353243,123.95394238005927,-34.50899770353244
60.8403,60.8403,130.0,124.11506328252214,123.9403750081112,-7.495063282522144
60.8598,60.8598,134.0,124.10112352288935,123.92680136491636,-3.4811235228893533
60.8792,60.8792,113.0,124.08726670855539,123.91330613355565,-24.467266708555393
60.8987,60.8987,125.0,124.0734116834349,123.89981170337515,-12.453411683434899
60.9182,60.9182,120.0,124.05960427603583,123.88636221108789,-17.43960427603583
60.9376,60.9376,112.0,124.04589067757902,123.87300194071473,-25.425890677579027
60.9571,60.9571,133.0,124.03218928138887,123.85965306074644,-4.4121892813888675
60.9765,60.9765,119.0,124.01858806545351,123.84639981145412,-18.398588065453517
60.996,60.996,124.0,124.00500578520412,123.83316460076176,-13.38500578520412
61.0154,61.0154,133.0,123.99153068221788,123.82003216424931,-4.371530682217886
61.0349,61.0349,110.0,123.97808173920954,123.8069250551815,-27.358081739209545
61.0544,61.0544,140.0,123.96470581734073,123.79388832150104,2.6552941826592704
61.0738,61.0738,126.0,123.95144887715948,123.78096616634605,-11.33144887715948
61.0933,61.0933,131.0,123.93823098708556,123.76808220005063,-6.3182309870855615
61.1127,61.1127,114.0,123.92514144105151,123.75532229245609,-23.30514144105151
61.1322,61.1322,107.0,123.91210146145845,123.74261111261647,-30.29210146145845
61.1516,61.1516,117.0,123.899200376912,123.7300345822096,-20.27920037691201
61.1711,61.1711,136.0,123.88635817492191,123.71751607204871,-1.2663581749219102
61.1906,61.1906,129.0,123.8736208809498,123.70509986407434,-8.253620880949802
61.21,61.21,124.0,123.86103503839071,123.69283100526471,-13.241035038390711
61.2295,61.2295,113.0,123.84852203063015,123.68063414736493,-24.228522030630153
61.2489,61.2489,130.0,123.8361712177969,123.6685953027483,-7.216171217796903
61.2684,61.2684,109.0,123.82390363207415,123.65663888770253,-28.20390363207415
61.2878,61.2878,117.0,123.81180851493632,123.64485083933687,-20.19180851493632
61.3073,61.3073,118.0,123.79980696249027,123.63315546212206,-19.179806962490268
61.3268,61.3268,117.0,123.78794511153257,123.6215973844898,-20.167945111532568
61.3462,61.3462,117.0,123.7762688591803,123.61022091368686,-20.156268859180308
61.3657,61.3657,116.0,123.76469878807232,123.5989497791244,-21.144698788072326
61.3851,61.3851,131.0,123.7533218704002,123.58786780853642,-6.1333218704002
61.4046,61.4046,113.0,123.74205816339654,123.57689824056858,-24.122058163396538
61.424,61.424,141.0,123.73099481556243,123.56612508510032,3.8890051844375737
61.4435,61.4435,123.0,123.72005219230162,123.55547180145086,-14.100052192301623
61.463,61.463,123.0,123.7092760903319,123.54498268121284,-14.089276090331898
61.4824,61.4824,132.0,123.69871224829551,123.5347020216873,-5.078712248295508
61.5019,61.5019,122.0,123.6882824918282,123.52455456440129,-15.068282491828205
61.5213,61.5213,110.0,123.67807470065782,123.51462528151701,-27.05807470065782
61.5408,61.5408,125.0,123.66801159732356,123.50483979248527,-12.048011597323557
61.5602,61.5602,114.0,123.65818017439372,123.49528227578246,-23.038180174393723
61.5797,61.5797,133.0,123.64850284503906,123.48587800000223,-4.028502845039062
61.5992,61.5992,120.0,123.63902519032058,123.4766711118596,-17.019025190320583
61.6186,61.6186,117.0,123.62979336703792,123.46770638375514,-20.009793367037922
61.6381,61.6381,136.0,123.620730292768,123.45890948377652,-1.0007302927680026
61.6575,61.6575,120.0,123.61192265095812,123.45036448028698,-16.991922650958124
61.677,61.677,98.0,123.60329427940937,123.44199777711594,-38.98329427940937
61.6964,61.6964,109.0,123.59493251990153,123.4338941235655,-27.974932519901536
61.7159,61.7159,135.0,123.58675959288146,123.4259784563726,-1.9667595928814645
61.7354,61.7354,108.0,123.5788197467511,123.41829359978772,-28.958819746751097
61.7548,61.7548,116.0,123.57115773087689,123.41088309234244,-20.951157730876893
61.7743,61.7743,119.0,123.56369527053498,123.40367124755751,-17.94369527053498
61.7937,61.7937,101.0,123.55651668497931,123.39673981601463,-35.93651668497932
61.8132,61.8132,117.0,123.5495433938533,123.39001277069154,-19.9295433938533
61.8326,61.8326,114.0,123.54285809637345,123.38357026840578,-22.922858096373453
61.8521,61.8521,120.0,123.53638070638996,123.37733481940073,-16.916380706389965
61.8716,61.8716,109.0,123.53015262777822,123.37134646748213,-27.910152627778224
61.891,61.891,125.0,123.52421483788122,123.36564505198491,-11.904214837881218
61.9105,61.9105,118.0,123.51848627488339,123.36015194807632,-18.89848627488339
61.9299,61.9299,122.0,123.51304780434826,123.35494563237383,-14.893047804348262
61.9494,61.9494,122.0,123.50781867450767,123.3499476699976,-14.887818674507676
61.9688,61.9688,117.0,123.50287929195012,123.34523625923937,-19.882879291950125
61.9883,61.9883,100.0,123.49814927071708,123.34073322269744,-36.87814927071708
62.0078,62.0078,127.0,123.4936685506476,123.33647740644696,-9.873668550647599
62.0272,62.0272,123.0,123.48947563130507,123.332506125137,-13.86947563130507
62.0467,62.0467,109.0,123.48548887787034,123.32874013238141,-27.86548887787034
62.0661,62.0661,122.0,123.48178741781246,123.32525619143163,-14.861787417812456
62.0856,62.0856,134.0,123.47828919348882,123.3219745214737,-2.8582891934888206
62.105,62.105,129.0,123.47507221409712,123.31897100537172,-7.855072214097126
62.1245,62.1245,122.0,123.47205561968065,123.31616686056257,-14.852055619680646
62.144,62.144,138.0,123.46927875888984,123.31360038094475,1.1507212411101566
62.1634,62.1634,120.0,123.46678079228698,123.31130977617447,-16.846780792286985
62.1829,62.1829,128.0,123.46448258983804,123.30921796238943,-8.844482589838043
62.2023,62.2023,108.0,123.46246408993994,123.30740267573827,-28.842464089939945
62.2218,62.2218,110.0,123.46064644189109,123.30578735050926,-26.84064644189109
62.2412,62.2412,116.0,123.459108963493,123.30444915915405,-20.839108963492997
62.2607,62.2607,122.0,123.45777158003168,123.30331007666216,-14.837771580031676
62.2802,62.2802,113.0,123.45667277083933,123.30240754770948,-23.836672770839336
62.2996,62.2996,116.0,123.45585081030738,123.30177892579464,-20.835850810307385
62.3191,62.3191,114.0,123.45522516974387,123.30134558200152,-22.83522516974387
62.3385,62.3385,115.0,123.45487264926355,123.30118242041536,-21.834872649263552
62.358,62.358,104.0,123.45471200530335,123.30121014454072,-32.83471200530335
62.3774,62.3774,151.0,123.45481905063397,123.30150262705193,14.165180949366027
62.3969,62.3969,130.0,123.4551111782361,123.30197917632275,-6.835111178236096
62.4164,62.4164,128.0,123.45562380765048,123.30267430399586,-8.835623807650483
62.4358,62.4358,137.0,123.45639285395748,123.30362294043074,0.16360714604251747
62.4553,62.4553,118.0,123.45733714517407,123.30474580264642,-18.837337145174068
62.4747,62.4747,121.0,123.45853293684824,123.30611733195039,-15.838532936848244
62.4942,62.4942,120.0,123.45989996534017,123.30765908378407,-16.839899965340173
62.5136,62.5136,104.0,123.46151412613645,123.30944511702332,-32.84151412613645
62.5331,62.5331,121.0,123.46329520895844,123.31139704210452,-15.843295208958443
62.5526,62.5526,125.0,123.46527879918295,123.31354956538324,-11.845278799182955
62.572,62.572,127.0,123.46750029224697,123.31593722017433,-9.847500292246968
62.5915,62.5915,113.0,123.46987889499276,123.31848093632111,-23.849878894992763
62.6109,62.6109,101.0,123.47248937163384,123.32125376335507,-35.852489371633844
62.6304,62.6304,133.0,123.47525089009658,123.32417661385358,-3.855250890096576
62.6498,62.6498,124.0,123.47823624209036,123.32732049016943,-12.858236242090362
62.6693,62.6693,116.0,123.48136409315937,123.33060585830864,-20.861364093159374
62.6888,62.6888,124.0,123.48466937171872,123.33406677636428,-12.864669371718724
62.7082,62.7082,140.0,123.4881864476062,123.33773679025958,3.131813552393803
62.7277,62.7277,129.0,123.49183441340962,123.34153660263942,-7.871834413409621
62.7471,62.7471,150.0,123.49568699582628,123.34553844871148,13.124313004173723
62.7666,62.7666,98.0,123.49966505851407,123.34966458491175,-38.87966505851407
62.786,62.786,107.0,123.50384280245633,123.35398780556278,-29.883842802456336
62.8055,62.8055,113.0,123.50813981580197,123.3584292065906,-23.88813981580197
62.825,62.825,149.0,123.51258955246418,123.36302150630648,12.107410447535822
62.8444,62.8444,114.0,123.51722485035863,123.36779670324782,-22.897224850358633
62.8639,62.8639,113.0,123.52196423261171,123.37267491277012,-23.90196423261171
62.8833,62.8833,129.0,123.52687828440965,123.37772525730867,-7.906878284409649
62.9028,62.9028,116.0,123.53188490848835,123.38286696674439,-20.911884908488354
62.9222,62.9222,129.0,123.53705428522117,123.38816893058929,-7.917054285221175
62.9417,62.9417,123.0,123.5423045709623,123.39355067380906,-13.922304570962302
62.9612,62.9612,116.0,123.54766823220336,123.39904392156578,-20.927668232203366
62.9806,62.9806,107.0,123.55317753452059,123.40468032989241,-29.93317753452059
63.0001,63.0001,121.0,123.55875118537244,123.41037989868015,-15.938751185372444
63.0195,63.0195,124.0,123.56445780118283,123.4162100001464,-12.944457801182827
63.039,63.039,108.0,123.57021530267414,123.42208980714678,-28.950215302674145
63.0584,63.0584,102.0,123.57609231038069,123.4280866474785,-34.95609231038069
63.0779,63.0779,132.0,123.58200615657881,123.43411912844839,-4.9620061565788145
63.0974,63.0974,130.0,123.58798559173387,123.4402153892414,-6.9679855917338696
63.1168,63.1168,134.0,123.59405986305278,123.44640406360037,-2.974059863052778
63.1363,63.1363,123.0,123.60014651744979,123.45260393361507,-13.980146517449787
63.1557,63.1557,142.0,123.60631345592142,123.45888169241985,5.013686544078576
63.1752,63.1752,122.0,123.61247937400243,123.46515715840638,-14.992479374002434
63.1946,63.1946,139.0,123.61871273818215,123.47149776828327,2.001287261817845
63.2141,63.2141,140.0,123.62493337636795,123.47782436388007,2.9950666236320505
63.2336,63.2336,114.0,123.63117347205414,123.48416862056155,-23.011173472054146
63.253,63.253,133.0,123.63746596091988,123.49056294132399,-4.017465960919884
63.2725,63.2725,125.0,123.64373215803325,123.49692973984475,-12.023732158033246
63.2919,63.2919,103.0,123.65004222170386,123.5033380604649,-34.03004222170386
63.3114,63.3114,126.0,123.65631865829569,123.50971142491844,-11.03631865829569
63.3308,63.3308,130.0,123.66263021524911,123.51611767689094,-7.04263021524911
63.3503,63.3503,120.0,123.66889871292142,123.52247955665278,-17.04889871292142
63.3697,63.3697,99.0,123.6751935743397,123.52886554307531,-38.055193574339704
63.3892,63.3892,124.0,123.68143718207567,123.53519897265225,-13.06143718207567
63.4087,63.4087,127.0,123.68766059896512,123.54151039955883,-10.067660598965125
63.4281,63.4281,123.0,123.69389476944501,123.54783034140871,-14.07389476944501
63.4476,63.4476,114.0,123.70006139165872,123.55408138344485,-23.080061391658724
63.467,63.467,114.0,123.70622825806399,123.56033048944398,-23.08622825806399
63.4865,63.4865,133.0,123.71231688343806,123.5664999845741,-4.092316883438064
63.5059,63.5059,127.0,123.71839383419739,123.57265561192767,-10.098393834197386
63.5254,63.5254,113.0,123.72438101011618,123.57872006728697,-24.104381010116178
63.5449,63.5449,120.0,123.73030957823997,123.58472415212786,-17.11030957823997
63.5643,63.5643,121.0,123.7362099895033,123.59069789503542,-16.116209989503297
63.5838,63.5838,115.0,123.74200403326985,123.59656388934485,-22.122004033269853
63.6032,63.6032,104.0,123.74775802773561,123.60238768317595,-33.12775802773562
63.6227,63.6227,122.0,123.7533935212215,123.608091535722,-15.133393521221498
63.6421,63.6421,127.0,123.75897488425869,123.61373916383945,-10.138974884258692
63.6616,63.6616,132.0,123.76442275061589,123.61925182947535,-5.1444227506158935
63.6811,63.6811,122.0,123.76976580136615,123.62465792044459,-15.149765801366149
63.7005,63.7005,131.0,123.77503326673839,123.62998627911911,-6.155033266738391
63.72,63.72,125.0,123.78014691166402,123.63515942242476,-12.16014691166402
63.7394,63.7394,120.0,123.78517231715789,123.6402421521329,-17.16517231715789
63.7589,63.7589,123.0,123.79003223497448,123.64515795186405,-14.170032234974476
63.7783,63.7783,132.0,123.79479194757184,123.64997149401289,-5.174791947571839
63.7978,63.7978,128.0,123.79937452760433,123.65460638059245,-9.17937452760433
63.8173,63.8173,131.0,123.80381026530576,123.65909265464175,-6.183810265305757
63.8367,63.8367,132.0,123.80812967086008,123.66346055502981,-5.188129670860084
63.8562,63.8562,131.0,123.81225775884522,123.6676355762841,-6.192257758845221
63.8756,63.8756,141.0,123.81626146168628,123.67168421373704,3.803738538313718
63.8951,63.8951,117.0,123.82006726037426,123.67553336794812,-20.20006726037426
63.9145,63.9145,126.0,123.82374333531246,123.67925080558776,-11.203743335312458
63.934,63.934,132.0,123.82721692355575,123.68276417230263,-5.2072169235557535
63.9535,63.9535,138.0,123.83052089674624,123.68610615571643,0.7894791032537629
63.9729,63.9729,107.0,123.83368858132359,123.68930988102335,-30.213688581323588
63.9924,63.9924,115.0,123.83664942109327,123.69230507615293,-22.216649421093273
64.0118,64.0118,125.0,123.83947139018026,123.69515946488043,-12.219471390180265
64.0313,64.0313,121.0,123.8420826096289,123.6978014954404,-16.222082609628906
64.0507,64.0507,117.0,123.84455068883705,123.70029840441863,-20.22455068883705
64.0702,64.0702,113.0,123.84680403838813,123.70257894392914,-24.22680403838813
64.0897,64.0897,132.0,123.84887499265827,123.70467527654593,-5.228874992658268
64.1091,64.1091,120.0,123.85079501922418,123.70661875599143,-17.230795019224182
64.1286,64.1286,133.0,123.85249259823213,123.70833810987604,-4.232492598232133
64.148,64.148,129.0,123.85403418691784,123.70989952468321,-8.234034186917844
64.1675,64.1675,121.0,123.85534899669442,123.71123246761242,-16.23534899669442
64.1869,64.1869,122.0,123.85650435257972,123.71240405128582,-15.23650435257972
64.2064,64.2064,120.0,123.857430112305,123.71334430260642,-17.237430112305
64.2259,64.2259,109.0,123.85815906711564,123.71408593234166,-28.23815906711564
64.2453,64.2453,128.0,123.85872365812415,123.71466129748896,-9.23872365812415
64.2648,64.2648,117.0,123.85905304105717,123.71499968423885,-20.23905304105717
64.2842,64.2842,129.0,123.85921313419988,123.71516694224567,-8.239213134199877
64.3037,64.3037,117.0,123.8591334348852,123.71509258647743,-20.239133434885197
64.3231,64.3231,149.0,123.85887970288617,123.71484234940229,11.761120297113829
64.3426,64.3426,107.0,123.85838173356413,123.71434603841952,-30.238381733564133
64.3621,64.3621,136.0,123.8576712929082,123.71363543095008,-1.2376712929081943
64.3815,64.3815,109.0,123.85677894733591,123.71274108492177,-28.236778947335914
64.401,64.401,145.0,123.85563503836866,123.71159327915025,7.764364961631339
64.4204,64.4204,113.0,123.8543035869162,123.71025615795057,-24.234303586916205
64.4399,64.4399,132.0,123.85271505732851,123.70865999256938,-5.232715057328511
64.4593,64.4593,116.0,123.85093323644901,123.70686876673113,-21.23093323644901
64.4788,64.4788,125.0,123.8488887414045,123.70481296510621,-12.228888741404495
64.4983,64.4983,133.0,123.84661216469307,123.702523191148,-4.226612164693071
64.5177,64.5177,109.0,123.84413396865311,123.70003001156334,-28.224133968653113
64.5372,64.5372,120.0,123.84138558390129,123.69726466043332,-17.221385583901288
64.5566,64.5566,115.0,123.83843040473762,123.69429076757069,-22.218430404737624
64.5761,64.5761,126.0,123.83519909756471,123.6910387387904,-11.215199097564712
64.5955,64.5955,132.0,123.83175420220694,123.68757134794228,-5.211754202206938
64.615,64.615,151.0,123.82802629017567,123.68381896444774,13.791973709824328
64.6345,64.6345,136.0,123.824045768915,123.6798120067998,-1.204045768915
64.6539,64.6539,139.0,123.81984284503578,123.67558090282306,1.8001571549642197
64.6734,64.6734,133.0,123.81535018923144,123.67105801693894,-4.195350189231439
64.6928,64.6928,143.0,123.81063255435265,123.66630841210846,5.809367445647348
64.7123,64.7123,146.0,123.8056244758579,123.66126625769112,8.814375524142102
64.7317,64.7317,111.0,123.80039190601447,123.65599789184134,-26.18039190601447
64.7512,64.7512,108.0,123.7948710293618,123.65043909892806,-29.174871029361803
64.7707,64.7707,129.0,123.78909501574347,123.6446232117642,-8.169095015743471
64.7901,64.7901,133.0,123.78309580104501,123.63858239447288,-4.163095801045008
64.8096,64.8096,118.0,123.7768086046893,123.6322514855847,-19.156808604689296
64.829,64.829,133.0,123.77029890100502,123.62569627174653,-4.150298901005021
64.8485,64.8485,134.0,123.76350251273779,123.61885219737502,-3.143502512737788
64.8679,64.8679,143.0,123.75648488486996,123.61178521751071,5.863515115130037
64.8874,64.8874,126.0,123.74918370491599,123.60443240722573,-11.129183704915993
64.9069,64.9069,121.0,123.74163369806881,123.59682880982189,-16.121633698068813
64.9263,64.9263,112.0,123.73386970145943,123.58900948487646,-25.11386970145943
64.9458,64.9458,127.0,123.72583054418064,123.58091279690562,-10.10583054418064
64.9652,64.9652,125.0,123.71758219422449,123.57260515395251,-12.097582194224492
64.9847,64.9847,109.0,123.70906339398847,123.5640247588322,-28.089063393988475
65.0041,65.0041,136.0,123.70034016564018,123.55523827221685,-1.0803401656401856
65.0236,65.0236,131.0,123.69135092484247,123.54618340751938,-6.071350924842468
65.0431,65.0431,129.0,123.68212984194432,123.53689470064646,-8.062129841944317
65.0625,65.0625,128.0,123.67271145605726,123.52740702234708,-9.052711456057258
65.082,65.082,122.0,123.66303643564792,123.51766024548745,-15.043036435647926
65.1014,65.1014,126.0,123.65317136849605,123.50772177810363,-11.033171368496047
65.1209,65.1209,142.0,123.6430574678081,123.49753206283711,4.976942532191893
65.1403,65.1403,143.0,123.63276140236707,123.48715849672716,5.987238597632933
65.1598,65.1598,112.0,123.62222571078908,123.47654284981182,-25.002225710789084
65.1793,65.1793,134.0,123.61148743493791,123.46572251330826,-2.9914874349379144
65.1987,65.1987,132.0,123.600582582692,123.45473396681369,-4.980582582692
65.2182,65.2182,119.0,123.58945503863542,123.44352018421604,-17.969455038635424
65.2376,65.2376,124.0,123.57817310110237,123.43215034087393,-12.958173101102366
65.2571,65.2571,123.0,123.56668120022331,123.42056804094652,-13.946681200223315
65.2765,65.2765,119.0,123.5550474016431,123.40884212022232,-17.935047401643097
65.296,65.296,112.0,123.54321659038236,123.39691656647453,-24.92321659038236
65.3155,65.3155,113.0,123.53122565219805,123.38482876024392,-23.91122565219805
65.3349,65.3349,106.0,123.51911054295596,123.37261516964773,-30.89911054295596
65.3544,65.3544,130.0,123.50681510740789,123.36021861260849,-6.886815107407889
65.3738,65.3738,112.0,123.49440413534552,123.34770479931247,-24.87440413534552
65.3933,65.3933,127.0,123.48182105657636,123.33501620402893,-9.861821056576366
65.4127,65.4127,148.0,123.46913012704196,123.32221812669259,11.150869872958035
65.4322,65.4322,122.0,123.45627482168241,123.30925290407532,-14.836274821682414
65.4517,65.4517,116.0,123.4432897052659,123.29615568100216,-20.8232897052659
65.4711,65.4711,111.0,123.43020908965059,123.2829613503646,-25.81020908965059
65.4906,65.4906,153.0,123.41697690051632,123.26961257953555,16.20302309948368
65.51,65.51,134.0,123.4036561016337,123.25617362948975,-2.783656101633701
65.5295,65.5295,110.0,123.39019035488496,123.2425867928446,-26.770190354884967
65.5489,65.5489,131.0,123.37664321927727,123.22891697089683,-5.7566432192772705
65.5684,65.5684,118.0,123.3629584381608,123.21510662543488,-18.742958438160805
65.5879,65.5879,116.0,123.34916962346068,123.20118995163331,-20.729169623460685
65.6073,65.6073,143.0,123.33530979158172,123.18720062887816,6.284690208418278
65.6268,65.6268,134.0,123.32132301244516,123.17308135446592,-2.7013230124451635
65.6462,65.6462,109.0,123.3072720523209,123.15889630993381,-27.6872720523209
65.6657,65.6657,147.0,123.29310284116072,123.14458997594218,10.326897158839282
65.6851,65.6851,131.0,123.27887776903866,123.13022616861053,-5.658877769038659
65.7046,65.7046,123.0,123.26454262215631,123.11574921990554,-13.644542622156314
65.7241,65.7241,122.0,123.25013151785718,123.10119395028444,-14.630131517857185
65.7435,65.7435,116.0,123.23567838223954,123.08659499532494,-20.615678382239544
65.763,65.763,120.0,123.22113000591601,123.07189766491305,-16.601130005916012
65.7824,65.7824,124.0,123.2065487681916,123.05716587036963,-12.586548768191596
65.8019,65.8019,107.0,123.19188124357271,123.04234461608034,-29.57188124357271
65.8213,65.8213,114.0,123.1771896127998,123.02749755463631,-22.557189612799796
65.8408,65.8408,136.0,123.16241972755186,123.012569057331,-0.5424197275518647
65.8603,65.8603,119.0,123.14760339711361,122.99759161169656,-17.527603397113616
65.8797,65.8797,101.0,123.13277283250375,122.98259830435043,-35.51277283250375
65.8992,65.8992,118.0,123.11787453785965,122.96753397441726,-18.49787453785965
65.9186,65.9186,139.0,123.10296762193592,122.95245937837645,2.5170323780640818
65.9381,65.9381,122.0,123.08799723091035,122.93731793805591,-14.467997230910347
65.9575,65.9575,120.0,123.07302277417813,122.92217081049559,-16.45302277417813
65.977,65.977,126.0,123.05799070416941,122.90696257292922,-10.437990704169414
65.9965,65.9965,118.0,123.04293186886025,122.89172503923015,-18.422931868860253
66.0159,66.0159,115.0,123.02787722428269,122.87649003798735,-21.407877224282693
66.0354,66.0354,118.0,123.01277334429093,122.86120237640604,-18.392773344290937
66.0548,66.0548,120.0,122.99767847154693,122.845921990422,-16.377678471546936
66.0743,66.0743,138.0,122.98253878611035,122.83059320674359,1.6374612138896456
66.0937,66.0937,111.0,122.96741159981937,122.81527531798079,-25.347411599819374
66.1132,66.1132,135.0,122.95224432721126,122.79991367128648,-1.3322443272112618
66.1326,66.1326,127.0,122.9370941585614,122.78456749017438,-9.317094158561394
66.1521,66.1521,145.0,122.92190881727686,122.76918245071788,8.698091182723141
66.1716,66.1716,129.0,122.90671903419947,122.75379026282887,-7.28671903419947
66.191,66.191,120.0,122.89155586548452,122.73842301902732,-16.271555865484522
66.2105,66.2105,119.0,122.87636892337683,122.72302819572688,-17.256368923376833
66.2299,66.2299,118.0,122.86121674759329,122.7076664954213,-18.241216747593292
66.2494,66.2494,120.0,122.84604892334694,122.69228532581378,-16.226048923346944
66.2688,66.2688,120.0,122.83092337955236,122.67694468797333,-16.210923379552362
66.2883,66.2883,121.0,122.81578951222933,122.66159185824587,-15.19578951222933
66.3078,66.3078,117.0,122.80067784905718,122.64625837564878,-19.180677849057183
66.3272,66.3272,112.0,122.7856184523146,122.63097546858093,-24.165618452314597
66.3467,66.3467,118.0,122.77056071306289,122.61569028910576,-18.150560713062895
66.3661,66.3661,127.0,122.75556064667305,122.6004609269736,-9.135560646673047
66.3856,66.3856,117.0,122.74056685686077,122.58523388282018,-19.12056685686077
66.405,66.405,128.0,122.7256350190191,122.57006707749937,-8.105635019019095
66.4245,66.4245,137.0,122.71071442435226,122.55490728630167,0.909285575647738
66.444,66.444,149.0,122.69583395567244,122.53978474627678,12.924166044327558
66.4634,66.4634,133.0,122.68102346999295,122.52473032469075,-3.0610234699929517
66.4829,66.4829,135.0,122.66623395890609,122.50969277645306,-1.0462339589060914
66.5023,66.5023,108.0,122.6515224079686,122.49473137340128,-28.031522407968602
66.5218,66.5218,107.0,122.6368419000118,122.47979665257971,-29.016841900011805
66.5412,66.5412,138.0,122.62224868579757,122.46494753320123,1.9977513142024268
66.5607,66.5607,117.0,122.60769444473176,122.45013292486463,-18.987694444731765
66.5802,66.5802,104.0,122.5932092731717,122.43538435682214,-31.973209273171697
66.5996,66.5996,108.0,122.57882287413499,122.42073278695463,-27.958822874134988
66.6191,66.6191,113.0,122.56448680744391,122.40612693577464,-22.944486807443916
66.6385,66.6385,129.0,122.55025400865625,122.39162261899803,-6.930254008656254
66.658,66.658,117.0,122.5360748619717,122.37716733434847,-18.9160748619717
66.6774,66.6774,131.0,122.52200195847055,122.36281653900679,-4.902001958470555
66.6969,66.6969,116.0,122.5079861290751,122.34851815694397,-19.88798612907511
66.7164,66.7164,118.0,122.49405495365497,122.33430106676,-17.87405495365497
66.7358,66.7358,135.0,122.48023505067823,122.32019351122007,-0.8602350506782326
66.7553,66.7553,131.0,122.46647787032266,122.30614379087974,-4.846477870322664
66.7747,66.7747,133.0,122.45283560405532,122.29220720498199,-2.832835604055324
66.7942,66.7942,119.0,122.4392613632311,122.27833373884253,-16.8192613632311
66.8136,66.8136,136.0,122.42580845945682,122.26457975396215,0.19419154054318177
66.8331,66.8331,120.0,122.41243076862634,122.25089604481717,-15.792430768626337
66.8526,66.8526,126.0,122.39915751069078,122.23731324589154,-9.779157510690785
66.872,66.872,134.0,122.38601725799474,122.22386162155918,-1.7660172579947382
66.8915,66.8915,119.0,122.37296547140205,122.21049340458453,-16.752965471402057
66.9109,66.9109,129.0,122.36005646734016,122.19726594190092,-6.740056467340159
66.9304,66.9304,109.0,122.34724643319926,122.18413233466582,-26.727246433199262
66.9498,66.9498,116.0,122.33458960349466,122.17114997843746,-19.714589603494666
66.9693,66.9693,135.0,122.32204237213821,122.15827189297423,-0.7020423721382141
66.9888,66.9888,146.0,122.30963331485455,122.14552832357151,10.310366685145448
67.0082,67.0082,134.0,122.29739147816542,122.13295007268495,-1.6773914781654238
67.0277,67.0277,120.0,122.28527475406796,122.12049152971595,-15.665274754067957
67.0471,67.0471,119.0,122.27333736335426,122.1082103426377,-16.65333736335426
67.0666,67.0666,117.0,122.26153830848182,122.09606184421781,-18.64153830848182
67.086,67.086,127.0,122.24993098491066,122.08410314744982,-8.629930984910663
67.1055,67.1055,133.0,122.23847429048202,122.07228938761438,-2.618474290482018
67.125,67.125,141.0,122.22719797301664,122.06065225294466,5.392802026983356
67.1444,67.1444,110.0,122.21613254192722,122.04922389051389,-25.596132541927226
67.1639,67.1639,114.0,122.20523924339214,122.03796179399598,-21.585239243392145
67.1833,67.1833,120.0,122.19457150799542,122.02692330293311,-15.57457150799542
67.2028,67.2028,118.0,122.18408989281886,122.01606492681768,-17.564089892818863
67.2222,67.2222,129.0,122.17384688628049,122.00544314363155,-6.553846886280487
67.2417,67.2417,125.0,122.16380295301512,121.9950144060781,-10.543802953015122
67.2612,67.2612,131.0,122.15398790052895,121.98481043780109,-4.533987900528947
67.2806,67.2806,120.0,122.14443143629967,121.97486292416252,-15.52443143629967
67.3001,67.3001,104.0,122.13509584505499,121.96513006422339,-31.515095845054994
67.3195,67.3195,112.0,122.12603384038918,121.95566867323079,-23.506033840389186
67.339,67.339,129.0,122.11720681757082,121.9464359737149,-6.497206817570818
67.3584,67.3584,115.0,122.10866549797383,121.9374867326586,-20.488665497973834
67.3779,67.3779,144.0,122.10037137837195,121.92877831445458,8.519628621628053
67.3974,67.3974,104.0,122.09235283315756,121.92034101255332,-31.472352833157565
67.4168,67.4168,110.0,122.08463827362793,121.91220551922967,-25.464638273627934
67.4363,67.4363,145.0,122.07718901944281,121.90432870550364,9.542810980557187
67.4557,67.4557,92.0,122.0700536746334,121.89676348993513,-43.4500536746334
67.4752,67.4752,132.0,122.06319353567527,121.88946685129827,-3.4431935356752685
67.4946,67.4946,104.0,122.05665569064098,121.8824900785418,-31.436655690640983
67.5141,67.5141,120.0,122.05040049204834,121.87578915871286,-15.43040049204834
67.5336,67.5336,122.0,122.04445264716666,121.86939084428424,-13.424452647166666
67.553,67.553,124.0,122.03883609118522,121.86332151892088,-11.418836091185218
67.5725,67.5725,124.0,122.03351071878768,121.8575363794607,-11.413510718787682
67.5919,67.5919,118.0,122.0285222608149,121.8520856696106,-17.408522260814898
67.6114,67.6114,115.0,122.02383133608397,121.8469252046357,-20.403831336083975
67.6308,67.6308,120.0,122.01948290331464,121.8421048979559,-15.39948290331464
67.6503,67.6503,118.0,122.01543753462414,121.83758019433809,-17.395437534624143
67.6698,67.6698,108.0,122.01171843876176,121.83337691135857,-27.391718438761764
67.6892,67.6892,109.0,122.00834871354344,121.8295203638147,-26.388348713543444
67.7087,67.7087,98.0,122.00528786030084,121.82596521103922,-37.38528786030084
67.7281,67.7281,129.0,122.00257778692252,121.82275822680829,-6.382577786922516
67.7476,67.7476,136.0,122.00017620145775,121.8198519834436,0.6198237985422512
67.767,67.767,118.0,121.99812333611523,121.81729192464397,-17.37812333611523
67.7865,67.7865,105.0,121.99637869216193,121.8150322647276,-30.37637869216193
67.806,67.806,116.0,121.99496293095075,121.81309599615746,-19.37496293095075
67.8254,67.8254,111.0,121.99389474930038,121.81150474682393,-24.373894749300383
67.8449,67.8449,123.0,121.99313278533525,121.81021148464778,-12.37313278533525
67.8643,67.8643,119.0,121.99271470683284,121.8092594657496,-16.372714706832845
67.8838,67.8838,139.0,121.9925988348436,121.80860135496233,3.627401165156394
67.9032,67.9032,103.0,121.99282262159748,121.80828007164028,-32.372822621597486
67.9227,67.9227,131.0,121.9933452376545,121.80824931493555,-4.373345237654496
67.9422,67.9422,106.0,121.9941842919368,121.80852909599993,-29.374184291936807
67.9616,67.9616,131.0,121.9953569749565,121.80913976029304,-4.375356974956494
67.9811,67.9811,124.0,121.99682187903332,121.81003380968592,-11.37682187903332
68.0005,68.0005,130.0,121.99861510624851,121.81125336604674,-5.378615106248509
68.02,68.02,137.0,122.00069624034639,121.81275199840924,1.6193037596536133
68.0394,68.0394,108.0,122.00310207909466,121.81457226802249,-27.383102079094662
68.0589,68.0589,143.0,122.00579401154796,121.8166694764752,7.614205988452037
68.0784,68.0784,112.0,122.00878949216474,121.81906408063381,-23.38878949216474
68.0978,68.0978,112.0,122.01210628964421,121.82177700525256,-23.39210628964421
68.1173,68.1173,128.0,122.01570564520624,121.82476321511909,-7.39570564520624
68.1367,68.1367,129.0,122.01962299829431,121.82806406491812,-6.39962299829431
68.1562,68.1562,95.0,122.02381947033498,121.8316346033431,-40.40381947033499
68.1756,68.1756,111.0,122.02833086200309,121.83551681449741,-24.40833086200309
68.1951,68.1951,116.0,122.03311784138192,121.8396647701222,-19.413117841381926
68.2146,68.2146,114.0,122.03819491738201,121.84409639666578,-21.418194917382017
68.234,68.234,124.0,122.04357642674279,121.84882896902559,-11.42357642674279
68.2535,68.2535,141.0,122.04922192653314,121.85381543118191,5.5707780734668635
68.2729,68.2729,129.0,122.05516274308175,121.85909390429464,-6.435162743081753
68.2924,68.2924,146.0,122.06136026298915,121.8646186510164,10.558639737010845
68.3118,68.3118,130.0,122.06784663049754,121.87042886033642,-5.447846630497542
68.3313,68.3313,109.0,122.0745845652565,121.87648008389837,-26.454584565256503
68.3508,68.3508,117.0,122.08158973376923,121.88279146364982,-18.461589733769237
68.3702,68.3702,130.0,122.08887672758648,121.8893810211482,-5.468876727586482
68.3897,68.3897,122.0,122.09640826536177,121.8962041516097,-13.476408265361774
68.4091,68.4091,114.0,122.10421588273283,121.9032997953098,-21.484215882732833
68.4286,68.4286,120.0,122.1122635041313,121.91062420596042,-15.492263504131307
68.448,68.448,134.0,122.12058172900356,121.91821555530099,-1.500581729003562
68.4675,68.4675,138.0,122.12913411289468,121.92602977351875,2.4908658871053238
68.487,68.487,105.0,122.13793548955844,121.93408509014398,-30.517935489558447
68.5064,68.5064,132.0,122.14700063293526,121.94240035303577,-3.527000632935261
68.5259,68.5259,132.0,122.15629445274234,121.95093250629769,-3.5362944527423448
68.5453,68.5453,139.0,122.16584782247483,121.95972012670028,3.4541521775251685
68.5648,68.5648,117.0,122.1756270038468,121.96872176965452,-18.5556270038468
68.5842,68.5842,137.0,122.18566444843033,121.97797729496358,1.434335551569669
68.6037,68.6037,143.0,122.19592732893251,121.98744615085378,7.424072671067487
68.6232,68.6232,123.0,122.20643239797239,121.997148674783,-12.586432397972393
68.6426,68.6426,120.0,122.21719611038614,122.00710568422747,-15.597196110386141
68.6621,68.6621,121.0,122.22818869016619,122.0172788063951,-14.608188690166193
68.6815,68.6815,121.0,122.23944201343375,122.02770848156172,-14.619442013433746
68.701,68.701,125.0,122.25092692338018,122.03835645888246,-10.630926923380178
68.7204,68.7204,92.0,122.2626745358469,122.04926277949585,-43.6426745358469
68.7399,68.7399,134.0,122.27465611851946,122.06038964073751,-1.6546561185194602
68.7594,68.7594,121.0,122.2868858090059,122.07175573470634,-14.666885809005896
68.7788,68.7788,110.0,122.29937881717564,122.08338022114937,-25.67937881717564
68.7983,68.7983,122.0,122.31210517550895,122.09522447062074,-13.692105175508948
68.8177,68.8177,123.0,122.32509364432032,122.1073259457172,-12.70509364432032
68.8372,68.8372,127.0,122.33831440290894,122.11964553222397,-8.718314402908936
68.8566,68.8566,118.0,122.3517953715645,122.13222047592893,-17.73179537156451
68.8761,68.8761,105.0,122.3655078338701,122.14501236111813,-30.7455078338701
68.8955,68.8955,96.0,122.37947919422017,122.15805821019016,-39.75947919422017
68.915,68.915,133.0,122.39367967722644,122.17131852062177,-2.773679677226445
68.9345,68.9345,109.0,122.40812027756608,122.18480855240443,-26.788120277566087
68.9539,68.9539,121.0,122.4228114363933,122.19854396954494,-14.802811436393304
68.9734,68.9734,126.0,122.43772247290802,122.21248383684897,-9.817722472908022
68.9928,68.9928,122.0,122.45287651352865,122.2266613707701,-13.832876513528651
69.0123,69.0123,109.0,122.46824331517696,122.24103612365641,-26.848243315176965
69.0317,69.0317,128.0,122.48384644452442,122.25564127023705,-7.863846444524418
69.0512,69.0512,121.0,122.49965476141304,122.27043579020325,-14.879654761413041
69.0707,69.0707,114.0,122.51567801467817,122.28543397308808,-21.895678014678175
69.0901,69.0901,111.0,122.53192456989292,122.30064973636465,-24.911924569892925
69.1096,69.1096,131.0,122.54836440484698,122.31604228001872,-4.928364404846979
69.129,69.129,107.0,122.56501791834691,122.33164220653934,-28.945017918346913
69.1485,69.1485,125.0,122.58185513834592,122.34740884772,-10.961855138345916
69.1679,69.1679,137.0,122.59889512452996,122.36337207496088,1.021104875470039
69.1874,69.1874,137.0,122.61610815145032,122.37949069719922,1.0038918485496797
69.2069,69.2069,117.0,122.63350144558004,122.39577775620313,-19.01350144558004
69.2263,69.2263,136.0,122.65108364328232,122.41224686691535,-0.031083643282320494
69.2458,69.2458,131.0,122.66882643337625,122.42885868392456,-5.048826433376254
69.2652,69.2652,108.0,122.68675024354832,122.44564474515305,-28.06675024354832
69.2847,69.2847,129.0,122.7048294220672,122.46256740178714,-7.084829422067207
69.3041,69.3041,126.0,122.72308279098309,122.47965750767648,-10.103082790983086
69.3236,69.3236,118.0,122.74148500099552,122.49687720082962,-18.121485000995527
69.3431,69.3431,123.0,122.76004395629106,122.51424064527585,-13.140043956291057
69.3625,69.3625,127.0,122.77876761812631,122.53176141366076,-9.15876761812631
69.382,69.382,123.0,122.79763119573391,122.54940208073957,-13.177631195733914
69.4014,69.4014,128.0,122.81665281474629,122.56719346862457,-8.196652814746292
69.4209,69.4209,127.0,122.83580876313701,122.5850987879185,-9.21580876313701
69.4403,69.4403,137.0,122.85511731483797,122.60314895688752,0.7648826851620303
69.4598,69.4598,126.0,122.87455549674495,122.62130814462883,-10.254555496744947
69.4793,69.4793,120.0,122.894132934418,122.6395915920987,-16.274132934418
69.4987,69.4987,145.0,122.91385766666835,122.65801446527765,8.70614233333165
69.5182,69.5182,109.0,122.93370931146303,122.67654230748201,-27.313709311463036
69.5376,69.5376,140.0,122.9537061386312,122.69520718415347,3.6662938613687945
69.5571,69.5571,122.0,122.97382799904157,122.7139747270061,-14.353827999041576
69.5765,69.5765,110.0,122.99409265550621,122.73287671351383,-26.37409265550621
69.596,69.596,141.0,123.01448186440258,122.75187994857386,4.605518135597416
69.6155,69.6155,121.0,123.03500305312906,122.77099902090977,-15.41500305312906
69.6349,69.6349,136.0,123.05566414909715,122.79024911927917,-0.4356641490971551
69.6544,69.6544,128.0,123.07644713185245,122.80959745584096,-8.456447131852448
69.6738,69.6738,132.0,123.0973699306111,122.82907577381474,-4.477369930611095
69.6933,69.6933,131.0,123.11841551061515,122.84865274739393,-5.4984155106151515
69.7127,69.7127,125.0,123.13960193817061,122.86836075475131,-11.519601938170615
69.7322,69.7322,144.0,123.16091486620296,122.8881699015979,7.459085133797041
69.7517,69.7517,109.0,123.18236393759008,122.90809746398837,-27.562363937590085
69.7711,69.7711,123.0,123.20395939699623,122.92816119222245,-13.583959396996226
69.7906,69.7906,118.0,123.2256875461504,122.94833165352249,-18.6056875461504
69.81,69.81,122.0,123.24756529000649,122.968641007813,-14.627565290006492
69.8295,69.8295,112.0,123.26957967160982,122.98905980799306,-24.64957967160982
69.8489,69.8489,131.0,123.29174569165583,123.00961952078399,-5.671745691655834
69.8684,69.8684,123.0,123.31405063495671,123.03029021647609,-13.694050634956715
69.8879,69.8879,124.0,123.33650199529825,123.05108791347324,-12.71650199529825
69.9073,69.9073,138.0,123.35910775997274,123.07202832279596,1.260892240027255
69.9268,69.9268,129.0,123.38185652994889,123.09308255576256,-7.761856529948892
69.9462,69.9462,146.0,123.4047622050475,123.11428205034544,9.215237794952495
69.9657,69.9657,104.0,123.42781589581392,123.13559948932757,-32.807815895813924
69.9851,69.9851,111.0,123.45103176155199,123.15706703853897,-25.83103176155199
70.0046,70.0046,125.0,123.4744005913586,123.17865706936247,-11.854400591358603
70.0241,70.0241,116.0,123.49792975077393,123.2003849703951,-20.877929750773937
70.0435,70.0435,140.0,123.52162480274951,123.2222659424402,3.098375197250485
70.063,70.063,147.0,123.54547686026041,123.24427165636487,10.074523139739592
70.0824,70.0824,130.0,123.56949677971068,123.26643199805876,-6.949496779710676
70.1019,70.1019,119.0,123.59367757334994,123.28872043341866,-17.97367757334994
70.1213,70.1213,107.0,123.6180315599208,123.31116755499023,-29.998031559920797
70.1408,70.1408,133.0,123.64255178346004,123.33374728999931,-4.022551783460036
70.1603,70.1603,118.0,123.66724464844472,123.3564746948036,-19.047244648444725
70.1797,70.1797,139.0,123.69211503765968,123.37936513860696,1.9278849623403236
70.1992,70.1992,149.0,123.71715770647589,123.40239219622315,11.902842293524111
70.2186,70.2186,102.0,123.74238201653712,123.42558548656979,-35.122382016537124
70.2381,70.2381,109.0,123.76778396377547,123.4489202120512,-28.147783963775474
70.2575,70.2575,134.0,123.79337185785124,123.47242468891437,-3.173371857851242
70.277,70.277,112.0,123.81914070419255,123.49607205217738,-25.19914070419255
70.2965,70.2965,105.0,123.84509441670261,123.51987669844091,-32.22509441670261
70.3159,70.3159,122.0,123.8712351316324,123.54385195239861,-15.251235131632404
70.3354,70.3354,117.0,123.89755841343323,123.56797009360166,-20.277558413433233
70.3548,70.3548,124.0,123.92406731112611,123.59225628398673,-13.30406731112611
70.3743,70.3743,132.0,123.95075745138263,123.61668256909338,-5.330757451382629
70.3937,70.3937,143.0,123.97762999647799,123.64127338699403,5.642370003522013
70.4132,70.4132,108.0,124.00468246413568,123.6660016561909,-29.384682464135686
70.4327,70.4327,124.0,124.03191559189229,123.69088013888786,-13.411915591892287
70.4521,70.4521,135.0,124.05932985024839,123.71592024775497,-2.4393298502483898
70.4716,70.4716,121.0,124.08692357357937,123.74109521831618,-16.466923573579372
70.491,70.491,134.0,124.11469655257252,123.76642981882637,-3.4946965525725258
70.5105,70.5105,128.0,124.14264932165567,123.79189812094425,-9.522649321655669
70.5299,70.5299,141.0,124.17078117400784,123.81752504878789,3.4492188259921566
70.5494,70.5494,137.0,124.19909388350614,123.84328590761127,-0.5790938835061379
70.5689,70.5689,135.0,124.227589756086,123.86919425714214,-2.6075897560860053
70.5883,70.5883,119.0,124.25626887476122,123.89526415300644,-18.63626887476122
70.6078,70.6078,112.0,124.28513772893844,123.92147379033682,-25.66513772893844
70.6272,70.6272,131.0,124.31419548101216,123.94784968250472,-6.694195481012164
70.6467,70.6467,144.0,124.34344831629825,123.97436921261553,6.276551683701749
70.6661,70.6661,124.0,124.37289467788874,124.00105824409874,-13.752894677888738
70.6856,70.6856,118.0,124.4025420309813,124.02789577454136,-19.782542030981297
70.7051,70.7051,112.0,124.43239296112989,124.05489650335686,-25.812392961129895
70.7245,70.7245,128.0,124.46244616485687,124.08207441344193,-9.842446164856872
70.744,70.744,121.0,124.49271028971854,124.10940775515068,-16.872710289718547
70.7634,70.7634,111.0,124.52318246819806,124.13692149829924,-26.90318246819806
70.7829,70.7829,119.0,124.55387032222232,124.16459424320018,-18.933870322222326
70.8023,70.8023,115.0,124.58476882135754,124.19244956042283,-22.964768821357545
70.8218,70.8218,144.0,124.61588780521866,124.22046513837009,6.004112194781337
70.8413,70.8413,148.0,124.64722307051979,124.24865212306322,9.972776929480213
70.8607,70.8607,120.0,124.67877101299229,124.27702220909899,-18.05877101299229
70.8802,70.8802,103.0,124.71054353770688,124.30555438337689,-35.090543537706886
70.8996,70.8996,126.0,124.74253224488152,124.33427162718685,-12.122532244881517
70.9191,70.9191,122.0,124.77474946863867,124.36315153348559,-16.154749468638677
70.9385,70.9385,120.0,124.80718238869902,124.39221545706265,-18.18718238869902
70.958,70.958,119.0,124.83984542061773,124.4214412404666,-19.219845420617737
70.9775,70.9775,130.0,124.87273096880412,124.45083886053588,-8.252730968804121
70.9969,70.9969,126.0,124.8920237575071,124.48041761430807,-12.272023757507105
71.0164,71.0164,126.0,124.92537625473182,124.51015550363223,-12.305376254731817
71.0358,71.0358,122.0,124.95894328520858,124.54007271809655,-16.33894328520858
71.0553,71.0553,131.0,124.9927430068143,124.57014775283898,-7.372743006814295
71.0747,71.0747,120.0,125.02675717156947,124.60040039677709,-18.406757171569474
71.0942,71.0942,111.0,125.06100538800025,124.63080969282477,-27.441005388000256
71.1137,71.1137,120.0,125.0885756689921,124.66138516072898,-18.46857566899211
71.1331,71.1331,134.0,125.12327331503656,124.69213509647557,-4.503273315036557
71.1526,71.1526,117.0,125.1582055729427,124.7230374721063,-21.538205572942708
71.172,71.172,126.0,125.1933500205623,124.75411075595954,-12.573350020562307
71.1915,71.1915,122.0,125.22872919639661,124.78533330548406,-16.608729196396617
71.2109,71.2109,136.0,125.26431843165686,124.81672282745296,-2.6443184316568615
71.2304,71.2304,123.0,125.30014102525143,124.84825787074108,-15.680141025251435
71.2499,71.2499,102.0,125.33618691658035,124.87994683051436,-36.71618691658035
71.2693,71.2693,120.0,125.37244085643663,124.91179765535047,-18.75244085643663
71.2888,71.2888,140.0,125.40892866496561,124.9437884120155,1.2110713350343847
71.3082,71.3082,128.0,125.44562102567066,124.97593454033243,-10.825621025670662
71.3277,71.3277,119.0,125.48254419276167,125.00821496297185,-19.862544192761668
71.3471,71.3471,113.0,125.51966992694815,125.04064587127844,-25.899669926948157
71.3666,71.3666,136.0,125.55702735670097,125.07320628212167,-2.9370273567009715
71.3861,71.3861,141.0,125.5945990986278,125.10590190218868,2.025400901372203
71.4055,71.4055,120.0,125.63236686790155,125.13873881012587,-19.012366867901555
71.425,71.425,131.0,125.67036342221056,125.17169727265907,-8.050363422210557
71.4444,71.4444,123.0,125.7085556648804,125.20479271487145,-16.088555664880396
71.4639,71.4639,110.0,125.74697871582937,125.23800573732278,-29.126978715829374
71.4833,71.4833,123.0,125.78559491483452,125.27135166405864,-16.16559491483452
71.5028,71.5028,119.0,125.8244417208383,125.30481023396686,-20.204441720838297
71.5223,71.5223,126.0,125.8634977370702,125.33838687039106,-13.243497737070205
71.5417,71.5417,130.0,125.90274380131345,125.37208625325255,-9.28274380131345
71.5612,71.5612,123.0,125.94221606702895,125.40588803437815,-16.322216067028954
71.5806,71.5806,128.0,125.98187334565974,125.43980546545814,-11.361873345659737
71.6001,71.6001,133.0,126.02175769019402,125.47381863345583,-6.401757690194023
71.6195,71.6195,116.0,126.06182263741967,125.50794046036616,-23.44182263741967
71.639,71.639,121.0,126.10211402613203,125.54215198249337,-18.48211402613203
71.6584,71.6584,142.0,126.14258416097559,125.57646564486987,2.4774158390244114
71.6779,71.6779,118.0,126.1832781974252,125.6108618447448,-21.5632781974252
71.6974,71.6974,113.0,126.22417515788912,125.64534560945516,-26.604175157889124
71.7168,71.7168,126.0,126.2652457861331,125.67992113534436,-13.645245786133094
71.7363,71.7363,118.0,126.30654148660346,125.71456883520759,-21.686541486603467
71.7557,71.7557,151.0,126.34800762004778,125.74929960482895,11.271992379952218
71.7752,71.7752,125.0,126.38969529490569,125.78409365672655,-14.769695294905693
71.7946,71.7946,115.0,126.43154952780948,125.81896151405812,-24.811549527809483
71.8141,71.8141,121.0,126.4736267261978,125.85388410413397,-18.85362672619781
71.8336,71.8336,135.0,126.5158956682052,125.88886369517603,-4.895895668205204
71.853,71.853,109.0,126.55832202496956,125.92390190575624,-30.93832202496956
71.8725,71.8725,127.0,126.60096638387633,125.95897964976224,-12.980966383876327
71.8919,71.8919,121.0,126.64376467444775,125.9941049790984,-19.023764674447754
71.9114,71.9114,125.0,126.68677977877893,126.02925804523076,-15.066779778778928
71.9308,71.9308,137.0,126.72994039411685,126.06444629581,-3.109940394116853
71.9503,71.9503,125.0,126.773314831745,126.0996497712287,-15.153314831744998
71.9698,71.9698,138.0,126.81686443795526,126.1348696115309,-2.196864437955261
71.9892,71.9892,112.0,126.86055475498264,126.17010655441455,-28.240554754982647
72.0087,72.0087,142.0,126.904454756952,126.20534244638904,1.715545243047993
72.0281,72.0281,136.0,126.94848928239597,126.24058424754418,-4.328489282395969
72.0476,72.0476,141.0,126.99273653040777,126.27581406410123,0.627263469592231
72.067,72.067,129.0,127.03711460901344,126.31104005163347,-11.417114609013444
72.0865,72.0865,126.0,127.08170844686123,126.34624611108855,-14.461708446861229
72.106,72.106,136.0,127.12647772920783,126.38143506650076,-4.506477729207836
72.1254,72.1254,133.0,127.17138119291835,126.41660938870845,-7.551381192918347
72.1449,72.1449,130.0,127.21651038472675,126.45175418248628,-10.596510384726747
72.1643,72.1643,143.0,127.26177554392159,126.48687882689201,2.3582244560784122
72.1838,72.1838,140.0,127.30727495093359,126.52196937611363,-0.68727495093359
72.2032,72.2032,123.0,127.35291783268532,126.55703602091002,-17.732917832685324
72.2227,72.2227,115.0,127.39880512697582,126.59206685345677,-25.77880512697582
72.2422,72.2422,139.0,127.44489936345974,126.62706682197549,-1.8248993634597408
72.2616,72.2616,110.0,127.49114831802765,126.66203977801182,-30.871148318027657
72.2811,72.2811,153.0,127.53766635700242,126.69697401642178,12.082333642997577
72.3005,72.3005,121.0,127.58434790188005,126.73187836828572,-19.964347901880053
72.32,72.32,149.0,127.63130972380384,126.76674071224957,7.988690276196161
72.3394,72.3394,145.0,127.67844692496774,126.80156955545849,3.941553075032255
72.3589,72.3589,136.0,127.72588335880859,126.83635341547127,-5.105883358808589
72.3784,72.3784,138.0,127.77356785924339,126.87109717151431,-3.1535678592433865
72.3978,72.3978,151.0,127.82144418329756,126.90580596537238,9.798555816702441
72.4173,72.4173,130.0,127.86964809658316,126.94047096825632,-11.249648096583163
72.4367,72.4367,111.0,127.91806725429123,126.97510336506774,-30.298067254291233
72.4562,72.4562,128.0,127.96683838001154,127.00969539298376,-13.346838380011539
72.4756,72.4756,136.0,128.01584003780872,127.04425703595626,-5.395840037808716
72.4951,72.4951,125.0,128.06522451541676,127.07877982330358,-16.44522451541676
72.5146,72.5146,129.0,128.11492943723854,127.11326964821151,-12.494929437238545
72.534,72.534,120.0,128.1648992704946,127.14773193525771,-21.544899270494604
72.5535,72.5535,135.0,128.21528984162086,127.18215920510451,-6.595289841620859
72.5729,72.5729,119.0,128.26596372116168,127.21656073428451,-22.645963721161685
72.5924,72.5924,131.0,128.31709559440415,127.25092936263884,-10.697095594404152
72.6118,72.6118,121.0,128.36853146639635,127.2852739861748,-20.74853146639635
72.6313,72.6313,129.0,128.42045762434856,127.31958742990543,-12.800457624348558
72.6508,72.6508,132.0,128.4728029985811,127.35387423430272,-9.852802998581103
72.6702,72.6702,137.0,128.52549417522135,127.38813871920925,-4.905494175221355
72.6897,72.6897,116.0,128.57873153050616,127.42237413237413,-25.958731530506164
72.7091,72.7091,133.0,128.632340638268,127.45658936891914,-9.012340638268006
72.7286,72.7286,132.0,128.68653712454886,127.49077782350123,-10.066537124548864
72.748,72.748,140.0,128.7411367852977,127.5249476525394,-2.121136785297699
72.7675,72.7675,110.0,128.79636306818327,127.55909319125381,-32.17636306818327
72.787,72.787,142.0,128.85214550385396,127.59322003749436,-0.23214550385396215
72.8064,72.8064,112.0,128.90838490286416,127.62733229759736,-30.28838490286416
72.8259,72.8259,120.0,128.96533198011397,127.66142521838076,-22.345331980113976
72.8453,72.8453,104.0,129.02277549897101,127.69550584125732,-38.40277549897102
72.8648,72.8648,129.0,129.08097399858835,127.7295681538733,-13.460973998588349
72.8842,72.8842,130.0,129.1397189910879,127.76361677783443,-12.519718991087904
72.9037,72.9037,131.0,129.1992704363442,127.79764449818502,-11.579270436344194
72.9232,72.9232,142.0,129.2595421589319,127.83165307906974,-0.6395421589319081
72.9426,72.9426,122.0,129.32041534483113,127.86564416433163,-20.700415344831136
72.9621,72.9621,129.0,129.38219121505838,127.89961217593114,-13.762191215058385
72.9815,72.9815,106.0,129.44463151943506,127.9335617793607,-36.824631519435066
73.001,73.001,125.0,129.50804175493832,127.96748736014966,-17.88804175493832
73.0204,73.0204,123.0,129.5721647869123,128.00139185910194,-19.952164786912313
73.0399,73.0399,149.0,129.63734340303753,128.03526829479804,5.982656596962466
73.0594,73.0594,128.0,129.7034495919488,128.06911654128257,-15.083449591948812
73.0788,73.0788,140.0,129.77036820399644,128.10293696712586,-3.1503682039964414
73.0983,73.0983,112.0,129.83845812514224,128.1367234985483,-31.21845812514224
73.1177,73.1177,118.0,129.90742356560608,128.17047925283663,-25.287423565606083
73.1372,73.1372,129.0,129.97767075458708,128.20419812000773,-14.357670754587081
73.1566,73.1566,106.0,130.0488644462877,128.23788113130868,-37.4288644462877
73.1761,73.1761,130.0,130.12144621945995,128.27152183451273,-13.501446219459956
73.1956,73.1956,130.0,130.1952620766242,128.30511785105432,-13.575262076624204
73.215,73.215,129.0,130.2701645522465,128.3386665858738,-14.650164552246514
73.2345,73.2345,127.0,130.34663333885757,128.37216075888173,-16.726633338857575
73.2539,73.2539,139.0,130.42427888174063,128.40559938402782,-4.804278881740634
73.2734,73.2734,118.0,130.50362813110345,128.4389754107703,-25.883628131103457
73.2928,73.2928,107.0,130.5842669571872,128.47228809440608,-36.9642669571872
73.3123,73.3123,129.0,130.6667510257885,128.50553065048493,-15.0467510257885
73.3318,73.3318,138.0,130.7509347060835,128.53869877928793,-6.130934706083513
73.3512,73.3512,128.0,130.83660223715077,128.57178788382308,-16.216602237150774
73.3707,73.3707,144.0,130.92439124381096,128.60479081986642,-0.3043912438109597
73.3901,73.3901,130.0,131.0138157537786,128.63770447247958,-14.393815753778602
73.4096,73.4096,124.0,131.1055521841283,128.67052283738167,-20.485552184128302
73.429,73.429,124.0,131.1991248111955,128.70324344452735,-20.579124811195506
73.4485,73.4485,139.0,131.29523417602235,128.73586034626757,-5.675234176022348
73.468,73.468,105.0,131.3937157957306,128.76836955200423,-39.7737157957306
73.4874,73.4874,133.0,131.49431475482055,128.80076740214082,-11.874314754820551
73.5069,73.5069,143.0,131.597862721875,128.83304714101715,-1.9778627218750042
73.5263,73.5263,117.0,131.70379886467956,128.86520417823036,-28.083798864679558
73.5458,73.5458,137.0,131.81299148257767,128.8972331692218,-8.192991482577673
73.5652,73.5652,135.0,131.92483014699204,128.92912925352388,-10.304830146992037
73.5847,73.5847,138.0,132.04031585052675,128.9608871048984,-7.4203158505267535
73.6042,73.6042,113.0,132.15919611567446,128.99250243141935,-32.539196115674464
73.6236,73.6236,121.0,132.28124652063948,129.02397119899643,-24.661246520639487
73.6431,73.6431,126.0,132.40754266507216,129.05528842047906,-19.78754266507216
73.6625,73.6625,139.0,132.53737900433816,129.0864482955452,-6.917379004338164
73.682,73.682,128.0,132.6720148913774,129.11744537887697,-18.05201489137739
73.7014,73.7014,113.0,132.81061789397347,129.14827396224692,-33.190617893973474
73.7209,73.7209,118.0,132.9546078672661,129.1789294393728,-28.334607867266108
73.7404,73.7404,125.0,133.10369683567043,129.20940514651264,-21.483696835670436
73.7598,73.7598,141.0,133.25759747575614,129.2396933539329,-5.637597475756143
73.7793,73.7793,127.0,133.4179356218496,129.26978778190855,-19.79793562184961
73.7987,73.7987,151.0,133.5837134851422,129.29968044727764,4.036286514857801
73.8182,73.8182,93.0,133.7567733126463,129.32936593844556,-54.13677331264629
73.8376,73.8376,128.0,133.936041554309,129.35883655654754,-19.316041554309017
73.8571,73.8571,130.0,134.12353647823778,129.38808554086015,-17.503536478237784
73.8766,73.8766,148.0,134.31907979658234,129.41710342871716,0.3009202034176557
73.896,73.896,117.0,134.52224326214036,129.44588047149423,-30.902243262140367
73.9155,73.9155,139.0,134.73547922927807,129.47441118991395,-9.11547922927807
73.9349,73.9349,118.0,134.9574943703342,129.50268467527872,-30.33749437033419
73.9544,73.9544,122.0,135.19100480161825,129.53069551389387,-26.57100480161825
73.9738,73.9738,124.0,135.4347645976428,129.55843230986528,-24.814764597642814
73.9933,73.9933,122.0,135.69172897349839,129.58588866368964,-27.071728973498388
74.0128,74.0128,129.0,135.96184831001852,129.61305358029952,-20.341848310018527
74.0322,74.0322,146.0,136.24470062494015,129.6399152383692,-3.624700624940152
74.0517,74.0517,150.0,136.54408765508225,129.66646673702425,0.07591234491774834
74.0711,74.0711,137.0,136.8583856457334,129.6926953410311,-13.238385645733393
74.0906,74.0906,123.0,137.19184684081984,129.71859620525638,-27.571846840819838
74.11,74.11,132.0,137.54284601675369,129.7441575912926,-18.922846016753688
74.1295,74.1295,139.0,137.9163475008276,129.76937495843904,-12.296347500827613
74.149,74.149,119.0,138.31241952507452,129.79423807610223,-32.69241952507452
74.1684,74.1684,116.0,138.73089289520505,129.81873698789198,-36.11089289520505
74.1879,74.1879,147.0,139.17787240081338,129.84286759271467,-5.557872400813386
74.2073,74.2073,129.0,139.6514237246001,129.86661597595915,-24.03142372460011
74.2268,74.2268,141.0,140.1587342142008,129.88997832549333,-12.538734214200792
74.2462,74.2462,110.0,140.69745669019642,129.91294126111956,-44.07745669019642
74.2657,74.2657,139.0,141.2760809980482,129.93550189255052,-15.656080998048202
74.2852,74.2852,131.0,141.89514331630195,129.95764857148586,-24.275143316301957
74.3046,74.3046,140.0,142.55507472039375,129.97936991510096,-15.935074720393748
74.3241,74.3241,122.0,143.26641966803382,130.00066277878824,-34.64641966803382
74.3435,74.3435,119.0,144.02616431604056,130.0215136294074,-38.40616431604057
74.363,74.363,137.0,144.84674791911752,130.04191970883397,-21.22674791911752
74.3824,74.3824,143.0,145.7246938322572,130.06186588881397,-16.104693832257205
74.4019,74.4019,145.0,146.67416300708425,130.08134940728752,-15.054163007084247
74.4213,74.4213,132.0,147.691658337782,130.10035605895717,-29.071658337782004
74.4408,74.4408,153.0,148.79280382743755,130.11888504363003,-9.172803827437553
74.4603,74.4603,131.0,149.97932797321,130.13692619228715,-32.35932797320999
74.4797,74.4797,147.0,151.2503926861451,130.15446970283378,-17.630392686145093
74.4992,74.4992,143.0,152.62533410197065,130.17151604755026,-23.005334101970654
74.5186,74.5186,142.0,154.0958318934692,130.18805286448242,-25.475831893469213
74.5381,74.5381,144.0,155.68182441332152,130.2040826236369,-25.061824413321524
74.5575,74.5575,160.0,157.37166190632243,130.2195941753321,-10.75166190632243
74.577,74.577,143.0,159.18504000676305,130.23459185006806,-29.56504000676305
74.5965,74.5965,144.0,161.11327807319253,130.24906909488072,-30.493278073192535
74.6159,74.6159,127.0,163.14236802980628,130.26301983553765,-49.52236802980628
74.6354,74.6354,150.0,165.28519288520923,130.27645064234986,-28.66519288520923
74.6548,74.6548,145.0,167.50761089651894,130.28935199536497,-35.88761089651894
74.6743,74.6743,128.0,169.8130205704669,130.30173140370815,-55.193020570466906
74.6937,74.6937,159.0,172.15070559043508,130.31358078074882,-26.530705590435083
74.7132,74.7132,139.0,174.51058141028983,130.32490863087935,-48.89058141028983
74.7327,74.7327,160.0,176.83727675704105,130.3357110474654,-30.217276757041056
74.7521,74.7521,152.0,179.0711911864156,130.3459843710194,-40.451191186415606
74.7716,74.7716,157.0,181.1816724297327,130.35573852276704,-37.56167242973272
74.791,74.791,181.0,183.09224108949917,130.3649662275746,-15.47224108949917
74.8105,74.8105,154.0,184.7712973558901,130.37367883034094,-44.151297355890115
74.8299,74.8299,169.0,186.1574746373213,130.3818691195455,-30.53747463732129
74.8494,74.8494,157.0,187.23269892189634,130.3895493462448,-43.612698921896346
74.8689,74.8689,171.0,187.97137039118513,130.39671756318933,-30.351370391185135
74.8883,74.8883,134.0,188.36929644867914,130.4033718888234,-67.74929644867913
74.9078,74.9078,191.0,188.44174643775824,130.40952541430823,-10.821746437758241
74.9272,74.9272,173.0,188.2095259658601,130.41517140315432,-28.589525965860112
74.9467,74.9467,185.0,187.69778999898247,130.4203234648249,-16.077789998982475
74.9661,74.9661,178.0,186.9420340945357,130.42497457162312,-22.322034094535702
74.9856,74.9856,206.0,185.96171233354136,130.42913863611764,6.658287666458643
75.0051,75.0051,218.0,184.78409339125182,130.43281379298563,19.835906608748182
75.0245,75.0245,218.0,183.43690064927787,130.43599788011838,21.183099350722124
75.044,75.044,212.0,181.92263931209072,130.4387052562171,16.697360687909274
75.0634,75.0634,228.0,180.2729545153191,130.4409281537284,34.3470454846809
75.0829,75.0829,204.0,178.48733037998937,130.4426812268626,12.132669620010626
75.1023,75.1023,206.0,176.60275447713843,130.4439564124699,16.017245522861565
75.1218,75.1218,225.0,174.6221114706043,130.4447686597527,36.9978885293957
75.1413,75.1413,208.0,172.580636259915,130.4451155847033,22.039363740085
75.1607,75.1607,190.0,170.515899646312,130.44499450834132,6.104100353688006
75.1802,75.1802,210.0,168.43419998210288,130.44442082174803,28.185800017897115
75.1996,75.1996,214.0,166.3816459494327,130.4433857247526,34.23835405056729
75.2191,75.2191,216.0,164.35986577064727,130.441904902154,38.26013422935272
75.2385,75.2385,221.0,162.40898434384917,130.4399692600396,45.21101565615083
75.258,75.258,187.0,160.52328275342103,130.43759477633057,13.09671724657897
75.2775,75.2775,220.0,158.72448068437365,130.43477855158667,47.89551931562635
75.2969,75.2969,177.0,157.0273140688092,130.43151739341843,6.592685931190795
75.3164,75.3164,194.0,155.41799552206126,130.42782771889497,25.202004477938736
75.3358,75.3358,196.0,153.91431816346864,130.42369970391604,28.70568183653136
75.3553,75.3553,181.0,152.4992646185626,130.41915005931818,15.120735381437408
75.3747,75.3747,181.0,151.18492093020728,130.41416866922762,16.435079069792714
75.3942,75.3942,184.0,149.95376956797622,130.40877253631328,20.666230432023774
75.4137,75.4137,168.0,148.80817360591234,130.40295825248285,5.811826394087655
75.4331,75.4331,176.0,147.74839272340859,130.3967221188438,14.871607276591414
75.4526,75.4526,158.0,146.7582663617401,130.39008159876659,-2.138266361740113
75.472,75.472,174.0,145.84298006796192,130.3830258769673,14.777019932038082
75.4915,75.4915,169.0,144.98799042739725,130.3755730030275,10.63200957260275
75.5109,75.5109,157.0,144.19702144349566,130.3677121703182,-0.5770214434956582
75.5304,75.5304,155.0,143.45768008885318,130.35946174002785,-1.8376800888531815
75.5499,75.5499,143.0,142.76940523020988,130.35081849815603,-13.149405230209885
75.5693,75.5693,149.0,142.1314989896934,130.34177945896795,-6.511498989693399
75.5888,75.5888,155.0,141.53362849407685,130.33236507100835,0.08637150592314846
75.6082,75.6082,121.0,140.97828280874663,130.32256637936237,-33.35828280874663
75.6277,75.6277,157.0,140.4568485264956,130.31240553630877,3.163151473504394
75.6471,75.6471,134.0,139.9714270599767,130.3018731852436,-19.351427059976693
75.6666,75.6666,129.0,139.5144464163395,130.2909914918918,-23.8944464163395
75.6861,75.6861,140.0,139.08601057103317,130.2797594054432,-12.466010571033172
75.7055,75.7055,145.0,138.68582778106392,130.26817549058634,-7.065827781063922
75.725,75.725,130.0,138.30782961131843,130.25626309085757,-21.687829611318428
75.7444,75.7444,141.0,137.95379419637098,130.24401410268234,-10.33379419637098
75.7639,75.7639,117.0,137.6184979633211,130.23145299251195,-33.99849796332109
75.7833,75.7833,146.0,137.30375818513994,130.21857201848454,-4.683758185139942
75.8028,75.8028,133.0,137.00496376411246,130.20539572190688,-17.384963764112463
75.8223,75.8223,125.0,136.72250132168872,130.1919245922921,-25.102501321688727
75.8417,75.8417,145.0,136.45628868862255,130.17815900696476,-4.836288688622551
75.8612,75.8612,117.0,136.20274452237695,130.16412464795926,-32.58274452237695
75.8806,75.8806,149.0,135.9632795639152,130.14981376055698,-0.34327956391519443
75.9001,75.9001,146.0,135.73464720882137,130.13525229873525,-3.1146472088213724
75.9195,75.9195,108.0,135.51824544888044,130.12043223983557,-40.89824544888044
75.939,75.939,156.0,135.31121507394386,130.10538161521598,7.308784926056143
75.9585,75.9585,128.0,135.11390962235703,130.09010054629672,-20.49390962235703
75.9779,75.9779,114.0,134.9265279048347,130.07458928454935,-34.3065279048347
75.9974,75.9974,136.0,134.74669908187417,130.05887507504676,-12.12669908187417
76.0168,76.0168,128.0,134.57558395021863,130.0429478066905,-19.95558395021863
76.0363,76.0363,119.0,134.41107031473052,130.0268343115211,-28.791070314730526
76.0557,76.0557,121.0,134.25418584510408,130.01052443129373,-26.634185845104078
76.0752,76.0752,147.0,134.10311462675818,129.99404439390344,-0.4831146267581854
76.0947,76.0947,145.0,133.9581222172501,129.9773919077452,-2.3381222172500937
76.1141,76.1141,141.0,133.81949148944128,129.96056531561103,-6.199491489441277
76.1336,76.1336,121.0,133.68561385918417,129.9435924502417,-26.065613859184175
76.153,76.153,153.0,133.5573867951086,129.9264635952922,6.062613204891386
76.1725,76.1725,105.0,133.4333877905683,129.90920695539387,-41.81338779056831
76.1919,76.1919,126.0,133.3143982485152,129.8918125803908,-20.694398248515206
76.2114,76.2114,149.0,133.19913849160045,129.87430794229815,2.4208615083995486
76.2309,76.2309,126.0,133.0879106086375,129.85669086905165,-20.46791060863749
76.2503,76.2503,116.0,132.980947819364,129.83895979883584,-30.360947819363993
76.2698,76.2698,140.0,132.87714378835318,129.8211429763082,-6.257143788353181
76.2892,76.2892,148.0,132.77713968134267,129.80322753723905,1.8428603186573245
76.3087,76.3087,132.0,132.67996748490393,129.78524172410496,-14.059967484903927
76.3281,76.3281,151.0,132.58624243203005,129.76717395094803,5.0337575679699516
76.3476,76.3476,136.0,132.4950438829017,129.7490537811809,-9.875043882901712
76.3671,76.3671,131.0,132.4066441754822,129.7308807333137,-14.7866441754822
76.3865,76.3865,159.0,132.32120421060054,129.7126544523674,13.298795789399458
76.406,76.406,125.0,132.23795636985756,129.69440617291488,-20.61795636985756
76.4254,76.4254,157.0,132.15742202944259,129.67612521724735,11.462577970557414
76.4449,76.4449,131.0,132.07886482149442,129.6578429724663,-14.458864821494421
76.4643,76.4643,148.0,132.0027977918177,129.63954847619178,2.6172022081823005
76.4838,76.4838,139.0,131.92854403368463,129.62127377504072,-6.3085440336846315
76.5033,76.5033,127.0,131.85631173085662,129.6030195567329,-18.23631173085662
76.5227,76.5227,125.0,131.78626887458321,129.58478683589678,-20.166268874583217
76.5422,76.5422,124.0,131.71782155159346,129.5666093917711,-21.097821551593462
76.5616,76.5616,129.0,131.65140633587623,129.54847667867492,-16.031406335876234
76.5811,76.5811,124.0,131.5864677720645,129.53042206164105,-20.96646777206451
76.6005,76.6005,124.0,131.5234148281765,129.5124343070598,-20.9034148281765
76.62,76.62,129.0,131.46174547513783,129.4945466345406,-15.841745475137833
76.6395,76.6395,122.0,131.40161320410732,129.47675820652876,-22.781613204107323
76.6589,76.6589,126.0,131.34317697319088,129.45906787732665,-18.72317697319088
76.6784,76.6784,137.0,131.28597990894244,129.44150835989964,-7.665979908942438
76.6978,76.6978,114.0,131.2303700748407,129.42406623184806,-30.610370074840695
76.7173,76.7173,126.0,131.17593280045588,129.40677472621365,-18.555932800455885
76.7367,76.7367,148.0,131.12297151362398,129.38961961540204,3.497028486376019
76.7562,76.7562,120.0,131.07111670989687,129.37263314369346,-24.451116709896873
76.7757,76.7757,146.0,131.02049793431308,129.3558133612515,1.5995020656869148
76.7951,76.7951,135.0,130.9712435698513,129.33915742746998,-9.351243569851311
76.8146,76.8146,121.0,130.92301002078693,129.32269917248848,-23.303010020786935
76.834,76.834,136.0,130.87605892876064,129.3064250261217,-8.256058928760643
76.8535,76.8535,130.0,130.83008414116276,129.29036889465485,-14.210084141162758
76.8729,76.8729,109.0,130.78533816373255,129.27451682183153,-35.16533816373255
76.8924,76.8924,112.0,130.74152085126113,129.25890345303517,-32.12152085126113
76.9119,76.9119,106.0,130.69875873828136,129.24352560396704,-38.07875873828136
76.9313,76.9313,127.0,130.6571369317781,129.22837868254788,-17.0371369317781
76.9508,76.9508,114.0,130.61639612018377,129.21349370023694,-29.996396120183768
76.9702,76.9702,132.0,130.57675020053782,129.19885190589417,-11.956750200537817
76.9897,76.9897,119.0,130.53794247956677,129.18448341257502,-24.91794247956677
77.0091,77.0091,123.0,130.50018495008192,129.17036837963934,-20.88018495008192
77.0286,77.0286,117.0,130.46323318829215,129.1565366854122,-26.843233188292153
77.0481,77.0481,109.0,130.42718811826273,129.14297993544795,-34.80718811826274
77.0675,77.0675,136.0,130.3921203629142,129.1296886688578,-7.772120362914199
77.087,77.087,124.0,130.35781193037556,129.11669060271348,-19.737811930375564
77.1064,77.1064,141.0,130.32444361860706,129.10396246530303,-2.7044436186070637
77.1259,77.1259,135.0,130.29180602179136,129.09153233785705,-8.67180602179136
77.1453,77.1453,128.0,130.26007013531193,129.0793770967533,-15.640070135311936
77.1648,77.1648,125.0,130.22904536118082,129.06752621273836,-18.609045361180826
77.1843,77.1843,136.0,130.19880014037892,129.05596986144639,-7.578800140378922
77.2037,77.2037,118.0,130.16940711521977,129.04469769092782,-25.549407115219772
77.2232,77.2232,137.0,130.14068924745786,129.03373966487322,-6.520689247457858
77.2426,77.2426,129.0,130.1127941673762,129.02307177912377,-14.492794167376195
77.2621,77.2621,112.0,130.0855599198778,129.01272403838055,-31.465559919877798
77.2815,77.2815,121.0,130.05911539552625,129.00267269762801,-22.43911539552625
77.301,77.301,115.0,130.03331515776574,128.99294688796033,-28.413315157765744
77.3204,77.3204,111.0,130.00828251210174,128.98352095545826,-32.388282512101746
77.3399,77.3399,133.0,129.98387061447903,128.97442282974353,-10.363870614479032
77.3594,77.3594,139.0,129.96014084110982,128.96563830647844,-4.34014084110982
77.3788,77.3788,119.0,129.93713339388108,128.9571531928887,-24.317133393881086
77.3983,77.3983,133.0,129.91472275517236,128.9489955173289,-10.294722755172364
77.4177,77.4177,120.0,129.89301360180767,128.94113713126015,-23.27301360180767
77.4372,77.4372,125.0,129.87187952853574,128.93360592267345,-18.251879528535746
77.4566,77.4566,153.0,129.85142527794716,128.92637316833355,9.768574722052842
77.4761,77.4761,135.0,129.83152911290333,128.9194661565812,-8.211529112903326
77.4956,77.4956,146.0,129.81224120906703,128.91287045631591,2.807758790932974
77.515,77.515,130.0,129.79359713104125,128.90657178619165,-13.173597131041253
77.5345,77.5345,122.0,129.7754904874514,128.90059966827062,-21.15549048745141
77.5539,77.5539,110.0,129.75801350117902,128.89492643038975,-33.138013501179024
77.5734,77.5734,124.0,129.74106287217683,128.88958146104957,-19.12106287217683
77.5928,77.5928,137.0,129.72472362663547,128.88453513945834,-6.104723626635467
77.6123,77.6123,119.0,129.70890021385864,128.8798155327212,-24.088900213858643
77.6318,77.6318,128.0,129.69362526017554,128.87540766883959,-15.073625260175538
77.6512,77.6512,139.0,129.67893437262833,128.87129567937183,-4.058934372628334
77.6707,77.6707,117.0,129.66473754998452,128.86750782334357,-26.044737549984525
77.6901,77.6901,135.0,129.65110798238922,128.8640140205103,-8.031107982389221
77.7096,77.7096,145.0,129.63796333416732,128.86084264512832,1.9820366658326751
77.729,77.729,136.0,129.62536705487082,128.85796299644844,-7.005367054870822
77.7485,77.7485,111.0,129.6132431989885,128.85540500352025,-31.9932431989885
77.768,77.768,133.0,129.6016238011853,128.85315421178194,-9.981623801185298
77.7874,77.7874,136.0,129.59053544332855,128.85119474816818,-6.970535443328549
77.8069,77.8069,112.0,129.57990874608723,128.8495564742166,-30.95990874608723
77.8263,77.8263,131.0,129.56979704395823,128.84820903083954,-11.949797043958233
77.8458,77.8458,127.0,129.56013886619894,128.84718188132248,-15.940138866198941
77.8652,77.8652,119.0,129.55098461625732,128.84644346320073,-23.930984616257327
77.8847,77.8847,119.0,129.542272211883,128.8460235076775,-23.92227221188299
77.9042,77.9042,127.0,129.53402581588753,128.84590498158323,-15.914025815887532
77.9236,77.9236,117.0,129.5262625744865,128.8460699675151,-25.90626257448651
77.9431,77.9431,129.0,129.51892767023242,128.84654714578264,-13.898927670232416
77.9625,77.9625,119.0,129.5120600206692,128.84730205449637,-23.8920600206692
77.982,77.982,134.0,129.50560561349442,128.84836284886939,-8.885605613494425
78.0014,78.0014,152.0,129.49960445907018,128.84969420116093,9.120395540929815
78.0209,78.0209,136.0,129.49400352786077,128.85132420122918,-6.87400352786077
78.0404,78.0404,125.0,129.4888217011158,128.85323419205832,-17.8688217011158
78.0598,78.0598,123.0,129.48406977515432,128.85540575458026,-19.864069775154327
78.0793,78.0793,108.0,129.47970245679429,128.85786817276968,-34.85970245679429
78.0987,78.0987,131.0,129.4757533463675,128.8605863382653,-11.855753346367498
78.1182,78.1182,123.0,129.47217669829936,128.8635880166676,-19.852176698299367
78.1376,78.1376,116.0,129.46900216472855,128.86683664377,-26.849002164728553
78.1571,78.1571,148.0,129.46618837308765,128.8703599849856,5.153811626912352
78.1766,78.1766,128.0,129.4637419790272,128.87413637264726,-14.843741979027191
78.196,78.196,123.0,129.46167252568085,128.8781447860482,-19.841672525680856
78.2155,78.2155,124.0,129.45994138295026,128.88241332206462,-18.839941382950265
78.2349,78.2349,134.0,129.4585711647612,128.88690406474382,-8.838571164761197
78.2544,78.2544,137.0,129.45752650434943,128.8916446456881,-5.837526504349432
78.2738,78.2738,140.0,129.45682396441697,128.89659695010297,-2.83682396441697
78.2933,78.2933,135.0,129.4564344043284,128.90178971714312,-7.836434404328406
78.3128,78.3128,127.0,129.45636250058274,128.90720260351512,-15.836362500582743
78.3322,78.3322,149.0,129.45661507051386,128.91281544734412,6.163384929486137
78.3517,78.3517,132.0,129.45716377712014,128.91865833321253,-10.837163777120145
78.3711,78.3711,132.0,129.4580244145651,128.92469495416086,-10.838024414565103
78.3906,78.3906,121.0,129.45917447752424,128.9309566663429,-21.839174477524246
78.41,78.41,122.0,129.46062643504553,128.93740736315036,-20.84062643504553
78.4295,78.4295,140.0,129.462358233831,128.94407832337959,-2.842358233830998
78.449,78.449,115.0,129.46437577021166,128.9509493974661,-27.844375770211663
78.4684,78.4684,151.0,129.46667871763,128.95800092535353,8.153321282369996
78.4879,78.4879,120.0,129.46925086832596,128.9652638735341,-22.84925086832596
78.5073,78.5073,120.0,129.47209926588044,128.97270112020308,-22.852099265880447
78.5268,78.5268,139.0,129.47520617048698,128.98034397347422,-3.8552061704869853
78.5462,78.5462,128.0,129.47857930611886,128.98815392884953,-14.85857930611886
78.5657,78.5657,115.0,129.48220157634415,128.99616258733053,-27.862201576344155
78.5852,78.5852,121.0,129.48607569497537,129.0043493531054,-21.866075694975372
78.6046,78.6046,133.0,129.490198312866,129.01269249920048,-9.870198312866
78.6241,78.6241,107.0,129.49455499347573,129.02122247229838,-35.87455499347573
78.6435,78.6435,133.0,129.4991485240495,129.02989966856012,-9.879148524049503
78.663,78.663,145.0,129.50396386765456,129.03875358418594,2.116036132345437
78.6824,78.6824,141.0,129.50900121471506,129.04774323107912,-1.8890012147150568
78.7019,78.7019,122.0,129.514249334772,129.05689950162295,-20.89424933477199
78.7214,78.7214,137.0,129.51970431051882,129.06620076604307,-5.899704310518819
78.7408,78.7408,133.0,129.52536340720053,129.0756247277983,-9.90536340720053
78.7603,78.7603,124.0,129.53121765560098,129.0852034403733,-18.911217655600986
78.7797,78.7797,133.0,129.53726551203573,129.09489739852393,-9.917265512035732
78.7992,78.7992,112.0,129.543499862088,129.10473881907427,-30.923499862088
78.8186,78.8186,134.0,129.54991673572235,129.114687934839,-8.92991673572235
78.8381,78.8381,111.0,129.5565112264441,129.12477633017943,-31.93651122644409
78.8576,78.8576,130.0,129.56327630630912,129.13498152218594,-12.943276306309121
78.877,78.877,153.0,129.57020584781318,129.14527963585698,10.049794152186815
78.8965,78.8965,140.0,129.5772950038737,129.15570179672517,-2.9572950038737016
78.9159,78.9159,134.0,129.58453373114364,129.16620636888038,-8.964533731143637
78.9354,78.9354,122.0,129.59192249003215,129.1768259359044,-20.97192249003215
78.9548,78.9548,123.0,129.59945105424327,129.1875196931143,-19.979451054243277
78.9743,78.9743,134.0,129.60711850604335,129.19832030701255,-8.98711850604335
78.9938,78.9938,125.0,129.61491782818928,129.20920455378143,-17.99491782818928
79.0132,79.0132,128.0,129.62284008476084,129.22014933625195,-15.00284008476084
79.0327,79.0327,130.0,129.6308866772532,129.23118730866372,-13.010886677253188
79.0521,79.0521,121.0,129.63904430985406,129.24227631195814,-22.01904430985406
79.0716,79.0716,119.0,129.64731483963072,129.25344920943405,-24.027314839630726
79.091,79.091,127.0,129.65568507460245,129.26466318099065,-16.035685074602448
79.1105,79.1105,126.0,129.66415611092788,129.27595010664265,-17.04415611092788
79.13,79.13,139.0,129.67271825942962,129.28728516516668,-4.052718259429616
79.1494,79.1494,139.0,129.68135831620714,129.29864313679553,-4.061358316207139
79.1689,79.1689,115.0,129.6900799981767,129.31005651689895,-28.070079998176716
79.1883,79.1883,123.0,129.69886794816358,129.32148228051724,-20.078867948163584
79.2078,79.2078,123.0,129.70772596169436,129.3329528383143,-20.087725961694368
79.2272,79.2272,119.0,129.71663630117993,129.34442364314353,-24.096636301179934
79.2467,79.2467,131.0,129.7256032636881,129.3559265071672,-12.105603263688101
79.2662,79.2662,137.0,129.73461332161915,129.3674349614863,-6.114613321619151
79.2856,79.2856,137.0,129.74365158194894,129.37892246968042,-6.123651581948939
79.3051,79.3051,131.0,129.7527239564078,129.39042112091775,-12.132723956407807
79.3245,79.3245,145.0,129.76181052468687,129.401885978762,1.858189475313134
79.344,79.344,148.0,129.77091858112274,129.41334997061276,4.849081418877256
79.3634,79.3634,146.0,129.78002761674318,129.42476899605728,2.839972383256816
79.3829,79.3829,110.0,129.78914887186565,129.43617796634345,-33.16914887186565
79.4024,79.4024,110.0,129.79826977383127,129.44755406547725,-33.17826977383127
79.4218,79.4218,132.0,129.80737776088014,129.4588730240422,-11.187377760880144
79.4413,79.4413,136.0,129.81648261138506,129.47016842969046,-7.196482611385056
79.4607,79.4607,129.0,129.8255612457016,129.4813951713149,-14.205561245701608
79.4802,79.4802,123.0,129.8346260417852,129.4925876655154,-20.214626041785216
79.4996,79.4996,139.0,129.84365225266848,129.50370105323086,-4.223652252668478
79.5191,79.5191,110.0,129.85265319798484,129.51476952522887,-33.23265319798484
79.5386,79.5386,140.0,129.86161363385327,129.52576826773782,-3.2416136338532677
79.558,79.558,143.0,129.8705176451828,129.53667101503154,-0.2505176451827875
79.5775,79.5775,150.0,129.8793787131901,129.5475122977845,6.740621286809892
79.5969,79.5969,125.0,129.88817138857485,129.55824728508475,-18.26817138857485
79.6164,79.6164,124.0,129.89691145747992,129.56891233108757,-19.27691145747992
79.6358,79.6358,136.0,129.90557436413292,129.57946294417775,-7.285574364132918
79.6553,79.6553,131.0,129.91417560468653,129.58993504311906,-12.294175604686535
79.6748,79.6748,122.0,129.9227010474895,129.60030438091476,-21.302701047489514
79.6942,79.6942,127.0,129.93113418350885,129.61054664760638,-16.311134183508848
79.7137,79.7137,137.0,129.93949323302922,129.62069812191135,-6.319493233029226
79.7331,79.7331,150.0,129.94775033987253,129.63071345748529,6.672249660127472
79.7526,79.7526,125.0,129.9559236636973,129.64062947341725,-18.335923663697294
79.772,79.772,136.0,129.9639870476537,129.65040195370725,-7.343987047653689
79.7915,79.7915,138.0,129.97195990162754,129.66006841861204,-5.351959901627543
79.811,79.811,103.0,129.97982648538567,129.66960527408907,-40.359826485385675
79.8304,79.8304,119.0,129.98757239752678,129.67898931722223,-24.36757239752678
79.8499,79.8499,144.0,129.99521693965656,129.6882576087069,0.6247830603434412
79.8693,79.8693,128.0,130.00273054198465,129.69736381050956,-15.382730541984648
79.8888,79.8888,137.0,130.01013362532385,129.70634535296875,-6.3901336253238465
79.9082,79.9082,145.0,130.0173963229667,129.7151565134423,1.6026036770332954
79.9277,79.9277,131.0,130.02454085202703,129.7238353156075,-12.404540852027031
79.9472,79.9472,136.0,130.03155054170273,129.73235820631007,-7.411550541702729
79.9666,79.9666,125.0,130.03840971941523,129.74070157458723,-18.41840971941523
79.9861,79.9861,129.0,130.0451420983822,129.74890515247796,-14.425142098382201
80.0055,80.0055,128.0,130.05171846807897,129.75692446133746,-15.431718468078975
80.025,80.025,129.0,130.05816321756484,129.76479910026245,-14.43816321756484
80.0444,80.0444,128.0,130.06444559556255,129.7724843175395,-15.444445595562547
80.0639,80.0639,134.0,130.07059051778765,129.78001977495282,-9.450590517787651
80.0833,80.0833,147.0,130.076567312664,129.78736044824115,3.5434326873360025
80.1028,80.1028,136.0,130.0824014260337,129.79454638796872,-7.462401426033699
80.1223,80.1223,123.0,130.08807749908573,129.80155494001096,-20.46807749908573
80.1417,80.1417,143.0,130.093578760276,129.80836372309489,-0.47357876027598955
80.1612,80.1612,147.0,130.0989335722149,129.8150139666887,3.52106642778511
80.1806,80.1806,120.0,130.10411116827171,129.8214623096352,-23.484111168271717
80.2001,80.2001,131.0,130.10914118715863,129.8277518892491,-12.489141187158628
80.2195,80.2195,134.0,130.11399357398543,129.83383947892227,-9.493993573985426
80.239,80.239,125.0,130.11869777977608,129.83976787152628,-18.498697779776087
80.2585,80.2585,137.0,130.1232388937912,129.8455156948545,-6.503238893791211
80.2779,80.2779,147.0,130.12760069818844,129.8510611318119,3.4923993018115542
80.2974,80.2974,142.0,130.13181426806926,129.856447735012,-1.511814268069264
80.3168,80.3168,123.0,130.13584959300468,129.86163342415557,-20.51584959300468
80.3363,80.3363,127.0,130.13973992932813,129.8666636086666,-16.519739929328132
80.3557,80.3557,136.0,130.1434548500337,129.8714964216248,-7.523454850033692
80.3752,80.3752,132.0,130.14702784960153,129.87617685550998,-11.527027849601529
80.3947,80.3947,118.0,130.1504441114263,129.8806850395856,-25.530444111426313
80.4141,80.4141,151.0,130.15368965802074,129.88500112513765,7.466310341979261
80.4336,80.4336,114.0,130.15679789714255,129.88917019763326,-29.536797897142556
80.453,80.453,133.0,130.1597381359331,129.89315045755387,-10.539738135933112
80.4725,80.4725,135.0,130.16254439173568,129.8969868709648,-8.54254439173568
80.4919,80.4919,135.0,130.1651840232602,129.90063671587149,-8.545184023260196
80.5114,80.5114,135.0,130.16769219134466,129.9041457208482,-8.547692191344657
80.5309,80.5309,122.0,130.17005417184194,129.9074938890819,-21.550054171841943
80.5503,80.5503,154.0,130.17225491814497,129.91066144746108,10.447745081855027
80.5698,80.5698,138.0,130.1743306597209,129.9136946052899,-5.554330659720909
80.5892,80.5892,148.0,130.17624863775,129.91655139751313,4.4437513622499925
80.6087,80.6087,143.0,130.1780469458126,129.9192792374624,-0.5580469458126114
80.6281,80.6281,119.0,130.1796940493486,129.92183747261512,-24.5596940493486
80.6476,80.6476,135.0,130.18122953448594,129.92427538855574,-8.561229534485937
80.6671,80.6671,119.0,130.18264022000236,129.92657472377738,-24.562640220002358
80.6865,80.6865,179.0,130.18391186557488,129.92871744687673,35.43608813442511
80.706,80.706,134.0,130.18508408753794,129.93075206508018,-9.565084087537945
80.7254,80.7254,135.0,130.18612440734304,129.93263741291528,-8.566124407343045
80.7449,80.7449,139.0,130.18707284774337,129.93442244597986,-4.567072847743367
80.7643,80.7643,119.0,130.18789736878222,129.93606654034477,-24.56789736878222
80.7838,80.7838,135.0,130.18863937283146,129.9376197869766,-8.568639372831461
80.8033,80.8033,124.0,130.1892849179893,129.93906399304294,-19.569284917989314
80.8227,80.8227,128.0,130.18981978099868,129.94038120278498,-15.569819780998676
80.8422,80.8422,130.0,130.1902853006468,129.94162105383248,-13.570285300646793
80.8616,80.8616,131.0,130.19064855973915,129.9427424624694,-12.570648559739146
80.8811,80.8811,135.0,130.19095097634442,129.94379516111582,-8.570950976344426
80.9005,80.9005,138.0,130.1911593904821,129.94473809190328,-5.571159390482114
80.92,80.92,139.0,130.19131644391584,129.94562160659797,-4.571316443915839
80.9395,80.9395,129.0,130.19140810316955,129.94642831219107,-14.571408103169551
80.9589,80.9589,129.0,130.1914212314658,129.94714131124113,-14.571421231465797
80.9784,80.9784,127.0,130.19140000693938,129.94781232356277,-16.571400006939378
80.9978,80.9978,152.0,130.19131190516214,129.94840149452395,8.428688094837861
81.0173,81.0173,138.0,130.19120133939066,129.94896050397296,-5.57120133939066
81.0367,81.0367,144.0,130.19103535212773,129.94944987929279,0.42896464787227195
81.0562,81.0562,140.0,130.1908605208143,129.9499226521406,-3.5708605208143123
81.0757,81.0757,119.0,130.1906647737652,129.95036374133554,-24.57066477376521
81.0951,81.0951,121.0,130.1904368123155,129.95075862725662,-22.570436812315513
81.1146,81.1146,143.0,130.1902243666636,129.95116140902695,-0.5702243666636146
81.134,81.134,126.0,130.18999428118008,129.9515332062048,-17.56999428118008
81.1535,81.1535,116.0,130.1897954454925,129.95192853157587,-27.56979544549251
81.1729,81.1729,125.0,130.1895949730051,129.95230900627863,-18.56959497300509
81.1924,81.1924,134.0,130.18944044329135,129.95272817507652,-9.569440443291347
81.2119,81.2119,118.0,130.18931863782632,129.9531696745231,-25.56931863782632
81.2313,81.2313,120.0,130.18921570695142,129.95361733661986,-23.569215706951418
81.2508,81.2508,161.0,130.1891793384353,129.95412417604035,17.430820661564688
81.2702,81.2702,112.0,130.1891739165357,129.95464932831405,-31.56917391653571
81.2897,81.2897,119.0,130.18924651950513,129.95524541813347,-24.569246519505135
81.3091,81.3091,124.0,130.18936052334303,129.95587043238885,-19.56936052334303
81.3286,81.3286,120.0,130.1895613463568,129.95657529843135,-23.569561346356814
81.3481,81.3481,105.0,130.18983226260647,129.95734036019235,-38.569832262606475
81.3675,81.3675,136.0,130.1901549183816,129.95814524210215,-7.5701549183816095
81.387,81.387,125.0,130.19057288143958,129.9590384894415,-18.57057288143958
81.4064,81.4064,145.0,130.19104603951808,129.9599750308107,1.4289539604819144
81.4259,81.4259,140.0,130.19161819536947,129.96100368950022,-3.5716181953694726
81.4453,81.4453,157.0,130.19224949007923,129.96207990946547,13.427750509920765
81.4648,81.4648,144.0,130.19298595267506,129.96325421210983,0.4270140473249402
81.4843,81.4843,99.0,130.19380945679055,129.96450656797805,-44.57380945679055
81.5037,81.5037,130.0,130.19470305598864,129.96581771732946,-13.57470305598864
81.5232,81.5232,135.0,130.19571204883917,129.96723748839878,-8.57571204883917
81.5426,81.5426,114.0,130.19679585650266,129.968720955594,-29.576795856502663
81.5621,81.5621,122.0,130.19800054857296,129.97031848772104,-21.578000548572966
81.5815,81.5815,146.0,130.19928457308967,129.9719844381056,2.420715426910329
81.601,81.601,114.0,130.2006927184573,129.97376780235402,-29.580692718457307
81.6205,81.6205,119.0,130.20220549083072,129.97564712744907,-24.582205490830724
81.6399,81.6399,112.0,130.2038023227812,129.9775998604358,-31.583802322781203
81.6594,81.6594,127.0,130.20552776576727,129.9796743870959,-16.585527765767274
81.6788,81.6788,141.0,130.20733682599504,129.98182244988578,-2.5873368259950436
81.6983,81.6983,111.0,130.20927360089667,129.98409125679484,-32.58927360089667
81.7177,81.7177,129.0,130.21129346617323,129.98643306022456,-14.591293466173232
81.7372,81.7372,122.0,130.2134398504473,129.98889471132887,-21.59343985044729
81.7567,81.7567,154.0,130.2156894250034,129.99145118050177,10.404310574996595
81.7761,81.7761,129.0,130.2180181209485,129.99407687458336,-14.5980181209485
81.7956,81.7956,143.0,130.22046990252278,129.9968187824702,-0.6004699025227804
81.815,81.815,113.0,130.22299828729672,129.99962771835501,-30.60299828729672
81.8345,81.8345,143.0,130.22564832368676,130.00255159356837,-0.605648323686756
81.8539,81.8539,138.0,130.228373360202,130.00554090919704,-5.608373360202
81.8734,81.8734,129.0,130.2312182228218,130.00864344037467,-14.61121822282181
81.8929,81.8929,137.0,130.23416060206816,130.0118351903933,-6.614160602068159
81.9123,81.9123,105.0,130.23717731834867,130.01509206899607,-38.61717731834867
81.9318,81.9318,128.0,130.24031475834988,130.0184630598191,-15.620314758349883
81.9512,81.9512,123.0,130.24352606979235,130.02189877814283,-20.623526069792355
81.9707,81.9707,127.0,130.2468565090267,130.02544662357096,-16.626856509026716
81.9901,81.9901,117.0,130.25025778661214,130.02905665170616,-26.63025778661214
82.0096,82.0096,129.0,130.25377505267636,130.03277579980085,-14.633775052676361
82.0291,82.0291,134.0,130.25738263139178,130.03657741834334,-9.637382631391779
82.0485,82.0485,126.0,130.2610548585667,130.0404347716934,-17.641054858566697
82.068,82.068,115.0,130.26483596807745,130.04439442867994,-28.64483596807745
82.0874,82.0874,151.0,130.26867724332195,130.04840541673573,7.351322756678053
82.1069,82.1069,126.0,130.27262201626857,130.05251324338155,-17.652622016268573
82.1263,82.1263,136.0,130.27662070264762,130.05666665422794,-7.65662070264762
82.1458,82.1458,102.0,130.28071808449516,130.0609117513425,-41.660718084495166
82.1653,82.1653,132.0,130.2848883203222,130.06522189707152,-11.664888320322211
82.1847,82.1847,123.0,130.2891031431095,130.06956859103198,-20.66910314310949
82.2042,82.2042,135.0,130.29340644598733,130.07399689305174,-8.67340644598733
82.2236,82.2236,106.0,130.29774658138922,130.07845361090847,-37.67774658138922
82.2431,82.2431,142.0,130.30216683611303,130.08298385662778,-1.6821668361130317
82.2625,82.2625,147.0,130.30661440909122,130.0875332295293,3.3133855909087746
82.282,82.282,111.0,130.3111327192004,130.09214618088407,-32.691132719200404
82.3015,82.3015,132.0,130.31569368487618,130.09679451452695,-11.695693684876181
82.3209,82.3209,144.0,130.32026832363587,130.1014487733932,0.2997316763641269
82.3404,82.3404,127.0,130.32490049221173,130.1061534101397,-16.704900492211728
82.3598,82.3598,128.0,130.32953800861034,130.11085544245657,-15.709538008610343
82.3793,82.3793,132.0,130.3342249255673,130.1156001234751,-11.714224925567299
82.3987,82.3987,114.0,130.3389089833544,130.12033419799462,-29.718908983354403
82.4182,82.4182,127.0,130.34363520596509,130.12510309705894,-16.72363520596509
82.4377,82.4377,119.0,130.34302187788967,130.12987736677303,-24.72302187788967
82.4571,82.4571,143.0,130.3477505088128,130.1346273567561,-0.7277505088127949
82.4766,82.4766,128.0,130.35250580056987,130.13939678008413,-15.732505800569873
82.496,82.496,114.0,130.35723370360085,130.14413146619174,-29.737233703600857
82.5155,82.5155,130.0,130.36197868892893,130.1488759523083,-13.74197868892893
82.5349,82.5349,120.0,130.36668559600574,130.15357494324837,-23.74668559600574
82.5544,82.5544,109.0,130.37139783324167,130.1582720903196,-34.751397833241676
82.5739,82.5739,130.0,130.37340848686736,130.16293626429302,-13.753408486867363
82.5933,82.5933,126.0,130.3780400108641,130.16753495742304,-17.758040010864114
82.6128,82.6128,159.0,130.38265553669464,130.17211002593947,15.237344463305357
82.6322,82.6322,132.0,130.3871967620494,130.17660403272532,-11.7671967620494
82.6517,82.6517,142.0,130.39170631764253,130.1810588417159,-1.771706317642531
82.6711,82.6711,136.0,130.3961267492162,130.1854173250431,-7.7761267492161945
82.6906,82.6906,139.0,130.40050098485955,130.18972238164156,-4.7805009848595486
82.7101,82.7101,121.0,130.4047981778654,130.1939429283905,-22.78479817786539
82.7295,82.7295,137.0,130.4089873567729,130.19804847594799,-6.788987356772912
82.749,82.749,135.0,130.41311259570708,130.20208253989807,-8.793112595707077
82.7684,82.7684,135.0,130.41711759484457,130.20598975051485,-8.79711759484457
82.7879,82.7879,126.0,130.4210481179865,130.2098145645356,-17.80104811798649
82.8073,82.8073,144.0,130.42484847627287,130.21350234658988,0.1951515237271284
82.8268,82.8268,135.0,130.42856407190652,130.2170977737033,-8.808564071906522
82.8462,82.8462,151.0,130.4321401233889,130.22054684654938,7.187859876611094
82.8657,82.8657,140.0,130.4356236973508,130.22389554252985,-3.8156236973507927
82.8852,82.8852,137.0,130.43898600531472,130.22711586177272,-6.818986005314718
82.9046,82.9046,130.0,130.44219933083568,130.23018046627283,-13.822199330835678
82.9241,82.9241,124.0,130.44531300300216,130.23313731761246,-19.825313003002158
82.9435,82.9435,131.0,130.44827373372743,130.23593471495747,-12.828273733727434
82.963,82.963,151.0,130.45113077748007,130.23862037451252,7.168869222519925
82.9824,82.9824,123.0,130.4538308448973,130.2411423563673,-20.833830844897314
83.0019,83.0019,114.0,130.45642395590664,130.24354925481424,-29.836423955906646
83.0214,83.0214,143.0,130.4588824938841,130.24581439708984,-0.8388824938840909
83.0408,83.0408,134.0,130.46117811911225,130.2479100887262,-9.841178119112248
83.0603,83.0603,147.0,130.46336097668902,130.24988440782022,3.156639023310982
83.0797,83.0797,128.0,130.4653770216522,130.25168584326025,-15.845377021652189
83.0992,83.0992,141.0,130.46727808183343,130.25336372882217,-2.8472780818334282
83.1186,83.1186,136.0,130.46901140508118,130.25486737067746,-7.849011405081177
83.1381,83.1381,135.0,130.47062904476638,130.25624680377857,-8.850629044766384
83.1576,83.1576,143.0,130.47210524662012,130.25747752765204,-0.852105246620118
83.177,83.177,134.0,130.473415208351,130.25853541350747,-9.853415208351015
83.1965,83.1965,132.0,130.47461278652358,130.2594722100049,-11.85461278652358
83.2159,83.2159,139.0,130.47564724921838,130.26023994205107,-4.855647249218384
83.2354,83.2354,131.0,130.47657411198006,130.26089089298068,-12.856574111980057
83.2548,83.2548,126.0,130.47734335656457,130.26137790871198,-17.857343356564577
83.2743,83.2743,130.0,130.47801041083298,130.2617540549531,-13.85801041083298
83.2938,83.2938,131.0,130.47855231386276,130.26199712580882,-12.858552313862765
83.3132,83.3132,128.0,130.47894525510645,130.2620849696152,-15.858945255106454
83.3327,83.3327,121.0,130.47924496523547,130.2620706611219,-22.85924496523547
83.3521,83.3521,146.0,130.47940169978065,130.2619070779427,2.140598300219347
83.3716,83.3716,132.0,130.47947110030466,130.26164670530142,-11.859471100304665
83.391,83.391,124.0,130.4794029504975,130.2612427993756,-19.859402950497504
83.4105,83.4105,132.0,130.4792544698763,130.26074896129737,-11.85925446987631
83.43,83.43,144.0,130.4790021316679,130.2601433497544,0.14099786833210182
83.4494,83.4494,128.0,130.47862259945887,130.2594043195668,-15.858622599458874
83.4689,83.4689,146.0,130.478173381599,130.2585862233539,2.141826618401007
83.4883,83.4883,155.0,130.47760548281352,130.25764319378624,11.142394517186483
83.5078,83.5078,137.0,130.4769779361631,130.2566304316208,-6.85697793616311
83.5272,83.5272,128.0,130.47624178350847,130.25550337306908,-15.856241783508471
83.5467,83.5467,125.0,130.47545776295024,130.25431812584372,-18.855457762950245
83.5662,83.5662,157.0,130.47460463377988,130.25305562328592,13.145395366220123
83.5856,83.5856,134.0,130.47366086965908,130.25169654397823,-9.853660869659086
83.6051,83.6051,116.0,130.47268694157418,130.25029691558544,-27.852686941574184
83.6245,83.6245,128.0,130.47163493321594,130.24881297420805,-15.851634933215939
83.644,83.644,129.0,130.47056444768435,130.24730021610642,-14.850564447684354
83.6634,83.6634,146.0,130.4694262648992,130.2457139720555,2.150573735100801
83.6829,83.6829,149.0,130.4682809826584,130.24410967087263,5.1517190173416
83.7024,83.7024,119.0,130.46710748253622,130.24246858821405,-24.847107482536224
83.7218,83.7218,138.0,130.46588498666563,130.240772854831,-5.845884986665629
83.7413,83.7413,111.0,130.46467557234863,130.23907897836006,-32.84467557234863
83.7607,83.7607,137.0,130.46343130220467,130.2373440204474,-6.843431302204669
83.7802,83.7802,134.0,130.46221258554164,130.23562387841378,-9.842212585541636
83.7996,83.7996,126.0,130.46097142271307,130.2338749786366,-17.840971422713075
83.8191,83.8191,121.0,130.45976962800316,130.23215406301767,-22.83976962800316
83.8386,83.8386,107.0,130.45858628808992,130.2304427042377,-36.83858628808992
83.858,83.858,153.0,130.45739932463698,130.2287219784609,9.162600675363018
83.8775,83.8775,122.0,130.4562694603584,130.22704644066977,-21.836269460358416
83.8969,83.8969,114.0,130.4551462848434,130.225371297614,-29.83514628484341
83.9164,83.9164,110.0,130.45408954767598,130.22375116609575,-33.83408954767598
83.9358,83.9358,134.0,130.45304805338984,130.22213984776658,-9.833048053389836
83.9553,83.9553,148.0,130.45207991970054,130.2205897070352,4.167920080299462
83.9748,83.9748,147.0,130.45115997051946,130.2190785996516,3.1688400294805437
83.9942,83.9942,138.0,130.45026371174444,130.217585292215,-5.830263711744442
84.0137,84.0137,170.0,130.44945240832473,130.21616422697483,26.170547591675266
84.0331,84.0331,105.0,130.4486751274705,130.21477075906068,-38.8286751274705
84.0526,84.0526,135.0,130.44799257860555,130.2134598991217,-8.827992578605551
84.072,84.072,129.0,130.44735325274914,130.21218547419767,-14.82735325274914
84.0915,84.0915,136.0,130.44681693420458,130.21100129328863,-7.826816934204578
84.111,84.111,142.0,130.44635942025934,130.20988650746963,-1.826359420259342
84.1304,84.1304,145.0,130.4459575953222,130.2088207794591,1.1740424046778006
84.1499,84.1499,130.0,130.4456732799083,130.20785915884417,-13.825673279908306
84.1693,84.1693,141.0,130.44545557899957,130.20695818716106,-2.8254555789995717
84.1888,84.1888,137.0,130.44536838138285,130.20617386058998,-6.82536838138285
84.2082,84.2082,126.0,130.44536190576338,130.20546361405567,-17.82536190576338
84.2277,84.2277,135.0,130.44550008388094,130.2048847019916,-8.825500083880945
84.2472,84.2472,135.0,130.44576284612586,130.20441974670553,-8.82576284612586
84.2666,84.2666,110.0,130.44612907699974,130.20405182943472,-33.82612907699974
84.2861,84.2861,165.0,130.44666456442664,130.20383877191335,21.173335435573357
84.3055,84.3055,128.0,130.4473185634906,130.20373807030398,-15.827318563490598
84.325,84.325,104.0,130.44815634874763,130.2038062893515,-39.82815634874763
84.3444,84.3444,133.0,130.44912747279747,130.20400096281026,-10.829127472797472
84.3639,84.3639,130.0,130.45029419651752,130.20437692180855,-13.830294196517519
84.3834,84.3834,121.0,130.45163418998888,130.20491509566952,-22.831634189988883
84.4028,84.4028,150.0,130.45312459588465,130.20559655697303,6.166875404115354
84.4223,84.4223,134.0,130.45482799609192,130.20647591072876,-9.834827996091922
84.4417,84.4417,131.0,130.4566924590343,130.20750982921814,-12.836692459034287
84.4612,84.4612,128.0,130.45878321383046,130.20875397300867,-15.838783213830459
84.4806,84.4806,125.0,130.46104805854284,130.21016557758307,-18.841048058542846
84.5001,84.5001,155.0,130.46355210311603,130.21180034830246,11.15644789688397
84.5196,84.5196,115.0,130.46627266105,130.21363987706815,-28.84627266105
84.539,84.539,120.0,130.4691873321757,130.21566618758203,-23.849187332175696
84.5585,84.5585,118.0,130.47235950281976,130.21793410523549,-25.85235950281976
84.5779,84.5779,128.0,130.4757367941427,130.22039963361516,-15.855736794142706
84.5974,84.5974,130.0,130.4793820936927,130.22311625151355,-13.859382093692693
84.6168,84.6168,130.0,130.48324066935476,130.22603928513595,-13.863240669354758
84.6363,84.6363,137.0,130.48737664231817,130.22922218584645,-6.867376642318169
84.6558,84.6558,122.0,130.4917649859889,130.2326449834164,-21.87176498598891
84.6752,84.6752,129.0,130.4963811641027,130.23628832508595,-14.876381164102702
84.6947,84.6947,127.0,130.50128920786574,130.24020573995222,-16.88128920786574
84.7141,84.7141,124.0,130.50643502775208,130.2443530448249,-19.88643502775208
84.7336,84.7336,123.0,130.5118821741967,130.24878360387797,-20.891882174196702
84.753,84.753,138.0,130.51757530383534,130.25345289746508,-5.897575303835344
84.7725,84.7725,142.0,130.52357870529227,130.2584135278902,-1.9035787052922668
84.792,84.792,134.0,130.52986702515844,130.26364559946148,-9.909867025158439
84.8114,84.8114,119.0,130.53641541475395,130.2691301202629,-24.91641541475395
84.8309,84.8309,116.0,130.54328978475613,130.27492133931028,-27.92328978475613
84.8503,84.8503,123.0,130.55043579517204,130.2809757109976,-20.930435795172038
84.8698,84.8698,120.0,130.55791699991215,130.28734592267412,-23.937916999912154
84.8892,84.8892,141.0,130.5656772315376,130.29398730827378,-2.9456772315375925
84.9087,84.9087,132.0,130.57378083240152,130.30095151910024,-11.953780832401526
84.9282,84.9282,133.0,130.58220141813786,130.30821833319297,-10.962201418137857
84.9476,84.9476,128.0,130.5909127992569,130.3157678422782,-15.970912799256899
84.9671,84.9671,128.0,130.59998078166134,130.3236528330928,-15.979980781661345
84.9865,84.9865,121.0,130.60934947630383,130.33182953467795,-22.989349476303836
85.006,85.006,127.0,130.619083036051,130.34035054829377,-16.999083036050997
85.0254,85.0254,132.0,130.6291259853959,130.34917165034696,-12.009125985395888
85.0449,85.0449,140.0,130.6395427383079,130.35834472451248,-4.01954273830791
85.0644,85.0644,108.0,130.6503070017245,130.3678497337807,-36.030307001724516
85.0838,85.0838,120.0,130.66139266609156,130.37766746215968,-24.04139266609156
85.1033,85.1033,138.0,130.672865389126,130.38784920724166,-6.052865389126003
85.1227,85.1227,140.0,130.68466619499665,130.39834988745775,-4.0646661949966525
85.1422,85.1422,147.0,130.6968604882879,130.40922071988692,2.9231395117120886
85.1616,85.1616,132.0,130.70939085528227,130.42041804809014,-12.089390855282266
85.1811,85.1811,112.0,130.72232414341065,130.43199459981852,-32.10232414341065
85.2006,85.2006,104.0,130.735634943297,130.44393173506344,-40.11563494329699
85.22,85.22,128.0,130.74929608254976,130.4562098216157,-16.129296082549764
85.2395,85.2395,124.0,130.76337337561907,130.46887889434586,-20.14337337561907
85.2589,85.2589,127.0,130.7778064398401,130.4818939101338,-17.15780643984011
85.2784,85.2784,143.0,130.79266023866984,130.49530442484013,-1.17266023866984
85.2978,85.2978,131.0,130.80787510228876,130.50906508311286,-13.187875102288762
85.3173,85.3173,133.0,130.82351581890444,130.5232260605947,-11.20351581890444
85.3368,85.3368,135.0,130.83955387408784,130.53776670154434,-9.219553874087842
85.3562,85.3562,147.0,130.85596328354254,130.5526667498804,2.764036716457463
85.3757,85.3757,141.0,130.87280941175723,130.56797702707811,-3.252809411757232
85.3951,85.3951,135.0,130.8900338728185,130.58365507409562,-9.270033872818493
85.4146,85.4146,128.0,130.90770649853312,130.59975325538267,-16.28770649853312
85.434,85.434,144.0,130.92576985958695,130.61623040705277,-0.3057698595869507
85.4535,85.4535,133.0,130.944292038228,130.63313911349653,-11.324292038228014
85.473,85.473,123.0,130.96324947098236,130.65046252246032,-21.343249470982364
85.4924,85.4924,133.0,130.98261766310932,130.66818418606198,-11.362617663109324
85.5119,85.5119,125.0,131.002466226392,130.6863572583544,-19.38246622639199
85.5313,85.5313,121.0,131.02273797025046,130.70494188935177,-23.402737970250463
85.5508,85.5508,134.0,131.04350500280322,130.72399110971563,-10.423505002803216
85.5702,85.5702,109.0,131.06470840731933,130.7434644257914,-35.44470840731933
85.5897,85.5897,134.0,131.08641951800982,130.76341453921614,-10.46641951800982
85.6091,85.6091,125.0,131.10857959340493,130.7838001111549,-19.48857959340493
85.6286,85.6286,126.0,131.13125818858322,130.80467271455717,-18.51125818858322
85.6481,85.6481,152.0,131.15442780115262,130.8260142585793,7.4655721988473775
85.6675,85.6675,112.0,131.1780624367942,130.84780659982945,-32.558062436794195
85.687,85.687,132.0,131.2022324928442,130.87010127086654,-12.58223249284419
85.7064,85.7064,117.0,131.2268767186575,130.89285667861168,-27.60687671865751
85.7259,85.7259,114.0,131.25206619195518,130.91612327631796,-30.632066191955182
85.7453,85.7453,135.0,131.2777398137445,130.93985901827443,-9.65773981374449
85.7648,85.7648,134.0,131.30396556187375,130.96411241250718,-10.683965561873753
85.7843,85.7843,116.0,131.33071345361006,130.98886372798185,-28.71071345361006
85.8037,85.8037,111.0,131.35795634448752,131.01409370924048,-33.73795634448752
85.8232,85.8232,141.0,131.3857620780914,131.0398504697262,-3.765762078091404
85.8426,85.8426,134.0,131.41406532232887,131.06608999331465,-10.794065322328867
85.8621,85.8621,121.0,131.4429369060789,131.09285977913447,-23.8229369060789
85.8815,85.8815,165.0,131.47231241325883,131.12011703057462,20.147687586741164
85.901,85.901,126.0,131.5022597209009,131.1479088561889,-18.882259720900898
85.9205,85.9205,108.0,131.53274928814048,131.17621460424795,-36.91274928814048
85.9399,85.9399,127.0,131.56374955234114,131.20501357219806,-17.94374955234114
85.9594,85.9594,132.0,131.59532816616343,131.23435103331326,-12.975328166163427
85.9788,85.9788,111.0,131.62741704031197,131.26418232022147,-34.00741704031197
85.9983,85.9983,141.0,131.6600870008341,131.29455255829342,-4.040087000834097
86.0177,86.0177,133.0,131.69326873428267,131.32541621115885,-12.073268734282669
86.0372,86.0372,117.0,131.727029222877,131.35681775131553,-28.10702922287701
86.0567,86.0567,134.0,131.76133762871305,131.38873497185867,-11.141337628713051
86.0761,86.0761,131.0,131.7961581328486,131.42114501889645,-14.176158132848604
86.0956,86.0956,144.0,131.8315584892647,131.45409181032522,-1.2115584892646947
86.115,86.115,98.0,131.86747142640667,131.4875307894685,-47.24747142640667
86.1345,86.1345,122.0,131.90396711506764,131.52150665615355,-23.283967115067647
86.1539,86.1539,125.0,131.9409736789035,131.55597381194343,-20.320973678903506
86.1734,86.1734,128.0,131.97856075801081,131.59097418671686,-17.358560758010817
86.1929,86.1929,130.0,132.01669162730977,131.62648342696994,-15.39669162730977
86.2123,86.2123,133.0,132.05532891146174,131.66247725601704,-12.435328911461744
86.2318,86.2318,125.0,132.0945399305846,131.69899692963762,-20.474539930584605
86.2512,86.2512,121.0,132.1342540535921,131.73599663398426,-24.51425405359209
86.2707,86.2707,131.0,132.17454000890308,131.77351733677247,-14.55454000890308
86.2901,86.2901,133.0,132.21532234105442,131.81151252103027,-12.595322341054418
86.3096,86.3096,153.0,132.25667285546902,131.85002245891437,7.363327144530979
86.3291,86.3291,117.0,132.29855236022237,131.88902264377666,-28.678552360222376
86.3485,86.3485,121.0,132.3409221102064,131.9284893934984,-24.72092211020641
86.368,86.368,152.0,132.38385338784232,131.96846266592905,6.236146612157677
86.3874,86.3874,141.0,132.42727062581773,132.00889590291666,-4.807270625817727
86.4069,86.4069,121.0,132.471244062156,132.04982898680808,-24.851244062155992
86.4263,86.4263,140.0,132.51569730963283,132.091216976756,-5.895697309632828
86.4458,86.4458,124.0,132.5607049241448,132.1330996511041,-21.940704924144804
86.4653,86.4653,118.0,132.60622729283196,132.1754534862622,-27.986227292831963
86.4847,86.4847,113.0,132.65222346335838,132.21825476054408,-33.032223463358385
86.5042,86.5042,155.0,132.698768535628,132.26154236702007,8.921231464371994
86.5236,86.5236,149.0,132.74578247343683,132.30526957289152,2.874217526563166
86.5431,86.5431,121.0,132.7933358455039,132.3494744123073,-25.173335845503892
86.5625,86.5625,133.0,132.84135269804568,132.3941117494386,-13.221352698045683
86.582,86.582,144.0,132.88990581766706,132.43921968149647,-2.2699058176670572
86.6015,86.6015,124.0,132.93895411365673,132.48477364381645,-22.318954113656737
86.6209,86.6209,117.0,132.9884551621325,132.5307501193408,-29.368455162132513
86.6404,86.6404,139.0,133.0384873791957,132.57718745272138,-7.418487379195687
86.6598,86.6598,127.0,133.08896843164376,132.6240401198589,-19.468968431643766
86.6793,86.6793,137.0,133.1399715791161,132.67134590009252,-9.519971579116094
86.6987,86.6987,123.0,133.19141948685794,132.7190598048964,-23.57141948685794
86.7182,86.7182,139.0,133.24338656267201,132.7672195682454,-7.623386562672016
86.7377,86.7377,125.0,133.2958293668154,132.8158007434553,-21.675829366815414
86.7571,86.7571,116.0,133.3487076023281,132.86477965134645,-30.728707602328093
86.7766,86.7766,131.0,133.40209849935204,132.9141933321806,-15.782098499352037
86.796,86.796,165.0,133.45591591828588,132.96399645928238,18.164084081714115
86.8155,86.8155,126.0,133.51023948758683,133.0142248710037,-20.890239487586832
86.8349,86.8349,141.0,133.5649839333076,133.0648335415923,-5.944983933307588
86.8544,86.8544,135.0,133.62022696524713,133.11585780308715,-12.000226965247128
86.8739,86.8739,129.0,133.67592297240375,133.1672731755715,-18.055922972403756
86.8933,86.8933,127.0,133.73202965936062,133.21905568006179,-20.112029659360623
86.9128,86.9128,138.0,133.7886274295464,133.27124105354042,-9.16862742954641
86.9322,86.9322,121.0,133.84562612667037,133.3237850368383,-26.22562612667037
86.9517,86.9517,130.0,133.90311196065952,133.37672329506822,-17.283111960659518
86.9711,86.9711,136.0,133.96099442214896,133.430011584327,-11.340994422148958
86.9906,86.9906,128.0,134.01935404330882,133.48368456163985,-19.399354043308826
87.0101,87.0101,143.0,134.0781476424409,133.53771801273587,-4.458147642440911
87.0295,87.0295,133.0,134.13732785115778,133.5920877518069,-14.517327851157779
87.049,87.049,136.0,134.1969790289061,133.64682887327407,-11.5769790289061
87.0684,87.0684,131.0,134.257008102811,133.70189859245414,-16.637008102811002
87.0879,87.0879,137.0,134.31750688083108,133.75733214191223,-10.697506880831076
87.1073,87.1073,121.0,134.37838147177604,133.8130872490391,-26.75838147177604
87.1268,87.1268,124.0,134.4397176200756,133.86919920105134,-23.819717620075615
87.1463,87.1463,143.0,134.50147340162394,133.925644737107,-4.881473401623941
87.1657,87.1657,138.0,134.56359733723897,133.98240034813531,-9.943597337238975
87.1852,87.1852,130.0,134.62617757103058,134.03950042114252,-18.006177571030584
87.2046,87.2046,140.0,134.689122645126,134.0969035900235,-8.069122645125992
87.2241,87.2241,139.0,134.7525244207668,134.15464425252287,-9.132524420766805
87.2435,87.2435,130.0,134.8162844732032,134.21268170907678,-18.196284473203214
87.263,87.263,130.0,134.88050070889463,134.27105106755104,-18.260500708894632
87.2825,87.2825,110.0,134.9451247761409,134.32973085353785,-38.32512477614089
87.3019,87.3019,143.0,135.01010614179236,134.38869972748665,-5.390106141792364
87.3214,87.3214,165.0,135.0755380235965,134.44799064482402,16.544461976403504
87.3408,87.3408,151.0,135.14132410017703,134.50756299547476,2.478675899822969
87.3603,87.3603,142.0,135.20756214554052,134.56745022527957,-6.587562145540522
87.3797,87.3797,152.0,135.27414735325414,134.627612980994,3.345852646745863
87.3992,87.3992,134.0,135.3411878893783,134.6880859414193,-14.72118788937829
87.4187,87.4187,149.0,135.4086316115318,134.74884966121292,0.2113683884681965
87.4381,87.4381,133.0,135.47642500597095,134.80988507956917,-15.856425005970953
87.4576,87.4576,145.0,135.54467890705644,134.87122832027688,-3.924678907056437
87.477,87.477,112.0,135.61328996211,134.93284326321378,-36.993289962110005
87.4965,87.4965,124.0,135.68236706523808,134.99476653758643,-25.062367065238085
87.5159,87.5159,124.0,135.7518012231449,135.0569617153205,-25.131801223144898
87.5354,87.5354,121.0,135.82170982782424,135.11946318084196,-28.20170982782424
87.5549,87.5549,120.0,135.89203665283188,135.1822512608433,-29.27203665283188
87.5743,87.5743,137.0,135.96272175763207,135.2453057927566,-12.342721757632068
87.5938,87.5938,134.0,136.03388454099948,135.30865848477242,-15.413884540999481
87.6132,87.6132,129.0,136.10540804569484,135.37227110324645,-20.485408045694847
87.6327,87.6327,151.0,136.17740398110206,135.43617537511375,1.4425960188979392
87.6521,87.6521,134.0,136.24976112334713,135.50033315556215,-15.629761123347128
87.6716,87.6716,137.0,136.32259710605433,135.5647765030993,-12.702597106054332
87.6911,87.6911,137.0,136.3958538434104,135.6294856304053,-12.775853843410408
87.7105,87.7105,143.0,136.46946729606128,135.6944413009901,-6.849467296061283
87.73,87.73,141.0,136.54356942257564,135.75967563456496,-8.923569422575644
87.7494,87.7494,146.0,136.61803577388713,135.82515331244505,-3.99803577388713
87.7689,87.7689,146.0,136.69299039403475,135.8909072435742,-4.072990394034752
87.7883,87.7883,118.0,136.76831703231954,135.95690368776997,-32.14831703231955
87.8078,87.8078,136.0,136.84414737020305,136.02317678461617,-14.224147370203047
87.8273,87.8273,110.0,136.92042095481312,136.08970938375234,-40.30042095481313
87.8467,87.8467,147.0,136.99707063629623,136.1564848034282,-3.3770706362962297
87.8662,87.8662,145.0,137.07424157161606,136.22353423476358,-5.454241571616057
87.8856,87.8856,132.0,137.1517951976591,136.29082385608675,-18.531795197659115
87.9051,87.9051,133.0,137.22987792112127,136.35838604325446,-17.609877921121274
87.9245,87.9245,144.0,137.3083561305019,136.42618787055608,-6.688356130501893
87.944,87.944,140.0,137.38737313770486,136.49426117876664,-10.767373137704856
87.9635,87.9635,143.0,137.46686113502543,136.56258989472573,-7.846861135025426
87.9829,87.9829,118.0,137.54675953022863,136.63115865804954,-32.92675953022863
88.0024,88.0024,132.0,137.62722055400056,136.70000038593935,-19.00722055400056
88.0218,88.0218,129.0,137.7080948574957,136.76908341174436,-22.088094857495697
88.0413,88.0413,126.0,137.78955047296412,136.83843907478794,-25.169550472964126
88.0607,88.0607,144.0,137.8714353405307,136.90803552623981,-7.251435340530696
88.0802,88.0802,117.0,137.95390549487746,136.97790283698157,-34.33390549487746
88.0997,88.0997,137.0,138.03689819058164,137.04802490491278,-14.41689819058164
88.1191,88.1191,130.0,138.12033606550554,137.1183848058491,-21.500336065505543
88.1386,88.1386,130.0,138.20438613863735,137.18901167726904,-21.58438613863735
88.158,88.158,158.0,138.28888243669277,137.2598732379752,6.331117563307226
88.1775,88.1775,144.0,138.37401210623003,137.33099763434535,-7.754012106230027
88.1969,88.1969,128.0,138.45960518773688,137.40235324819054,-23.839605187736886
88.2164,88.2164,120.0,138.54583728041862,137.47396908706858,-31.925837280418627
88.2359,88.2359,138.0,138.632638803908,137.54582874442062,-14.01263880390801
88.2553,88.2553,139.0,138.71992336574715,137.61791517080843,-13.09992336574715
88.2748,88.2748,126.0,138.807879250056,137.69025554873858,-26.187879250056007
88.2942,88.2942,147.0,138.89632067356882,137.76281869345098,-5.276320673568824
88.3137,88.3137,126.0,138.98546039189458,137.8356310496387,-26.36546039189458
88.3331,88.3331,143.0,139.07510093859642,137.9086619094394,-9.455100938596422
88.3526,88.3526,130.0,139.16545708909553,137.98193745456808,-22.545457089095528
88.372,88.372,149.0,139.25633726312006,138.05542720134318,-3.63633726312006
88.3915,88.3915,137.0,139.3479523840887,138.12915707287428,-15.7279523840887
88.411,88.411,147.0,139.44020628038004,138.20311131543158,-5.82020628038004
88.4304,88.4304,147.0,139.53301239740264,138.27727462993062,-5.913012397402644
88.4499,88.4499,132.0,139.62659775216474,138.3516739818541,-21.006597752164744
88.4693,88.4693,133.0,139.7207440699629,138.42628175919054,-20.100744069962907
88.4888,88.4888,128.0,139.81570966644287,138.50112498834156,-25.195709666442873
88.5082,88.5082,139.0,139.91127083501306,138.57617597048528,-14.291270835013057
88.5277,88.5277,137.0,140.00766786201345,138.65146060828852,-16.38766786201345
88.5472,88.5472,150.0,140.10481367601025,138.72696447753205,-3.484813676010253
88.5666,88.5666,138.0,140.20259753160667,138.8026735881517,-15.582597531606671
88.5861,88.5861,135.0,140.30128284158383,138.8786143231536,-18.68128284158383
88.6055,88.6055,124.0,140.40062247612508,138.9547605777424,-29.78062247612508
88.625,88.625,139.0,140.50091916041342,139.0311383464943,-14.880919160413418
88.6444,88.6444,128.0,140.6019153623236,139.10772098670668,-25.981915362323612
88.6639,88.6639,135.0,140.7038935628881,139.18453342044543,-19.083893562888115
88.6834,88.6834,122.0,140.80675560925684,139.26156153288179,-32.18675560925684
88.7028,88.7028,138.0,140.9103740002628,139.33879149017216,-16.29037400026281
88.7223,88.7223,126.0,141.01505775237763,139.4162459345734,-28.39505775237763
88.7417,88.7417,103.0,141.12051782797897,139.49389776685803,-51.500517827978975
88.7612,88.7612,142.0,141.2271104867074,139.57176856475468,-12.607110486707404
88.7806,88.7806,136.0,141.33452023437547,139.64982865299854,-18.714520234375478
88.8001,88.8001,131.0,141.44310896376254,139.72809726410296,-23.823108963762543
88.8196,88.8196,133.0,141.55274062693053,139.80655720515267,-21.93274062693053
88.839,88.839,106.0,141.6632629449748,139.88519127810136,-49.043262944974806
88.8585,88.8585,155.0,141.77503554612684,139.964017302922,-0.1550355461268449
88.8779,88.8779,132.0,141.88775088001847,140.04300408004462,-23.267750880018475
88.8974,88.8974,122.0,142.00179775981422,140.12216784570657,-33.381797759814226
88.9168,88.9168,123.0,142.11681125503603,140.2014783611259,-32.49681125503603
88.9363,88.9363,135.0,142.23324097120974,140.2809500303671,-20.61324097120974
88.9558,88.9558,135.0,142.35091308625042,140.36056212354868,-20.730913086250418
88.9752,88.9752,139.0,142.46963602798957,140.44029414758657,-16.84963602798957
88.9947,88.9947,141.0,142.5898854621732,140.52015850537214,-14.969885462173215
89.0141,89.0141,123.0,142.71126796020218,140.6001236873087,-33.09126796020218
89.0336,89.0336,126.0,142.8342582368366,140.68020192054902,-30.214258236836606
89.053,89.053,119.0,142.95842434281374,140.7603613155626,-37.338424342813745
89.0725,89.0725,134.0,143.08431944886206,140.84061185205442,-22.464319448862064
89.092,89.092,137.0,143.2117391202541,140.92093033035988,-19.591739120254097
89.1114,89.1114,139.0,143.34045582274763,141.00129369878448,-17.72045582274763
89.1309,89.1309,133.0,143.47105927505044,141.08170960974837,-23.85105927505044
89.1503,89.1503,156.0,143.6030752688184,141.16214482213442,-0.9830752688184017
89.1698,89.1698,154.0,143.73709579172467,141.24260619932738,-3.1170957917246707
89.1892,89.1892,147.0,143.87259876806775,141.32306148730297,-10.252598768067747
89.2087,89.2087,143.0,144.01028217315516,141.40351890250696,-14.390282173155162
89.2282,89.2282,134.0,144.14990980016208,141.48395761179373,-23.52990980016208
89.2476,89.2476,146.0,144.29120736356955,141.56435750036243,-11.671207363569556
89.2671,89.2671,135.0,144.43495105448028,141.64472656509824,-22.814951054480282
89.2865,89.2865,137.0,144.58054555662218,141.7250354790228,-20.960545556622186
89.306,89.306,157.0,144.72873428556957,141.805291953689,-1.1087342855695734
89.3254,89.3254,145.0,144.87896001942758,141.88546669330478,-13.258960019427581
89.3449,89.3449,137.0,145.03204489224268,141.96556771077434,-21.412044892242683
89.3644,89.3644,141.0,145.18774027240582,142.04557620150757,-17.56774027240582
89.3838,89.3838,146.0,145.34571897049443,142.12547366141175,-12.725718970494432
89.4033,89.4033,140.0,145.5069945415346,142.20526769532177,-18.886994541534598
89.4227,89.4227,145.0,145.67079755314666,142.2849317917626,-14.050797553146657
89.4422,89.4422,131.0,145.83819676705872,142.3644735154807,-28.21819676705872
89.4616,89.4616,126.0,146.00843942354595,142.44386718375867,-33.388439423545954
89.4811,89.4811,150.0,146.1826143286178,142.5231196377466,-9.562614328617803
89.5006,89.5006,144.0,146.36040482732884,142.60221207835136,-15.740404827328836
89.52,89.52,159.0,146.5415350003644,142.68112682581878,-0.9215350003644058
89.5395,89.5395,136.0,146.7272389923216,142.75986997046263,-24.10723899232159
89.5589,89.5589,127.0,146.9165917978806,142.83841730327782,-33.296591797880616
89.5784,89.5784,132.0,147.11103222223716,142.9167750396843,-28.49103222223716
89.5978,89.5978,146.0,147.30961199379846,142.99491829023927,-14.689611993798456
89.6173,89.6173,136.0,147.51381178306437,143.07285134048126,-24.893811783064372
89.6368,89.6368,121.0,147.7232495265336,143.1505566565809,-40.10324952653361
89.6562,89.6562,127.0,147.93765039810475,143.22801689487562,-34.31765039810475
89.6757,89.6757,124.0,148.15866840970622,143.30523435546874,-37.538668409706226
89.6951,89.6951,124.0,148.38511745790842,143.38218267163643,-37.765117457908424
89.7146,89.7146,144.0,148.61903770365387,143.4588616246181,-17.999037703653876
89.734,89.734,125.0,148.85916228047535,143.53524311928166,-37.23916228047535
89.7535,89.7535,153.0,149.10750974327541,143.61132551651286,-9.487509743275416
89.773,89.773,167.0,149.3638444949575,143.6870865482404,4.256155505042495
89.7924,89.7924,146.0,149.62765155986258,143.7625052020113,-17.007651559862587
89.8119,89.8119,148.0,149.9013510357418,143.83757917083508,-15.281351035741812
89.8313,89.8313,143.0,150.1833971862732,143.91228223124634,-20.5633971862732
89.8508,89.8508,147.0,150.4767102072421,143.98661230883013,-16.856710207242095
89.8702,89.8702,128.0,150.77962983477056,144.06054423292719,-36.15962983477056
89.8897,89.8897,138.0,151.0950542706581,144.13407587734082,-26.4750542706581
89.9092,89.9092,134.0,151.4228522741859,144.20718733459415,-30.802852274185916
89.9286,89.9286,150.0,151.76233400714477,144.27985897854734,-15.142334007144774
89.9481,89.9481,153.0,152.11694644663186,144.35208625311745,-12.496946446631858
89.9675,89.9675,159.0,152.48496950254705,144.42384453917907,-6.864969502547046
89.987,89.987,153.0,152.87034105424942,144.49512999623929,-13.250341054249423
90.0064,90.0064,152.0,153.2707985144609,144.56592015671373,-14.650798514460893
90.0259,90.0259,144.0,153.6910471602818,144.63621226486129,-23.071047160281815
90.0454,90.0454,122.0,154.13062730973766,144.7059900765492,-45.510627309737664
90.0648,90.0648,144.0,154.5887968462178,144.77523800646816,-23.968796846217806
90.0843,90.0843,138.0,155.07064755075922,144.8439519207975,-30.45064755075922
90.1037,90.1037,148.0,155.5738962784224,144.91211093134925,-20.953896278422413
90.1232,90.1232,161.0,156.10428325610852,144.97971019018803,-8.484283256108517
90.1426,90.1426,144.0,156.65853676853018,145.0467294312601,-26.038536768530186
90.1621,90.1621,148.0,157.24377190336114,145.11316452838835,-22.62377190336114
90.1816,90.1816,166.0,157.8591649025661,145.17900015666044,-5.239164902566108
90.201,90.201,140.0,158.5033263367312,145.2442218952879,-31.883326336731194
90.2205,90.2205,160.0,159.18442059749327,145.30882585390867,-12.564420597493273
90.2399,90.2399,163.0,159.89807268660184,145.37279492234438,-10.278072686601837
90.2594,90.2594,148.0,160.65271655868216,145.43612538924555,-26.03271655868216
90.2788,90.2788,164.0,161.44295010066898,145.49880245700612,-10.822950100668981
90.2983,90.2983,161.0,162.27867645073522,145.560823028248,-14.65867645073522
90.3178,90.3178,161.0,163.15769432593993,145.62217640849806,-15.53769432593993
90.3372,90.3372,151.0,164.07662745404213,145.6828533787004,-26.456627454042128
90.3567,90.3567,162.0,165.04619991020235,145.74285260528873,-16.42619991020235
90.3761,90.3761,166.0,166.057677835653,145.8021641556358,-13.43767783565301
90.3956,90.3956,144.0,167.12050618018043,145.86078753019433,-36.50050618018043
90.415,90.415,160.0,168.22495119528787,145.91871492557146,-21.604951195287875
90.4345,90.4345,178.0,169.38009263147242,145.97594597466016,-4.760092631472423
90.454,90.454,163.0,170.5783994985239,146.03247581995632,-20.95839949852391
90.4734,90.4734,176.0,171.8097197020013,146.0883002344875,-9.189719702001304
90.4929,90.4929,170.0,173.082152821026,146.14341981535622,-16.462152821026002
90.5123,90.5123,158.0,174.37639428365944,146.19783017169422,-29.75639428365944
90.5318,90.5318,164.0,175.6961065855928,146.25153176900125,-25.07610658559279
90.5512,90.5512,177.0,177.01932242164503,146.3045220254132,-13.39932242164503
90.5707,90.5707,176.0,178.34654179368962,146.35680251014426,-15.726541793689625
90.5902,90.5902,176.0,179.65731683797992,146.4083725226547,-17.037316837979922
90.6096,90.6096,180.0,180.92952480316683,146.45923205141742,-14.309524803166829
90.6291,90.6291,170.0,182.16012438354232,146.5093820366207,-25.540124383542327
90.6485,90.6485,165.0,183.3192817642888,146.5588225115583,-31.699281764288806
90.668,90.668,192.0,184.40165186634258,146.60755424273236,-5.781651866342576
90.6874,90.6874,200.0,185.38084513300126,146.65557904935596,1.2391548669987404
90.7069,90.7069,188.0,186.25161490785501,146.70289788910688,-11.631614907855015
90.7264,90.7264,190.0,186.99698882911483,146.74951251651595,-10.376988829114827
90.7458,90.7458,195.0,187.60569826703244,146.79542529946536,-5.985698267032438
90.7653,90.7653,167.0,188.07851461798103,146.84063628810222,-34.45851461798103
90.7847,90.7847,198.0,188.4092943493572,146.88514883179565,-3.7892943493571973
90.8042,90.8042,178.0,188.60311720669833,146.9289630337088,-23.98311720669833
90.8236,90.8236,195.0,188.66318623682795,146.97208352599287,-7.043186236827955
90.8431,90.8431,208.0,188.59719365687982,147.01450985897728,6.022806343120175
90.8626,90.8626,210.0,188.412591521724,147.05624559738854,8.207408478275989
90.882,90.882,193.0,188.12142814636616,147.09729493028723,-8.501428146366157
90.9015,90.9015,176.0,187.72936792480152,147.1376564719419,-25.109367924801525
90.9209,90.9209,194.0,187.24958709443524,147.17733648099787,-6.629587094435243
90.9404,90.9404,192.0,186.68398289886053,147.21633305896947,-8.063982898860536
90.9598,90.9598,182.0,186.04541056342336,147.25465321178393,-17.425410563423362
90.9793,90.9793,203.0,185.33322835330577,147.29229440970738,4.286771646694229
90.9988,90.9988,198.0,184.5546542773135,147.3292614576214,0.0653457226865104
91.0182,91.0182,224.0,183.71966825798063,147.36555979999525,26.900331742019368
91.0377,91.0377,161.0,182.82430875911066,147.4011859725886,-35.20430875911067
91.0571,91.0571,230.0,181.8837374324145,147.43614860509027,34.73626256758549
91.0766,91.0766,171.0,180.89321747330422,147.47044449503562,-23.27321747330422
91.096,91.096,219.0,179.8707416254867,147.50408382466162,25.74925837451331
91.1155,91.1155,201.0,178.8125371663548,147.5370631317488,8.807462833645213
91.135,91.135,190.0,177.73222667687003,147.56938964020307,-1.1122266768700282
91.1544,91.1544,209.0,176.64409312131096,147.60107122892254,18.975906878689038
91.1739,91.1739,210.0,175.5456896929419,147.63210345631416,21.074310307058106
91.1933,91.1933,148.0,174.45598443418845,147.66249853248985,-39.835984434188454
91.2128,91.2128,196.0,173.3712509317412,147.6922513559326,9.248749068258798
91.2322,91.2322,203.0,172.31023327535456,147.7213749852129,17.309766724645435
91.2517,91.2517,206.0,171.26680134434955,147.74986384188907,21.353198655650452
91.2711,91.2711,179.0,170.25719759781572,147.77773165120539,-4.637197597815719
91.2906,91.2906,198.0,169.27519609641388,147.80497216604223,15.34480390358612
91.3101,91.3101,181.0,168.3288662207619,147.8315943475486,-0.7088662207619105
91.3295,91.3295,171.0,167.42470723531383,147.8576078320043,-9.804707235313833
91.349,91.349,182.0,166.55492346752635,147.88300546112725,2.0650765324736486
91.3684,91.3684,178.0,165.72956024955195,147.90780316651953,-1.1095602495519525
91.3879,91.3879,163.0,164.93924812760417,147.93199355903036,-15.319248127604174
91.4073,91.4073,166.0,164.19219378820128,147.9555933659229,-11.57219378820128
91.4268,91.4268,151.0,163.48019273663377,147.97859551249607,-25.86019273663377
91.4463,91.4463,153.0,162.8054240556857,148.00101244954004,-23.185424055685708
91.4657,91.4657,152.0,162.1701870903543,148.02285767962442,-23.550187090354292
91.4852,91.4852,158.0,161.566410481813,148.04412476036103,-16.946410481812997
91.5046,91.5046,149.0,160.99912770523324,148.06483514856586,-25.379127705233238
91.5241,91.5241,156.0,160.46021424183414,148.08498290586834,-17.84021424183414
91.5435,91.5435,178.0,159.95410422851427,148.1045911880806,4.665895771485731
91.563,91.563,162.0,159.4737682112247,148.12365424747978,-10.853768211224695
91.5825,91.5825,152.0,159.02020503014074,148.14218877649182,-20.400205030140746
91.6019,91.6019,159.0,158.59418794758383,148.1602130836255,-12.974187947583834
91.6214,91.6214,174.0,158.18984795246055,148.17772177541892,2.430152047539446
91.6408,91.6408,143.0,157.80992010962262,148.19474266940134,-28.189920109622626
91.6603,91.6603,148.0,157.44892465719957,148.21127072009656,-22.828924657199572
91.6797,91.6797,149.0,157.10966791692098,148.22733451982853,-21.489667916920986
91.6992,91.6992,114.0,156.78697768207218,148.24292827604444,-56.16697768207218
91.7187,91.7187,162.0,156.4817358000951,148.25807248733838,-7.861735800095095
91.7381,91.7381,147.0,156.19441566634478,148.27278627504987,-22.574415666344784
91.7576,91.7576,147.0,155.92087234051192,148.28706178469722,-22.300872340511923
91.777,91.777,145.0,155.66298537573283,148.30092866125878,-24.042985375732833
91.7965,91.7965,157.0,155.41719084923852,148.31437847861383,-11.797190849238524
91.8159,91.8159,140.0,155.1853969880609,148.32744163271565,-28.56539698806089
91.8354,91.8354,154.0,154.9640931390313,148.34010961813016,-14.344093139031292
91.8549,91.8549,157.0,154.75395305102617,148.35240343039,-11.133953051026173
91.8743,91.8743,134.0,154.55544560292398,148.3643453310028,-33.935445602923984
91.8938,91.8938,160.0,154.36558505158996,148.37592655247713,-7.745585051589961
91.9132,91.9132,142.0,154.18593713130747,148.38718010154133,-25.56593713130747
91.9327,91.9327,149.0,154.01400777023053,148.39809652915875,-18.394007770230537
91.9521,91.9521,131.0,153.85122915885012,148.40871017629254,-36.23122915885012
91.9716,91.9716,155.0,153.69518112897129,148.4190107857423,-12.075181128971286
91.9911,91.9911,131.0,153.54641123948423,148.4290208959365,-35.92641123948423
92.0105,92.0105,149.0,153.40533106233974,148.43876438362042,-17.785331062339743
92.03,92.03,128.0,153.26985920831606,148.44822846376633,-38.649859208316066
92.0494,92.0494,142.0,153.14118959480322,148.45744836381633,-24.521189594803225
92.0689,92.0689,132.0,153.0176059672562,148.46640954567064,-34.397605967256204
92.0883,92.0883,148.0,152.90010773361422,148.47514654196564,-18.280107733614223
92.1078,92.1078,158.0,152.78707643129013,148.4836428563751,-8.167076431290132
92.1273,92.1273,158.0,152.67892741349155,148.49191988670293,-8.058927413491551
92.1467,92.1467,135.0,152.57601742139008,148.50000055293356,-30.95601742139008
92.1662,92.1662,130.0,152.47684962457356,148.50786883238865,-35.85684962457356
92.1856,92.1856,139.0,152.38238341461576,148.51556115371042,-26.762383414615762
92.2051,92.2051,131.0,152.29131990030317,148.52305892232735,-34.67131990030317
92.2245,92.2245,154.0,152.20445643986787,148.5303978123219,-11.58445643986787
92.244,92.244,137.0,152.1206540707723,148.5375569801711,-28.500654070772306
92.2635,92.2635,157.0,152.04025848942828,148.54455792812385,-8.420258489428283
92.2829,92.2829,130.0,151.96350254892207,148.55142234247396,-35.34350254892207
92.3024,92.3024,154.0,151.88934730353856,148.5581287997561,-11.269347303538558
92.3218,92.3218,156.0,151.81854617898122,148.56471347656407,-9.198546178981223
92.3413,92.3413,162.0,151.75007431542792,148.57115359954557,-3.1300743154279242
92.3607,92.3607,158.0,151.68462702959894,148.57748728272432,-7.0646270295989435
92.3802,92.3802,126.0,151.62135119127635,148.58369248851437,-39.00135119127635
92.3997,92.3997,155.0,151.56049587336034,148.5897939110455,-9.940495873360339
92.4191,92.4191,142.0,151.50227705555855,148.59581571397433,-22.882277055558554
92.4386,92.4386,159.0,151.4459338791301,148.601734632609,-5.82593387913011
92.458,92.458,139.0,151.39206048434167,148.6075913911981,-25.772060484341672
92.4775,92.4775,139.0,151.33987425640004,148.6133624296944,-25.71987425640004
92.4969,92.4969,167.0,151.2899398858933,148.6190895985752,2.3300601141067094
92.5164,92.5164,157.0,151.24160082403444,148.62474756656843,-7.621600824034436
92.5359,92.5359,149.0,151.19506773586963,148.63036203736468,-15.575067735869629
92.5553,92.5553,154.0,151.15052982053405,148.63596022109706,-10.530529820534047
92.5748,92.5748,134.0,151.10739795997966,148.64151722533444,-30.487397959979667
92.5942,92.5942,124.0,151.06615999412,148.64707864586137,-40.44615999412
92.6137,92.6137,157.0,151.02620553692654,148.6526184545082,-7.4062055369265405
92.6331,92.6331,151.0,150.98800944497887,148.65818078992024,-13.368009444978872
92.6526,92.6526,132.0,150.9510285113456,148.6637380020585,-32.331028511345615
92.6721,92.6721,144.0,150.91545076356664,148.66931730838357,-20.29545076356664
92.6915,92.6915,138.0,150.88145738725476,148.67494581777092,-26.261457387254758
92.711,92.711,139.0,150.84858001812393,148.6805938296411,-25.228580018123928
92.7304,92.7304,141.0,150.81718692990765,148.68630691382452,-23.19718692990765
92.7499,92.7499,138.0,150.78682399980295,148.69205348896142,-26.16682399980295
92.7693,92.7693,145.0,150.75788037996224,148.69787912993849,-19.137880379962247
92.7888,92.7888,136.0,150.72989453263912,148.70375049939213,-28.109894532639125
92.8083,92.8083,132.0,150.70305020057378,148.70969314839684,-32.08305020057379
92.8277,92.8277,144.0,150.67749139376215,148.71573279649988,-20.057491393762156
92.8472,92.8472,145.0,150.65284404279197,148.72183309375984,-19.03284404279197
92.8666,92.8666,151.0,150.62939413980794,148.7280393086183,-13.009394139807943
92.8861,92.8861,136.0,150.60679155212614,148.73431397709132,-27.986791552126142
92.9055,92.9055,162.0,150.58535537184235,148.7407034361565,-1.9653553718423549
92.925,92.925,148.0,150.56470591827002,148.74716896621857,-15.944705918270023
92.9445,92.9445,143.0,150.54500036482807,148.75373623242862,-20.925000364828072
92.9639,92.9639,126.0,150.52637072418173,148.76043187352298,-37.906370724181734
92.9834,92.9834,150.0,150.50848680607862,148.76721662766641,-13.888486806078623
93.0028,93.0028,126.0,150.49161453851391,148.77413773382426,-37.87161453851392
93.0223,93.0223,154.0,150.475457823528,148.78115392900796,-9.85545782352799
93.0417,93.0417,125.0,150.46028362808084,148.78831220739326,-38.84028362808085
93.0612,93.0612,116.0,150.445780473395,148.79556955568444,-47.82578047339499
93.0807,93.0807,141.0,150.43207712353677,148.8029496284937,-22.812077123536774
93.1001,93.1001,150.0,150.4192890206822,148.8104749522518,-13.799289020682215
93.1196,93.1196,148.0,150.40712120304408,148.81809737100767,-15.787121203044086
93.139,93.139,140.0,150.3958139784151,148.82586300736546,-23.77581397841511
93.1585,93.1585,140.0,150.38511532294206,148.8337231293343,-23.76511532294206
93.1779,93.1779,149.0,150.37523201232122,148.84172441491316,-14.75523201232122
93.1974,93.1974,145.0,150.3659192751539,148.84981635978082,-18.745919275153916
93.2169,93.2169,115.0,150.35727914666379,148.85802139953563,-48.73727914666379
93.2363,93.2363,137.0,150.34940919181494,148.86636276954985,-26.729409191814945
93.2558,93.2558,128.0,150.34206322844815,148.87478656270935,-35.72206322844816
93.2752,93.2752,160.0,150.33544048058081,148.88333860767852,-3.715440480580815
93.2947,93.2947,128.0,150.32932841033667,148.89196221270367,-35.709328410336674
93.3141,93.3141,174.0,150.32389109062373,148.90070370575395,10.296108909376267
93.3336,93.3336,151.0,150.31892827862634,148.90950505948993,-12.698928278626346
93.3531,93.3531,132.0,150.31452603834305,148.91838611495731,-31.69452603834305
93.3725,93.3725,141.0,150.3107500811596,148.92736791938913,-22.6907500811596
93.392,93.392,132.0,150.30740516110714,148.93639066521732,-31.687405161107144
93.4114,93.4114,153.0,150.3046593077219,148.94550098348682,-10.684659307721892
93.4309,93.4309,136.0,150.3023159238758,148.95463678005194,-27.682315923875798
93.4503,93.4503,150.0,150.30052749350395,148.96384505015567,-13.68052749350395
93.4698,93.4698,150.0,150.29911837266118,148.9730624575528,-13.679118372661184
93.4893,93.4893,146.0,150.29815970000547,148.98230832192124,-17.678159700005473
93.5087,93.5087,129.0,150.29770729870785,148.9916031149649,-34.67770729870785
93.5282,93.5282,155.0,150.297593855494,149.00088244910756,-8.677593855494
93.5476,93.5476,142.0,150.29796325720284,149.01019414547403,-21.67796325720284
93.5671,93.5671,147.0,150.29864009879384,149.01947221673015,-16.678640098793842
93.5865,93.5865,147.0,150.2997646087646,149.0287656407234,-16.679764608764607
93.606,93.606,148.0,150.30118503262528,149.03800716016218,-15.681185032625285
93.6255,93.6255,171.0,150.3029536920349,149.04721694150413,7.317046307965109
93.6449,93.6449,148.0,150.30512091355484,149.05641618287547,-15.685120913554846
93.6644,93.6644,149.0,150.3075502886049,149.06553681009126,-14.687550288604887
93.6838,93.6838,149.0,150.3103595150206,149.0746309015795,-14.690359515020594
93.7033,93.7033,146.0,150.31340739667755,149.08362961836704,-17.69340739667755
93.7227,93.7227,123.0,150.3168116454991,149.0925862735779,-40.69681164549909
93.7422,93.7422,151.0,150.32043924372766,149.10143112236622,-12.700439243727663
93.7617,93.7617,147.0,150.32433710214147,149.11018531799687,-16.704337102141473
93.7811,93.7811,157.0,150.32855448785097,149.11887125381588,-6.708554487850966
93.8006,93.8006,162.0,150.33297393893955,149.12741638647543,-1.7129739389395464
93.82,93.82,153.0,150.3376839515396,149.13587571816302,-10.71768395153959
93.8395,93.8395,144.0,150.3425805692316,149.14417723759948,-19.72258056923159
93.8589,93.8589,154.0,150.34775749516834,149.1523781992531,-9.727757495168339
93.8784,93.8784,172.0,150.35310737980063,149.16040578334187,8.266892620199366
93.8979,93.8979,160.0,150.35867118424378,149.16828526715162,-3.738671184243776
93.9173,93.9173,151.0,150.36449260170284,149.17604340635188,-12.744492601702836
93.9368,93.9368,149.0,150.37048252431683,149.18360761126306,-14.750482524316828
93.9562,93.9562,160.0,150.37671050963075,149.1910394017066,-3.7567105096307554
93.9757,93.9757,138.0,150.38310363289938,149.19826555673126,-25.76310363289938
93.9951,93.9951,162.0,150.38973753167747,149.20534951597978,-1.7697375316774693
94.0146,94.0146,157.0,150.3965276081061,149.2122172359546,-6.776527608106113
94.034,94.034,159.0,150.4035530349542,149.21893343248604,-4.783553034954201
94.0535,94.0535,164.0,150.4107475495895,149.2254245506387,0.20925245041049756
94.073,94.073,125.0,150.41814284845898,149.23172220320308,-38.79814284845899
94.0924,94.0924,148.0,150.42576763256565,149.23785993734384,-15.805767632565653
94.1119,94.1119,170.0,150.4335759307964,149.24376284840037,6.186424069203605
94.1313,94.1313,180.0,150.44161856531417,149.249499061619,16.178381434685825
94.1508,94.1508,165.0,150.44985333128585,149.25499335465028,1.170146668714148
94.1702,94.1702,142.0,150.45833158437696,149.2603156269001,-21.838331584376967
94.1897,94.1897,158.0,150.46701398445845,149.26539061803916,-5.847013984458448
94.2092,94.2092,145.0,150.47592677421378,149.27025252562237,-18.855926774213778
94.2286,94.2286,141.0,150.4851006295423,149.27493726773525,-22.865100629542304
94.2481,94.2481,156.0,150.49451253337904,149.27936819549302,-7.874512533379038
94.2675,94.2675,164.0,150.50418769744297,149.28361846918378,0.11581230255702657
94.287,94.287,176.0,150.5141270542364,149.2876105315234,12.105872945763588
94.3064,94.3064,130.0,150.52435642995238,149.29142006138824,-33.90435642995238
94.3259,94.3259,167.0,150.53487246647433,149.29496958697916,3.0851275335256734
94.3454,94.3454,162.0,150.54569241828804,149.29829577836233,-1.9256924182880422
94.3648,94.3648,162.0,150.55683921435985,149.30143722996783,-1.9368392143598552
94.3843,94.3843,142.0,150.56832715040338,149.30431546237602,-21.94832715040338
94.4037,94.4037,137.0,150.580158751516,149.3070104715327,-26.960158751515998
94.4232,94.4232,138.0,150.59237867052684,149.30944321835128,-25.972378670526844
94.4426,94.4426,151.0,150.60498346812435,149.31169371268078,-12.984983468124346
94.4621,94.4621,152.0,150.618008340971,149.3136805264403,-11.998008340970989
94.4816,94.4816,159.0,150.6314785121591,149.3154433364544,-5.011478512159107
94.501,94.501,157.0,150.6453902581494,149.31702319288217,-7.025390258149406
94.5205,94.5205,145.0,150.65980636137027,149.31833830360165,-19.039806361370275
94.5399,94.5399,140.0,150.67470208452897,149.31947260862333,-24.054702084528977
94.5594,94.5594,142.0,150.69017556414204,149.32034367598783,-22.07017556414204
94.5788,94.5788,149.0,150.70617931678316,149.32103586603662,-15.086179316783165
94.5983,94.5983,142.0,150.72283045945903,149.32146479237758,-22.102830459459035
94.6178,94.6178,172.0,150.74012221748853,149.3216727190399,7.879877782511466
94.6372,94.6372,160.0,150.7580411650317,149.3217026392661,-4.1380411650317
94.6567,94.6567,139.0,150.776710116217,149.32146876525533,-25.156710116217006
94.6761,94.6761,147.0,150.79608633610155,149.32105885055014,-17.176086336101555
94.6956,94.6956,154.0,150.81631711854368,149.32038621176508,-10.19631711854368
94.715,94.715,141.0,150.83731141079684,149.31953909998893,-23.217311410796846
94.7345,94.7345,140.0,150.85927642473337,149.31843010156985,-24.23927642473337
94.754,94.754,144.0,150.88218896346294,149.31710370317666,-20.26218896346294
94.7734,94.7734,136.0,150.90601761366136,149.31560500411413,-28.286017613661365
94.7929,94.7929,128.0,150.9309748216143,149.31384373504616,-36.310974821614316
94.8123,94.8123,127.0,150.95696757563965,149.3119094036632,-37.336967575639655
94.8318,94.8318,162.0,150.98423615665732,149.3097085509813,-2.3642361566573182
94.8512,94.8512,155.0,151.01263231502762,149.30732914643747,-9.392632315027617
94.8707,94.8707,140.0,151.04247217673318,149.30467609730655,-24.422472176733187
94.8902,94.8902,154.0,151.0737157933503,149.30179301025086,-10.45371579335029
94.9096,94.9096,146.0,151.10628721399954,149.298724120843,-18.48628721399954
94.9291,94.9291,140.0,151.14057939213566,149.29537301751708,-24.520579392135666
94.9485,94.9485,152.0,151.17638588692196,149.2918316394507,-12.556385886921964
94.968,94.968,157.0,151.21410122050176,149.28800181359364,-7.594101220501761
94.9874,94.9874,136.0,151.25350116816065,149.2839763977521,-28.633501168160656
95.0069,95.0069,147.0,151.2950757785666,149.27965695466457,-17.6750757785666
95.0264,95.0264,152.0,151.33876579015757,149.2750884802703,-12.718765790157567
95.0458,95.0458,144.0,151.3844603104389,149.27031707888375,-20.7644603104389
95.0653,95.0653,148.0,151.43276396314616,149.26524204059288,-16.81276396314616
95.0847,95.0847,152.0,151.4833582386335,149.25995892465343,-12.863358238633515
95.1042,95.1042,120.0,151.53684679432345,149.25436563153295,-44.916846794323455
95.1236,95.1236,149.0,151.59295304823866,149.24855918263216,-15.972953048238656
95.1431,95.1431,149.0,151.65235309313627,149.2424347591315,-16.032353093136273
95.1626,95.1626,153.0,151.71497999096172,149.2360379209473,-12.094979990961724
95.182,95.182,127.0,151.78069377500228,149.2294154860665,-38.16069377500228
95.2015,95.2015,157.0,151.85039339293667,149.22246138313992,-8.230393392936667
95.2209,95.2209,167.0,151.9236042018089,149.21527287598198,1.6963957981910998
95.2404,95.2404,155.0,152.0012505807353,149.2077419383001,-10.381250580735303
95.2598,95.2598,138.0,152.08290561709813,149.19996849280193,-27.462905617098137
95.2793,95.2793,147.0,152.1695954894167,149.19184467650913,-18.54959548941671
95.2988,95.2988,156.0,152.26119411079043,149.183418470119,-9.641194110790428
95.3182,95.3182,128.0,152.357592371288,149.17473899911892,-37.73759237128801
95.3377,95.3377,151.0,152.46001773414952,149.16569644744354,-14.840017734149518
95.3571,95.3571,151.0,152.56772491925724,149.1563927294656,-14.947724919257245
95.3766,95.3766,174.0,152.6822481760242,149.1467157343706,7.937751823975811
95.396,95.396,169.0,152.80274372484007,149.1367690053444,2.817256275159929
95.4155,95.4155,153.0,152.93076426602914,149.12643981020034,-13.310764266029144
95.435,95.435,142.0,153.06605664141168,149.11577897655846,-24.44605664141168
95.4544,95.4544,157.0,153.20836510881065,149.10483889047404,-9.588365108810654
95.4739,95.4739,138.0,153.35942752104236,149.0935057321011,-28.739427521042366
95.4933,95.4933,138.0,153.51798860000437,149.08188778509842,-28.897988600004375
95.5128,95.5128,162.0,153.68615621056983,149.06986995900488,-5.066156210569835
95.5322,95.5322,143.0,153.86243534660176,149.05756047013227,-24.24243534660176
95.5517,95.5517,149.0,154.04881613059217,149.04484321021317,-18.428816130592175
95.5712,95.5712,158.0,154.2447764402247,149.03177094565257,-9.624776440224712
95.5906,95.5906,156.0,154.44929100543104,149.01839775976606,-11.829291005431037
95.6101,95.6101,156.0,154.66443244912088,149.00460611381212,-12.044432449120881
95.6295,95.6295,159.0,154.8878622523692,148.99050912352754,-9.26786225236919
95.649,95.649,141.0,155.12177514265719,148.97598907936123,-27.501775142657188
95.6684,95.6684,134.0,155.36324386583334,148.96116159038863,-34.74324386583334
95.6879,95.6879,168.0,155.61401507151592,148.94590796708317,-0.994015071515923
95.7074,95.7074,176.0,155.87217423941695,148.930284310814,6.74782576058305
95.7268,95.7268,155.0,156.13505104445488,148.91434881159077,-14.515051044454884
95.7463,95.7463,143.0,156.40379918305104,148.89798106264422,-26.783799183051038
95.7657,95.7657,164.0,156.67410123112882,148.8813000047273,-6.054101231128817
95.7852,95.7852,149.0,156.94648736096306,148.8641841301485,-21.326487360963064
95.8046,95.8046,141.0,157.21560639260488,148.84675423955582,-29.595606392604886
95.8241,95.8241,140.0,157.4817666489471,148.82888854941396,-30.86176664894709
95.8436,95.8436,162.0,157.74042340732098,148.81064714883925,-9.120423407320976
95.863,95.863,156.0,157.98709518545806,148.79209089408442,-15.36709518545806
95.8825,95.8825,139.0,158.2210532303892,148.77309599092732,-32.601053230389205
95.9019,95.9019,151.0,158.4367867972036,148.75378695624292,-20.816786797203612
95.9214,95.9214,146.0,158.6333399104708,148.73403867814278,-26.013339910470798
95.9408,95.9408,159.0,158.8057680698637,148.71397660259564,-13.18576806986369
95.9603,95.9603,166.0,158.9536618541723,148.69347443646686,-6.333661854172311
95.9798,95.9798,147.0,159.07404006518897,148.67259564676147,-25.45404006518897
95.9992,95.9992,134.0,159.165113978794,148.6514059007239,-38.545113978794014
96.0187,96.0187,142.0,159.22732674161225,148.62977853776474,-30.607326741612248
96.0381,96.0381,133.0,159.25986292608823,148.60784281047503,-39.639862926088234
96.0576,96.0576,153.0,159.26362858318427,148.58546948104214,-19.643628583184274
96.077,96.077,130.0,159.2396922342043,148.56278776944424,-42.619692234204315
96.0965,96.0965,163.0,159.18915368614122,148.5396665152803,-9.569153686141226
96.116,96.116,149.0,159.11373223661838,148.51616927061937,-23.493732236618378
96.1354,96.1354,132.0,159.01574964200944,148.4923617970994,-40.39574964200944
96.1549,96.1549,158.0,158.8960281241278,148.46811077856574,-14.27602812412781
96.1743,96.1743,161.0,158.75730875100194,148.44354787327808,-11.137308751001944
96.1938,96.1938,151.0,158.60003686485783,148.4185380798471,-20.98003686485783
96.2132,96.2132,164.0,158.42673664765,148.39321587518117,-7.8067366476499895
96.2327,96.2327,147.0,158.23705134998818,148.36744597872408,-24.61705134998818
96.2522,96.2522,144.0,158.03275730505504,148.34129683999384,-27.412757305055045
96.2716,96.2716,168.0,157.81600869194835,148.31483821379308,-3.1960086919483555
96.2911,96.2911,148.0,157.5853959420091,148.28793345605757,-22.96539594200909
96.3105,96.3105,175.0,157.34415077662138,148.2607220801708,4.275849223378623
96.33,96.33,137.0,157.0911087453527,148.23306694943258,-33.4711087453527
96.3494,96.3494,151.0,156.82959214591673,148.20510924410627,-19.209592145916737
96.3689,96.3689,160.0,156.5585047922038,148.17671006997585,-9.938504792203792
96.3884,96.3884,166.0,156.28052488195024,148.1479406416879,-3.660524881950243
96.4078,96.4078,146.0,155.9985758612823,148.11887431796217,-23.378575861282293
96.4273,96.4273,162.0,155.71140943653478,148.0893720795552,-7.09140943653478
96.4467,96.4467,141.0,155.423587581961,148.05957963856412,-27.80358758196099
96.4662,96.4662,128.0,155.13370687746553,148.02935738613056,-40.51370687746553
96.4856,96.4856,153.0,154.84616517678373,147.99885285250076,-15.226165176783729
96.5051,96.5051,155.0,154.55970153336824,147.9679233581898,-12.939701533368241
96.5246,96.5246,144.0,154.2769315618086,147.93664363607158,-23.656931561808598
96.544,96.544,151.0,154.0001862472832,147.90509030207636,-16.380186247283213
96.5635,96.5635,168.0,153.72786977099184,147.87311926019348,0.8921302290081545
96.5829,96.5829,141.0,153.46341959155123,147.8408811156788,-25.843419591551232
96.6024,96.6024,153.0,153.20472324532673,147.8082314340125,-13.584723245326733
96.6218,96.6218,169.0,152.95481261072194,147.77532260358782,2.6651873892780547
96.6413,96.6413,130.0,152.7115975203525,147.74200876241213,-36.091597520352515
96.6608,96.6608,156.0,152.4764005806704,147.70836909991496,-9.856400580670401
96.6802,96.6802,131.0,152.250364853059,147.6744830736814,-34.630364853059014
96.6997,96.6997,160.0,152.03142752710664,147.6402028869162,-5.411427527106644
96.7191,96.7191,149.0,151.82143403942277,147.60568391574472,-16.20143403942277
96.7386,96.7386,155.0,151.61827085759433,147.57077668462352,-9.998270857594326
96.758,96.758,155.0,151.42365304070233,147.53563890446074,-9.803653040702335
96.7775,96.7775,125.0,151.23552250798602,147.50012032379456,-39.61552250798602
96.7969,96.7969,160.0,151.05526862683791,147.4643811035989,-4.435268626837916
96.8164,96.8164,167.0,150.8810277691108,147.42826863019317,2.738972230889198
96.8359,96.8359,151.0,150.71335455577847,147.3918649344563,-13.093354555778467
96.8553,96.8553,158.0,150.55259076129175,147.35525432427545,-5.932590761291754
96.8748,96.8748,150.0,150.3970034078061,147.31828395148762,-13.777003407806097
96.8942,96.8942,160.0,150.2477251528545,147.28111871042566,-3.6277251528545147
96.9137,96.9137,146.0,150.10306188803176,147.2436052191021,-17.483061888031763
96.9331,96.9331,128.0,149.9640217443163,147.20591082084928,-35.344021744316315
96.9526,96.9526,127.0,149.82917494714576,147.16788143781523,-36.20917494714576
96.9721,96.9721,157.0,149.69882727221125,147.1296031256856,-6.078827272211248
96.9915,96.9915,144.0,149.57321740972984,147.09116208177466,-18.953217409729838
97.011,97.011,155.0,149.4510844772485,147.05240014274074,-7.831084477248487
97.0304,97.0304,150.0,149.33323627038322,147.01348613143128,-12.713236270383225
97.0499,97.0499,152.0,149.2184179356744,146.9742607735461,-10.59841793567441
97.0693,97.0693,140.0,149.10740679806102,146.934895101398,-22.487406798061023
97.0888,97.0888,134.0,148.99909954691327,146.89522893323422,-28.379099546913274
97.1083,97.1083,148.0,148.89375227600252,146.8553506777686,-14.273752276002517
97.1277,97.1277,140.0,148.79159834119386,146.81534938052707,-22.171598341193864
97.1472,97.1472,144.0,148.69169572053428,146.77506145284786,-18.071695720534287
97.1666,97.1666,146.0,148.5946418800291,146.734660324283,-15.974641880029088
97.1861,97.1861,127.0,148.49954154868516,146.69398031247937,-34.87954154868516
97.2055,97.2055,130.0,148.40700296643527,146.65319611894526,-31.787002966435274
97.225,97.225,148.0,148.31619130320314,146.6121392407108,-13.696191303203141
97.2445,97.2445,139.0,148.22732615919838,146.57089688500474,-22.607326159198387
97.2639,97.2639,145.0,148.14061671493272,146.52955785389955,-16.52061671493272
97.2834,97.2834,146.0,148.05533594453536,146.48794990695623,-15.435335944535359
97.3028,97.3028,148.0,147.97198406736737,146.44624860432899,-13.351984067367374
97.3223,97.3223,147.0,147.88986301749537,146.4042800744349,-14.269863017495373
97.3417,97.3417,136.0,147.80949223926515,146.36222145810552,-25.189492239265157
97.3612,97.3612,137.0,147.73018761456936,146.31989751661152,-24.110187614569362
97.3807,97.3807,171.0,147.6521746955139,146.27739701560975,9.967825304486093
97.4001,97.4001,144.0,147.57564451936847,146.23480962293442,-16.95564451936847
97.4196,97.4196,158.0,147.49999723938143,146.1919570129276,-2.8799972393814297
97.439,97.439,132.0,147.42566844921575,146.149019203281,-28.80566844921575
97.4585,97.4585,142.0,147.35210940974585,146.10581692981444,-18.732109409745853
97.4779,97.4779,148.0,147.27976085432252,146.06253153769336,-12.659760854322519
97.4974,97.4974,165.0,147.20806463306707,146.018981009377,4.411935366932932
97.5169,97.5169,130.0,147.13722311590428,145.97525614002103,-30.51722311590428
97.5363,97.5363,142.0,147.06742175434428,145.93145015838832,-18.447421754344283
97.5558,97.5558,139.0,146.99814208410749,145.88737867649488,-21.378142084107488
97.5752,97.5752,164.0,146.92979161456464,145.84322628428416,3.690208385435364
97.5947,97.5947,147.0,146.86190375771255,145.79880630383397,-13.241903757712555
97.6141,97.6141,134.0,146.79485660797914,145.7543053175847,-26.174856607979144
97.6336,97.6336,160.0,146.72819335215993,145.70953606466637,-0.10819335215993497
97.6531,97.6531,149.0,146.6620934937694,145.66459130697194,-11.042093493769391
97.6725,97.6725,150.0,146.59672924541104,145.61956621823853,-9.976729245411041
97.692,97.692,140.0,146.53165589084517,145.57427144269846,-19.911655890845175
97.7114,97.7114,135.0,146.46724390190212,145.52889805545942,-24.847243901902125
97.7309,97.7309,173.0,146.40308616673113,145.48325500571724,13.21691383326887
97.7503,97.7503,136.0,146.33953004792997,145.43753383366914,-23.71953004792997
97.7698,97.7698,148.0,146.27617298667428,145.39154150048515,-11.656172986674283
97.7893,97.7893,147.0,146.21318664760523,145.34537337676085,-12.593186647605227
97.8087,97.8087,155.0,146.15072175592897,145.2991265660398,-4.530721755928971
97.8282,97.8282,140.0,146.08839371121033,145.2526052238229,-19.468393711210332
97.8476,97.8476,142.0,146.0265446370921,145.2060053406796,-17.40654463709209
97.8671,97.8671,131.0,145.96480082902386,145.1591296973957,-28.34480082902386
97.8865,97.8865,146.0,145.9034861615905,145.1121752602688,-13.283486161590508
97.906,97.906,147.0,145.84224269726428,145.06494199596344,-12.222242697264283
97.9255,97.9255,164.0,145.78122724877997,145.01752731633837,4.838772751220029
97.9449,97.9449,144.0,145.7205856879532,144.9700303361154,-15.10058568795319
97.9644,97.9644,152.0,145.65996564267843,144.922249622325,-7.03996564267843
97.9838,97.9838,127.0,145.59969187733492,144.87438611114678,-31.979691877334922
98.0033,98.0033,149.0,145.53941073248433,144.82623707281246,-9.919410732484328
98.0227,98.0227,156.0,145.47943908352724,144.77800426558676,-2.8594390835272403
98.0422,98.0422,155.0,145.41944287353343,144.7294823454543,-3.799442873533428
98.0617,98.0617,146.0,145.35956985413858,144.68077254863525,-12.739569854138585
98.0811,98.0811,149.0,145.29996223862295,144.63197836393306,-9.679962238622954
98.1006,98.1006,149.0,145.24029695829853,144.58289333011268,-9.62029695829853
98.12,98.12,163.0,145.18088249754365,144.53372509426757,4.43911750245635
98.1395,98.1395,152.0,145.12138790700394,144.48426603561393,-6.501387907003936
98.1589,98.1589,139.0,145.06212029396323,144.4347265987487,-19.442120293963235
98.1784,98.1784,146.0,145.00276620596816,144.38489886717502,-12.382766205968158
98.1979,98.1979,146.0,144.94347142475632,144.33488902306317,-12.323471424756326
98.2173,98.2173,138.0,144.88437753311842,144.28480495856505,-20.264377533118427
98.2368,98.2368,154.0,144.82517977003204,144.23443596494786,-4.2051797700320375
98.2562,98.2562,137.0,144.76617132869356,144.18399628978503,-21.146171328693562
98.2757,98.2757,152.0,144.70704402213897,144.13327366256334,-6.087044022138974
98.2951,98.2951,154.0,144.64809527944718,144.08248403876556,-4.028095279447177
98.3146,98.3146,125.0,144.58902052974315,144.0314133954471,-32.969020529743155
98.3341,98.3341,121.0,144.52996239155556,143.98017152976706,-36.90996239155556
98.3535,98.3535,146.0,144.47106501203479,143.92886859880178,-11.851065012034786
98.373,98.373,169.0,144.41202837212217,143.8772857332257,11.207971627877834
98.3924,98.3924,152.0,144.35313872668402,143.82564128691465,-5.7331387266840235
98.4119,98.4119,149.0,144.29409559305867,143.77371531747266,-8.674095593058672
98.4313,98.4313,146.0,144.23519156056926,143.7217288798365,-11.615191560569263
98.4508,98.4508,165.0,144.1761239986833,143.66946107439614,7.4438760013167045
98.4703,98.4703,147.0,144.11703810350326,143.61702317145892,-10.497038103503263
98.4897,98.4897,149.0,144.0580768135605,143.56452898127137,-8.43807681356049
98.5092,98.5092,135.0,143.99894668406134,143.5117561072173,-22.37894668406134
98.5286,98.5286,160.0,143.9399323205417,143.4589314774001,2.680067679458313
98.5481,98.5481,191.0,143.8807446605758,143.40583062350123,33.7392553394242
98.5675,98.5675,163.0,143.82167204577948,143.35268243729143,5.79832795422052
98.587,98.587,155.0,143.7624202661962,143.29926162328536,-2.142420266196188
98.6065,98.6065,153.0,143.7031352934887,143.24568485715193,-4.083135293488715
98.6259,98.6259,155.0,143.64396163197887,143.19207121123864,-2.023961631978869
98.6454,98.6454,164.0,143.5846128804112,143.13819491541403,7.035387119588785
98.6648,98.6648,153.0,143.52537510822341,143.084291972084,-3.9053751082234154
98.6843,98.6843,162.0,143.4659680800298,143.03013641356227,5.154031919970203
98.7037,98.7037,145.0,143.40667942404053,142.97596740294819,-11.786679424040534
98.7232,98.7232,146.0,143.34722689572013,142.92155869765892,-10.727226895720127
98.7427,98.7427,158.0,143.28775918733479,142.86703426807907,1.3322408126652139
98.7621,98.7621,119.0,143.22842531094776,142.81251994627155,-37.60842531094776
98.7816,98.7816,129.0,143.1689417982359,142.7577878428699,-27.548941798235894
98.801,98.801,141.0,143.1095999606755,142.70308172443856,-15.489599960675497
98.8205,98.8205,141.0,143.05011884943747,142.64816926267673,-15.430118849437468
98.8399,98.8399,126.0,142.99078561938796,142.5932947657853,-30.370785619387966
98.8594,98.8594,168.0,142.931317232048,142.53822371453788,11.688682767951997
98.8789,98.8789,144.0,142.87185902632288,142.48307979150331,-12.251859026322881
98.8983,98.8983,128.0,142.8125574969221,142.42798902064163,-28.1925574969221
98.9178,98.9178,130.0,142.75312657544484,142.37271357451058,-26.13312657544484
98.9372,98.9372,134.0,142.69385558526898,142.3175002856788,-22.07385558526898
98.9567,98.9567,136.0,142.63445940409417,142.2621075534366,-20.014459404094175
98.9761,98.9761,133.0,142.57522194624238,142.20678240903018,-22.955221946242382
98.9956,98.9956,140.0,142.5158585838677,142.15128027276347,-15.895858583867698
99.0151,99.0151,124.0,142.45651170875024,142.09572460069583,-31.836511708750244
99.0345,99.0345,136.0,142.3973222750981,142.04024039236361,-19.777322275098108
99.054,99.054,144.0,142.3380006551888,141.98457807119772,-11.718000655188808
99.0734,99.0734,133.0,142.2788319807998,141.92898582911943,-22.658831980799796
99.0929,99.0929,145.0,142.21952589097134,141.87321177447808,-10.599525890971341
99.1123,99.1123,149.0,142.16036468664853,141.81750521025316,-6.540364686648536
99.1318,99.1318,135.0,142.10105951152454,141.76161179865267,-20.481059511524542
99.1513,99.1513,139.0,142.0417498858412,141.7056557919947,-16.4217498858412
99.1707,99.1707,149.0,141.98257545672212,141.6497626947344,-6.3625754567221176
99.1902,99.1902,152.0,141.9232450863004,141.5936748942255,-3.3032450863003984
99.2096,99.2096,140.0,141.8640452990054,141.53764615412905,-15.244045299005398
99.2291,99.2291,156.0,141.804681189914,141.48141792645254,0.8153188100860067
99.2485,99.2485,154.0,141.74544059457963,141.42524612106973,-1.1254405945796346
99.268,99.268,153.0,141.68603189642218,141.36887089184623,-2.0660318964221798
99.2875,99.2875,153.0,141.62659787728688,141.31242092235956,-2.006597877286884
99.3069,99.3069,141.0,141.56728225723,141.25602736171848,-13.947282257230006
99.3264,99.3264,149.0,141.50779472540572,141.19942948983444,-5.887794725405717
99.3458,99.3458,143.0,141.44842718756166,141.14289036119885,-11.828427187561664
99.3653,99.3653,143.0,141.3888853821705,141.08614760682968,-11.768885382170515
99.3847,99.3847,127.0,141.3294635672975,141.0294664875729,-27.709463567297497
99.4042,99.4042,139.0,141.2698681964495,140.97258272507906,-15.649868196449495
99.4237,99.4237,155.0,141.21024384734045,140.91562856745645,0.4097561526595488
99.4431,99.4431,135.0,141.15073713622442,140.85873785768496,-19.530737136224424
99.4626,99.4626,124.0,141.09105383540202,140.80164288897032,-30.471053835402024
99.482,99.482,169.0,141.0314870846446,140.74461243092003,14.588512915355404
99.5015,99.5015,159.0,140.97173851671386,140.6873750860969,4.648261483286143
99.5209,99.5209,135.0,140.91210348271744,140.63020064414067,-19.292103482717444
99.5404,99.5404,143.0,140.8522837984379,140.57281711966908,-11.232283798437896
99.5598,99.5598,133.0,140.79257456913282,140.51549656424308,-21.172574569132827
99.5793,99.5793,146.0,140.7326777757361,140.45796455911474,-8.112677775736108
99.5988,99.5988,166.0,140.67273942829823,140.40035634689576,11.94726057170177
99.6182,99.6182,130.0,140.6129069947938,140.34280927739147,-23.992906994793806
99.6377,99.6377,133.0,140.5528804095734,140.28504624050487,-20.932880409573393
99.6571,99.6571,169.0,140.49295850908445,140.22734336903196,15.127041490915554
99.6766,99.6766,146.0,140.43283591691716,140.16942013077917,-7.812835916917157
99.696,99.696,151.0,140.37281289751584,140.11155430304314,-2.7528128975158435
99.7155,99.7155,150.0,140.31258540961878,140.05346401931865,-3.6925854096187773
99.735,99.735,142.0,140.25230266781986,139.99528831429035,-11.632302667819863
99.7544,99.7544,147.0,140.19211515578613,139.93716862854205,-6.572115155786127
99.7739,99.7739,128.0,140.13171838164064,139.87882115269298,-25.51171838164064
99.7933,99.7933,150.0,140.0714169523895,139.82052994253795,-3.451416952389513
99.8128,99.8128,138.0,140.01090201082485,139.76200856095534,-15.39090201082485
99.8322,99.8322,138.0,139.95047980314456,139.7035425180648,-15.330479803144561
99.8517,99.8517,137.0,139.88984160659882,139.64484360415508,-16.269841606598824
99.8712,99.8712,145.0,139.82913819617013,139.58605385301385,-8.209138196170136
99.8906,99.8906,145.0,139.7685227398279,139.52731689095853,-8.148522739827888
99.9101,99.9101,153.0,139.70768430625793,139.46834106423745,-0.08768430625793222
99.9295,99.9295,138.0,139.64693070175431,139.4094161316589,-15.026930701754315
99.949,99.949,162.0,139.58594973100492,139.35024931280225,9.034050268995083
99.9684,99.9684,146.0,139.52505212617305,139.29113271750884,-6.905052126173052
99.9879,99.9879,140.0,139.46392483981296,139.2317721630003,-12.843924839812962
100.0074,100.0074,140.0,139.40272299792173,139.17231456378533,-12.782722997921729
