"limits",30.0009,100.0074
"masked X","X","obs","calc","bkg","diff"
30.0009,30.0009,219.0,236.5637838126264,236.3142,-41.58378381262641
30.0204,30.0204,237.0,236.5888881037464,236.33867422167023,-23.6088881037464
30.0398,30.0398,240.0,236.61385644293895,236.36301317096272,-20.633856442938953
30.0593,30.0593,208.0,236.63894614615546,236.3874677648804,-52.65894614615546
30.0787,30.0787,224.0,236.66389991768696,236.4117871870755,-36.68389991768696
30.0982,30.0982,202.0,236.68897506686702,236.43622215324066,-58.70897506686701
30.1177,30.1177,227.0,236.71404291104642,236.46064728030115,-33.734042911046416
30.1371,30.1371,232.0,236.7389749548674,236.48493738675108,-28.758974954867387
30.1566,30.1566,215.0,236.76402829280357,236.509342886059,-45.78402829280357
30.176,30.176,248.0,236.78894596215127,236.53361346541155,-12.808945962151274
30.1955,30.1955,204.0,236.81398491707986,236.55799933696693,-56.83398491707986
30.2149,30.2149,258.0,236.83888823933646,236.5822503892221,-2.858888239336455
30.2344,30.2344,235.0,236.86391274795537,236.606616633025,-25.883912747955367
30.2539,30.2539,216.0,236.88893008891458,236.63097303772312,-44.90893008891457
30.2733,30.2733,243.0,236.91381199060828,236.65519477423314,-17.93381199060828
30.2928,30.2928,219.0,236.93881508785847,236.67953155117877,-41.95881508785847
30.3122,30.3122,242.0,236.96368282298954,236.70373376059138,-18.98368282298954
30.3317,30.3317,249.0,236.98867161737124,236.72805090978449,-12.008671617371238
30.3511,30.3511,236.0,237.01352524657193,236.7522335920997,-25.03352524657193
30.3706,30.3706,239.0,237.03849981343882,236.7765311135403,-22.058499813438818
30.3901,30.3901,237.0,237.0634674283183,236.80081879587615,-24.08346742831829
30.4095,30.4095,241.0,237.08829991160792,236.82497216244624,-20.10829991160792
30.429,30.429,218.0,237.11325336080324,236.84924021702955,-43.13325336080324
30.4484,30.4484,248.0,237.13807192421487,236.87337405650223,-13.15807192421487
30.4679,30.4679,218.0,237.16301127792292,236.89762248333304,-43.183011277922915
30.4873,30.4873,226.0,237.18781590537984,236.92173679570834,-35.20781590537983
30.5068,30.5068,264.0,237.21274140473918,236.94596559478666,2.7672585952608237
30.5263,30.5263,253.0,237.23765996196215,236.9701845547602,-8.257659961962151
30.5457,30.5457,218.0,237.26244373980896,236.99426955139035,-43.282443739808954
30.5652,30.5652,227.0,237.28734835464272,237.01846888361138,-34.30734835464271
30.5846,30.5846,217.0,237.3121184454598,237.04253435314413,-44.332118445459784
30.6041,30.6041,226.0,237.33700926504784,237.06671405761264,-35.357009265047836
30.6235,30.6235,239.0,237.3617656380267,237.09076000004802,-22.381765638026696
30.643,30.643,224.0,237.38664279093254,237.11492007676398,-37.40664279093254
30.6625,30.6625,219.0,237.41151302118053,237.13907031437526,-42.43151302118052
30.6819,30.6819,219.0,237.43624892504388,237.16308694106544,-42.45624892504388
30.7014,30.7014,233.0,237.46110555962994,237.1872175509242,-28.481105559629942
30.7208,30.7208,213.0,237.48582794797542,237.21121465051704,-48.50582794797542
30.7403,30.7403,203.0,237.51067105999596,237.23532563262324,-58.53067105999595
30.7597,30.7597,203.0,237.5353799892291,237.2593032051187,-58.55537998922911
30.7792,30.7792,224.0,237.56020958109067,237.28339455947238,-37.58020958109067
30.7987,30.7987,243.0,237.58503234080308,237.3074760747213,-18.60503234080308
30.8181,30.8181,210.0,237.60972120227288,237.3314243314716,-51.629721202272876
30.8376,30.8376,221.0,237.63453068955974,237.35548621896805,-40.654530689559735
30.857,30.857,234.0,237.65920622789204,237.37941494862093,-27.679206227892042
30.8765,30.8765,221.0,237.68400235704428,237.40345720836487,-40.704002357044274
30.8959,30.8959,232.0,237.70866473252326,237.42736641092034,-29.72866473252326
30.9154,30.9154,216.0,237.7334476046065,237.45138904291176,-45.75344760460651
30.9349,30.9349,239.0,237.75822389215233,237.4754018357984,-22.77822389215233
30.9543,30.9543,210.0,237.78286651964504,237.49928172260877,-51.802866519645036
30.9738,30.9738,245.0,237.80762970948115,237.5232748877429,-16.827629709481148
30.9932,30.9932,211.0,237.83225934788598,237.54713524745586,-50.852259347885976
31.0127,31.0127,206.0,237.85700934461386,237.57110878483746,-55.87700934461385
31.0321,31.0321,237.0,237.881626074741,237.59494961745307,-24.901626074741007
31.0516,31.0516,255.0,237.90636317425788,237.61890352708215,-6.926363174257876
31.0711,31.0711,214.0,237.93109383078482,237.64284759760653,-47.951093830784814
31.0905,31.0905,222.0,237.95569121132752,237.66665911447694,-39.975691211327515
31.11,31.11,220.0,237.98040896433432,237.69058355724877,-42.00040896433431
31.1294,31.1294,233.0,238.00499358536695,237.71437554702183,-29.024993585366946
31.1489,31.1489,242.0,238.02969855418567,237.73828036204114,-20.04969855418567
31.1683,31.1683,204.0,238.05427050377332,237.7620528247168,-58.07427050377332
31.1878,31.1878,231.0,238.0789628354267,237.78593801198357,-31.098962835426693
31.2073,31.2073,224.0,238.10364873141367,237.80981336014565,-38.12364873141367
31.2267,31.2267,241.0,238.12820178475928,237.83355650707614,-21.148201784759284
31.2462,31.2462,229.0,238.15287517144048,237.85741222748567,-33.17287517144048
31.2656,31.2656,229.0,238.1774157448679,237.88113584731877,-33.19741574486788
31.2851,31.2851,241.0,238.20207665692524,237.9049719399758,-21.222076656925243
31.3045,31.3045,214.0,238.22660484942634,237.92867603271154,-48.24660484942633
31.324,31.324,221.0,238.25125339506656,237.95249249761602,-41.27125339506655
31.3435,31.3435,210.0,238.2758955932048,237.97629912341577,-52.295895593204804
31.3629,31.3629,237.0,238.30040534101133,237.99997390040633,-25.320405341011327
31.3824,31.3824,217.0,238.32503539528068,238.0237608984536,-45.345035395280675
31.4018,31.4018,234.0,238.34953299950539,238.04741614834677,-28.369532999505385
31.4213,31.4213,230.0,238.37415078845078,238.0711835186415,-32.39415078845077
31.4407,31.4407,214.0,238.39863636906944,238.09481924143728,-48.41863636906943
31.4602,31.4602,224.0,238.42324202330815,238.1185669839795,-38.443242023308144
31.4797,31.4797,220.0,238.4478416960185,238.14230488741694,-42.46784169601848
31.4991,31.4991,233.0,238.47230923487368,238.16591129446758,-29.492309234873677
31.5186,31.5186,228.0,238.4968969906022,238.1896295701525,-34.516896990602206
31.538,31.538,227.0,238.5213526717975,238.21321645010576,-35.5413526717975
31.5575,31.5575,244.0,238.5459284656858,238.23691509803817,-18.56592846568579
31.5769,31.5769,212.0,238.5703724453824,238.26048245089405,-50.590372445382386
31.5964,31.5964,203.0,238.5949364829666,238.28416147107393,-59.6149364829666
31.6159,31.6159,230.0,238.6194947445625,238.3078306521491,-32.6394947445625
31.6353,31.6353,216.0,238.643921157244,238.33136868925982,-46.66392115724399
31.6548,31.6548,236.0,238.66846772376218,238.35501824258247,-26.688467723762177
31.6742,31.6742,217.0,238.6928826885739,238.37853675259578,-45.712882688573885
31.6937,31.6937,231.0,238.71741769607345,238.40216667816588,-31.737417696073454
31.7131,31.7131,235.0,238.74182118132885,238.42566566108184,-27.761821181328845
31.7326,31.7326,228.0,238.76634487285682,238.44927595889942,-34.786344872856816
31.7521,31.7521,217.0,238.7908627367882,238.47287641761233,-45.810862736788195
31.7715,31.7715,202.0,238.81524934218453,238.49634608478306,-60.835249342184525
31.791,31.791,257.0,238.83975590844307,238.51992691574344,-5.859755908443066
31.8104,31.8104,217.0,238.8641313137105,238.5433770558168,-45.88413131371048
31.8299,31.8299,213.0,238.8886268613776,238.56693825902462,-49.908626861377584
31.8493,31.8493,227.0,238.91299114997702,238.59036887200062,-35.93299114997701
31.8688,31.8688,243.0,238.93747559584577,238.61391044745594,-19.957475595845768
31.8883,31.8883,228.0,238.9619543704529,238.6374421838065,-34.9819543704529
31.9077,31.9077,245.0,238.98630233004297,238.66084348103735,-18.006302330042974
31.9272,31.9272,195.0,239.0107703280938,238.68435558963537,-68.0307703280938
31.9466,31.9466,223.0,239.03510744962247,238.70773735976886,-40.05510744962247
31.9661,31.9661,225.0,239.05956460185445,238.7312298406144,-38.07956460185444
31.9855,31.9855,229.0,239.08389112699285,238.75459208365046,-34.10389112699285
32.005,32.005,217.0,239.10833757250913,238.77806493674348,-46.128337572509125
32.0245,32.0245,223.0,239.13277874468898,238.80152795073172,-40.15277874468897
32.0439,32.0439,224.0,239.15708935606995,238.82486087802266,-39.17708935606994
32.0634,32.0634,257.0,239.1815200799965,238.8483042642584,-6.201520079996488
32.0828,32.0828,223.0,239.20582030220754,238.87161766445192,-40.22582030220754
32.1023,32.1023,208.0,239.23024051395575,238.89504142293515,-55.250240513955745
32.1217,32.1217,213.0,239.254530441042,238.9183352960313,-50.27453044104199
32.1412,32.1412,219.0,239.27894043132204,238.94173942676198,-44.29894043132204
32.1607,32.1607,221.0,239.30334537655105,238.965133718388,-42.323345376551046
32.1801,32.1801,217.0,239.32762010145908,238.98839827573897,-46.34762010145907
32.1996,32.1996,239.0,239.35201483467273,239.0117729396124,-24.37201483467273
32.219,32.219,234.0,239.3762795373402,239.03501796986603,-29.396279537340195
32.2385,32.2385,215.0,239.40066437434328,239.05837300598694,-48.420664374343275
32.2579,32.2579,229.0,239.4249192104001,239.08159850914316,-34.4449192104001
32.2774,32.2774,229.0,239.44929424478005,239.10493391751157,-34.469294244780045
32.2969,32.2969,227.0,239.47366426951572,239.12825948677522,-36.49366426951572
32.3163,32.3163,213.0,239.49790465626637,239.15145567418628,-50.51790465626637
32.3358,32.3358,242.0,239.52226498668637,239.17476161569743,-21.542264986686366
32.3552,32.3552,246.0,239.54649569834902,239.19793827601112,-17.56649569834902
32.3747,32.3747,213.0,239.57084669582215,239.22122458976975,-50.59084669582215
32.3941,32.3941,224.0,239.59506798533732,239.24438172298605,-39.61506798533732
32.4136,32.4136,213.0,239.6194095509012,239.26764840899216,-50.63940955090119
32.4331,32.4331,228.0,239.64374628297193,239.2909052558935,-35.66374628297193
32.4525,32.4525,235.0,239.66795382690788,239.31403307336464,-28.687953826907876
32.472,32.472,232.0,239.6922814814529,239.33727029251347,-31.71228148145291
32.4914,32.4914,223.0,239.71647981784255,239.36037858288722,-40.73647981784255
32.5109,32.5109,244.0,239.74079853182087,239.38359617428353,-19.76079853182087
32.5303,32.5303,223.0,239.76498794372668,239.40668493755993,-40.78498794372668
32.5498,32.5498,222.0,239.7892975541314,239.42988290120374,-41.80929755413139
32.5693,32.5693,205.0,239.81360287126665,239.4530710257428,-58.83360287126665
32.5887,32.5887,213.0,239.83777908632925,239.476130473274,-50.857779086329245
32.6082,32.6082,216.0,239.8620757302727,239.49929897006055,-47.88207573027269
32.6276,32.6276,226.0,239.88624344018749,239.52233889049438,-37.90624344018748
32.6471,32.6471,218.0,239.9105314500933,239.54548775952838,-45.930531450093284
32.6665,32.6665,228.0,239.93469070543296,239.56850815286484,-35.95469070543295
32.686,32.686,204.0,239.9589703176811,239.59163739414632,-59.97897031768109
32.7055,32.7055,217.0,239.9832458881318,239.61475679632312,-47.00324588813179
32.7249,32.7249,208.0,240.0073927370687,239.63774787391438,-56.027392737068695
32.7444,32.7444,225.0,240.03165994850193,239.66084764833863,-39.05165994850192
32.7638,32.7638,257.0,240.0557989108149,239.68381919883254,-7.0757989108149
32.7833,32.7833,259.0,240.0800580766591,239.70689934550424,-5.100058076659099
32.8027,32.8027,191.0,240.1041890029545,239.72985136890077,-73.12418900295451
32.8222,32.8222,226.0,240.12844052173972,239.75291188781995,-38.148440521739715
32.8416,32.8416,236.0,240.15256368746338,239.7758443841191,-28.172563687463384
32.8611,32.8611,228.0,240.17680743162208,239.79888527528576,-36.19680743162208
32.8806,32.8806,202.0,240.20104726720058,239.82191632734774,-62.221047267200575
32.9,32.9,216.0,240.2251592079478,239.84481950790166,-48.24515920794779
32.9195,32.9195,216.0,240.24939169690163,239.86783093221112,-48.26939169690162
32.9389,32.9389,229.0,240.27349621966522,239.8907145856677,-35.293496219665215
32.9584,32.9584,217.0,240.2977214640439,239.9137063822246,-47.317721464043885
32.9778,32.9778,225.0,240.32181884477387,239.9365705085838,-39.34181884477387
32.9973,32.9973,237.0,240.34603684975153,239.95954267738819,-27.366036849751527
33.0168,33.0168,242.0,240.370251428477,239.98250500708784,-22.39025142847699
33.0362,33.0362,240.0,240.39433837369359,240.00533981770187,-24.414338373693585
33.0557,33.0557,240.0,240.41854617592568,240.02828251964903,-24.438546175925683
33.0751,33.0751,219.0,240.44262642715933,240.05109780316565,-45.46262642715932
33.0946,33.0946,237.0,240.46682736378796,240.07402087736025,-27.486827363787956
33.114,33.114,207.0,240.49090117681436,240.09681663377953,-57.51090117681436
33.1335,33.1335,214.0,240.51509557479267,240.1197200802216,-50.53509557479266
33.153,33.153,236.0,240.53928706616304,240.14261368755896,-28.55928706616304
33.1724,33.1724,223.0,240.56335126384806,240.16538012823307,-41.58335126384806
33.1919,33.1919,221.0,240.58753640989303,240.1882541078179,-43.60753640989303
33.2113,33.2113,239.0,240.61159446078858,240.21100102139462,-25.63159446078858
33.2308,33.2308,232.0,240.6357735901901,240.23385537322693,-32.655773590190094
33.2502,33.2502,224.0,240.6598258734478,240.25658275970628,-40.6798258734478
33.2697,33.2697,229.0,240.6839991944864,240.27941748378606,-35.7039991944864
33.2892,33.2892,241.0,240.7081695697681,240.3022423687611,-23.728169569768102
33.3086,33.3086,226.0,240.73221344405442,240.32494043949526,-38.75221344405442
33.3281,33.3281,205.0,240.7563782307286,240.34774569671782,-59.77637823072858
33.3475,33.3475,216.0,240.78041653334185,240.3704242403546,-48.800416533341846
33.367,33.367,215.0,240.80457623735114,240.39320986982463,-49.82457623735114
33.3864,33.3864,202.0,240.82860934834574,240.41586888636405,-62.84860934834573
33.4059,33.4059,216.0,240.85276388805715,240.43863488808154,-48.87276388805715
33.4254,33.4254,244.0,240.87691573732607,240.4613910506943,-20.896915737326072
33.4448,33.4448,251.0,240.90094153290255,240.48402075148852,-13.92094153290255
33.4643,33.4643,254.0,240.92508872951623,240.50675728634877,-10.945088729516232
33.4837,33.4837,233.0,240.94910971010523,240.52936746004562,-31.969109710105233
33.5032,33.5032,215.0,240.973252462471,240.55208436715333,-49.993252462471006
33.5226,33.5226,218.0,240.99726900704326,240.5746750137528,-47.017269007043254
33.5421,33.5421,222.0,241.02140711234733,240.597372293108,-43.04140711234733
33.5616,33.5616,238.0,241.04554325352575,240.62005973335846,-27.06554325352575
33.581,33.581,231.0,241.06955354710428,240.6426210642128,-34.08955354710427
33.6005,33.6005,230.0,241.09368575228174,240.6652888767107,-35.11368575228174
33.6199,33.6199,215.0,241.11769212766237,240.68783068046764,-50.13769212766236
33.6394,33.6394,230.0,241.14182036391682,240.71047886521308,-35.16182036391682
33.6588,33.6588,206.0,241.16582303824055,240.73300114187262,-59.18582303824054
33.6783,33.6783,215.0,241.1899477487787,240.7556296988655,-50.2099477487787
33.6978,33.6978,222.0,241.21407080827757,240.77824841675366,-43.234070808277565
33.7172,33.7172,242.0,241.23806847957974,240.80074137766806,-23.258068479579737
33.7367,33.7367,232.0,241.26218824711393,240.82334046780366,-33.28218824711392
33.7561,33.7561,225.0,241.2861829362058,240.8458139016207,-40.306182936205786
33.7756,33.7756,242.0,241.3102997363437,240.8683933640038,-23.330299736343694
33.795,33.795,211.0,241.3342914720051,240.89084727072344,-54.3542914720051
33.8145,33.8145,249.0,241.35840563117668,240.913407105354,-16.37840563117668
33.834,33.834,256.0,241.38251854901347,240.93595710087988,-9.402518549013468
33.8534,33.8534,223.0,241.40650653152423,240.95838169185436,-42.426506531524225
33.8729,33.8729,203.0,241.43061689593756,240.98091205962766,-62.45061689593756
33.8923,33.8923,257.0,241.45460286871526,241.00331712350473,-8.474602868715255
33.9118,33.9118,245.0,241.47871128262574,241.02582786352556,-20.498711282625738
33.9312,33.9312,225.0,241.50269510699917,241.04821340030526,-40.522695106999166
33.9507,33.9507,234.0,241.52680186992444,241.07070451257354,-31.54680186992444
33.9702,33.9702,239.0,241.55090766981363,241.0931857857371,-26.570907669813625
33.9896,33.9896,238.0,241.57488921612298,241.11554200677165,-27.594889216122983
34.0091,34.0091,220.0,241.59899365334678,241.13800365218268,-45.61899365334678
34.0285,34.0285,255.0,241.62297385739598,241.16034034611982,-10.642973857395976
34.048,34.048,227.0,241.64707733183698,241.18278236377833,-38.66707733183698
34.0674,34.0674,226.0,241.67105666018784,241.2050995306181,-39.69105666018784
34.0869,34.0869,239.0,241.69515908094183,241.2275219205241,-26.715159080941834
34.1064,34.1064,216.0,241.71926133040105,241.24993447132533,-49.73926133040105
34.1258,34.1258,260.0,241.74323972450838,241.27222232241996,-5.763239724508384
34.1453,34.1453,229.0,241.76734165078264,241.2946152454687,-36.787341650782636
34.1647,34.1647,251.0,241.7913198474973,241.31688356946592,-14.811319847497305
34.1842,34.1842,243.0,241.81542163911132,241.33925686476212,-22.83542163911132
34.2036,34.2036,223.0,241.83939981458872,241.36150566166197,-42.85939981458871
34.2231,34.2231,216.0,241.86350195563108,241.38385932920568,-49.883501955631075
34.2426,34.2426,244.0,241.89456317673404,241.40620315764463,-21.91456317673404
34.262,34.262,214.0,241.91854872252281,241.4284226387993,-51.93854872252281
34.2815,34.2815,212.0,241.94265831213187,241.45074683948573,-53.962658312131865
34.3009,34.3009,234.0,241.9666448800145,241.47294679354303,-31.986644880014513
34.3204,34.3204,229.0,241.99075549834916,241.49525136647694,-37.010755498349155
34.3398,34.3398,235.0,242.0147431337425,241.51743179343686,-31.034743133742513
34.3593,34.3593,222.0,242.03885519468884,241.53971673861824,-44.05885519468883
34.3788,34.3788,247.0,242.06296813466292,241.56199184469492,-19.082968134662924
34.3982,34.3982,244.0,242.08695818142186,241.58414295590964,-22.106958181421863
34.4177,34.4177,231.0,242.11107272343634,241.6063984342338,-35.13107272343633
34.4371,34.4371,223.0,242.13506496993895,241.62853001835117,-43.15506496993895
34.4566,34.4566,239.0,242.15918189402416,241.65076586892278,-27.179181894024158
34.476,34.476,232.0,242.18665860376788,241.67287792594277,-34.20665860376788
34.4955,34.4955,216.0,242.21078165179796,241.69509414876185,-50.230781651797955
34.515,34.515,239.0,242.23490579526413,241.71730053247617,-27.254905795264126
34.5344,34.5344,236.0,242.2589079341693,241.739383273751,-30.278907934169286
34.5539,34.5539,245.0,242.28303529437693,241.76157002971283,-21.30303529437693
34.5733,34.5733,251.0,242.30704060008586,241.7836332438903,-15.327040600085855
34.5928,34.5928,198.0,242.3311716021363,241.8058003720996,-68.35117160213629
34.6122,34.6122,255.0,242.35518065293016,241.82784405917965,-11.375180652930158
34.6317,34.6317,260.0,242.37931541931815,241.84999155963646,-6.399315419318146
34.6512,34.6512,249.0,242.4034522273665,241.8721292209885,-17.4234522273665
34.6706,34.6706,228.0,242.42746742042954,241.89414359232342,-38.44746742042953
34.6901,34.6901,206.0,242.45160885463932,241.91626162592294,-60.471608854639314
34.7095,34.7095,229.0,242.47562873289377,241.93825647016047,-37.49562873289376
34.729,34.729,238.0,242.4997748952289,241.96035487600744,-28.51977489522891
34.7484,34.7484,229.0,242.52379979354262,241.9823301931476,-37.54379979354262
34.7679,34.7679,217.0,242.54795131273954,242.00440897124207,-49.56795131273954
34.7874,34.7874,262.0,242.5721055483521,242.02647791023185,-4.592105548352112
34.8068,34.8068,214.0,242.59613876529522,242.04842391162683,-52.61613876529522
34.8263,34.8263,222.0,242.62029898159088,242.07047322286405,-44.640298981590874
34.8457,34.8457,235.0,242.64433817960662,242.09239969716165,-31.66433817960662
34.8652,34.8652,257.0,242.66850463061695,242.11442938064636,-9.68850463061695
34.8846,34.8846,236.0,242.69255035206706,242.13633632784655,-30.71255035206706
34.9041,34.9041,203.0,242.71672361628072,242.15834638357873,-63.73672361628071
34.9236,34.9236,206.0,242.74090043592852,242.1803466002062,-60.76090043592852
34.943,34.943,213.0,242.76495680443082,242.20222423166123,-53.78495680443082
34.9625,34.9625,236.0,242.78914102605913,242.2242048205362,-30.809141026059127
34.9819,34.9819,250.0,242.813204938105,242.2460629248938,-16.833204938105002
35.0014,35.0014,240.0,242.83739695416318,242.26802388601624,-26.857396954163182
35.0208,35.0208,224.0,242.86146923221054,242.28986246327653,-42.881469232210534
35.0403,35.0403,232.0,242.88566967307796,242.31180379664642,-34.90566967307795
35.0598,35.0598,236.0,242.9098743910019,242.33373529091156,-30.929874391001892
35.0792,35.0792,253.0,242.93395950166433,242.35554455242666,-13.953959501664333
35.0987,35.0987,239.0,242.95817336656356,242.3774564189393,-27.978173366563556
35.1181,35.1181,267.0,242.98226778259595,242.39924615335704,-0.00226778259595406
35.1376,35.1376,242.0,243.0064913976243,242.42113839211714,-25.0264913976243
35.157,35.157,245.0,243.03059559884923,242.4429085994375,-22.05059559884923
35.1765,35.1765,216.0,243.05482918771182,242.4647812104451,-51.07482918771181
35.196,35.196,267.0,243.07906795998096,242.48664398234794,-0.0990679599809603
35.2154,35.2154,254.0,243.10318782039064,242.50838487392315,-13.123187820390644
35.2349,35.2349,245.0,243.1274377987621,242.53022801807347,-22.147437798762088
35.2543,35.2543,238.0,243.15156881049865,242.55194938255127,-29.171568810498645
35.2738,35.2738,215.0,243.17582989415916,242.57377289894907,-52.19582989415916
35.2932,35.2932,207.0,243.1999726393628,242.5954747363295,-60.21997263936281
35.3127,35.3127,232.0,243.2242457792063,242.61727862497477,-35.24424577920631
35.3322,35.3322,233.0,243.24852519834673,242.63907267451535,-34.26852519834672
35.3516,35.3516,211.0,243.27268625365264,242.66074519615057,-56.29268625365263
35.3711,35.3711,242.0,243.2969786406627,242.68251961793862,-25.3169786406627
35.3905,35.3905,231.0,243.32115278783513,242.70417261247653,-36.34115278783513
35.41,35.41,236.0,243.34545838188592,242.72592740651203,-31.36545838188592
35.4294,35.4294,231.0,243.3696462647613,242.74756087395252,-36.38964626476128
35.4489,35.4489,218.0,243.39396584645368,242.7692960402355,-49.41396584645368
35.4684,35.4684,234.0,243.41829282235125,242.79102136741378,-33.438292822351244
35.4878,35.4878,252.0,243.44250233684568,242.81262551910908,-15.462502336845677
35.5073,35.5073,259.0,243.46684402298445,242.83433121853483,-8.486844022984446
35.5267,35.5267,261.0,243.491068597297,242.85591584313275,-6.511068597296987
35.5462,35.5462,246.0,243.515425910621,242.87760191480598,-21.53542591062099
35.5656,35.5656,252.0,243.5396664807518,242.89916701230655,-15.559666480751805
35.5851,35.5851,219.0,243.56404001908854,242.92083345622723,-48.58404001908853
35.6045,35.6045,256.0,243.58829687611987,242.94237902663045,-11.60829687611987
35.624,35.624,240.0,243.61268728109522,242.9640258427986,-27.63268728109522
35.6435,35.6435,242.0,243.63708625893335,242.98566281986203,-25.65708625893335
35.6629,35.6629,239.0,243.661369087072,243.00717907452005,-28.68136908707199
35.6824,35.6824,234.0,243.6857862153705,243.02879642383098,-33.70578621537051
35.7018,35.7018,241.0,243.71008717872658,243.0502931513916,-26.73008717872658
35.7213,35.7213,253.0,243.73452267314013,243.07189087295,-14.754522673140134
35.7407,35.7407,242.0,243.75884246441834,243.09336807341325,-25.778842464418336
35.7602,35.7602,237.0,243.78329751225488,243.11494616721913,-30.803297512254876
35.7797,35.7797,252.0,243.8077623493255,243.13651442192025,-15.827762349325486
35.7991,35.7991,250.0,243.8321116798613,243.15796230663835,-17.8521116798613
35.8186,35.8186,260.0,243.85659710797006,243.17951093358695,-7.87659710797006
35.838,35.838,247.0,243.88096722060072,243.20093929120767,-20.900967220600723
35.8575,35.8575,255.0,243.90547351712726,243.22246829040375,-12.925473517127262
35.8769,35.8769,255.0,243.9298650392095,243.24387712092707,-12.949865039209488
35.8964,35.8964,240.0,243.95439335517418,243.26538649237065,-27.974393355174175
35.9159,35.9159,233.0,243.97893323806338,243.2868860247095,-34.99893323806337
35.9353,35.9353,254.0,244.00335838795982,243.30826553948765,-14.02335838795982
35.9548,35.9548,241.0,244.0279211312934,243.32974544407398,-27.047921131293396
35.9742,35.9742,209.0,244.05236981004285,243.35110543175475,-59.072369810042844
35.9937,35.9937,247.0,244.07695653779822,243.37256570858852,-21.096956537798224
36.0131,36.0131,231.0,244.10142938179254,243.39390616917194,-37.12142938179254
36.0326,36.0326,223.0,244.1260412113376,243.4153468182532,-45.14604121133759
36.0521,36.0521,219.0,244.15066561564907,243.43677762822978,-49.17066561564907
36.0715,36.0715,217.0,244.1751765470874,243.45808877306797,-51.1951765470874
36.091,36.091,243.0,244.1998268740937,243.479499955292,-25.2198268740937
36.1104,36.1104,225.0,244.2243645734092,243.50079157303284,-43.244364573409186
36.1299,36.1299,242.0,244.24904213039218,243.52218312750435,-26.269042130392183
36.1493,36.1493,254.0,244.27360674237426,243.54345521814778,-14.293606742374255
36.1688,36.1688,266.0,244.2983122021872,243.5648271448668,-2.3183122021871903
36.1883,36.1883,230.0,244.32303196445716,243.58618923248102,-38.343031964457154
36.2077,36.2077,240.0,244.3476398046978,243.60743200737932,-28.36763980469779
36.2272,36.2272,264.0,244.37238906226608,243.62877446724104,-4.39238906226608
36.2466,36.2466,249.0,244.39702633672331,243.64999771504196,-19.417026336723314
36.2661,36.2661,244.0,244.42180616218383,243.67132054715117,-24.441806162183827
36.2855,36.2855,223.0,244.44647406474354,243.6925242678547,-45.46647406474354
36.305,36.305,234.0,244.47128497599127,243.7138274722114,-34.49128497599126
36.3245,36.3245,263.0,244.49611212504664,243.7351208374633,-5.516112125046636
36.3439,36.3439,266.0,244.5208280743081,243.7562952424217,-2.5408280743080986
36.3634,36.3634,222.0,244.54568803528804,243.7775689799211,-46.565688035288034
36.3828,36.3828,239.0,244.57043758671037,243.7987238577821,-29.59043758671037
36.4023,36.4023,259.0,244.5953317180476,243.81997796752898,-9.615331718047589
36.4217,36.4217,211.0,244.62011531162588,243.8411133182926,-57.64011531162588
36.4412,36.4412,248.0,244.64504439536026,243.86234780028698,-20.66504439536026
36.4607,36.4607,241.0,244.66999181130367,243.88357244317663,-27.689991811303674
36.4801,36.4801,240.0,244.69482923815644,243.90467847819508,-28.714829238156444
36.4996,36.4996,247.0,244.71981306547343,243.9258834933322,-21.73981306547343
36.519,36.519,249.0,244.7446877030576,243.94697000125325,-19.764687703057593
36.5385,36.5385,255.0,244.76970962351533,243.96815538863785,-13.789709623515325
36.5579,36.5579,238.0,244.79462280044297,243.98922236946154,-30.814622800442965
36.5774,36.5774,229.0,244.81968414596443,244.0103881290936,-39.839684145964426
36.5969,36.5969,259.0,244.84476533175965,244.03154404962092,-9.864765331759646
36.6163,36.6163,263.0,244.86973814908424,244.05258171469947,-5.889738149084241
36.6358,36.6358,233.0,244.89486045787203,244.0737180074743,-35.914860457872024
36.6552,36.6552,247.0,244.9198751081271,244.0947361454554,-21.939875108127087
36.6747,36.6747,246.0,244.9450399140172,244.11585281047772,-22.9650399140172
36.6941,36.6941,261.0,244.97009705241365,244.13685142136146,-7.990097052413649
36.7136,36.7136,253.0,244.99530536570103,244.15794845863124,-16.01530536570103
36.7331,36.7331,248.0,245.02053645791761,244.1790356567963,-21.040536457917614
36.7525,36.7525,230.0,245.04566037281364,244.2000049519349,-39.06566037281364
36.772,36.772,269.0,245.0709370269634,244.22107252234738,-0.090937026963406
36.7914,36.7914,255.0,245.09610713452972,244.2420222903886,-14.116107134529717
36.8109,36.8109,235.0,245.12143101044288,244.26307023304858,-34.14143101044287
36.8303,36.8303,275.0,245.14664891376074,244.28400047399242,5.833351086239258
36.8498,36.8498,230.0,245.17202091702498,244.30502878889993,-39.192020917024976
36.8693,36.8693,231.0,245.1974182152869,244.32604726470265,-38.217418215286884
36.8887,36.8887,211.0,245.2227101955824,244.34694818990133,-58.242710195582404
36.9082,36.9082,263.0,245.2481585381044,244.36794703795152,-6.268158538104405
36.9276,36.9276,254.0,245.27350206496027,244.38882843605282,-15.293502064960268
36.9471,36.9471,255.0,245.29900246010865,244.4098076563505,-14.319002460108653
36.9665,36.9665,258.0,245.32439876520175,244.4306695273544,-11.344398765201749
36.986,36.986,244.0,245.34995319492648,244.45162911989956,-25.369953194926484
37.0055,37.0055,238.0,245.3755356634728,244.47257887334004,-31.39553566347279
37.0249,37.0249,242.0,245.40101463067742,244.49341142859873,-27.421014630677423
37.0444,37.0444,208.0,245.4266532431698,244.5143415542867,-61.44665324316979
37.0638,37.0638,261.0,245.452189122904,244.535154582448,-8.472189122904002
37.0833,37.0833,260.0,245.4778859299733,244.55606508038343,-9.497885929973297
37.1027,37.1027,228.0,245.5034810154459,244.5768585814474,-41.52348101544591
37.1222,37.1222,266.0,245.52923797820674,244.59774945163028,-3.5492379782067367
37.1417,37.1417,261.0,245.55502562465853,244.6186304827084,-8.575025624658526
37.1611,37.1611,219.0,245.58071225341493,244.63939466802722,-50.600712253414926
37.1806,37.1806,255.0,245.60656218357929,244.66025607135282,-14.626562183579285
37.2,37.2,270.0,245.63231224050728,244.68100072957427,0.34768775949272523
37.2195,37.2195,254.0,245.6582272704468,244.70184250514737,-15.678227270446786
37.2389,37.2389,232.0,245.68404220831098,244.72256763627138,-37.70404220831098
37.2584,37.2584,247.0,245.71002405642767,244.743389784092,-22.73002405642767
37.2779,37.2779,229.0,245.73603977564855,244.76420209280784,-40.756039775648546
37.2973,37.2973,238.0,245.76195652117607,244.7848979081867,-31.781956521176074
37.3168,37.3168,213.0,245.78804173584936,244.80569058915,-56.80804173584936
37.3362,37.3362,256.0,245.81402862526582,244.82636687743152,-13.83402862526582
37.3557,37.3557,242.0,245.84018602407843,244.8471399306423,-27.860186024078434
37.3751,37.3751,247.0,245.86624552645378,244.8677966918264,-22.88624552645378
37.3946,37.3946,241.0,245.89247621473152,244.8885501172847,-28.912476214731516
37.4141,37.4141,241.0,245.9187450150348,244.90929370363824,-28.9387450150348
37.4335,37.4335,255.0,245.94491718934677,244.92992114907722,-14.964917189346767
37.453,37.453,264.0,245.97126355828212,244.9506451076782,-5.991263558282117
37.4724,37.4724,238.0,245.99751391724774,244.97125302601978,-32.01751391724774
37.4919,37.4919,257.0,246.0239394605734,244.99195735686828,-13.043939460573387
37.5113,37.5113,236.0,246.05026989854056,245.01254574811247,-34.07026989854056
37.5308,37.5308,254.0,246.07677743250366,245.03323045120845,-16.09677743250366
37.5503,37.5503,230.0,246.10332732498972,245.0539053151997,-40.12332732498972
37.5697,37.5697,233.0,246.12978330050603,245.0744643906987,-37.14978330050603
37.5892,37.5892,220.0,246.1564185681304,245.09511962693745,-50.17641856813039
37.6086,37.6086,239.0,246.1829607792829,245.11565917533906,-31.202960779282893
37.6281,37.6281,263.0,246.20968474751226,245.13629478382526,-7.229684747512255
37.6475,37.6475,219.0,246.2363162037059,245.15681480512953,-51.25631620370591
37.667,37.667,223.0,246.26313094700276,245.1774307858632,-47.28313094700276
37.6865,37.6865,264.0,246.28999210606406,245.19803692749215,-6.309992106064062
37.7059,37.7059,248.0,246.31676294060938,245.21852763305122,-22.33676294060938
37.7254,37.7254,239.0,246.3437187405397,245.23911414692765,-31.363718740539714
37.7448,37.7448,265.0,246.37058571389383,245.25958532538937,-5.390585713893831
37.7643,37.7643,237.0,246.39764034137167,245.2801522115133,-33.417640341371666
37.7837,37.7837,241.0,246.42460571739542,245.30060386287758,-29.444605717395422
37.8032,37.8032,246.0,246.4517614904246,245.321151121249,-24.471761490424587
37.8227,37.8227,244.0,246.47896870869255,245.34168854051563,-26.498968708692548
37.8421,37.8421,260.0,246.506088655915,245.3621108761348,-10.526088655914993
37.8616,37.8616,260.0,246.53340145524177,245.3826286676489,-10.553401455241772
37.881,37.881,276.0,246.56062790951796,245.4030314761707,5.419372090482039
37.9005,37.9005,243.0,246.58805001809364,245.4235296399323,-27.60805001809364
37.9199,37.9199,242.0,246.61538668312014,245.44391292135668,-28.635386683120135
37.9394,37.9394,270.0,246.64292051940848,245.46439145736576,-0.6629205194084768
37.9589,37.9589,258.0,246.67051190639643,245.48486015427014,-12.690511906396427
37.9783,37.9783,254.0,246.69801981273713,245.50521411994936,-16.71801981273713
37.9978,37.9978,224.0,246.72572940896376,245.52566318910118,-46.745729408963754
38.0172,38.0172,254.0,246.75335585952132,245.54599762768305,-16.77335585952132
38.0367,38.0367,265.0,246.78118585714557,245.56642706908232,-5.8011858571455726
38.0561,38.0561,263.0,246.808935069492,245.5867419805668,-7.828935069492008
38.0756,38.0756,287.0,246.83688902175783,245.6071517942136,16.143110978242174
38.0951,38.0951,268.0,246.8649082247379,245.62755176875564,-2.884908224737888
38.1145,38.1145,281.0,246.89284790856624,245.64783736449493,10.087152091433762
38.134,38.134,244.0,246.92099715481183,245.66821771128448,-26.94099715481183
38.1534,38.1534,250.0,246.9490689642183,245.68848377992637,-20.969068964218298
38.1729,38.1729,260.0,246.97735293259447,245.7088444989634,-10.99735293259447
38.1923,38.1923,288.0,247.00556055797688,245.7290910405079,16.974439442023122
38.2118,38.2118,260.0,247.03398310940912,245.74943213179242,-11.05398310940912
38.2313,38.2313,255.0,247.06247716073,245.76976338397216,-16.082477160729997
38.2507,38.2507,223.0,247.0908973001838,245.78998060977153,-48.110897300183794
38.2702,38.2702,248.0,247.11953661986487,245.81029223419876,-23.139536619864874
38.2896,38.2896,234.0,247.14810349415077,245.83048993290075,-37.16810349415077
38.3091,38.3091,248.0,247.17689287108277,245.85078192957548,-23.19689287108277
38.3285,38.3285,257.0,247.205610902099,245.87096010118006,-14.22561090209901
38.348,38.348,238.0,247.23455581811757,245.89123247010227,-33.254555818117566
38.3675,38.3675,287.0,247.26357932020537,245.9114949999197,15.716420679794634
38.3869,38.3869,261.0,247.29253421718172,245.93164385577916,-10.312534217181724
38.4064,38.4064,265.0,247.32171991446188,245.95188675784408,-6.34171991446188
38.4258,38.4258,250.0,247.350838273001,245.97201608660615,-21.370838273000988
38.4453,38.4453,250.0,247.38019211199295,245.99223936091855,-21.400192111992954
38.4647,38.4647,260.0,247.40948001562873,246.01234916258323,-11.42948001562873
38.4842,38.4842,254.0,247.43900561142766,246.0325528091431,-17.45900561142766
38.5036,38.5036,263.0,247.46846775603353,246.05264308371042,-8.488467756033533
38.5231,38.5231,242.0,247.49817215196185,246.07282710251778,-29.518172151961853
38.5426,38.5426,262.0,247.52796786656782,246.09300128222043,-9.54796786656782
38.562,38.562,255.0,247.55770267327054,246.11306224104257,-16.57770267327054
38.5815,38.5815,263.0,247.5876847828246,246.13321679299264,-8.607684782824595
38.6009,38.6009,248.0,247.61760921028733,246.15325822471743,-23.637609210287327
38.6204,38.6204,235.0,247.64778444824088,246.17339314891498,-36.66778444824088
38.6398,38.6398,240.0,247.6779030854772,246.19341505354237,-31.697903085477197
38.6593,38.6593,248.0,247.7082779000294,246.21353034998742,-23.7282779000294
38.6788,38.6788,260.0,247.73875456856965,246.23363580732777,-11.758754568569646
38.6982,38.6982,272.0,247.76917902257014,246.25362839620996,0.21082097742985795
38.7177,38.7177,279.0,247.79986502263557,246.2737142257978,7.180134977364428
38.7371,38.7371,245.0,247.83050053485167,246.29368728758263,-26.850500534851665
38.7566,38.7566,259.0,247.86140245341545,246.31375348941788,-12.88140245341545
38.776,38.776,276.0,247.89225603648248,246.33370702410534,4.0877439635175215
38.7955,38.7955,247.0,247.92338212345152,246.3537535981881,-24.943382123451517
38.815,38.815,234.0,247.9546221169141,246.3737903331661,-37.97462211691409
38.8344,38.8344,264.0,247.98581777665228,246.3937145521084,-8.005817776652282
38.8539,38.8539,276.0,248.0172923781643,246.4137316593339,3.962707621835687
38.8733,38.8733,263.0,248.04872468442946,246.43363635117882,-9.068724684429458
38.8928,38.8928,270.0,248.08044302012823,246.45363383065182,-2.1004430201282283
38.9122,38.9122,275.0,248.11212077820866,246.4735189953993,2.8678792217913376
38.9317,38.9317,300.0,248.14408819932476,246.4934968471198,27.835911800675245
38.9512,38.9512,296.0,248.1761844377274,246.5134648597355,23.803815562272614
38.9706,38.9706,274.0,248.20824592761068,246.53332070873788,1.7717540723893244
38.9901,38.9901,316.0,248.24060714049352,246.55326909360107,43.73939285950648
39.0095,39.0095,267.0,248.27293526585646,246.57310541550603,-5.29293526585646
39.029,39.029,258.0,248.3055675476615,246.59303417261674,-14.325567547661496
39.0484,39.0484,251.0,248.3381727387639,246.61285096742432,-21.358172738763887
39.0679,39.0679,265.0,248.37108689772546,246.63276009678248,-7.391086897725462
39.0874,39.0874,241.0,248.40414672109088,246.65265938703592,-31.42414672109088
39.1068,39.1068,270.0,248.43718270117998,246.67244686609834,-2.4571827011799776
39.1263,39.1263,270.0,248.47053885774156,246.69232652859924,-2.4905388577415586
39.1457,39.1457,259.0,248.503876327955,246.71209448056428,-13.523876327954998
39.1652,39.1652,225.0,248.53753956709912,246.73195451531268,-47.55753956709911
39.1846,39.1846,257.0,248.57118754691146,246.75170294018034,-15.59118754691146
39.2041,39.2041,290.0,248.60516876573882,246.7715433471762,17.374831234261176
39.2236,39.2236,237.0,248.6393149292122,246.79137391506734,-35.65931492921219
39.243,39.243,255.0,248.6734500090337,246.81109302418983,-17.6934500090337
39.2625,39.2625,254.0,248.7079302126446,246.83090396432843,-18.727930212644612
39.2819,39.2819,298.0,248.7424051527779,246.85060354635354,25.237594847222095
39.3014,39.3014,258.0,248.77723241612205,246.87039485873964,-14.797232416122046
39.3208,39.3208,262.0,248.8120583050125,246.89007491366738,-10.832058305012499
39.3403,39.3403,255.0,248.84724672556152,246.90984659830093,-17.867246725561518
39.3598,39.3598,233.0,248.8826194843407,246.92960844382975,-39.90261948434069
39.3792,39.3792,278.0,248.9179972525025,246.94925918301232,5.0620027474975124
39.3987,39.3987,268.0,248.953749063269,246.96900140078867,-4.973749063268986
39.4181,39.4181,261.0,248.98951273493014,246.98863261287383,-12.009512734930144
39.4376,39.4376,255.0,249.02565862245518,247.00835520289763,-18.045658622455182
39.457,39.457,290.0,249.06181953792915,247.0279668878854,16.918180462070847
39.4765,39.4765,258.0,249.09837285786654,247.0476698501567,-15.118372857866536
39.496,39.496,251.0,249.135136552411,247.0673629733232,-22.15513655241101
39.5154,39.5154,270.0,249.17192529360705,247.08694534256585,-3.1919252936070457
39.5349,39.5349,271.0,249.2091206476597,247.10661883797985,-2.2291206476596876
39.5543,39.5543,253.0,249.24634513479583,247.12618168012511,-20.26634513479583
39.5738,39.5738,270.0,249.2839871983582,247.1458355477866,-3.303987198358204
39.5932,39.5932,270.0,249.32166675840364,247.16537886283447,-3.341666758403637
39.6127,39.6127,285.0,249.35977331761978,247.18501310274343,11.620226682380217
39.6322,39.6322,249.0,249.39812005515003,247.2046375035477,-24.41812005515003
39.6516,39.6516,238.0,249.43651126529514,247.2241515028504,-35.456511265295134
39.6711,39.6711,260.0,249.4753488624273,247.24375627590211,-13.495348862427296
39.6905,39.6905,257.0,249.51424010000218,247.26325074810745,-16.534240100002183
39.71,39.71,255.0,249.55358793496777,247.28283589340663,-18.573587934967765
39.7294,39.7294,234.0,249.59299620119424,247.30231083851456,-39.612996201194235
39.7489,39.7489,288.0,249.63287455378236,247.32187635606124,14.347125446217643
39.7684,39.7684,254.0,249.67302803051143,247.34143203450319,-19.69302803051143
39.7878,39.7878,258.0,249.7132511840925,247.36087766386595,-15.733251184092513
39.8073,39.8073,276.0,249.75396537332375,247.38041371455537,2.226034626676249
39.8267,39.8267,279.0,249.79475927096757,247.39983981682076,5.185240729032426
39.8462,39.8462,264.0,249.8360582862545,247.41935623975766,-9.856058286254513
39.8656,39.8656,280.0,249.87744469871626,247.43876281492564,6.10255530128374
39.8851,39.8851,277.0,249.91935432738094,247.45825961011005,3.0606456726190565
39.9046,39.9046,271.0,249.96157544969066,247.47774656618967,-2.9815754496906557
39.924,39.924,260.0,250.00389774024342,247.49712382561253,-14.023897740243417
39.9435,39.9435,261.0,250.0467643141721,247.51659115393963,-13.066764314172094
39.9629,39.9629,252.0,250.08974414321992,247.5359488862651,-22.109744143219917
39.9824,39.9824,280.0,250.13328374710943,247.5553965868397,5.84671625289057
40.0018,40.0018,257.0,250.17694393048683,247.57473479206777,-17.196943930486828
40.0213,40.0213,223.0,250.22118308460466,247.59416286488988,-51.24118308460466
40.0408,40.0408,278.0,250.26578384650668,247.6135810986072,3.7142161534933216
40.0602,40.0602,271.0,250.31052480958306,247.6328899880901,-3.330524809583057
40.0797,40.0797,277.0,250.35587151315585,247.65228859405494,2.6241284868441532
40.0991,40.0991,249.0,250.40136659595385,247.67157795644047,-25.421366595953845
40.1186,40.1186,266.0,250.44748847115366,247.69095693465275,-8.467488471153661
40.138,40.138,241.0,250.49377465209244,247.71022676994093,-33.51377465209244
40.1575,40.1575,288.0,250.54070649750258,247.72958612040068,13.439293502497417
40.177,40.177,309.0,250.58805844839495,247.74893563175573,34.39194155160506
40.1964,40.1964,262.0,250.63559096260516,247.7681761512987,-12.655590962605164
40.2159,40.2159,264.0,250.6838072615672,247.78750603490124,-10.70380726156721
40.2353,40.2353,272.0,250.7322168490358,247.80672702734682,-2.7522168490358077
40.2548,40.2548,260.0,250.78133170354798,247.82603728319685,-14.801331703547977
40.2742,40.2742,282.0,250.83065854283942,247.84523874854509,7.149341457160585
40.2937,40.2937,267.0,250.88071426931165,247.86452937664254,-7.900714269311653
40.3132,40.3132,251.0,250.93126015687068,247.8838101656353,-23.951260156870678
40.3326,40.3326,255.0,250.98203875763494,247.90298231523835,-20.00203875763494
40.3521,40.3521,212.0,251.03358850110922,247.92224347647857,-63.05358850110922
40.3715,40.3715,253.0,251.08538949540605,247.94139609898423,-22.105389495406047
40.391,40.391,266.0,251.1379891283682,247.96063763247196,-9.15798912836819
40.4104,40.4104,236.0,251.1908623303871,247.97977072788024,-39.21086233038709
40.4299,40.4299,261.0,251.24456301866513,247.99899263361542,-14.264563018665132
40.4494,40.4494,248.0,251.29883234995808,248.01820470024583,-27.318832349958075
40.4688,40.4688,258.0,251.35340222668682,248.037308479909,-17.373402226686824
40.4883,40.4883,276.0,251.40884905894399,248.0565009187869,0.5711509410560147
40.5077,40.5077,267.0,251.464620593746,248.07558517135266,-8.48462059374599
40.5272,40.5272,241.0,251.521301762529,248.09475798247803,-34.54130176252899
40.5466,40.5466,262.0,251.5783263287407,248.1138227079464,-13.5983263287407
40.5661,40.5661,260.0,251.63629854511035,248.13297589131932,-15.65629854511035
40.5856,40.5856,272.0,251.6949413575584,248.15211923558743,-3.7149413575584056
40.605,40.605,251.0,251.7539691256863,248.17115464531065,-24.773969125686296
40.6245,40.6245,249.0,251.81400158314625,248.19027836182624,-26.83400158314625
40.6439,40.6439,295.0,251.8744392011548,248.20929424445208,19.105560798845215
40.6634,40.6634,287.0,251.93592901426877,248.22839833321518,11.044070985731235
40.6828,40.6828,266.0,251.99785071131106,248.24739468874364,-10.017850711311059
40.7023,40.7023,294.0,252.06086513137512,248.2664791497542,17.919134868624877
40.7218,40.7218,275.0,252.12467616006145,248.28555377166006,-1.1446761600614543
40.7412,40.7412,269.0,252.1889666222965,248.3045208114433,-7.208966622296504
40.7607,40.7607,270.0,252.2544252295376,248.32357580559665,-6.274425229537588
40.7801,40.7801,250.0,252.32039413298517,248.3425233182825,-26.34039413298517
40.7996,40.7996,244.0,252.38758125366397,248.36155868468333,-32.40758125366396
40.819,40.819,246.0,252.455315270057,248.38048667027186,-30.475315270057013
40.8385,40.8385,284.0,252.5243203192276,248.3995024089201,7.455679680772402
40.858,40.858,254.0,252.59427757522778,248.41850830846366,-22.614277575227778
40.8774,40.8774,268.0,252.66483951199055,248.43740697830702,-8.68483951199055
40.8969,40.8969,271.0,252.73675871116754,248.45639325009802,-5.756758711167539
40.9163,40.9163,259.0,252.80932559955767,248.475272392844,-17.829325599557666
40.9358,40.9358,259.0,252.88331668515707,248.4942390368825,-17.90331668515707
40.9552,40.9552,252.0,252.958004558193,248.51309865253106,-24.97800455819301
40.9747,40.9747,255.0,253.03418138224694,248.53204566881706,-22.05418138224694
40.9942,40.9942,267.0,253.1114988501014,248.5509828459983,-10.131498850101412
41.0136,41.0136,258.0,253.18958283680414,248.56981314590172,-19.209582836804135
41.0331,41.0331,222.0,253.26925771367962,248.58873069533044,-55.28925771367962
41.0525,41.0525,266.0,253.3497575172639,248.60754146813647,-11.369757517263896
41.072,41.072,281.0,253.43194771858813,248.62643938981267,3.5480522814118665
41.0914,41.0914,253.0,253.51500535251841,248.64523063552133,-24.535005352518414
41.1109,41.1109,242.0,253.59983939420565,248.664108929445,-35.61983939420564
41.1304,41.1304,306.0,253.6860385140757,248.68297738426395,28.293961485924296
41.1498,41.1498,284.0,253.7732136120958,248.70173931422747,6.206786387904213
41.1693,41.1693,306.0,253.86230558464044,248.72058814129386,28.117694415359562
41.1887,41.1887,265.0,253.95242473382194,248.73933054415997,-12.972424733821942
41.2082,41.2082,253.0,254.044563334922,248.75815974347387,-25.064563334922003
41.2276,41.2276,260.0,254.13780143859583,248.7768826192426,-18.15780143859583
41.2471,41.2471,254.0,254.2331624663189,248.79569219080398,-24.2531624663189
41.2665,41.2665,312.0,254.3297080611839,248.81439553947533,33.650291938816096
41.286,41.286,286.0,254.42848504170948,248.83318548328418,7.551514958290522
41.3055,41.3055,283.0,254.52907069561945,248.85196558798833,4.450929304380548
41.3249,41.3249,269.0,254.63096543486387,248.8706396209145,-9.650965434863867
41.3444,41.3444,239.0,254.73529155055354,248.8894000978661,-39.75529155055354
41.3638,41.3638,271.0,254.84102922702877,248.9080546036949,-7.861029227028769
41.3833,41.3833,290.0,254.94932944278165,248.92679545289397,11.030670557218354
41.4027,41.4027,263.0,255.05915338478596,248.9454304316254,-16.079153384785958
41.4222,41.4222,247.0,255.17170753123492,248.96415165307195,-32.19170753123491
41.4417,41.4417,251.0,255.28648072211297,248.9828630354138,-28.30648072211297
41.4611,41.4611,234.0,255.40294908336872,249.0014686984,-45.42294908336872
41.4806,41.4806,289.0,255.52236536031162,249.02016045298933,9.457634639688376
41.5,41.5,290.0,255.64361282206536,249.03874658887818,10.336387177934636
41.5195,41.5195,261.0,255.76802480362662,249.057418715715,-18.788024803626616
41.5389,41.5389,284.0,255.89438107605045,249.07598532450646,4.08561892394955
41.5584,41.5584,266.0,256.0241002992294,249.09463782359072,-14.044100299229417
41.5779,41.5779,269.0,256.15658766377754,249.11328048357024,-11.176587663777543
41.5973,41.5973,270.0,256.2912771294565,249.13181777661657,-10.311277129456489
41.6168,41.6168,279.0,256.42965979702024,249.15044080884357,-1.4496597970202352
41.6362,41.6362,259.0,256.5703885321021,249.16895857479253,-21.59038853210207
41.6557,41.6557,281.0,256.71505378824,249.18756197926697,0.26494621175997324
41.6751,41.6751,268.0,256.8622508369617,249.20606021811855,-12.88225083696172
41.6946,41.6946,246.0,257.01361737557255,249.2246439948405,-35.03361737557255
41.7141,41.7141,263.0,257.168574025627,249.24321793245772,-18.18857402562698
41.7335,41.7335,272.0,257.32637735063224,249.26168685556414,-9.346377350632242
41.753,41.753,280.0,257.48882523136206,249.28024116542883,-1.5088252313620565
41.7724,41.7724,287.0,257.65435406138516,249.29869056143787,5.325645938614837
41.7919,41.7919,263.0,257.82484436045087,249.31722524355,-18.844844360450868
41.8113,41.8113,283.0,257.99868387125,249.33565511246167,0.9813161287499774
41.8308,41.8308,246.0,258.17782755095305,249.35417016682132,-36.19782755095305
41.8503,41.8503,267.0,258.36159615062877,249.37267538207627,-15.38159615062877
41.8697,41.8697,273.0,258.54914022201535,249.3910759352427,-9.569140222015353
41.8892,41.8892,289.0,258.74260883374797,249.40956152274512,6.237391166252035
41.9086,41.9086,281.0,258.94020527630676,249.4279425488142,-1.9602052763067555
41.9281,41.9281,256.0,259.1441324771488,249.4464085085641,-27.164132477148787
41.9475,41.9475,280.0,259.3525689340046,249.4647700075358,-3.3725689340045797
41.967,41.967,263.0,259.56789470233633,249.48321633953316,-20.58789470233633
41.9865,41.9865,268.0,259.7892481303321,249.50165283242578,-15.809248130332112
42.0059,42.0059,291.0,260.01571401780836,249.5199850156523,6.964285982191637
42.0254,42.0254,241.0,260.24984657193403,249.53840188079243,-43.269846571934025
42.0448,42.0448,260.0,260.48958071829657,249.55671453692156,-24.509580718296565
42.0643,42.0643,286.0,260.7376872398428,249.57511177430916,1.2423127601572155
42.0837,42.0837,260.0,260.9918661382532,249.59340490334094,-25.011866138253215
42.1032,42.1032,267.0,261.2551239251053,249.611782512976,-18.275123925105294
42.1227,42.1227,253.0,261.52641721683426,249.6301502835063,-32.54641721683426
42.1421,42.1421,296.0,261.8047906707587,249.64841409679292,10.175209329241323
42.1616,42.1616,261.0,262.09335724473556,249.66676223957072,-25.113357244735557
42.181,42.181,269.0,262.38962968337836,249.68500652575997,-17.40962968337836
42.2005,42.2005,268.0,262.6971100331479,249.70333504078525,-18.717110033147907
42.2199,42.2199,291.0,263.01302059605564,249.7215597998771,3.966979403944361
42.2394,42.2394,286.0,263.34114603954026,249.73986868714985,-1.3611460395402624
42.2589,42.2589,277.0,263.6803426410226,249.7581677353179,-10.700342641022605
42.2783,42.2783,271.0,264.0293640043523,249.77636317866458,-17.049364004352316
42.2978,42.2978,296.0,264.39240615391736,249.79464259908008,7.587593846082637
42.3172,42.3172,281.0,264.7662526713861,249.81281851532938,-7.786252671386098
42.3367,42.3367,256.0,265.15546535942923,249.83107830799236,-33.175465359429225
42.3561,42.3561,265.0,265.5567126141219,249.84923469714428,-24.57671261412192
42.3756,42.3756,257.0,265.97477121820367,249.86747486205473,-32.99477121820367
42.3951,42.3951,290.0,266.4085607074485,249.88570518786045,-0.4285607074484865
42.4145,42.4145,272.0,266.85639673244776,249.9038322612672,-18.876396732447763
42.434,42.434,293.0,267.3238498088721,249.92204295932044,1.6561501911278746
42.4534,42.4534,278.0,267.8070341852897,249.9401505056298,-13.827034185289694
42.4729,42.4729,280.0,268.31182789453476,249.9583415759305,-12.331827894534758
42.4923,42.4923,263.0,268.83426229536155,249.97642959514243,-29.854262295361554
42.5118,42.5118,278.0,269.38086720492737,249.99460103769064,-15.40086720492737
42.5313,42.5313,257.0,269.95012994048915,250.01276264113403,-36.970129940489144
42.5507,42.5507,278.0,270.54030140250455,250.03082134460087,-16.560301402504553
42.5702,42.5702,318.0,271.1587401256398,250.04896332029176,22.82125987436022
42.5896,42.5896,317.0,271.80078224873427,250.06700249666122,21.179217751265735
42.6091,42.6091,296.0,272.4746854484232,250.08512484459962,-0.4946854484232013
42.6285,42.6285,281.0,273.1750888876799,250.10314449387167,-16.19508888767992
42.648,42.648,333.0,273.91127224498615,250.12124721405755,35.06872775501385
42.6675,42.6675,300.0,274.68145171028965,250.13934009513866,1.2985482897103502
42.6869,42.6869,298.0,275.48400183164233,250.15733042866557,-1.5040018316423307
42.7064,42.7064,311.0,276.32913260708585,250.17540368199417,10.650867392914147
42.7258,42.7258,336.0,277.21092960258255,250.19337448842367,34.76907039741745
42.7453,42.7453,338.0,278.1413226420258,250.21142811399977,35.83867735797422
42.7647,42.7647,324.0,279.1135036405421,250.2293793933319,20.86649635945791
42.7842,42.7842,281.0,280.14091889739314,250.24741339115545,-23.160918897393135
42.8037,42.8037,331.0,281.2220461082849,250.2654375498743,25.757953891715072
42.8231,42.8231,313.0,282.3549146316424,250.28335951346128,6.625085368357627
42.8426,42.8426,275.0,283.55549745568885,250.30136404442757,-32.57549745568885
42.862,42.862,289.0,284.81570799856536,250.31926648091715,-19.835707998565358
42.8815,42.8815,335.0,286.1537642024597,250.33725138413095,24.826235797540317
42.9009,42.9009,266.0,287.5613004128258,250.35513429352315,-45.5813004128258
42.9204,42.9204,323.0,289.05851750869476,250.3730995689844,9.921482491305238
42.9399,42.9399,275.0,290.6456195962439,250.39105500534097,-39.66561959624387
42.9593,42.9593,311.0,292.32039953476635,250.40890859898798,-5.340399534766352
42.9788,42.9788,281.0,294.1083979314946,250.426844407592,-37.128397931494604
42.9982,42.9982,297.0,295.99989159622606,250.44467847414163,-23.019891596226064
43.0177,43.0177,292.0,298.0237138872741,250.46259465499313,-30.043713887274084
43.0371,43.0371,335.0,300.17037652086833,250.48040919444543,10.80962347913167
43.0566,43.0566,304.0,302.4740159941399,250.49830574754438,-22.494015994139904
43.0761,43.0761,302.0,304.9369760626679,250.5161924615386,-26.956976062667895
43.0955,43.0955,268.0,307.5597832955428,250.5339776852457,-63.57978329554278
43.115,43.115,283.0,310.38593570126227,250.55184477148742,-51.405935701262266
43.1344,43.1344,281.0,313.40606664678427,250.56961046809715,-56.426066646784264
43.1539,43.1539,346.0,316.6704296072217,250.58745792658632,5.309570392778294
43.1733,43.1733,333.0,320.16962492592285,250.60520409609867,-11.189624925922846
43.1928,43.1928,319.0,323.9664022578162,250.62303192683535,-28.986402257816184
43.2123,43.2123,309.0,328.0718016408307,250.6408499184673,-43.091801640830695
43.2317,43.2317,326.0,332.4983126581999,250.65856677223448,-30.518312658199893
43.2512,43.2512,307.0,337.32745342783414,250.67636513611387,-54.34745342783414
43.2706,43.2706,313.0,342.5544761324876,250.69406246278368,-53.57447613248759
43.2901,43.2901,312.0,348.28356584467736,250.71184119891055,-60.30356584467735
43.3095,43.3095,317.0,354.51102206687773,250.72951899848297,-61.531022066877725
43.329,43.329,351.0,361.36739995609395,250.74727810685732,-34.387399956093944
43.3485,43.3485,348.0,368.89535820228144,250.765027376127,-44.91535820228144
43.3679,43.3679,357.0,377.1374810794522,250.78267585995422,-44.15748107945218
43.3874,43.3874,358.0,386.277202627355,250.80040550147135,-52.29720262735499
43.4068,43.4068,374.0,396.3293706389454,250.81803445820123,-46.349370638945416
43.4263,43.4263,415.0,407.52718828041867,250.8357444719658,-16.54718828041867
43.4457,43.4457,392.0,419.8989350604393,250.8533539015983,-51.918935060439324
43.4652,43.4652,382.0,433.73441090639676,250.87104428761037,-75.75441090639676
43.4847,43.4847,429.0,449.1655965137396,250.8887248345177,-44.18559651373961
43.5041,43.5041,460.0,466.3021352547857,250.90630494840502,-30.322135254785696
43.5236,43.5236,455.0,485.5550079267327,250.92396586755984,-54.57500792673268
43.543,43.543,483.0,506.97042014303895,250.94152645434977,-47.990420143038946
43.5625,43.5625,498.0,531.0347044544163,250.95916774575207,-57.054704454416324
43.5819,43.5819,517.0,557.7838917103674,250.97670880544462,-64.80389171036735
43.6014,43.6014,540.0,587.7423796272728,250.9943304690944,-71.76237962727284
43.6209,43.6209,586.0,621.0237754029072,251.0119422936394,-59.04377540290717
43.6403,43.6403,619.0,657.5748766068202,251.02945403758682,-62.59487660682022
43.6598,43.6598,651.0,697.7930685089054,251.0470462343793,-70.81306850890543
43.6792,43.6792,685.0,741.0971483593163,251.06453845122934,-80.11714835931629
43.6987,43.6987,780.0,787.4159259968692,251.08211102026937,-31.43592599686919
43.7181,43.7181,763.0,835.3969270157834,251.09958371002196,-96.41692701578337
43.7376,43.7376,865.0,884.1575416508667,251.1171366513094,-43.17754165086673
43.7571,43.7571,1011.0,931.5485610482203,251.13467975349218,55.43143895177967
43.7765,43.7765,995.0,975.0899820731462,251.15212312749964,-4.109982073146188
43.796,43.796,1074.0,1012.7612689506439,251.16964660192986,37.21873104935615
43.8154,43.8154,1076.0,1041.9383368086626,251.18707044883993,10.041663191337403
43.8349,43.8349,1117.0,1061.2237228864765,251.20457429551763,31.75627711352352
43.8543,43.8543,1200.0,1069.540963958755,251.22197861533033,106.4390360412451
43.8738,43.8738,1175.0,1066.9549313057744,251.23946283425548,84.02506869422562
43.8933,43.8933,1201.0,1054.0868048141087,251.25693721407595,122.89319518589126
43.9127,43.9127,1127.0,1032.1752261627653,251.27431221814345,70.80477383723472
43.9322,43.9322,1100.0,1002.3354483164422,251.2917669702114,73.64455168355776
43.9516,43.9516,1036.0,966.3364945589954,251.30912244718152,45.64350544100465
43.9711,43.9711,1026.0,925.3609509147165,251.32655757149692,76.61904908528355
43.9905,43.9905,946.0,881.4586201557044,251.34389352136972,40.52137984429565
44.01,44.01,943.0,835.7953197510944,251.36130901793257,83.18468024890556
44.0295,44.0295,859.0,790.0677987132079,251.3787146753907,44.91220128679207
44.0489,44.0489,846.0,745.7671234523604,251.39602130951832,76.21287654763965
44.0684,44.0684,738.0,703.3610443517169,251.41340733922394,10.618955648283059
44.0878,44.0878,677.0,663.909186440862,251.43069444625417,-10.929186440861958
44.1073,44.1073,670.0,627.3386238893386,251.44806084820726,18.641376110661422
44.1267,44.1267,619.0,594.1226476190735,251.4653284281401,0.857352380926482
44.1462,44.1462,614.0,563.8838612526035,251.4826752023407,26.096138747396463
44.1656,44.1656,572.0,536.776633758004,251.49992325517613,11.203366241996019
44.1851,44.1851,528.0,512.3062408960568,251.51725040162418,-8.326240896056806
44.2046,44.2046,508.0,490.387822331358,251.5345677089675,-6.407822331357995
44.224,44.224,514.0,470.8579430508719,251.5517864460578,19.12205694912812
44.2435,44.2435,475.0,453.2834103336968,251.5690841256486,-2.3034103336967924
44.2629,44.2629,410.0,437.61864238691896,251.58628333564153,-51.63864238691896
44.2824,44.2824,378.0,423.49387881211146,251.6035613874798,-69.51387881211146
44.3018,44.3018,425.0,410.872606162147,251.62074107037532,-9.892606162147008
44.3213,44.3213,405.0,399.45603142821926,251.6379994944611,-18.47603142821926
44.3408,44.3408,389.0,389.1646091789918,251.6552480794421,-24.18460917899178
44.3602,44.3602,395.0,379.91276013712,251.67239844659247,-8.932760137120017
44.3797,44.3797,408.0,371.4896108017903,251.68962740382096,12.49038919820968
44.3991,44.3991,376.0,363.88407891476385,251.70675824387396,-11.904078914763847
44.4186,44.4186,380.0,356.92793210106413,251.7239675733499,-0.9479321010641293
44.438,44.438,337.0,350.6180536216518,251.74107888630553,-37.63805362165182
44.4575,44.4575,365.0,344.82196111601286,251.75826858802898,-3.8419611160128575
44.477,44.477,355.0,339.51264855785934,251.7754484506477,-8.532648557859336
44.4964,44.4964,342.0,334.6645652427443,251.79253044785813,-16.684565242744288
44.5159,44.5159,309.0,330.1813553337695,251.80969068272435,-45.201355333769484
44.5353,44.5353,329.0,326.0708699635376,251.8267531528374,-21.090869963537575
44.5548,44.5548,325.0,322.2557158397388,251.84389375995107,-21.275715839738798
44.5742,44.5742,330.0,318.74314830622296,251.86093670296677,-12.763148306222963
44.5937,44.5937,307.0,315.4713328027473,251.8780576823279,-32.49133280274732
44.6132,44.6132,306.0,312.43395675625675,251.8951688225843,-30.453956756256748
44.6326,44.6326,318.0,309.6243892687222,251.91218244985484,-15.644389268722211
44.6521,44.6521,310.0,306.9945612357567,251.92927396235874,-21.01456123575669
44.6715,44.6715,317.0,304.55362459927727,251.94626806253186,-11.57362459927727
44.691,44.691,264.0,302.2623212106369,251.96333994728323,-62.28232121063691
44.7104,44.7104,281.0,300.1302213744424,251.98031452035897,-43.15022137444238
44.7299,44.7299,272.0,298.122899269595,251.99736677735785,-50.14289926959499
44.7494,44.7494,284.0,296.2411403221548,252.01440919525194,-36.261140322154816
44.7688,44.7688,312.0,294.48359192777247,252.03135445258255,-6.503591927772465
44.7883,44.7883,292.0,292.82312371952816,252.04837724272411,-24.843123719528155
44.8077,44.8077,314.0,291.2686528130926,252.06530297295734,-1.2886528130926145
44.8272,44.8272,321.0,289.79661007552545,252.0823061353464,7.18338992447455
44.8466,44.8466,326.0,288.4158263020535,252.09921233848223,13.564173697946483
44.8661,44.8661,297.0,287.1055941448779,252.1161958731188,-14.125594144877898
44.8856,44.8856,275.0,285.86814649340226,252.1331695686506,-34.88814649340226
44.905,44.905,312.0,284.703741083818,252.15004645604128,3.2762589161820124
44.9245,44.9245,280.0,283.5957350105301,252.16700052382055,-27.61573501053012
44.9439,44.9439,265.0,282.5515576658575,252.18385788411385,-41.5715576658575
44.9634,44.9634,310.0,281.55626026357925,252.20079232414062,4.423739736420753
44.9828,44.9828,289.0,280.61675259235864,252.21763015733652,-15.636752592358636
45.0023,45.0023,298.0,279.72002181620184,252.23454496961074,-5.7400218162018355
45.0218,45.0218,292.0,278.8676563837697,252.25144994278028,-10.887656383769713
45.0412,45.0412,308.0,278.06123608025297,252.268258460231,5.9187639197470325
45.0607,45.0607,279.0,277.28964865784184,252.285143805648,-22.309648657841837
45.0801,45.0801,282.0,276.55864122624104,252.30193279600138,-18.578641226241036
45.0996,45.0996,263.0,275.85843987064504,252.31879851366583,-36.87843987064504
45.119,45.119,259.0,275.19392492076236,252.3355679769218,-40.21392492076235
45.1385,45.1385,292.0,274.5566521659715,252.35241406683375,-6.576652165971513
45.158,45.158,254.0,273.94814417285977,252.36925031764096,-43.968144172859766
45.1774,45.1774,263.0,273.36985036883567,252.38599046515176,-34.38985036883567
45.1969,45.1969,294.0,272.8141790329764,252.40280708820646,-2.834179032976426
45.2163,45.2163,273.0,272.2854626401351,252.41952770861988,-23.305462640135108
45.2358,45.2358,279.0,271.77691353114096,252.43632470392208,-16.796913531140962
45.2552,45.2552,290.0,271.2925033213447,252.4530257972381,-5.312503321344725
45.2747,45.2747,289.0,270.8260327079054,252.46980316478778,-5.846032707905426
45.2942,45.2942,303.0,270.3790836131936,252.48657069323266,8.600916386806414
45.3136,45.3136,293.0,269.95272349159774,252.50324247080354,-0.972723491597737
45.3331,45.3331,268.0,269.5417349443861,252.51999037149594,-25.56173494438612
45.3525,45.3525,288.0,269.149306447732,252.53664262196943,-5.169306447731987
45.372,45.372,301.0,268.7705680205973,252.5533708949093,8.209431979402705
45.3914,45.3914,298.0,268.40873343134575,252.57000361828543,5.571266568654249
45.4109,45.4109,295.0,268.0592468474905,252.58671226347275,2.9207531525095014
45.4304,45.4304,284.0,267.7234535937931,252.6034110695554,-7.743453593793124
45.4498,45.4498,298.0,267.4021996917619,252.62001447718634,6.577800308238107
45.4693,45.4693,271.0,267.0915646056834,252.63669365551644,-20.1115646056834
45.4887,45.4887,265.0,266.7942544733189,252.65327753605,-25.814254473318915
45.5082,45.5082,265.0,266.50658026425856,252.66993708662758,-25.52658026425856
45.5276,45.5276,283.0,266.231067454112,252.68650144006378,-7.2510674541120075
45.5471,45.5471,302.0,265.9643442858,252.7031413628888,12.015655714200005
45.5666,45.5666,244.0,265.70743062265547,252.71977144660914,-45.72743062265546
45.586,45.586,271.0,265.4611189251317,252.73630648430014,-18.4811189251317
45.6055,45.6055,296.0,265.2224402846125,252.75291694026797,6.757559715387497
45.6249,45.6249,277.0,264.9935261682752,252.76943245086156,-12.013526168275195
45.6444,45.6444,303.0,264.77161373699914,252.78602327907686,14.208386263000857
45.6638,45.6638,269.0,264.5586537704133,252.80251926257313,-19.578653770413286
45.6833,45.6833,272.0,264.35212391706386,252.81909046303588,-16.372123917063863
45.7028,45.7028,283.0,264.15279127688103,252.8356518243939,-5.172791276881032
45.7222,45.7222,316.0,263.9613939749673,252.85211849214497,28.01860602503272
45.7417,45.7417,269.0,263.775645483743,252.86866022575046,-18.795645483743005
45.7611,45.7611,310.0,263.59718454816783,252.88510736640418,22.38281545183217
45.7806,45.7806,244.0,263.4239752117598,252.90162947225716,-43.44397521175979
45.8,45.8,284.0,263.25748985713983,252.91805708581347,-3.2774898571398303
45.8195,45.8195,280.0,263.0957876663242,252.93455956391395,-7.115787666324213
45.839,45.839,293.0,262.93956487744964,252.95105220290966,6.04043512255036
45.8584,45.8584,275.0,262.7893504140561,252.96745050072082,-11.809350414056116
45.8779,45.8779,280.0,262.6434457414501,252.983923511964,-6.663445741450079
45.8973,45.8973,295.0,262.5031047921266,253.0003022826778,8.476895207873422
45.9168,45.9168,261.0,262.36670474627874,253.01675566616848,-25.386704746278742
45.9362,45.9362,251.0,262.23551806303846,253.03311490978487,-35.25551806303845
45.9557,45.9557,257.0,262.1079892250444,253.04954866552305,-29.127989225044377
45.9752,45.9752,253.0,261.98470839110394,253.06597258215646,-33.00470839110393
45.9946,45.9946,271.0,261.86605180227417,253.08230251002766,-14.88605180227417
46.0141,46.0141,270.0,261.75072221910517,253.09870679890858,-15.77072221910517
46.0335,46.0335,277.0,261.63973959106926,253.11501719968243,-8.659739591069258
46.053,46.053,273.0,261.5318188419667,253.1314018608108,-12.551818841966696
46.0724,46.0724,277.0,261.42797799608167,253.1476927344873,-8.447977996081665
46.0919,46.0919,285.0,261.32702717682173,253.16405776786314,-0.34702717682172946
46.1114,46.1114,283.0,261.2293522167963,253.18041296213428,-2.2493522167963143
46.1308,46.1308,290.0,261.135371029191,253.19667452006556,4.8446289708090085
46.1503,46.1503,273.0,261.0439764173023,253.21301008658418,-12.063976417302303
46.1697,46.1697,282.0,260.95604089213015,253.22925211741807,-2.976040892130147
46.1892,46.1892,261.0,260.87054491935623,253.24556805618417,-23.890544919356234
46.2086,46.2086,267.0,260.7882732366398,253.26179055992068,-17.80827323663978
46.2281,46.2281,280.0,260.7083187944368,253.27808687093426,-4.72831879443682
46.2476,46.2476,268.0,260.6309807722543,253.29437334284307,-16.650980772254304
46.267,46.267,241.0,260.5565967245949,253.31056653083445,-43.57659672459489
46.2865,46.2865,258.0,260.48430667434593,253.32683337499074,-26.50430667434593
46.3059,46.3059,267.0,260.41477766878813,253.34300703588474,-17.434777668788133
46.3254,46.3254,273.0,260.3472471032341,253.35925425228854,-11.36724710323411
46.3448,46.3448,291.0,260.2823095469426,253.37540838608513,6.697690453057401
46.3643,46.3643,270.0,260.21922970933906,253.3916359747364,-14.23922970933906
46.3838,46.3838,279.0,260.15830919210987,253.40785372428292,-5.178309192109868
46.4032,46.4032,251.0,260.09976764527215,253.42397854233437,-33.11976764527215
46.4227,46.4227,258.0,260.04296841736937,253.44017666412836,-26.062968417369365
46.4421,46.4421,242.0,259.98839859563924,253.45628195508243,-42.008398595639235
46.4616,46.4616,266.0,259.93548039841033,253.4724604491239,-17.955480398410334
46.481,46.481,250.0,259.8846888737283,253.4885462129806,-33.90468887372829
46.5005,46.5005,270.0,259.8354463483188,253.50470507926954,-13.855446348318782
46.52,46.52,288.0,259.78799713101444,253.52085410645378,4.192002868985565
46.5394,46.5394,296.0,259.7424990587891,253.53691055456528,12.237500941210879
46.5589,46.5589,270.0,259.69843994546164,253.553039953997,-13.718439945461643
46.5783,46.5783,273.0,259.6562516864505,253.56907687501115,-10.676251686450502
46.5978,46.5978,271.0,259.61543576738944,253.58518664669032,-12.635435767389442
46.6172,46.6172,311.0,259.57639193508095,253.60120404060706,27.40360806491905
46.6367,46.6367,304.0,259.5386725200279,253.6172941845337,20.441327479972113
46.6562,46.6562,299.0,259.50244691961746,253.63337448935567,15.477553080382545
46.6756,46.6756,276.0,259.4678575155937,253.64936256752722,-7.487857515593721
46.6951,46.6951,293.0,259.4345011068826,253.66542324459667,9.545498893117422
46.7145,46.7145,326.0,259.4027077774209,253.68139179567083,42.57729222257909
46.734,46.734,325.0,259.3721100241929,253.69743284498773,41.60788997580708
46.7534,46.7534,279.0,259.34298853062086,253.71338186896455,-4.362988530620857
46.7729,46.7729,306.0,259.3150323859436,253.72940329052892,22.664967614056405
46.7924,46.7924,273.0,259.2883404350635,253.74541487298853,-10.308340435063503
46.8118,46.8118,289.0,259.2630355553731,253.7613345812202,5.716964444626893
46.8313,46.8313,293.0,259.23882370853204,253.7773265359273,9.741176291467962
46.8507,46.8507,281.0,259.21592709545047,253.79322671706157,-2.2359270954504673
46.8702,46.8702,318.0,259.19410026469666,253.80919904401614,34.785899735303346
46.8896,46.8896,289.0,259.1735203465751,253.82507969805306,5.8064796534248835
46.9091,46.9091,298.0,259.1539771978205,253.84103239725513,14.826022802179505
46.9285,46.9285,276.0,259.1356402530929,253.85689352419465,-7.155640253092901
46.948,46.948,282.0,259.1182991455721,253.8728265956442,-1.138299145572109
46.9675,46.9675,294.0,259.102045895732,253.888749827989,10.877954104268024
46.9869,46.9869,317.0,259.08692147986727,253.90458163918333,33.89307852013273
47.0064,47.0064,309.0,259.07275230892884,253.9204852437756,25.90724769107116
47.0258,47.0258,269.0,259.05968327755323,253.9362975278726,-14.079683277553233
47.0453,47.0453,311.0,259.0475453402458,253.95218150471234,27.93245465975421
47.0647,47.0647,298.0,259.0364631480996,253.96797426171193,14.943536851900415
47.0842,47.0842,276.0,259.0263006764027,253.98383861079915,-7.046300676402684
47.1037,47.1037,296.0,259.0171070143348,253.9996931207817,12.962892985665217
47.1231,47.1231,318.0,259.00890896634843,254.0154565620361,34.971091033651575
47.1426,47.1426,273.0,259.00159870368765,254.0312914442661,-10.021598703687648
47.162,47.162,303.0,258.9952544076348,254.04703535842313,19.984745592365226
47.1815,47.1815,265.0,258.98979199293467,254.06285061290058,-18.00979199293467
47.2009,47.2009,284.0,258.98525679851383,254.07857499996024,0.9947432014861697
47.2204,47.2204,306.0,258.98160095670613,254.0943706266852,22.99839904329387
47.2399,47.2399,285.0,258.9788220963375,254.11015641430538,2.0011779036624766
47.2593,47.2593,290.0,258.97693459663054,254.12585148561988,7.003065403369458
47.2788,47.2788,256.0,258.97590716690723,254.14161764548757,-26.995907166907234
47.2982,47.2982,317.0,258.97573688955157,254.15729318970466,34.004263110448434
47.3177,47.3177,270.0,258.97642720553097,254.17303972181986,-12.996427205530967
47.3371,47.3371,300.0,258.97794506840194,254.1886957389396,17.002054931598064
47.3566,47.3566,269.0,258.98031623928534,254.20442264330222,-14.000316239285343
47.3761,47.3761,251.0,258.9835221497046,254.2201397085601,-32.00352214970458
47.3955,47.3955,296.0,258.98753825409204,254.23576640993468,12.992461745907956
47.415,47.415,275.0,258.99240351112866,254.25146384744005,-8.012403511128657
47.4344,47.4344,296.0,258.9980500283695,254.26707102171724,12.981949971630495
47.4539,47.4539,315.0,259.0045465362982,254.28274883147012,31.97545346370178
47.4733,47.4733,265.0,259.0118216978884,254.29833647864993,-18.03182169788842
47.4928,47.4928,269.0,259.0199359524092,254.31399466065028,-14.039935952409184
47.5123,47.5123,249.0,259.0288692313406,254.32964300354587,-34.04886923134059
47.5317,47.5317,265.0,259.0385487460307,254.34520133498052,-18.0585487460307
47.5512,47.5512,269.0,259.04908644325576,254.36083005012358,-14.06908644325576
47.5706,47.5706,285.0,259.0603736935276,254.37636885446085,1.9196263064724057
47.5901,47.5901,267.0,259.0725130761836,254.3919779418514,-16.09251307618361
47.6095,47.6095,285.0,259.0853935933335,254.40749721909128,1.894606406666508
47.629,47.629,279.0,259.0991434414414,254.4230866787293,-4.1191434414414125
47.6485,47.6485,295.0,259.1136990133981,254.43866629926265,11.866300986601896
47.6679,47.6679,265.0,259.1289854555614,254.45415626075732,-18.148985455561405
47.6874,47.6874,310.0,259.14514984164947,254.46971625353814,26.83485015835053
47.7068,47.7068,262.0,259.1620412069672,254.48518668793545,-21.182041206967217
47.7263,47.7263,282.0,259.17983457332684,254.50072705296373,-1.199834573326843
47.7457,47.7457,257.0,259.1983440890465,254.51617796026366,-26.218344089046486
47.7652,47.7652,270.0,259.21777511167136,254.5316986975394,-13.237775111671358
47.7847,47.7847,273.0,259.23802396774727,254.54720959571043,-10.258023967747267
47.8041,47.8041,258.0,259.2589975218012,254.5626311872652,-25.278997521801177
47.8236,47.8236,280.0,259.28091483915784,254.57812245768366,-3.3009148391578442
47.843,47.843,295.0,259.3035551174904,254.59352452214108,11.676444882509582
47.8625,47.8625,283.0,259.3271630611212,254.60899616480705,-0.3471630611212113
47.8819,47.8819,308.0,259.35149124967364,254.62437870216704,24.628508750326358
47.9014,47.9014,278.0,259.3768094595183,254.6398307170805,-5.3968094595183125
47.9209,47.9209,295.0,259.4030010287039,254.6552728928892,11.576998971296103
47.9403,47.9403,287.0,259.4299307931793,254.67062611450407,3.5500692068206767
47.9598,47.9598,288.0,259.45789060600185,254.68604866256024,4.5221093939981465
47.9792,47.9792,269.0,259.48659248903516,254.7013823570777,-14.50659248903516
47.9987,47.9987,324.0,259.51635228313586,254.71678527738138,40.463647716864145
48.0181,48.0181,256.0,259.5468804783702,254.73209944480146,-27.566880478370212
48.0376,48.0376,291.0,259.5784869923647,254.7474827373526,7.401513007635327
48.0571,48.0571,300.0,259.61104400102687,254.76285619079903,16.36895599897313
48.0765,48.0765,299.0,259.6443837140449,254.77814104247395,15.33561628595508
48.096,48.096,333.0,259.6788649479345,254.79349486816784,49.301135052065476
48.1154,48.1154,313.0,259.71415578518764,254.80876019274538,29.265844214812358
48.1349,48.1349,308.0,259.75061827142713,254.82409439068672,24.22938172857287
48.1543,48.1543,309.0,259.78790760927035,254.83934018816691,25.192092390729652
48.1738,48.1738,305.0,259.8264267461086,254.85465475835574,21.15357325389139
48.1933,48.1933,302.0,259.86599750026045,254.86995948943988,18.114002499739552
48.2127,48.2127,313.0,259.9064253202812,254.88517597117485,29.073574679718813
48.2322,48.2322,303.0,259.9481459964501,254.90046107450644,19.03185400354992
48.2516,48.2516,282.0,259.9907589145597,254.91565802914403,-2.0107589145597053
48.2711,48.2711,299.0,260.0347253462076,254.93092350472313,14.945274653792392
48.2905,48.2905,281.0,260.07960853813194,254.94610093226336,-3.0996085381319354
48.31,48.31,286.0,260.12590236554837,254.96134678008988,1.8540976344516302
48.3295,48.3295,307.0,260.17338988655854,254.9765827888117,22.80661011344146
48.3489,48.3489,239.0,260.22185581399526,254.99173090060677,-45.24185581399526
48.3684,48.3684,322.0,260.27182700150166,255.0069472815761,37.70817299849834
48.3878,48.3878,277.0,260.3228092465719,255.02207586627372,-7.342809246571921
48.4073,48.4073,276.0,260.3753651806631,255.03727261949052,-8.395365180663095
48.4267,48.4267,264.0,260.42897599491886,255.0523816770908,-20.448975994918857
48.4462,48.4462,289.0,260.4842313170269,255.06755880255506,4.49576868297309
48.4657,48.4657,269.0,260.54089836161194,255.08272608891457,-15.560898361611937
48.4851,48.4851,268.0,260.5986973750371,255.09780583076972,-16.61869737503709
48.5046,48.5046,286.0,260.6582700085554,255.1129534893767,1.3217299914445952
48.524,48.524,307.0,260.71903003608014,255.12801370413445,22.26096996391986
48.5435,48.5435,282.0,260.7816499061319,255.14314173498892,-2.8016499061319173
48.5629,48.5629,266.0,260.845540222876,255.1581824226493,-18.865540222876025
48.5824,48.5824,271.0,260.9113734610047,255.17329082575125,-13.9313734610047
48.6019,48.6019,301.0,260.9788933437259,255.18838938974847,16.00110665627413
48.6213,48.6213,283.0,261.0477747719568,255.20340076166366,-2.067774771956824
48.6408,48.6408,246.0,261.11877917023,255.21847969790835,-39.13877917023002
48.6602,48.6602,278.0,261.1912229922635,255.2334715427262,-7.211222992263476
48.6797,48.6797,253.0,261.2659028875831,255.24853085121833,-32.28590288758308
48.6991,48.6991,272.0,261.3421183842131,255.2635031689388,-13.362118384213108
48.7186,48.7186,264.0,261.42071481784683,255.27854284967844,-21.44071481784683
48.7381,48.7381,268.0,261.50135378097866,255.29357269131336,-17.52135378097866
48.7575,48.7575,285.0,261.58366385946346,255.30851569328863,-0.603663859463456
48.777,48.777,265.0,261.6685582828247,255.32352590717102,-20.688558282824676
48.7964,48.7964,261.0,261.7552443010777,255.3384493820489,-24.77524430107771
48.8159,48.8159,276.0,261.8446920951264,255.3534399681788,-9.86469209512639
48.8353,48.8353,259.0,261.936037719463,255.3683439159593,-26.956037719463
48.8548,48.8548,265.0,262.0303159439872,255.38331487433666,-21.050315943987204
48.8743,48.8743,279.0,262.12712466272893,255.39827599360925,-7.147124662728931
48.8937,48.8937,266.0,262.22605039415413,255.41315062564462,-20.24605039415413
48.9132,48.9132,280.0,262.32820704183064,255.4280921171647,-6.348207041830637
48.9326,48.9326,302.0,262.43261642185564,255.44294722210267,15.547383578144359
48.9521,48.9521,275.0,262.5404688015486,255.45786908587027,-11.560468801548627
48.9715,48.9715,279.0,262.6507483989964,255.47270466371083,-7.670748398996427
48.991,48.991,257.0,262.76469888181833,255.4876068997259,-29.784698881818333
49.0105,49.0105,274.0,262.88189505842325,255.50249929663622,-12.901895058423253
49.0299,49.0299,251.0,263.0017960907946,255.51730555873164,-36.02179609079458
49.0494,49.0494,266.0,263.1257823763905,255.5321783278894,-21.145782376390475
49.0688,49.0688,259.0,263.2527023643984,255.54696506288747,-28.272702364398373
49.0883,49.0883,311.0,263.3840012676086,255.5618182042927,23.595998732391404
49.1077,49.1077,250.0,263.5184632131472,255.5765854121934,-37.53846321314718
49.1272,49.1272,276.0,263.65762578593797,255.59141892584614,-11.677625785937966
49.1467,49.1467,243.0,263.800986011025,255.60624260039415,-44.82098601102497
49.1661,49.1661,277.0,263.947928232788,255.62098049254962,-10.967928232788001
49.1856,49.1856,274.0,264.10013808860265,255.63578453934514,-14.120138088602648
49.205,49.205,273.0,264.25622624435465,255.65050290440325,-15.27622624435465
49.2245,49.2245,260.0,264.41799810322425,255.66528732344622,-28.43799810322425
49.2439,49.2439,275.0,264.5840084337616,255.67998616140696,-13.604008433761596
49.2634,49.2634,271.0,264.7561987248935,255.6947509526974,-17.776198724893522
49.2829,49.2829,282.0,264.93391922070526,255.70950590488314,-6.953919220705263
49.3023,49.3023,285.0,265.11645263339904,255.7241754270987,-4.136452633399035
49.3218,49.3218,263.0,265.3059334468412,255.73891075153188,-26.32593344684121
49.3412,49.3412,267.0,265.5006989622817,255.75356074665004,-22.520698962281717
49.3607,49.3607,304.0,265.70305581746135,255.76827644333073,14.276944182538653
49.3801,49.3801,291.0,265.9111695797541,255.78290691135152,1.0688304202459271
49.3996,49.3996,289.0,266.12753915111654,255.7976029802797,-1.1475391511165363
49.4191,49.4191,302.0,266.351405992366,255.8122892101031,11.628594007634018
49.4385,49.4385,265.0,266.58194704435556,255.82689036237872,-25.60194704435556
49.458,49.458,287.0,266.8219300459531,255.8415569644496,-3.841930045953081
49.4774,49.4774,269.0,267.06922928271126,255.85613858962788,-22.089229282711262
49.4969,49.4969,287.0,267.32685708581187,255.87078556394624,-4.346857085811866
49.5163,49.5163,302.0,267.59259900410694,255.88534766202713,10.387400995893056
49.5358,49.5358,269.0,267.86966474910685,255.899975008593,-22.889664749106846
49.5553,49.5553,288.0,268.15718432556787,255.9145925160541,-4.177184325567868
49.5747,49.5747,282.0,268.4541801938935,255.9291252983898,-10.474180193893478
49.5942,49.5942,239.0,268.764287841317,255.9437231780984,-53.78428784131701
49.6136,49.6136,291.0,269.0849153136524,255.95823643333674,-2.104915313652402
49.6331,49.6331,274.0,269.4200116859065,255.9728146852928,-19.4400116859065
49.6525,49.6525,238.0,269.7668073142753,255.98730841343377,-55.78680731427529
49.672,49.672,277.0,270.129615296522,256.0018670376373,-17.14961529652199
49.6914,49.6914,282.0,270.50553498137873,256.01634123868087,-12.52553498137873
49.7109,49.7109,317.0,270.8993198665216,256.03088023513186,22.08068013347842
49.7304,49.7304,298.0,271.3099081028784,256.0454093924782,2.6700918971215906
49.7498,49.7498,290.0,271.7360238621095,256.0598542777766,-5.756023862109505
49.7693,49.7693,295.0,272.183103602059,256.0743638073704,-1.20310360205902
49.7887,49.7887,291.0,272.64771291976535,256.08878916557137,-5.6677129197653535
49.8082,49.8082,267.0,273.13588638443883,256.10327906741264,-30.155886384438833
49.8276,49.8276,285.0,273.64377453259533,256.1176848985163,-12.66377453259533
49.8471,49.8471,315.0,274.17809618168,256.132155172605,16.801903818319982
49.8666,49.8666,284.0,274.7377027319091,256.146615607589,-14.75770273190911
49.886,49.886,297.0,275.3212276507999,256.16099212294745,-2.341227650799926
49.9055,49.9055,289.0,275.93648381819645,256.17543293017894,-10.95648381819645
49.9249,49.9249,303.0,276.5788825369146,256.18978991844,2.4011174630854093
49.9444,49.9444,328.0,277.2572122261015,256.20421109791897,26.7227877738985
49.9638,49.9638,304.0,277.9666747776004,256.21854855908265,2.0133252223995832
49.9833,49.9833,315.0,278.71699288264057,256.23295011080916,12.263007117359432
50.0028,50.0028,321.0,279.5071249019687,256.2473418234308,17.472875098031277
50.0222,50.0222,297.0,280.3356759832911,256.2616499688494,-7.355675983291082
50.0417,50.0417,282.0,281.21430281126715,256.2760220537185,-23.234302811267145
50.0611,50.0611,343.0,282.13728780868115,256.2903106720397,36.84271219131885
50.0806,50.0806,301.0,283.11784722868276,256.3046631291563,-6.137847228682762
50.1,50.1,329.0,284.1498564890703,256.31893222038013,20.830143510929684
50.1195,50.1195,335.0,285.24837587146874,256.3332650497443,25.731624128531262
50.139,50.139,299.0,286.4133084823403,256.34758804000364,-11.433308482340312
50.1584,50.1584,314.0,287.64333549619664,256.3618278154823,2.336664503803359
50.1779,50.1779,314.0,288.95703288783113,256.3761311779891,1.0229671121688675
50.1973,50.1973,317.0,290.347235333916,256.3903514263704,2.632764666084011
50.2168,50.2168,303.0,291.8354272911278,256.40463516112476,-12.855427291127814
50.2362,50.2362,313.0,293.4143590016679,256.4188358824086,-4.4343590016678895
50.2557,50.2557,294.0,295.10921985518405,256.4330999894104,-25.12921985518405
50.2752,50.2752,306.0,296.9215918844874,256.44735425730755,-14.941591884487384
50.2946,50.2946,329.0,298.8520048288587,256.4615256628462,6.127995171141304
50.3141,50.3141,349.0,300.9323871507252,256.4757603029908,24.04761284927478
50.3335,50.3335,319.0,303.15500460659564,256.4899121814321,-8.175004606595639
50.353,50.353,334.0,305.55798601179976,256.50412719382416,4.422013988200245
50.3724,50.3724,311.0,308.13272923536294,256.51825954516806,-21.152729235362944
50.3919,50.3919,338.0,310.92507709881426,256.5324549298076,3.054922901185744
50.4114,50.4114,353.0,313.9427811639783,256.54664047534243,15.037218836021719
50.4308,50.4308,344.0,317.19332495019285,256.56074351094117,2.7866750498071546
50.4503,50.4503,349.0,320.7350003192122,256.57490942872346,4.24499968078781
50.4697,50.4697,352.0,324.5619784092704,256.5889929372248,3.418021590729591
50.4892,50.4892,382.0,328.74703821505466,256.6031392272546,29.232961784945342
50.5086,50.5086,360.0,333.2838297427336,256.6172032086585,2.696170257266413
50.5281,50.5281,388.0,338.2608972031102,256.6313298709358,25.719102796889825
50.5476,50.5476,390.0,343.70151645352087,256.6454466941083,22.278483546479134
50.567,50.567,402.0,349.62661887462923,256.6594813597671,28.35338112537077
50.5865,50.5865,426.0,356.1545788780915,256.6735785551871,45.82542112190849
50.6059,50.6059,432.0,363.2803592963054,256.6875936937485,44.69964070369461
50.6254,50.6254,442.0,371.14659278128323,256.701671261416,46.83340721871677
50.6448,50.6448,471.0,379.7456397643583,256.71566687288004,67.23436023564169
50.6643,50.6643,494.0,389.24548718926764,256.729724812795,80.73451281073237
50.6838,50.6838,463.0,399.68996778072926,256.7437729136052,39.29003221927074
50.7032,50.7032,453.0,411.09869650801613,256.7577392093241,17.881303491983868
50.7227,50.7227,475.0,423.6732763755052,256.7717676823818,27.306723624494776
50.7421,50.7421,524.0,437.35542939101606,256.7857144510033,62.624570608983944
50.7616,50.7616,549.0,452.34268899660776,256.79972329630846,72.63731100339224
50.781,50.781,536.0,468.51136813279,256.8136505378326,43.46863186721002
50.8005,50.8005,592.0,486.01427248274,256.8276397553852,81.96572751725999
50.82,50.82,573.0,504.6901366678677,256.84161913383315,44.2898633321323
50.8394,50.8394,662.0,524.2723129611584,256.85551705961205,113.70768703884163
50.8589,50.8589,625.0,544.6939819552116,256.86947681030745,56.286018044788406
50.8783,50.8783,637.0,565.3609672755471,256.8833552089891,47.619032724452936
50.8978,50.8978,636.0,585.9504264042407,256.8972953319319,26.029573595759285
50.9172,50.9172,645.0,605.6143080189435,256.9111542035161,15.365691981056539
50.9367,50.9367,633.0,623.8231868776822,256.92507469870645,-14.843186877682246
50.9562,50.9562,658.0,639.7160813043906,256.93898535479207,-5.736081304390627
50.9756,50.9756,699.0,652.5444605023669,256.9528149106311,22.43553949763314
50.9951,50.9951,665.0,661.8942575934772,256.9667059389642,-20.914257593477164
51.0145,51.0145,644.0,667.336285240859,256.98051596770586,-47.35628524085895
51.034,51.034,641.0,668.8195095797986,256.9943873682864,-51.83950957979859
51.0534,51.0534,640.0,666.4352773820467,257.00817786993065,-50.4552773820467
51.0729,51.0729,641.0,660.4103774525697,257.0220296427587,-43.430377452569715
51.0924,51.0924,616.0,651.1132515550762,257.035871576482,-59.1332515550762
51.1118,51.1118,537.0,639.0174200727081,257.0496327623811,-126.03742007270809
51.1313,51.1313,616.0,624.4384733235092,257.0634550683519,-32.45847332350924
51.1507,51.1507,547.0,607.9921898893623,257.07719672715365,-85.01218988936229
51.1702,51.1702,551.0,589.9934563184128,257.09099940537186,-63.013456318412764
51.1896,51.1896,542.0,571.1258700738208,257.1047215370762,-53.1458700738208
51.2091,51.2091,511.0,551.683225807185,257.11850458754196,-64.70322580718495
51.2286,51.2286,546.0,532.2102789933592,257.132277798903,-10.230278993359224
51.248,51.248,465.0,513.2007420926052,257.14597061486216,-72.22074209260519
51.2675,51.2675,418.0,494.7665488695068,257.15972419847066,-100.78654886950677
51.2869,51.2869,450.0,477.32321567926954,257.17339748733247,-51.343215679269534
51.3064,51.3064,457.0,460.83832789302346,257.18713144318843,-27.85832789302346
51.3258,51.3258,440.0,445.55780790258984,257.20078520495287,-29.577807902589843
51.3453,51.3453,363.0,431.3535052180754,257.21449953305626,-92.37350521807538
51.3648,51.3648,398.0,418.2894290011701,257.22820402205497,-44.3094290011701
51.3842,51.3842,422.0,406.3808573023116,257.24182846807423,-8.400857302311596
51.4037,51.4037,358.0,395.44375897844236,257.2555133293204,-61.46375897844236
51.4231,51.4231,385.0,385.51857457657377,257.2691182482423,-24.53857457657377
51.4426,51.4426,377.0,376.4302221932817,257.282783481736,-23.45022219328168
51.462,51.462,407.0,368.19571314716296,257.2963688735605,14.784286852837038
51.4815,51.4815,350.0,360.6569767952993,257.31001447930157,-34.67697679529927
51.501,51.501,364.0,353.78910510262415,257.323650245938,-13.809105102624148
51.5204,51.5204,330.0,347.55738991243334,257.3372063220173,-41.57738991243333
51.5399,51.5399,329.0,341.8400046858101,257.3508224609012,-36.86000468581007
51.5593,51.5593,350.0,336.64127823422484,257.3643590098831,-10.661278234224842
51.5788,51.5788,322.0,331.8581931855212,257.37795552101454,-33.8781931855212
51.5982,51.5982,329.0,327.49738650727426,257.39147254289907,-22.517386507274257
51.6177,51.6177,314.0,323.4737029832031,257.4050494262779,-33.49370298320311
51.6372,51.6372,318.0,319.77518449620237,257.418616470552,-25.79518449620237
51.6566,51.6566,327.0,316.3867449158418,257.43210417669144,-13.406744915841802
51.6761,51.6761,310.0,313.2448095940531,257.445651593213,-27.264809594053094
51.6955,51.6955,288.0,310.3573324411818,257.459119772255,-46.37733244118182
51.715,51.715,320.0,307.67154862140814,257.4726475610241,-11.691548621408135
51.7344,51.7344,303.0,305.19509595105006,257.48609621296873,-26.215095951050063
51.7539,51.7539,307.0,302.88443009345684,257.4996043739853,-19.904430093456842
51.7734,51.7734,302.0,300.7363520190376,257.5131026958971,-22.75635201903761
51.7928,51.7928,311.0,298.74690148472456,257.5265220320965,-11.76690148472456
51.8123,51.8123,305.0,296.8823330931731,257.5400007262558,-15.902333093173088
51.8317,51.8317,302.0,295.15036431268925,257.5534005353579,-17.170364312689248
51.8512,51.8512,281.0,293.52273055966236,257.56685960176463,-36.54273055966236
51.8706,51.8706,298.0,292.0065957622864,257.58023988376937,-18.026595762286394
51.8901,51.8901,284.0,290.5783637473792,257.5936793224236,-30.598363747379228
51.9096,51.9096,295.0,289.2381866382772,257.6071089219731,-18.258186638277227
51.929,51.929,318.0,287.98549075694393,257.62045988823263,5.9945092430560685
51.9485,51.9485,323.0,286.80111299883663,257.6338698600297,12.178887001163371
51.9679,51.9679,295.0,285.6914072888346,257.6472012991918,-14.711407288834625
51.9874,51.9874,266.0,284.64014029697086,257.6605916432363,-42.66014029697085
52.0068,52.0068,285.0,283.65325815637414,257.6739035553011,-22.673258156374136
52.0263,52.0263,302.0,282.716217551042,257.68727427159297,-4.736217551042007
52.0458,52.0458,284.0,281.8305669419742,257.7006351487802,-21.85056694197421
52.0652,52.0652,258.0,280.9968296791968,257.7139177450998,-47.01682967919682
52.0847,52.0847,278.0,280.2031386721429,257.7272589945345,-26.223138672142927
52.1041,52.1041,294.0,279.45464355013075,257.7405220637567,-9.474643550130754
52.1236,52.1236,258.0,278.7407964197012,257.7538436854389,-44.76079641970121
52.143,52.143,272.0,278.06660235416547,257.7670872275637,-30.086602354165468
52.1625,52.1625,297.0,277.422670317332,257.7803892214934,-4.442670317332006
52.182,52.182,273.0,276.81046046942674,257.7936813763183,-27.830460469426743
52.2014,52.2014,286.0,276.230858282381,257.806895602698,-14.250858282381007
52.2209,52.2209,296.0,275.67600401199223,257.82016812977037,-3.6960040119922333
52.2403,52.2403,260.0,275.15005191342806,257.83336282905265,-39.170051913428054
52.2598,52.2598,267.0,274.6459288466483,257.8466157283725,-31.665928846648303
52.2792,52.2792,291.0,274.16738778700216,257.85979090055747,-7.187387787002155
52.2987,52.2987,299.0,273.70814259499986,257.87302417212476,1.2718574050001443
52.3182,52.3182,285.0,273.26938847028765,257.8862476045874,-12.289388470287651
52.3376,52.3376,266.0,272.8521850712701,257.89939346102716,-30.872185071270128
52.3571,52.3571,287.0,272.451074541224,257.91259726573725,-9.471074541223988
52.3765,52.3765,307.0,272.06919513524576,257.9257235950796,10.910804864754237
52.396,52.396,280.0,271.70166128856937,257.93890777203717,-15.721661288569369
52.4154,52.4154,286.0,271.3513032287353,257.9520145742822,-9.371303228735275
52.4349,52.4349,267.0,271.01381228246146,257.9651791234872,-28.033812282461458
52.4544,52.4544,257.0,270.69018294266976,257.97833383358756,-37.71018294266976
52.4738,52.4738,287.0,270.3812501498108,257.99141132008737,-7.401250149810796
52.4933,52.4933,279.0,270.0831990639839,258.00454640243515,-15.103199063983897
52.5127,52.5127,260.0,269.79845063259677,258.0176043618376,-33.818450632596765
52.5322,52.5322,261.0,269.52347213888766,258.03071981643285,-32.54347213888765
52.5516,52.5516,277.0,269.26052052729864,258.0437582487379,-16.280520527298638
52.5711,52.5711,290.0,269.00633652429127,258.05685407558065,-3.0263365242912705
52.5905,52.5905,295.0,268.7631072167836,258.0698729807884,2.2168927832163767
52.61,52.61,236.0,268.52782425323124,258.0829491798786,-56.54782425323124
52.6295,52.6295,274.0,268.30134808571506,258.096015539864,-18.321348085715062
52.6489,52.6489,274.0,268.0843473848717,258.1090051293266,-18.104347384871705
52.6684,52.6684,255.0,267.87417637493525,258.1220518615595,-36.89417637493524
52.6878,52.6878,266.0,267.6726868993289,258.1350219239247,-25.69268689932888
52.7073,52.7073,299.0,267.4774238650208,258.1480490284051,7.502576134979204
52.7267,52.7267,285.0,267.2900778899096,258.1609995636729,-6.310077889909582
52.7462,52.7462,279.0,267.1084105424897,258.1740070404008,-12.128410542489707
52.7657,52.7657,279.0,266.9330808552913,258.187004678024,-11.95308085529128
52.7851,52.7851,284.0,266.7647188608054,258.19992589754656,-6.7847188608053735
52.8046,52.8046,289.0,266.6012989081748,258.2129039074172,-1.6212989081747828
52.824,52.824,247.0,266.44426206011696,258.22580559984243,-43.46426206011695
52.8435,52.8435,276.0,266.2917570962144,258.2387639819606,-14.311757096214382
52.8629,52.8629,273.0,266.1450949022825,258.2516461472884,-17.165094902282494
52.8824,52.8824,283.0,266.00260984960545,258.264584901654,-7.022609849605448
52.9019,52.9019,265.0,265.86483455713113,258.27751381691496,-24.884834557131132
52.9213,52.9213,249.0,265.7322491676049,258.2903666664976,-40.75224916760489
52.9408,52.9408,317.0,265.6033262299876,258.303275954006,27.3766737700124
52.9602,52.9602,265.0,265.47921263512086,258.31610927649126,-24.49921263512086
52.9797,52.9797,244.0,265.35846473510634,258.3289989362471,-45.378464735106334
52.9991,52.9991,248.0,265.24216019613965,258.341812731635,-41.26216019613965
53.0186,53.0186,270.0,265.1289394943834,258.3546827636383,-19.148939494383416
53.0381,53.0381,249.0,265.01930047507426,258.3675429565369,-40.039300475074256
53.0575,53.0575,268.0,264.9136344350423,258.38032743617964,-20.933634435042297
53.077,53.077,290.0,264.8107237624424,258.3931680013257,1.169276237557579
53.0964,53.0964,245.0,264.71149672735396,258.40593295387106,-43.73149672735396
53.1159,53.1159,242.0,264.61480259195537,258.4187538912646,-46.63480259195536
53.1353,53.1353,271.0,264.5215520238052,258.4314993167126,-17.541552023805213
53.1548,53.1548,284.0,264.4306592124933,258.4443006263536,-4.45065921249331
53.1743,53.1743,264.0,264.3425190750696,258.4570920968899,-24.362519075069617
53.1937,53.1937,281.0,264.25745840540867,258.4698082065927,-7.2774584054086695
53.2132,53.2132,276.0,264.1744972078469,258.48258004937645,-12.194497207846911
53.2326,53.2326,280.0,264.0944231022019,258.4952766319819,-8.114423102201915
53.2521,53.2521,242.0,264.0163099230638,258.5080288470131,-46.03630992306377
53.2715,53.2715,280.0,263.94088437437506,258.5207059025212,-7.960884374375059
53.291,53.291,296.0,263.8672910177434,258.5334384897999,8.112708982256589
53.3105,53.3105,266.0,263.79583224061275,258.5461612379739,-21.815832240612753
53.3299,53.3299,291.0,263.72681155103504,258.55880897773676,3.253188448964959
53.3494,53.3494,285.0,263.65943578644004,258.5715120981582,-2.6794357864400418
53.3688,53.3688,288.0,263.59432929163336,258.5841403108237,0.38567070836664286
53.3883,53.3883,253.0,263.5307657438381,258.59682380349267,-34.55076574383811
53.4077,53.4077,276.0,263.4693344960645,258.6094324890608,-11.489334496064505
53.4272,53.4272,272.0,263.4093444618104,258.6220963539772,-15.429344461810405
53.4467,53.4467,265.0,263.35105415105306,258.6347503797889,-22.371054151053062
53.4661,53.4661,285.0,263.29469611653343,258.64732974961186,-2.3146961165334297
53.4856,53.4856,285.0,263.23964656117977,258.659964147671,-2.2596465611797676
53.505,53.505,261.0,263.1864183881192,258.6725239903966,-26.206418388119193
53.5245,53.5245,261.0,263.13441435456235,258.68513876070324,-26.154414354562352
53.5439,53.5439,258.0,263.0841195250742,258.69767907633144,-29.104119525074186
53.5634,53.5634,258.0,263.0349650876147,258.71027421888556,-29.054965087614693
53.5829,53.5829,294.0,262.9871845151558,258.72285952233494,6.992815484844225
53.6023,53.6023,258.0,262.9409682192686,258.735370522218,-28.960968219268597
53.6218,53.6218,247.0,262.8957990659356,258.74793619791484,-39.91579906593559
53.6412,53.6412,296.0,262.852100990132,258.76042767070044,9.127899009868013
53.6607,53.6607,292.0,262.8093799419965,258.77297371864483,5.170620058003504
53.6801,53.6801,257.0,262.76805431425447,258.78544566433305,-29.78805431425447
53.6996,53.6996,257.0,262.72765436393524,258.79797208452493,-29.747654363935244
53.7191,53.7191,252.0,262.6883687043017,258.81048866561196,-34.70836870430169
53.7385,53.7385,275.0,262.65035455714883,258.82293129555507,-11.67035455714883
53.758,53.758,250.0,262.61318310556914,258.8354282488896,-36.63318310556913
53.7774,53.7774,261.0,262.5772205058659,258.84785135173536,-25.59722050586591
53.7969,53.7969,276.0,262.5420591119725,258.86032867731745,-10.562059111972491
53.8163,53.8163,269.0,262.5080309516124,258.87273225306575,-17.528030951612397
53.8358,53.8358,269.0,262.4747648146267,258.88518995089527,-17.494764814626723
53.8553,53.8553,285.0,262.44241202188726,258.89763780962005,-1.462412021887264
53.8747,53.8747,245.0,262.4111038346017,258.91001206962324,-41.4311038346017
53.8942,53.8942,277.0,262.3804886933969,258.9224403005955,-9.400488693396898
53.9136,53.9136,255.0,262.35086844444777,258.9347950335013,-31.37086844444777
53.9331,53.9331,270.0,262.3219091334144,258.94720363672104,-16.341909133414408
53.9525,53.9525,272.0,262.2938880440088,258.9595388425294,-14.313888044008781
53.972,53.972,268.0,262.26649640595105,258.97192781799663,-18.286496405951045
53.9915,53.9915,260.0,262.23985635205935,258.98430695435917,-26.259856352059348
54.0109,54.0109,248.0,262.2140790849716,258.9966128444224,-38.23407908497161
54.0304,54.0304,298.0,262.1888844353397,259.00897235303233,11.791115564660327
54.0498,54.0498,274.0,262.16451209462906,259.02125871599816,-12.18451209462906
54.0693,54.0693,281.0,262.1406921840715,259.03359859685565,-5.160692184071497
54.0887,54.0887,288.0,262.1176504181815,259.04586543272416,1.862349581818517
54.1082,54.1082,263.0,262.09512894375484,259.0581856858291,-23.115128943754844
54.1277,54.1277,236.0,262.07323964891935,259.07049609982926,-50.09323964891935
54.1471,54.1471,255.0,262.0520722107708,259.08273361995253,-31.072072210770802
54.1666,54.1666,272.0,262.0313933356217,259.09502440620025,-14.051393335621714
54.186,54.186,300.0,262.0113984012016,259.10724239922615,13.968601598798426
54.2055,54.2055,290.0,261.9918639715715,259.1195135577213,3.98813602842851
54.2249,54.2249,278.0,261.97298450982737,259.1317120236498,-7.9929845098273695
54.2444,54.2444,271.0,261.9545473430691,259.1439635543925,-14.974547343069123
54.2639,54.2639,291.0,261.936640045495,259.15620524603037,5.043359954505018
54.2833,54.2833,244.0,261.9193316521085,259.1683743962137,-41.93933165210849
54.3028,54.3028,242.0,261.90244168352575,259.1805964600991,-43.92244168352575
54.3222,54.3222,273.0,261.8861258401708,259.1927460831851,-12.906125840170791
54.3417,54.3417,277.0,261.8702009196412,259.20494851931795,-8.890200919641206
54.3611,54.3611,262.0,261.85482660944155,259.21707861530655,-23.874826609441545
54.3806,54.3806,282.0,261.8398292351255,259.2292614236869,-3.8598292351254777
54.4001,54.4001,281.0,261.825280527187,259.2414343929625,-4.845280527186976
54.4195,54.4195,284.0,261.81123972160947,259.25353517320593,-1.8312397216094674
54.439,54.439,283.0,261.7975515304019,259.26568851472905,-2.8175515304019036
54.4584,54.4584,260.0,261.7843458627137,259.2777697678751,-25.804345862713678
54.4779,54.4779,259.0,261.7714805338829,259.28990348164564,-26.79148053388288
54.4973,54.4973,273.0,261.7590777990494,259.3019652076943,-12.779077799049407
54.5168,54.5168,243.0,261.7470000483221,259.3140792937123,-42.76700004832209
54.5363,54.5363,269.0,261.73529990264393,259.32618354062566,-16.75529990264393
54.5557,54.5557,255.0,261.72403219803164,259.33821595092917,-30.744032198031636
54.5752,54.5752,268.0,261.7130689260328,259.3503005700899,-17.733068926032804
54.5946,54.5946,283.0,261.7025161086352,259.36231345329605,-2.7225161086352223
54.6141,54.6141,227.0,261.69225699545615,259.37437844470435,-58.712256995456144
54.6335,54.6335,241.0,261.68238815871257,259.3863718008131,-44.702388158712566
54.653,54.653,254.0,261.67279830900975,259.3984171644688,-31.69279830900975
54.6725,54.6725,265.0,261.6635363955376,259.4104526890198,-20.68353639553762
54.6919,54.6919,279.0,261.6546398042371,259.42241672938343,-6.674639804237092
54.7114,54.7114,297.0,261.646009355606,259.4344326261819,11.333990644394003
54.7308,54.7308,281.0,261.63772307784626,259.4463771394481,-4.65772307784626
54.7503,54.7503,278.0,261.6296958556266,259.4583734084941,-7.649695855626607
54.7697,54.7697,260.0,261.6220000890411,259.47029839466285,-25.64200008904108
54.7892,54.7892,242.0,261.61454821781075,259.4822750359563,-43.634548217810746
54.8087,54.8087,310.0,261.60738221324027,259.494241838145,24.37261778675973
54.8281,54.8281,296.0,261.60052028345456,259.50613750856866,10.379479716545443
54.8476,54.8476,263.0,261.5938950177791,259.5180846830048,-22.613895017779118
54.867,54.867,296.0,261.5875648633472,259.52996082633115,10.39243513665279
54.8865,54.8865,279.0,261.58145905976863,259.5418883730148,-6.601459059768633
54.9059,54.9059,267.0,261.5756349488859,259.5537449892437,-18.59563494888592
54.9254,54.9254,239.0,261.5700288921188,259.56565290817485,-46.59002889211878
54.9449,54.9449,270.0,261.56466664371743,259.57755098800124,-15.58466664371743
54.9643,54.9643,272.0,261.55956773658573,259.58937828848497,-13.579567736585734
54.9838,54.9838,255.0,261.55467301337495,259.6012567405588,-30.57467301337495
55.0032,55.0032,250.0,261.5500320695779,259.6130645139452,-35.57003206957792
55.0227,55.0227,286.0,261.5455903195251,259.6249233382665,0.4344096804748965
55.0421,55.0421,282.0,261.5413893370766,259.6367115845555,-3.5613893370766228
55.0616,55.0616,261.0,261.5373821583909,259.6485507811243,-24.557382158390926
55.0811,55.0811,269.0,261.5335833826356,259.66038013858844,-16.553583382635583
55.1005,55.1005,244.0,261.53001135351843,259.67213906913224,-41.55001135351843
55.12,55.12,300.0,261.52662266955025,259.6839487988438,14.45337733044975
55.1394,55.1394,276.0,261.5234489586904,259.6956882022902,-9.54344895869038
55.1589,55.1589,284.0,261.52045397105684,259.7074783042493,-1.540453971056838
55.1783,55.1783,278.0,261.5176615314768,259.71919818059837,-7.53766153147679
55.1978,55.1978,262.0,261.5150442991666,259.7309686548049,-23.535044299166618
55.2173,55.2173,274.0,261.5126102620493,259.74272928990666,-11.532610262049293
55.2367,55.2367,278.0,261.5103669483513,259.75441985051054,-7.530366948351304
55.2562,55.2562,247.0,261.50829144405066,259.7661608578598,-38.52829144405065
55.2756,55.2756,245.0,261.5063954645365,259.7778318913663,-40.52639546453652
55.2951,55.2951,256.0,261.5046620197389,259.7895532709631,-29.524662019738873
55.3145,55.3145,307.0,261.5031031466754,259.80120477737216,21.476896853324586
55.334,55.334,272.0,261.5016992081334,259.81290652921643,-13.521699208133402
55.3534,55.3534,281.0,261.50046194173024,259.8245385085281,-4.520461941730236
55.3729,55.3729,280.0,261.4993764288597,259.83622063261987,-5.5193764288597045
55.3924,55.3924,270.0,261.498446916947,259.8478929176068,-15.518446916946989
55.4118,55.4118,279.0,261.49767271636404,259.8594955811734,-6.517672716364036
55.4313,55.4313,256.0,261.4970423967582,259.87114823840784,-29.517042396758217
55.4507,55.4507,270.0,261.4965622360052,259.88273137487704,-15.516562236005218
55.4702,55.4702,247.0,261.4962229384023,259.89436440435895,-38.516222938402294
55.4896,55.4896,247.0,261.49602602986886,259.9059280137308,-38.516026029868854
55.5091,55.5091,260.0,261.49596721828505,259.9175414154602,-25.515967218285045
55.5286,55.5286,271.0,261.49604275880716,259.9291449780849,-14.516042758807163
55.548,55.548,273.0,261.49625216486345,259.94067927171153,-12.516252164863449
55.5675,55.5675,296.0,261.4965934499081,259.95226320658367,10.483406550091882
55.5869,55.5869,263.0,261.4970617474537,259.96377797311294,-22.5170617474537
55.6064,55.6064,285.0,261.4976590888331,259.97534228023255,-0.5176590888330743
55.6258,55.6258,284.0,261.49837501714524,259.98683751966445,-1.5183750171452353
55.6453,55.6453,281.0,261.49921872425284,259.99838219903154,-4.519218724252841
55.6648,55.6648,240.0,261.5001820936051,260.00991703929395,-45.52018209360507
55.6842,55.6842,261.0,261.5012577765514,260.0213829629806,-24.521257776551426
55.7037,55.7037,254.0,261.5024537680572,260.0328981754905,-31.522453768057193
55.7231,55.7231,266.0,261.5037579792403,260.0443445720798,-19.523757979240276
55.7426,55.7426,264.0,261.5051806908697,260.0558401568372,-21.52518069086968
55.762,55.762,275.0,261.50670529570544,260.06726702632915,-10.526705295705444
55.7815,55.7815,256.0,261.5083450232971,260.07874298333394,-29.528345023297124
55.801,55.801,251.0,261.51009035886074,260.090209101234,-34.53009035886073
55.8204,55.8204,249.0,261.5119316003517,260.1016066549808,-36.53193160035171
55.8399,55.8399,285.0,261.51388474179794,260.11305314512833,-0.5338847417979373
55.8593,55.8593,279.0,261.5159279025151,260.12443117177776,-6.535927902515102
55.8788,55.8788,277.0,261.5180791885988,260.1358580341728,-8.53807918859879
55.8982,55.8982,260.0,261.5203174900973,260.1472165337248,-25.540317490097284
55.9177,55.9177,292.0,261.52266246850866,260.15862376836736,6.457337531491344
55.9372,55.9372,253.0,261.52510207495015,260.1700211639051,-32.54510207495015
55.9566,55.9566,282.0,261.52762107711567,260.181350347712,-3.547621077115668
55.9761,55.9761,262.0,261.5302424828689,260.19272811549723,-23.550242482868914
55.9955,55.9955,263.0,261.5329404248968,260.2040377722067,-22.55294042489682
56.015,56.015,277.0,261.5357396127523,260.21539591223944,-8.555739612752308
56.0344,56.0344,248.0,261.538610839053,260.2266860418515,-37.558610839052974
56.0539,56.0539,259.0,261.5415817467404,260.23802455413175,-26.561581746740405
56.0734,56.0734,254.0,261.54463499514935,260.2493532273072,-31.56463499514935
56.0928,56.0928,265.0,261.5477553354877,260.26061404117416,-20.567755335487693
56.1123,56.1123,273.0,261.55097215732496,260.2719230865971,-12.570972157324963
56.1317,56.1317,261.0,261.5542507632323,260.2831643733667,-24.57425076323229
56.1512,56.1512,255.0,261.55762491129116,260.2944537910371,-30.577624911291156
56.1706,56.1706,286.0,261.561058355605,260.3056755507093,0.4189416443950158
56.1901,56.1901,265.0,261.56458506495994,260.31694534062717,-20.584585064959942
56.2096,56.2096,280.0,261.56818582146894,260.3282052914404,-5.588185821468944
56.229,56.229,282.0,261.57184103014845,260.33939773536736,-3.591841030148448
56.2485,56.2485,247.0,261.5755870439323,260.35063805842805,-38.59558704393227
56.2679,56.2679,247.0,261.5793827601446,260.36181097525764,-38.59938276014459
56.2874,56.2874,208.0,261.5832688992898,260.37303167056575,-77.6032688992898
56.3068,56.3068,263.0,261.5872028875059,260.384185060298,-22.607202887505895
56.3263,56.3263,298.0,261.5912235787133,260.3953861278536,12.388776421286689
56.3458,56.3458,246.0,261.5953113040715,260.40657735630447,-39.61531130407151
56.3652,56.3652,284.0,261.5994429792405,260.4177014302916,-1.6194429792405067
56.3847,56.3847,279.0,261.6036600656516,260.4288730309899,-6.623660065651581
56.4041,56.4041,266.0,261.60791821008996,260.43997757787963,-19.627918210089963
56.4236,56.4236,274.0,261.6122593639579,260.45112955082544,-11.632259363957889
56.443,56.443,282.0,261.61663976955043,260.46221457061773,-3.636639769550431
56.4625,56.4625,283.0,261.6211025244464,260.4733469158111,-2.6411025244464277
56.482,56.482,257.0,261.625624967483,260.4844694218997,-28.64562496748302
56.5014,56.5014,262.0,261.63018181457835,260.4955251259468,-23.65018181457835
56.5209,56.5209,297.0,261.6348186210631,260.50662800428285,11.345181378936882
56.5403,56.5403,275.0,261.6394882776762,260.51766418123265,-10.659488277676207
56.5598,56.5598,299.0,261.64423730064436,260.52874743181616,13.335762699355637
56.5792,56.5792,284.0,261.6490162131452,260.5397640816685,-1.6690162131452162
56.5987,56.5987,249.0,261.65387285025264,260.55082770449957,-36.673872850252636
56.6182,56.6182,296.0,261.65878319885326,260.5618814882258,10.321216801146743
56.6376,56.6376,262.0,261.66371995432866,260.572868822333,-23.683719954328655
56.6571,56.6571,260.0,261.66873301509065,260.5839029783068,-25.68873301509065
56.6765,56.6765,258.0,261.6737706385229,260.59487078531663,-27.69377063852291
56.696,56.696,266.0,261.67888393376757,260.6058853135379,-19.698883933767565
56.7154,56.7154,258.0,261.68401854831995,260.61683359345034,-27.704018548319954
56.7349,56.7349,260.0,261.6892285519775,260.627828493919,-25.70922855197752
56.7544,56.7544,287.0,261.69448550430167,260.63881355528304,1.285514495698333
56.7738,56.7738,283.0,261.6997615773681,260.6497325194503,-2.7197615773681214
56.7933,56.7933,252.0,261.7051108282768,260.6606979530618,-33.72511082827681
56.8127,56.8127,273.0,261.71047761317425,260.67159739013164,-12.730477613174248
56.8322,56.8322,279.0,261.71591656936454,260.6825431959906,-6.735916569364537
56.8516,56.8516,269.0,261.7213708989945,260.6934231059632,-16.741370898994507
56.8711,56.8711,259.0,261.72689555116466,260.70434928406956,-26.74689555116466
56.8906,56.8906,280.0,261.73246398458315,260.7152656230712,-5.752463984583148
56.91,56.91,270.0,261.73804383495104,260.72611621729857,-15.758043834951042
56.9295,56.9295,250.0,261.7436943582551,260.73701292854776,-35.76369435825508
56.9489,56.9489,244.0,261.74935594192914,260.7478439956777,-41.769355941929135
56.9684,56.9684,311.0,261.7550856145324,260.7587210791744,25.22491438546761
56.9878,56.9878,314.0,261.76082548147474,260.769532619207,28.21917451852526
57.0073,57.0073,290.0,261.7666333964798,260.7803900749511,4.21336660352021
57.0268,57.0268,317.0,261.77247946312224,260.7912376915905,31.207520536877762
57.0462,57.0462,292.0,261.77833176540094,260.8020199158779,6.201668234599065
57.0657,57.0657,254.0,261.78425180116903,260.81284790476474,-31.804251801169034
57.0851,57.0851,275.0,261.7901773885188,260.8236106019548,-10.810177388518827
57.1046,57.1046,273.0,261.7961688156478,260.83441896308915,-12.816168815647774
57.124,57.124,262.0,261.80216463177857,260.8451621331818,-23.822164631778566
57.1435,57.1435,271.0,261.8082260012913,260.8559508665636,-14.828226001291302
57.163,57.163,280.0,261.8143206099844,260.8667297608407,-5.834320609984406
57.1824,57.1824,289.0,261.82041779972576,260.8774436151882,3.15958220027424
57.2019,57.2019,262.0,261.8265792251858,260.8882028817128,-23.84657922518581
57.2213,57.2213,269.0,261.83274091990603,260.8988972089629,-16.85274091990603
57.2408,57.2408,302.0,261.83896657262005,260.90963684773493,16.14103342737995
57.2602,57.2602,290.0,261.84519174826136,260.9203116478877,4.134808251738644
57.2797,57.2797,263.0,261.85147983798606,260.9310316589072,-22.87147983798606
57.2992,57.2992,271.0,261.8577978989941,260.94174183082197,-14.877797898994078
57.3186,57.3186,290.0,261.86411383206644,260.95238731522954,4.115886167933564
57.3381,57.3381,272.0,261.87049181444104,260.96307785939183,-13.890491814441038
57.3575,57.3575,268.0,261.87686592324536,260.97370381670197,-17.89686592324536
57.377,57.377,261.0,261.88330163552445,260.98437473311174,-24.903301635524446
57.3964,57.3964,279.0,261.8897322700386,260.99498116332455,-6.909732270038621
57.4159,57.4159,304.0,261.89622317543177,261.0056324519818,18.08377682456823
57.4354,57.4354,271.0,261.9027418124893,261.01627390153425,-14.922741812489296
57.4548,57.4548,282.0,261.909253805767,261.0268510160019,-3.9292538057669795
57.4743,57.4743,282.0,261.9158259629191,261.03747283780183,-3.935825962919086
57.4937,57.4937,262.0,261.9223895306449,261.0480304251721,-23.94238953064492
57.5132,57.5132,274.0,261.9290132038666,261.05863261921957,-11.949013203866588
57.5326,57.5326,266.0,261.9356279089479,261.06917067949246,-19.95562790894788
57.5521,57.5521,276.0,261.94230132123573,261.0797532457874,-9.962301321235731
57.5716,57.5716,283.0,261.9489995334373,261.09032597297755,-2.9689995334373016
57.591,57.591,279.0,261.95568716682607,261.1008347175053,-6.9756871668260665
57.6105,57.6105,253.0,261.96243238570946,261.1113878169429,-32.98243238570946
57.6299,57.6299,278.0,261.9691667184372,261.12187703437326,-7.989166718437179
57.6494,57.6494,278.0,261.9759586137233,261.1324105060584,-7.995958613723321
57.6688,57.6688,299.0,261.98273780280846,261.14288019639133,12.997262197191542
57.6883,57.6883,263.0,261.9895743522764,261.153394040324,-23.009574352276406
57.7078,57.7078,243.0,261.99643299455744,261.1638980451519,-43.016432994557434
57.7272,57.7272,305.0,262.0032777760548,261.1743384197396,18.9767222239452
57.7467,57.7467,271.0,262.0101788622151,261.184822796815,-15.030178862215127
57.7661,57.7661,270.0,262.0170650869631,261.19524364430544,-16.0370650869631
57.7856,57.7856,276.0,262.0240080933771,261.20570839362824,-10.04400809337712
57.805,57.805,248.0,262.03093445059926,261.2161097140213,-38.05093445059926
57.8245,57.8245,271.0,262.03791719357,261.2265548355916,-15.057917193570024
57.844,57.844,266.0,262.0449191665317,261.2369901180572,-20.064919166531713
57.8634,57.8634,270.0,262.05190415093097,261.24736212270506,-16.071904150930965
57.8829,57.8829,252.0,262.0589442713534,261.25777777741814,-34.07894427135342
57.9023,57.9023,264.0,262.0659669254484,261.2681302549686,-22.08596692544838
57.9218,57.9218,277.0,262.07304409674117,261.27852628192915,-9.09304409674117
57.9412,57.9412,259.0,262.0801027963173,261.2888592323822,-27.100102796317305
57.9607,57.9607,262.0,262.0872152047324,261.29923563159025,-24.107215204732388
57.9802,57.9802,264.0,262.09434544067443,261.30960219169356,-22.11434544067443
57.9996,57.9996,273.0,262.1014561263282,261.31990582640145,-13.121456126328173
58.0191,58.0191,263.0,262.10862055855364,261.33025275875224,-23.12862055855364
58.0385,58.0385,281.0,262.1157645931173,261.34053686636275,-5.135764593117319
58.058,58.058,260.0,262.12296134964595,261.350864170961,-26.142961349645947
58.0774,58.0774,290.0,262.1301375757617,261.3611287514742,3.8498624242383066
58.0969,58.0969,276.0,262.1373665124044,261.3714364283199,-10.157366512404412
58.1163,58.1163,258.0,262.1445735947814,261.3816814817357,-28.164573594781377
58.1358,58.1358,287.0,262.1518332514372,261.39196953082893,0.8281667485627899
58.1553,58.1553,249.0,262.15910808519664,261.40224774081736,-37.17910808519663
58.1747,58.1747,253.0,262.1663602375449,261.412463478488,-33.18636023754489
58.1942,58.1942,261.0,262.1736639794492,261.4227220607239,-25.1936639794492
58.2136,58.2136,261.0,262.18094469650777,261.4329182712972,-25.200944696507765
58.2331,58.2331,304.0,262.1882770185977,261.44315722578057,17.791722981402284
58.2525,58.2525,272.0,262.19558540167986,261.45333390925646,-14.215585401679864
58.272,58.272,267.0,262.20294516511933,261.4635532359873,-19.22294516511933
58.2915,58.2915,257.0,262.21031810842817,261.47376272361356,-29.23031810842817
58.3109,58.3109,263.0,262.21766611810204,261.48391009134417,-23.237666118102045
58.3304,58.3304,257.0,262.2250649064291,261.4940999512179,-29.24506490642911
58.3498,58.3498,266.0,262.2324385998102,261.5042277918512,-20.252438599810223
58.3693,58.3693,259.0,262.2398626028872,261.5143980239723,-27.25986260288717
58.3887,58.3887,267.0,262.24726032504947,261.5245063375082,-19.267260325049467
58.4082,58.4082,273.0,262.25470861549843,261.53465694187685,-13.27470861549843
58.4277,58.4277,259.0,262.26216860977416,261.5447977071407,-27.282168609774164
58.4471,58.4471,276.0,262.2696018022794,261.5548767049315,-10.289601802279396
58.4666,58.4666,232.0,262.27708486421847,261.56499784244284,-54.29708486421846
58.486,58.486,263.0,262.28454061110466,261.57505731313614,-23.30454061110466
58.5055,58.5055,247.0,262.2920453623932,261.58515882289504,-39.31204536239319
58.5249,58.5249,248.0,262.29952268668427,261.59519876649097,-38.319522686684266
58.5444,58.5444,293.0,262.30704908228125,261.60528064849734,6.672950917718747
58.5639,58.5639,254.0,262.3145859859963,261.61535269139887,-32.3345859859963
58.5833,58.5833,296.0,262.32209395162437,261.6253633192497,9.657906048375633
58.6028,58.6028,271.0,262.3296509916749,261.63541573439875,-15.349650991674896
58.6222,58.6222,278.0,262.3371790646482,261.6454068351522,-8.357179064648182
58.6417,58.6417,230.0,262.34475542138944,261.6554396225487,-56.36475542138943
58.6611,58.6611,223.0,262.3523024897857,261.6654111962048,-63.372302489785696
58.6806,58.6806,271.0,262.35989775132225,261.6754243558488,-15.37989775132225
58.7001,58.7001,275.0,262.36750176835466,261.6854276763881,-11.387501768354657
58.7195,58.7195,246.0,262.37507602675964,261.695369934299,-40.39507602675964
58.739,58.739,255.0,262.3826979469431,261.70535362708574,-31.402697946943096
58.7584,58.7584,269.0,262.39028923182144,261.71527635789926,-17.41028923182144
58.7779,58.7779,256.0,262.39792818557294,261.7252404229335,-30.417928185572936
58.7973,58.7973,255.0,262.40553624958966,261.73514362664963,-31.42553624958966
58.8168,58.8168,275.0,262.4131916129635,261.74508806393135,-11.433191612963487
58.8363,58.8363,275.0,262.4208546467893,261.75502266210833,-11.44085464678928
58.8557,58.8557,261.0,262.4284863697867,261.76489655007924,-25.448486369786696
58.8752,58.8752,274.0,262.4361649863196,261.77481152050376,-12.456164986319624
58.8946,58.8946,257.0,262.4438116573922,261.7846658813773,-29.46381165739219
58.9141,58.9141,243.0,262.45150522627273,261.79456122404923,-43.471505226272726
58.9335,58.9335,287.0,262.4591663023946,261.80439605782544,0.520833697605422
58.953,58.953,249.0,262.46687368439314,261.81427177274486,-37.48687368439313
58.9725,58.9725,272.0,262.47458805358394,261.82413764855954,-14.494588053583943
58.9919,58.9919,255.0,262.4822695962653,261.8339431665906,-31.502269596265325
59.0114,59.0114,257.0,262.489997372905,261.84378941465275,-29.50999737290501
59.0308,59.0308,294.0,262.4976916150267,261.8535754055864,7.482308384973276
59.0503,59.0503,269.0,262.5054320871738,261.86340202589605,-17.5254320871738
59.0697,59.0697,256.0,262.5131389462652,261.8731684897323,-30.5331389462652
59.0892,59.0892,300.0,262.520891307413,261.88297548228945,13.459108692586977
59.1087,59.1087,284.0,262.52864974008133,261.8927726357418,-2.548649740081334
59.1281,59.1281,237.0,262.5363744797657,261.9025097838329,-49.556374479765694
59.1476,59.1476,243.0,262.5441439840311,261.91228730953276,-43.564143984031105
59.167,59.167,283.0,262.5518794183507,261.9220049305265,-3.571879418350722
59.1865,59.1865,265.0,262.5596599738253,261.93176282847384,-21.57965997382532
59.2059,59.2059,261.0,262.5674057707618,261.9414609223702,-25.58740577076181
59.2254,59.2254,289.0,262.5751966430128,261.951199192565,2.404803356987184
59.2449,59.2449,269.0,262.58299262321503,261.9609276236551,-17.602992623215034
59.2643,59.2643,253.0,262.59075340160865,261.9705964018063,-33.61075340160865
59.2838,59.2838,254.0,262.59855868239816,261.9803052051438,-32.61855868239816
59.3032,59.3032,264.0,262.6063287120091,261.9899544561976,-22.626328712009087
59.3227,59.3227,279.0,262.61414327259166,261.99964363178265,-7.634143272591661
59.3421,59.3421,243.0,262.62192209667785,262.0092733557391,-43.641922096677845
59.3616,59.3616,264.0,262.6297453585399,262.0189429035716,-22.649745358539878
59.3811,59.3811,276.0,262.6375724818701,262.0286026122994,-10.657572481870108
59.4005,59.4005,270.0,262.6453636951017,262.0382030205106,-16.665363695101707
59.42,59.42,287.0,262.65319889970687,262.04784310148585,0.32680110029313525
59.4394,59.4394,280.0,262.66099786573466,262.05742398259974,-6.680997865734657
59.4589,59.4589,289.0,262.6688406276222,262.0670444358225,2.3111593723777837
59.4783,59.4783,288.0,262.6766465024175,262.07660578983894,1.3033534975825027
59.4978,59.4978,274.0,262.68449638315917,262.0862066153092,-12.70449638315917
59.5173,59.5173,243.0,262.692349587813,262.09579760167463,-43.712349587812994
59.5367,59.5367,254.0,262.7001657283033,262.105329639946,-32.720165728303314
59.5562,59.5562,247.0,262.7080251926111,262.11490099855894,-39.7280251926111
59.5756,59.5756,272.0,262.71584786819744,262.1244135097329,-14.735847868197443
59.5951,59.5951,276.0,262.7237133219456,262.13396524059334,-10.743713321945581
59.6145,59.6145,276.0,262.7315415083174,262.14345822466987,-10.751541508317377
59.634,59.634,251.0,262.7394128145007,262.1529903277778,-35.75941281450072
59.6535,59.6535,253.0,262.7472868380478,262.16251259178097,-33.76728683804778
59.6729,59.6729,279.0,262.7551227576389,262.1719762601124,-7.775122757638901
59.6924,59.6924,269.0,262.7630018416398,262.18147889636305,-17.783001841639777
59.7118,59.7118,285.0,262.77084282038584,262.19092303759703,-1.790842820385837
59.7313,59.7313,272.0,262.7787263603983,262.20040604609517,-14.798726360398309
59.7507,59.7507,258.0,262.7865719600368,262.20983066023183,-28.80657196003678
59.7702,59.7702,258.0,262.7944598042069,262.21929404097745,-28.814459804206894
59.7897,59.7897,257.0,262.80234987447346,262.2287475826183,-29.822349874473463
59.8091,59.8091,265.0,262.8102014025783,262.2381428810098,-21.830201402578286
59.8286,59.8286,272.0,262.81809504239993,262.2475767948981,-14.838095042399932
59.848,59.848,273.0,262.8259501227914,262.25695256619224,-13.845950122791425
59.8675,59.8675,263.0,262.83384739286726,262.2663668523281,-23.853847392867255
59.8869,59.8869,236.0,262.8417056748144,262.2757230965248,-50.86170567481442
59.9064,59.9064,245.0,262.8496060908618,262.2851177549081,-41.86960609086181
59.9259,59.9259,268.0,262.85750771610185,262.29450257418665,-18.87750771610185
59.9453,59.9453,253.0,262.86537025214614,262.3038295026382,-33.88537025214613
59.9648,59.9648,248.0,262.87327459014153,262.3131946941643,-38.89327459014153
59.9842,59.9842,279.0,262.88113942317005,262.3225020955184,-7.901139423170054
60.0037,60.0037,246.0,262.8890460434512,262.33184765929195,-40.90904604345117
60.0231,60.0231,269.0,262.89691319859,262.3411355335487,-17.916913198590027
60.0426,60.0426,281.0,262.9048218823255,262.3504614695698,-5.9248218823255066
60.0621,60.0621,258.0,262.91273126847386,262.35977756648606,-28.932731268473862
60.0815,60.0815,277.0,262.92060109834904,262.36903612499765,-9.940601098349038
60.101,60.101,297.0,262.92851208763,262.3783325941614,10.051487912370003
60.1204,60.1204,268.0,262.93638294545815,262.3875716255757,-18.95638294545815
60.1399,60.1399,282.0,262.9442952414453,262.39684846698685,-4.964295241445274
60.1593,60.1593,268.0,262.95216740205336,262.40606797130374,-18.972167402053362
60.1788,60.1788,276.0,262.96008041025283,262.41532518496246,-10.980080410252828
60.1983,60.1983,304.0,262.967993871035,262.42457255951643,17.01200612896501
60.2177,60.2177,267.0,262.97586719359236,262.4337627480881,-19.995867193592364
60.2372,60.2372,286.0,262.9837812582384,262.44299049488956,-1.0037812582384227
60.2566,60.2566,290.0,262.99165461479214,262.4521611563639,2.988345385207861
60.2761,60.2761,268.0,262.99956905127857,262.46136927541284,-19.01956905127857
60.2955,60.2955,276.0,263.00744264298055,262.47052040978974,-11.02744264298055
60.315,60.315,248.0,263.0153569062458,262.47970890108616,-39.03535690624581
60.3345,60.3345,278.0,263.02327104960847,262.48888755327783,-9.043271049608467
60.3539,60.3539,266.0,263.0311444596185,262.4980093719096,-21.051144459618474
60.3734,60.3734,293.0,263.03905804365206,262.5071683963488,5.940941956347938
60.3928,60.3928,284.0,263.0469309072281,262.51627068788315,-3.0669309072281017
60.4123,60.4123,304.0,263.0548439824748,262.5254100845698,16.92515601752522
60.4317,60.4317,269.0,263.06271589513307,262.53449284900677,-18.082715895133067
60.4512,60.4512,266.0,263.07062826442785,262.5436126179409,-21.090628264427853
60.4707,60.4707,259.0,263.07853972242395,262.55272254777026,-28.098539722423954
60.4901,60.4901,275.0,263.0864101770063,262.5617759964621,-12.106410177006314
60.5096,60.5096,280.0,263.0943204766309,262.570866298539,-7.114320476630912
60.529,60.529,273.0,263.1021896071799,262.57990022013337,-14.122189607179923
60.5485,60.5485,275.0,263.11009846916295,262.58897089445776,-12.130098469162949
60.5679,60.5679,282.0,263.11796579207066,262.5979852889548,-5.137965792070663
60.5874,60.5874,298.0,263.12587297813144,262.60703633552663,10.85412702186856
60.6069,60.6069,283.0,263.1337791478045,262.6160775429937,-4.153779147804489
60.6263,60.6263,274.0,263.14164369582073,262.6250626217456,-13.161643695820732
60.6458,60.6458,268.0,263.14954779993275,262.63408420146015,-19.169547799932747
60.6652,60.6652,241.0,263.1574103434536,262.64304975311467,-46.17741034345359
60.6847,60.6847,275.0,263.16531220596255,262.6520517050767,-12.18531220596255
60.7041,60.7041,284.0,263.17317235832587,262.66099772963383,-3.193172358325871
60.7236,60.7236,286.0,263.18107176035,262.6699800538434,-1.2010717603499934
60.7431,60.7431,283.0,263.18896969942716,262.6789525389482,-4.208969699427161
60.7625,60.7625,281.0,263.1968259365543,262.68786924776015,-6.216825936554319
60.782,60.782,292.0,263.20472124380666,262.6968221051124,4.775278756193341
60.8014,60.8014,264.0,263.21257462073004,262.705719286827,-23.232574620730038
60.8209,60.8209,240.0,263.22046679935374,262.7146525164267,-47.24046679935374
60.8403,60.8403,278.0,263.2283171157601,262.72353017104393,-9.248317115760091
60.8598,60.8598,256.0,263.23620625369705,262.73244377289114,-31.256206253697048
60.8793,60.8793,244.0,263.24409372776944,262.7413475356336,-43.264093727769435
60.8987,60.8987,271.0,263.2519391086429,262.75019587450566,-16.271939108642886
60.9182,60.9182,276.0,263.25982303874696,262.7590800094956,-11.279823038746958
60.9376,60.9376,285.0,263.2676648463125,262.76790882127034,-2.287664846312527
60.9571,60.9571,274.0,263.27554513466725,262.7767733285077,-13.295545134667254
60.9765,60.9765,262.0,263.2833833767627,262.78558261318506,-25.303383376762685
60.996,60.996,269.0,263.2912598377902,262.7944274926699,-18.31125983779022
61.0154,61.0154,263.0,263.2990940251108,262.8032172502499,-24.319094025110775
61.0349,61.0349,279.0,263.30696673927406,262.8120425019822,-8.32696673927406
61.0544,61.0544,261.0,263.3148373083982,262.8208579146099,-26.334837308398182
61.0738,61.0738,265.0,263.32266526832456,262.8296183564446,-22.342665268324556
61.0933,61.0933,282.0,263.3305315359827,262.8384141413198,-5.350531535982686
61.1127,61.1127,218.0,263.3383553653819,262.8471550560571,-69.35835536538191
61.1322,61.1322,268.0,263.34621731667386,262.85593121317976,-19.366217316673858
61.1516,61.1516,265.0,263.354036628989,262.8646526008197,-22.37403662898898
61.1711,61.1711,260.0,263.3618939255635,262.8734091301898,-27.381893925563492
61.1906,61.1906,272.0,263.36974897498453,262.8821558204552,-15.389748974984531
61.21,61.21,291.0,263.37756117909703,262.89084789235,3.6024388209029716
61.2295,61.2295,247.0,263.385411441309,262.8995749548628,-40.40541144130897
61.2489,61.2489,271.0,263.3932189490486,262.90824749966026,-16.413218949048616
61.2684,61.2684,245.0,263.4010641313235,262.9169549344206,-42.42106413132349
61.2878,61.2878,263.0,263.4088666342928,262.92560795212063,-24.428866634292792
61.3073,61.3073,275.0,263.4167067927944,262.9342957591284,-12.4367067927944
61.3268,61.3268,265.0,263.4245443457285,262.9429737270315,-22.44454434572852
61.3462,61.3462,244.0,263.43233894584483,262.95159742898636,-43.45233894584483
61.3657,61.3657,280.0,263.4401712486824,262.9602557691369,-7.460171248682418
61.3851,61.3851,291.0,263.4479606478447,262.9688599439944,3.532039352155305
61.4046,61.4046,259.0,263.45578739836725,262.9774986563924,-28.47578739836725
61.424,61.424,253.0,263.46357133405587,262.98608330415254,-34.48357133405587
61.4435,61.4435,274.0,263.471392588429,262.99470238879803,-13.491392588429012
61.463,61.463,263.0,263.47921087716077,263.0033116343388,-24.499210877160767
61.4824,61.4824,255.0,263.4869863050918,263.0118669663537,-32.506986305091814
61.5019,61.5019,291.0,263.494798923418,263.020456584142,3.485201076582012
61.5213,61.5213,262.0,263.50256838901,263.02899238905957,-25.52256838900998
61.5408,61.5408,265.0,263.51037503942104,263.0375623790953,-22.530375039421035
61.5602,61.5602,275.0,263.51813892312043,263.0460786569155,-12.538138923120432
61.5797,61.5797,281.0,263.52593948406036,263.05462901919867,-6.545939484060359
61.5992,61.5992,264.0,263.5337369549712,263.0631695423771,-23.553736954971175
61.6186,61.6186,261.0,263.5414915790325,263.0716565044521,-26.56149157903248
61.6381,61.6381,267.0,263.5492830543211,263.0801773998781,-20.569283054321108
61.6575,61.6575,260.0,263.55703120883544,263.0886448348557,-27.57703120883544
61.677,61.677,277.0,263.5648163191097,263.09714610252917,-10.584816319109695
61.6964,61.6964,263.0,263.57255831596444,263.1055940104094,-24.592558315964443
61.7159,61.7159,259.0,263.58033685564214,263.1140756503303,-28.600336855642144
61.7354,61.7354,280.0,263.58811221052247,263.1225474511465,-7.608112210522467
61.7548,61.7548,270.0,263.59584446058557,263.13096604328155,-17.615844460585567
61.7743,61.7743,277.0,263.6036132215899,263.1394182163452,-10.62361322158991
61.7937,61.7937,264.0,263.61133871467104,263.1478172813829,-23.631338714671035
61.8132,61.8132,260.0,263.6191008977331,263.156249826694,-27.63910089773312
61.8326,61.8326,258.0,263.62681973386435,263.1646293646344,-29.64681973386435
61.8521,61.8521,260.0,263.6345749697877,263.17304228219297,-27.654574969787706
61.8716,61.8716,273.0,263.6423266612958,263.1814453606468,-14.662326661295783
61.891,61.891,273.0,263.6500354047828,263.189795582842,-14.670035404782784
61.9105,61.9105,271.0,263.6577801809159,263.19817903354334,-16.677780180915892
61.9299,61.9299,255.0,263.6654818339992,263.2065097286411,-32.68548183399919
61.9494,61.9494,264.0,263.67321958469216,263.21487355158996,-23.693219584692162
61.9688,61.9688,266.0,263.68091409175076,263.22318471959034,-21.700914091750764
61.9883,61.9883,258.0,263.6886447445227,263.2315289147866,-29.70864474452272
62.0078,62.0078,258.0,263.69637182000423,263.23986327087823,-29.71637182000423
62.0272,62.0272,242.0,263.70405563105135,263.24814512313344,-45.72405563105134
62.0467,62.0467,239.0,263.71177527161336,263.25645985147247,-48.73177527161336
62.0661,62.0661,241.0,263.71945191441796,263.2647221766303,-46.739451914417955
62.0856,62.0856,260.0,263.7271643262925,263.27301727721687,-27.747164326292495
62.105,62.105,251.0,263.7348333443637,263.2812600752773,-36.75483334436372
62.1245,62.1245,220.0,263.7425382028065,263.28953554811136,-67.76253820280648
62.144,62.144,262.0,263.7502395177009,263.2978011818406,-25.77023951770089
62.1634,62.1634,241.0,263.7578973591785,263.3060146641559,-46.77789735917851
62.1829,62.1829,267.0,263.76559091781775,263.3142606701326,-20.785590917817746
62.2023,62.2023,279.0,263.77324134262204,263.3224546253506,-8.793241342622043
62.2218,62.2218,273.0,263.78092727244746,263.3306810035748,-14.800927272447456
62.2412,62.2412,275.0,263.78856987695514,263.3388554316953,-12.808569876955136
62.2607,62.2607,274.0,263.79624824400014,263.34706218216706,-13.816248244000139
62.2802,62.2802,289.0,263.8039225270499,263.355259093534,1.1760774729500945
62.2996,62.2996,250.0,263.8115534828792,263.3634042059094,-37.831553482879215
62.3191,62.3191,241.0,263.81921998327596,263.37158148952386,-46.83921998327595
62.3385,62.3385,294.0,263.8268433704091,263.37970707480184,6.153156629590892
62.358,62.358,256.0,263.834501906933,263.38786473066375,-31.854501906932985
62.3774,62.3774,276.0,263.84211727859736,263.39597078884435,-11.862117278597356
62.3969,62.3969,250.0,263.8497679000109,263.4041088169538,-37.86976790001087
62.4164,62.4164,269.0,263.85741453341444,263.41223700595845,-18.87741453341444
62.4358,62.4358,262.0,263.8650178740111,263.42031374839394,-25.885017874011073
62.4553,62.4553,269.0,263.8726564387658,263.42842230964607,-18.892656438765773
62.4747,62.4747,285.0,263.8802517672747,263.4364795249841,-2.9002517672746713
62.4942,62.4942,263.0,263.8878821057049,263.44456845848373,-24.907882105704875
62.5136,62.5136,238.0,263.8954694549116,263.4526061467244,-49.915469454911616
62.5331,62.5331,247.0,263.9030917243872,263.46067545247155,-40.92309172438719
62.5526,62.5526,294.0,263.91070979194876,263.4687349191139,6.069290208051239
62.572,62.572,264.0,263.91828474441644,263.4767432916094,-23.93828474441644
62.5915,62.5915,254.0,263.9258946334946,263.4847831304993,-33.945894633494575
62.6109,62.6109,284.0,263.93346127642644,263.49277197589737,-3.9534612764264416
62.6304,62.6304,254.0,263.9410627688197,263.50079218703473,-33.96106276881967
62.6498,62.6498,242.0,263.94862117606044,263.5087615053355,-45.96862117606044
62.6693,62.6693,246.0,263.9562144130077,263.51676208872027,-41.97621441300767
62.6888,62.6888,258.0,263.9638033379251,263.5247528330004,-29.983803337925128
62.7082,62.7082,263.0,263.971349190993,263.53269283555596,-24.99134919099301
62.7277,62.7277,267.0,263.9789297337508,263.5406639520835,-20.998929733750817
62.7471,62.7471,253.0,263.9864670338973,263.5485844275417,-35.00646703389732
62.7666,62.7666,281.0,263.9940392044022,263.5565359163167,-7.014039204402213
62.786,62.786,267.0,264.0015681657579,263.56443686467753,-21.021568165757873
62.8055,62.8055,264.0,264.0091316178716,263.5723687257001,-24.029131617871617
62.825,62.825,274.0,264.01669084332474,263.5802907476178,-14.036690843324738
62.8444,62.8444,250.0,264.0242070668684,263.5881623802335,-38.044207066868424
62.8639,62.8639,262.0,264.03175769745286,263.59606477439877,-26.05175769745286
62.8833,62.8833,273.0,264.03926526674263,263.60391687991705,-15.059265266742631
62.9028,62.9028,280.0,264.04680730997364,263.61179964632976,-8.066807309973644
62.9222,62.9222,282.0,264.05430633247533,263.61963222475066,-6.074306332475334
62.9417,62.9417,235.0,264.0618396413521,263.62749536341084,-53.08183964135209
62.9612,62.9612,244.0,264.0693686253023,263.63534866296635,-44.08936862530227
62.9806,62.9806,246.0,264.0768546862022,263.6431519256421,-42.09685468620218
63.0001,63.0001,247.0,264.08437503431026,263.650985597445,-41.10437503431025
63.0195,63.0195,297.0,264.0918524359998,263.6587693330234,8.888147564000217
63.039,63.039,248.0,264.0993639889426,263.66658337707383,-40.119363988942624
63.0584,63.0584,275.0,264.1068326509951,263.6743475855548,-13.126832650995102
63.0779,63.0779,265.0,264.11433533895894,263.6821420018527,-23.134335338958937
63.0974,63.0974,273.0,264.12183381836627,263.6899265790459,-15.141833818366269
63.1168,63.1168,272.0,264.1292893796257,263.69766147178166,-16.149289379625674
63.1363,63.1363,268.0,264.1367789359714,263.70542642122234,-20.156778935971392
63.1557,63.1557,282.0,264.14422573836663,263.7131417868607,-6.164225738366628
63.1752,63.1752,255.0,264.1517065512451,263.7208871085489,-33.17170655124512
63.1946,63.1946,254.0,264.1591444736405,263.72858294708993,-34.17914447364048
63.2141,63.2141,251.0,264.1666163392527,263.7363086410255,-37.186616339252694
63.2336,63.2336,292.0,264.174083938554,263.74402449585637,3.8059160614459806
63.253,63.253,284.0,264.1815086519878,263.75169101865225,-4.201508651987826
63.2725,63.2725,257.0,264.18896720151207,263.75938724573064,-31.20896720151207
63.2919,63.2919,263.0,264.19638327042486,263.7670342414291,-25.21638327042486
63.3114,63.3114,292.0,264.203832925437,263.77471084075495,3.7761670745630163
63.3308,63.3308,286.0,264.21123994259364,263.7823383093561,-2.2312399425936356
63.3503,63.3503,281.0,264.2186808298607,263.78999528092936,-7.238680829860716
63.3698,63.3698,254.0,264.22611717563865,263.79764241339797,-34.246117175638645
63.3892,63.3892,246.0,264.2335109326668,263.8052405662539,-42.25351093266677
63.4087,63.4087,265.0,264.2409383239003,263.81286807096996,-23.26093832390031
63.4281,63.4281,266.0,264.2483233156727,263.82044669672854,-22.268323315672678
63.4476,63.4476,288.0,264.2557418121285,263.82805457369204,-0.2757418121285191
63.467,63.467,274.0,264.2631178683329,263.83561367235325,-14.283117868332926
63.4865,63.4865,275.0,264.27052745748966,263.84320192156423,-13.290527457489663
63.506,63.506,275.0,264.2779325761426,263.85078033167053,-13.297932576142575
63.5254,63.5254,283.0,264.2852951752685,263.8583101145865,-5.305295175268515
63.5449,63.5449,270.0,264.29269142206266,263.8658688969403,-18.31269142206266
63.5643,63.5643,274.0,264.3000452384382,263.87337915275896,-14.320045238438201
63.5838,63.5838,255.0,264.30743237269155,263.88091830736016,-33.32743237269155
63.6032,63.6032,308.0,264.3147773844952,263.88840903608144,19.665222615504813
63.6227,63.6227,268.0,264.3221557367466,263.8959285629301,-20.342155736746594
63.6422,63.6422,274.0,264.32952955301965,263.90343825067407,-14.349529553019654
63.6616,63.6616,269.0,264.3368610708434,263.9108996636502,-19.356861070843383
63.6811,63.6811,247.0,264.34422608762475,263.91838972364167,-41.36422608762474
63.7005,63.7005,284.0,264.3515487869203,263.92583160952034,-4.371548786920318
63.72,63.72,267.0,264.3589047171361,263.93330204175925,-21.378904717136113
63.7394,63.7394,281.0,264.3662187016,263.9407244005406,-7.3862187016000185
63.7589,63.7589,264.0,264.3735657236307,263.94817520502704,-24.39356572363069
63.7783,63.7783,264.0,264.3808706371446,263.95557803671096,-24.400870637144596
63.7978,63.7978,304.0,264.38820889310773,263.9630092134448,15.59179110689227
63.8173,63.8173,266.0,264.3955426434248,263.970430551074,-22.41554264342479
63.8367,63.8367,259.0,264.40283426545705,263.9778040670128,-29.422834265457045
63.8562,63.8562,248.0,264.4101591391723,263.9852057768894,-40.43015913917232
63.8756,63.8756,277.0,264.41744211181503,263.99255976573085,-11.437442111815034
63.8951,63.8951,290.0,264.4247581076155,263.9999418478549,1.5552418923844975
63.9145,63.9145,263.0,264.432032188796,264.0072763095989,-25.45203218879597
63.934,63.934,274.0,264.43933934943317,264.01463876397054,-14.459339349433169
63.9535,63.9535,268.0,264.446642093673,264.0219913792374,-20.466642093673006
63.9729,63.9729,258.0,264.45390296444526,264.02929652523625,-30.473902964445262
63.9924,63.9924,245.0,264.46119694121484,264.03662951275055,-43.48119694121483
64.0118,64.0118,280.0,264.4684490888985,264.043915131652,-8.488449088898523
64.0313,64.0313,288.0,264.4757341875541,264.0512284914139,-0.4957341875541097
64.0507,64.0507,238.0,264.4829777087619,264.05849458321796,-50.50297770876189
64.0702,64.0702,246.0,264.4902541041434,264.0657883152272,-42.510254104143385
64.0897,64.0897,303.0,264.4975260819927,264.0730722081318,14.482473918007297
64.1091,64.1091,239.0,264.50475641004414,264.08030898419076,-49.524756410044134
64.1286,64.1286,242.0,264.512019817998,264.08757324934277,-46.532019817998005
64.148,64.148,280.0,264.51924153650344,264.0947904983043,-8.539241536503443
64.1675,64.1675,242.0,264.5264960690465,264.10203513570383,-46.54649606904651
64.1869,64.1869,303.0,264.53370929147746,264.109232857568,14.446290708522536
64.2064,64.2064,303.0,264.54095526589884,264.116457867215,14.439044734101156
64.2259,64.2259,271.0,264.5481968872002,264.1236730377572,-17.56819688720022
64.2453,64.2453,259.0,264.55539715618636,264.13084144387625,-29.57539715618636
64.2648,64.2648,284.0,264.562630243116,264.13803698666595,-4.582630243116018
64.2842,64.2842,284.0,264.56982184549724,264.14518586568755,-4.589821845497244
64.3037,64.3037,244.0,264.57704637405334,264.1523617807248,-44.597046374053335
64.3231,64.3231,257.0,264.58422970201207,264.159491132649,-31.604229702012066
64.3426,64.3426,290.0,264.5914457078803,264.1666474199337,1.3885542921196752
64.3621,64.3621,294.0,264.5986573894142,264.17379386811365,5.381342610585801
64.3815,64.3815,266.0,264.60582813749244,264.18089390429276,-22.625828137492437
64.401,64.401,259.0,264.61303137138094,264.18802072472016,-29.63303137138094
64.4204,64.4204,311.0,264.6201935702071,264.19510123380184,22.359806429792894
64.4399,64.4399,277.0,264.62738853421894,264.2022084264768,-11.647388534218937
64.4593,64.4593,251.0,264.6345424347911,264.20926940846107,-37.65454243479111
64.4788,64.4788,265.0,264.6417290501599,264.2163569733835,-23.66172905015988
64.4983,64.4983,290.0,264.6489114649274,264.2234346992011,1.3310885350726203
64.5177,64.5177,257.0,264.65605301004814,264.23046636544024,-31.67605301004814
64.5372,64.5372,289.0,264.66322719708353,264.2375244635054,0.31677280291647136
64.5566,64.5566,239.0,264.67036050402027,264.24453660264714,-49.69036050402026
64.5761,64.5761,266.0,264.6775265735393,264.2515750729598,-22.697526573539296
64.5955,64.5955,291.0,264.68465171493324,264.2585676850041,2.295348285066762
64.615,64.615,265.0,264.6918094972147,264.26558652756427,-23.711809497214706
64.6345,64.6345,280.0,264.69896335606944,264.2725955310196,-8.718963356069441
64.6539,64.6539,299.0,264.7060764637612,264.2795588273188,10.273923536238822
64.6734,64.6734,261.0,264.71322224265174,264.2865482030216,-27.73322224265174
64.6928,64.6928,261.0,264.72032740599303,264.2934919722235,-27.740327405993032
64.7123,64.7123,266.0,264.72746506102595,264.30046172017376,-22.747465061025952
64.7317,64.7317,269.0,264.7345624138614,264.3073859622782,-19.754562413861397
64.7512,64.7512,269.0,264.74169217428556,264.3143360824761,-19.76169217428556
64.7707,64.7707,257.0,264.7488182460376,264.3212763635691,-31.768818246037615
64.7901,64.7901,243.0,264.75590373997625,264.3281712899284,-45.77590373997624
64.8096,64.8096,243.0,264.76302179383964,264.3350919432689,-45.78302179383964
64.829,64.829,270.0,264.7700997485544,264.34196734253084,-18.7900997485544
64.8485,64.8485,278.0,264.77721010934056,264.3488683681188,-10.797210109340558
64.8679,64.8679,283.0,264.7842802077054,264.35572424028334,-5.804280207705421
64.8874,64.8874,234.0,264.7913830778916,264.3626056381188,-54.81138307789162
64.9069,64.9069,279.0,264.79848213542226,264.36947719684963,-9.818482135422261
64.9263,64.9263,289.0,264.80554092151795,264.3763037532689,0.17445907848205522
64.9458,64.9458,264.0,264.8126322861561,264.3831556842472,-24.832632286156088
64.9652,64.9652,251.0,264.8196837770439,264.3899627135691,-37.8396837770439
64.9847,64.9847,271.0,264.82676781944724,264.3967950167949,-17.84676781944724
65.0041,65.0041,280.0,264.83381187995104,264.40358251901944,-8.853811879951042
65.0236,65.0236,253.0,264.84088863374865,264.41039519449265,-35.860888633748644
65.0431,65.0431,255.0,264.8479615693805,264.4171980308611,-33.86796156938051
65.0625,65.0625,251.0,264.8549947558431,264.42395621734056,-37.874994755843105
65.082,65.082,273.0,264.86206072655614,264.43073942595646,-15.882060726556137
65.1014,65.1014,259.0,264.86908680501705,264.4374780853385,-29.889086805017048
65.1209,65.1209,268.0,264.87614561655874,264.44424166620195,-20.896145616558744
65.1403,65.1403,288.0,264.88316465924095,264.4509607984866,-0.9031646592409466
65.1598,65.1598,251.0,264.890216373841,264.4577047515975,-37.91021637384098
65.1793,65.1793,263.0,264.89726471993356,264.46443886560365,-25.91726471993356
65.1987,65.1987,263.0,264.90427335938034,264.47112868214316,-25.92427335938034
65.2182,65.2182,262.0,264.9113149369317,264.4778431683968,-26.931314936931717
65.2376,65.2376,323.0,264.9183168862095,264.4845134578389,34.06168311379052
65.2571,65.2571,283.0,264.92535151762644,264.49120831634,-5.945351517626438
65.2765,65.2765,305.0,264.93234700337024,264.49785907868477,16.04765299662976
65.296,65.296,275.0,264.93937500493934,264.5045343094333,-13.959375004939336
65.3155,65.3155,282.0,264.94639985993723,264.5111997010772,-6.96639985993723
65.3349,65.3349,266.0,264.95338539622367,264.5178211476768,-22.973385396223666
65.3544,65.3544,290.0,264.9604038664305,264.52446691156814,1.0195961335694896
65.3738,65.3738,277.0,264.96738290828694,264.5310688310703,-11.987382908286936
65.3933,65.3933,277.0,264.9743949729821,264.5376949672091,-11.99439497298211
65.4127,65.4127,270.0,264.9813680052234,264.54427735961394,-19.001368005223373
65.4322,65.4322,298.0,264.98837385971774,264.55088386800026,8.99162614028226
65.4517,65.4517,260.0,264.9953766989491,264.5574805372818,-29.015376698949087
65.4711,65.4711,266.0,265.0023405474528,264.5640336139414,-23.022340547452774
65.4906,65.4906,293.0,265.0093372812033,264.5706106554705,3.970662718796728
65.51,65.51,292.0,265.0162952077455,264.5771442050327,2.9637047922545143
65.5295,65.5295,250.0,265.02328615602073,264.58370161880924,-39.04328615602073
65.5489,65.5489,279.0,265.0302383213769,264.59021564127414,-10.050238321376884
65.5684,65.5684,266.0,265.03722355794275,264.59675342729815,-23.057223557942752
65.5879,65.5879,252.0,265.0442057311775,264.6032813742174,-37.064205731177495
65.6073,65.6073,244.0,265.05114973726853,264.60976608093705,-45.07114973726853
65.6268,65.6268,243.0,265.05812644582943,264.61627440010386,-46.078126445829426
65.6462,65.6462,271.0,265.06506472398314,264.62273957972616,-18.08506472398314
65.6657,65.6657,262.0,265.072036316061,264.6292282711404,-27.092036316060973
65.6851,65.6851,262.0,265.0789693885936,264.6356739236653,-27.098969388593577
65.7046,65.7046,289.0,265.08593552877556,264.6421429873271,-0.10593552877556434
65.7241,65.7241,255.0,265.09289920241446,264.648602211884,-34.112899202414454
65.7435,65.7435,263.0,265.09982472426515,264.65501854866375,-26.119824724265147
65.763,65.763,259.0,265.1067834619317,264.6614581454682,-30.126783461931684
65.7824,65.7824,272.0,265.1137040415784,264.66785495515063,-17.133704041578387
65.8019,65.8019,282.0,265.1206579969309,264.67427492420256,-7.140657996930901
65.8213,65.8213,249.0,265.1275738180106,264.68065220678756,-40.1475738180106
65.8408,65.8408,265.0,265.13452288927,264.68705254808697,-24.154522889269987
65.8603,65.8603,251.0,265.1414699813961,264.69344305028164,-38.16146998139608
65.8797,65.8797,267.0,265.1483790770572,264.69979101712147,-22.1683790770572
65.8992,65.8992,281.0,265.1553215383779,264.7061618915636,-8.175321538377904
65.9186,65.9186,281.0,265.16222653709053,264.7124903313061,-8.182226537090532
65.9381,65.9381,263.0,265.1691648155137,264.7188415779957,-26.18916481551368
65.9575,65.9575,232.0,265.1760655306995,264.7251504906408,-57.19606553069947
65.977,65.977,277.0,265.1829999164179,264.7314821095779,-12.202999916417884
65.9965,65.9965,261.0,265.1899323447681,264.73780388941026,-28.209932344768124
66.0159,66.0159,256.0,265.19682728723825,264.74408348631016,-33.216827287238246
66.0354,66.0354,293.0,265.20375575480193,264.75038563839,3.7762442451980682
66.0548,66.0548,274.0,265.2106472390901,264.75664570819254,-15.230647239090121
66.0743,66.0743,262.0,265.21757227243666,264.7629282325199,-27.237572272436655
66.0937,66.0937,255.0,265.22446011637084,264.76916877522507,-34.24446011637083
66.1132,66.1132,278.0,265.2313819586641,264.7754316717998,-11.251381958664087
66.1327,66.1327,256.0,265.23830199896116,264.7816847292699,-33.25830199896116
66.1521,66.1521,243.0,265.24518511181486,264.78789595622993,-46.26518511181486
66.1716,66.1716,279.0,265.25210227584563,264.7941293859475,-10.27210227584563
66.191,66.191,274.0,265.25898252903545,264.80032108581,-15.27898252903545
66.2105,66.2105,257.0,265.2658969147458,264.80653488777506,-32.28589691474578
66.2299,66.2299,217.0,265.27277445964796,264.81270706054033,-72.29277445964796
66.2494,66.2494,253.0,265.2796862904902,264.81890123475284,-36.299686290490186
66.2689,66.2689,290.0,265.2865966679233,264.82508556986056,0.6934033320767234
66.2883,66.2883,272.0,265.2934704823036,264.83122842688067,-17.313470482303575
66.3078,66.3078,269.0,265.3003789413677,264.8373931342359,-20.320378941367682
66.3272,66.3272,269.0,265.3072507276079,264.8435164641586,-20.32725072760788
66.3467,66.3467,254.0,265.31415686987555,264.8496615437613,-35.33415686987554
66.3661,66.3661,252.0,265.3210270410238,264.8557653465866,-37.34102704102379
66.3856,66.3856,250.0,265.32793138176237,264.86189079843683,-39.347931381762365
66.4051,66.4051,280.0,265.33483514769586,264.8680064111823,-9.354835147695855
66.4245,66.4245,254.0,265.3417027316314,264.8740808982624,-35.36170273163141
66.444,66.444,257.0,265.34860517573253,264.8801768832554,-32.368605175732526
66.4634,66.4634,282.0,265.35547145751195,264.88623184323814,-7.375471457511953
66.4829,66.4829,261.0,265.3623725691847,264.8923082004785,-28.382372569184685
66.5023,66.5023,277.0,265.3692378347975,264.89834363336394,-12.389237834797502
66.5218,66.5218,264.0,265.37613829035047,264.90440036285185,-25.396138290350468
66.5413,66.5413,258.0,265.3830384060846,264.910447253235,-31.403038406084608
66.5607,66.5607,214.0,265.389902736031,264.91645337037517,-75.40990273603099
66.5802,66.5802,253.0,265.39680237407515,264.9224806330059,-36.41680237407515
66.5996,66.5996,261.0,265.40366630681496,264.9284672230487,-28.423666306814955
66.6191,66.6191,241.0,265.41056578384274,264.9344748579268,-48.43056578384274
66.6385,66.6385,275.0,265.4174297932313,264.9404419208722,-14.437429793231292
66.658,66.658,279.0,265.4243294787505,264.9464299279979,-10.444329478750507
66.6774,66.6774,261.0,265.431193778773,264.9523774638459,-28.45119377877298
66.6969,66.6969,272.0,265.4380939100558,264.958345843219,-17.458093910055783
66.7164,66.7164,260.0,265.4449940246193,264.96430438348733,-29.46499402461929
66.7358,66.7358,268.0,265.4518592889387,264.9702226035903,-21.471859288938692
66.7553,66.7553,279.0,265.45876067795115,264.97616151610606,-10.478760677951147
66.7747,66.7747,264.0,265.4656270338891,264.9820602091116,-25.48562703388912
66.7942,66.7942,256.0,265.47252959743355,264.98797949387495,-33.492529597433546
66.8136,66.8136,247.0,265.4793973742691,264.99385865978303,-42.49939737426912
66.8331,66.8331,264.0,265.4863011567177,264.9997583167938,-25.506301156717672
66.8526,66.8526,229.0,265.4932061552225,265.00564813469987,-60.51320615522248
66.872,66.872,264.0,265.50007661386803,265.01149798486284,-25.52007661386803
66.8915,66.8915,261.0,265.50698370927626,265.0173681750164,-28.526983709276255
66.9109,66.9109,244.0,265.51385631197854,265.02319849808197,-45.53385631197854
66.9304,66.9304,246.0,265.5207655941612,265.0290490604829,-43.540765594161215
66.9498,66.9498,258.0,265.5276407524769,265.0348598564512,-31.547640752476884
66.9693,66.9693,252.0,265.53455300433325,265.0406907910997,-37.55455300433324
66.9888,66.9888,277.0,265.54146681360095,265.0465118866434,-12.561466813600948
67.0082,67.0082,256.0,265.5483466171038,265.0522933668665,-33.568346617103785
67.0277,67.0277,253.0,265.55526342229,265.0580948346577,-36.57526342229001
67.0471,67.0471,266.0,265.56214680053864,265.0638567877833,-23.58214680053864
67.0666,67.0666,257.0,265.5690675268089,265.06963862782203,-32.589067526808904
67.086,67.086,238.0,265.57595478282866,265.0753810538503,-51.595954782828656
67.1055,67.1055,239.0,265.58287972794295,265.0811432661365,-50.60287972794295
67.125,67.125,258.0,265.58980668979996,265.08689563931796,-31.609806689799957
67.1444,67.1444,240.0,265.59670073721566,265.092608749601,-49.61670073721565
67.1639,67.1639,280.0,265.6036322935787,265.09834149503,-9.623632293578698
67.1833,67.1833,257.0,265.6105309644161,265.1040350782157,-32.63053096441611
67.2028,67.2028,242.0,265.61746807076486,265.1097481958921,-47.637468070764854
67.2222,67.2222,246.0,265.62437213835483,265.11542225198053,-43.644372138354825
67.2417,67.2417,275.0,265.63131451366644,265.12111574190436,-14.651314513666438
67.2612,67.2612,252.0,265.63826002118645,265.1267993927235,-37.65826002118645
67.2806,67.2806,269.0,265.6451729903134,265.13244413306666,-20.665172990313426
67.3001,67.3001,262.0,265.652124852289,265.1381081561333,-27.672124852288977
67.3195,67.3195,281.0,265.65904421274126,265.14373336937916,-8.679044212741264
67.339,67.339,257.0,265.66600285533735,265.1493777646932,-32.68600285533735
67.3584,67.3584,247.0,265.6729290875346,265.15498345084166,-42.69292908753461
67.3779,67.3779,271.0,265.67989464861404,265.1606082184033,-18.699894648614038
67.3974,67.3974,310.0,265.68686423333037,265.1662231468601,20.293135766669632
67.4168,67.4168,253.0,265.6938017964744,265.17179951726337,-36.713801796474414
67.4363,67.4363,265.0,265.70077934865606,265.17739481796764,-24.720779348656055
67.4557,67.4557,273.0,265.7077251269109,265.1829516612736,-16.727725126910872
67.4752,67.4752,282.0,265.71471077391135,265.1885273342254,-7.734710773911349
67.4946,67.4946,276.0,265.72166530803287,265.19406465043386,-13.741665308032868
67.5141,67.5141,257.0,265.7286602767447,265.19962069563314,-32.74866027674467
67.5336,67.5336,256.0,265.73566000840856,265.2051669017277,-33.755660008408555
67.553,67.553,262.0,265.7426284491346,265.21067490219104,-27.7626284491346
67.5725,67.5725,237.0,265.74963765896945,265.2162014805331,-52.769637658969444
67.5919,67.5919,242.0,265.75661645564384,265.221689953899,-47.77661645564383
67.6114,67.6114,245.0,265.763635917774,265.22719690448855,-44.78363591777402
67.6308,67.6308,231.0,265.7706249605977,265.2326658507571,-58.79062496059767
67.6503,67.6503,254.0,265.77765586070007,265.23815317359407,-35.79765586070006
67.6698,67.6698,264.0,265.78469228276026,265.24363065732626,-25.80469228276026
67.6892,67.6892,254.0,265.79169846659056,265.24907028784975,-35.811698466590556
67.7087,67.7087,295.0,265.79874641024514,265.2545281438294,5.181253589754856
67.7281,67.7281,281.0,265.80576463874553,265.25994824725547,-8.825764638745529
67.7476,67.7476,270.0,265.8128255039865,265.26538647548267,-19.832825503986516
67.767,67.767,285.0,265.81985636688654,265.27078705181134,-4.83985636688654
67.7865,67.7865,239.0,265.8269303393709,265.27620565228597,-50.8469303393709
67.806,67.806,270.0,265.8340106894129,265.2816144136559,-19.854010689412878
67.8254,67.8254,229.0,265.8410617581132,265.2869856742394,-60.861061758113195
67.8449,67.8449,244.0,265.8481567182524,265.29237480785685,-45.86815671825242
67.8643,67.8643,283.0,265.85522223520894,265.2977265413429,-6.875222235208941
67.8838,67.8838,268.0,265.8623318864014,265.3030960472078,-21.88233188640142
67.9032,67.9032,270.0,265.8694124879594,265.30842825359656,-19.88941248795938
67.9227,67.9227,265.0,265.87653718231496,265.31377813170894,-24.89653718231496
67.9422,67.9422,264.0,265.88367031506,265.3191181707166,-25.903670315059987
67.9616,67.9616,293.0,265.89077481800393,265.32442106136017,3.089225181996067
67.9811,67.9811,251.0,265.89792458860023,265.3297414726153,-38.91792458860023
68.0005,68.0005,283.0,265.90504589511374,265.33502483616144,-6.925045895113744
68.02,68.02,259.0,265.9122126378401,265.34032561966404,-30.932212637840127
68.0394,68.0394,287.0,265.91935203195436,265.34558945611286,-2.9393520319543605
68.0589,68.0589,263.0,265.92653671317385,265.35087061186294,-26.946536713173845
68.0784,68.0784,247.0,265.93373132486516,265.35614192850824,-42.95373132486516
68.0978,68.0978,282.0,265.94089821434363,265.3613764492119,-7.960898214343633
68.1173,68.1173,281.0,265.94811177207555,265.3666281381047,-8.968111772075549
68.1367,68.1367,251.0,265.9552983588169,265.37184313171093,-38.975298358816886
68.1562,68.1562,290.0,265.9625322388117,265.37707519285124,0.017467761188282083
68.1756,68.1756,276.0,265.96973933453125,265.38227065936013,-13.989739334531254
68.1951,68.1951,261.0,265.9769944260231,265.3874830927479,-28.99699442602311
68.2146,68.2146,258.0,265.9842599804798,265.39268568703096,-32.0042599804798
68.234,68.234,275.0,265.9914998441124,265.39785183779463,-15.01149984411241
68.2535,68.2535,296.0,265.9987876255318,265.4030348043252,5.981212374468196
68.2729,68.2729,249.0,266.00604992929664,265.4081814279915,-41.02604992929663
68.2924,68.2924,250.0,266.01336140505134,265.41334476676946,-40.03336140505134
68.3118,68.3118,237.0,266.02064721932703,265.41847186333837,-53.04064721932703
68.3313,68.3313,268.0,266.02798309170237,265.4236155743639,-22.047983091702367
68.3508,68.3508,283.0,266.03533095262117,265.42874944628466,-7.055330952621166
68.3702,68.3702,276.0,266.04265414507984,265.4338472271084,-14.062654145079836
68.3897,68.3897,284.0,266.05002825594636,265.4389614712766,-6.070028255946358
68.4091,68.4091,244.0,266.0573775270306,265.44403972500305,-46.077377527030606
68.4286,68.4286,266.0,266.0647785300678,265.44913434141876,-24.084778530067826
68.448,68.448,259.0,266.0721548447957,265.4541930680477,-31.092154844795704
68.4675,68.4675,272.0,266.0795832029031,265.4592680567109,-18.09958320290311
68.487,68.487,258.0,266.0870262081115,265.4643332062694,-32.10702620811152
68.5064,68.5064,229.0,266.09444540015954,265.4693626171532,-61.11444540015954
68.5259,68.5259,278.0,266.1019181008285,265.4744081389591,-12.121918100828527
68.5453,68.5453,260.0,266.1093672051183,265.4794180227456,-30.129367205118303
68.5648,68.5648,283.0,266.1168698743473,265.484443916799,-7.136869874347287
68.5842,68.5842,271.0,266.1243507036195,265.48943427348803,-19.144350703619484
68.6037,68.6037,277.0,266.131885175314,265.4944405397889,-13.151885175313982
68.6232,68.6232,272.0,266.1394366456272,265.4994369669851,-18.1594366456272
68.6426,68.6426,257.0,266.1469658168915,265.504398007929,-33.166965816891505
68.6621,68.6621,245.0,266.15455056325504,265.50937480737264,-45.17455056325504
68.6815,68.6815,260.0,266.16211427159715,265.5143163212192,-30.182114271597147
68.701,68.701,276.0,266.1697337894373,265.5192734929103,-14.189733789437316
68.7204,68.7204,246.0,266.17733237695523,265.5241954796594,-44.19733237695523
68.7399,68.7399,238.0,266.1849888786177,265.529133023598,-52.20498887861767
68.7594,68.7594,276.0,266.1926640796093,265.5340607284318,-14.2126640796093
68.7788,68.7788,268.0,266.2003184043459,265.53895339943585,-22.22031840434592
68.7983,68.7983,210.0,266.20803118512356,265.5438614765172,-80.22803118512356
68.8177,68.8177,273.0,266.21572447060447,265.5487346204237,-17.23572447060447
68.8372,68.8372,248.0,266.2234777008231,265.5536230697526,-42.24347770082308
68.8566,68.8566,242.0,266.2312111608,265.5584766865618,-48.2512111608
68.8761,68.8761,293.0,266.23900575975443,265.56334550813807,2.7409942402455663
68.8956,68.8956,265.0,266.24682081172443,265.5682044906096,-25.266820811724433
68.915,68.915,268.0,266.2546177751721,265.57302879167366,-22.274617775172107
68.9345,68.9345,277.0,266.2624769485465,265.5778681463927,-13.28247694854652
68.9539,68.9539,264.0,266.2703178547377,265.58267292035936,-26.290317854737697
68.9734,68.9734,261.0,266.2782223520163,265.58749264732586,-29.298222352016314
68.9928,68.9928,246.0,266.2861091394893,265.59227789419515,-44.30610913948932
69.0123,69.0123,254.0,266.294059659618,265.59707799340913,-36.31405965961797
69.0318,69.0318,256.0,266.302035131198,265.60186825351843,-34.32203513119801
69.0512,69.0512,276.0,266.3099936674049,265.6066241846425,-14.32999366740491
69.0707,69.0707,288.0,266.31801852771434,265.6113948169993,-2.3380185277143433
69.0901,69.0901,280.0,266.3260271066536,265.61613122102597,-10.346027106653612
69.1096,69.1096,291.0,266.33410260873404,265.62088222563017,0.645897391265958
69.129,69.129,252.0,266.34216360628994,265.6255991025596,-38.36216360628994
69.1485,69.1485,280.0,266.35029197285564,265.63033047941127,-10.370291972855643
69.168,69.168,255.0,266.3584484734043,265.6350520171582,-35.378448473404276
69.1874,69.1874,242.0,266.3665902674125,265.63973957834236,-48.3865902674125
69.2069,69.2069,286.0,266.37480286147627,265.64444148833684,-4.394802861476268
69.2263,69.2263,256.0,266.3830013151593,265.64910952242366,-34.40300131515927
69.2458,69.2458,230.0,266.3912709214157,265.65379180466556,-60.41127092141569
69.2652,69.2652,243.0,266.3995282622455,265.65844031165494,-47.41952826224549
69.2847,69.2847,269.0,266.4078589120786,265.6631029661444,-21.42785891207861
69.3042,69.3042,238.0,266.41621978777664,265.667755781529,-52.436219787776636
69.3236,69.3236,249.0,266.4245700336531,265.6723749727733,-41.44457003365308
69.3431,69.3431,282.0,266.43299405378775,265.6770081604055,-8.452994053787751
69.3625,69.3625,261.0,266.4414079673219,265.6816078245523,-29.46140796732188
69.382,69.382,292.0,266.4498984335497,265.6862213844319,1.5301015664502806
69.4014,69.4014,266.0,266.45837865336273,265.6908015214814,-24.47837865336273
69.4209,69.4209,251.0,266.46693735440584,265.6953954536085,-39.48693735440584
69.4403,69.4403,264.0,266.4754865012039,265.69995606356065,-26.495486501203874
69.4598,69.4598,246.0,266.48411480188287,265.7045303679352,-44.504114801882864
69.4793,69.4793,292.0,266.4927803070402,265.70909483320503,1.4872196929597798
69.4987,69.4987,229.0,266.50143763293835,265.713626127412,-61.521437632938344
69.5182,69.5182,235.0,266.51017760501406,265.7181709649293,-55.53017760501406
69.5376,69.5376,268.0,266.5189101313605,265.72268273203883,-22.538910131360485
69.5571,69.5571,254.0,266.527726338963,265.7272079418036,-36.54772633896302
69.5765,69.5765,250.0,266.5365377547279,265.7317001818159,-40.55653775472787
69.596,69.596,245.0,266.54543346414806,265.73620576382814,-45.56543346414806
69.6155,69.6155,261.0,266.5543715176442,265.74070150673566,-29.5743715176442
69.6349,69.6349,265.0,266.5633045635779,265.7451644310027,-25.5833045635779
69.6544,69.6544,279.0,266.5723267514002,265.7496405461577,-11.592326751400226
69.6738,69.6738,241.0,266.58134506505974,265.7540839433273,-49.60134506505973
69.6933,69.6933,304.0,266.59045333768273,265.7585404307298,13.389546662317269
69.7127,69.7127,264.0,266.59956006728487,265.76296430080214,-26.61956006728487
69.7322,69.7322,262.0,266.6087600059213,265.7674011604521,-28.628760005921283
69.7517,69.7517,297.0,266.61800639850287,265.7718281809973,6.3619936014971294
69.7711,69.7711,254.0,266.6272519207244,265.7762227353244,-36.6472519207244
69.7906,69.7906,257.0,266.63659251812464,265.78063012811714,-33.65659251812464
69.81,69.81,234.0,266.6459349389581,265.7850051553468,-56.665934938958074
69.8295,69.8295,274.0,266.65537535588123,265.789392920387,-16.675375355881233
69.8489,69.8489,267.0,266.6648175544026,265.79374842051936,-23.68481755440259
69.8684,69.8684,286.0,266.67436079688736,265.798116557807,-4.694360796887356
69.8879,69.8879,266.0,266.6839556110469,265.80247485599,-24.703955611046883
69.9073,69.9073,240.0,266.6935565221412,265.8068010403771,-50.71355652214119
69.9268,69.9268,288.0,266.70325944641144,265.81113971080754,-2.7232594464114364
69.9462,69.9462,310.0,266.7129685297715,265.81544636809735,19.2670314702285
69.9657,69.9657,258.0,266.72278509006577,265.81976541077523,-32.742785090065766
69.9851,69.9851,261.0,266.73260785474554,265.8240525409676,-29.752607854745538
70.0046,70.0046,242.0,266.7425395781396,265.828351955893,-48.762539578139595
70.0241,70.0241,264.0,266.7525319374806,265.83264153171365,-26.772531937480625
70.0435,70.0435,285.0,266.7625332533254,265.83689934616086,-5.782533253325386
70.063,70.063,252.0,266.7726488644294,265.84116929422896,-38.79264886442941
70.0824,70.0824,281.0,266.7827746929163,265.84540758157885,-9.802774692916291
70.1019,70.1019,280.0,266.7930177066188,265.84965790189443,-10.813017706618798
70.1213,70.1213,284.0,266.80327258251504,265.8538766621469,-6.823272582515035
70.1408,70.1408,254.0,266.8136462486497,265.85810735470994,-36.833646248649714
70.1603,70.1603,276.0,266.8240896675953,265.8623282081684,-14.844089667595274
70.1797,70.1797,305.0,266.8345475132814,265.8665176526756,14.145452486718607
70.1992,70.1992,265.0,266.8451293970283,265.87071887838147,-25.8651293970283
70.2186,70.2186,264.0,266.855730059597,265.87488879579143,-26.87573005959702
70.2381,70.2381,251.0,266.86645645215197,265.8790703937447,-39.88645645215196
70.2575,70.2575,257.0,266.87720274723193,265.88322078405724,-33.89720274723193
70.277,70.277,245.0,266.8880812381019,265.887382754258,-45.9080812381019
70.2965,70.2965,260.0,266.89903744034007,265.8915348853541,-30.919037440340066
70.3159,70.3159,249.0,266.91001495383216,265.89565595992144,-41.930014953832156
70.3354,70.3354,277.0,266.9211284450451,265.89978846326494,-13.941128445045099
70.3548,70.3548,245.0,266.9322672850848,265.9038900107349,-45.95226728508477
70.3743,70.3743,242.0,266.943547722719,265.90800288632596,-48.963547722719014
70.3937,70.3937,261.0,266.95485407761,265.91208490669857,-29.97485407760998
70.4132,70.4132,276.0,266.96630628033654,265.916178154537,-14.986306280336539
70.4327,70.4327,268.0,266.9778450654383,265.92026156327074,-22.997845065438316
70.4521,70.4521,255.0,266.9894157673075,265.92431426789824,-36.00941576730749
70.4716,70.4716,264.0,267.0011375933356,265.92837804887944,-27.021137593335613
70.491,70.491,260.0,267.01289189049487,265.9324112264095,-31.03289189049487
70.5105,70.5105,265.0,267.0248031420761,265.93645537963823,-26.04480314207611
70.5299,70.5299,248.0,267.0367489463265,265.9404690300709,-43.05674894632649
70.5494,70.5494,280.0,267.0488563736859,265.94449355554707,-11.068856373685907
70.5689,70.5689,266.0,267.0610630315848,265.9485082419185,-25.081063031584808
70.5883,70.5883,273.0,267.0733104713658,265.95249257660606,-18.0933104713658
70.6078,70.6078,267.0,267.0857272308065,265.95648763522496,-24.105727230806526
70.6272,70.6272,255.0,267.0981855655506,265.9604524428151,-36.118185565550576
70.6467,70.6467,270.0,267.1108185253234,265.9644278736815,-21.130818525323395
70.6661,70.6661,266.0,267.12349626492585,265.9683731541743,-25.143496264925847
70.6856,70.6856,251.0,267.13635196365004,265.97232895728814,-40.15635196365004
70.7051,70.7051,274.0,267.14932598056765,265.97627492129726,-17.169325980567653
70.7245,70.7245,279.0,267.16234973213494,265.98019088604485,-12.182349732134941
70.744,70.744,262.0,267.1755624338212,265.9841172223015,-29.1955624338212
70.7634,70.7634,263.0,267.188828540979,265.9880136599517,-28.20882854097899
70.7829,70.7829,255.0,267.20228713619196,265.9919203684558,-36.22228713619195
70.8023,70.8023,258.0,267.2158060708013,265.9957972790086,-33.2358060708013
70.8218,70.8218,259.0,267.229525055494,265.99968435976024,-32.249525055493976
70.8413,70.8413,252.0,267.2433784443787,266.00356160140706,-39.263378444378716
70.8607,70.8607,248.0,267.25729473358905,266.0074091962147,-43.277294733589045
70.8802,70.8802,263.0,267.27142015511333,266.0112668101091,-28.291420155113332
70.8996,70.8996,263.0,267.28561625503346,266.0150948778193,-28.30561625503346
70.9191,70.9191,281.0,267.30002984347584,266.01893286396114,-10.32002984347584
70.9385,70.9385,249.0,267.31451581973636,266.022741404574,-42.33451581973635
70.958,70.958,262.0,267.3292284479672,266.0265597629633,-29.34922844796718
70.9775,70.9775,259.0,267.3440933854638,266.0303682822479,-32.36409338546379
70.9969,70.9969,269.0,267.3590409160483,266.03414750711556,-22.379040916048286
71.0164,71.0164,252.0,267.374222572665,266.03793639864756,-39.394222572665015
71.0358,71.0358,258.0,267.3894905160615,266.041696096418,-33.409490516061524
71.0553,71.0553,258.0,267.40500605440855,266.04546536019745,-33.42500605440854
71.0747,71.0747,259.0,267.42061044232753,266.04920553087044,-32.440610442327525
71.0942,71.0942,272.0,267.43646898378614,266.05295516689745,-19.45646898378614
71.1137,71.1137,273.0,267.45250777967124,266.05669496381967,-18.472507779671236
71.1331,71.1331,259.0,267.4686447647726,266.0604058187475,-32.48864476477259
71.1526,71.1526,251.0,267.4850526260328,266.0641259879172,-40.50505262603282
71.172,71.172,248.0,267.5015640230665,266.0678173157476,-43.52156402306652
71.1915,71.1915,270.0,267.5183562354048,266.07151785716485,-21.53835623540478
71.2109,71.2109,230.0,267.535258251652,266.07518965789785,-61.555258251652006
71.2304,71.2304,265.0,267.5524485625213,266.0788705715625,-26.572448562521306
71.2499,71.2499,266.0,267.5698504960948,266.08254164612254,-25.589850496094773
71.2693,71.2693,258.0,267.5873723288771,266.0861841311104,-33.607372328877105
71.2888,71.2888,281.0,267.6052030754442,266.08983557791777,-10.625203075444194
71.3082,71.3082,239.0,267.62316105154366,266.09345853580834,-52.64316105154366
71.3277,71.3277,265.0,267.6414365681706,266.0970903548632,-26.661436568170604
71.3471,71.3471,269.0,267.6598515525579,266.1006937856563,-22.67985155255788
71.3666,71.3666,257.0,267.6785986594602,266.10430597695864,-34.69859865946019
71.3861,71.3861,267.0,267.69758978514557,266.1079083291563,-24.717589785145567
71.4055,71.4055,263.0,267.7167283881515,266.1114824442043,-28.736728388151523
71.425,71.425,262.0,267.7362188133751,266.1150651686494,-29.756218813375103
71.4444,71.4444,287.0,267.7558711056631,266.11861975659997,-4.775871105663118
71.4639,71.4639,265.0,267.77588564948474,266.1221828532926,-26.795885649484735
71.4833,71.4833,259.0,267.7960699541887,266.12571791414575,-32.81606995418868
71.5028,71.5028,288.0,267.8166390937785,266.12926138308586,-3.836639093778519
71.5223,71.5223,262.0,267.83749071620747,266.1327950129212,-29.85749071620747
71.5417,71.5417,267.0,267.85852947065644,266.1363007580292,-24.878529470656435
71.5612,71.5612,259.0,267.8799702139424,266.1398147601121,-32.89997021394238
71.5806,71.5806,266.0,267.9016073222837,266.1433009781227,-25.921607322283723
71.6001,71.6001,246.0,267.92367164748185,266.14679535245295,-45.94367164748185
71.6195,71.6195,264.0,267.94593959459723,266.15026204336624,-27.965939594597234
71.639,71.639,251.0,267.96865356659396,266.15373678994405,-40.98865356659395
71.6585,71.6585,268.0,267.99170005435496,266.15720169741707,-24.011700054354964
71.6779,71.6779,269.0,268.01497381131657,266.1606390725852,-23.034973811316565
71.6974,71.6974,294.0,268.0387237528913,266.1640843523057,1.9412762471086857
71.7168,71.7168,238.0,268.0627099558211,266.1675022003764,-54.0827099558211
71.7363,71.7363,257.0,268.0871936348529,266.1709278523444,-35.10719363485289
71.7557,71.7557,270.0,268.11192797353374,266.17432617331775,-22.131927973533738
71.7752,71.7752,280.0,268.1371773639501,266.1777321975332,-12.157177363950115
71.7947,71.7947,259.0,268.1628334638967,266.181128382644,-33.18283346389667
71.8141,71.8141,262.0,268.1887638085296,266.1844973878721,-30.208763808529586
71.8336,71.8336,259.0,268.21525182390616,266.18787394523036,-33.235251823906154
71.853,71.853,253.0,268.2420308228922,266.1912234233611,-39.262030822892214
71.8725,71.8725,262.0,268.26938947312544,266.19458035296685,-30.289389473125443
71.8919,71.8919,286.0,268.29706632213555,266.1979103040003,-6.317066322135549
71.9114,71.9114,247.0,268.3253448480984,266.20124760585344,-45.34534484809838
71.9309,71.9309,247.0,268.3541101038708,266.2045750686019,-45.37411010387082
71.9503,71.9503,247.0,268.38321393052536,266.2078757038901,-45.403213930525354
71.9698,71.9698,248.0,268.412971335902,266.2111835388861,-44.432971335901996
71.9892,71.9892,274.0,268.4430984526716,266.2144646470769,-18.46309845267162
72.0087,72.0087,269.0,268.4739052265829,266.2177528543203,-23.49390522658287
72.0281,72.0281,279.0,268.5051016964379,266.22101443541374,-13.525101696437918
72.0476,72.0476,249.0,268.5370249301874,266.2242830149047,-43.55702493018738
72.0671,72.0671,282.0,268.5695221440237,266.2275417552908,-10.589522144023721
72.0865,72.0865,275.0,268.60245049801534,266.2307740206391,-17.622450498015343
72.106,72.106,242.0,268.63614956857543,266.23401313327275,-50.65614956857543
72.1254,72.1254,254.0,268.67030393592523,266.23722587152366,-38.69030393592523
72.1449,72.1449,278.0,268.7052837485696,266.2404453564048,-14.725283748569627
72.1643,72.1643,273.0,268.74074040917924,266.2436385675583,-19.76074040917924
72.1838,72.1838,247.0,268.7770667635272,266.2468384246869,-45.79706676352721
72.2032,72.2032,264.0,268.81390144121895,266.2500121087431,-28.833901441218945
72.2227,72.2227,283.0,268.8516445694273,266.2531923381191,-9.871644569427321
72.2422,72.2422,268.0,268.8901424096518,266.25636272839046,-24.910142409651787
72.2616,72.2616,272.0,268.92919987596116,266.2595070967015,-20.94919987596116
72.2811,72.2811,238.0,268.96925227488765,266.26265785922027,-54.98925227488765
72.3005,72.3005,243.0,269.0099021041103,266.2657827004339,-50.02990210411032
72.32,72.32,269.0,269.0515962748785,266.2689138352001,-24.071596274878477
72.3394,72.3394,263.0,269.0939430310307,266.2720191493164,-30.113943031030676
72.3589,72.3589,263.0,269.13738416801743,266.2751306563302,-30.157384168017433
72.3784,72.3784,261.0,269.1817528702307,266.2782323242392,-32.20175287023069
72.3978,72.3978,253.0,269.2268272079261,266.2813083226103,-40.246827207926074
72.4173,72.4173,271.0,269.2731050806491,266.28439036276677,-22.293105080649088
72.4367,72.4367,252.0,269.32015364734923,266.28744683404045,-41.340153647349226
72.4562,72.4562,264.0,269.3684663972226,266.29050924644446,-29.38846639722262
72.4756,72.4756,254.0,269.41759902924997,266.29354619062076,-39.43759902924997
72.4951,72.4951,265.0,269.468093597321,266.29658897527224,-28.488093597321
72.5146,72.5146,287.0,269.5197196114613,266.29962192081894,-6.539719611461312
72.534,72.534,267.0,269.5722609911711,266.30262954925007,-26.592260991171106
72.5535,72.5535,266.0,269.62627189559134,266.3056428670443,-27.646271895591344
72.5729,72.5729,294.0,269.6812580716356,266.30863096837805,0.2987419283643753
72.5924,72.5924,272.0,269.73782941146095,266.31162465841976,-21.75782941146095
72.6118,72.6118,247.0,269.79543508292744,266.3145932326561,-46.815435082927436
72.6313,72.6313,250.0,269.8547290215685,266.3175672949453,-43.87472902156851
72.6508,72.6508,259.0,269.9154424622872,266.3205315181297,-34.93544246228721
72.6702,72.6702,280.0,269.9773233707726,266.3234707766209,-13.99732337077258
72.6897,72.6897,289.0,270.0410620705665,266.3264153720528,-5.061062070566511
72.7091,72.7091,260.0,270.10604142963933,266.3293351034467,-34.12604142963933
72.7286,72.7286,240.0,270.17300433524264,266.3322600711261,-54.193004335242634
72.748,72.748,243.0,270.2413051053668,266.3351602754225,-51.26130510536679
72.7675,72.7675,261.0,270.31171207878674,266.3380656153494,-33.33171207878674
72.787,72.787,259.0,270.3839538808597,266.3409611161715,-35.403953880859675
72.8064,72.8064,267.0,270.45769845046135,266.3438320047228,-27.47769845046135
72.8259,72.8259,274.0,270.53379063389866,266.34670787779237,-20.55379063389866
72.8453,72.8453,268.0,270.61150233042997,266.34955923924633,-26.63150233042997
72.8648,72.8648,277.0,270.6917150695306,266.3524154845634,-17.711715069530573
72.8842,72.8842,283.0,270.7737079660805,266.3552473189199,-11.793707966080508
72.9037,72.9037,297.0,270.8583659170092,266.35808393648443,2.121634082990777
72.9232,72.9232,246.0,270.94540399434607,266.36091071494434,-48.96540399434606
72.9426,72.9426,270.0,271.0344165062349,266.36371323355564,-25.05441650623489
72.9621,72.9621,265.0,271.1264220591725,266.36652038426297,-30.14642205917251
72.9815,72.9815,269.0,271.22060459906476,266.3693033757769,-26.240604599064756
73.001,73.001,284.0,271.317986917392,266.37209089873176,-11.337986917391977
73.0204,73.0204,261.0,271.4177191210116,266.3748543631483,-34.4377191210116
73.0399,73.0399,254.0,271.5209481048974,266.3776222583506,-41.540948104897396
73.0594,73.0594,249.0,271.62727420272256,266.38038031444813,-46.647274202722556
73.0788,73.0788,281.0,271.7362417626299,266.38311446311957,-14.756241762629902
73.0983,73.0983,262.0,271.84910815829386,266.3858528914646,-33.869108158293855
73.1177,73.1177,282.0,271.9648799605799,266.3885675130386,-13.984879960579878
73.1372,73.1372,268.0,272.08490244929203,266.3912863136311,-28.10490244929203
73.1566,73.1566,277.0,272.2080674463019,266.3939814081078,-19.228067446301925
73.1761,73.1761,257.0,272.33584077184713,266.3966805809477,-39.35584077184713
73.1956,73.1956,277.0,272.46772142070193,266.39936991468295,-19.487721420701934
73.215,73.215,269.0,272.6032385072774,266.40203569341446,-27.62323850727741
73.2345,73.2345,243.0,272.7439562766526,266.4047053993972,-53.76395627665262
73.2539,73.2539,241.0,272.888623057179,266.40735165103126,-55.908623057179014
73.2734,73.2734,253.0,273.0389723821152,266.41000172926147,-44.058972382115215
73.2928,73.2928,276.0,273.1936469166892,266.4126284537982,-21.213646916689203
73.3123,73.3123,287.0,273.35448986108725,266.4152589042759,-10.374489861087245
73.3318,73.3318,252.0,273.52099766466415,266.4178795156488,-45.54099766466415
73.3512,73.3512,240.0,273.6925093851969,266.42047692444044,-57.712509385196896
73.3707,73.3707,292.0,273.87110670147393,266.4230779080608,-5.891106701473934
73.3901,73.3901,248.0,274.0552089023935,266.42565578975496,-50.07520890239347
73.4096,73.4096,268.0,274.2470407105711,266.42823714562286,-30.267040710571127
73.429,73.429,251.0,274.4450280839843,266.4307955002197,-47.46502808398431
73.4485,73.4485,269.0,274.6514565876679,266.43335722833507,-29.671456587667894
73.468,73.468,256.0,274.8658160275854,266.4359091173457,-42.88581602758542
73.4874,73.4874,297.0,275.08726671277145,266.4384381561973,-2.1072667127714517
73.5069,73.5069,299.0,275.31857479041145,266.44097041745545,-0.338574790411446
73.5263,73.5263,270.0,275.55775762222794,266.4434799292097,-29.57775762222794
73.5458,73.5458,275.0,275.8077610936012,266.4459925627153,-24.827761093601186
73.5652,73.5652,269.0,276.0665885546338,266.4484825473722,-31.086588554633824
73.5847,73.5847,260.0,276.3374617551239,266.45097555312526,-40.35746175512391
73.6042,73.6042,270.0,276.6196257610257,266.4534587197736,-30.6396257610257
73.6236,73.6236,259.0,276.9121242520987,266.4559193886853,-41.93212425209869
73.6431,73.6431,273.0,277.21863551054145,266.45838292758106,-28.238635510541446
73.6625,73.6625,298.0,277.536809449937,266.4608240693954,-3.5568094499369813
73.682,73.682,277.0,277.87063247544654,266.4632679805387,-24.89063247544654
73.7014,73.7014,245.0,278.21745545737014,266.46568959525564,-57.23745545737013
73.7209,73.7209,253.0,278.581792593512,266.4681138786465,-49.60179259351197
73.7404,73.7404,273.0,278.96268037856044,266.4705283229325,-29.982680378560435
73.7598,73.7598,255.0,279.35918782687776,266.4729206219043,-48.379187826877754
73.7793,73.7793,286.0,279.7764016937575,266.47531543843775,-17.79640169375752
73.7987,73.7987,251.0,280.2111395263516,266.4776882103122,-53.23113952635158
73.8182,73.8182,294.0,280.6691955244345,266.4800633990932,-10.689195524434485
73.8376,73.8376,247.0,281.14705251958935,266.4824166438702,-58.16705251958935
73.8571,73.8571,293.0,281.6510731776702,266.48477220489866,-12.671073177670184
73.8766,73.8766,285.0,282.18046966171846,266.4871179268224,-21.20046966171846
73.896,73.896,269.0,282.73383998610586,266.48944185585424,-37.75383998610586
73.9155,73.9155,251.0,283.31874448263403,266.49176795002546,-56.33874448263403
73.9349,73.9349,272.0,283.9308968447008,266.49407235195997,-35.95089684470078
73.9544,73.9544,250.0,284.5787731555173,266.4963788183787,-58.59877315551729
73.9738,73.9738,264.0,285.25770901231147,266.49866369321575,-45.27770901231146
73.9933,73.9933,238.0,285.97702202745535,266.50095053188187,-71.99702202745534
74.0128,74.0128,248.0,286.73606625755804,266.5032275314434,-62.75606625755803
74.0322,74.0322,258.0,287.53303303768837,266.5054830905353,-53.553033037688365
74.0517,74.0517,275.0,288.37920877193926,266.5077404623442,-37.39920877193926
74.0711,74.0711,266.0,289.26875036408893,266.5099764943387,-47.288750364088926
74.0906,74.0906,268.0,290.2141068969525,266.51221423839513,-46.2341068969525
74.11,74.11,234.0,291.20935678627666,266.5144307432923,-81.22935678627665
74.1295,74.1295,251.0,292.26837252338487,266.51664885959616,-65.28837252338487
74.149,74.149,247.0,293.3902369015959,266.5188571367953,-70.41023690159592
74.1684,74.1684,269.0,294.5727262949983,266.5210443259473,-49.592726294998286
74.1879,74.1879,275.0,295.8325238020664,266.5232329753939,-44.852523802066415
74.2073,74.2073,261.0,297.16179793879473,266.5254006374485,-60.18179793879473
74.2268,74.2268,276.0,298.57908578259605,266.5275696591426,-46.59908578259605
74.2462,74.2462,264.0,300.074880109546,266.52971779409984,-60.09488010954597
74.2657,74.2657,250.0,301.67035325323894,266.5318671880414,-75.69035325323894
74.2852,74.2852,277.0,303.36299887220406,266.53400674287826,-50.382998872204055
74.3046,74.3046,278.0,305.14973317948983,266.5361255620904,-51.169733179489825
74.3241,74.3241,248.0,307.0544438954702,266.53824548917464,-83.07444389547017
74.3435,74.3435,275.0,309.06295156130994,266.5403447812893,-58.08295156130994
74.363,74.363,286.0,311.2017598994414,266.5424450806211,-49.22175989944141
74.3824,74.3824,264.0,313.4533069867713,266.5445248456385,-73.47330698677128
74.4019,74.4019,258.0,315.8457184536441,266.5466055172177,-81.8657184536441
74.4214,74.4214,289.0,318.370211571573,266.54867634969224,-53.390211571573005
74.4408,74.4408,290.0,321.0158439548523,266.5507267989644,-55.0358439548523
74.4603,74.4603,276.0,323.8104845231497,266.55277800368646,-71.83048452314968
74.4797,74.4797,283.0,326.7231173140806,266.55480892586115,-67.74311731408058
74.4992,74.4992,277.0,329.7802355388333,266.55684050283065,-76.80023553883332
74.5186,74.5186,292.0,332.9422229896777,266.5588518979081,-64.9622229896777
74.5381,74.5381,278.0,336.2303204103956,266.560863847125,-82.25032041039562
74.5576,74.5576,278.0,339.61387544477367,266.56286595723725,-85.63387544477366
74.577,74.577,265.0,343.0528418086157,266.56484803656946,-102.0728418086157
74.5965,74.5965,272.0,346.55731319276435,266.56683051892924,-98.57731319276435
74.6159,74.6159,297.0,350.0587543951727,266.568793071164,-77.07875439517268
74.6354,74.6354,264.0,353.5557777038552,266.5707559257712,-113.5757777038552
74.6548,74.6548,269.0,356.97126497997004,266.57269895090866,-111.99126497997004
74.6743,74.6743,281.0,360.29266261220084,266.57464217776334,-103.31266261220084
74.6938,74.6938,294.0,363.4524291008286,266.5765755655133,-93.47242910082862
74.7132,74.7132,288.0,366.3842071183476,266.57848927490556,-102.4042071183476
74.7327,74.7327,288.0,369.0684332506295,266.580403034903,-105.08843325062948
74.7521,74.7521,301.0,371.43239914973225,266.5822972171979,-94.45239914973224
74.7716,74.7716,346.0,373.45865853138986,266.5841913494428,-51.478658531389854
74.791,74.791,310.0,375.0940878154621,266.58606600464026,-89.1140878154621
74.8105,74.8105,303.0,376.33178436847686,266.5879405091327,-97.35178436847686
74.83,74.83,295.0,377.1482267976974,266.58980517452034,-106.16822679769741
74.8494,74.8494,316.0,377.5377554711302,266.5916505139727,-85.55775547113019
74.8689,74.8689,259.0,377.50978169935115,266.59349555160776,-142.52978169935116
74.8883,74.8883,310.0,377.076670851981,266.5953213639628,-91.09667085198102
74.9078,74.9078,316.0,376.25198265271734,266.5971467738454,-84.27198265271734
74.9272,74.9272,302.0,375.0667451567206,266.59895305910294,-97.08674515672057
74.9467,74.9467,341.0,373.53376293876863,266.600758841233,-56.55376293876863
74.9662,74.9662,314.0,371.6861893507229,266.6025547842584,-81.70618935072288
74.9856,74.9856,334.0,369.56357102060275,266.6043317537708,-59.58357102060275
75.0051,75.0051,313.0,367.1733666312247,266.6061080690436,-78.19336663122472
75.0245,75.0245,337.0,364.5709408847598,266.60786551145867,-51.5909408847598
75.044,75.044,327.0,361.76021784480196,266.60962219897897,-58.78021784480195
75.0634,75.0634,312.0,358.8029136982788,266.61136011429664,-70.82291369827881
75.0829,75.0829,287.0,355.70156593881734,266.6130971740644,-92.72156593881733
75.1023,75.1023,330.0,352.5200214326404,266.6148155622847,-46.540021432640415
75.1218,75.1218,303.0,349.2587639117638,266.6165329943,-70.27876391176382
75.1413,75.1413,306.0,345.9654260641427,266.6182405872105,-63.985426064142715
75.1607,75.1607,317.0,342.68718940457074,266.61992965968557,-49.70718940457074
75.1802,75.1802,282.0,339.41714072123864,266.6216176248436,-81.43714072123863
75.1996,75.1996,327.0,336.21136080640997,266.6232871702213,-33.23136080640997
75.2191,75.2191,307.0,333.0581188563408,266.6249555076268,-50.078118856340794
75.2385,75.2385,279.0,330.0063365542649,266.62660552590717,-75.02633655426492
75.258,75.258,283.0,327.03737914863905,266.6282542355601,-68.05737914863904
75.2775,75.2775,278.0,324.1780799510958,266.62989310610834,-70.1980799510958
75.2969,75.2969,286.0,321.4484281450314,266.6315138086435,-59.46842814503141
75.3164,75.3164,277.0,318.8256973066182,266.6331330514392,-65.84569730661822
75.3358,75.3358,293.0,316.33783412398094,266.634734226877,-47.357834123980936
75.3553,75.3553,292.0,313.95939641772173,266.6363338419202,-45.97939641772173
75.3747,75.3747,313.0,311.7140218137214,266.6379154902606,-22.734021813721387
75.3942,75.3942,285.0,309.5754118533695,266.6394954775513,-48.59541185336947
75.4137,75.4137,297.0,307.55273673021145,266.6410656257372,-34.572736730211446
75.4331,75.4331,304.0,305.65057937607764,266.64261795833244,-25.670579376077644
75.4526,75.4526,315.0,303.84473506644656,266.64416847876583,-12.86473506644656
75.472,75.472,265.0,302.14931916472796,266.6457012842638,-61.16931916472795
75.4915,75.4915,288.0,300.54135816562484,266.6472321769446,-36.56135816562484
75.5109,75.5109,267.0,299.0326929938985,266.64874545534514,-56.052692993898475
75.5304,75.5304,278.0,297.6026750990176,266.65025672027343,-43.62267509901757
75.5499,75.5499,284.0,296.2538177700924,266.6517581460971,-36.27381777009238
75.5693,75.5693,280.0,294.98817429152456,266.6532421087524,-39.008174291524554
75.5888,75.5888,290.0,293.7877532629234,266.6547239068235,-27.807753262923388
75.6082,75.6082,270.0,292.66079683464375,266.6561883423815,-46.68079683464374
75.6277,75.6277,295.0,291.5914612778035,266.65765051270006,-20.61146127780349
75.6471,75.6471,263.0,290.58640327362474,266.65909542116066,-51.606403273624736
75.6666,75.6666,281.0,289.6318906798842,266.66053796372665,-32.651890679884175
75.6861,75.6861,268.0,288.7294971632356,266.661970667188,-44.749497163235574
75.7055,75.7055,261.0,287.88038463343406,266.6633862599034,-50.90038463343406
75.725,75.725,240.0,287.072590033075,266.6647993356122,-71.09259003307501
75.7444,75.7444,308.0,286.31142474360456,266.6661954012302,-2.331424743604561
75.7639,75.7639,288.0,285.5866255154879,266.66758884918653,-21.606625515487924
75.7833,75.7833,256.0,284.90284532290787,266.66896538770715,-52.92284532290786
75.8028,75.8028,284.0,284.2506880040324,266.6703392079109,-24.270688004032383
75.8223,75.8223,285.0,283.6317391545463,266.6717031890099,-22.651739154546323
75.8417,75.8417,283.0,283.0467190478419,266.6730504117854,-24.066719047841918
75.8612,75.8612,277.0,282.48791886182516,266.6743947651319,-29.507918861825164
75.8806,75.8806,239.0,281.95909115125653,266.67572246081,-66.97909115125653
75.9001,75.9001,267.0,281.45313857632664,266.67704718640397,-38.47313857632663
75.9195,75.9195,257.0,280.9738513620206,266.6783553549847,-47.99385136202058
75.939,75.939,254.0,280.5147273230887,266.67966045282617,-50.53472732308872
75.9585,75.9585,263.0,280.07712897384584,266.6809557115629,-41.09712897384584
75.9779,75.9779,265.0,279.6617263624199,266.68223456439847,-38.68172636241992
75.9974,75.9974,297.0,279.2630844561437,266.68351019538267,-6.283084456143701
76.0168,76.0168,264.0,278.8843121136237,266.6847695211208,-38.9043121136237
76.0363,76.0363,299.0,278.52039725121506,266.6860255243525,-3.540397251215058
76.0557,76.0557,289.0,278.17422953215737,266.6872653229933,-13.194229532157369
76.0752,76.0752,277.0,277.8413473029775,266.68850169847246,-24.86134730297751
76.0947,76.0947,267.0,277.5226252923429,266.6897282348468,-34.54262529234292
76.1141,76.1141,290.0,277.21894776746194,266.6909387177424,-11.23894776746194
76.1336,76.1336,272.0,276.92638263898084,266.6921456263644,-28.94638263898084
76.153,76.153,272.0,276.64733434336455,266.6933365821626,-28.667334343364548
76.1725,76.1725,243.0,276.3782581060596,266.694523863032,-57.3982581060596
76.1919,76.1919,260.0,276.121285500758,266.6956952917329,-40.141285500758
76.2114,76.2114,281.0,275.8733133942693,266.6968629448497,-18.893313394269303
76.2309,76.2309,293.0,275.6350448846362,266.69802075886184,-6.655044884636215
76.2503,76.2503,270.0,275.4072308474299,266.6991628718175,-29.4272308474299
76.2698,76.2698,275.0,275.1870335879993,266.7003010580772,-24.20703358799928
76.2892,76.2892,284.0,274.97624627060355,266.70142364393547,-14.996246270603553
76.3087,76.3087,267.0,274.77237672888583,266.7025422024425,-31.79237672888583
76.3281,76.3281,264.0,274.5770559857373,266.7036452612034,-34.59705598573727
76.3476,76.3476,259.0,274.38791007898124,266.704744191958,-39.40791007898123
76.3671,76.3671,267.0,274.205675490029,266.70583328360783,-31.225675490029023
76.3865,76.3865,281.0,274.0308587509175,266.7069070266236,-17.050858750917502
76.406,76.406,245.0,273.86142906232163,266.7079764905209,-52.88142906232163
76.4254,76.4254,282.0,273.69877460988727,266.7090307064393,-15.718774609887266
76.4449,76.4449,273.0,273.54094966932917,266.7100805425841,-24.560949669329165
76.4643,76.4643,259.0,273.38935860883345,266.711115231405,-38.40935860883344
76.4838,76.4838,258.0,273.24215875993644,266.71214543979727,-39.26215875993644
76.5033,76.5033,281.0,273.09997153238464,266.71316580908484,-16.119971532384643
76.5227,76.5227,256.0,272.9632185031401,266.71417118216067,-40.98321850314012
76.5422,76.5422,255.0,272.83028612592557,266.71517192369566,-41.850286125925564
76.5616,76.5616,268.0,272.70237935464,266.71615776967417,-28.722379354640015
76.5811,76.5811,273.0,272.57796182973794,266.71713888345664,-23.597961829737944
76.6005,76.6005,283.0,272.4581695132485,266.71810520233765,-13.478169513248492
76.62,76.62,264.0,272.34158613945937,266.7190666883676,-32.36158613945936
76.6395,76.6395,260.0,272.2286761403755,266.72001833529293,-36.24867614037551
76.6589,76.6589,265.0,272.1198477295998,266.7209553384288,-31.139847729599825
76.6784,76.6784,251.0,272.0138218834111,266.7218873576015,-45.03382188341108
76.6978,76.6978,243.0,271.9115783985715,266.72280483364,-52.93157839857152
76.7173,76.7173,296.0,271.81192348402163,266.7237172250602,0.16807651597836681
76.7367,76.7367,260.0,271.7157391968934,266.7246151740013,-35.73573919689342
76.7562,76.7562,297.0,271.6219599293208,266.72550793766897,1.3580400706792197
76.7757,76.7757,268.0,271.53092873933394,266.7263908622319,-27.550928739333944
76.7951,76.7951,269.0,271.443020757256,266.7272594954279,-26.46302075725602
76.8146,76.8146,285.0,271.357219254994,266.7281227922383,-10.377219254993992
76.834,76.834,251.0,271.27429224080913,266.7289718983369,-44.29429224080913
76.8535,76.8535,273.0,271.1933315606173,266.72981556739484,-22.21333156061731
76.8729,76.8729,270.0,271.11504636420295,266.730645146396,-25.135046364202953
76.8924,76.8924,245.0,271.03854638291364,266.73146918770135,-50.05854638291363
76.9119,76.9119,262.0,270.96417181012674,266.73228338990197,-32.98417181012674
76.9313,76.9313,285.0,270.8922214152,266.7330836531581,-9.912221415200026
76.9508,76.9508,299.0,270.82187809722245,266.73387822760617,4.158121902777548
76.9702,76.9702,278.0,270.7537775228576,266.7346589637648,-16.773777522857603
76.9897,76.9897,217.0,270.68715109962517,266.73543391046036,-77.70715109962516
77.0091,77.0091,255.0,270.62263549965604,266.7361951195217,-39.64263549965604
77.0286,77.0286,232.0,270.5594880668948,266.73695043846476,-62.5794880668948
77.0481,77.0481,251.0,270.4980108061223,266.7376959183031,-43.51801080612229
77.0675,77.0675,250.0,270.4384209477061,266.73842781161915,-44.4584209477061
77.087,77.087,260.0,270.38006872046344,266.739153663705,-34.40006872046344
77.1064,77.1064,254.0,270.3234981838129,266.73986602992375,-40.34349818381288
77.1259,77.1259,279.0,270.2680684546371,266.740572254257,-15.288068454637102
77.1453,77.1453,241.0,270.2143147848482,266.7412650933784,-53.23431478484822
77.1648,77.1648,286.0,270.1616313294528,266.74195168995914,-8.181631329452802
77.1843,77.1843,275.0,270.11025105831646,266.74262844743515,-19.130251058316464
77.2037,77.2037,252.0,270.0603904287375,266.74329197081136,-42.08039042873749
77.2232,77.2232,238.0,270.0114861999121,266.7439491005349,-56.031486199912095
77.2426,77.2426,269.0,269.9640148985279,266.7445930968137,-24.98401489852792
77.2621,77.2621,280.0,269.91744437218324,266.74523059878464,-13.93744437218324
77.2815,77.2815,260.0,269.87220766241705,266.7458550679661,-33.89220766241705
77.301,77.301,252.0,269.82782417522594,266.7464729421846,-41.84782417522594
77.3205,77.3205,252.0,269.7844733151569,266.7470809772983,-41.8044733151569
77.3399,77.3399,289.0,269.7423544161003,266.74767613073453,-4.762354416100283
77.3594,77.3594,251.0,269.70099171551345,266.7482645380957,-42.72099171551345
77.3788,77.3788,264.0,269.6607905901489,266.7488401644346,-29.680790590148906
77.3983,77.3983,253.0,269.62130747815905,266.7494089440433,-40.64130747815905
77.4177,77.4177,296.0,269.5829106728119,266.7499650432848,2.3970893271880804
77.4372,77.4372,295.0,269.5451773076699,266.750514195141,1.4348226923300835
77.4567,77.4567,308.0,269.5082882138889,266.75105350789244,14.471711786111126
77.4761,77.4761,274.0,269.4724052607928,266.75158029138873,-19.49240526079281
77.4956,77.4956,236.0,269.4371347976824,266.7520999763876,-57.4571347976824
77.515,77.515,222.0,269.40280408286816,266.75260723278666,-71.42280408286815
77.5345,77.5345,286.0,269.3690469928345,266.75310729003303,-7.389046992834512
77.5539,77.5539,241.0,269.33618700865276,266.75359501933457,-52.35618700865275
77.5734,77.5734,287.0,269.30386022809336,266.7540754488284,-6.323860228093356
77.5929,77.5929,274.0,269.27223030882334,266.7545460392176,-19.29223030882334
77.6123,77.6123,239.0,269.2207033783959,266.75500445277396,-54.24070337839591
77.6318,77.6318,305.0,269.1904088842171,266.75545541541055,11.789591115782894
77.6512,77.6512,234.0,269.1608989243195,266.7558943018696,-59.18089892431949
77.6707,77.6707,265.0,269.1318469381005,266.75632563675373,-28.151846938100523
77.6901,77.6901,260.0,269.10354221910615,266.75674499611534,-33.12354221910614
77.7096,77.7096,257.0,269.0756730849074,266.7571567032469,-36.0956730849074
77.7291,77.7291,269.0,269.03801338878253,266.7575585712737,-24.05801338878253
77.7485,77.7485,278.0,269.011410537799,266.7579486148902,-15.031410537799008
77.768,77.768,250.0,268.98520314846724,266.7583308551645,-43.00520314846723
77.7874,77.7874,263.0,268.9596527266517,266.75870137168357,-29.97965272665171
77.8069,77.8069,251.0,268.9344755557327,266.75906398420545,-41.954475555732714
77.8263,77.8263,293.0,268.90992329561016,266.7594149736271,0.07007670438984448
77.8458,77.8458,255.0,268.8857294872135,266.7597579583964,-37.90572948721349
77.8652,77.8652,276.0,268.86212422714834,266.76008942072076,-16.882124227148342
77.8847,77.8847,283.0,268.83885191200807,266.7604127777375,-9.858851912008067
77.9042,77.9042,270.0,268.8160270405102,266.7607262956495,-22.83602704051022
77.9236,77.9236,258.0,268.79375505407404,266.7610284422286,-34.813755054074036
77.9431,77.9431,265.0,268.7717946667583,266.7613223323881,-27.791794666758296
77.9625,77.9625,255.0,268.7503532372228,266.7616049518699,-37.77035323722278
77.982,77.982,263.0,268.7292059303927,266.76187921427686,-29.74920593039271
78.0014,78.0014,253.0,268.70855895657564,266.76214230666125,-39.72855895657564
78.0209,78.0209,265.0,268.6881861900804,266.7623969413158,-27.708186190080387
78.0404,78.0404,262.0,268.668193662234,266.7626417368655,-30.68819366223399
78.0598,78.0598,249.0,268.6486627213343,266.7628755135047,-43.668662721334286
78.0793,78.0793,245.0,268.6293880384929,266.76310068130186,-47.64938803849289
78.0987,78.0987,272.0,268.61055907249556,266.76331493084376,-20.63055907249556
78.1182,78.1182,254.0,268.59196983373977,266.7635204708884,-38.611969833739764
78.1376,78.1376,265.0,268.57380790641173,266.76371519333287,-27.59380790641173
78.1571,78.1571,222.0,268.5558763447698,266.763901105625,-70.57587634476978
78.1766,78.1766,273.0,268.5382602433677,266.76407717881244,-19.558260243367688
78.196,78.196,273.0,268.521041835782,266.76424258551174,-19.541041835782
78.2155,78.2155,282.0,268.5040337212876,266.7643990309466,-10.524033721287612
78.2349,78.2349,278.0,268.4874079237984,266.7645449105486,-14.5074079237984
78.2544,78.2544,285.0,268.4709815620825,266.7646817282309,-7.490981562082499
78.2738,78.2738,243.0,268.4549211938977,266.76480808073546,-49.474921193897686
78.2933,78.2933,239.0,268.43905448168096,266.7649252706653,-53.45905448168095
78.3128,78.3128,254.0,268.4234526681879,266.76503262149043,-38.4434526681879
78.3322,78.3322,291.0,268.4081938121294,266.7651296582498,-1.428193812129411
78.3517,78.3517,258.0,268.393110416977,266.76521738132243,-34.41311041697698
78.3711,78.3711,250.0,268.37835573713835,266.76529489098436,-42.398355737138345
78.3906,78.3906,245.0,268.36377182552803,266.7653629863045,-47.38377182552803
78.41,78.41,276.0,268.3494977883828,266.7654209688691,-16.36949778838279
78.4295,78.4295,259.0,268.33538546521186,266.76546943643666,-33.35538546521185
78.449,78.449,252.0,268.3215015041988,266.76550806489945,-40.3415015041988
78.4684,78.4684,270.0,268.30791343100145,266.76553673171895,-22.327913431001452
78.4879,78.4879,225.0,268.2944764225034,266.7655557324292,-67.3144764225034
78.5073,78.5073,256.0,268.281318806664,266.76556487215123,-36.301318806663986
78.5268,78.5268,265.0,268.26830378529274,266.76556424510903,-27.288303785292744
78.5462,78.5462,257.0,268.25556064258797,266.7655538577337,-35.27556064258796
78.5657,78.5657,275.0,268.2429511387499,266.765533602939,-17.2629511387499
78.5852,78.5852,279.0,268.230542177126,266.7655035090395,-13.250542177125983
78.6046,78.6046,267.0,268.21838550688307,266.76546380591907,-25.238385506883066
78.6241,78.6241,259.0,268.2063556723322,266.76541408426704,-33.22635567233222
78.6435,78.6435,275.0,268.1945716199855,266.7653548540491,-17.21457161998548
78.663,78.663,279.0,268.1829058547833,266.7652855046446,-13.202905854783314
78.6824,78.6824,299.0,268.1714779147523,266.7652067473294,6.808522085247699
78.7019,78.7019,269.0,268.1601627144178,266.76511777017237,-23.180162714417822
78.7214,78.7214,274.0,268.149020558979,266.76501895391056,-18.169020558978975
78.7408,78.7408,254.0,268.1380996229337,266.76491088085015,-38.158099622933676
78.7603,78.7603,256.0,268.1272840409959,266.7647924368359,-36.1472840409959
78.7797,78.7797,270.0,268.11668391600443,266.76466483667804,-22.136683916004433
78.7992,78.7992,256.0,268.1061859240744,266.76452676491124,-36.12618592407439
78.8186,78.8186,254.0,268.09589235461624,266.7643796376561,-38.115892354616236
78.8381,78.8381,264.0,268.085698865556,266.76422193813676,-28.105698865556025
78.8576,78.8576,253.0,268.0756500204011,266.76405439951264,-39.095650020401095
78.877,78.877,236.0,268.0657978815056,266.76387795651226,-56.0857978815056
78.8965,78.8965,259.0,268.0560348173727,266.76369079013574,-33.07603481737267
78.9159,78.9159,247.0,268.0464610488958,266.763494820038,-45.06646104889582
78.9354,78.9354,262.0,268.0369749830576,266.7632880259088,-30.056974983057575
78.9548,78.9548,255.0,268.0276681456948,266.76307252871374,-37.0476681456948
78.9743,78.9743,259.0,268.01844431459074,266.7628461068321,-33.038444314590734
78.9938,78.9938,247.0,268.0093481582205,266.76260984584576,-45.029348158220515
79.0132,79.0132,282.0,268.00042494176785,266.76236503290545,-10.020424941767846
79.0327,79.0327,284.0,267.9915797383858,266.7621091441665,-8.01157973838578
79.0521,79.0521,269.0,267.9828984071538,266.76184480412894,-23.00289840715381
79.0716,79.0716,276.0,267.9742912037005,266.7615692876375,-15.994291203700488
79.091,79.091,259.0,267.9658444159515,266.7612854205024,-32.98584441595149
79.1105,79.1105,271.0,267.9574668961928,266.76099027625855,-20.977466896192784
79.13,79.13,253.0,267.9492029192154,266.76068529290984,-38.96920291921539
79.1494,79.1494,283.0,267.9410891841342,266.7603721100296,-8.961089184134227
79.1689,79.1689,290.0,267.9330434568139,266.76004749892843,-1.9530434568138908
79.1883,79.1883,227.0,267.92514343199383,266.7597147889509,-64.94514343199383
79.2078,79.2078,246.0,267.91730542982583,266.7593705500971,-45.93730542982583
79.2272,79.2272,253.0,267.9096098884864,266.7590183130222,-38.92960988848638
79.2467,79.2467,277.0,267.9019738771427,266.7586544464159,-14.921973877142722
79.2662,79.2662,292.0,267.89443803315595,266.758280740705,0.08556196684405037
79.2856,79.2856,261.0,267.88703588139424,266.75789918788485,-30.90703588139424
79.3051,79.3051,251.0,267.87968922220944,266.7575058544213,-40.89968922220943
79.3245,79.3245,247.0,267.8724736951173,266.7571047745038,-44.89247369511732
79.344,79.344,271.0,267.8653111822235,266.75669181328783,-20.88531118222348
79.3634,79.3634,277.0,267.858275459216,266.7562712062729,-14.878275459215974
79.3829,79.3829,237.0,267.85129224615036,266.75583861730433,-54.87129224615036
79.4024,79.4024,277.0,267.844394085667,266.7553961892311,-14.864394085666977
79.4218,79.4218,238.0,267.8376165167858,266.75494626647105,-53.85761651678577
79.4413,79.4413,263.0,267.8308864919203,266.7544842106453,-28.850886491920296
79.4607,79.4607,265.0,267.8242733476252,266.7540147607878,-26.844273347625194
79.4802,79.4802,241.0,267.8177073451386,266.7535330772095,-50.83770734513861
79.4996,79.4996,250.0,267.81125213713915,266.75304410025467,-41.831252137139145
79.5191,79.5191,260.0,267.8048418811727,266.75254278892385,-31.824841881172706
79.5386,79.5386,253.0,267.7985074800293,266.75203163848823,-38.81850748002928
79.558,79.558,267.0,267.792280877393,266.7515133457883,-24.81228087739301
79.5775,79.5775,250.0,267.7860961289251,266.7509825676002,-41.80609612892512
79.5969,79.5969,256.0,267.7800140738617,266.7504447478028,-35.8000140738617
79.6164,79.6164,282.0,267.773973453946,266.74989434186216,-9.793973453945984
79.6358,79.6358,239.0,267.7680326243215,266.74933699496745,-52.7880326243215
79.6553,79.6553,213.0,267.76212922101246,266.7487669612743,-78.78212922101245
79.6748,79.6748,295.0,267.7562946700732,266.7481870884764,3.2237053299267977
79.6942,79.6942,254.0,267.7505556903744,266.7476004258365,-37.77055569037442
79.7137,79.7137,220.0,267.7448524393137,266.74700092528616,-71.76485243931371
79.7331,79.7331,248.0,267.73924259772105,266.74639473554885,-43.75924259772104
79.7526,79.7526,250.0,267.7336662509562,266.7457756072459,-41.753666250956215
79.772,79.772,250.0,267.7281810877396,266.74514989041126,-41.74818108773958
79.7915,79.7915,264.0,267.72272789266134,266.74451113435583,-27.74272789266134
79.811,79.811,251.0,267.71733629969475,266.7438625391956,-40.737336299694746
79.8304,79.8304,269.0,267.7120305484049,266.74320750661576,-22.732030548404925
79.8499,79.8499,273.0,267.7067549094767,266.7425392837031,-18.72675490947667
79.8693,79.8693,229.0,267.70156378731247,266.74186472402585,-62.72156378731246
79.8888,79.8888,253.0,267.6964014398694,266.74117687336064,-38.716401439869415
79.9082,79.9082,255.0,267.6913215002654,266.740482786586,-36.71132150026541
79.9277,79.9277,254.0,267.68627037496594,266.7397753081683,-37.70627037496594
79.9472,79.9472,261.0,267.6812714642317,266.73905799064585,-30.701271464231713
79.9666,79.9666,243.0,267.6763514640613,266.73833458812607,-48.69635146406132
79.9861,79.9861,258.0,267.67145728819713,266.73759764285103,-33.69145728819713
80.0055,80.0055,247.0,267.6666394885291,266.7368547132339,-44.68663948852908
80.025,80.025,244.0,267.6618473287319,266.73609814020637,-47.68184732873188
80.0444,80.0444,251.0,267.65712811169266,266.7353356834918,-40.67712811169265
80.0639,80.0639,285.0,267.65243437516443,266.73455948271186,-6.672434375164432
80.0834,80.0834,271.0,267.64778761499855,266.73377344282704,-20.66778761499855
80.1028,80.1028,282.0,267.64321219218465,266.73298167036734,-9.663212192184648
80.1223,80.1223,252.0,267.63865959888875,266.73217600273006,-39.65865959888875
80.1417,80.1417,244.0,267.63417562222565,266.731364703173,-47.65417562222565
80.1612,80.1612,272.0,267.6297135522336,266.73053940778317,-19.649713552233624
80.1806,80.1806,259.0,267.62531851591496,266.7297085811287,-32.64531851591495
80.2001,80.2001,272.0,267.62094388977107,266.7288636579863,-19.64094388977107
80.2196,80.2196,253.0,267.6166128930341,266.7280088957393,-38.63661289303407
80.239,80.239,258.0,267.61234574702394,266.7271487533397,-33.63234574702393
80.2585,80.2585,280.0,267.6080991746261,266.72627436334005,-11.62809917462609
80.2779,80.2779,287.0,267.6039147090918,266.7253946938431,-4.623914709091782
80.2974,80.2974,253.0,267.59974874721496,266.72450067609094,-38.619748747214956
80.3168,80.3168,269.0,267.5956440515706,266.72360147949655,-22.615644051570616
80.3363,80.3363,253.0,267.59155716539425,266.7226878339919,-38.611557165394245
80.3558,80.3558,257.0,267.5875098188265,266.72176434938257,-34.6075098188265
80.3752,80.3752,282.0,267.58352090558543,266.720835837043,-9.60352090558543
80.3947,80.3947,267.0,267.57954814537493,266.7198927246811,-24.59954814537493
80.4141,80.4141,268.0,267.5756332152864,266.71894468524414,-23.595633215286416
80.4336,80.4336,259.0,267.5717341014972,266.7179819451298,-32.59173410149721
80.453,80.453,253.0,267.5678911194815,266.7170143785954,-38.58789111948148
80.4725,80.4725,266.0,267.5640637739532,266.7160320107285,-25.584063773953194
80.492,80.492,250.0,267.56027142496555,266.7150398037568,-41.580271424965545
80.5114,80.5114,277.0,267.55653271758376,266.71404292147736,-14.576532717583763
80.5309,80.5309,255.0,267.552808258166,266.7130310867532,-36.572808258166006
80.5503,80.5503,260.0,267.54913660503604,266.71201467737626,-31.56913660503604
80.5698,80.5698,263.0,267.54547890408895,266.71098321489956,-28.565478904088952
80.5892,80.5892,260.0,267.54187263844193,266.7099472784253,-31.56187263844193
80.6087,80.6087,284.0,267.5382793676619,266.7088961881961,-7.558279367661914
80.6281,80.6281,328.0,267.5347362230963,266.7078407246244,36.44526377690373
80.6476,80.6476,279.0,267.5312055479377,266.7067700066427,-12.551205547937702
80.6671,80.6671,250.0,267.527706266544,266.70568944955625,-41.54770626654398
80.6865,80.6865,279.0,267.5242546306927,266.7046046702394,-12.544254630692723
80.706,80.706,260.0,267.5208158987814,266.7035044854004,-31.540815898781393
80.7254,80.7254,275.0,267.51742377045497,266.70240017898624,-16.537423770454968
80.7449,80.7449,262.0,267.51404307589166,266.7012803663947,-29.534043075891663
80.7643,80.7643,265.0,267.5107085526083,266.7001565328831,-26.53070855260832
80.7838,80.7838,264.0,267.50738500944533,266.69901709253907,-27.52738500944533
80.8033,80.8033,244.0,267.50409013615285,266.69786781309034,-47.52409013615285
80.8227,80.8227,254.0,267.50083938202647,266.6967146638336,-37.520839382026466
80.8422,80.8422,292.0,267.49759876342625,266.69554575663227,0.4824012365737467
80.8616,80.8616,265.0,267.494402081963,266.6943730802782,-26.514402081963016
80.8811,80.8811,251.0,267.4912149858776,266.69318454532436,-40.5112149858776
80.9005,80.9005,273.0,267.488070781622,266.69199234187283,-18.508070781622013
80.92,80.92,248.0,267.484936326907,266.6907841791665,-43.504936326907014
80.9395,80.9395,260.0,267.4818275493156,266.6895661773554,-31.501827549315596
80.9589,80.9589,267.0,267.4787598261785,266.68834465815877,-24.498759826178475
80.9784,80.9784,229.0,267.4757009909451,266.6871070285951,-62.49570099094508
80.9978,80.9978,238.0,267.47268269425996,266.6858659823011,-53.492682694259955
81.0173,81.0173,296.0,267.4696733156418,266.68460872498497,4.5103266843582155
81.0367,81.0367,273.0,267.4667034655941,266.6833481515936,-18.486703465594093
81.0562,81.0562,274.0,267.4637417635822,266.6820712665249,-17.48374176358222
81.0757,81.0757,275.0,267.4608035057019,266.6807845423515,-16.480803505701903
81.0951,81.0951,274.0,267.45790376436287,266.67949465321493,-17.477903764362868
81.1146,81.1146,284.0,267.45501209911095,266.678188301289,-7.475012099110945
81.134,81.134,258.0,267.45215760993926,266.67687888505503,-33.47215760993926
81.1535,81.1535,270.0,267.44931138831356,266.6755529053766,-21.46931138831356
81.1729,81.1729,256.0,267.44650150230774,266.6742239620453,-35.466501502307736
81.1924,81.1924,269.0,267.44369889217205,266.67287835461434,-22.46369889217205
81.2119,81.2119,303.0,267.4409181232425,266.67152290807866,11.53908187675749
81.2313,81.2313,249.0,267.43817320685497,266.6701646490022,-42.458173206854966
81.2508,81.2508,277.0,267.435435689745,266.6687895747139,-14.45543568974502
81.2702,81.2702,270.0,267.4327329045427,266.66741178854005,-21.452732904542717
81.2897,81.2897,264.0,267.43003661739067,266.66601708649927,-27.45003661739067
81.3091,81.3091,274.0,267.4273750182541,266.6646197732281,-17.44737501825411
81.3286,81.3286,262.0,267.42471976800914,266.6632054434348,-29.44471976800914
81.3481,81.3481,262.0,267.42208520407996,266.6617812745368,-29.442085204079962
81.3675,81.3675,276.0,267.4194836171797,266.6603546455204,-15.439483617179707
81.387,81.387,266.0,267.41688864934014,266.6589108488699,-25.436888649340137
81.4064,81.4064,242.0,267.41432634992555,266.65746469275604,-49.43432634992554
81.4259,81.4259,243.0,267.41177003602013,266.656001268353,-48.431770036020126
81.4453,81.4453,262.0,267.4092461707752,266.65453558514184,-29.42924617077519
81.4648,81.4648,246.0,267.4067281826634,266.65305253298624,-45.42672818266341
81.4843,81.4843,251.0,267.4042294127635,266.65155964172595,-40.42422941276352
81.5037,81.5037,276.0,267.40176181079056,266.65006464276956,-15.42176181079056
81.5232,81.5232,262.0,267.3992998010941,266.6485521237568,-29.419299801094116
81.5426,81.5426,253.0,267.39686888210144,266.64703759770305,-38.41686888210144
81.5621,81.5621,273.0,267.3944438357985,266.6455054509377,-18.414443835798483
81.5815,81.5815,264.0,267.3920485299949,266.64397139778663,-27.412048529994895
81.601,81.601,274.0,267.3896593820015,266.6424196232688,-17.409659382001525
81.6205,81.6205,261.0,267.38728750088103,266.64085800964614,-30.40728750088103
81.6399,81.6399,237.0,267.38494564010705,266.6392946407498,-54.404945640107044
81.6594,81.6594,236.0,267.38260885046276,266.6377133993747,-55.402608850462755
81.6788,81.6788,276.0,267.38030142084824,266.6361305033811,-15.40030142084824
81.6983,81.6983,256.0,267.3779994512872,266.63452963425345,-35.39799945128722
81.7177,81.7177,251.0,267.37572608855976,266.6329272111624,-40.395726088559755
81.7372,81.7372,259.0,267.37345777094663,266.63130671428223,-32.393457770946625
81.7567,81.7567,245.0,267.37120633976275,266.62967637829735,-46.391206339762746
81.7761,81.7761,248.0,267.36898302160336,266.6280446394611,-43.38898302160335
81.7956,81.7956,260.0,267.36676507628533,266.6263946757237,-31.386765076285332
81.815,81.815,244.0,267.3645744786051,266.62474340979014,-47.3845744786051
81.8345,81.8345,285.0,267.3623892126314,266.6230738183002,-6.382389212631399
81.8539,81.8539,277.0,267.3602312076615,266.6214030252692,-14.380231207661513
81.8734,81.8734,258.0,267.3580780737008,266.6197138060267,-33.37807807370082
81.8929,81.8929,281.0,267.35594120416147,266.6180147476796,-10.375941204161467
81.9123,81.9123,280.0,267.3538313391915,266.6163146389034,-11.373831339191515
81.9318,81.9318,283.0,267.3517260026869,266.6145959528037,-8.371726002686916
81.9512,81.9512,272.0,267.3496472786742,266.6128763169302,-19.369647278674183
81.9707,81.9707,260.0,267.3475738470866,266.61113800307794,-31.367573847086607
81.9901,81.9901,258.0,267.345526066403,266.609398840107,-33.36552606640301
82.0096,82.0096,290.0,267.34348345724686,266.60764089850227,-1.3634834572468613
82.0291,82.0291,297.0,267.3414562992072,266.6058731177928,5.638543700792791
82.0485,82.0485,253.0,267.3394549297683,266.60410463907675,-38.35945492976829
82.068,82.068,267.0,267.33745858182994,266.6023172306147,-24.357458581829935
82.0874,82.0874,272.0,267.3354874916064,266.6005292248012,-19.355487491606386
82.1069,82.1069,265.0,267.333521540225,266.59872218858675,-26.35352154022498
82.1263,82.1263,251.0,267.3315806682983,266.5969146556759,-40.35158066829827
82.1458,82.1458,243.0,267.32964483993317,266.59508799170885,-48.34964483993316
82.1653,82.1653,237.0,267.3277243562006,266.593251488637,-54.34772435620057
82.1847,82.1847,235.0,267.32582853218463,266.59141463998105,-56.345828532184626
82.2042,82.2042,277.0,267.3239371389079,266.58955850915675,-14.343937138907922
82.2236,82.2236,266.0,267.32207099523947,266.58770213340335,-25.34207099523947
82.2431,82.2431,278.0,267.3202094903407,266.58582637482647,-13.340209490340687
82.2625,82.2625,256.0,267.3183725253977,266.58395047197575,-35.3383725253977
82.282,82.282,237.0,267.3165408546971,266.5820550856464,-54.336540854697105
82.3015,82.3015,236.0,267.3147242594397,266.5801498602123,-55.33472425943968
82.3209,82.3209,237.0,267.31293089990015,266.5782446416164,-54.33293089990015
82.3404,82.3404,232.0,267.31114339104164,266.57631978842977,-59.331143391041635
82.3598,82.3598,271.0,267.309379868385,266.57439504273646,-20.329379868385008
82.3793,82.3793,250.0,267.307621867608,266.5724505617973,-41.327621867608016
82.3987,82.3987,235.0,267.3058865759378,266.57050628900663,-56.32588657593779
82.4182,82.4182,258.0,267.3041577347413,266.568542180315,-33.32415773474129
82.4377,82.4377,249.0,267.30244300561446,266.5665682325186,-42.32244300561446
82.4571,82.4571,274.0,267.3007517551725,266.56459464398273,-17.320751755172484
82.4766,82.4766,274.0,267.29906644882334,266.5626010684338,-17.31906644882334
82.496,82.496,285.0,267.29740424924375,266.5606079528006,-6.317404249243754
82.5155,82.5155,287.0,267.29574794901663,266.55859474949915,-4.315747949016629
82.5349,82.5349,283.0,267.29411478253064,266.5565821067686,-8.314114782530641
82.5544,82.5544,260.0,267.29248794886956,266.5545492757146,-31.312487948869563
82.5739,82.5739,249.0,267.2908751596309,266.5525066055559,-42.310875159630896
82.5933,82.5933,274.0,267.28928539770527,266.5504646470801,-17.30928539770527
82.6128,82.6128,256.0,267.28770237071603,266.5484023491689,-35.30770237071603
82.6322,82.6322,268.0,267.2861415259033,266.54634086359573,-23.306141525903303
82.6517,82.6517,272.0,267.28458733835186,266.544258937932,-19.304587338351855
82.6711,82.6711,261.0,267.2830562158083,266.5421779252614,-30.3030562158083
82.6906,82.6906,286.0,267.2815312614484,266.5400763718452,-5.301531261448378
82.7101,82.7101,261.0,267.28002105827187,266.5379649793242,-30.30002105827187
82.7295,82.7295,242.0,267.2785336523897,266.5358546509085,-49.29853365238968
82.749,82.749,277.0,267.2770535257781,266.533723630635,-14.297053525778114
82.7684,82.7684,256.0,267.27559493501207,266.5315937751219,-35.29559493501206
82.7879,82.7879,287.0,267.27414421563554,266.5294431270959,-4.294144215635544
82.8073,82.8073,252.0,267.2727160781077,266.52729374448535,-39.29271607810769
82.8268,82.8268,261.0,267.27129454305,266.52512346870685,-30.291294543049975
82.8463,82.8463,284.0,267.26988867150015,266.52294335382356,-7.2898886715001545
82.8657,82.8657,283.0,267.26850534645035,266.5207646554679,-8.288505346450354
82.8852,82.8852,275.0,267.2671292660123,266.51856491283206,-16.287129266012318
82.9046,82.9046,260.0,267.26577545192447,266.5163666873791,-31.28577545192447
82.9241,82.9241,259.0,267.2644300189982,266.5141473169908,-32.28443001899821
82.9435,82.9435,262.0,267.26310672538244,266.5119295644403,-29.283106725382442
82.963,82.963,255.0,267.26179161461863,266.50969056629947,-36.281791614618626
82.9825,82.9825,263.0,267.26049225176456,266.50744172905394,-28.28049225176456
83.0019,83.0019,254.0,267.25921530831954,266.5051946607583,-37.279215308319536
83.0214,83.0214,273.0,267.2579466679381,266.5029261957602,-18.277946667938085
83.0408,83.0408,247.0,267.25670018249417,266.5006596003672,-44.27670018249417
83.0603,83.0603,277.0,267.25546344097154,266.49837150761664,-14.275463440971539
83.0797,83.0797,258.0,267.254248661977,266.4960853851263,-33.27424866197698
83.0992,83.0992,267.0,267.25304251520106,266.49377766462317,-24.27304251520106
83.1187,83.1187,279.0,267.251853291388,266.4914601050152,-12.271853291387988
83.1381,83.1381,252.0,267.2506859433181,266.4891446667798,-39.2706859433181
83.1576,83.1576,273.0,267.249528492653,266.4868074794194,-18.269528492652984
83.177,83.177,268.0,267.248393848613,266.48447251408646,-23.268393848612977
83.1965,83.1965,282.0,267.2472693671248,266.4821156989736,-9.267269367124772
83.2159,83.2159,248.0,267.2461662691021,266.4797612065433,-43.2661662691021
83.2354,83.2354,274.0,267.24507479243334,266.47738476367783,-17.265074792433342
83.2549,83.2549,246.0,267.24400008798335,266.47499848170764,-45.26400008798335
83.2743,83.2743,263.0,267.2429478001503,266.47261467353223,-28.262947800150318
83.2938,83.2938,261.0,267.2419059346493,266.4702087638095,-30.26190593464931
83.3132,83.3132,241.0,267.2408875159579,266.4678054285367,-50.26088751595792
83.3327,83.3327,292.0,267.2398802511073,266.46537989106145,0.7401197488926918
83.3521,83.3521,268.0,267.2388953696908,266.46295702869133,-23.258895369690794
83.3716,83.3716,244.0,267.23792322015254,266.4605118634635,-47.257923220152534
83.3911,83.3911,280.0,267.23696880408073,266.45805685913103,-11.256968804080731
83.4105,83.4105,261.0,267.23603595227644,266.4556046810157,-30.256035952276438
83.43,83.43,287.0,267.23511684276576,266.4531300489307,-4.255116842765762
83.4494,83.4494,263.0,267.23422069280144,266.450658343718,-28.254220692801443
83.4689,83.4689,260.0,267.23333729721173,266.4481640838804,-31.253337297211733
83.4883,83.4883,296.0,267.2324766171316,266.44567285157035,4.747523382868376
83.5078,83.5078,274.0,267.2316305089828,266.4431589639803,-17.25163050898279
83.5272,83.5272,302.0,267.23080584638734,266.44064820457277,10.74919415361266
83.5467,83.5467,263.0,267.2299971935286,266.4381146892302,-28.249997193528618
83.5662,83.5662,249.0,267.2292071503396,266.43557133478294,-42.249207150339615
83.5856,83.5856,254.0,267.2284400902821,266.43303125963024,-37.2484400902821
83.6051,83.6051,264.0,267.22768774612257,266.4304682774304,-27.24768774612257
83.6245,83.6245,264.0,267.2269594397583,266.42790867518033,-27.246959439758275
83.644,83.644,290.0,267.2262469453849,266.42532606522803,-1.2462469453849003
83.6634,83.6634,276.0,267.2255567227524,266.4227469358806,-15.2455567227524
83.6829,83.6829,257.0,267.2248838897773,266.4201446981757,-34.244883889777284
83.7024,83.7024,287.0,267.2242311970001,266.4175326213661,-4.244231197000108
83.7218,83.7218,285.0,267.22360138466644,266.41492417627353,-6.243601384666437
83.7413,83.7413,282.0,267.2229896925675,266.4122924717114,-9.242989692567523
83.7607,83.7607,267.0,267.22240213690856,266.4096644995214,-24.242402136908556
83.7802,83.7802,268.0,267.22183172669725,266.4070131672068,-23.241831726697246
83.7996,83.7996,269.0,267.2212853066087,266.40436566791936,-22.241285306608706
83.8191,83.8191,274.0,267.2207580124089,266.4016947078522,-17.240758012408907
83.8386,83.8386,236.0,267.2202524680129,266.39901390868033,-55.24025246801291
83.858,83.858,262.0,267.21977024051847,266.3963370936478,-29.23977024051847
83.8775,83.8775,253.0,267.2193085108029,266.39363666672335,-38.23930851080287
83.8969,83.8969,258.0,267.2188713322063,266.39094032459343,-33.23887133220627
83.9164,83.9164,264.0,267.218454548767,266.3882202699165,-27.238454548767
83.9358,83.9358,277.0,267.2180620967012,266.38550440068923,-14.238062096701203
83.9553,83.9553,256.0,267.21769140292326,266.38276471825975,-35.23769140292326
83.9748,83.9748,278.0,267.21734391072295,266.38001519672554,-13.237343910722945
83.9942,83.9942,258.0,267.21702049661656,266.3772700117531,-33.23702049661655
84.0137,84.0137,298.0,267.2167203803591,266.3745008624664,6.763279619640894
84.0331,84.0331,254.0,267.21644572036695,266.37173615039654,-37.236445720366945
84.0526,84.0526,243.0,267.2161932574855,266.3689473733573,-48.23619325748548
84.072,84.072,237.0,267.21596773849586,266.3661631341901,-54.23596773849586
84.0915,84.0915,250.0,267.21576591001246,266.36335472939834,-41.23576591001246
84.111,84.111,279.0,267.21558860945163,266.3605364855018,-12.235588609451629
84.1304,84.1304,256.0,267.2154375556184,266.35772293058943,-35.23543755561839
84.1499,84.1499,260.0,267.2153121680206,266.35488505894045,-31.235312168020602
84.1693,84.1693,247.0,267.21521335416037,266.3520519769306,-44.235213354160365
84.1888,84.1888,263.0,267.2151395356658,266.34919447752907,-28.235139535665798
84.2082,84.2082,270.0,267.215094221087,266.346341868422,-21.235094221086985
84.2277,84.2277,282.0,267.21507467201144,266.3434647412679,-9.23507467201144
84.2472,84.2472,268.0,267.21508312170954,266.3405777750091,-23.23508312170954
84.2666,84.2666,257.0,267.2151185006301,266.33769585015676,-34.23511850063012
84.2861,84.2861,245.0,267.21518292805365,266.3347892561454,-46.235182928053646
84.3055,84.3055,244.0,267.21527391584084,266.3318878041958,-47.235273915840835
84.325,84.325,260.0,267.2153952910712,266.32896158243193,-31.235395291071217
84.3444,84.3444,248.0,267.2155456382334,266.32604060338485,-43.235545638233376
84.3639,84.3639,295.0,267.2157251169519,266.32309475386853,3.764274883048113
84.3834,84.3834,295.0,267.21593401511706,266.3201390652474,3.7640659848829436
84.4028,84.4028,254.0,267.21617356688307,266.3171887704551,-37.23617356688307
84.4223,84.4223,273.0,267.21644440575477,266.3142134540815,-18.23644440575477
84.4417,84.4417,276.0,267.21674332803263,266.3112436321919,-15.236743328032635
84.4612,84.4612,270.0,267.21707664916426,266.30824868806576,-21.237076649164255
84.4806,84.4806,275.0,267.21743979826516,266.30525933907876,-16.23743979826516
84.5001,84.5001,274.0,267.2178357961272,266.3022447672001,-17.23783579612719
84.5196,84.5196,278.0,267.2182658042079,266.2992203562167,-13.238265804207874
84.539,84.539,255.0,267.21872707075823,266.29620169148455,-36.23872707075823
84.5585,84.5585,247.0,267.2192229584355,266.2931576527486,-44.23922295843552
84.5779,84.5779,289.0,267.2197499311955,266.2901194609191,-2.239749931195508
84.5974,84.5974,263.0,267.220314829249,266.2870557944306,-28.24031482924899
84.6168,84.6168,256.0,267.220910084091,266.2839980755037,-35.24091008409097
84.6363,84.6363,266.0,267.2215451352864,266.2809147812627,-25.24154513528642
84.6558,84.6558,259.0,267.2222159231083,266.277821647917,-32.242215923108304
84.6752,84.6752,277.0,267.22291930641273,266.27473461324496,-14.242919306412734
84.6947,84.6947,286.0,267.2236616775294,266.2716218521467,-5.243661677529378
84.7141,84.7141,249.0,267.22443943344746,266.2685152903772,-42.244439433447454
84.7336,84.7336,256.0,267.22525840260494,266.2653829015265,-35.24525840260493
84.753,84.753,249.0,267.2261094847163,266.26225681265964,-42.246109484716285
84.7725,84.7725,279.0,267.2270053405531,266.25910479605636,-12.247005340553091
84.792,84.792,256.0,267.22794066227567,266.25594294034835,-35.24794066227567
84.8114,84.8114,246.0,267.22891063852296,266.25278753573633,-45.24891063852296
84.8309,84.8309,263.0,267.22992475007237,266.24960605227585,-28.24992475007237
84.8503,84.8503,261.0,267.2309764822364,266.2464311205664,-30.25097648223637
84.8698,84.8698,255.0,267.23207454596985,266.24323000935334,-36.25207454596985
84.8892,84.8892,269.0,267.2332070436031,266.24003555054657,-22.2532070436031
84.9087,84.9087,279.0,267.2343900222122,266.23681481158104,-12.25439002221221
84.9282,84.9282,277.0,267.23561636093854,266.2335842335107,-14.255616360938536
84.9476,84.9476,279.0,267.23687823110544,266.2303604589588,-12.256878231105436
84.9671,84.9671,269.0,267.2381929970414,266.22711025313595,-22.25819299704138
84.9865,84.9865,263.0,267.23954669483595,266.2238669514866,-28.25954669483595
85.006,85.006,267.0,267.2409516491386,266.22059711791127,-24.260951649138594
85.0254,85.0254,277.0,267.2423953998547,266.21733428916457,-14.262395399854672
85.0449,85.0449,254.0,267.2438948590123,266.2140448278367,-37.2638948590123
85.0644,85.0644,246.0,267.2454413992648,266.2107455274041,-45.26544139926479
85.0838,85.0838,249.0,267.2470279001351,266.2074533829122,-42.26702790013509
85.1033,85.1033,265.0,267.24867300978644,266.2041344547271,-26.268673009786443
85.1227,85.1227,240.0,267.2503592804417,266.2008227831378,-51.270359280441724
85.1422,85.1422,266.0,267.2521049294486,266.19748422720016,-25.27210492944859
85.1616,85.1616,275.0,267.2538917468814,266.1941530285136,-16.27389174688138
85.1811,85.1811,252.0,267.25574112981934,266.1907948448234,-39.27574112981934
85.2006,85.2006,251.0,267.2576425847831,266.1874268220285,-40.27764258478312
85.22,85.22,265.0,267.25958750473694,266.18406630759665,-26.27958750473694
85.2395,85.2395,245.0,267.2615981779037,266.18067865704927,-46.28159817790369
85.2589,85.2589,271.0,267.26365328253144,266.1772986155201,-20.283653282531436
85.2784,85.2784,263.0,267.2657734630145,266.17389133722014,-28.28577346301451
85.2978,85.2978,239.0,267.26794216719736,266.17049176859354,-52.28794216719736
85.3173,85.3173,267.0,267.27017909833273,266.1670648625411,-24.290179098332732
85.3368,85.3368,259.0,267.27247420674024,266.16362811738395,-32.29247420674024
85.3562,85.3562,250.0,267.2748160873653,266.1601992330122,-41.294816087365305
85.3757,85.3757,275.0,267.27723229603,266.15674286010244,-16.29723229602998
85.3951,85.3951,263.0,267.2796946652651,266.15329444863335,-28.299694665265083
85.4146,85.4146,281.0,267.28223444252467,266.1498184479711,-10.302234442524668
85.434,85.434,253.0,267.2848251769164,266.14635050940456,-38.304825176916395
85.4535,85.4535,246.0,267.2874915446779,266.14285488098983,-45.30749154467789
85.473,85.473,248.0,267.2902224375599,266.13934941347037,-43.310222437559915
85.4924,85.4924,271.0,267.293008101476,266.1358521591587,-20.313008101476004
85.5119,85.5119,259.0,267.29587479925425,266.13232706388663,-32.315874799254246
85.5313,85.5313,229.0,267.29879231595413,266.1288102824776,-62.31879231595413
85.5508,85.5508,282.0,267.30179683194365,266.12526555945306,-9.321796831943647
85.5702,85.5702,278.0,267.3048558900759,266.1217292509466,-13.324855890075884
85.5897,85.5897,253.0,267.3080000906184,266.1181649001696,-38.3280000906184
85.6092,85.6092,264.0,267.31121991474356,266.1145907102878,-27.33121991474356
85.6286,85.6286,272.0,267.31449766395264,266.1110250860362,-19.334497663952636
85.6481,85.6481,246.0,267.31786520035547,266.10743126840185,-45.337865200355466
85.6675,85.6675,262.0,267.32129092979045,266.1038461170529,-29.34129092979045
85.687,85.687,248.0,267.32481372678234,266.10023267166605,-43.344813726782334
85.7064,85.7064,258.0,267.3283962306008,266.09662799321967,-33.348396230600784
85.7259,85.7259,253.0,267.332075104232,266.09299492008034,-38.352075104231986
85.7454,85.7454,260.0,267.3358379879046,266.0893520078362,-31.355837987904597
85.7648,85.7648,246.0,267.3396648333122,266.08571801364474,-45.35966483331221
85.7843,85.7843,292.0,267.3435905268692,266.0820554736481,0.6364094731307937
85.8037,85.8037,286.0,267.3475856913859,266.0784019523592,-5.367585691385916
85.8232,85.8232,257.0,267.3516873186012,266.07471978461007,-34.37168731860119
85.8426,85.8426,269.0,267.35585260550175,266.07104673622376,-22.375852605501752
85.8621,85.8621,258.0,267.3601319767245,266.06734494072214,-33.38013197672451
85.8816,85.8816,278.0,267.36450266511565,266.0636333061157,-13.384502665115651
85.901,85.901,232.0,267.36894282537054,266.0599309419843,-59.388942825370535
85.9205,85.9205,244.0,267.37349734446724,266.05619967962537,-47.393497344467235
85.9399,85.9399,281.0,267.3781275472497,266.0524777883965,-10.398127547249675
85.9594,85.9594,259.0,267.3828779653063,266.04872689828505,-32.4028779653063
85.9788,85.9788,256.0,267.38769910119197,266.0449854799589,-35.407699101191966
85.9983,85.9983,259.0,267.39264902596057,266.0412149620949,-32.41264902596056
86.0178,86.0178,252.0,267.3977016151543,266.03743460512624,-39.417701615154286
86.0372,86.0372,271.0,267.4028312021118,266.03366387105484,-20.422831202111826
86.0567,86.0567,239.0,267.4080902407484,266.02986388633366,-52.428090240748375
86.0761,86.0761,260.0,267.41343364991036,266.0260736251648,-31.43343364991036
86.0956,86.0956,287.0,267.4189114428308,266.0222540126911,-4.43891144283079
86.115,86.115,260.0,267.42447108785666,266.018444224425,-31.44447108785666
86.1345,86.1345,280.0,267.4301748257406,266.01460498419874,-11.450174825740607
86.154,86.154,268.0,267.43599401004946,266.0107559048677,-23.455994010049455
86.1734,86.1734,276.0,267.44189598618186,266.0069168008564,-15.461895986181862
86.1929,86.1929,295.0,267.4479515163898,266.0030480937729,3.532048483610179
86.2123,86.2123,263.0,267.4540979270567,265.9991894626642,-28.474097927056693
86.2318,86.2318,260.0,267.46039673211567,265.99530112782816,-31.48039673211567
86.2512,86.2512,271.0,267.4667869055767,265.9914229696221,-20.486786905576725
86.2707,86.2707,271.0,267.473340493276,265.98751500703355,-20.493340493275998
86.2901,86.2901,254.0,267.4799856919447,265.9836173217301,-37.4999856919447
86.3096,86.3096,237.0,267.4868016614599,265.979689731389,-54.506801661459875
86.3291,86.3291,243.0,267.49375243642237,265.9757523019432,-48.513752436422365
86.3485,86.3485,283.0,267.5008041653042,265.9718253008946,-8.520804165304202
86.368,86.368,284.0,267.5080276584155,265.9678682436963,-7.528027658415471
86.3874,86.3874,268.0,267.51536099592926,265.9639217155502,-23.535360995929256
86.4069,86.4069,255.0,267.5228755490064,265.95994503059944,-36.54287554900641
86.4263,86.4263,270.0,267.5304935395677,265.955978975356,-21.550493539567714
86.4458,86.4458,253.0,267.5383050997308,265.9519826626526,-38.55830509973079
86.4653,86.4653,267.0,267.54627003258446,265.9479765108445,-24.56627003258446
86.4847,86.4847,269.0,267.55434826839206,265.94398113985596,-22.57434826839206
86.5042,86.5042,252.0,267.5626226855878,265.93995536029536,-39.58262268558782
86.5236,86.5236,266.0,267.5710209954011,265.9359404622094,-25.591020995401113
86.5431,86.5431,236.0,267.5796233232075,265.93189505489624,-55.599623323207496
86.5625,86.5625,244.0,267.5883472000583,265.92786062971294,-47.608347200058304
86.582,86.582,273.0,267.59728947118333,265.9237955946473,-18.61728947118333
86.6015,86.6015,264.0,267.6064059838382,265.91972072047685,-27.626405983838215
86.6209,86.6209,276.0,267.61564649024297,265.91565697954843,-15.635646490242966
86.6404,86.6404,273.0,267.62512024085413,265.91156247762547,-18.64512024085413
86.6598,86.6598,262.0,267.6347299520319,265.90747920959956,-29.654729952031875
86.6793,86.6793,215.0,267.64456769860954,265.90336507992413,-76.66456769860953
86.6987,86.6987,267.0,267.65455342505345,265.8992622848009,-24.67455342505345
86.7182,86.7182,265.0,267.66478377804526,265.89512852737295,-26.68478377804526
86.7377,86.7377,255.0,267.67521047911447,265.8909849308402,-36.695210479114465
86.7571,86.7571,253.0,267.6857837152271,265.8868528199718,-38.7057837152271
86.7766,86.7766,262.0,267.6966208522726,265.8826895956866,-29.716620852272587
86.796,86.796,272.0,267.7076111933491,265.87853795772077,-19.727611193349123
86.8155,86.8155,272.0,267.7188672794166,265.87435510568304,-19.7388672794166
86.8349,86.8349,267.0,267.73029010030467,265.8701839406199,-24.75029010030467
86.8544,86.8544,258.0,267.74199297381386,265.86598146082963,-33.76199297381386
86.8739,86.8739,247.0,267.7539213594702,265.8617691419346,-44.77392135947021
86.8933,86.8933,272.0,267.76601738769943,265.8575686611262,-19.786017387699435
86.9128,86.9128,262.0,267.778416374746,265.85333671447876,-29.798416374745972
86.9322,86.9322,255.0,267.7909848108946,265.849116706573,-36.810984810894595
86.9517,86.9517,282.0,267.8038707259442,265.84486513217297,-9.823870725944193
86.9711,86.9711,282.0,267.8169427130114,265.84062559716983,-9.836942713011371
86.9906,86.9906,248.0,267.8303334444832,265.8363543950173,-43.850333444483184
87.0101,87.0101,238.0,267.84398224368545,265.83207335376,-53.86398224368544
87.0295,87.0295,293.0,267.8578349499504,265.8278045030117,1.1221650500495848
87.049,87.049,279.0,267.8720293272637,265.8235038340018,-12.892029327263703
87.0684,87.0684,281.0,267.8864203399126,265.81921545615626,-10.906420339912604
87.0879,87.0879,274.0,267.90117659228775,265.81489515939387,-17.921176592287754
87.1073,87.1073,253.0,267.9161475809614,265.81058725445087,-38.93614758096142
87.1268,87.1268,254.0,267.9314865396861,265.80624732993596,-37.95148653968609
87.1463,87.1463,285.0,267.9471238929323,265.80189756631637,-6.9671238929323245
87.1657,87.1657,262.0,267.9629976820013,265.7975603456282,-29.982997682001287
87.1852,87.1852,274.0,267.97926303926016,265.79319095425603,-17.99926303926016
87.2046,87.2046,291.0,267.995763021367,265.7888342064705,-1.0157630213669968
87.2241,87.2241,294.0,268.01268177981603,265.78444518734585,1.9673182201839658
87.2435,87.2435,265.0,268.02984768744165,265.78006891246287,-27.049847687441645
87.263,87.263,235.0,268.0474379171573,265.77566026558566,-57.06743791715731
87.2825,87.2825,249.0,268.0653875905048,265.7712417796038,-43.08538759050482
87.3019,87.3019,265.0,268.08360445775975,265.7668361889757,-27.103604457759747
87.3214,87.3214,249.0,268.10227585550086,265.7623980752412,-43.12227585550086
87.3408,87.3408,259.0,268.1212217733603,265.75797295751573,-33.14122177336027
87.3603,87.3603,281.0,268.1406537569269,265.7535152160288,-11.160653756926894
87.3797,87.3797,260.0,268.1603659879228,265.7490705712059,-32.18036598792277
87.3992,87.3992,279.0,268.18058974312646,265.74459320196644,-13.20058974312646
87.4187,87.4187,267.0,268.2012236243524,265.7401059936222,-25.221223624352394
87.4381,87.4381,257.0,268.2221676928793,265.7356320330542,-35.24216769287928
87.4576,87.4576,262.0,268.24363938015904,265.73112519695746,-30.263639380159038
87.477,87.477,257.0,268.26544895775214,265.726631709292,-35.28544895775214
87.4965,87.4965,264.0,268.2878162031548,265.7221052454428,-28.307816203154818
87.5159,87.5159,245.0,268.3105143925176,265.71759223067994,-47.33051439251757
87.5354,87.5354,262.0,268.3338094540046,265.7130461390782,-30.353809454004608
87.5549,87.5549,260.0,268.35758609875256,265.70849020837164,-32.37758609875256
87.5743,87.5743,242.0,268.3817290732926,265.7039478778637,-50.4017290732926
87.5938,87.5938,302.0,268.4064899953933,265.6993723194047,9.573510004606685
87.6132,87.6132,276.0,268.4316509203478,265.6948104617993,-16.451650920347806
87.6327,87.6327,255.0,268.45746119344375,265.6902152755877,-37.477461193443744
87.6521,87.6521,268.0,268.4836736880675,265.685633890885,-24.503673688067483
87.6716,87.6716,258.0,268.5105819672921,265.68101907692096,-34.53058196729212
87.6911,87.6911,281.0,268.53805901095484,265.6763944238521,-11.558059010954839
87.7105,87.7105,276.0,268.56596044051014,265.6717837234042,-16.58596044051014
87.73,87.73,251.0,268.5946135226212,265.66713944258294,-41.61461352262121
87.7494,87.7494,279.0,268.6237308499131,265.66250921503763,-13.643730849913101
87.7689,87.7689,262.0,268.6536141899701,265.65784530646374,-30.673614189970085
87.7883,87.7883,261.0,268.68397828537746,265.6531955518211,-31.703978285377463
87.8078,87.8078,270.0,268.71516467920713,265.64851201549476,-22.735164679207134
87.8273,87.8273,241.0,268.74702620569286,265.6438186400636,-51.76702620569286
87.8467,87.8467,278.0,268.77939743908524,265.63913956967576,-14.799397439085244
87.8662,87.8662,262.0,268.81265836521203,265.6344265664922,-30.83265836521203
87.8856,87.8856,242.0,268.8464714089357,265.629727969007,-50.86647140893571
87.9051,87.9051,261.0,268.8811906794093,265.6249953380708,-31.901190679409314
87.9245,87.9245,259.0,268.9165123120369,265.6202772134882,-33.936512312036896
87.944,87.944,246.0,268.9527964200694,265.6155249547996,-46.97279642006937
87.9635,87.9635,274.0,268.9898831630807,265.61076285700614,-19.00988316308072
87.9829,87.9829,228.0,269.02759801649324,265.60601541667836,-65.04759801649324
88.0024,88.0024,254.0,269.0663675988738,265.60123369113245,-39.08636759887379
88.0218,88.0218,263.0,269.10580578248,265.5964667237073,-30.12580578247999
88.0413,88.0413,252.0,269.14632729697036,265.59166537040886,-41.16632729697035
88.0607,88.0607,285.0,269.1875789886267,265.5868788758863,-8.207578988626683
88.0802,88.0802,240.0,269.22997701423634,265.5820578948354,-53.249977014236336
88.0997,88.0997,281.0,269.273355794859,265.5772270746797,-12.293355794859014
88.1191,88.1191,260.0,269.3174942862926,265.572411264412,-33.33749428629257
88.1386,88.1386,260.0,269.3628985775373,265.5675608165037,-33.38289857753729
88.158,88.158,265.0,269.40910096608394,265.5627254791387,-28.42910096608394
88.1775,88.1775,276.0,269.4566464167748,265.55785540347796,-17.476646416774788
88.1969,88.1969,263.0,269.505065550135,265.55300053901544,-30.525065550134986
88.2164,88.2164,257.0,269.55486887849605,265.5481108356022,-36.57486887849605
88.2359,88.2359,266.0,269.6058434930675,265.5432112930842,-27.62584349306748
88.2553,88.2553,270.0,269.65779388698553,265.5383271128766,-23.67779388698553
88.2748,88.2748,249.0,269.71125701476376,265.53340794260606,-44.731257014763756
88.2942,88.2942,279.0,269.7657040592753,265.52850423530106,-14.785704059275321
88.3137,88.3137,260.0,269.8217818813895,265.523565437278,-33.84178188138948
88.3331,88.3331,228.0,269.8789300115055,265.51864220287564,-65.89893001150547
88.3526,88.3526,257.0,269.93775741913913,265.5136837771,-36.95775741913913
88.3721,88.3721,272.0,269.9980616878589,265.50871551221974,-22.01806168785892
88.3915,88.3915,237.0,270.05955112835585,265.50376296207224,-57.079551128355845
88.411,88.411,265.0,270.1228800034372,265.4987750694394,-29.142880003437217
88.4304,88.4304,287.0,270.1874553665879,265.49380299219445,-7.207455366587926
88.4499,88.4499,270.0,270.25401695605376,265.4887954718091,-24.27401695605376
88.4693,88.4693,263.0,270.3219163772553,265.4838038674668,-31.34191637725532
88.4888,88.4888,248.0,270.3918793136419,265.4787767193289,-46.411879313641876
88.5083,88.5083,273.0,270.46367121353177,265.4737397320863,-21.483671213531768
88.5277,88.5277,257.0,270.5369386487014,265.4687188119989,-37.556938648701376
88.5472,88.5472,255.0,270.6124684694674,265.4636621970037,-39.63246846946738
88.5666,88.5666,273.0,270.68961618302046,265.45862174981886,-21.70961618302046
88.5861,88.5861,261.0,270.7691921976312,265.45354550707117,-33.78919219763118
88.6055,88.6055,275.0,270.85042395485584,265.448485532789,-19.87042395485584
88.625,88.625,278.0,270.93428517114074,265.44338966228884,-16.954285171140743
88.6445,88.6445,293.0,271.0204029389883,265.4382839526839,-2.040402938988297
88.6639,88.6639,268.0,271.10839245444765,265.43319466265655,-27.128392454447653
88.6834,88.6834,246.0,271.1992062510285,265.4280693252991,-49.219206251028496
88.7028,88.7028,240.0,271.2920765689399,265.4229605081743,-55.31207656893987
88.7223,88.7223,280.0,271.3879878841332,265.4178155430643,-15.407987884133224
88.7417,88.7417,239.0,271.4860158160167,265.4126871988422,-56.50601581601667
88.7612,88.7612,256.0,271.58734469954493,265.40752260597975,-39.607344699544925
88.7807,88.7807,258.0,271.6915342780531,265.4023481740125,-37.711534278053094
88.8001,88.8001,271.0,271.7980864942391,265.3971905140452,-24.8180864942391
88.8196,88.8196,295.0,271.9082913965798,265.39199645432547,-0.9282913965797839
88.839,88.839,288.0,272.02110021861864,265.38681926726076,-8.041100218618642
88.8585,88.8585,275.0,272.1377477795986,265.38160557978847,-21.157747779598612
88.8779,88.8779,266.0,272.2571704627585,265.37640886562644,-30.277170462758495
88.8974,88.8974,289.0,272.3807733220125,265.37117555040163,-7.400773322012487
88.9169,88.9169,288.0,272.50805064044874,265.36593239607214,-8.528050640448743
88.9363,88.9363,261.0,272.63840704588455,265.36070636616483,-35.658407045884545
88.9558,88.9558,276.0,272.7734350924909,265.3554435840828,-20.7934350924909
88.9752,88.9752,258.0,272.91184632652784,265.3501980270782,-38.93184632652783
88.9947,88.9947,257.0,273.05517212460006,265.34491561724366,-40.07517212460006
89.0141,89.0141,269.0,273.2022343596412,265.3396505331416,-28.22223435964118
89.0336,89.0336,252.0,273.35463168255257,265.3343484955546,-45.37463168255256
89.0531,89.0531,272.0,273.51179747776325,265.3290366188628,-25.531797477763252
89.0725,89.0725,267.0,273.6730752288411,265.32374221901557,-30.693075228841128
89.092,89.092,263.0,273.8403937688316,265.31841071457126,-34.86039376883157
89.1114,89.1114,305.0,274.01220242100516,265.3130967876267,6.967797578994844
89.1309,89.1309,258.0,274.190421429888,265.30774565542987,-40.21042142988797
89.1503,89.1503,267.0,274.3736144031954,265.3024122013879,-31.393614403195404
89.1698,89.1698,288.0,274.5637981831447,265.2970414414385,-10.583798183144683
89.1892,89.1892,267.0,274.75921847072027,265.2916884602992,-31.77921847072027
89.2087,89.2087,274.0,274.9623116214598,265.28629807259733,-24.982311621459775
89.2282,89.2282,263.0,275.1722944013878,265.28089784579066,-36.19229440138777
89.2476,89.2476,286.0,275.38824473307915,265.2755155489062,-13.408244733079147
89.2671,89.2671,297.0,275.61286970414943,265.27009569434705,-2.6328697041494316
89.2865,89.2865,260.0,275.84413723310183,265.26469387036514,-39.86413723310183
89.306,89.306,279.0,276.0846882175368,265.2592543880535,-21.10468821753678
89.3254,89.3254,291.0,276.33243251489006,265.25383303697424,-9.352432514890058
89.3449,89.3449,262.0,276.5904143855059,265.24837392691006,-38.61041438550588
89.3644,89.3644,254.0,276.8577155254915,265.24290497774115,-46.877715525491524
89.3838,89.3838,247.0,277.133207041201,265.2374543109167,-54.153207041200986
89.4033,89.4033,262.0,277.42039230118945,265.2319657339953,-39.44039230118945
89.4227,89.4227,288.0,277.7166878013083,265.2264955400735,-13.736687801308296
89.4422,89.4422,270.0,278.02552099033596,265.22098733539946,-32.04552099033596
89.4616,89.4616,276.0,278.34452521037053,265.2154976143803,-26.364525210370534
89.4811,89.4811,280.0,278.6773475566819,265.2099697819538,-22.697347556681922
89.5006,89.5006,299.0,279.02295579417205,265.2044321104226,-4.042955794172048
89.52,89.52,261.0,279.38007238559743,265.1989130736582,-42.400072385597426
89.5395,89.5395,274.0,279.7531876523429,265.19335577437454,-29.773187652342887
89.5589,89.5589,287.0,280.1390623395185,265.1878172105128,-17.15906233951849
89.5784,89.5784,263.0,280.54223011177504,265.1822402834765,-41.56223011177504
89.5978,89.5978,234.0,280.9596877194627,265.1766821925174,-70.97968771946269
89.6173,89.6173,273.0,281.396286970517,265.1710856377286,-32.41628697051699
89.6368,89.6368,283.0,281.85077518104566,265.1654792438351,-22.870775181045662
89.6562,89.6562,241.0,282.321539560582,265.1598918371308,-65.34153956058198
89.6757,89.6757,277.0,282.81460633617917,265.15426581548473,-29.834606336179167
89.6951,89.6951,261.0,283.32557362399217,265.1486588816831,-46.345573623992166
89.7146,89.7146,299.0,283.86116233518646,265.14301323228455,-8.881162335186463
89.734,89.734,288.0,284.4168688426938,265.1373867713855,-20.436868842693816
89.7535,89.7535,276.0,284.99938692119895,265.1317214942344,-33.019386921198944
89.773,89.773,262.0,285.6071006671484,265.1260463779786,-47.62710066714841
89.7924,89.7924,289.0,286.2384927566473,265.12039060133435,-21.258492756647303
89.8119,89.8119,281.0,286.9010458395339,265.114695857326,-29.92104583953388
89.8313,89.8313,300.0,287.5891990100566,265.10902055358446,-11.609199010056575
89.8508,89.8508,285.0,288.31208470758696,265.1033061818236,-27.33208470758696
89.8702,89.8702,285.0,289.0636071089477,265.09761135098455,-28.083607108947678
89.8897,89.8897,262.0,289.8528278199202,265.09187735147117,-51.872827819920204
89.9092,89.9092,314.0,290.6783187566718,265.0861335128531,-0.6983187566717852
89.9286,89.9286,252.0,291.5371747367433,265.08040936626895,-63.55717473674328
89.9481,89.9481,280.0,292.43979786515223,265.0746458998983,-36.459797865152225
89.9675,89.9675,266.0,293.37888146090165,265.0689022262167,-51.39888146090165
89.987,89.987,278.0,294.3665438463433,265.0631191320936,-40.38654384634329
90.0064,90.0064,286.0,295.3944493066298,265.0573559313147,-33.41444930662978
90.0259,90.0259,249.0,296.47482779782877,265.051553209439,-71.49482779782876
90.0454,90.0454,278.0,297.6055278161531,265.0457406484586,-43.62552781615308
90.0648,90.0648,267.0,298.78223768025083,265.0399481319346,-55.802237680250826
90.0843,90.0843,279.0,300.0188313999956,265.0341159432016,-45.03883139999557
90.1037,90.1037,287.0,301.30477399889605,265.0283038995801,-38.32477399889605
90.1232,90.1232,289.0,302.65602202338744,265.0224520830947,-37.67602202338743
90.1426,90.1426,287.0,304.05979417367536,265.0166205123759,-41.07979417367535
90.1621,90.1621,284.0,305.53352107007424,265.0107490681379,-45.55352107007424
90.1816,90.1816,266.0,307.07130639793047,265.0048677847951,-65.09130639793047
90.201,90.201,268.0,308.6662632161298,264.9990068983312,-64.68626321612977
90.2205,90.2205,273.0,310.3352474586271,264.99310598723594,-61.35524745862712
90.2399,90.2399,295.0,312.06348792779687,264.98722557367455,-41.08348792779687
90.2594,90.2594,291.0,313.8680295505582,264.98130503482673,-46.888029550558215
90.2788,90.2788,315.0,315.72961680050463,264.975405094168,-24.74961680050463
90.2983,90.2983,267.0,317.6679150451099,264.96946492756774,-74.6879150451099
90.3178,90.3178,275.0,319.660304175939,264.9635149218627,-68.68030417593901
90.3372,90.3372,291.0,321.71409900307697,264.9575856654588,-54.73409900307696
90.3567,90.3567,269.0,323.8375520376127,264.95161603200125,-78.85755203761268
90.3761,90.3761,285.0,326.0035084326208,264.94566724849994,-65.02350843262077
90.3956,90.3956,314.0,328.2272588066149,264.9396779872899,-38.24725880661488
90.415,90.415,285.0,330.47856503031716,264.9337096766912,-69.49856503031715
90.4345,90.4345,297.0,332.7723635546365,264.9277007877286,-59.79236355463651
90.454,90.454,303.0,335.08032524300813,264.9216820596613,-56.10032524300813
90.4734,90.4734,303.0,337.38790903844745,264.91568443331744,-58.40790903844744
90.4929,90.4929,315.0,339.7012491864244,264.90964607749765,-48.72124918642437
90.5123,90.5123,320.0,341.9805221867841,264.90362892405636,-46.000522186784124
90.5318,90.5318,280.0,344.2313864655317,264.897570940484,-88.25138646553172
90.5512,90.5512,346.0,346.4132962236835,264.8915342599454,-24.433296223683517
90.5707,90.5707,294.0,348.5304988099241,264.8854566486205,-78.5504988099241
90.5902,90.5902,336.0,350.5512977593759,264.8793691981909,-38.57129775937592
90.6096,90.6096,338.0,352.44738006591797,264.8733032019071,-38.467380065917965
90.6291,90.6291,333.0,354.21985041584264,264.86719612372497,-45.23985041584264
90.6485,90.6485,337.0,355.83240015854045,264.8611106003438,-42.85240015854045
90.668,90.668,360.0,357.2856903004365,264.85498389440914,-21.3056903004365
90.6874,90.6874,341.0,358.55142598755754,264.8488788439306,-41.57142598755753
90.7069,90.7069,382.0,359.63028803791735,264.8427325102434,-1.6502880379173526
90.7264,90.7264,363.0,360.5060122680536,264.8365763374515,-21.52601226805361
90.7458,90.7458,352.0,361.1705854121368,264.8304419712278,-33.1905854121368
90.7653,90.7653,375.0,361.62678919507357,264.82426617068336,-10.64678919507357
90.7847,90.7847,380.0,361.8694883449049,264.8181122773623,-5.88948834490488
90.8042,90.8042,388.0,361.9033203796127,264.8119168490653,2.0766796203873064
90.8236,90.8236,387.0,361.7319085310123,264.80574342864685,1.2480914689876776
90.8431,90.8431,425.0,361.35919156858455,264.7995283725973,39.620808431415455
90.8626,90.8626,414.0,360.79442527338983,264.79330347744315,29.185574726610167
90.882,90.882,418.0,360.0488531066601,264.7871007412795,33.931146893339914
90.9015,90.9015,418.0,359.12500811305324,264.7808562183728,34.85499188694676
90.9209,90.9209,448.0,358.04269784588854,264.77463395511177,65.93730215411146
90.9404,90.9404,422.0,356.80038526774945,264.7683698044525,41.179614732250556
90.9598,90.9598,430.0,355.421718658931,264.76212801409406,50.55828134106899
90.9793,90.9793,474.0,353.90381816352834,264.7558442356823,96.07618183647166
90.9988,90.9988,499.0,352.2656789699966,264.7495506181658,122.7143210300034
91.0182,91.0182,456.0,350.5261473252943,264.74327951206226,81.45385267470571
91.0377,91.0377,454.0,348.68054260452584,264.73696626679316,81.29945739547416
91.0571,91.0571,469.0,346.7601684162473,264.7306756335922,98.21983158375268
91.0766,91.0766,474.0,344.75638223662395,264.7243427605707,105.22361776337605
91.096,91.096,452.0,342.7027872623683,264.71803260027235,85.2772127376317
91.1155,91.1155,432.0,340.5916405322964,264.71168009949827,67.38835946770358
91.135,91.135,466.0,338.4441562097371,264.70531775961945,103.53584379026289
91.1544,91.1544,429.0,336.28425707750023,264.69897828357597,68.69574292249978
91.1739,91.1739,453.0,334.1022018121989,264.6925963159446,94.87779818780108
91.1933,91.1933,423.0,331.9308397987778,264.6862373128037,67.0491602012222
91.2128,91.2128,424.0,329.7574851218964,264.6798357174199,70.22251487810358
91.2322,91.2322,426.0,327.6150935846381,264.6734571871816,74.36490641536192
91.2517,91.2517,397.0,325.4883741125271,264.6670359640452,47.49162588747292
91.2712,91.2712,437.0,323.3967748747123,264.6606049018041,89.58322512528768
91.2906,91.2906,399.0,321.3573517768543,264.6541970558207,53.62264822314573
91.3101,91.3101,376.0,319.3547022255718,264.64774636582706,32.62529777442818
91.3295,91.3295,390.0,317.4126096593709,264.6413189927463,48.5673903406291
91.349,91.349,358.0,315.5156549595476,264.6348486750001,18.46434504045241
91.3684,91.3684,382.0,313.68639144568385,264.62840177482195,44.29360855431615
91.3879,91.3879,375.0,311.9064806519254,264.62191182932327,39.07351934807461
91.4074,91.4074,366.0,310.18741374872207,264.61541204471985,31.792586251277935
91.4268,91.4268,374.0,308.5383200722545,264.60893582879646,41.44167992774548
91.4463,91.4463,361.0,306.9422889258988,264.6024164164406,30.03771107410118
91.4657,91.4657,349.0,305.41447674136253,264.5959206734198,19.565523258637466
91.4852,91.4852,321.0,303.9395196182974,264.58938163331135,-6.959519618297424
91.5046,91.5046,345.0,302.5307552141689,264.58286636319326,18.44924478583111
91.5241,91.5241,352.0,301.1723100454057,264.5763076953323,26.80768995459429
91.5436,91.5436,337.0,299.87024993411785,264.56973918836655,13.10975006588215
91.563,91.563,321.0,298.6296187031819,264.56319460250324,-1.649618703181904
91.5825,91.5825,333.0,297.4348840108222,264.55660646778506,11.545115989177798
91.6019,91.6019,350.0,296.29679480537266,264.55004235482437,29.683205194627345
91.6214,91.6214,322.0,295.2022507705642,264.5434345923536,2.777749229435795
91.6408,91.6408,337.0,294.160021944396,264.53685095229554,18.81997805560398
91.6603,91.6603,319.0,293.15743189784956,264.5302235620723,1.8225681021504379
91.6798,91.6798,308.0,292.1981948739968,264.5235863327443,-8.218194873996783
91.6992,91.6992,286.0,291.28536087772244,264.51697337694105,-29.30536087772244
91.7187,91.7187,305.0,290.4069891004247,264.5103165198605,-9.42698910042471
91.7381,91.7381,303.0,289.57076118547735,264.50368403695995,-10.590761185477351
91.7576,91.7576,312.0,288.76631038838184,264.4970075521269,-0.786310388381839
91.777,91.777,290.0,287.99983199151905,264.4903555421289,-22.019831991519045
91.7965,91.7965,280.0,287.26220539945473,264.4836594295433,-31.282205399454728
91.816,91.816,305.0,286.5559735647213,264.47695347785304,-5.575973564721284
91.8354,91.8354,312.0,285.8827981433753,264.4702721521099,2.097201856624718
91.8549,91.8549,312.0,285.2343018915577,264.46354657266704,2.74569810844228
91.8743,91.8743,303.0,284.6159526791447,264.45684571982656,-5.635952679144697
91.8938,91.8938,274.0,284.02008207284115,264.4501005126312,-34.040082072841145
91.9132,91.9132,279.0,283.4512863582221,264.4433801326933,-28.47128635822209
91.9327,91.9327,285.0,282.9029402359346,264.4366152977454,-21.92294023593458
91.9521,91.9521,277.0,282.379310146158,264.42987539071015,-29.39931014615799
91.9716,91.9716,301.0,281.8739183021117,264.42309092800974,-4.89391830211169
91.9911,91.9911,289.0,281.38858265052045,264.4162966262046,-16.408582650520447
92.0105,92.0105,284.0,280.92486619279543,264.40952740342414,-20.944866192795434
92.03,92.03,304.0,280.4767215985335,264.4027134738665,-0.49672159853351516
92.0494,92.0494,310.0,280.0480288406815,264.3959247239886,5.931971159318476
92.0689,92.0689,305.0,279.63374340866767,264.3890911666785,1.346256591332331
92.0883,92.0883,297.0,279.2371660355419,264.3822828897033,-6.257166035541918
92.1078,92.1078,289.0,278.8534587815072,264.37542970464057,-13.873458781507185
92.1273,92.1273,281.0,278.4840645361561,264.3685666804731,-21.504064536156097
92.1467,92.1467,267.0,278.1302471192048,264.36172908775274,-35.15024711920479
92.1662,92.1662,270.0,277.78746974718104,264.3548464358328,-31.807469747181035
92.1856,92.1856,255.0,277.4588297080306,264.34798931601506,-46.478829708030574
92.2051,92.2051,282.0,277.14039121487247,264.34108703634257,-19.160391214872465
92.2245,92.2245,268.0,276.8347296020788,264.3342103894275,-32.85472960207882
92.244,92.244,302.0,276.53834849526095,264.3272884820025,1.4416515047390526
92.2635,92.2635,282.0,276.25239681396,264.3203567354727,-18.27239681395999
92.2829,92.2829,301.0,275.9777271021538,264.3134507728124,1.0022728978462219
92.3024,92.3024,251.0,275.71106329588906,264.30649939853015,-48.73106329588906
92.3218,92.3218,231.0,275.4547991441502,264.2995739087725,-68.47479914415017
92.3413,92.3413,272.0,275.2059245597526,264.2926029067377,-27.22592455975259
92.3607,92.3607,267.0,274.9664918270669,264.2856578898826,-31.986491827066875
92.3802,92.3802,264.0,274.7338600059833,264.27866726009535,-34.75386000598327
92.3997,92.3997,273.0,274.5088830909032,264.2716667912033,-25.528883090903225
92.4191,92.4191,287.0,274.29224776712675,264.26469245860307,-11.312247767126753
92.4386,92.4386,284.0,274.08153722196374,264.2576723619585,-14.101537221963742
92.458,92.458,268.0,273.8786776011789,264.25067850226094,-29.89867760117888
92.4775,92.4775,278.0,273.6811603895566,264.24363877786385,-19.701160389556623
92.4969,92.4969,281.0,273.49080847868794,264.2366253910688,-16.510808478687938
92.5164,92.5164,289.0,273.30549911036445,264.22956603891924,-8.32549911036445
92.5359,92.5359,265.0,273.12594556014625,264.22249684766496,-32.145945560146245
92.5553,92.5553,281.0,272.9527259914911,264.21545414512474,-15.972725991491092
92.5748,92.5748,274.0,272.78393570066066,264.20836532611787,-22.803935700660663
92.5942,92.5942,279.0,272.62114462283665,264.2013030964804,-17.641144622836652
92.6137,92.6137,279.0,272.46236413459536,264.194194649721,-17.48236413459536
92.6331,92.6331,254.0,272.30911709557233,264.187112892986,-42.32911709557233
92.6526,92.6526,279.0,272.15966259402154,264.17998481847417,-17.17966259402154
92.6721,92.6721,259.0,272.0145696634716,264.1728469048575,-37.0345696634716
92.6915,92.6915,291.0,271.8744168476371,264.16573583237744,-4.894416847637121
92.711,92.711,291.0,271.7376694249144,264.15857829100827,-4.757669424914372
92.7304,92.7304,284.0,271.6055369515173,264.1514476914308,-11.625536951517308
92.7499,92.7499,273.0,271.47650540396256,264.14427052230917,-22.496505403962562
92.7693,92.7693,263.0,271.3518006637851,264.13712039563427,-32.37180066378512
92.7888,92.7888,294.0,271.23002541747314,264.1299235987601,-1.250025417473143
92.8083,92.8083,260.0,271.11165482419284,264.12271696278117,-35.131654824192836
92.8277,92.8277,279.0,270.99719970932614,264.11553752036116,-16.01719970932614
92.8472,92.8472,295.0,270.885384668017,264.1083112566297,0.09461533198297545
92.8666,92.8666,258.0,270.7771861117983,264.1011122871123,-36.7971861117983
92.8861,92.8861,271.0,270.6714481181333,264.0938663956283,-23.691448118133298
92.9055,92.9055,258.0,270.5691834960802,264.08664789901354,-36.589183496080196
92.925,92.925,286.0,270.46917411895305,264.0793823797771,-8.489174118953049
92.9445,92.9445,270.0,270.3719054071831,264.07210702143584,-24.391905407183078
92.9639,92.9639,276.0,270.2777776426559,264.0648592090759,-18.297777642655905
92.9834,92.9834,294.0,270.18575404132105,264.05756422298214,-0.2057540413210468
93.0028,93.0028,282.0,270.0966490296849,264.0502968835248,-12.116649029684897
93.0223,93.0223,277.0,270.0095172090885,264.04298226967853,-17.02951720908847
93.0417,93.0417,260.0,269.9252024672208,264.03569540312384,-33.945202467220795
93.0612,93.0612,290.0,269.8427098072327,264.028361161525,-3.862709807232722
93.0807,93.0807,266.0,269.76244628236185,264.02101708082154,-27.78244628236185
93.1001,93.1001,274.0,269.6847726424449,264.0137008985216,-19.704772642444897
93.1196,93.1196,251.0,269.608776005976,264.0063371900656,-42.62877600597598
93.139,93.139,292.0,269.5352001635991,263.9990014806683,-1.5552001635990855
93.1585,93.1585,248.0,269.46326103956847,263.9916181444597,-45.48326103956846
93.1779,93.1779,253.0,269.3936270605625,263.98426290796516,-40.41362706056249
93.1974,93.1974,288.0,269.3255186885209,263.97685994400405,-5.345518688520901
93.2169,93.2169,271.0,269.2592665854208,263.9694471409382,-22.27926658542079
93.2363,93.2363,270.0,269.19517275466626,263.96206258869836,-23.21517275466626
93.2558,93.2558,267.0,269.13249131299085,263.95463015788005,-26.15249131299085
93.2752,93.2752,297.0,269.0718498842449,263.9472260785429,3.9081501157551024
93.2947,93.2947,310.0,269.0125982340134,263.939774019972,16.96740176598659
93.3141,93.3141,253.0,268.9552647750405,263.9323504135374,-39.975264775040515
93.3336,93.3336,275.0,268.89925912393164,263.92487872721404,-17.919259123931642
93.3531,93.3531,294.0,268.84484720147253,263.9173972017859,1.1351527985274679
93.3725,93.3725,270.0,268.7922587082391,263.9099442796061,-22.812258708239103
93.392,93.392,269.0,268.7409102923571,263.9024431264255,-23.760910292357114
93.4114,93.4114,278.0,268.6913103497145,263.8949706771484,-14.711310349714513
93.4309,93.4309,276.0,268.6429336582506,263.88744989621523,-16.662933658250626
93.4503,93.4503,251.0,268.59621918185354,263.8799579198407,-41.61621918185354
93.4698,93.4698,246.0,268.5506845094022,263.872417511155,-46.57068450940217
93.4893,93.4893,279.0,268.5065524314323,263.86486726336466,-13.526552431432282
93.5087,93.5087,278.0,268.4640150140951,263.85734597124497,-14.484015014095082
93.5282,93.5282,240.0,268.4226029577091,263.849776095702,-52.4426029577091
93.5476,93.5476,331.0,268.3827424716405,263.842235276485,38.59725752835952
93.5671,93.5671,255.0,268.343980505879,263.8346457731895,-37.36398050587901
93.5865,93.5865,268.0,268.30670833489603,263.82708542687504,-24.32670833489603
93.606,93.606,280.0,268.2705363778898,263.8194762958271,-12.290536377889811
93.6255,93.6255,285.0,268.23564750841166,263.8118573256744,-7.255647508411659
93.6449,93.6449,258.0,268.20217743911206,263.8042676636148,-34.22217743911206
93.6644,93.6644,289.0,268.1697860126663,263.7966290657095,-3.1897860126662927
93.6838,93.6838,277.0,268.13880201428054,263.7890198765525,-15.158802014280543
93.7033,93.7033,270.0,268.1088787993939,263.7813616508948,-22.128878799393892
93.7227,93.7227,269.0,268.08032293851517,263.7737329346404,-23.100322938515166
93.7422,93.7422,242.0,268.0528482483165,263.76605508123015,-50.072848248316475
93.7617,93.7617,283.0,268.0265724039353,263.7583673887151,-9.04657240393529
93.7811,93.7811,246.0,268.001630957133,263.7507093567156,-46.021630957132984
93.8006,93.8006,256.0,267.9777653557121,263.74300203644805,-35.997765355712104
93.82,93.82,288.0,267.95522265222746,263.7353244773511,-3.975222652227462
93.8395,93.8395,285.0,267.93375701599234,263.7275975293311,-6.953757015992341
93.8589,93.8589,259.0,267.91359204327676,263.7199004431368,-32.93359204327676
93.8784,93.8784,289.0,267.8945348984475,263.71215386736424,-2.9145348984474886
93.8979,93.8979,304.0,267.8766772301399,263.7043974524869,12.103322769860124
93.9173,93.9173,283.0,267.8601123180681,263.6966710505475,-8.880112318068104
93.9368,93.9368,293.0,267.8446734221391,263.6888950079176,1.1353265778608765
93.9562,93.9562,266.0,267.8305353032277,263.68114907888076,-25.85053530322769
93.9757,93.9757,290.0,267.817545772775,263.6733534084984,-1.8375457727750195
93.9951,93.9951,284.0,267.805854315369,263.6655879523642,-7.8258543153690034
94.0146,94.0146,253.0,267.7953475303889,263.6577726542293,-38.81534753038888
94.0341,94.0341,285.0,267.7861021214158,263.6499475169897,-6.806102121415808
94.0535,94.0535,258.0,267.77816392067416,263.64215274511025,-33.798163920674156
94.073,94.073,241.0,267.77148085463494,263.6343079801182,-50.79148085463494
94.0924,94.0924,301.0,267.7661223240233,263.6264936811414,9.213877675976715
94.1119,94.1119,282.0,267.76205557350875,263.61862928839673,-9.782055573508746
94.1313,94.1313,282.0,267.7593391784683,263.61079546232264,-9.77933917846828
94.1508,94.1508,285.0,267.75796985885387,263.6029114418254,-6.777969858853869
94.1703,94.1703,293.0,267.7579857146562,263.5950175822235,1.2220142853438283
94.1897,94.1897,263.0,267.75940087802303,263.58715444040416,-28.77940087802303
94.2092,94.2092,289.0,267.76224946871287,263.5792409530498,-2.782249468712866
94.2286,94.2286,271.0,267.76654186852966,263.57135828413305,-20.786541868529657
94.2481,94.2481,286.0,267.77233408596453,263.5634251690261,-5.79233408596453
94.2675,94.2675,286.0,267.7796240202535,263.555522973012,-5.799624020253493
94.287,94.287,294.0,267.78850285943605,263.54757023015253,2.19149714056395
94.3065,94.3065,290.0,267.7989768056259,263.53960764818834,-1.8189768056258977
94.3259,94.3259,265.0,267.8110106921315,263.53167613642904,-26.831010692131503
94.3454,94.3454,284.0,267.82478494515595,263.5236939267123,-7.844784945155954
94.3648,94.3648,263.0,267.84019677365507,263.5157428878557,-28.860196773655066
94.3843,94.3843,277.0,267.8574318368001,263.50774105038647,-14.877431836800117
94.4037,94.4037,281.0,267.8763954780591,263.4997704844324,-10.896395478059123
94.4232,94.4232,278.0,267.897313569091,263.49174901921066,-13.91731356909101
94.4427,94.4427,280.0,267.9201358527527,263.48371771488416,-11.940135852752707
94.4621,94.4621,288.0,267.94482415471583,263.475717833185,-3.9648241547158314
94.4816,94.4816,291.0,267.9716699843175,263.46766690110593,-0.9916699843174861
94.501,94.501,271.0,268.0004529905187,263.45964749230944,-21.02045299051868
94.5205,94.5205,267.0,268.03156464365077,263.45157693247785,-25.051564643650767
94.5399,94.5399,291.0,268.064750928415,263.4435379965839,-1.08475092841498
94.5594,94.5594,267.0,268.10042006590294,263.4354478089998,-25.120420065902938
94.5789,94.5789,267.0,268.13847004329875,263.427347782311,-25.158470043298752
94.5983,94.5983,261.0,268.17881896160293,263.41927953067193,-31.198818961602928
94.6178,94.6178,300.0,268.22194388199586,263.41115987623056,7.758056118004145
94.6372,94.6372,253.0,268.267487271936,263.40307209749415,-39.28748727193597
94.6567,94.6567,287.0,268.3160354986366,263.39493281530025,-5.336035498636608
94.6761,94.6761,281.0,268.367206625691,263.3868255094664,-11.387206625690983
94.6956,94.6956,251.0,268.42158889657657,263.37866659952,-41.44158889657656
94.715,94.715,281.0,268.47880662545117,263.37053976658876,-11.49880662545117
94.7345,94.7345,289.0,268.53953772630797,263.3623612288899,-3.559537726307969
94.754,94.754,251.0,268.6036301294625,263.3541728520862,-41.623630129462484
94.7734,94.7734,266.0,268.67083636707474,263.3460167034098,-26.69083636707474
94.7929,94.7929,275.0,268.7420504209697,263.3378086988537,-17.76205042096969
94.8123,94.8123,279.0,268.81667564875073,263.3296330230799,-13.836675648750731
94.8318,94.8318,261.0,268.89558336322256,263.3214053907712,-31.915583363222556
94.8512,94.8512,291.0,268.9782181685093,263.31321018790004,-1.998218168509272
94.8707,94.8707,291.0,269.0655641649418,263.30496292783886,-2.085564164941804
94.8902,94.8902,275.0,269.1573537691211,263.29670582867294,-18.177353769121073
94.9096,94.9096,264.0,269.2533655046815,263.28848131005657,-29.273365504681482
94.9291,94.9291,249.0,269.3547425554248,263.2802045831381,-44.37474255542482
94.9485,94.9485,277.0,269.4606293278379,263.27196053742443,-16.48062932783792
94.968,94.968,273.0,269.5724004470419,263.2636641827534,-20.5924004470419
94.9874,94.9874,273.0,269.68914731016605,263.2554006099423,-20.70914731016605
95.0069,95.0069,279.0,269.8122791348345,263.24708462751886,-14.832279134834511
95.0264,95.0264,271.0,269.94142589442805,263.2387588059906,-22.96142589442805
95.0458,95.0458,286.0,270.0762642476874,263.2304659174343,-8.09626424768739
95.0653,95.0653,265.0,270.21840223170693,263.22212046815355,-29.23840223170693
95.0847,95.0847,298.0,270.36662913963835,263.2138080524999,3.613370860361652
95.1042,95.1042,288.0,270.52285535118034,263.20544297546667,-6.542855351180339
95.1236,95.1236,262.0,270.68579593160337,263.1971110327156,-32.70579593160336
95.1431,95.1431,295.0,270.85732696132345,263.18872632792977,0.12267303867654888
95.1626,95.1626,281.0,271.03713650524406,263.1803317840393,-14.057136505244063
95.182,95.182,258.0,271.2245057771325,263.1719705255431,-37.24450577713249
95.2015,95.2015,308.0,271.42171916746895,263.16355635390005,12.55828083253105
95.2209,95.2209,260.0,271.62703044429486,263.1551755683065,-35.647030444294856
95.2404,95.2404,283.0,271.84308451608354,263.1467417689109,-12.863084516083536
95.2598,95.2598,280.0,272.0679791995554,263.1383414562199,-16.087979199555395
95.2793,95.2793,264.0,272.3042435860738,263.1298880290718,-32.32424358607382
95.2988,95.2988,271.0,272.5513027056107,263.121424762819,-25.57130270561068
95.3182,95.3182,293.0,272.8081512406819,263.11299513438286,-3.8281512406819225
95.3377,95.3377,306.0,273.07757154787225,263.1045122403775,8.902428452127747
95.3571,95.3571,270.0,273.35738259619615,263.096063084844,-27.377382596196146
95.3766,95.3766,292.0,273.6506431943667,263.0875605630862,-5.6706431943666935
95.396,95.396,284.0,273.9545178471797,263.0790918804553,-13.974517847179715
95.4155,95.4155,290.0,274.2725064342999,263.07056973094484,-8.292506434299884
95.435,95.435,284.0,274.60321375252755,263.0620377423297,-14.623213752527551
95.4544,95.4544,260.0,274.9449581322027,263.0535397439537,-38.96495813220271
95.4739,95.4739,299.0,275.30104547162273,263.044988127586,-0.32104547162272823
95.4933,95.4933,305.0,275.66808980351857,263.03647060211256,5.311910196481431
95.5128,95.5128,245.0,276.0495356373242,263.0278993579924,-55.06953563732419
95.5322,95.5322,301.0,276.4410561425037,263.0193623054216,0.5389438574962746
95.5517,95.5517,271.0,276.8464011822539,263.0107714335489,-29.866401182253885
95.5712,95.5712,260.0,277.26294734321704,263.00217072257146,-41.28294734321703
95.5906,95.5906,292.0,277.687505671982,262.9936043542555,-9.707505671982023
95.6101,95.6101,247.0,278.1236870387662,262.9849840155255,-55.1436870387662
95.6295,95.6295,238.0,278.5656786021828,262.9763981201122,-64.5856786021828
95.649,95.649,280.0,279.01657899701917,262.9677581536297,-23.036578997019166
95.6684,95.6684,265.0,279.46989009583297,262.959152731119,-38.48989009583296
95.6879,95.6879,292.0,279.9286793617734,262.950493136884,-11.94867936177339
95.7074,95.7074,268.0,280.388227423509,262.94182370354423,-36.40822742350902
95.7268,95.7268,292.0,280.8436045978967,262.9331889652883,-12.863604597896671
95.7463,95.7463,294.0,281.29696678263747,262.92449990419607,-11.316966782637468
95.7657,95.7657,260.0,281.7408484994884,262.91584563884277,-45.760848499488375
95.7852,95.7852,265.0,282.17642254496656,262.907136949998,-41.19642254496655
95.8046,95.8046,262.0,282.5963549570974,262.8984631575474,-44.616354957097386
95.8241,95.8241,279.0,283.00157557387587,262.88973484095004,-28.021575573875868
95.8436,95.8436,290.0,283.38654147111475,262.880996685248,-17.406541471114753
95.863,95.863,252.0,283.74605933531484,262.8722935770522,-55.766059335314836
95.8825,95.8825,293.0,284.0810055920223,262.86353579359763,-15.101005592022279
95.9019,95.9019,329.0,284.3849333827395,262.8548131583044,20.595066617260482
95.9214,95.9214,295.0,284.65821343569894,262.84603574709735,-13.67821343569894
95.9408,95.9408,295.0,284.895840637653,262.83729358470674,-13.915840637653009
95.9603,95.9603,281.0,285.09839417672356,262.82849654574716,-28.11839417672356
95.9798,95.9798,274.0,285.2630006748334,262.81968966768284,-35.28300067483339
95.9992,95.9992,269.0,285.38801645798526,262.81091818954707,-40.408016457985255
96.0187,96.0187,284.0,285.47422659950877,262.80209168373017,-25.494226599508767
96.0381,96.0381,293.0,285.52058043531497,262.7933006784971,-16.54058043531497
96.0576,96.0576,321.0,285.5276590085951,262.7844545449277,11.452340991404906
96.077,96.077,272.0,285.49594025563835,262.7756440125971,-37.51594025563834
96.0965,96.0965,285.0,285.42616316404195,262.7667782512753,-24.446163164041952
96.116,96.116,306.0,285.31959592089805,262.7579026508487,-3.339595920898052
96.1354,96.1354,308.0,285.17810560467007,262.7490628027729,-1.198105604670065
96.1549,96.1549,292.0,285.0020321601271,262.7401675745938,-17.0220321601271
96.1743,96.1743,314.0,284.79485689267335,262.73130819942077,5.185143107326649
96.1938,96.1938,313.0,284.55586551368077,262.72239334348905,4.424134486319229
96.2132,96.2132,291.0,284.28946773470125,262.7135144412186,-17.309467734701247
96.2327,96.2327,304.0,283.9949466456485,262.7045799575344,-4.014946645648497
96.2522,96.2522,300.0,283.6751105795359,262.6956356347455,-7.695110579535896
96.2716,96.2716,300.0,283.333829602586,262.68672741672987,-7.353829602585979
96.2911,96.2911,277.0,282.9696549658319,262.67776346618837,-29.98965496583192
96.3105,96.3105,284.0,282.588407163903,262.6688357210754,-22.608407163903014
96.33,96.33,328.0,282.18793027332265,262.65985214278146,21.79206972667735
96.3494,96.3494,279.0,281.7744915461365,262.650904870571,-26.794491546136516
96.3689,96.3689,318.0,281.34622617173807,262.64190166452454,12.633773828261933
96.3884,96.3884,317.0,280.90703491499926,262.6328886193733,12.072965085000742
96.4078,96.4078,299.0,280.4614094568931,262.6239120314178,-5.481409456893079
96.4273,96.4273,274.0,280.0070227330373,262.61487935851403,-30.027022733037274
96.4467,96.4467,315.0,279.5507085439599,262.60588324346105,11.4292914560401
96.4662,96.4662,316.0,279.0894200218881,262.59683094280484,12.890579978111912
96.4856,96.4856,287.0,278.6300517456599,262.58781530065454,-15.650051745659898
96.5051,96.5051,302.0,278.16946770417235,262.5787433722457,-0.1894677041723476
96.5246,96.5246,269.0,277.71189236353547,262.5696616047322,-32.731892363535465
96.544,96.544,304.0,277.26094496577906,262.5606166468367,2.71905503422094
96.5635,96.5635,316.0,276.81366358908497,262.55151525157066,15.166336410915033
96.5829,96.5829,313.0,276.37556389743173,262.5424507665778,12.604436102568268
96.6024,96.6024,295.0,275.94323359773233,262.5333297435592,-4.96323359773233
96.6218,96.6218,312.0,275.5221055575969,262.524245731469,12.457894442403113
96.6413,96.6413,293.0,275.1085298530014,262.5151050806979,-6.128529853001414
96.6608,96.6608,289.0,274.7051962698253,262.50595459082206,-9.725196269825307
96.6802,96.6802,303.0,274.3147016550272,262.4968412629867,4.665298344972808
96.6997,96.6997,305.0,273.93325209610816,262.4876711453583,7.046747903891838
96.7191,96.7191,284.0,273.56508829181064,262.47853829042555,-13.585088291810639
96.7386,96.7386,293.0,273.2064650748039,262.4693485450446,-4.226465074803873
96.758,96.758,309.0,272.8612730154977,262.46019616301453,12.118726984502285
96.7775,96.7775,326.0,272.525665534161,262.4509867898811,29.45433446583898
96.797,96.797,264.0,272.2014878197379,262.44176757764296,-32.2214878197379
96.8164,96.8164,284.0,271.89020238971466,262.43258587986764,-11.910202389714659
96.8359,96.8359,259.0,271.58839281704815,262.423347039877,-36.60839281704814
96.8553,96.8553,305.0,271.2987862201347,262.4141458150043,9.681213779865327
96.8748,96.8748,276.0,271.0182753514186,262.4048873472611,-19.038275351418594
96.8942,96.8942,274.0,270.74951419718207,262.39566659529106,-20.769514197182065
96.9137,96.9137,266.0,270.489227917847,262.3863884997953,-28.509227917847017
96.9332,96.9332,302.0,270.238611881836,262.3771005651949,7.741388118164007
96.9526,96.9526,279.0,269.99858260843894,262.3678504974796,-15.018582608438937
96.9721,96.9721,292.0,269.76632621602016,262.35854293512665,-1.7863262160201607
96.9915,96.9915,288.0,269.54379569775193,262.349273340314,-5.563795697751932
97.011,97.011,276.0,269.32852647237286,262.33994615020856,-17.348526472372857
97.0304,97.0304,310.0,269.12229728204153,262.3306570282985,16.85770271795847
97.0499,97.0499,292.0,268.9226648129721,262.3213102104406,-0.9426648129720725
97.0694,97.0694,271.0,268.73042244162684,262.31195355347785,-21.750422441626842
97.0888,97.0888,261.0,268.54626070523557,262.3026351158226,-31.566260705235567
97.1083,97.1083,276.0,268.3678494834045,262.2932588311074,-16.387849483404484
97.1277,97.1277,278.0,268.19682222107633,262.28392086635483,-14.216822221076331
97.1472,97.1472,271.0,268.03109401368636,262.27452495388707,-21.051094013686356
97.1666,97.1666,283.0,267.8721382798647,262.2651674620371,-8.892138279864714
97.1861,97.1861,271.0,267.7180200341604,262.2557519218168,-20.738020034160417
97.2056,97.2056,307.0,267.5693790241272,262.2463265424918,15.410620975872785
97.225,97.225,246.0,267.42664358911725,262.2369397348967,-45.446643589117244
97.2445,97.2445,289.0,267.2881176462082,262.2274947278191,-2.3081176462082063
97.2639,97.2639,278.0,267.15503858271956,262.2180883931266,-13.175038582719555
97.2834,97.2834,276.0,267.0258190235559,262.20862375829654,-15.045819023555925
97.3028,97.3028,243.0,266.90153273766094,262.19919789650663,-47.92153273766094
97.3223,97.3223,280.0,266.7807652744285,262.18971363392404,-10.800765274428517
97.3418,97.3418,267.0,266.6639999031048,262.1802195322368,-23.68399990310481
97.3612,97.3612,282.0,266.5515842885293,262.1707643547017,-8.571584288529284
97.3807,97.3807,288.0,266.4422022933902,262.16125062526186,-2.4622022933902095
97.4001,97.4001,271.0,266.33684462222476,262.1517759206294,-19.35684462222476
97.4196,97.4196,258.0,266.234266520221,262.1422425634371,-32.25426652022101
97.439,97.439,271.0,266.1353394416546,262.13274833170726,-19.155339441654593
97.4585,97.4585,285.0,266.03897316031714,262.1231953467624,-5.058973160317141
97.478,97.478,300.0,265.94551780900616,262.1136325227127,10.034482190993838
97.4974,97.4974,282.0,265.85528165755727,262.10410897523775,-7.87528165755727
97.5169,97.5169,310.0,265.76725552538227,262.0945265234356,20.212744474617732
97.5363,97.5363,272.0,265.6822503599588,262.0849834488632,-17.7022503599588
97.5558,97.5558,233.0,265.5992242390247,262.07538136930856,-56.61922423902469
97.5752,97.5752,287.0,265.51896805144884,262.06581876763886,-2.538968051448837
97.5947,97.5947,278.0,265.440535546197,262.05619706033167,-11.460535546196997
97.6141,97.6141,273.0,265.3646583110019,262.04661493156453,-16.384658311001903
97.6336,97.6336,281.0,265.2904507914855,262.0369735965048,-8.310450791485511
97.6531,97.6531,255.0,265.218248860987,262.0273224223404,-34.238248860986985
97.6725,97.6725,257.0,265.14830217106703,262.0177109778281,-32.168302171067026
97.692,97.692,268.0,265.07981641404547,262.0080401759111,-21.099816414045467
97.7114,97.7114,262.0,265.01343729388196,261.9984092043015,-27.033437293881963
97.7309,97.7309,290.0,264.9484070369068,261.988718774632,1.0315929630931855
97.7503,97.7503,272.0,264.8853039118997,261.97906827592493,-16.90530391189971
97.7698,97.7698,287.0,264.82343972061796,261.9693582185029,-1.8434397206179547
97.7893,97.7893,263.0,264.76309186676536,261.9596383219762,-25.783091866765364
97.8087,97.8087,257.0,264.7044765670201,261.94995850752395,-31.724476567020094
97.8282,97.8282,270.0,264.64694037360636,261.9402189832447,-18.666940373606355
97.8476,97.8476,280.0,264.59103386037145,261.9305196416951,-8.611033860371453
97.8671,97.8671,289.0,264.5361242066555,261.92076048966334,0.4438757933445281
97.8865,97.8865,266.0,264.48271134106176,261.91104162101635,-22.502711341061758
97.906,97.906,260.0,264.43023017967147,261.901262841232,-28.45023017967147
97.9255,97.9255,288.0,264.37889686557526,261.891474222343,-0.3988968655752565
97.9449,97.9449,278.0,264.32891179467083,261.88172603795084,-10.34891179467083
97.9644,97.9644,281.0,264.27973986923604,261.8719177913093,-7.2997398692360385
97.9838,97.9838,283.0,264.2318561970437,261.86215007981974,-5.251856197043725
98.0033,98.0033,271.0,264.18470210051606,261.8523222054257,-17.204702100516062
98.0227,98.0227,253.0,264.1387461152298,261.84253496683874,-35.15874611522982
98.0422,98.0422,240.0,264.09347029196783,261.8326874646921,-48.11347029196783
98.0617,98.0617,297.0,264.0490946858372,261.8228301234408,8.93090531416281
98.0811,98.0811,263.0,264.00579031309223,261.81301356910876,-25.025790313092234
98.1006,98.1006,279.0,263.9631059009777,261.8031366001049,-8.983105900977723
98.12,98.12,276.0,263.92143294860944,261.7933005186754,-11.941432948609435
98.1395,98.1395,276.0,263.88031671431287,261.783403921919,-11.900316714312869
98.1589,98.1589,273.0,263.840161588575,261.7735483133922,-14.860161588574972
98.1784,98.1784,273.0,263.80052539045283,261.7636320888833,-14.820525390452833
98.1979,98.1979,284.0,263.7615846523156,261.75370602526965,-3.7815846523156047
98.2173,98.2173,264.0,263.72351417399307,261.74382110099765,-23.743514173993066
98.2368,98.2368,246.0,263.68591395892224,261.7338754096315,-41.70591395892224
98.2562,98.2562,245.0,263.6491326093065,261.7239709582621,-42.66913260930649
98.2757,98.2757,258.0,263.6127725279208,261.7140056391434,-29.63277252792081
98.2951,98.2951,287.0,263.57720020228066,261.70408166067665,-0.5972002022806642
98.3146,98.3146,277.0,263.5420101647861,261.69409671380544,-10.56201016478612
98.3341,98.3341,281.0,263.50737899003644,261.6841019278295,-6.527378990036443
98.3535,98.3535,264.0,263.4734664260714,261.67414863361756,-23.49346642607141
98.373,98.373,282.0,263.43990400821417,261.66413421988915,-5.4599040082141705
98.3924,98.3924,282.0,263.407010155379,261.6541613985798,-5.427010155378998
98.4119,98.4119,280.0,263.3744415734445,261.6441273570988,-7.394441573444528
98.4313,98.4313,285.0,263.34252257387755,261.63413500869217,-2.362522573877545
98.4508,98.4508,270.0,263.3108932278959,261.62408133945866,-17.330893227895917
98.4703,98.4703,261.0,263.2797135491429,261.6140178311204,-26.29971354914291
98.4897,98.4897,277.0,263.2491302947944,261.6039961669685,-10.269130294794383
98.5092,98.5092,288.0,263.2188127945463,261.5939130308778,0.7611872054537052
98.5286,98.5286,261.0,263.18905196000367,261.58387183962856,-26.209051960003666
98.5481,98.5481,300.0,263.1595434480632,261.5737690757852,12.820456551936825
98.5675,98.5675,293.0,263.13056755876136,261.5637083574386,5.849432441238644
98.587,98.587,272.0,263.1018156879586,261.55358596584284,-15.121815687958605
98.6065,98.6065,278.0,263.0734293927203,261.5434537351423,-9.0934293927203
98.6259,98.6259,289.0,263.0455479659036,261.53336370105046,1.9344520340963918
98.6454,98.6454,252.0,263.01786017591104,261.5232118425974,-35.037860175911035
98.6648,98.6648,285.0,262.9906452874629,261.5131022814083,-2.010645287462882
98.6843,98.6843,288.0,262.96362294511783,261.5029307952027,1.0163770548821667
98.7037,98.7037,309.0,262.9370492324683,261.4928017069161,22.042950767531675
98.7232,98.7232,279.0,262.9106451639907,261.48261059295805,-7.930645163990693
98.7427,98.7427,273.0,262.88454555930923,261.4724096398952,-13.90454555930923
98.7621,98.7621,283.0,262.8588662477263,261.46225123586345,-3.878866247726325
98.7816,98.7816,231.0,262.83333615062656,261.4520306550481,-55.85333615062656
98.801,98.801,251.0,262.80821324928513,261.44185272391906,-35.82821324928513
98.8205,98.8205,262.0,262.78322985035976,261.43161251535116,-24.80322985035976
98.8399,98.8399,236.0,262.7586292996998,261.42141505712465,-50.7786292996998
98.8594,98.8594,275.0,262.7341577112042,261.41115522080423,-11.754157711204204
98.8789,98.8789,317.0,262.7099380060347,261.40088554537914,30.27006199396531
98.8983,98.8983,258.0,262.6860795614797,261.39065877140746,-28.706079561479687
98.9178,98.9178,288.0,262.6623314896564,261.3803694682298,1.3176685103435766
98.9372,98.9372,258.0,262.6389351590876,261.3701231671608,-28.658935159087623
98.9567,98.9567,259.0,262.6156405422533,261.3598142362306,-27.635640542253288
98.9761,98.9761,294.0,262.5926773798731,261.3495484080642,7.387322620126877
98.9956,98.9956,285.0,262.5698123641883,261.3392198493815,-1.589812364188294
99.0151,99.0151,290.0,262.54715317804624,261.3288814515941,3.4328468219537562
99.0345,99.0345,274.0,262.5248058411725,261.3185863076825,-12.544805841172508
99.054,99.054,289.0,262.5025407663151,261.3082282821425,2.477459233684879
99.0734,99.0734,306.0,262.4805841970803,261.29791361113354,19.499415802919696
99.0929,99.0929,282.0,262.45869618657986,261.2875359578411,-4.478696186579857
99.1123,99.1123,290.0,262.4371001874237,261.27720175973474,3.542899812576291
99.1318,99.1318,245.0,262.41557445273577,261.2668044786897,-41.435574452735764
99.1513,99.1513,234.0,262.39422046420395,261.25639735853997,-52.41422046420395
99.1707,99.1707,243.0,262.37314068290976,261.24603384468855,-43.39314068290976
99.1902,99.1902,252.0,262.3521209916247,261.2356070967863,-34.3721209916247
99.2096,99.2096,280.0,262.33136707618075,261.2252240558374,-6.351367076180754
99.2291,99.2291,260.0,262.31066179490625,261.2147776801826,-26.330661794906252
99.2485,99.2485,290.0,262.2902166028382,261.20437511213635,3.6897833971618006
99.268,99.268,282.0,262.26981600366037,261.19390910872903,-4.289816003660366
99.2875,99.2875,282.0,262.2495594553658,261.183433266217,-4.269559455365783
99.3069,99.3069,243.0,262.22954757100524,261.1730013824256,-43.24954757100524
99.3264,99.3264,252.0,262.2095749623394,261.162505912161,-34.229574962339385
99.3458,99.3458,281.0,262.1898384786934,261.1520545012722,-5.2098384786933885
99.3653,99.3653,256.0,262.170131969608,261.1415394032551,-30.190131969608007
99.3847,99.3847,280.0,262.15065694700235,261.1310684652689,-6.170656947002346
99.4042,99.4042,285.0,262.13120871080525,261.1205337394993,-1.1512087108052533
99.4237,99.4237,277.0,262.11188259099436,261.109989174625,-9.131882590994355
99.4431,99.4431,270.0,262.09277726383027,261.0994889208936,-16.11277726383027
99.4626,99.4626,274.0,262.0736921020045,261.0889247282668,-12.093692102004486
99.482,99.482,273.0,262.05481686403635,261.07840494743806,-13.074816864036354
99.5015,99.5015,251.0,262.03595825965147,261.06782112705866,-35.05595825965146
99.5209,99.5209,269.0,262.01730934196735,261.0572818191326,-17.037309341967347
99.5404,99.5404,259.0,261.9986689606993,261.04667837100067,-27.01866896069932
99.5599,99.5599,281.0,261.98013445852797,261.036065083764,-5.00013445852797
99.5793,99.5793,289.0,261.9617993182069,261.0254964600927,3.0182006817931146
99.5988,99.5988,258.0,261.9434699398194,261.01486354510354,-27.963469939819408
99.6182,99.6182,270.0,261.9253307133031,261.0042753943349,-15.945330713303083
99.6377,99.6377,285.0,261.90719737901253,260.9936228515932,-0.9271973790125294
99.6571,99.6571,288.0,261.88924969556496,260.98301517372715,2.090750304435044
99.6766,99.6766,248.0,261.8713009716551,260.972343003233,-37.8913009716551
99.6961,99.6961,281.0,261.8534428349803,260.96166099363404,-4.873442834980285
99.7155,99.7155,284.0,261.83576692156356,260.9510240000228,-1.8557669215635606
99.735,99.735,261.0,261.8180836559555,260.94032236267134,-24.83808365595549
99.7544,99.7544,261.0,261.8005744239037,260.9296658419628,-24.820574423903697
99.7739,99.7739,277.0,261.7830603698204,260.9189445768588,-8.803060369820418
99.7933,99.7933,239.0,261.76571560290114,260.9082685290528,-46.785715602901135
99.8128,99.8128,281.0,261.7483600986819,260.8975276361963,-4.768360098681928
99.8323,99.8323,274.0,261.73108232831174,260.8867769042351,-11.751082328311742
99.8517,99.8517,284.0,261.7139711880049,260.87607154068394,-1.7339711880049045
99.8712,99.8712,256.0,261.69684381152285,260.86530118097016,-29.716843811522853
99.8906,99.8906,273.0,261.6798775796575,260.8545762903217,-12.6998775796575
99.9101,99.9101,272.0,261.6628956283666,260.8437863028554,-13.682895628366584
99.9295,99.9295,269.0,261.64606808321275,260.8330418851094,-16.666068083212753
99.949,99.949,280.0,261.6292229170005,260.82223226989066,-5.649222917000504
99.9685,99.9685,258.0,261.61244639208655,260.81141281556717,-27.632446392086553
99.9879,99.9879,285.0,261.5958200887981,260.8006390820761,-0.6158200887981202
100.0074,100.0074,286.0,261.5791716425185,260.7898,0.4008283574815259
