"limits",30.0009,100.0074
"masked X","X","obs","calc","bkg","diff"
30.0009,30.0009,147.0,140.2407621306754,140.15693059255818,-19.200762130675393
30.0204,30.0204,142.0,140.34081561984772,140.2567694025252,-24.300815619847718
30.0398,30.0398,155.0,140.44068129365093,140.35642067124917,-11.400681293650926
30.0593,30.0593,142.0,140.5407253127764,140.45624831341672,-24.500725312776403
30.0787,30.0787,155.0,140.64058125392472,140.55588814649545,-11.600581253924723
30.0982,30.0982,165.0,140.7406152052757,140.65570399697583,-1.700615205275703
30.1177,30.1177,152.0,140.84064389157191,140.75551374968407,-14.800643891571916
30.1371,30.1371,131.0,140.94048437007592,140.85513553721515,-35.90048437007592
30.1566,30.1566,151.0,141.04050275833248,140.95493321890683,-16.00050275833248
30.176,30.176,157.0,141.1403329763519,141.05454300053805,-10.100332976351915
30.1955,30.1955,141.0,141.24034095176637,141.15432852082967,-26.20034095176637
30.2149,30.2149,155.0,141.3401608704271,141.25392622849733,-12.3001608704271
30.2344,30.2344,156.0,141.44015852686317,141.35369965054838,-11.400158526863173
30.2539,30.2539,131.0,141.5401510750375,141.45346706501715,-36.5001510750375
30.2733,30.2733,162.0,141.63995586426952,141.5530469654802,-5.599955864269525
30.2928,30.2928,156.0,141.73993849371433,141.6528026583595,-11.699938493714335
30.3122,30.3122,153.0,141.83973357632607,141.75237103225624,-14.79973357632607
30.3317,30.3317,144.0,141.93970671596435,141.8521154037611,-23.89970671596435
30.3511,30.3511,163.0,142.0394927696968,141.95167292894573,-4.999492769696808
30.3706,30.3706,137.0,142.1394572485689,142.0514067761383,-31.099457248568903
30.3901,30.3901,154.0,142.23941778445726,142.15113573415633,-14.19941778445726
30.4095,30.4095,140.0,142.33919204083844,142.2506786872604,-28.29919204083844
30.429,30.429,140.0,142.4391454147113,142.35039862158555,-28.399145414711306
30.4484,30.4484,113.0,142.53891311192115,142.4499331224431,-55.49891311192115
30.4679,30.4679,171.0,142.63886022609978,142.54964488062743,2.401139773900219
30.4873,30.4873,154.0,142.73862179826395,142.64917135116184,-14.69862179826395
30.5068,30.5068,151.0,142.83856261532605,142.74887490136044,-17.798562615326055
30.5263,30.5263,117.0,142.9385003713549,142.84857439668664,-51.898500371354906
30.5457,30.5457,153.0,143.0382528848539,142.9480889213864,-15.998252884853905
30.5652,30.5652,166.0,143.13818454470243,143.0477803854849,-3.098184544702427
30.5846,30.5846,145.0,143.23793084184757,143.1472867303019,-24.197930841847572
30.6041,30.6041,156.0,143.33785612282057,143.24696981711594,-13.29785612282057
30.6235,30.6235,127.0,143.43759612218017,143.34646789015733,-42.39759612218017
30.643,30.643,151.0,143.53751505878415,143.44614263267866,-18.497515058784153
30.6625,30.6625,161.0,143.63743067649443,143.5458130841962,-8.597430676494433
30.6819,30.6819,136.0,143.73716105759675,143.64529852229893,-33.69716105759675
30.7014,30.7014,134.0,143.8370700253903,143.74496025271554,-35.79707002539029
30.7208,30.7208,150.0,143.9367937327424,143.84443698123113,-19.89679373274239
30.7403,30.7403,144.0,144.0366956167996,143.94408958543522,-25.99669561679959
30.7597,30.7597,152.0,144.136411980203,144.0435569024134,-18.09641198020301
30.7792,30.7792,132.0,144.23630598845986,144.14319955125254,-38.19630598845986
30.7987,30.7987,155.0,144.33619570780084,144.24283686873963,-15.296195707800841
30.8181,30.8181,154.0,144.43589932245706,144.34228830786336,-16.395899322457062
30.8376,30.8376,151.0,144.53577962936717,144.441914069059,-19.49577962936717
30.857,30.857,131.0,144.63547338565272,144.54135353700974,-39.59547338565272
30.8765,30.8765,156.0,144.73534321138902,144.6409667144496,-14.695343211389023
30.8959,30.8959,145.0,144.83502605843344,144.74039311790315,-25.795026058433443
30.9154,30.9154,136.0,144.9348841814527,144.8399924106439,-34.8948841814527
30.9349,30.9349,131.0,145.03473593557592,144.93958421437907,-39.994735935575925
30.9543,30.9543,160.0,145.13439971413231,145.03898831525754,-11.094399714132315
30.9738,30.9738,154.0,145.23423725002655,145.1385637151574,-17.194237250026553
30.9932,30.9932,161.0,145.3338858765727,145.23795044832426,-10.293885876572709
31.0127,31.0127,159.0,145.43370714640088,145.3375073558823,-12.393707146400878
31.0321,31.0321,155.0,145.53333876988262,145.43687486167653,-16.49333876988262
31.0516,31.0516,148.0,145.63314221521136,145.53641168125787,-23.593142215211365
31.0711,31.0711,147.0,145.73293626402688,145.63593796966384,-24.692936264026876
31.0905,31.0905,142.0,145.83253995446958,145.73527415358004,-29.792539954469582
31.11,31.11,145.0,145.9323143928864,145.83477852625109,-26.892314392886412
31.1294,31.1294,131.0,146.03189790258955,145.93409223756765,-40.99189790258955
31.1489,31.1489,150.0,146.1316512473495,146.03357319322518,-22.09165124734951
31.1683,31.1683,172.0,146.23121284657938,146.1328626602507,-0.19121284657938276
31.1878,31.1878,140.0,146.33094302229577,146.23231810431244,-32.29094302229577
31.2073,31.2073,146.0,146.43066084444095,146.33176004026618,-26.39066084444095
31.2267,31.2267,165.0,146.5301857095732,146.4310092132106,-7.490185709573204
31.2462,31.2462,152.0,146.62987743342714,146.5304226476491,-20.58987743342714
31.2656,31.2656,161.0,146.72937535410014,146.62964249568694,-11.689375354100143
31.2851,31.2851,127.0,146.82903914204775,146.7290255837755,-45.78903914204775
31.3045,31.3045,146.0,146.92850852395705,146.82821446842183,-26.88850852395705
31.324,31.324,140.0,147.02814277449744,146.92756555888738,-32.98814277449744
31.3435,31.3435,150.0,147.1277614001971,147.02689978825373,-23.087761400197103
31.3629,31.3629,130.0,147.22718411169322,147.12603833741042,-43.18718411169322
31.3824,31.3824,131.0,147.3267696895124,147.2253370063748,-42.28676968951239
31.4018,31.4018,136.0,147.42615806470027,147.32443872064513,-37.386158064700275
31.4213,31.4213,155.0,147.5257073677606,147.42369864464084,-18.48570736776059
31.4407,31.4407,160.0,147.6250577102443,147.52275978264166,-13.585057710244307
31.4602,31.4602,158.0,147.72456674785602,147.62197687797507,-15.684566747856017
31.4797,31.4797,151.0,147.82405418322264,147.7211710409799,-22.784054183222644
31.4991,31.4991,156.0,147.92333994235688,147.8201637801062,-17.883339942356876
31.5186,31.5186,165.0,148.02278144588067,147.91930943200163,-8.982781445880669
31.538,31.538,170.0,148.12201968104932,148.01825204813426,-4.082019681049324
31.5575,31.5575,162.0,148.22141185432184,148.1173457433163,-12.181411854321844
31.5769,31.5769,172.0,148.32059949905994,148.2162351459253,-2.2805994990599388
31.5964,31.5964,172.0,148.41993970941297,148.315274209414,-2.379939709412973
31.6159,31.6159,139.0,148.51925315173898,148.41428516559063,-35.47925315173898
31.6353,31.6353,163.0,148.618361012137,148.5130907397598,-11.578361012137002
31.6548,31.6548,166.0,148.71761992993552,148.61204449146598,-8.677619929935524
31.6742,31.6742,148.0,148.8166726926016,148.71079228423724,-26.7766726926016
31.6937,31.6937,166.0,148.91587583911343,148.8096874860049,-8.875875839113426
31.7131,31.7131,159.0,149.01487248515036,148.90837641012246,-15.974872485150364
31.7326,31.7326,155.0,149.11401891004564,149.00721211603837,-20.074018910045645
31.7521,31.7521,149.0,149.21313670392996,149.10601782433747,-26.173136703929963
31.7715,31.7715,166.0,149.3120479730548,149.2046171652451,-9.272047973054804
31.791,31.791,132.0,149.41110840493124,149.3033626674422,-43.37110840493124
31.8104,31.8104,154.0,149.50996234210626,149.4019018622878,-21.469962342106264
31.8299,31.8299,155.0,149.6089651143366,149.5005868328147,-20.5689651143366
31.8493,31.8493,164.0,149.70776126267694,149.5990653700718,-11.66776126267694
31.8688,31.8688,175.0,149.80670577602262,149.69768918934804,-0.7667057760226257
31.8883,31.8883,153.0,149.90562099844846,149.79628226007657,-22.865620998448456
31.9077,31.9077,153.0,150.0043297944209,149.89466908322242,-22.964329794420898
31.9272,31.9272,146.0,150.10318681880483,149.99320097472935,-30.06318681880483
31.9466,31.9466,169.0,150.2018377462843,150.09152697691047,-7.161837746284299
31.9661,31.9661,147.0,150.30063681641553,150.18999794528614,-29.260636816415534
31.9855,31.9855,163.0,150.39923018822034,150.28826340142572,-13.359230188220344
32.005,32.005,173.0,150.4979717738706,150.38667385088627,-3.4579717738706037
32.0245,32.0245,165.0,150.59668481090958,150.4850542064547,-11.55668481090958
32.0439,32.0439,159.0,150.69519301253158,150.58322993278324,-17.655193012531576
32.0634,32.0634,141.0,150.79385000736372,150.68155118170003,-35.75385000736372
32.0828,32.0828,172.0,150.89230322537188,150.7796688269586,-4.852303225371877
32.1023,32.1023,158.0,150.99090580823557,150.8779325413383,-18.950905808235568
32.1217,32.1217,145.0,151.0893056236568,150.9759936667923,-32.0493056236568
32.1412,32.1412,161.0,151.18785560764192,151.0742015954432,-16.147855607641922
32.1607,32.1607,144.0,151.28637992871919,151.17238225472332,-33.246379928719186
32.1801,32.1801,143.0,151.3847032221998,151.27036207353035,-34.34470322219979
32.1996,32.1996,164.0,151.4831776784037,151.3684897001405,-13.443177678403707
32.219,32.219,145.0,151.58145215971896,151.46641747061256,-32.541452159718965
32.2385,32.2385,147.0,151.67987839416318,151.56449357955597,-30.639878394163183
32.2579,32.2579,149.0,151.77810560353993,151.66237082915166,-28.73810560353993
32.2774,32.2774,143.0,151.87648507346734,151.76039684324397,-34.83648507346734
32.2969,32.2969,144.0,151.97484151003422,151.85839816983577,-33.934841510034225
32.3163,32.3163,141.0,152.0730000335217,151.95620174071624,-37.03300003352171
32.3358,32.3358,131.0,152.17131106603702,152.05415429468744,-47.13131106603702
32.3552,32.3552,145.0,152.2694245744932,152.15190945834104,-33.2294245744932
32.3747,32.3747,149.0,152.36769026015617,152.24981323351489,-29.327690260156167
32.3941,32.3941,151.0,152.46575827067613,152.34751948134385,-27.425758270676134
32.4136,32.4136,144.0,152.56397775051883,152.44537362268747,-34.52397775051883
32.4331,32.4331,174.0,152.6621737051063,152.54320247373911,-4.622173705106313
32.4525,32.4525,140.0,152.76017146206866,152.64083325684453,-38.720171462068656
32.472,32.472,173.0,152.85831955793915,152.73861069399322,-5.818319557939155
32.4914,32.4914,168.0,152.9562691029372,152.83618973074306,-10.9162691029372
32.5109,32.5109,164.0,153.05436819752035,152.93391461570744,-15.014368197520348
32.5303,32.5303,156.0,153.15226867185385,153.0314410032354,-23.112268671853847
32.5498,32.5498,160.0,153.25031831566756,153.12911281351737,-19.210318315667557
32.5692,32.5692,147.0,153.34816951598702,153.22658627533036,-32.308169515987025
32.5887,32.5887,167.0,153.44616959024356,153.32420485903208,-12.406169590243557
32.6082,32.6082,149.0,153.54414479853466,153.42179669858345,-30.50414479853466
32.6276,32.6276,132.0,153.6419219006484,153.51919052105134,-47.601921900648414
32.6471,32.6471,141.0,153.73984749064445,153.6167290248104,-38.69984749064445
32.6665,32.6665,159.0,153.83757501022487,153.71406955550057,-20.797575010224868
32.686,32.686,163.0,153.93545041276127,153.81155402571085,-16.89545041276127
32.7054,32.7054,134.0,154.0331274021957,153.90884021910858,-45.993127402195704
32.7249,32.7249,160.0,154.13095157913807,154.00626961821604,-20.09095157913807
32.7444,32.7444,152.0,154.2287495685298,154.1036709448498,-28.188749568529794
32.7638,32.7638,163.0,154.32634872482103,154.20087347841275,-17.286348724821032
32.7833,32.7833,158.0,154.42409365029886,154.2982177692546,-22.38409365029886
32.8027,32.8027,160.0,154.52163929070494,154.39536287247026,-20.48163929070494
32.8222,32.8222,155.0,154.61932990467588,154.49264888386224,-25.57932990467588
32.8416,32.8416,160.0,154.71682097656375,154.58973544062275,-20.676820976563754
32.8611,32.8611,157.0,154.81445628491718,154.68696213309866,-23.774456284917186
32.8806,32.8806,167.0,154.91206356367005,154.78415874725374,-13.872063563670046
32.9,32.9,131.0,155.0094710392008,154.8811556184307,-49.969471039200805
32.9195,32.9195,182.0,155.10702186600355,154.97829164899431,0.9329781339964498
32.9389,32.9389,172.0,155.20437270471854,155.07522775845226,-9.164372704718538
32.9584,32.9584,143.0,155.30186610590883,155.17230222476877,-38.26186610590883
32.9778,32.9778,149.0,155.39915953511684,155.26917673215146,-32.35915953511684
32.9973,32.9973,180.0,155.49659498312795,155.36618902203065,-1.4565949831279497
33.0168,33.0168,165.0,155.59400109048278,155.46316980370895,-16.554001090482778
33.0362,33.0362,139.0,155.69120704335424,155.55995046345873,-42.65120704335424
33.0557,33.0557,141.0,155.788554236,155.6568680380889,-40.74855423600001
33.0751,33.0751,168.0,155.88570129053937,155.75358550880983,-13.845701290539374
33.0946,33.0946,175.0,155.98298890746852,155.85043910726188,-6.942988907468525
33.114,33.114,169.0,156.08007614957515,155.94709234880926,-13.04007614957515
33.1335,33.1335,158.0,156.1773033467363,156.04388110310884,-24.137303346736296
33.153,33.153,156.0,156.2745002213429,156.14063729542525,-26.23450022134289
33.1724,33.1724,152.0,156.3714970686868,156.23719343468355,-30.331497068686808
33.1919,33.1919,157.0,156.46863344653772,156.33388462420822,-25.428633446537724
33.2113,33.2113,144.0,156.56557001934615,156.4303759926626,-38.525570019346155
33.2308,33.2308,162.0,156.66264590572135,156.5270020300655,-20.62264590572135
33.2502,33.2502,143.0,156.75952204040533,156.62342835158785,-39.71952204040533
33.2697,33.2697,140.0,156.85653699042416,156.719988804983,-42.81653699042416
33.2892,33.2892,148.0,156.95352115187976,156.8165161320314,-34.913521151879756
33.3086,33.3086,164.0,157.05030540823566,156.91284353772588,-19.01030540823566
33.3281,33.3281,160.0,157.14722715284907,157.0093036861281,-23.10722715284907
33.3475,33.3475,167.0,157.24394853574833,157.10556345421168,-16.20394853574833
33.367,33.367,172.0,157.34080649073363,157.20195498071374,-11.300806490733628
33.3864,33.3864,160.0,157.43746379390134,157.29814583028198,-23.397463793901345
33.4059,33.4059,151.0,157.53425698387863,157.39446771553548,-32.494256983878635
33.4254,33.4254,141.0,157.63101754686102,157.49075448278776,-42.59101754686102
33.4448,33.4448,151.0,157.72757745487033,157.58684053577863,-32.68757745487033
33.4643,33.4643,161.0,157.82427226803094,157.68305652513288,-22.78427226803094
33.4837,33.4837,139.0,157.92076601815208,157.7790714295873,-44.88076601815208
33.5032,33.5032,169.0,158.01739369958054,157.8752152633234,-14.977393699580539
33.5226,33.5226,166.0,158.11381990528514,157.97115750273394,-18.07381990528514
33.5421,33.5421,170.0,158.21037888625625,158.06722748795133,-14.170378886256252
33.5616,33.5616,180.0,158.30690297031373,158.16325993386582,-4.26690297031373
33.581,33.581,150.0,158.4032250307129,158.25909026379352,-34.36322503071289
33.6005,33.6005,153.0,158.49967878787936,158.35504715684152,-31.459678787879362
33.6199,33.6199,168.0,158.59593057182244,158.45080193411266,-16.555930571822437
33.6394,33.6394,157.0,158.6923134172253,158.54668254944852,-27.652313417225308
33.6588,33.6588,174.0,158.78849418326928,158.64236098519814,-10.74849418326928
33.6783,33.6783,181.0,158.88480545722007,158.7381646257054,-3.844805457220069
33.6978,33.6978,136.0,158.9810808036258,158.83392956208027,-48.94108080362579
33.7172,33.7172,170.0,159.07715439654262,158.92949264660766,-15.037154396542626
33.7367,33.7367,155.0,159.17335800904607,159.0251803745277,-30.13335800904607
33.7561,33.7561,162.0,159.26936018806632,159.1206664587461,-23.229360188066316
33.7756,33.7756,147.0,159.36549207471225,159.2162768086287,-38.32549207471225
33.795,33.795,155.0,159.46142274106023,159.3116857781911,-30.421422741060233
33.8145,33.8145,167.0,159.55748279155554,159.40721856785913,-18.517482791555544
33.834,33.834,157.0,159.65350666884123,159.50271230982815,-28.613506668841232
33.8534,33.8534,155.0,159.74932950547304,159.59800484789395,-30.709329505473043
33.8729,33.8729,156.0,159.84528104015675,159.6934204211335,-29.80528104015675
33.8923,33.8923,176.0,159.94103168870407,159.78863491194727,-9.901031688704073
33.9118,33.9118,183.0,160.03691054551444,159.88397185001745,-2.996910545514446
33.9312,33.9312,138.0,160.13258865061624,159.97910786868434,-48.09258865061624
33.9507,33.9507,168.0,160.22839474117762,160.07436607179957,-18.188394741177625
33.9702,33.9702,157.0,160.32416441439938,160.16958480661916,-29.284164414399378
33.9896,33.9896,165.0,160.41973393459318,160.26460315072956,-21.379733934593183
34.0091,34.0091,146.0,160.51543100396668,160.35974309581567,-40.47543100396668
34.0285,34.0285,149.0,160.61092821357957,160.45468298949476,-37.57092821357957
34.048,34.048,150.0,160.70655264310773,160.5497440925711,-36.66655264310773
34.0674,34.0674,148.0,160.80197737234892,160.64460524697733,-38.761977372348916
34.0869,34.0869,168.0,160.89752872906675,160.7395868878816,-18.85752872906675
34.1064,34.1064,178.0,160.99304300524992,160.83452828266093,-8.953043005249917
34.1258,34.1258,159.0,161.08835731289247,160.92926944027343,-28.04835731289247
34.1453,34.1453,158.0,161.1837970946613,161.02412986801153,-29.143797094661288
34.1647,34.1647,192.0,161.27903706366234,161.11879012508916,4.7609629363376555
34.1842,34.1842,158.0,161.3744019047814,161.2135690116666,-29.334401904781394
34.2036,34.2036,174.0,161.4695669505151,161.30814781169664,-13.429566950515088
34.2231,34.2231,141.0,161.56485646413523,161.40284467193823,-46.52485646413523
34.2426,34.2426,165.0,161.6601082118995,161.4975003502592,-22.620108211899513
34.262,34.262,145.0,161.75516039711198,161.59195615739753,-42.71516039711198
34.2815,34.2815,159.0,161.85033628866202,161.68652918783224,-28.810336288662022
34.3009,34.3009,183.0,161.94531266045715,161.78090232388723,-4.905312660457149
34.3204,34.3204,143.0,162.0404119982279,161.87539183588626,-45.00041199822791
34.3398,34.3398,175.0,162.13531178174483,161.96968142129936,-13.095311781744833
34.3593,34.3593,150.0,162.23033394129183,162.06408664090398,-38.19033394129183
34.3788,34.3788,147.0,162.32531710916228,162.1584493371988,-41.285317109162285
34.3982,34.3982,143.0,162.42010063406158,162.2526119828288,-45.380100634061584
34.4177,34.4177,156.0,162.51500535409178,162.34688899571168,-32.475005354091785
34.4371,34.4371,165.0,162.6097100189265,162.44096550386087,-23.569710018926507
34.4566,34.4566,166.0,162.7045346665314,162.5351550436325,-22.664534666531402
34.476,34.476,178.0,162.79915855495844,162.6291434521206,-10.75915855495844
34.4955,34.4955,171.0,162.8939012433884,162.72324361529925,-17.8539012433884
34.515,34.515,186.0,162.98860239199078,162.81729845402342,-2.9486023919907822
34.5344,34.5344,154.0,163.08310243223823,162.91115168414788,-35.043102432238236
34.5539,34.5539,165.0,163.1777201602136,163.00511540972155,-24.137720160213597
34.5733,34.5733,190.0,163.27213676101778,163.09887755881215,0.7678632389822226
34.5928,34.5928,162.0,163.36667040753554,163.19274948203636,-27.326670407535538
34.6122,34.6122,173.0,163.4610031711778,163.28641994609484,-16.421003171177794
34.6317,34.6317,146.0,163.55545252343728,163.38019965791196,-43.51545252343728
34.6512,34.6512,169.0,163.6498596536476,163.473933137267,-20.60985965364761
34.6706,34.6706,157.0,163.74406623030092,163.56746552465555,-32.70406623030092
34.6901,34.6901,159.0,163.8383889301325,163.6611064450788,-30.79838893013251
34.7095,34.7095,164.0,163.93251129591624,163.75454649539498,-25.892511295916243
34.729,34.729,133.0,164.02674928028284,163.84809450529593,-56.986749280282844
34.7484,34.7484,171.0,164.12078714372205,163.94144180891962,-19.080787143722056
34.7679,34.7679,162.0,164.21493995795802,164.0348962941532,-28.174939957958024
34.7874,34.7874,165.0,164.30904981476755,164.12830352409773,-25.26904981476755
34.8068,34.8068,160.0,164.4029593409765,164.22150981085545,-30.36295934097651
34.8263,34.8263,170.0,164.49698266770142,164.31482200660687,-20.456982667701418
34.8457,34.8457,170.0,164.59237247193218,164.40793317439767,-20.55237247193218
34.8652,34.8652,167.0,164.68630972857264,164.5011494549179,-23.64630972857264
34.8846,34.8846,150.0,164.78004673889887,164.59416477975694,-40.740046738898876
34.9041,34.9041,184.0,164.87389639267525,164.6872846243672,-6.83389639267525
34.9236,34.9236,154.0,164.96770203548527,164.78035592833416,-36.927702035485275
34.943,34.943,163.0,165.06130772679404,164.87322651880348,-28.021307726794042
34.9625,34.9625,155.0,165.15502528142412,164.96620069945513,-36.11502528142412
34.9819,34.9819,153.0,165.24854307818043,165.05897431296177,-38.20854307818043
35.0014,35.0014,140.0,165.3421723353337,165.15185084391604,-51.30217233533369
35.0208,35.0208,169.0,165.43560171809304,165.24452677328074,-22.39560171809304
35.0403,35.0403,174.0,165.5291415869092,165.33730457582226,-17.48914158690919
35.0598,35.0598,176.0,165.62263621239643,165.43003234092728,-15.58263621239643
35.0792,35.0792,163.0,165.71593061863769,165.52255901281015,-28.675930618637686
35.0987,35.0987,145.0,165.80933422353516,165.61518612478363,-46.76933422353516
35.1181,35.1181,163.0,165.9025376132371,165.70761214216859,-28.862537613237087
35.1376,35.1376,152.0,165.99663298395873,165.80013768620952,-39.956632983958734
35.157,35.157,147.0,166.08974496390354,165.89246186616398,-45.04974496390354
35.1765,35.1765,183.0,166.1829643921325,165.9848844377771,-9.142964392132505
35.196,35.196,146.0,166.27613655307846,166.0772546831189,-46.23613655307846
35.2154,35.2154,168.0,166.36910753441015,166.16942279520114,-24.32910753441015
35.2349,35.2349,184.0,166.46218417839955,166.26168722545543,-8.422184178399554
35.2543,35.2543,171.0,166.55505900619613,166.35374887235577,-21.515059006196132
35.2738,35.2738,178.0,166.64803827658142,166.4459055567912,-14.608038276581418
35.2932,35.2932,161.0,166.74081547302657,166.53785914856377,-31.700815473026573
35.3127,35.3127,195.0,166.8336963564863,166.62990683160777,2.206303643513685
35.3322,35.3322,141.0,166.92652774027215,166.7218995576008,-51.88652774027215
35.3516,35.3516,172.0,167.019157022075,166.8136891347065,-20.979157022075007
35.3711,35.3711,175.0,167.11188879019528,166.90557141872196,-18.07188879019528
35.3905,35.3905,180.0,167.20441829254585,166.99725030289198,-13.164418292545854
35.41,35.41,165.0,167.2970495660396,167.08902098109758,-28.25704956603959
35.4294,35.4294,162.0,167.3894787518618,167.18058834036006,-31.34947875186179
35.4489,35.4489,152.0,167.4820091674427,167.27224688732053,-41.4420091674427
35.4683,35.4683,160.0,167.57433767697893,167.3637023056889,-33.53433767697893
35.4878,35.4878,196.0,167.66676696711215,167.45524818743317,2.373233032887846
35.5073,35.5073,163.0,167.7591452192606,167.54673729452253,-30.719145219260604
35.5267,35.5267,172.0,167.85132169125555,167.63802325639006,-21.81132169125555
35.5462,35.5462,154.0,167.9435979833247,167.7293984581872,-39.90359798332471
35.5656,35.5656,167.0,168.03567244282434,167.82057059100515,-26.995672442824336
35.5851,35.5851,147.0,168.12784607567298,167.91183120107297,-47.08784607567298
35.6045,35.6045,178.0,168.2198181075392,168.00288873641927,-16.179818107539198
35.624,35.624,189.0,168.31188848213543,168.09403381075387,-5.271888482135431
35.6435,35.6435,164.0,168.40390679433395,168.18512061416314,-30.36390679433395
35.6629,35.6629,160.0,168.49572341765077,168.27600427866173,-34.455723417650766
35.6824,35.6824,169.0,168.58763767644055,168.36697438870266,-25.54763767644055
35.7018,35.7018,183.0,168.67935036017326,168.45774148982775,-11.63935036017326
35.7213,35.7213,166.0,168.7711601448838,168.54859433258912,-28.731160144883795
35.7407,35.7407,158.0,168.862768725416,168.63924444043028,-36.822768725416005
35.7602,35.7602,141.0,168.95490686444222,168.729979860108,-53.91490686444222
35.7797,35.7797,174.0,169.0465603719492,168.82065640424895,-21.0065603719492
35.7991,35.7991,170.0,169.13801306784134,168.91113054077397,-25.098013067841343
35.8186,35.8186,163.0,169.22956171995057,169.0016888952661,-32.18956171995057
35.838,35.838,143.0,169.320909773973,169.0920449485989,-52.280909773973
35.8575,35.8575,165.0,169.41235336178164,169.18248450478222,-30.37235336178164
35.8769,35.8769,153.0,169.50359629117085,169.27272169919982,-42.46359629117085
35.8964,35.8964,159.0,169.59493392641855,169.36304132420753,-36.55493392641855
35.9159,35.9159,161.0,169.68621793651508,169.4533002921606,-34.64621793651508
35.9353,35.9353,172.0,169.77730080848872,169.54335631151636,-23.73730080848872
35.9548,35.9548,181.0,169.86847661748604,169.63349272852207,-14.82847661748604
35.9742,35.9742,173.0,169.95945088794554,169.72342565426814,-22.919450887945537
35.9937,35.9937,169.0,170.05051696151415,169.81343773869213,-27.01051696151415
36.0131,36.0131,151.0,170.1413812800625,169.90324610093228,-45.10138128006249
36.0326,36.0326,159.0,170.2323367871344,169.99313261395244,-37.19233678713439
36.0521,36.0521,181.0,170.323236269659,170.08295570237533,-15.283236269658993
36.0715,36.0715,195.0,170.41415014785792,170.17257459401583,-1.3741501478579252
36.091,36.091,162.0,170.50493730745103,170.2622698185943,-34.46493730745103
36.1104,36.1104,179.0,170.59552225848824,170.35176067725337,-17.555522258488246
36.1299,36.1299,172.0,170.6861961639984,170.44132689074002,-24.646196163998404
36.1493,36.1493,166.0,170.77666772582756,170.53068867914106,-30.736667725827566
36.1688,36.1688,161.0,170.86722766261093,170.62012503386893,-35.82722766261093
36.1883,36.1883,148.0,170.9577303703204,170.70949610951587,-48.917730370320406
36.2077,36.2077,164.0,171.04803112498522,170.79866288551761,-33.008031124985216
36.2272,36.2272,172.0,171.13841926521172,170.88790287197446,-25.098419265211724
36.2466,36.2466,181.0,171.22860520243094,170.9769382906978,-16.188605202430942
36.2661,36.2661,156.0,171.3188775279531,171.0660458022928,-41.27887752795311
36.2855,36.2855,181.0,171.40894767804434,171.15494863801084,-16.368947678044343
36.305,36.305,161.0,171.49910359236247,171.24392260751463,-36.459103592362474
36.3245,36.3245,167.0,171.58920098845866,171.3328293433213,-30.549200988458658
36.3439,36.3439,164.0,171.67909620338105,171.4215313093491,-33.63909620338105
36.3634,36.3634,136.0,171.76907615660429,171.51030305739678,-61.729076156604286
36.3828,36.3828,170.0,171.85885406443967,171.59886995815907,-27.81885406443967
36.4023,36.4023,170.0,171.94871565699384,171.68750543112728,-27.90871565699384
36.4217,36.4217,185.0,172.03837481208598,171.7759355157451,-12.998374812085977
36.4412,36.4412,157.0,172.12811662347727,171.86443279105177,-41.08811662347727
36.4607,36.4607,159.0,172.2177979612054,171.95286028434677,-39.17779796120541
36.4801,36.4801,175.0,172.30727626996435,172.04108183096798,-23.26727626996435
36.4996,36.4996,166.0,172.39683589410575,172.12936866093955,-32.35683589410575
36.519,36.519,170.0,172.4861921880361,172.2174490784007,-28.446192188036115
36.5385,36.5385,152.0,172.57562860534065,172.305593468718,-46.535628605340655
36.5579,36.5579,161.0,172.66486132446505,172.3935310301344,-37.62486132446505
36.5774,36.5774,175.0,172.75417330348748,172.48153115844045,-23.714173303487478
36.5969,36.5969,173.0,172.8434221595688,172.56945818517178,-25.803422159568804
36.6163,36.6163,183.0,172.93246639296413,172.65717738896808,-15.892466392964131
36.6358,36.6358,173.0,173.02158796288703,172.7449568640149,-25.981587962887026
36.6552,36.6552,181.0,173.110504625351,172.83252807190465,-18.070504625351013
36.6747,36.6747,169.0,173.19949785476916,172.92015835243234,-30.159497854769164
36.6941,36.6941,160.0,173.2882860773267,173.0075801943589,-39.24828607732669
36.7136,36.7136,172.0,173.377150039218,173.09506013710327,-27.33715003921801
36.7331,36.7331,185.0,173.46594908573982,173.18246434976456,-14.425949085739823
36.7525,36.7525,168.0,173.5545431340308,173.26965993239264,-31.51454313403081
36.772,36.772,176.0,173.64321217912234,173.35691215036005,-23.603212179122345
36.7914,36.7914,181.0,173.731676386684,173.44395583329424,-18.691676386684
36.8109,36.8109,186.0,173.82021498599147,173.5310553933252,-13.78021498599147
36.8303,36.8303,153.0,173.90854924435084,173.61794671201062,-46.86854924435084
36.8498,36.8498,171.0,173.9969579437323,173.704893500954,-28.9569579437323
36.8693,36.8693,162.0,174.08530189267697,173.79176379761253,-38.04530189267697
36.8887,36.8887,164.0,174.17344225978846,173.8784265685535,-36.13344225978846
36.9082,36.9082,182.0,174.2616567761602,173.96514400813447,-18.22165677616021
36.9276,36.9276,147.0,174.34966842448233,174.05165420902446,-53.30966842448233
36.9471,36.9471,210.0,174.43775384913138,174.13821850954494,9.602246150868616
36.9665,36.9665,158.0,174.5256368365548,174.22457584882218,-42.48563683655481
36.986,36.986,176.0,174.61359331592564,174.31098649484517,-24.573593315925642
37.0055,37.0055,161.0,174.7014850749789,174.39731987192565,-39.661485074978906
37.0249,37.0249,198.0,174.78917466638097,174.48344637550224,-2.7491746663809735
37.0444,37.0444,158.0,174.87693683276513,174.56962480053392,-42.836936832765126
37.0638,37.0638,160.0,174.96449714359272,174.65559638419455,-40.924497143592724
37.0833,37.0833,180.0,175.0521296227049,174.74161899668218,-21.01212962270491
37.1027,37.1027,144.0,175.13956004272183,174.82743464518217,-57.099560042721826
37.1222,37.1222,165.0,175.22706229499542,174.9133002823167,-36.18706229499542
37.1417,37.1417,167.0,175.31449889163332,174.9990867505807,-34.27449889163332
37.1611,37.1611,172.0,175.4017331177017,175.08466578743835,-29.361733117701696
37.1806,37.1806,161.0,175.48903764780363,175.17029271024148,-40.44903764780363
37.2,37.2,146.0,175.57613959596003,175.2557116978459,-55.53613959596003
37.2195,37.2195,169.0,175.66331082314926,175.34117708919877,-32.62331082314926
37.2389,37.2389,184.0,175.75027881993074,175.42643375334288,-17.710278819930743
37.2584,37.2584,174.0,175.83731454485962,175.51173491336186,-27.797314544859624
37.2779,37.2779,150.0,175.9242817653507,175.59695285441822,-51.884281765350714
37.2973,37.2973,162.0,176.0110448442145,175.6819608280136,-39.9710448442145
37.3168,37.3168,193.0,176.09787384591652,175.76701063350356,-9.057873845916525
37.3362,37.3362,167.0,176.18449774446822,175.85184939423425,-35.14449774446822
37.3557,37.3557,174.0,176.27118599197635,175.93672803440177,-28.231185991976353
37.3751,37.3751,164.0,176.3576684805883,176.02139471615507,-38.3176684805883
37.3946,37.3946,177.0,176.44421410373803,176.1060994264586,-25.404214103738035
37.4141,37.4141,179.0,176.53068764889667,176.1907159914251,-23.490687648896674
37.4335,37.4335,176.0,176.61695416389463,176.2751192300518,-26.576954163894634
37.453,37.453,142.0,176.70328186569486,176.35955777698567,-60.66328186569486
37.4724,37.4724,180.0,176.7894024202094,176.44378228497774,-22.7494024202094
37.4919,37.4919,161.0,176.8755827777055,176.52804027097113,-41.83558277770549
37.5113,37.5113,162.0,176.9615549281849,176.61208319095005,-40.92155492818491
37.5308,37.5308,194.0,177.0475856316684,176.69615761007609,-9.007585631668398
37.5503,37.5503,166.0,177.13354045678696,176.7801388787654,-37.09354045678696
37.5697,37.5697,188.0,177.2192860216036,176.86390342160908,-15.179286021603609
37.5892,37.5892,188.0,177.3050878225106,176.94769639747648,-15.265087822510587
37.6086,37.6086,177.0,177.3906794176681,177.03127170495918,-26.35067941766811
37.6281,37.6281,166.0,177.47632627751656,177.11487378152998,-37.436326277516564
37.6475,37.6475,185.0,177.561762702679,177.19825763938928,-18.521762702679005
37.667,37.667,195.0,177.64725374103182,177.28166676625776,-8.607253741031819
37.6865,37.6865,179.0,177.7326662519745,177.36497860113928,-24.692666251974508
37.7059,37.7059,185.0,177.8178680643385,177.44807166208426,-18.777868064338513
37.7254,37.7254,163.0,177.90312356728325,177.53118827379654,-40.863123567283246
37.7448,37.7448,173.0,177.98816890190253,177.6140861781156,-30.948168901902527
37.7643,37.7643,180.0,178.07326788368934,177.6970067741914,-24.03326788368934
37.7837,37.7837,181.0,178.1581567181997,177.77970871361308,-23.118156718199707
37.8032,37.8032,165.0,178.24309896230992,177.86243250631128,-39.203098962309916
37.8227,37.8227,165.0,178.3279631352449,177.94505762340114,-39.28796313524489
37.8421,37.8421,188.0,178.41261822167377,178.02746445237887,-16.37261822167377
37.8616,37.8616,184.0,178.4973268594158,178.10989202414055,-20.457326859415808
37.881,37.881,188.0,178.58182667127693,178.19210154626478,-16.54182667127693
37.9005,37.9005,189.0,178.6663801500324,178.27433128238067,-15.62638015003241
37.9199,37.9199,176.0,178.75072619198957,178.35634360723358,-28.710726191989572
37.9394,37.9394,164.0,178.83512627241646,178.4383760429671,-40.79512627241646
37.9589,37.9589,179.0,178.91945073705756,178.5203101090365,-25.87945073705756
37.9783,37.9783,187.0,179.00356940069506,178.60202823743313,-17.963569400695057
37.9978,37.9978,185.0,179.08774358210096,178.68376651184866,-20.047743582100956
38.0172,38.0172,168.0,179.17171387229075,178.76528997651135,-37.13171387229075
38.0367,38.0367,160.0,179.25574072068935,178.8468339374743,-45.21574072068935
38.0561,38.0561,163.0,179.33956516973714,178.92816447297304,-42.29956516973714
38.0756,38.0756,176.0,179.42344750672478,179.00951578974798,-29.383447506724785
38.0951,38.0951,181.0,179.5072586497281,179.09077110247057,-24.4672586497281
38.1145,38.1145,182.0,179.59086947783305,179.17181463055374,-23.550869477833054
38.134,38.134,171.0,179.6745398029807,179.2528791307004,-34.63453980298069
38.1534,38.1534,181.0,179.75801155734456,179.33373312101463,-24.71801155734456
38.1729,38.1729,176.0,179.841544079592,179.41460843448903,-29.801544079592013
38.1923,38.1923,183.0,179.92488001873755,179.49527461816078,-22.884880018737555
38.2118,38.2118,184.0,180.0082781751311,179.57596260770165,-21.968278175131097
38.2312,38.2312,154.0,180.09148162600454,179.65644303033082,-52.05148162600454
38.2507,38.2507,139.0,180.17474891012236,179.73694599294015,-67.13474891012237
38.2702,38.2702,183.0,180.2579521978122,179.81735715764293,-23.21795219781219
38.2896,38.2896,149.0,180.34096377185423,179.8975629210375,-57.300963771854235
38.3091,38.3091,177.0,180.42404129714575,179.97779158997824,-29.38404129714575
38.3285,38.3285,173.0,180.50692828487894,180.05781583768234,-33.46692828487894
38.348,38.348,165.0,180.58988201877395,180.13786283244295,-41.54988201877395
38.3674,38.3674,160.0,180.6726470417146,180.21770626199503,-46.63264704171461
38.3869,38.3869,165.0,180.75547961102797,180.2975722417506,-41.715479611027966
38.4064,38.4064,191.0,180.83825217378282,180.37734766761895,-15.79825217378282
38.4258,38.4258,167.0,180.92083733967482,180.45692036555323,-39.88083733967482
38.4453,38.4453,168.0,181.003491507903,180.53651491909105,-38.963491507902994
38.4647,38.4647,194.0,181.08595925511278,180.6159073416011,-13.045959255112784
38.4842,38.4842,168.0,181.16849664488956,180.69532113315725,-39.12849664488956
38.5036,38.5036,189.0,181.25084882423457,180.77453338528187,-18.210848824234567
38.5231,38.5231,162.0,181.33327153559262,180.85376668631812,-45.293271535592616
38.5426,38.5426,195.0,181.41563779831137,180.9329098250862,-12.375637798311367
38.562,38.562,179.0,181.49782126603654,181.0118525007852,-28.45782126603654
38.5815,38.5815,187.0,181.58007674276305,181.09081595015877,-20.540076742763056
38.6009,38.6009,177.0,181.66215069388417,181.16957989795102,-30.622150693884173
38.6204,38.6204,162.0,181.74429824556674,181.24836471258416,-45.70429824556674
38.6398,38.6398,190.0,181.82626635545682,181.32695123327676,-17.786266355456824
38.6593,38.6593,158.0,181.90830979010013,181.4055587598755,-49.868309790100135
38.6788,38.6788,185.0,181.99030211629008,181.48407803886874,-22.950302116290082
38.6982,38.6982,206.0,182.0721175104351,181.562400699818,-2.032117510435107
38.7177,38.7177,198.0,182.154010596859,181.64074460553198,-10.114010596858996
38.7371,38.7371,179.0,182.23572896737073,181.71889313419243,-29.195728967370734
38.7566,38.7566,166.0,182.31752713340907,181.79706331989007,-42.27752713340907
38.776,38.776,193.0,182.39915246298918,181.87503969976416,-15.35915246298918
38.7955,38.7955,176.0,182.4808595334815,181.95303827262478,-32.44085953348149
38.815,38.815,178.0,182.5625229780752,182.03095176582704,-30.52252297807521
38.8344,38.8344,169.0,182.6440180510114,182.1086739253369,-39.60401805101139
38.8539,38.8539,180.0,182.72559811307445,182.18641939360808,-28.685598113074455
38.8733,38.8733,167.0,182.80701191004283,182.26397527722324,-41.76701191004283
38.8928,38.8928,163.0,182.88851361949997,182.34155520519096,-45.848513619499975
38.9122,38.9122,180.0,182.9698522654229,182.4189472737411,-28.929852265422902
38.9317,38.9317,170.0,183.05128057470063,182.4963639546976,-39.01128057470063
38.9512,38.9512,153.0,183.1326741897167,182.5736996609063,-56.09267418971671
38.9706,38.9706,171.0,183.2139078201607,182.6508497812717,-38.1739078201607
38.9901,38.9901,161.0,183.2952352269282,182.72802510395755,-48.255235226928214
39.0095,39.0095,164.0,183.37640515252255,182.80501597339332,-45.33640515252255
39.029,39.029,179.0,183.4576706355986,182.88203202779994,-30.41767063559859
39.0484,39.0484,185.0,183.5387800550823,182.9588644371707,-24.4987800550823
39.0679,39.0679,160.0,183.6199870138061,183.03572176823252,-49.57998701380611
39.0874,39.0874,157.0,183.70116664149432,183.11249988404631,-52.661166641494326
39.1068,39.1068,178.0,183.78219290175304,183.18909555125816,-31.742192901753036
39.1263,39.1263,152.0,183.8633193325034,183.26571562895325,-57.82331933250341
39.1457,39.1457,173.0,183.9442943160889,183.3421536942418,-36.9042943160889
39.1652,39.1652,177.0,184.0253711395315,183.41861543098165,-32.9853711395315
39.1846,39.1846,182.0,184.10629828891715,183.49489524046206,-28.066298288917146
39.2041,39.2041,160.0,184.1873282497025,183.57119777669126,-50.14732824970249
39.2236,39.2236,194.0,184.26833587822912,183.64742031141245,-16.228335878229124
39.243,39.243,187.0,184.34919531207055,183.72346102139616,-23.30919531207055
39.2625,39.2625,186.0,184.43016034008556,183.79952307656492,-24.390160340085565
39.2819,39.2819,198.0,184.51097943744864,183.87540357090631,-12.47097943744864
39.3014,39.3014,181.0,184.59190569191495,183.9513048050597,-29.551905691914946
39.3208,39.3208,174.0,184.67268739827946,184.02702509454852,-36.632687398279465
39.3403,39.3403,181.0,184.75357924675373,184.1027658776415,-29.71357924675373
39.3598,39.3598,190.0,184.83445602057864,184.17842651689014,-20.794456020578643
39.3792,39.3792,180.0,184.91519195776868,184.25390743661714,-30.875191957768685
39.3987,39.3987,183.0,184.99604176453857,184.32940865295237,-27.956041764538575
39.4181,39.4181,183.0,185.0767532941948,184.4047312259071,-28.03675329419479
39.4376,39.4376,190.0,185.15758215384426,184.4800742206265,-21.11758215384426
39.457,39.457,178.0,185.23827627848937,184.555239821175,-33.19827627848937
39.4765,39.4765,171.0,185.3190906629303,184.63042620963768,-40.27909066293031
39.496,39.496,175.0,185.39990055449192,184.705534908971,-36.35990055449192
39.5154,39.5154,172.0,185.48057979622115,184.7804684309278,-39.44057979622115
39.5349,39.5349,171.0,185.56138571399526,184.8554233691108,-40.521385713995265
39.5543,39.5543,179.0,185.64206493998165,184.93020449966883,-32.60206493998165
39.5738,39.5738,176.0,185.72287387872504,185.00500730775988,-35.68287387872504
39.5932,39.5932,171.0,185.80355865700903,185.07963757356458,-40.763558657009035
39.6127,39.6127,163.0,185.88437779170238,185.15428975999362,-48.84437779170238
39.6322,39.6322,178.0,185.96520524980866,185.2288670261172,-33.92520524980866
39.6516,39.6516,179.0,186.04591321265755,185.30327346126245,-33.00591321265755
39.6711,39.6711,186.0,186.12676102536506,185.3777018366913,-26.086761025365057
39.6905,39.6905,170.0,186.2074927668633,185.45196038198708,-42.16749276686331
39.71,39.71,181.0,186.2883688202234,185.52624091287942,-31.248368820223412
39.7294,39.7294,178.0,186.36913302466064,185.60035270451968,-34.32913302466064
39.7489,39.7489,192.0,186.45004500675103,185.67448651137795,-20.410045006751027
39.7684,39.7684,177.0,186.53097797903695,185.74854726207082,-35.49097797903695
39.7878,39.7878,184.0,186.61180399082195,185.82244102604423,-28.571803990821955
39.8073,39.8073,168.0,186.69278598461233,185.89635710677274,-44.65278598461233
39.8267,39.8267,175.0,186.7736647412875,185.97010755121067,-37.73366474128749
39.8462,39.8462,152.0,186.85470382216624,186.04388060226418,-60.814703822166244
39.8656,39.8656,168.0,186.9356438344224,186.11748925438678,-44.895643834422394
39.8851,39.8851,193.0,187.01674946691176,186.1911205023341,-19.976749466911762
39.9046,39.9046,188.0,187.0978926814179,186.2646808847725,-25.057892681417904
39.924,39.924,175.0,187.17894157201883,186.3380780879379,-38.13894157201883
39.9435,39.9435,157.0,187.26016385542616,186.41149765476874,-56.22016385542616
39.9629,39.9629,178.0,187.3412970323417,186.48475507650272,-35.301297032341715
39.9824,39.9824,175.0,187.42260951565083,186.55803467866662,-38.382609515650834
40.0018,40.0018,173.0,187.5038365996499,186.6311528380133,-40.4638365996499
40.0213,40.0213,178.0,187.58524766393907,186.7042928158364,-35.54524766393907
40.0408,40.0408,152.0,187.66671219773465,186.77736291486156,-61.626712197734655
40.0602,40.0602,161.0,187.74809792574848,186.85027248026827,-52.70809792574848
40.0797,40.0797,175.0,187.82967713275005,186.92320297456973,-38.78967713275005
40.0991,40.0991,153.0,187.91118109129286,186.99597299726415,-60.87118109129286
40.1186,40.1186,168.0,187.9928829322968,187.0687628144539,-45.952882932296795
40.138,40.138,201.0,188.0745137028085,187.1413918564035,-13.034513702808503
40.1575,40.1575,204.0,188.15634799022072,187.2140390791712,-10.116347990220724
40.177,40.177,171.0,188.23825348276137,187.2866141213348,-43.198253482761366
40.1964,40.1964,169.0,188.32009262703656,187.35902777854557,-45.28009262703656
40.2159,40.2159,174.0,188.40214443353614,187.43145761616069,-40.36214443353614
40.2353,40.2353,181.0,188.48413544794138,187.50372570800272,-33.444135447941385
40.2548,40.2548,183.0,188.56634576913018,187.57600846650018,-31.52634576913018
40.2742,40.2742,186.0,188.64850022311072,187.6481289932803,-28.608500223110717
40.2937,40.2937,194.0,188.7308797199383,187.72026270098954,-20.690879719938287
40.3132,40.3132,177.0,188.81334879125856,187.79232110555503,-37.77334879125856
40.3326,40.3326,170.0,188.8957689329585,187.86421687786992,-44.855768932958505
40.3521,40.3521,154.0,188.97842772714898,187.9361240008871,-60.938427727148984
40.3715,40.3715,181.0,189.06104179029623,188.00786830373755,-34.02104179029623
40.391,40.391,176.0,189.14390118944675,188.07962246740604,-39.10390118944675
40.4104,40.4104,188.0,189.22672257849356,188.15121319727712,-27.186722578493566
40.4299,40.4299,169.0,189.3097986452846,188.2228121146847,-46.26979864528459
40.4494,40.4494,185.0,189.39298776233105,188.2943324618395,-30.352987762331047
40.4688,40.4688,192.0,189.47614722180634,188.3656884557436,-23.436147221806344
40.4883,40.4883,185.0,189.55957406142895,188.43705016993812,-30.519574061428948
40.5077,40.5077,156.0,189.64297802687332,188.5082470314939,-59.60297802687332
40.5272,40.5272,172.0,189.72666039218475,188.5794481941187,-43.686660392184756
40.5466,40.5466,181.0,189.81032639338193,188.65048400195434,-34.77032639338193
40.5661,40.5661,175.0,189.89427927173656,188.72152232623134,-40.854279271736566
40.5856,40.5856,164.0,189.97837535407913,188.7924781228407,-51.938375354079135
40.605,40.605,182.0,190.0624662723291,188.86326736621024,-34.02246627232909
40.6245,40.6245,186.0,190.14686305602376,188.93405620592387,-30.106863056023762
40.6439,40.6439,189.0,190.2312608321316,189.00467743546554,-27.191260832131597
40.6634,40.6634,199.0,190.3159743412898,189.07529621268142,-17.275974341289803
40.6828,40.6828,188.0,190.40069905199834,189.14574649562542,-28.360699051998346
40.7023,40.7023,177.0,190.48575302037298,189.21619257837375,-39.44575302037298
40.7218,40.7218,178.0,190.57098698007024,189.28655141675995,-38.530986980070246
40.7412,40.7412,199.0,190.65624492657557,189.35674099903488,-17.61624492657557
40.7607,40.7607,162.0,190.74185314083246,189.4269240562979,-54.70185314083246
40.7801,40.7801,186.0,190.8274970893576,189.49693744843916,-30.787497089357593
40.7996,40.7996,166.0,190.9135087443772,189.56694283914908,-50.8735087443772
40.819,40.819,188.0,190.9995653416169,189.6367780497086,-28.959565341616887
40.8385,40.8385,197.0,191.08600441157895,189.70660362399695,-20.046004411578956
40.858,40.858,194.0,191.17266930294358,189.77633830305368,-23.132669302943576
40.8774,40.8774,174.0,191.25940060094126,189.84590199867336,-43.21940060094126
40.8969,40.8969,157.0,191.34654098769428,189.91545393547744,-60.306540987694284
40.9163,40.9163,167.0,191.43375870194347,189.98483468564802,-50.393758701943476
40.9358,40.9358,181.0,191.52140575606253,190.0542021934167,-36.481405756062536
40.9552,40.9552,180.0,191.6091449216394,190.12339781060078,-37.5691449216394
40.9747,40.9747,180.0,191.69733600420133,190.19257832503652,-37.65733600420133
40.9941,40.9941,175.0,191.78563224747938,190.26158614126655,-42.745632247479385
41.0136,41.0136,167.0,191.87439955215638,190.3305769777022,-50.83439955215638
41.0331,41.0331,200.0,191.96347556783016,190.39947178259456,-17.92347556783016
41.0525,41.0525,159.0,192.05268043467316,190.46819245955237,-59.012680434673165
41.072,41.072,175.0,192.14239466876393,190.53689311513446,-43.10239466876393
41.0914,41.0914,180.0,192.23225656960958,190.60541860488814,-38.192256569609576
41.1109,41.1109,192.0,192.32265534132284,190.67392176829935,-26.282655341322844
41.1303,41.1303,190.0,192.41321935182145,190.74224846488173,-28.373219351821454
41.1498,41.1498,154.0,192.50434444002067,190.81055054536745,-64.46434444002068
41.1693,41.1693,192.0,192.59585654650928,190.878750753869,-26.555856546509283
41.1887,41.1887,141.0,192.687566483778,190.9467726918819,-77.64756648377801
41.2082,41.2082,182.0,192.77988771165076,191.01476655906714,-36.73988771165076
41.2276,41.2276,173.0,192.87242750592821,191.0825805799544,-45.832427505928216
41.2471,41.2471,187.0,192.9656071107619,191.15036359890797,-31.92560711076191
41.2665,41.2665,186.0,193.05903388120348,191.2179648399344,-33.01903388120348
41.286,41.286,164.0,193.1531407304473,191.28553206435043,-55.11314073044729
41.3055,41.3055,172.0,193.24773208626334,191.3529894567863,-47.20773208626334
41.3249,41.3249,150.0,193.3426082803329,191.4202621315956,-69.30260828033292
41.3444,41.3444,168.0,193.4382182067856,191.48749608745257,-51.39821820678559
41.3638,41.3638,185.0,193.53414470838615,191.5545428310718,-34.49414470838615
41.3833,41.3833,155.0,193.63085261130217,191.62154696236138,-64.59085261130218
41.4027,41.4027,160.0,193.72790330907418,191.68836096798114,-59.68790330907418
41.4222,41.4222,180.0,193.82577896737277,191.75512821030938,-39.78577896737277
41.4417,41.4417,182.0,193.92426897403098,191.8217738462515,-37.88426897403098
41.4611,41.4611,189.0,194.02315834639438,191.8882240790758,-30.983158346394383
41.4806,41.4806,180.0,194.12295069486865,191.9546204992628,-40.08295069486865
41.5,41.5,171.0,194.22317535934096,192.02081791623203,-49.18317535934096
41.5195,41.5195,174.0,194.32435625437242,192.08695689326748,-46.28435625437242
41.5389,41.5389,176.0,194.42601383566557,192.15289320017968,-44.38601383566557
41.5584,41.5584,178.0,194.528690818034,192.21876619377886,-42.488690818033994
41.5779,41.5779,178.0,194.63215184377145,192.2845027116078,-42.592151843771454
41.5973,41.5973,169.0,194.73616313350476,192.35003062058718,-51.69616313350476
41.6168,41.6168,183.0,194.8412926749435,192.41548757079494,-37.801292674943504
41.6362,41.6362,172.0,194.94702071393095,192.48073170970596,-48.907020713930955
41.6557,41.6557,193.0,195.05394502176821,192.5458995286126,-28.013945021768215
41.6751,41.6751,167.0,195.1615223057025,192.61085016006433,-54.121522305702506
41.6946,41.6946,185.0,195.2703700066937,192.67571903008061,-36.2303700066937
41.7141,41.7141,167.0,195.38024653194762,192.74043454894317,-54.34024653194762
41.7335,41.7335,178.0,195.49087973218252,192.80492620581884,-43.45087973218252
41.753,41.753,197.0,195.60292147879838,192.86932761496217,-24.56292147879838
41.7724,41.7724,190.0,195.71578956765364,192.93350038392765,-31.675789567653645
41.7919,41.7919,183.0,195.83016645936547,192.99757712893035,-38.79016645936547
41.8113,41.8113,192.0,195.94545484170908,193.061420670218,-29.90545484170908
41.8308,41.8308,194.0,196.06237455038112,193.12516261333778,-28.022374550381123
41.8503,41.8503,166.0,196.18063971911403,193.1887333045379,-56.14063971911403
41.8697,41.8697,178.0,196.29994856131125,193.2520642317302,-44.259948561311255
41.8892,41.8892,182.0,196.4210699451133,193.31528542296064,-40.38106994511329
41.9086,41.9086,218.0,196.54334438012222,193.3782623301392,-4.503344380122222
41.9281,41.9281,174.0,196.66758561862224,193.44112387087276,-48.62758561862224
41.9475,41.9475,180.0,196.7930848967467,193.5037365815176,-42.75308489674671
41.967,41.967,202.0,196.9207045903224,193.56622828104912,-20.880704590322402
41.9865,41.9865,174.0,197.05012513708874,193.62853101336367,-49.01012513708874
42.0059,42.0059,178.0,197.181024757143,193.69057800694281,-45.14102475714301
42.0254,42.0254,182.0,197.31429525511035,193.75249551221467,-41.27429525511035
42.0448,42.0448,167.0,197.44918279693698,193.81415263401868,-56.40918279693698
42.0643,42.0643,195.0,197.58666486621183,193.8756745072873,-28.546664866211835
42.0837,42.0837,181.0,197.72592431884198,193.9369311618454,-42.68592431884198
42.1032,42.1032,183.0,197.86801087767734,193.99804662886126,-40.828010877677336
42.1227,42.1227,188.0,198.01255106320212,194.0589547437514,-35.972551063202125
42.1421,42.1421,205.0,198.15916679429273,194.11959039806257,-19.11916679429273
42.1616,42.1616,155.0,198.30899305086737,194.18007603255603,-69.26899305086738
42.181,42.181,181.0,198.4611157835905,194.24028454197926,-43.42111578359049
42.2005,42.2005,186.0,198.61674024257232,194.30033721711564,-38.57674024257232
42.2199,42.2199,182.0,198.77490409514334,194.36010777591693,-42.73490409514334
42.2394,42.2394,214.0,198.93689840452453,194.41971643946837,-10.896898404524528
42.2589,42.2589,210.0,199.10234484543983,194.4790988108932,-15.062344845439831
42.2783,42.2783,183.0,199.27077335341622,194.5381916274735,-42.23077335341622
42.2978,42.2978,153.0,199.4436148552251,194.59711368239314,-72.4036148552251
42.3172,42.3172,179.0,199.61976873474637,194.65574151579415,-46.579768734746374
42.3367,42.3367,185.0,199.80077617036818,194.71419261824087,-40.76077617036818
42.3561,42.3561,217.0,199.98549313302124,194.7723443179386,-8.945493133021237
42.3756,42.3756,205.0,200.175590005258,194.8303130091888,-21.13559000525799
42.3951,42.3951,218.0,200.3705935412922,194.88803610233055,-8.33059354129221
42.4145,42.4145,210.0,200.56996956898993,194.94545219515322,-16.529969568989934
42.434,42.434,223.0,200.7755862592704,195.00267630493974,-3.7355862592703986
42.4534,42.4534,220.0,200.98614990677896,195.05958874147132,-6.946149906778963
42.4729,42.4729,200.0,201.20361835334904,195.1163035892485,-27.163618353349044
42.4923,42.4923,191.0,201.42661645479842,195.1727022625318,-36.38661645479842
42.5118,42.5118,203.0,201.65735473174576,195.2288979221465,-24.617354731745756
42.5313,42.5313,217.0,201.89530655296068,195.28483030942982,-10.855306552960677
42.5507,42.5507,213.0,202.1399163345232,195.34044034700895,-15.099916334523208
42.5702,42.5702,232.0,202.39362044117448,195.39583982277765,3.6463795588255223
42.5896,42.5896,177.0,202.65481800340055,195.45091321366294,-51.61481800340055
42.6091,42.6091,208.0,202.9262847099771,195.5057713399352,-20.886284709977097
42.6285,42.6285,210.0,203.20623127708296,195.56029968027985,-19.166231277082964
42.648,42.648,213.0,203.49775805381282,195.61460806028336,-16.457758053812817
42.6675,42.6675,182.0,203.8002688119587,195.66863851688476,-47.76026881195869
42.6869,42.6869,211.0,204.11312254595828,195.7223342375023,-19.073122545958277
42.7064,42.7064,209.0,204.43988603850204,195.77580364059264,-21.39988603850204
42.7258,42.7258,177.0,204.77847425121016,195.8289352655443,-53.73847425121016
42.7453,42.7453,198.0,205.13284882296384,195.88183670225388,-33.09284882296384
42.7647,42.7647,196.0,205.50078084987024,195.9343976066427,-35.46078084987024
42.7842,42.7842,194.0,205.88670982454997,195.98672454022764,-37.84670982454997
42.8037,42.8037,208.0,206.29023432964698,196.03876179467267,-24.25023432964698
42.8231,42.8231,189.0,206.71059963929264,196.09045478264684,-43.67059963929264
42.8426,42.8426,178.0,207.153107797029,196.14190874309006,-55.11310779702901
42.862,42.862,202.0,207.61513184241159,196.19301635659306,-31.575131842411587
42.8815,42.8815,195.0,208.10268413880294,196.24388177483107,-39.06268413880294
42.9009,42.9009,209.0,208.61313163572368,196.29439879150692,-25.573131635723676
42.9204,42.9204,219.0,209.15311108234047,196.34467068344904,-16.113111082340474
42.9399,42.9399,210.0,209.72265247739415,196.39464405245027,-25.68265247739415
42.9593,42.9593,199.0,210.32114273165092,196.44426659935212,-37.281142731650924
42.9788,42.9788,224.0,210.95702469855786,196.4936402989014,-12.91702469855786
42.9982,42.9982,210.0,211.62731750369056,196.5426620306532,-27.587317503690564
43.0177,43.0177,219.0,212.3415200523691,196.5914328252003,-19.301520052369106
43.0371,43.0371,183.0,213.09653574356798,196.63985075227708,-56.056535743567984
43.0566,43.0566,198.0,213.90385817526357,196.6880159503186,-41.863858175263566
43.0761,43.0761,190.0,214.76437977591732,196.73587728017608,-50.72437977591732
43.0955,43.0955,215.0,215.67894670857802,196.7833847446998,-26.638946708578025
43.115,43.115,213.0,216.6620842755657,196.83063699353892,-29.62208427556569
43.1344,43.1344,238.0,217.71113108148407,196.8775349506856,-5.67113108148407
43.1539,43.1539,213.0,218.84450716254284,196.92417639278972,-31.80450716254284
43.1733,43.1733,210.0,220.06029230876314,196.97046339762937,-36.02029230876314
43.1928,43.1928,233.0,221.38213927348747,197.0164927902452,-14.342139273487469
43.2123,43.2123,227.0,222.81827972619095,197.06221579394966,-21.778279726190952
43.2317,43.2317,236.0,224.37877275070343,197.10758468831682,-14.338772750703434
43.2512,43.2512,219.0,226.10253981427692,197.1526948515162,-33.062539814276924
43.2706,43.2706,237.0,228.002210782031,197.1974512278629,-16.962210782031
43.2901,43.2901,246.0,230.13711870233857,197.2419481924616,-10.09711870233857
43.3095,43.3095,217.0,232.53831327383855,197.28609178913769,-41.498313273838555
43.329,43.329,266.0,235.3007050505874,197.32997534354547,4.739294949412603
43.3485,43.3485,254.0,238.50714828291595,197.37355204810692,-10.46714828291595
43.3679,43.3679,237.0,242.25875770234953,197.41677614704037,-31.218757702349528
43.3874,43.3874,243.0,246.75165391288843,197.45973945502476,-29.71165391288843
43.4068,43.4068,317.0,252.13796869580983,197.50235071023178,38.90203130419017
43.4263,43.4263,269.0,258.7214646480765,197.54470067954446,-15.681464648076506
43.4457,43.4457,284.0,266.738922689127,197.5866991509809,-8.69892268912698
43.4652,43.4652,308.0,276.62786901507326,197.6284358428826,5.4121309849267405
43.4847,43.4847,279.0,288.7736379166963,197.66986578817094,-35.73363791669632
43.5041,43.5041,318.0,303.55742315517654,197.71094506940716,-11.517423155176537
43.5236,43.5236,342.0,321.63417593885634,197.75176183195578,-5.5941759388563455
43.543,43.543,348.0,343.3449155657495,197.79222848635078,-21.30491556574949
43.5625,43.5625,354.0,369.41157550440664,197.83243213101298,-41.37157550440664
43.5819,43.5819,355.0,400.04022094740105,197.87228622380138,-71.00022094740106
43.6014,43.6014,420.0,435.929904987719,197.9118768168584,-41.889904987719
43.6209,43.6209,420.0,477.1865272148318,197.95116077837653,-83.14652721483182
43.6403,43.6403,439.0,523.6195801389223,197.9900960238521,-110.5795801389223
43.6598,43.6598,493.0,575.5459836663211,198.02876703594518,-108.50598366632116
43.6792,43.6792,495.0,631.995604975201,198.06708988918984,-162.955604975201
43.6987,43.6987,571.0,692.7602393749193,198.10514802169453,-147.72023937491926
43.7181,43.7181,573.0,756.0286869354168,198.1428585528941,-208.98868693541678
43.7376,43.7376,673.0,820.8072225506338,198.18030387706116,-173.76722255063382
43.757,43.757,727.0,884.3089333349839,198.2174021578063,-183.26893333498387
43.7765,43.7765,819.0,944.6022196870206,198.25423474629736,-151.5622196870206
43.796,43.796,854.0,998.4498590105364,198.29076086401173,-170.40985901053645
43.8154,43.8154,935.0,1042.7341324340089,198.32694077646457,-133.69413243400888
43.8349,43.8349,1044.0,1075.4067230674707,198.36285427022798,-57.366723067470694
43.8543,43.8543,1114.0,1094.4843864232764,198.3984221174233,-6.44438642327642
43.8738,43.8738,1234.0,1099.532765551943,198.43372306340746,108.50723444805706
43.8932,43.8932,1214.0,1090.7987012256028,198.46867892182468,97.24129877439717
43.9127,43.9127,1298.0,1069.2064919879788,198.50336739759777,202.8335080120212
43.9322,43.9322,1205.0,1036.1203386764944,198.53774953750695,142.9196613235056
43.9516,43.9516,1119.0,993.422732369489,198.57178742962748,99.61726763051095
43.9711,43.9711,1100.0,942.5129451512919,198.60555721839103,131.5270548487081
43.9905,43.9905,1077.0,885.9518268450171,198.63898331909763,165.0881731549829
44.01,44.01,975.0,825.4190780273971,198.67214083776034,123.62092197260293
44.0294,44.0294,949.0,763.7167967773703,198.70495522837393,159.3232032226297
44.0489,44.0489,800.0,702.2232098098928,198.7375005593637,71.81679019010724
44.0684,44.0684,793.0,642.9318972657207,198.76973969794298,124.10810273427924
44.0878,44.0878,748.0,587.4084760133503,198.8016365497029,134.63152398664968
44.1073,44.1073,657.0,535.9495287839853,198.8332636269443,95.09047121601466
44.1267,44.1267,601.0,489.6029540362076,198.86454897802528,85.43704596379237
44.1462,44.1462,550.0,448.119085668676,198.89556407979902,75.92091433132398
44.1656,44.1656,479.0,411.90982255755137,198.92623801631606,41.130177442448634
44.1851,44.1851,473.0,380.4211839870328,198.95664122986156,66.61881601296719
44.2046,44.2046,423.0,353.5231427089582,198.98673840290704,43.51685729104182
44.224,44.224,402.0,330.9134917051095,199.01649525321085,45.126508294890506
44.2435,44.2435,415.0,311.90096162997025,199.04598067155985,77.13903837002974
44.2629,44.2629,398.0,296.2061392261612,199.07512632864245,75.83386077383878
44.2824,44.2824,340.0,283.20593806029535,199.10400008294067,30.834061939704647
44.3018,44.3018,348.0,272.59346359052716,199.13253463766085,49.446536409472834
44.3213,44.3213,313.0,263.8584440753856,199.160796819909,23.181555924614408
44.3408,44.3408,316.0,256.70545808356457,199.18875312193697,33.334541916435434
44.3602,44.3602,278.0,250.85748108775226,199.21637106802152,1.1825189122477369
44.3797,44.3797,309.0,245.9970971796626,199.2437159386538,37.042902820337396
44.3991,44.3991,300.0,241.96520484171452,199.27072301552488,32.074795158285475
44.4186,44.4186,283.0,238.55035000633688,199.29745655013508,18.489649993663114
44.438,44.438,246.0,235.6539608930112,199.32385285334857,-15.613960893011203
44.4575,44.4575,267.0,233.14142436694203,199.34997514865185,7.898575633057966
44.477,44.477,265.0,230.94716432287325,199.37579173249503,8.09283567712675
44.4964,44.4964,250.0,229.01830977607932,199.4012719299223,-4.978309776079321
44.5159,44.5159,285.0,227.28728645271164,199.42647742314116,31.75271354728836
44.5353,44.5353,246.0,225.73677066437764,199.4513470931984,-5.696770664377645
44.5548,44.5548,239.0,224.32283602776232,199.47594159687063,-11.282836027762322
44.5742,44.5742,240.0,223.03909595140863,199.50020084106285,-8.999095951408627
44.5937,44.5937,238.0,221.85552042755305,199.52418445925872,-9.815520427553047
44.6132,44.6132,247.0,220.76577928468305,199.5478625479048,0.27422071531695025
44.6326,44.6326,227.0,219.76447032589405,199.57120622969578,-18.724470325894053
44.6521,44.6521,215.0,218.8321036067063,199.59427360423746,-29.792103606706313
44.6715,44.6715,217.0,217.97227886114524,199.6170071569428,-26.932278861145242
44.691,44.691,226.0,217.16706345686023,199.63946408088552,-17.127063456860235
44.7104,44.7104,216.0,216.42061183173038,199.66158806708552,-26.380611831730384
44.7299,44.7299,184.0,215.72034130091055,199.68343538844283,-57.68034130091055
44.7494,44.7494,202.0,215.06597130903384,199.70497824281685,-39.02597130903384
44.7688,44.7688,206.0,214.45674848109272,199.72618981671522,-34.41674848109272
44.7883,44.7883,215.0,213.88273893633797,199.74712500960644,-24.842738936337973
44.8077,44.8077,195.0,213.34708644244415,199.7677303573235,-44.30708644244415
44.8272,44.8272,205.0,212.84123636025984,199.78805996156893,-33.80123636025984
44.8466,44.8466,209.0,212.3680648878716,199.80806152637072,-29.328064887871612
44.8661,44.8661,200.0,211.92025515085697,199.82778829838554,-37.880255150856975
44.8856,44.8856,212.0,211.49887142292917,199.84721483293146,-25.45887142292917
44.905,44.905,210.0,211.1029524569642,199.86631678598815,-27.062952456964204
44.9245,44.9245,225.0,210.72710448584047,199.88514621021795,-11.687104485840472
44.9439,44.9439,203.0,210.3737872229046,199.90365392152563,-33.33378722290461
44.9634,44.9634,199.0,210.03772715929745,199.92189110720778,-36.99772715929745
44.9828,44.9828,201.0,209.7212959374077,199.93980972238558,-34.68129593740769
45.0023,45.0023,228.0,209.41984435508468,199.95746011977488,-7.379844355084678
45.0218,45.0218,199.0,209.1339874253116,199.97481925389465,-36.0939874253116
45.0412,45.0412,190.0,208.86414067225203,199.99186510484986,-44.824140672252035
45.0607,45.0607,209.0,208.60641349058477,200.00864668455498,-25.56641349058477
45.0801,45.0801,197.0,208.36278463055672,200.02511874336946,-37.32278463055672
45.0996,45.0996,203.0,208.12978911813835,200.04132941919332,-31.08978911813835
45.119,45.119,192.0,207.90919290097372,200.05723465935603,-41.86919290097372
45.1385,45.1385,198.0,207.69791727956567,200.0728817560459,-35.65791727956567
45.158,45.158,186.0,207.49653745132534,200.0882498461323,-47.45653745132534
45.1774,45.1774,180.0,207.3055311661116,200.10331914360953,-53.26553116611159
45.1969,45.1969,191.0,207.12224667576243,200.1181355014136,-42.08224667576243
45.2163,45.2163,181.0,206.9481599560667,200.13265749768152,-51.90815995606669
45.2358,45.2358,211.0,206.7808798606767,200.14692993208962,-21.740879860676692
45.2552,45.2552,185.0,206.62183609420194,200.16091234801934,-47.58183609420194
45.2747,45.2747,183.0,206.46884820558324,200.17464860840664,-49.42884820558324
45.2942,45.2942,165.0,206.32243615623904,200.18811965379047,-67.28243615623904
45.3136,45.3136,160.0,206.18298055915838,200.20130738658125,-72.14298055915839
45.3331,45.3331,182.0,206.04859767444316,200.2142539176649,-50.00859767444316
45.3525,45.3525,187.0,205.9204889148722,200.226920965177,-44.88048891487221
45.372,45.372,175.0,205.7969243120939,200.2393493752453,-56.75692431209389
45.3914,45.3914,174.0,205.67899761722194,200.25150180357537,-57.63899761722194
45.4109,45.4109,219.0,205.56512620590743,200.2634179808425,-12.525126205907434
45.4304,45.4304,190.0,205.45577089293462,200.27507989521587,-41.415770892934624
45.4498,45.4498,179.0,205.35124646123435,200.28647060274716,-52.311246461234354
45.4693,45.4693,181.0,205.2501826086172,200.29762830233,-50.210182608617195
45.4887,45.4887,173.0,205.15350082729256,200.30851793963598,-58.11350082729256
45.5082,45.5082,186.0,205.05992377197376,200.319176585995,-45.01992377197376
45.5276,45.5276,202.0,204.97033464203668,200.3295700079533,-28.930334642036676
45.5471,45.5471,179.0,204.88355798731075,200.33973414298876,-51.84355798731075
45.5666,45.5666,187.0,204.79993547238092,200.34965262782353,-43.759935472380924
45.586,45.586,187.0,204.71976318498392,200.35931002125005,-43.67976318498392
45.6055,45.6055,188.0,204.64199317021476,200.36874077639357,-42.60199317021476
45.6249,45.6249,205.0,204.56737816104726,200.37791311839143,-25.52737816104726
45.6444,45.6444,175.0,204.494949900773,200.38686048805482,-55.45494990077301
45.6638,45.6638,168.0,204.42538997421252,200.395552207216,-62.38538997421252
45.6833,45.6833,198.0,204.3578019040921,200.40402073485038,-32.3178019040921
45.7028,45.7028,189.0,204.2924904776907,200.41225119268597,-41.252490477690706
45.7222,45.7222,213.0,204.2296925779132,200.42022975935276,-17.1896925779132
45.7417,45.7417,190.0,204.16861229308853,200.42798732179014,-40.12861229308853
45.7611,45.7611,183.0,204.10983146894645,200.435495603917,-47.069831468946454
45.7806,45.7806,189.0,204.0526033953794,200.44278463238368,-41.01260339537941
45.8,45.8,171.0,203.99749660522966,200.4498270818103,-58.95749660522966
45.8195,45.8195,214.0,203.94381031442046,200.45665194993174,-15.903810314420461
45.839,45.839,175.0,203.89178624460249,200.46324610614263,-54.851786244602486
45.8584,45.8584,186.0,203.84161417081182,200.4695975181816,-43.801614170811824
45.8779,45.8779,199.0,203.79269246681423,200.47573358373762,-30.75269246681423
45.8973,45.8973,189.0,203.7454830269656,200.4816292943954,-40.70548302696559
45.9168,45.9168,199.0,203.69940433640537,200.48731111750433,-30.659404336405366
45.9362,45.9362,185.0,203.65490741022498,200.49275509988334,-44.61490741022498
45.9557,45.9557,200.0,203.61143933290637,200.49798680214582,-29.571439332906372
45.9752,45.9752,177.0,203.56921119343764,200.5029949204899,-52.52921119343764
45.9946,45.9946,212.0,203.52838295258337,200.50776921142506,-17.488382952583372
46.0141,46.0141,197.0,203.4884605882018,200.51233372870578,-32.448460588201804
46.0335,46.0335,174.0,203.4498357738294,200.51666712615548,-55.40983577382939
46.053,46.053,184.0,203.4120368834688,200.5207926627986,-45.3720368834688
46.0724,46.0724,200.0,203.3754438880069,200.5246899167112,-29.335443888006914
46.0919,46.0919,199.0,203.3396143248106,200.52838102393667,-30.299614324810612
46.1114,46.1114,193.0,203.30471017109193,200.53185649850403,-36.26471017109193
46.1308,46.1308,210.0,203.2708729520652,200.53510790235495,-19.23087295206519
46.1503,46.1503,155.0,203.2377108844339,200.5381560934718,-74.19771088443392
46.1697,46.1697,187.0,203.20554319497265,200.5409833573572,-42.16554319497265
46.1892,46.1892,184.0,203.1739954891837,200.54360945487747,-45.13399548918371
46.2086,46.2086,185.0,203.14336844367858,200.5460173758002,-44.10336844367858
46.2281,46.2281,189.0,203.11330764621752,200.54822585965644,-40.07330764621752
46.2476,46.2476,161.0,203.08395633099383,200.55022701905247,-68.04395633099384
46.267,46.267,169.0,203.05543265251478,200.5520139359682,-60.01543265251478
46.2865,46.2865,185.0,203.02741348360536,200.55360366020358,-43.98741348360536
46.3059,46.3059,210.0,203.0001566796074,200.55498118107832,-18.960156679607387
46.3254,46.3254,178.0,202.97337113666399,200.55616240495,-50.933371136663986
46.3448,46.3448,181.0,202.94729884918812,200.55713338298622,-47.907298849188116
46.3643,46.3643,190.0,202.92165471126413,200.55790910202796,-38.881654711264126
46.3838,46.3838,177.0,202.89655351597773,200.5584829681423,-51.85655351597773
46.4032,46.4032,172.0,202.87209008123355,200.55884935854945,-56.83209008123355
46.4227,46.4227,211.0,202.84801112764228,200.55902167516365,-17.80801112764228
46.4421,46.4421,162.0,202.82452958726083,200.55898802878522,-66.78452958726083
46.4616,46.4616,174.0,202.80139811432957,200.55876086066294,-54.76139811432957
46.481,46.481,197.0,202.77882447101283,200.55832916652798,-31.738824471012826
46.5005,46.5005,174.0,202.75657122538894,200.55770411813563,-54.71657122538894
46.5199,46.5199,185.0,202.7348405830033,200.55687561706608,-43.69484058300329
46.5394,46.5394,188.0,202.71340850848614,200.5558538261874,-40.67340850848614
46.5589,46.5589,181.0,202.69236385987602,200.55463383909427,-47.652363859876026
46.5783,46.5783,177.0,202.67178673246377,200.55321169837197,-51.63178673246377
46.5978,46.5978,184.0,202.6514718212899,200.55159603788783,-44.6114718212899
46.6172,46.6172,201.0,202.63159449316257,200.54977885261678,-27.591594493162567
46.6367,46.6367,200.0,202.6119619127118,200.54776769831946,-28.571961912711792
46.6561,46.6561,174.0,202.59273568594594,200.54555557228784,-54.55273568594594
46.6756,46.6756,203.0,202.57373113725671,200.5431492466488,-25.533731137256716
46.6951,46.6951,190.0,202.55502912316925,200.5405453496447,-38.51502912316925
46.7145,46.7145,182.0,202.53669379032357,200.53774155969532,-46.49669379032357
46.734,46.734,207.0,202.5185585332891,200.53474322138902,-21.47855853328911
46.7534,46.7534,202.0,202.50076173234675,200.53154573156348,-26.460761732346747
46.7729,46.7729,195.0,202.48315516831332,200.52815355694239,-33.44315516831332
46.7923,46.7923,204.0,202.46586649644735,200.52456325441344,-24.425866496447348
46.8118,46.8118,206.0,202.44875062932198,200.52077848425455,-22.40875062932198
46.8313,46.8313,211.0,202.43186970994861,200.5167979551253,-17.391869709948615
46.8507,46.8507,198.0,202.41527642003862,200.51262143607084,-30.375276420038624
46.8702,46.8702,209.0,202.39884161774705,200.5082515195565,-19.358841617747053
46.8896,46.8896,207.0,202.38267872661203,200.5036875798202,-21.34267872661203
46.9091,46.9091,223.0,202.366663020912,200.49893146073947,-5.326663020912001
46.9285,46.9285,200.0,202.35090245991375,200.49398372221935,-28.310902459913756
46.948,46.948,206.0,202.3352826647547,200.4888454256206,-22.295282664754687
46.9675,46.9675,197.0,202.31985450305606,200.48351759863118,-31.279854503056065
46.9869,46.9869,210.0,202.3046622859416,200.4780023232367,-18.26466228594159
47.0064,47.0064,180.0,202.28960104073866,200.4722995114676,-48.24960104073866
47.0258,47.0258,192.0,202.27476392499742,200.466412484839,-36.23476392499742
47.0453,47.0453,221.0,202.2600516158432,200.46034028137726,-7.220051615843197
47.0647,47.0647,185.0,202.2455553458144,200.45408711350638,-43.20555534581441
47.0842,47.0842,187.0,202.2311809346789,200.44765116040074,-41.19118093467889
47.1037,47.1037,178.0,202.2169714564118,200.4410353687048,-50.17697145641181
47.1231,47.1231,201.0,202.20296094761633,200.4342436028561,-27.162960947616334
47.1426,47.1426,174.0,202.18907008698594,200.42727252285795,-54.14907008698594
47.162,47.162,204.0,202.17537233417212,200.42012868384424,-24.135372334172125
47.1815,47.1815,176.0,202.16179076105078,200.41280779582704,-52.12179076105078
47.2009,47.2009,202.0,202.14839277490262,200.40531733769836,-26.10839277490262
47.2204,47.2204,159.0,202.13511419872708,200.39765210499857,-69.09511419872709
47.2399,47.2399,172.0,202.12198385047162,200.3898166607285,-56.08198385047162
47.2593,47.2593,181.0,202.10902911580388,200.38181627194496,-47.06902911580388
47.2788,47.2788,192.0,202.096189551119,200.3736440965369,-36.05618955111901
47.2982,47.2982,202.0,202.0835204085319,200.36530952053758,-26.04352040853191
47.3177,47.3177,160.0,202.07096802577038,200.35680474651215,-68.03096802577039
47.3371,47.3371,183.0,202.0585814491256,200.34814019962428,-45.0185814491256
47.3566,47.3566,195.0,202.04631202275093,200.33930704450867,-33.006312022750926
47.3761,47.3761,179.0,202.0341825688427,200.33031091856728,-48.99418256884271
47.3955,47.3955,214.0,202.02221293164774,200.32115842360534,-13.982212931647744
47.415,47.415,194.0,202.01036272230542,200.3118392785605,-33.97036272230542
47.4344,47.4344,197.0,201.99866916370897,200.30236603237634,-30.95866916370897
47.4539,47.4539,176.0,201.98709784308292,200.29272763989138,-51.94709784308292
47.4733,47.4733,169.0,201.97568019175833,200.28293766357493,-58.93568019175833
47.4928,47.4928,174.0,201.96438663925954,200.27298411204575,-53.924386639259545
47.5123,47.5123,195.0,201.9532347398308,200.26287417091453,-32.913234739830806
47.5317,47.5317,181.0,201.94223481258976,200.2526158284666,-46.90223481258976
47.5512,47.5512,163.0,201.93136598711425,200.24219551817953,-64.89136598711426
47.5706,47.5706,193.0,201.92064636722125,200.2316287202527,-34.88064636722125
47.5901,47.5901,182.0,201.91006215943744,200.2209007130922,-45.870062159437445
47.6095,47.6095,172.0,201.899628585381,200.21002772571546,-55.85962858538101
47.629,47.629,182.0,201.88933273454248,200.19899411337863,-45.84933273454248
47.6485,47.6485,218.0,201.87918509457762,200.1878082029751,-9.839185094577623
47.6679,47.6679,189.0,201.86918698503618,200.1764791769628,-38.82918698503618
47.6874,47.6874,208.0,201.85933705797677,200.16498993740944,-19.819337057976774
47.7068,47.7068,176.0,201.84963660073961,200.15335883017536,-51.809636600739616
47.7263,47.7263,186.0,201.84008908813823,200.14156798342086,-41.80008908813823
47.7457,47.7457,188.0,201.83069477468396,200.1296366739342,-39.79069477468396
47.7652,47.7652,175.0,201.8214608611152,200.117546018439,-52.781460861115214
47.7847,47.7847,201.0,201.81238900133485,200.10530596002005,-26.77238900133485
47.8041,47.8041,191.0,201.80347133870254,200.0929272389156,-36.76347133870254
47.8236,47.8236,199.0,201.79472546675987,200.08038961101178,-28.754725466759872
47.843,47.843,196.0,201.7861399937132,200.06771457968415,-31.746139993713193
47.8625,47.8625,207.0,201.77773576119756,200.05488110138336,-20.737735761197563
47.8819,47.8819,174.0,201.76949446888753,200.0419117037818,-53.72949446888753
47.9014,47.9014,190.0,201.76144720493863,200.0287846281713,-37.721447204938634
47.9209,47.9209,196.0,201.75358085817953,200.0155115375714,-31.713580858179533
47.9403,47.9403,198.0,201.74588945070735,200.0021049967269,-29.705889450707353
47.9598,47.9598,189.0,201.73840585472666,199.98854187083992,-38.698405854726666
47.9792,47.9792,177.0,201.73109948507687,199.97484706273693,-50.69109948507687
47.9987,47.9987,195.0,201.72401795907192,199.96099662464803,-32.684017959071916
48.0181,48.0181,203.0,201.71711855174144,199.94701626441503,-24.677118551741437
48.0376,48.0376,200.0,201.71045758812465,199.93288111315564,-27.670457588124656
48.0571,48.0571,175.0,201.7040160256449,199.91860459529252,-52.664016025644905
48.0765,48.0765,170.0,201.6977719604039,199.90420110252683,-57.65777196040391
48.096,48.096,181.0,201.69179004912516,199.88964452961713,-46.65179004912516
48.1154,48.1154,182.0,201.68601381578367,199.87496279085852,-45.64601381578367
48.1349,48.1349,179.0,201.68051717004641,199.8601287106383,-48.640517170046415
48.1543,48.1543,182.0,201.67523593882132,199.84517097993358,-45.63523593882132
48.1738,48.1738,186.0,201.67024770412002,199.830061429363,-41.630247704120016
48.1933,48.1933,179.0,201.66553378650582,199.81481465537638,-48.62553378650582
48.2127,48.2127,169.0,201.66105096580134,199.79944611307036,-58.62105096580134
48.2322,48.2322,181.0,201.6568955970133,199.7839261867158,-46.61689559701329
48.2516,48.2516,198.0,201.65298570180866,199.76828540974273,-29.61298570180866
48.2711,48.2711,187.0,201.64941948682937,199.75249309733027,-40.609419486829374
48.2905,48.2905,178.0,201.6461186444807,199.73658067100007,-49.60611864448071
48.31,48.31,167.0,201.6431835504893,199.7205166377934,-60.60318355048931
48.3295,48.3295,192.0,201.6405818960819,199.70431682527266,-35.6005818960819
48.3489,48.3489,172.0,201.6382621244311,199.68799777192706,-55.598262124431095
48.3684,48.3684,220.0,201.6363448985804,199.6715264774337,-7.596344898580405
48.3878,48.3878,204.0,201.63473519061253,199.65493619756813,-23.594735190612532
48.4073,48.4073,189.0,201.63355413321827,199.63819300059288,-38.59355413321827
48.4267,48.4267,183.0,201.63269318202438,199.6213311690519,-44.592693182024384
48.4462,48.4462,198.0,201.63229704903569,199.60431602515402,-29.592297049035686
48.4657,48.4657,190.0,201.6323114864518,199.58716479350448,-37.59231148645181
48.4851,48.4851,190.0,201.63267498299987,199.56989563143074,-37.592674982999874
48.5046,48.5046,176.0,201.63354916201718,199.55247261833702,-51.593549162017176
48.524,48.524,204.0,201.63479914824788,199.5349322546576,-23.59479914824788
48.5435,48.5435,202.0,201.6365987020333,199.51723768722803,-25.596598702033297
48.5629,48.5629,175.0,201.63879634278877,199.49942629314734,-52.598796342788766
48.5824,48.5824,184.0,201.6415832864406,199.48146057445757,-43.60158328644061
48.6019,48.6019,165.0,201.644885201357,199.46335938092193,-62.604885201357
48.6213,48.6213,177.0,201.64863424640004,199.44514238529442,-50.60863424640004
48.6408,48.6408,190.0,201.65303715800252,199.42677051328627,-37.61303715800252
48.6602,48.6602,188.0,201.65791278627117,199.408282992836,-39.61791278627117
48.6797,48.6797,190.0,201.66348977620305,199.38963983375018,-37.62348977620305
48.6991,48.6991,159.0,201.66957459407115,199.37088112681292,-68.62957459407116
48.7186,48.7186,170.0,201.67640460795852,199.35196605013945,-57.63640460795852
48.7381,48.7381,184.0,201.68390828242485,199.33291447481187,-43.64390828242485
48.7575,48.7575,185.0,201.69197762009273,199.31374698399898,-42.65197762009273
48.777,48.777,189.0,201.7008845419408,199.29442111200294,-38.66088454194081
48.7964,48.7964,179.0,201.71040008458533,199.27497867739186,-48.67040008458533
48.8159,48.8159,169.0,201.72080670792178,199.2553763599145,-58.68080670792178
48.8353,48.8353,170.0,201.73188429767902,199.23565676051606,-57.69188429767902
48.8548,48.8548,173.0,201.74391745174,199.21577551439117,-54.703917451740004
48.8743,48.8743,184.0,201.75681782983753,199.19575345372687,-43.71681782983753
48.8937,48.8937,185.0,201.77045286665134,199.1756121378494,-42.73045286665134
48.9132,48.9132,174.0,201.78516657164224,199.15530567626797,-53.74516657164224
48.9326,48.9326,186.0,201.80067677889346,199.13487832988238,-41.76067677889346
48.9521,48.9521,172.0,201.817346196322,199.11428325208888,-55.77734619632201
48.9715,48.9715,202.0,201.83488140963956,199.09356542047308,-25.794881409639565
48.991,48.991,196.0,201.8536748886576,199.07267702768294,-31.813674888657594
49.0105,49.0105,147.0,201.87359095443546,199.05164007660773,-80.83359095443546
49.0299,49.0299,175.0,201.89448300354115,199.03047745990307,-52.854483003541155
49.0494,49.0494,207.0,201.91677451747722,199.0091399874838,-20.876774517477223
49.0688,49.0688,211.0,201.94012932303883,198.98767435725438,-16.900129323038833
49.0883,49.0883,196.0,201.96501662072598,198.96603058404506,-31.925016620725977
49.1077,49.1077,197.0,201.99104776555845,198.94425643541894,-30.95104776555845
49.1272,49.1272,173.0,202.01873996802837,198.92230128665395,-54.97873996802837
49.1467,49.1467,172.0,202.04791558559594,198.90018862772382,-56.007915585595946
49.1661,49.1661,197.0,202.07840923502724,198.8779426611437,-31.03840923502724
49.1856,49.1856,193.0,202.1107820222126,198.85551137630597,-35.07078202221259
49.205,49.205,199.0,202.144579800911,198.83294456633755,-29.104579800911004
49.2245,49.2245,188.0,202.18042410891516,198.81018951298904,-40.14042410891516
49.2439,49.2439,211.0,202.2178280855793,198.78729694833203,-17.1778280855793
49.2634,49.2634,175.0,202.2574453908701,198.76421342640472,-53.21744539087009
49.2829,49.2829,201.0,202.29911123918407,198.7409639624156,-27.259111239184072
49.3023,49.3023,187.0,202.34257042219667,198.71757429154215,-41.30257042219667
49.3218,49.3218,195.0,202.38857632101414,198.69398987501717,-33.34857632101414
49.3412,49.3412,183.0,202.43655471317007,198.67026360026318,-45.39655471317007
49.3607,49.3607,184.0,202.48731605727636,198.6463401724121,-44.44731605727636
49.3801,49.3801,191.0,202.54025594617158,198.62227330914098,-37.500255946171585
49.3996,49.3996,181.0,202.59623930156363,198.5980068517232,-47.55623930156363
49.419,49.419,183.0,202.65463696905323,198.57359532437854,-45.61463696905323
49.4385,49.4385,190.0,202.71639461762337,198.54898174445114,-38.676394617623366
49.458,49.458,158.0,202.78125310195495,198.52419289311993,-70.74125310195495
49.4774,49.4774,182.0,202.84891985807627,198.49925637307152,-46.80891985807627
49.4969,49.4969,197.0,202.92044041424495,198.47411377024233,-31.88044041424495
49.5163,49.5163,173.0,202.9950862880036,198.44882129581063,-55.95508628800359
49.5358,49.5358,189.0,203.0740222803864,198.42331977022056,-40.0340222803864
49.5552,49.5552,218.0,203.1564087707593,198.39766616667535,-11.1164087707593
49.5747,49.5747,198.0,203.24354309400474,198.3718004181153,-31.203543094004736
49.5942,49.5942,209.0,203.3350945703026,198.34575050862819,-20.295094570302602
49.6136,49.6136,225.0,203.4307416834733,198.3195452941479,-4.390741683473287
49.6331,49.6331,193.0,203.5319435071654,198.29312378478085,-36.49194350716541
49.6525,49.6525,205.0,203.6376961601919,198.26654523158172,-24.597696160191894
49.672,49.672,196.0,203.74963687684584,198.2397479161541,-33.70963687684584
49.6914,49.6914,200.0,203.86668432264258,198.21279204035568,-29.826684322642585
49.7109,49.7109,171.0,203.99060378098207,198.18561528429603,-58.95060378098207
49.7304,49.7304,192.0,204.1211264548067,198.1582475582876,-38.0811264548067
49.7498,49.7498,187.0,204.25775525461754,198.13071943823726,-43.217755254617536
49.7693,49.7693,192.0,204.40258728039387,198.10296743904843,-38.362587280393875
49.7887,49.7887,202.0,204.55432305962296,198.07505379860248,-28.51432305962296
49.8082,49.8082,219.0,204.71527620789666,198.0469142886742,-11.675276207896665
49.8276,49.8276,233.0,204.8840738505773,198.01861206924102,2.1559261494227044
49.8471,49.8471,214.0,205.06325424954133,197.9900822910097,-17.02325424954133
49.8666,49.8666,208.0,205.2525274806332,197.96135634741134,-23.212527480633206
49.886,49.886,201.0,205.4513256011157,197.9324665044493,-30.411325601115713
49.9055,49.9055,223.0,205.66269699093354,197.90334697559507,-8.622696990933541
49.9249,49.9249,205.0,205.8850043995651,197.8740632358819,-26.845004399565106
49.9444,49.9444,208.0,206.12157176589255,197.84454885189845,-24.081571765892555
49.9638,49.9638,221.0,206.37073499946467,197.81487021373053,-11.330734999464674
49.9833,49.9833,189.0,206.63631457769583,197.784960365661,-43.59631457769583
50.0028,50.0028,200.0,206.91798536206747,197.75485268303177,-32.87798536206747
50.0222,50.0222,199.0,207.21526514968144,197.72458132487395,-34.175265149681444
50.0417,50.0417,206.0,207.53270196043886,197.69407833260357,-27.492701960438858
50.0611,50.0611,216.0,207.86831727793924,197.66341237370264,-17.82831727793924
50.0806,50.0806,206.0,208.22739497799918,197.63251493989358,-28.187394977999183
50.1,50.1,190.0,208.60761222380546,197.60145565965863,-44.56761222380546
50.1195,50.1195,219.0,209.0151434084623,197.57016546432206,-15.975143408462309
50.139,50.139,238.0,209.44989102233743,197.53867961674052,2.590108977662574
50.1584,50.1584,195.0,209.91175728237013,197.507034185468,-40.87175728237013
50.1779,50.1779,218.0,210.4083527145803,197.47515903953573,-18.368352714580304
50.1973,50.1973,221.0,210.93704333973693,197.44312596116757,-15.897043339736932
50.2168,50.2168,202.0,211.5069206125712,197.4108641836019,-35.46692061257121
50.2362,50.2362,202.0,212.11536851554578,197.37844632995507,-36.07536851554578
50.2557,50.2557,220.0,212.77324123958257,197.34580102403578,-18.733241239582576
50.2752,50.2752,234.0,213.4821284842373,197.3129652676335,-5.442128484237308
50.2946,50.2946,252.0,214.24370561828937,197.2799768503484,11.79629438171063
50.3141,50.3141,249.0,215.07301531497,197.24676342319714,7.966984685029992
50.3335,50.3335,226.0,215.9693422135751,197.21339973879162,-15.92934221357509
50.353,50.353,225.0,216.95269524119232,197.1798127038099,-17.912695241192317
50.3724,50.3724,245.0,218.0254959329987,197.1460778259302,1.0145040670013046
50.3919,50.3919,236.0,219.2153390322426,197.11212129564288,-9.175339032242611
50.4114,50.4114,251.0,220.53857769216384,197.07798148800566,4.501422307836158
50.4308,50.4308,266.0,222.01388305048346,197.04369751908231,18.026116949516542
50.4503,50.4503,262.0,223.69221761111393,197.00919447200403,12.347782388886067
50.4697,50.4697,266.0,225.60080113136343,196.97454971825567,14.439198868636574
50.4892,50.4892,296.0,227.81697673724645,196.9396876057011,42.22302326275355
50.5086,50.5086,271.0,230.3908398586231,196.90468624014792,14.649160141376889
50.5281,50.5281,277.0,233.44054455168086,196.86946923682314,17.59945544831914
50.5476,50.5476,302.0,237.06587023019975,196.83407626251437,38.97412976980025
50.567,50.567,305.0,241.37839509934489,196.7985477145509,37.661604900655114
50.5865,50.5865,316.0,246.5829199145488,196.76280611322295,43.4570800854512
50.6059,50.6059,313.0,252.81236864800405,196.72693138950555,34.227631351995946
50.6254,50.6254,313.0,260.34290447663454,196.69084533767102,26.697095523365455
50.6448,50.6448,355.0,269.3262181569001,196.65462861373948,59.7137818430999
50.6643,50.6643,335.0,280.1063497931133,196.61820228862496,28.933650206886718
50.6838,50.6838,403.0,292.89382571947806,196.58160730338014,84.14617428052193
50.7032,50.7032,421.0,307.8667979340314,196.54488532027042,87.17320206596858
50.7227,50.7227,390.0,325.405367702679,196.50795632925227,38.634632297321026
50.7421,50.7421,435.0,345.53519158252067,196.47090278820448,63.50480841747933
50.7616,50.7616,446.0,368.61449572489687,196.4336439704092,51.42550427510313
50.781,50.781,506.0,394.4757813815205,196.39626304942698,85.56421861847949
50.8005,50.8005,507.0,423.373300860644,196.35867858455043,57.66669913935599
50.82,50.82,541.0,455.0373890195077,196.32093277474323,60.002610980492285
50.8394,50.8394,590.0,489.0146862983478,196.28306853076396,75.02531370165221
50.8589,50.8589,631.0,525.2091324890464,196.24500334505987,79.8308675109536
50.8783,50.8783,676.0,562.5944102000427,196.20682216951855,87.44558979995728
50.8978,50.8978,715.0,600.6852556713764,196.16844178934508,88.35474432862364
50.9172,50.9172,770.0,637.9756152847237,196.129947862658,106.06438471527625
50.9367,50.9367,741.0,673.4970220626067,196.09125647013002,41.542977937393324
50.9562,50.9562,763.0,705.5655854776824,196.05241105212852,31.474414522317637
50.9756,50.9756,804.0,732.5336872248029,196.01345575131086,45.50631277519714
50.9951,50.9951,826.0,753.3740998121032,195.97430559574903,46.66590018789683
51.0145,51.0145,827.0,766.9725883323099,195.93504799814053,34.0674116676901
51.034,51.034,785.0,773.0665425704782,195.89559728883327,-14.026542570478192
51.0534,51.0534,748.0,771.701334816267,195.85604157721747,-49.661334816267036
51.0729,51.0729,726.0,763.3270639279515,195.81629449865122,-63.287063927951486
51.0924,51.0924,755.0,748.5875121899097,195.77640071824507,-19.547512189909718
51.1118,51.1118,739.0,728.32051989059,195.7364055938085,-15.28051989059005
51.1313,51.1313,662.0,703.0596438111447,195.69622172247077,-67.01964381114473
51.1507,51.1507,653.0,673.8468354768413,195.6559389442387,-46.80683547684131
51.1702,51.1702,603.0,641.3083627529561,195.6154691681213,-64.26836275295611
51.1896,51.1896,551.0,606.7696748326883,195.5749029211966,-81.72967483268835
51.2091,51.2091,536.0,570.9329580129652,195.53415142711108,-60.892958012965174
51.2286,51.2286,492.0,535.008534559457,195.49326055890978,-68.96853455945697
51.248,51.248,430.0,500.0558209239831,195.45227687266225,-96.01582092398311
51.2675,51.2675,408.0,466.4561167903369,195.41111056828396,-84.41611679033693
51.2869,51.2869,371.0,435.08167947522935,195.36985387929747,-90.04167947522936
51.3064,51.3064,365.0,405.9667243261516,195.328416327184,-66.92672432615163
51.3258,51.3258,340.0,379.6208411439079,195.28689082283162,-65.58084114390792
51.3453,51.3453,339.0,355.8462376489722,195.2451862120691,-42.80623764897219
51.3648,51.3648,319.0,334.76080080427585,195.20334955892108,-41.72080080427585
51.3842,51.3842,307.0,316.35243122048405,195.16142860067998,-35.31243122048405
51.4037,51.4037,341.0,300.2725253578171,195.1193311740645,14.767474642182925
51.4231,51.4231,249.0,286.4966796220755,195.07715187203078,-63.45667962207548
51.4426,51.4426,259.0,274.66443013066123,195.03479786263136,-41.62443013066123
51.462,51.462,274.0,264.6698875337133,194.99236440644458,-16.62988753371328
51.4815,51.4815,275.0,256.18928918506884,194.94975800570748,-7.149289185068845
51.501,51.501,262.0,249.05631409183673,194.9070268983732,-13.016314091836726
51.5204,51.5204,218.0,243.09914612264114,194.86421998582622,-51.059146122641145
51.5399,51.5399,220.0,238.07198503368792,194.8212427759371,-44.031985033687924
51.5593,51.5593,234.0,233.86601999467456,194.77819222597287,-25.82601999467456
51.5788,51.5788,262.0,230.2969289155786,194.73497325094314,5.743071084421395
51.5982,51.5982,220.0,227.28060527959664,194.69168349386624,-33.24060527959664
51.6177,51.6177,239.0,224.6867943120945,194.6482272150333,-11.646794312094492
51.6372,51.6372,210.0,222.44856148462156,194.6046539025133,-38.408561484621565
51.6566,51.6566,210.0,220.50808855229644,194.5610136982873,-36.46808855229644
51.6761,51.6761,213.0,218.79167257269657,194.51721001750192,-31.75167257269657
51.6955,51.6955,228.0,217.27344326157564,194.47334237773168,-15.233443261575637
51.715,51.715,194.0,215.90487072833542,194.42931373321196,-47.864870728335426
51.7344,51.7344,208.0,214.673126624977,194.38522433444177,-32.63312662497699
51.7539,51.7539,204.0,213.5449194326845,194.34097656653157,-35.50491943268451
51.7734,51.7734,231.0,212.51071231223216,194.2966215488438,-7.470712312232159
51.7928,51.7928,209.0,211.56156072450548,194.25221116932457,-28.521560724505484
51.8123,51.8123,214.0,210.67810416981703,194.2076470949061,-22.638104169817034
51.8317,51.8317,191.0,209.86065094774605,194.16303161524618,-44.82065094774605
51.8512,51.8512,184.0,209.09422511311246,194.1182659397045,-51.05422511311246
51.8706,51.8706,223.0,208.38087994196343,194.07345311650658,-11.34087994196343
51.8901,51.8901,207.0,207.70871766096448,194.02849377229666,-26.668717660964482
51.9096,51.9096,194.0,207.07725402959167,193.98344052305322,-39.03725402959167
51.929,51.929,204.0,206.4856642025763,193.93834674019055,-28.44566420257629
51.9485,51.9485,176.0,205.9250138267572,193.8931123104676,-55.88501382675721
51.9679,51.9679,171.0,205.39806613721487,193.8478422007458,-60.35806613721487
51.9874,51.9874,221.0,204.89714712808188,193.80243573745392,-9.857147128081884
52.0068,52.0068,192.0,204.42493603014682,193.75699836438625,-38.384936030146825
52.0263,52.0263,187.0,203.97490663012707,193.71142870695195,-42.93490663012707
52.0458,52.0458,186.0,203.54740719434702,193.6657807371204,-43.50740719434702
52.0652,52.0652,206.0,203.14277986930182,193.62010907572088,-23.10277986930182
52.0847,52.0847,180.0,202.75562123998245,193.57431151966728,-48.71562123998245
52.1041,52.1041,217.0,202.388267084688,193.52849531844487,-11.348267084688011
52.1236,52.1236,188.0,202.03603512960697,193.48255774884012,-39.99603512960697
52.143,52.143,192.0,201.70091873877743,193.43660669122556,-35.66091873877743
52.1625,52.1625,189.0,201.37890980217298,193.39053887970528,-38.338909802172985
52.1819,52.1819,183.0,201.0719330293687,193.34446290700842,-44.031933029368695
52.2014,52.2014,175.0,200.7762797277746,193.29827500003915,-51.73627972777461
52.2209,52.2209,193.0,200.49265411218573,193.25203084343127,-33.45265411218573
52.2403,52.2403,223.0,200.22136698652477,193.20578667104567,-3.181366986524772
52.2598,52.2598,168.0,199.95939438035342,193.15943780405996,-57.91939438035342
52.2792,52.2792,189.0,199.70837809560487,193.11309442166592,-36.66837809560487
52.2987,52.2987,205.0,199.46548600987254,193.0666511386167,-20.425486009872536
52.3181,52.3181,181.0,199.2323458479463,193.0202186700235,-44.19234584794631
52.3376,52.3376,203.0,199.00638436646244,192.97369119680812,-21.966384366462442
52.3571,52.3571,168.0,198.78817990295406,192.92712553064877,-56.74817990295406
52.3765,52.3765,169.0,198.57815957347188,192.88057920821825,-55.53815957347188
52.396,52.396,181.0,198.3741027013063,192.83394551086292,-43.3341027013063
52.4154,52.4154,180.0,198.1773984809655,192.7873366739839,-44.13739848096551
52.4349,52.4349,181.0,197.9859953437233,192.74064526688036,-42.94599534372329
52.4543,52.4543,163.0,197.80119800731057,192.69398408419545,-60.761198007310576
52.4738,52.4738,184.0,197.6211593301272,192.64724506875655,-39.5811593301272
52.4933,52.4933,193.0,197.44632530351478,192.60048579442667,-30.406325303514784
52.5127,52.5127,183.0,197.2771485501137,192.55376443404103,-40.23714855011371
52.5322,52.5322,172.0,197.11197120579166,192.50697198508632,-51.07197120579166
52.5516,52.5516,175.0,196.951917171121,192.46022264254665,-47.91191717112101
52.5711,52.5711,188.0,196.7954807410402,192.41340674301912,-34.755480741040195
52.5905,52.5905,194.0,196.64365123103772,192.36663893027645,-28.603651231037723
52.61,52.61,182.0,196.4950862973524,192.31980894317547,-40.4550862973524
52.6295,52.6295,168.0,196.35017670192573,192.27297545878918,-54.310176701925734
52.6489,52.6489,182.0,196.2093108235047,192.22619772978265,-40.169310823504695
52.6684,52.6684,188.0,196.07124126843618,192.17936459996068,-34.03124126843618
52.6878,52.6878,155.0,195.93683176162338,192.132592170007,-66.89683176162339
52.7073,52.7073,186.0,195.8049608893091,192.0857687479739,-35.76496088930909
52.7267,52.7267,201.0,195.67646350084522,192.0390108467042,-20.636463500845217
52.7462,52.7462,157.0,195.55024717985393,191.99220602769606,-64.51024717985393
52.7657,52.7657,184.0,195.42669450807057,191.94541385223036,-37.38669450807057
52.7851,52.7851,155.0,195.30611834950847,191.89869426320155,-66.26611834950847
52.8046,52.8046,189.0,195.18753356860765,191.8519339187424,-32.14753356860765
52.824,52.824,194.0,195.0716879317414,191.80525052715765,-27.031687931741395
52.8435,52.8435,177.0,194.9576496060679,191.7585300321393,-43.91764960606789
52.8629,52.8629,184.0,194.8461520898367,191.71189084154693,-36.806152089836694
52.8824,52.8824,182.0,194.73630762596238,191.66521838706862,-38.69630762596238
52.9019,52.9019,162.0,194.6284553224015,191.61857295999377,-58.588455322401494
52.9213,52.9213,175.0,194.52285284138415,191.5720154098273,-45.48285284138415
52.9408,52.9408,193.0,194.41870117609113,191.52543019906759,-27.378701176091134
52.9602,52.9602,190.0,194.31665385093888,191.4789369083258,-30.276653850938878
52.9797,52.9797,186.0,194.2159389849283,191.4324194765154,-34.1759389849283
52.9991,52.9991,177.0,194.11718320939437,191.3859981771435,-43.07718320939437
53.0186,53.0186,192.0,194.0196671925459,191.3395564898572,-27.97966719254591
53.0381,53.0381,158.0,193.9236487067016,191.29315561581402,-61.883648706701614
53.0575,53.0575,206.0,193.82939648828906,191.24685737846914,-13.789396488289064
53.077,53.077,189.0,193.7362322734398,191.20054430104372,-30.69623227343981
53.0964,53.0964,182.0,193.64472030279995,191.15433803643265,-37.604720302799954
53.1159,53.1159,186.0,193.5542265294074,191.10812073619908,-33.5142265294074
53.1353,53.1353,200.0,193.46526395193413,191.0620146519587,-19.425263951934134
53.1548,53.1548,162.0,193.3772485114113,191.01590143152498,-57.337248511411296
53.1743,53.1743,181.0,193.29041006836033,190.96984345716896,-38.25041006836033
53.1937,53.1937,182.0,193.204983495901,190.92390350342308,-37.16498349590099
53.2132,53.2132,172.0,193.1203973734892,190.87796238743363,-47.0803973734892
53.2326,53.2326,186.0,193.03713761767773,190.8321437125999,-32.99713761767773
53.2521,53.2521,176.0,192.95466334088877,190.78632769885178,-42.91466334088877
53.2715,53.2715,196.0,192.87343920978427,190.74063844511028,-22.833439209784267
53.291,53.291,193.0,192.79294274825259,190.69495563733426,-25.752942748252586
53.3105,53.3105,163.0,192.71339977210454,190.64934247836425,-55.67339977210454
53.3299,53.3299,192.0,192.63500651345757,190.6038627820898,-26.59500651345757
53.3494,53.3494,171.0,192.5572834339191,190.5583955001359,-47.51728343391911
53.3688,53.3688,162.0,192.48064874515794,190.51306613878972,-56.44064874515794
53.3883,53.3883,167.0,192.40463231519158,190.46775313193058,-51.36463231519158
53.4077,53.4077,183.0,192.32965807866316,190.42258228892123,-35.28965807866316
53.4272,53.4272,163.0,192.25526475266977,190.3774312794129,-55.215264752669775
53.4467,53.4467,161.0,192.18165924206542,190.33236394411279,-57.14165924206542
53.4661,53.4661,173.0,192.10901454610806,190.2874445053616,-45.06901454610806
53.4856,53.4856,172.0,192.03689979091166,190.24254959347255,-45.99689979091166
53.505,53.505,168.0,191.9657080713111,190.19780587441187,-49.9257080713111
53.5245,53.5245,179.0,191.89501592756173,190.15308934305088,-38.85501592756173
53.5439,53.5439,189.0,191.82520484180876,190.10852701293845,-28.785204841808756
53.5634,53.5634,175.0,191.75587127736085,190.06399426238534,-42.715871277360854
53.5829,53.5829,199.0,191.687184844293,190.01955537331355,-18.647184844293
53.6023,53.6023,191.0,191.61932266796677,189.97527508908811,-26.57932266796677
53.6218,53.6218,153.0,191.55189435990468,189.93102817006857,-64.51189435990469
53.6412,53.6412,189.0,191.48525651352347,189.88694308894947,-28.445256513523468
53.6607,53.6607,186.0,191.4190317182671,189.8428939761669,-31.379031718267093
53.6801,53.6801,170.0,191.35356403261525,189.79900965865485,-47.313564032615254
53.6996,53.6996,177.0,191.2884901234592,189.75516387120382,-40.24849012345921
53.7191,53.7191,184.0,191.2239707201372,189.71142174359576,-33.183970720137204
53.7385,53.7385,171.0,191.16016708217046,189.6678488726285,-46.12016708217046
53.758,53.758,186.0,191.09672801564136,189.624318174248,-31.05672801564136
53.7774,53.7774,180.0,191.03397529503636,189.58095959804027,-36.99397529503636
53.7969,53.7969,165.0,190.97157477999943,189.53764554160855,-51.93157477999943
53.8163,53.8163,193.0,190.909835272191,189.49450647945187,-23.869835272191004
53.8358,53.8358,174.0,190.84842628375446,189.45141420611805,-42.808426283754464
53.8553,53.8553,186.0,190.78750385545973,189.40843465327305,-30.747503855459733
53.8747,53.8747,165.0,190.72721090746575,189.365634188007,-51.68721090746575
53.8942,53.8942,181.0,190.66723314108148,189.32288396746625,-35.62723314108148
53.9136,53.9136,186.0,190.60786355819965,189.28031552970955,-30.567863558199655
53.9331,53.9331,198.0,190.5487906468139,189.23779944630897,-18.5087906468139
53.9525,53.9525,182.0,190.49031162746675,189.19546777980332,-34.45031162746675
53.972,53.972,190.0,190.43211764172193,189.15319078884065,-26.39211764172193
53.9915,53.9915,168.0,190.37435713860512,189.11103530711142,-48.33435713860512
54.0109,54.0109,179.0,190.31716153394254,189.0690687117955,-37.27716153394254
54.0304,54.0304,174.0,190.2602357785483,189.0271605507237,-42.22023577854829
54.0498,54.0498,169.0,190.20386340187977,188.9854441712843,-47.16386340187977
54.0693,54.0693,197.0,190.14775162435274,188.94378860171594,-19.107751624352737
54.0887,54.0887,164.0,190.0921788778688,188.9023275282724,-52.052178877868805
54.1082,54.1082,182.0,190.03685935300683,188.8609295497106,-33.99685935300683
54.1277,54.1277,171.0,189.98192846437442,188.81966216540488,-44.94192846437442
54.1471,54.1471,193.0,189.92751496634415,188.7785933504148,-22.88751496634415
54.1666,54.1666,174.0,189.8733414881486,188.73759084431538,-41.83334148814861
54.186,54.186,175.0,189.81967541405524,188.69678952446338,-40.77967541405524
54.2055,54.2055,175.0,189.76624353702522,188.65605672544544,-40.72624353702522
54.2249,54.2249,180.0,189.71330555385418,188.61552769985462,-35.673305553854185
54.2444,54.2444,167.0,189.66059802699382,188.57506925844427,-48.620598026993825
54.2639,54.2639,180.0,189.6082429925242,188.53474963211406,-35.5682429925242
54.2833,54.2833,165.0,189.55636857060188,188.4946374066415,-50.51636857060188
54.3028,54.3028,188.0,189.50471250130616,188.45459862870385,-27.46471250130616
54.3222,54.3222,169.0,189.45352500359138,188.41476943844148,-46.41352500359138
54.3417,54.3417,172.0,189.40255297283034,188.37501539022915,-43.362552972830336
54.3611,54.3611,164.0,189.35203988815604,188.33547304982463,-51.31203988815604
54.3806,54.3806,173.0,189.30173298272052,188.29600739495507,-42.261732982720524
54.4001,54.4001,143.0,189.25175603625854,188.25668704752238,-72.21175603625855
54.4195,54.4195,166.0,189.20222576638582,188.21758101904095,-49.16222576638582
54.439,54.439,159.0,189.15289697830946,188.1785531956059,-56.11289697830946
54.4584,54.4584,171.0,189.10400533735927,188.13974064639515,-44.06400533735927
54.4779,54.4779,186.0,189.0553062453668,188.10100657212675,-29.01530624536681
54.4973,54.4973,169.0,189.00703785796813,188.06248825964232,-45.96703785796813
54.5168,54.5168,172.0,188.95895654096526,188.0240484651275,-42.91895654096526
54.5363,54.5363,178.0,188.91118146719487,187.98575591012528,-36.871181467194866
54.5557,54.5557,176.0,188.86382105544757,187.9476796885237,-38.823821055447574
54.5752,54.5752,157.0,188.8166424498546,187.9096817747257,-57.77664244985461
54.5946,54.5946,167.0,188.76987293249903,187.87190040440305,-47.72987293249903
54.6141,54.6141,176.0,188.7232770643163,187.83419693967392,-38.68327706431631
54.6335,54.6335,179.0,188.67708363329572,187.79670978079338,-35.637083633295724
54.653,54.653,178.0,188.63105947690127,187.7592997556509,-36.59105947690127
54.6725,54.6725,169.0,188.58531676369347,187.72203595699372,-45.54531676369347
54.6919,54.6919,189.0,188.5399639628328,187.68498788443583,-25.499963962832787
54.7114,54.7114,193.0,188.4947717909415,187.64801565656845,-21.454771790941514
54.7308,54.7308,176.0,188.44996350141176,187.61125867413458,-38.40996350141176
54.7503,54.7503,179.0,188.40531192810573,187.57457681527336,-35.36531192810573
54.7697,54.7697,156.0,188.36103632073886,187.53810996613632,-58.32103632073886
54.7892,54.7892,162.0,188.31691472839756,187.5017175732583,-52.276914728397564
54.8087,54.8087,197.0,188.27305203418226,187.4654693439604,-17.233052034182258
54.8281,54.8281,188.0,188.22955647719652,187.42943526376163,-26.189556477196525
54.8476,54.8476,197.0,188.18620637906315,187.39347399530627,-17.146206379063152
54.867,54.867,155.0,188.143216030301,187.35772632314396,-59.103216030301006
54.8865,54.8865,180.0,188.1003688976378,187.3220506959271,-34.060368897637794
54.9059,54.9059,172.0,188.05787509792526,187.28658823899525,-42.01787509792526
54.9254,54.9254,179.0,188.015518178794,187.25119683469674,-34.975518178794
54.9448,54.9448,183.0,187.97351052303327,187.21601796026596,-30.93351052303327
54.9643,54.9643,193.0,187.93163562965017,187.18090905424734,-20.891635629650175
54.9838,54.9838,178.0,187.8900001522866,187.14594071428027,-35.850000152286604
55.0032,55.0032,183.0,187.84870319867443,187.1111840285509,-30.80870319867443
55.0227,55.0227,175.0,187.8075354876553,187.07649597598407,-38.76753548765529
55.0421,55.0421,191.0,187.76670312143835,187.0420191649671,-22.726703121438355
55.0616,55.0616,189.0,187.72599465433586,187.00761019204225,-24.685994654335865
55.081,55.081,177.0,187.68561761275888,186.97341210978166,-36.645617612758876
55.1005,55.1005,161.0,187.64536210932178,186.9392812957371,-52.60536210932178
55.12,55.12,185.0,187.60533076371703,186.90528927317953,-28.565330763717036
55.1394,55.1394,167.0,187.5656234376259,186.87150781283194,-46.5256234376259
55.1589,55.1589,184.0,187.52603263431848,186.83779262723405,-29.486032634318484
55.1783,55.1783,161.0,187.48676247806162,186.80428760594205,-52.44676247806162
55.1978,55.1978,177.0,187.4476063860796,186.77084804055914,-36.4076063860796
55.2172,55.2172,186.0,187.40876581289322,186.73761810208134,-27.368765812893223
55.2367,55.2367,190.0,187.3700374911011,186.70445256882564,-23.330037491101102
55.2562,55.2562,174.0,187.33151875243567,186.67142340251144,-39.29151875243567
55.2756,55.2756,170.0,187.29331029425697,186.63860301508535,-43.25331029425697
55.2951,55.2951,197.0,187.25520865754794,186.60584573808077,-16.21520865754794
55.3145,55.3145,195.0,187.21741247042866,186.57329668882278,-18.177412470428656
55.334,55.334,214.0,187.17972167886592,186.54080989448937,0.8602783211340821
55.3534,55.3534,156.0,187.14233247486567,186.50853106858287,-57.10233247486567
55.3729,55.3729,183.0,187.1050449103088,186.47631401927427,-30.065044910308806
55.3924,55.3924,158.0,187.06795747104601,186.44423142789026,-55.027957471046015
55.4118,55.4118,169.0,187.03116793031398,186.4123563653569,-43.991167930313985
55.4313,55.4313,170.0,186.99447744573246,186.38054182226412,-42.95447744573246
55.4507,55.4507,188.0,186.9580793713129,186.3489340743839,-24.918079371312892
55.4702,55.4702,186.0,186.92177789340593,186.3173856292266,-26.881777893405932
55.4896,55.4896,189.0,186.8857663768182,186.28604312062362,-23.845766376818197
55.5091,55.5091,161.0,186.84984740476645,186.25475883472734,-51.80984740476645
55.5286,55.5286,174.0,186.81411864325042,186.22360602586258,-38.774118643250425
55.548,55.548,158.0,186.77867578285932,186.19265816447495,-54.738675782859325
55.5675,55.5675,158.0,186.74332131367652,186.16176693784206,-54.70332131367652
55.5869,55.5869,174.0,186.70824907074405,186.13107966374463,-38.66824907074405
55.6064,55.6064,168.0,186.67326292953499,186.10044738904517,-44.633262929534986
55.6258,55.6258,177.0,186.63855518697244,186.0700175881678,-35.59855518697244
55.6453,55.6453,185.0,186.60393072403613,186.03964086407072,-27.563930724036133
55.6648,55.6648,180.0,186.56948460446517,186.0093904921461,-32.529484604465175
55.6842,55.6842,186.0,186.53531041933763,185.97934013085631,-26.495310419337635
55.7037,55.7037,197.0,186.50121450696892,185.94933993847152,-15.461214506968922
55.7231,55.7231,185.0,186.4673874362652,185.9195382575552,-27.4273874362652
55.7426,55.7426,187.0,186.4336363072955,185.8897850980565,-25.393636307295502
55.762,55.762,172.0,186.40015013258144,185.86022930248436,-40.360150132581445
55.7815,55.7815,200.0,186.366738365229,185.8307206712056,-12.326738365228998
55.801,55.801,193.0,186.3334931197468,185.80133337156974,-19.293493119746806
55.8204,55.8204,149.0,186.30050914625042,185.7721420174517,-63.26050914625042
55.8399,55.8399,166.0,186.2675951528391,185.74299611204805,-46.22759515283911
55.8593,55.8593,208.0,186.23493970657162,185.7140453355308,-4.194939706571624
55.8788,55.8788,183.0,186.20235271042344,185.68513856939953,-29.16235271042344
55.8982,55.8982,158.0,186.1700199018922,185.6564257890996,-54.130019901892204
55.9177,55.9177,184.0,186.13775350553257,185.62775566841148,-28.097753505532573
55.9372,55.9372,203.0,186.10564516801708,185.59920281561094,-9.065645168017078
55.9566,55.9566,158.0,186.0737880041674,185.57084219327874,-54.0337880041674
55.9761,55.9761,180.0,186.04199356168323,185.542522018983,-32.00199356168323
55.9955,55.9955,158.0,186.01044618580892,185.5143929399579,-53.97044618580892
56.015,56.015,163.0,185.97895945404295,185.48630273548852,-48.93895945404295
56.0344,56.0344,198.0,185.947717581521,185.45840222406403,-13.907717581521005
56.0539,56.0539,163.0,185.91653246820178,185.4305386243854,-48.87653246820178
56.0734,56.0734,183.0,185.88549719242005,185.40278697321378,-28.845497192420048
56.0928,56.0928,172.0,185.8547013195675,185.37522249536872,-39.81470131956751
56.1123,56.1123,162.0,185.82395912422518,185.3476920144889,-49.783959124225184
56.1317,56.1317,173.0,185.7934539127609,185.32034699301798,-38.7534539127609
56.1512,56.1512,189.0,185.76299871368104,185.2930337995835,-22.722998713681044
56.1706,56.1706,171.0,185.732777498656,185.265904035515,-40.69277749865599
56.1901,56.1901,174.0,185.70260352035737,185.2388038239704,-37.66260352035737
56.2096,56.2096,174.0,185.6725680314066,185.2118084802193,-37.6325680314066
56.229,56.229,195.0,185.64276107538933,185.184993578247,-16.60276107538933
56.2485,56.2485,178.0,185.61299664854604,185.15820470413837,-33.572996648546045
56.2679,56.2679,197.0,185.58345801968213,185.1315942669425,-14.543458019682127
56.2874,56.2874,170.0,185.55395910032712,185.10500768873067,-41.51395910032712
56.3068,56.3068,182.0,185.5246829647494,185.07859778458814,-29.48468296474939
56.3263,56.3263,187.0,185.4954446865264,185.0522097635867,-24.455444686526413
56.3458,56.3458,187.0,185.46633376675453,185.0259195980374,-24.42633376675453
56.3652,56.3652,182.0,185.43744127103537,184.9998036034803,-29.39744127103537
56.3847,56.3847,201.0,185.40858244185517,184.9737067434306,-10.368582441855175
56.4041,56.4041,169.0,185.37993954059482,184.9477826624503,-42.33993954059482
56.4236,56.4236,172.0,185.35132856555967,184.92187620629096,-39.31132856555967
56.443,56.443,178.0,185.32293130347693,184.8961413457718,-33.282931303476936
56.4625,56.4625,164.0,185.29456332765454,184.87042255270606,-47.254563327654544
56.482,56.482,186.0,185.2663152710731,184.84479646159238,-25.226315271073098
56.5014,56.5014,196.0,185.23827717573056,184.81933986952777,-15.19827717573056
56.5209,56.5209,168.0,185.2102660668285,184.79389681551805,-43.170266066828496
56.5403,56.5403,144.0,185.18246165904492,184.76862197109958,-67.14246165904493
56.5598,56.5598,198.0,185.15468239868883,184.74335916580515,-13.114682398688835
56.5792,56.5792,194.0,185.12710789307562,184.71826300838956,-17.08710789307562
56.5987,56.5987,176.0,185.09955545532344,184.69317694866592,-35.05955545532344
56.6182,56.6182,174.0,185.07211515358213,184.66817807726804,-37.03211515358213
56.6376,56.6376,182.0,185.04487621979763,184.64334372532056,-29.00487621979763
56.6571,56.6571,188.0,185.01765665812036,184.61851703942258,-22.97765665812036
56.6765,56.6765,184.0,184.99063604781907,184.59385349138813,-26.950636047819067
56.696,56.696,171.0,184.96363250357922,184.56919608904528,-39.92363250357922
56.7154,56.7154,174.0,184.93682625714175,184.5447006739967,-36.89682625714175
56.7349,56.7349,188.0,184.91003530718962,184.5202100088563,-22.870035307189617
56.7544,56.7544,159.0,184.88334978100423,184.49580166474058,-51.84334978100423
56.7738,56.7738,181.0,184.85685793284605,184.47155352973897,-29.816857932846055
56.7933,56.7933,178.0,184.83037865484619,184.4473079189292,-32.79037865484619
56.8127,56.8127,191.0,184.80409146585166,184.42322116554237,-19.764091465851656
56.8322,56.8322,191.0,184.77781509175443,184.39913537826988,-19.737815091754435
56.8516,56.8516,162.0,184.75172848279468,184.37520722525502,-48.711728482794676
56.8711,56.8711,181.0,184.7256516170075,184.3512787757319,-29.685651617007487
56.8906,56.8906,178.0,184.69967250581183,184.32742806479484,-32.659672505811834
56.91,56.91,176.0,184.67388075968768,184.30373338271534,-34.63388075968768
56.9295,56.9295,179.0,184.64809560810437,184.280036371233,-31.60809560810437
56.9489,56.9489,178.0,184.62249593855066,184.25649427226494,-32.58249593855066
56.9684,56.9684,190.0,184.59690166071985,184.2329485040882,-20.556901660719852
56.9878,56.9878,196.0,184.57149019362367,184.20955654743196,-14.531490193623675
57.0073,57.0073,175.0,184.54608306583572,184.18615969435942,-35.50608306583572
57.0268,57.0268,145.0,184.5207680436589,184.16283662409992,-65.48076804365891
57.0462,57.0462,187.0,184.49563457697627,184.13966621546817,-23.455634576976273
57.0657,57.0657,163.0,184.47050263467352,184.11648929873286,-47.43050263467352
57.0851,57.0851,190.0,184.44555029114835,184.0934639225001,-20.40555029114835
57.1046,57.1046,173.0,184.4205980380651,184.07043066797718,-37.380598038065095
57.124,57.124,193.0,184.39582347523847,184.04754777942875,-17.355823475238473
57.1435,57.1435,175.0,184.37104705667343,184.02465568719623,-35.331047056673434
57.163,57.163,162.0,184.3463577498831,184.00183331992906,-48.30635774988311
57.1824,57.1824,166.0,184.32184367648821,183.9791597946148,-44.281843676488215
57.2019,57.2019,189.0,184.29732616550476,183.9564752113531,-21.257326165504757
57.2213,57.2213,196.0,184.27298185240835,183.93393819010194,-14.23298185240835
57.2408,57.2408,186.0,184.24863185294365,183.91138863036008,-24.208631852943647
57.2602,57.2602,184.0,184.2244538392452,183.88898555836536,-26.1844538392452
57.2797,57.2797,154.0,184.20026879339247,183.86656886152738,-56.16026879339247
57.2992,57.2992,154.0,184.17616572581687,183.84421792857856,-56.13616572581687
57.3186,57.3186,188.0,184.1522318511828,183.82201216961965,-22.11223185118279
57.3381,57.3381,184.0,184.12828922853845,183.79979088524772,-26.08828922853845
57.3575,57.3575,184.0,184.1045144036655,183.77771343225308,-26.06451440366549
57.377,57.377,185.0,184.08072867798913,183.75561904919664,-25.04072867798913
57.3964,57.3964,199.0,184.0571093135184,183.7336673799585,-11.017109313518397
57.4159,57.4159,177.0,184.0334780677028,183.71169758329006,-32.99347806770279
57.4354,57.4354,190.0,184.0099226389398,183.6897893967767,-19.9699226389398
57.4548,57.4548,157.0,183.98653163338992,183.6680227385599,-52.94653163338992
57.4743,57.4743,151.0,183.96312682084329,183.64623670908765,-58.92312682084329
57.4937,57.4937,176.0,183.9398853093414,183.6245915298477,-33.89988530934141
57.5132,57.5132,172.0,183.9166287452234,183.60292577891133,-37.87662874522339
57.5326,57.5326,170.0,183.89353364520576,183.58139965062566,-39.853533645205765
57.5521,57.5521,198.0,183.87042204164678,183.5598515007333,-11.830422041646777
57.5716,57.5716,184.0,183.84738124792528,183.53836102575693,-25.807381247925285
57.591,57.591,184.0,183.82449937901433,183.5170082185396,-25.784499379014328
57.6105,57.6105,182.0,183.80159877221197,183.49563130112716,-27.761598772211975
57.6299,57.6299,178.0,183.77885496443173,183.47439102806072,-31.73885496443173
57.6494,57.6494,187.0,183.75609145869197,183.45312554070878,-22.71609145869197
57.6688,57.6688,168.0,183.73348376456056,183.4319957998904,-41.69348376456056
57.6883,57.6883,175.0,183.7108545992216,183.41083986179893,-34.67085459922159
57.7077,57.7077,173.0,183.688380344695,183.38981885240344,-36.64838034469499
57.7272,57.7272,178.0,183.665883494934,183.36877058422354,-31.62588349493401
57.7467,57.7467,161.0,183.64345185358405,183.34777535252806,-48.603451853584055
57.7661,57.7661,160.0,183.6211729470825,183.32691361457896,-49.5811729470825
57.7856,57.7856,168.0,183.5988692669316,183.30602280515927,-41.55886926693159
57.805,57.805,169.0,183.57671678118484,183.2852641518969,-40.53671678118484
57.8245,57.8245,163.0,183.55453771830562,183.26447474339827,-46.514537718305625
57.8439,57.8439,184.0,183.53250777345437,183.24381582898732,-25.49250777345437
57.8634,57.8634,168.0,183.51044950193815,183.2231241842226,-41.470449501938155
57.8829,57.8829,183.0,183.48844953786556,183.20247994964623,-26.448449537865564
57.9023,57.9023,174.0,183.466595271589,183.18196334228534,-35.426595271589
57.9218,57.9218,177.0,183.44470911798916,183.16141094811405,-32.404709117989164
57.9412,57.9412,146.0,183.42296640513877,183.14098427502128,-63.38296640513877
57.9607,57.9607,159.0,183.4011897253098,183.12051974545483,-50.36118972530979
57.9801,57.9801,181.0,183.37955387611947,183.10017877405647,-28.339553876119474
57.9996,57.9996,166.0,183.35788134843435,183.07979728219368,-43.31788134843435
58.0191,58.0191,178.0,183.33625848900482,183.05945527415372,-31.29625848900482
58.0385,58.0385,177.0,183.31477206352056,183.03923280446648,-32.274772063520565
58.058,58.058,173.0,183.29324442619412,183.01896554947206,-36.25324442619412
58.0774,58.0774,169.0,183.27184996891418,182.9988150734014,-40.23184996891418
58.0969,58.0969,192.0,183.25041153802306,182.9786168937604,-17.21041153802306
58.1163,58.1163,198.0,183.22910298579868,182.9585326112314,-11.189102985798677
58.1358,58.1358,191.0,183.20774705918612,182.93839766389056,-18.16774705918612
58.1553,58.1553,168.0,183.1864303782377,182.91829234801824,-41.1464303782377
58.1747,58.1747,184.0,183.16523964503315,182.89829717990926,-25.125239645033155
58.1942,58.1942,165.0,183.14399785464698,182.87824757434797,-44.103997854646984
58.2136,58.2136,162.0,183.12287894952215,182.85830574778123,-47.08287894952215
58.2331,58.2331,178.0,183.1017064191634,182.83830696043097,-31.061706419163407
58.2525,58.2525,147.0,183.0806541354919,182.81841334278454,-62.0406541354919
58.272,58.272,182.0,183.0595449752638,182.7984599375858,-27.019544975263805
58.2915,58.2915,170.0,183.03846542180537,182.77852691498958,-38.99846542180537
58.3109,58.3109,184.0,183.01750109658872,182.75869459097262,-24.977501096588718
58.3304,58.3304,169.0,182.9964749355376,182.73879760668794,-39.95647493553761
58.3498,58.3498,169.0,182.97556086504216,182.71899818575253,-39.935560865042156
58.3693,58.3693,185.0,182.95458160124207,182.69913085644936,-23.91458160124207
58.3887,58.3887,180.0,182.93371089058778,182.679357826778,-28.893710890587776
58.4082,58.4082,168.0,182.91277165379654,182.65951352282093,-40.87277165379654
58.4277,58.4277,179.0,182.89184987240256,182.63967829923578,-29.85184987240256
58.4471,58.4471,172.0,182.8710313025794,182.6199325414581,-36.83103130257941
58.4666,58.4666,174.0,182.8501389619095,182.60011049966525,-34.810138961909495
58.486,58.486,197.0,182.82934642430172,182.5803746173456,-11.78934642430172
58.5055,58.5055,196.0,182.80847681448878,182.5605589923261,-12.768476814488785
58.5249,58.5249,176.0,182.78770303875348,182.54082626246478,-32.74770303875348
58.5444,58.5444,162.0,182.76684922268385,182.52101068363598,-46.726849222683846
58.5639,58.5639,191.0,182.74600074094468,182.50119290627393,-17.70600074094468
58.5833,58.5833,173.0,182.72524377395024,182.48145355567672,-35.68524377395024
58.6028,58.6028,191.0,182.70440163600156,182.4616267405197,-17.664401636001564
58.6222,58.6222,189.0,182.6836477276335,182.4418753882875,-19.643647727633514
58.6417,58.6417,191.0,182.66280567196526,182.42203359648082,-17.62280567196526
58.6611,58.6611,186.0,182.64204889104747,182.40226455936175,-22.602048891047467
58.6806,58.6806,179.0,182.6212011099656,182.38240248301176,-29.581201109965598
58.7001,58.7001,189.0,182.60034879299607,182.3625284759803,-19.560348792996074
58.7195,58.7195,156.0,182.57957784005433,182.34272373624745,-52.53957784005433
58.739,58.739,191.0,182.558712737519,182.32282252713136,-17.51871273751899
58.7584,58.7584,202.0,182.53792649872335,182.3029883415639,-6.497926498723352
58.7779,58.7779,157.0,182.51704339663723,182.28305531760515,-51.477043396637235
58.7973,58.7973,182.0,182.49623707644093,182.26318722868717,-26.456237076440935
58.8168,58.8168,184.0,182.47533161556564,182.24321811060543,-24.435331615565637
58.8363,58.8363,196.0,182.45441341678173,182.2232292463167,-12.414413416781734
58.8557,58.8557,177.0,182.4335681082971,182.2033020335095,-31.393568108297096
58.8752,58.8752,208.0,182.41262065085118,182.18327062674263,-0.37262065085118223
58.8946,58.8946,163.0,182.39174424700784,182.163299021548,-45.35174424700784
58.9141,58.9141,169.0,182.37076356317212,182.14322137337268,-39.33076356317212
58.9335,58.9335,180.0,182.34985200126633,182.12320169012236,-28.30985200126633
58.953,58.953,183.0,182.32883412871092,182.10307391048718,-25.288834128710924
58.9725,58.9725,196.0,182.30779606932543,182.08291951847283,-12.267796069325435
58.9919,58.9919,179.0,182.28682373359214,182.0628200941477,-29.246823733592144
59.0114,59.0114,161.0,182.2657420538344,182.0426096908082,-47.2257420538344
59.0308,59.0308,185.0,182.24472440803083,182.02245259215343,-23.204724408030835
59.0503,59.0503,188.0,182.22359552672742,182.00218270253987,-20.183595526727423
59.0697,59.0697,172.0,182.20252870147425,181.98196429279105,-36.16252870147425
59.0892,59.0892,195.0,182.1813490491433,181.9616313641558,-13.141349049143308
59.1087,59.1087,162.0,182.1601424140378,181.94126565610023,-46.12014241403781
59.1281,59.1281,184.0,182.13899517334602,181.92094906787423,-24.09899517334602
59.1476,59.1476,172.0,182.1177324965883,181.90051551558724,-36.077732496588304
59.167,59.167,169.0,182.09652732994755,181.88012947614985,-39.05652732994755
59.1865,59.1865,204.0,182.07520523779175,181.85962484696577,-4.03520523779175
59.2059,59.2059,196.0,182.05393872484805,181.83916604450113,-12.013938724848053
59.2254,59.2254,176.0,182.03255335990602,181.81858697169827,-31.99255335990602
59.2449,59.2449,192.0,182.01113528746035,181.79796962038154,-15.97113528746035
59.2643,59.2643,180.0,181.98977068301085,181.7773960041353,-27.949770683010847
59.2838,59.2838,180.0,181.96828537739705,181.7567002076417,-27.928285377397053
59.3032,59.3032,186.0,181.94685199891336,181.73604705996354,-21.90685199891336
59.3227,59.3227,181.0,181.9252968923123,181.71527066897283,-26.885296892312304
59.3421,59.3421,179.0,181.90379277798434,181.69453597659924,-28.863792777984337
59.3616,59.3616,190.0,181.8821657748204,181.67367716838484,-17.84216577482041
59.3811,59.3811,183.0,181.86050231610128,181.65277654232457,-24.820502316101276
59.4005,59.4005,189.0,181.8388886336611,181.6319165073889,-18.7988886336611
59.42,59.42,178.0,181.81715098133228,181.6109313810268,-29.777150981332277
59.4394,59.4394,173.0,181.79546252441014,181.58998642170025,-34.75546252441014
59.4589,59.4589,190.0,181.77364979416802,181.56891603167406,-17.733649794168024
59.4783,59.4783,200.0,181.75188577892754,181.54788546098737,-7.711885778927545
59.4978,59.4978,180.0,181.7299971862024,181.5267291696151,-27.68999718620241
59.5173,59.5173,169.0,181.7080706962836,181.50552990557998,-38.668070696283614
59.5367,59.5367,194.0,181.6861925601787,181.48437044568826,-13.646192560178712
59.5562,59.5562,169.0,181.66418988131977,181.4630853305287,-38.62418988131977
59.5756,59.5756,160.0,181.6422356129683,181.44184012185113,-47.60223561296831
59.5951,59.5951,193.0,181.62015697886338,181.42046941881145,-14.580156978863378
59.6145,59.6145,187.0,181.59812655390772,181.39913860069964,-20.55812655390772
59.634,59.634,187.0,181.57597181106536,181.3776822572521,-20.53597181106536
59.6535,59.6535,185.0,181.55377890524923,181.3561832293749,-22.513778905249232
59.6729,59.6729,188.0,181.53163446286032,181.33472442624955,-19.491634462860326
59.6924,59.6924,179.0,181.50936602443684,181.3131406579191,-28.469366024436844
59.7118,59.7118,172.0,181.48714650805488,181.29159769171315,-35.44714650805488
59.7313,59.7313,176.0,181.46480378130047,181.26993044710582,-31.424803781300476
59.7507,59.7507,191.0,181.44251025060967,181.24830466110825,-16.402510250609673
59.7702,59.7702,197.0,181.42009424895429,181.22655522702343,-10.380094248954286
59.7897,59.7897,203.0,181.39764202065933,181.2047652655633,-4.357642020659334
59.8091,59.8091,178.0,181.3752402295569,181.1830180046634,-29.33524022955691
59.8286,59.8286,176.0,181.35271736834898,181.16114869433179,-31.312717368348977
59.848,59.848,181.0,181.33024609057173,181.13932336064116,-26.290246090571735
59.8675,59.8675,159.0,181.30765506469697,181.1173772804592,-48.267655064696974
59.8869,59.8869,177.0,181.28511676239293,181.09547648307466,-30.245116762392932
59.9064,59.9064,170.0,181.26245978611618,181.0734561717556,-37.22245978611618
59.9259,59.9259,180.0,181.23977084574938,181.0513995678745,-27.199770845749377
59.9453,59.9453,164.0,181.2171359025186,181.029389814004,-43.17713590251861
59.9648,59.9648,177.0,181.1943840346698,181.00726213562646,-30.15438403466981
59.9842,59.9842,174.0,181.1716871732878,180.9851822417008,-33.13168717328781
60.0037,60.0037,176.0,181.14887401344217,180.9629853002296,-31.10887401344217
60.0231,60.0231,209.0,181.12611667557775,180.9408369682401,1.913883324422251
60.0426,60.0426,157.0,181.10324390293235,180.91857242642178,-50.06324390293235
60.0621,60.0621,172.0,181.08034200234547,180.8962747483352,-35.040342002345476
60.0815,60.0815,185.0,181.05749671478947,180.87402682126526,-22.017496714789466
60.101,60.101,193.0,181.03453716098042,180.85166375537338,-13.994537160980421
60.1204,60.1204,183.0,181.0116348299974,180.82935103069016,-23.971634829997406
60.1399,60.1399,180.0,180.9886188364932,180.80692397689165,-26.948618836493203
60.1593,60.1593,164.0,180.96566098886007,180.7845481876963,-42.925660988860066
60.1788,60.1788,184.0,180.94259062607097,180.7620591134518,-22.902590626070968
60.1983,60.1983,166.0,180.91949359321683,180.73953972637426,-40.87949359321683
60.2177,60.2177,179.0,180.89645588937708,180.7170730010539,-27.85645588937708
60.2372,60.2372,173.0,180.8733069070362,180.69449434937988,-33.83330690703621
60.2566,60.2566,170.0,180.85021800625333,180.67196916101403,-36.81021800625333
60.2761,60.2761,196.0,180.82701879259434,180.64933289590286,-10.787018792594345
60.2955,60.2955,197.0,180.80388003214736,180.62675081106593,-9.763880032147362
60.315,60.315,173.0,180.78063186290106,180.60405850146947,-33.74063186290106
60.3345,60.3345,174.0,180.7573599523703,180.5813390127921,-32.71735995237031
60.3539,60.3539,172.0,180.73415018499477,180.55867530100127,-34.694150184994776
60.3734,60.3734,163.0,180.7108326764872,180.53590313713886,-43.6708326764872
60.3928,60.3928,183.0,180.68757807629927,180.51318779059102,-23.647578076299276
60.4123,60.4123,188.0,180.66421674313585,180.49036496648145,-18.624216743135854
60.4317,60.4317,166.0,180.6409192043127,180.46759981282884,-40.600919204312696
60.4512,60.4512,164.0,180.61751578381998,180.44472823690444,-42.57751578381998
60.4706,60.4706,196.0,180.59417713913246,180.42191532005967,-10.554177139132456
60.4901,60.4901,173.0,180.57073355508163,180.3989968734253,-33.53073355508163
60.5096,60.5096,183.0,180.54727058829482,180.37605569770562,-23.507270588294823
60.529,60.529,174.0,180.52387348209197,180.35317448980877,-32.48387348209197
60.5485,60.5485,182.0,180.50037294575483,180.33018932474246,-24.460372945754834
60.5679,60.5679,179.0,180.4769393098513,180.30726512472776,-27.436939309851304
60.5874,60.5874,174.0,180.4534032973519,180.28423806971685,-32.41340329735191
60.6068,60.6068,161.0,180.42993520254868,180.26127305822828,-45.38993520254868
60.6263,60.6263,162.0,180.40636594855704,180.2382063565048,-44.36636594855704
60.6458,60.6458,167.0,180.38278068189217,180.21512055651982,-39.34278068189217
60.6652,60.6652,198.0,180.35926439506474,180.19209805399237,-8.319264395064742
60.6847,60.6847,195.0,180.33564800870985,180.1689749583754,-11.295648008709854
60.7041,60.7041,186.0,180.31210115063223,180.14591576128242,-20.27210115063223
60.7236,60.7236,183.0,180.28845521558208,180.122756912598,-23.248455215582077
60.743,60.743,190.0,180.26487959399785,180.09966300113496,-16.224879593997848
60.7625,60.7625,202.0,180.2412061856625,180.07647069234116,-4.2012061856624925
60.782,60.782,180.0,180.2175199937055,180.05326270456527,-26.17751999370551
60.8014,60.8014,166.0,180.19390629222528,180.03012176367744,-40.15390629222528
60.8209,60.8209,164.0,180.17019717700134,180.0068849184165,-42.13019717700134
60.8403,60.8403,168.0,180.1465620162728,179.98371671063737,-38.10656201627281
60.8598,60.8598,185.0,180.12283301675183,179.9604541254013,-21.082833016751827
60.8792,60.8792,144.0,180.099179129757,179.9372614452088,-62.059179129757005
60.8987,60.8987,150.0,180.07543266301462,179.9139757646332,-56.035432663014625
60.9182,60.9182,187.0,180.05167835036553,179.89067935100252,-19.011678350365536
60.9376,60.9376,186.0,180.0280004061222,179.86745416476248,-19.988000406122204
60.9571,60.9571,164.0,180.0042310919466,179.8441371113593,-41.964231091946594
60.9765,60.9765,191.0,179.9805387473749,179.82089197161815,-14.940538747374909
60.996,60.996,200.0,179.95675570526473,179.79755574644844,-5.916755705264727
61.0154,61.0154,176.0,179.93305032822164,179.7742921121859,-29.89305032822164
61.0349,61.0349,192.0,179.90925527592918,179.75093841201289,-13.869255275929184
61.0544,61.0544,184.0,179.8854551103704,179.72757679758698,-21.845455110370402
61.0738,61.0738,160.0,179.86173402139048,179.70428940715536,-45.821734021390476
61.0933,61.0933,182.0,179.83792526478013,179.6809139327858,-23.797925264780126
61.1127,61.1127,173.0,179.8141968341769,179.6576139072507,-32.7741968341769
61.1322,61.1322,169.0,179.7903819980511,179.63422707145537,-36.75038199805109
61.1516,61.1516,180.0,179.76664855048998,179.61091684835276,-25.726648550489976
61.1711,61.1711,195.0,179.7428299347386,179.587521031329,-10.70282993473861
61.1906,61.1906,159.0,179.71901030591957,179.5641215919041,-46.67901030591957
61.21,61.21,160.0,179.69527370601344,179.54080048988024,-45.65527370601344
61.2295,61.2295,189.0,179.67145380433976,179.51739574248558,-16.631453804339763
61.2489,61.2489,184.0,179.6477178899767,179.49407028698013,-21.60771788997669
61.2684,61.2684,173.0,179.62389982042063,179.47066225050926,-32.58389982042063
61.2878,61.2878,185.0,179.60016659277628,179.4473345804625,-20.560166592776277
61.3073,61.3073,174.0,179.57635252134762,179.42392557896693,-31.536352521347617
61.3268,61.3268,178.0,179.5525412989838,179.40051704461598,-27.512541298983813
61.3462,61.3462,178.0,179.52881672803855,179.37719061490196,-27.48881672803855
61.3657,61.3657,171.0,179.50501321341994,179.35378487204906,-34.465013213419944
61.3851,61.3851,194.0,179.48129750501838,179.3304624536474,-11.441297505018376
61.4046,61.4046,186.0,179.45750413176557,179.30706206652704,-19.417504131765575
61.424,61.424,182.0,179.433799706405,179.2837462791328,-23.393799706405012
61.4435,61.4435,187.0,179.41001937609448,179.26035414182547,-18.370019376094483
61.463,61.463,193.0,179.38624682397165,179.2369674037042,-12.346246823971647
61.4824,61.4824,199.0,179.36256552228642,179.21366773695925,-6.322565522286418
61.5019,61.5019,181.0,179.3388112958655,179.19029466404672,-24.298811295865498
61.5213,61.5213,153.0,179.31515048490866,179.1670107961167,-52.27515048490866
61.5408,61.5408,163.0,179.2914190274364,179.14365597443057,-42.251419027436405
61.5602,61.5602,182.0,179.26778317172545,179.1203925139935,-23.227783171725456
61.5797,61.5797,174.0,179.24407874227936,179.09706015118084,-31.204078742279357
61.5992,61.5992,160.0,179.22038928678995,179.07374048740866,-45.18038928678995
61.6186,61.6186,174.0,179.1967980245311,179.0505149418047,-31.156798024531092
61.6381,61.6381,182.0,179.17314116662206,179.02722341101625,-23.13314116662206
61.6575,61.6575,179.0,179.14958408176165,179.00402759040549,-26.109584081761646
61.677,61.677,185.0,179.1259631071326,178.98076757637722,-20.085963107132606
61.6964,61.6964,179.0,179.10244357678016,178.95760495801161,-26.06244357678016
61.7159,61.7159,179.0,179.078862167864,178.93438009349316,-26.038862167864004
61.7354,61.7354,175.0,179.0553019239806,178.9111742928673,-30.01530192398061
61.7548,61.7548,156.0,179.03184587096516,178.8880687103628,-48.99184587096516
61.7743,61.7743,189.0,179.00833099351686,178.8649040081198,-15.968330993516865
61.7937,61.7937,170.0,178.98492202943558,178.84184128525547,-34.94492202943558
61.8132,61.8132,163.0,178.9614561262994,178.8187213309339,-41.9214561262994
61.8326,61.8326,165.0,178.93809786380473,178.79570511030317,-39.89809786380473
61.8521,61.8521,185.0,178.91468447758442,178.7726334570279,-19.874684477584417
61.8716,61.8716,156.0,178.8912984181123,178.7495871046138,-48.851298418112314
61.891,61.891,149.0,178.8680221029596,178.72664666399677,-55.8280221029596
61.9105,61.9105,156.0,178.84469299486938,178.70365308939745,-48.80469299486938
61.9299,61.9299,178.0,178.82147441756757,178.68076641578628,-26.781474417567573
61.9494,61.9494,181.0,178.79820397215153,178.6578274425836,-23.758203972151527
61.9688,61.9688,158.0,178.7750446018104,178.6349958784648,-46.73504460181041
61.9883,61.9883,165.0,178.75183395230678,178.61211277144926,-39.71183395230678
62.0078,62.0078,167.0,178.72865365348605,178.58925801229285,-37.68865365348605
62.0272,62.0272,192.0,178.70558498012915,178.5665112113218,-12.665584980129147
62.0467,62.0467,170.0,178.6824656562154,178.54371343668726,-34.642465656215414
62.0661,62.0661,172.0,178.65945800085674,178.52102376807503,-32.619458000856746
62.0856,62.0856,137.0,178.63640006013608,178.49828354496168,-67.59640006013609
62.105,62.105,155.0,178.61345397451157,178.47565157009578,-49.57345397451157
62.1245,62.1245,175.0,178.59045760764795,178.45296907263685,-29.55045760764795
62.144,62.144,181.0,178.56749166325588,178.43031504041002,-23.52749166325588
62.1634,62.1634,164.0,178.54463648603053,178.40776824456478,-40.50463648603053
62.1829,62.1829,202.0,178.5217302059445,178.3851701071285,-2.481730205944494
62.2023,62.2023,183.0,178.49893383416958,178.36267840676985,-21.458933834169578
62.2218,62.2218,189.0,178.47608581400033,178.3401347958138,-15.436085814000329
62.2412,62.2412,206.0,178.4533470583563,178.3176969942423,1.5866529416437132
62.2607,62.2607,161.0,178.43055641140674,178.2952070188435,-43.39055641140674
62.2802,62.2802,174.0,178.40779432238008,178.27274374788647,-30.367794322380085
62.2996,62.2996,179.0,178.3851408468448,178.25038572885194,-25.345140846844792
62.3191,62.3191,172.0,178.3624351609909,178.2279752540318,-32.32243516099091
62.3385,62.3385,149.0,178.33983760808286,178.2056695532829,-55.29983760808286
62.358,62.358,190.0,178.31718766380243,178.18331113944265,-14.27718766380243
62.3774,62.3774,161.0,178.2946449784452,178.1610567898575,-43.25464497844521
62.3969,62.3969,208.0,178.27204937973937,178.1387491477211,3.7679506202606277
62.4164,62.4164,175.0,178.24948035328939,178.11646636702238,-29.209480353289386
62.4358,62.4358,168.0,178.22701740809273,178.09428641858509,-36.187017408092736
62.4553,62.4553,185.0,178.2045005054238,178.07205222695805,-19.164500505423796
62.4747,62.4747,176.0,178.18208873603785,178.0499199681053,-28.142088736037856
62.4942,62.4942,165.0,178.1596224158767,178.02773281245294,-39.1196224158767
62.5136,62.5136,173.0,178.13726026479307,178.00564676920254,-31.09726026479307
62.5331,62.5331,174.0,178.11484291610367,177.98350516980372,-30.07484291610367
62.5526,62.5526,180.0,178.0924494001336,177.96138571555878,-24.052449400133604
62.572,62.572,175.0,178.07015856780808,177.9393658528675,-29.03015856780808
62.5915,62.5915,175.0,178.0478113759079,177.91728927585658,-29.007811375907913
62.6109,62.6109,173.0,178.0255658065212,177.89531130319978,-30.9855658065212
62.6304,62.6304,144.0,178.00326305358385,177.87327586480637,-59.96326305358385
62.6498,62.6498,210.0,177.9810609478498,177.85133800730813,6.058939052150187
62.6693,62.6693,177.0,177.95880061440087,177.82934165496948,-26.918800614400872
62.6888,62.6888,185.0,177.93656053545286,177.80736386981224,-18.896560535452856
62.7082,62.7082,168.0,177.91441880012195,177.78548147100614,-35.87441880012195
62.7277,62.7277,166.0,177.8922171874433,177.7635388740211,-37.852217187443294
62.7471,62.7471,185.0,177.87011255340784,177.74169031459834,-18.830112553407837
62.7666,62.7666,177.0,177.84794677886924,177.71978033657754,-26.807946778869244
62.786,62.786,172.0,177.82587650251742,177.69796291520473,-31.785876502517418
62.8055,62.8055,167.0,177.80374396727163,177.6760829324796,-36.76374396727163
62.825,62.825,185.0,177.78162711999727,177.654217007157,-18.74162711999727
62.8444,62.8444,182.0,177.75960346886538,177.6324414309388,-21.71960346886538
62.8639,62.8639,188.0,177.73751569788706,177.61060145901752,-15.697515697887063
62.8833,62.8833,182.0,177.71551976253247,177.58885044474565,-21.675519762532467
62.9028,62.9028,197.0,177.69345873059018,177.5670340467997,-6.653458730590181
62.9222,62.9222,173.0,177.67148836147126,177.54530548723864,-30.631488361471263
62.9417,62.9417,132.0,177.64945226903566,177.52351086716473,-71.60945226903567
62.9612,62.9612,183.0,177.6274280600535,177.50172663673897,-20.58742806005349
62.9806,62.9806,168.0,177.60549289125308,177.48002864956788,-35.56549289125308
63.0001,63.0001,185.0,177.58349052923805,177.4582631301672,-18.54349052923805
63.0195,63.0195,169.0,177.56157561370534,177.43658239943184,-34.521575613705345
63.039,63.039,194.0,177.53959241453225,177.41483297231315,-9.499592414532252
63.0584,63.0584,159.0,177.51769523702393,177.3931669120924,-44.47769523702393
63.0779,63.0779,196.0,177.4957286024656,177.37143108679598,-7.455728602465591
63.0974,63.0974,184.0,177.47376936941015,177.3497011602241,-19.43376936941015
63.1168,63.1168,185.0,177.4518942479885,177.32805263756117,-18.411894247988492
63.1363,63.1363,182.0,177.42994819827555,177.30633287808573,-21.389948198275555
63.1557,63.1557,195.0,177.40808511440895,177.2846934919278,-8.368085114408949
63.1752,63.1752,167.0,177.3861505619629,177.2629822432343,-36.346150561962894
63.1946,63.1946,177.0,177.36429821752102,177.24135062545395,-26.324298217521026
63.2141,63.2141,172.0,177.34237394221864,177.21964675432437,-31.302373942218644
63.2336,63.2336,167.0,177.32045442957985,177.19794617125112,-36.280454429579855
63.253,63.253,183.0,177.29861603627577,177.17632409776596,-20.258616036275775
63.2725,63.2725,180.0,177.27670490930808,177.1546290140033,-23.23670490930808
63.2919,63.2919,177.0,177.25487401873116,177.13301159425387,-26.21487401873116
63.3114,63.3114,199.0,177.23296996738213,177.1113207054638,-4.192969967382133
63.3308,63.3308,181.0,177.21114540353906,177.08970676828267,-22.171145403539064
63.3503,63.3503,148.0,177.18924742967113,177.0680190818952,-55.14924742967113
63.3697,63.3697,161.0,177.167428489908,177.04640792641902,-42.12742848990799
63.3892,63.3892,186.0,177.1455358862987,177.02472274241518,-17.10553588629869
63.4087,63.4087,186.0,177.12364535262034,177.00303826580736,-17.083645352620344
63.4281,63.4281,180.0,177.1018325160473,176.98142900240174,-23.061832516047296
63.4476,63.4476,188.0,177.0799452235216,176.9597449013621,-15.039945223521606
63.467,63.467,165.0,177.05813483986387,176.93813535376233,-38.01813483986387
63.4865,63.4865,167.0,177.03624978818445,176.9164507443408,-35.99624978818445
63.5059,63.5059,170.0,177.0144412294789,176.89484016624107,-32.974441229478906
63.5254,63.5254,168.0,176.9925575381634,176.87315417887976,-34.9525575381634
63.5449,63.5449,173.0,176.97067412339027,176.8514670781511,-29.93067412339027
63.5643,63.5643,157.0,176.94886591902065,176.82985278809457,-45.90886591902065
63.5838,63.5838,185.0,176.92698183900865,176.80816223271236,-17.886981839008648
63.6032,63.6032,184.0,176.9051717627792,176.78654340300645,-18.86517176277919
63.6227,63.6227,176.0,176.883285033767,176.76484747844833,-26.84328503376701
63.6421,63.6421,175.0,176.86147130265562,176.74322226240582,-27.821471302655617
63.6616,63.6616,199.0,176.83958022695683,176.72151932661734,-3.7995802269568273
63.6811,63.6811,185.0,176.8176864459928,176.6998123379491,-17.777686445992792
63.7005,63.7005,175.0,176.79586439696743,176.67817475542057,-27.755864396967432
63.72,63.72,184.0,176.7739643467971,176.65645883009444,-18.7339643467971
63.7394,63.7394,164.0,176.75213541813903,176.63481173880203,-38.712135418139034
63.7589,63.7589,184.0,176.73022832706695,176.61308612511255,-18.690228327066954
63.7783,63.7783,156.0,176.70839181695032,176.59142881435898,-46.668391816950326
63.7978,63.7978,186.0,176.68647694561028,176.56969276412426,-16.64647694561028
63.8173,63.8173,169.0,176.66455786429287,176.54795115546852,-33.624557864292875
63.8367,63.8367,198.0,176.64270833450894,176.52627691035175,-4.6027083345089395
63.8562,63.8562,175.0,176.62077991747367,176.5045233816063,-27.58077991747367
63.8756,63.8756,168.0,176.59892048757155,176.482836628271,-34.55892048757155
63.8951,63.8951,204.0,176.57698204432114,176.46107046504846,1.4630179556788576
63.9145,63.9145,206.0,176.55511202574823,176.43937055403785,3.4848879742517695
63.934,63.934,177.0,176.5331628638827,176.4175910800217,-25.493162863882695
63.9535,63.9535,180.0,176.5112082734271,176.39580487193243,-22.471208273427088
63.9729,63.9729,187.0,176.48932157120888,176.37408442486833,-15.449321571208877
63.9924,63.9924,179.0,176.4673558591687,176.35228455438104,-23.427355859168692
64.0118,64.0118,186.0,176.44545793114784,176.33055033109866,-16.405457931147843
64.0313,64.0313,183.0,176.42348139276518,176.30873703475513,-19.383481392765184
64.0507,64.0507,194.0,176.40157264821028,176.28698949147847,-8.361572648210277
64.0702,64.0702,170.0,176.3795859030106,176.26516347059246,-32.339585903010594
64.0897,64.0897,165.0,176.3575945694132,176.24333161216452,-37.31759456941321
64.1091,64.1091,197.0,176.3356717257341,176.22156616119872,-5.295671725734103
64.1286,64.1286,181.0,176.3136720755541,176.19972343171793,-21.27367207555411
64.148,64.148,171.0,176.29174130090104,176.17794755001245,-31.25174130090104
64.1675,64.1675,199.0,176.2697346688962,176.1560953584616,-3.2297346688962065
64.1869,64.1869,188.0,176.24779753832394,176.13431063495116,-14.207797538323938
64.2064,64.2064,192.0,176.22578562316278,176.11245067292867,-10.18578562316278
64.2259,64.2259,196.0,176.2037720049224,176.09058772085365,-6.1637720049224
64.2453,64.2453,188.0,176.1818293384854,176.06879377585463,-14.141829338485387
64.2648,64.2648,174.0,176.15981439568486,176.046927014871,-28.119814395684863
64.2842,64.2842,185.0,176.13787201098555,176.02513084497073,-17.097872010985547
64.3037,64.3037,169.0,176.11585931108903,176.00326389782657,-33.075859311089026
64.3231,64.3231,158.0,176.09392092515304,175.98146927428732,-44.053920925153044
64.3426,64.3426,162.0,176.07191437634734,175.95960600632517,-40.03191437634734
64.3621,64.3621,174.0,176.049912251065,175.93774592526506,-28.009912251064996
64.3815,64.3815,165.0,176.0279866235011,175.91596038956774,-36.98798662350111
64.401,64.401,191.0,176.00599538017886,175.89410876510627,-10.96599538017886
64.4204,64.4204,185.0,175.98408181322037,175.87233286338142,-16.94408181322037
64.4399,64.4399,155.0,175.9621042465709,175.85049246623979,-46.9221042465709
64.4593,64.4593,185.0,175.94020571455684,175.82872918853877,-16.90020571455684
64.4788,64.4788,179.0,175.91824493240665,175.80690311898513,-22.878244932406652
64.4983,64.4983,166.0,175.89629363922717,175.78508535808996,-35.85629363922717
64.5177,64.5177,178.0,175.87442329641448,175.7633466503044,-23.834423296414478
64.5372,64.5372,206.0,175.85249322562342,175.74154769938252,4.18750677437658
64.5566,64.5566,164.0,175.83064537364115,175.71982906724182,-37.79064537364115
64.5761,64.5761,176.0,175.80873954940185,175.6980519277593,-25.76873954940185
64.5955,64.5955,167.0,175.78691720393172,175.67635643058438,-34.74691720393172
64.615,64.615,180.0,175.7650385697187,175.6546040678927,-21.725038569718713
64.6345,64.6345,183.0,175.7431745773323,175.6328651750007,-18.703174577332298
64.6539,64.6539,170.0,175.7213958761294,175.61120972949328,-31.681395876129407
64.6734,64.6734,189.0,175.69956332888887,175.58949985451832,-12.659563328888872
64.6928,64.6928,165.0,175.6778172983215,175.56787472225471,-36.63781729832149
64.7123,64.7123,166.0,175.65601920015965,175.54619691797106,-35.61601920015965
64.7317,64.7317,184.0,175.63430902536018,175.52460524144024,-17.594309025360182
64.7512,64.7512,167.0,175.61254839396648,175.50296253975472,-34.57254839396648
64.7707,64.7707,173.0,175.5908076695307,175.48133854253587,-28.550807669530705
64.7901,64.7901,180.0,175.56915671034315,175.45980251656198,-21.529156710343152
64.8096,64.8096,158.0,175.54745773209189,175.43821791063263,-43.507457732091886
64.829,64.829,178.0,175.52584973647254,175.4167224810853,-23.485849736472538
64.8485,64.8485,198.0,175.50419524308967,175.39517999748617,-3.4641952430896694
64.8679,64.8679,180.0,175.48263272877253,175.37372770616918,-21.44263272877253
64.8874,64.8874,187.0,175.46102533275894,175.35222993193543,-14.421025332758937
64.9069,64.9069,171.0,175.4394427000593,175.3307557184267,-30.39944270005929
64.9263,64.9263,181.0,175.4179540718299,175.3093737834749,-20.37795407182991
64.9458,64.9458,203.0,175.39642337604178,175.28794917080432,1.643576623958218
64.9652,64.9652,195.0,175.37498821966483,175.2666183586596,-6.3349882196648295
64.9847,64.9847,203.0,175.35351309111803,175.2452469389062,1.6864869088819674
65.0041,65.0041,171.0,175.33213532536536,175.22397118267588,-30.292135325365358
65.0236,65.0236,187.0,175.31072010027142,175.20265731177537,-14.270720100271426
65.0431,65.0431,185.0,175.28933664918722,175.1813740171836,-16.24933664918722
65.0625,65.0625,174.0,175.26805380789483,175.16018965528036,-27.22805380789483
65.082,65.082,182.0,175.24673754940886,175.1389712177626,-19.206737549408864
65.1014,65.1014,177.0,175.22552432827604,175.1178541346541,-24.18552432827604
65.1209,65.1209,176.0,175.20428062650626,175.0967058716429,-25.16428062650626
65.1403,65.1403,168.0,175.1831424367676,175.07566150222948,-33.14314243676761
65.1598,65.1598,192.0,175.1619767874891,175.05458894704753,-9.121976787489096
65.1793,65.1793,192.0,175.14085225632888,175.03355634255072,-9.100852256328885
65.1987,65.1987,182.0,175.1198371381969,175.01263151016448,-19.079837138196915
65.2182,65.2182,175.0,175.0987992565336,174.99168320311543,-26.058799256533597
65.2376,65.2376,181.0,175.07787379947752,174.97084566362287,-20.037873799477516
65.2571,65.2571,172.0,175.05692905607404,174.949988136165,-29.01692905607404
65.2765,65.2765,163.0,175.03609977157387,174.92924447618412,-37.996099771573874
65.296,65.296,177.0,175.01525483928086,174.90848439271178,-23.975254839280858
65.3155,65.3155,158.0,174.99446228596182,174.88777549494267,-42.95446228596182
65.3349,65.3349,194.0,174.973789668807,174.86718496850636,-6.933789668807002
65.3544,65.3544,168.0,174.95310637554354,174.8465829919361,-32.91310637554354
65.3738,65.3738,157.0,174.93254589190187,174.82610223108873,-43.89254589190187
65.3933,65.3933,202.0,174.911978073946,174.80561338310125,1.1280219260540107
65.4127,65.4127,195.0,174.89153580216907,174.78524848945912,-5.851535802169074
65.4322,65.4322,150.0,174.8710893664806,174.76487865641153,-50.83108936648059
65.4517,65.4517,194.0,174.8507060897556,174.74457077598422,-6.810706089755591
65.4711,65.4711,181.0,174.83045256913533,174.7243911080466,-19.790452569135333
65.4906,65.4906,142.0,174.8101999231622,174.70421150063868,-58.7701999231622
65.51,65.51,180.0,174.79008001220893,174.6841630789459,-20.750080012208933
65.5295,65.5295,186.0,174.76996420582628,174.66411794972905,-14.729964205826285
65.5489,65.5489,168.0,174.74998371932398,174.6442065833138,-32.70998371932398
65.5684,65.5684,176.0,174.73001052775433,174.6243016649025,-24.690010527754332
65.5879,65.5879,170.0,174.71011087433894,174.6044691193494,-30.67011087433894
65.6073,65.6073,170.0,174.69035061268482,174.5847744236768,-30.650350612684825
65.6268,65.6268,168.0,174.67060234388535,174.56509088009233,-32.63060234388535
65.6462,65.6462,165.0,174.65099607194625,174.5455477917214,-35.61099607194625
65.6657,65.6657,174.0,174.63140479430933,174.5260188405225,-26.591404794309334
65.6851,65.6851,133.0,174.61195789378377,174.50663274856785,-67.57195789378378
65.7046,65.7046,176.0,174.5925288270898,174.4872635876537,-24.55252882708981
65.7241,65.7241,153.0,174.57318249774272,174.46797599178575,-47.53318249774272
65.7435,65.7435,187.0,174.55398342818313,174.44883413882428,-13.513983428183131
65.763,65.763,179.0,174.5348053433218,174.42971234618923,-21.494805343321808
65.7824,65.7824,185.0,174.51577595125912,174.41073779967292,-15.475775951259116
65.8019,65.8019,173.0,174.49676967729587,174.39178541055014,-27.456769677295874
65.8213,65.8213,175.0,174.47791386692427,174.37298200392436,-25.43791386692427
65.8408,65.8408,179.0,174.45908341120267,174.3542030296892,-21.41908341120267
65.8603,65.8603,181.0,174.44034247144575,174.33551234789985,-19.400342471445747
65.8797,65.8797,180.0,174.4217547160021,174.31697337635777,-20.381754716002114
65.8992,65.8992,172.0,174.4031959029503,174.29846236519637,-28.363195902950302
65.9186,65.9186,151.0,174.38479226442635,174.2801050673991,-49.34479226442635
65.9381,65.9381,187.0,174.3664200492703,174.26177823497466,-13.32642004927029
65.9575,65.9575,161.0,174.34820487136045,174.24360694997017,-39.30820487136045
65.977,65.977,191.0,174.33002335559266,174.2254683625787,-9.290023355592659
65.9965,65.9965,181.0,174.31193873190364,174.2074254211084,-19.27193873190364
66.0159,66.0159,165.0,174.29401381136185,174.18954070333015,-35.25401381136185
66.0354,66.0354,156.0,174.27612604800507,174.17169214944818,-44.23612604800507
66.0548,66.0548,168.0,174.25839985823356,174.15400371601737,-32.21839985823356
66.0743,66.0743,168.0,174.24071305373587,174.1363536245839,-32.200713053735875
66.0937,66.0937,174.0,174.2231893084685,174.11886516039218,-26.183189308468506
66.1132,66.1132,174.0,174.20570688799359,174.10141694009926,-26.165706887993586
66.1326,66.1326,201.0,174.18838886698666,174.08413170886143,0.8516111330133427
66.1521,66.1521,189.0,174.1711140403682,174.06688856992935,-11.131114040368196
66.1716,66.1716,186.0,174.1539443645296,174.0497493336481,-14.113944364529594
66.191,66.191,199.0,174.1369414345244,174.03277541869403,-1.0969414345244033
66.2105,66.2105,162.0,174.119985095748,174.01584695888968,-38.07998509574801
66.2299,66.2299,196.0,174.10319748771275,173.9990858621542,-4.063197487712749
66.2494,66.2494,146.0,174.08645906943767,173.98237278306655,-54.04645906943767
66.2688,66.2688,154.0,174.06989151556783,173.9658291646678,-46.02989151556783
66.2883,66.2883,199.0,174.05337563793793,173.94933607678166,-1.0133756379379335
66.3078,66.3078,184.0,174.03697250134385,173.93295443693628,-15.996972501343855
66.3272,66.3272,166.0,174.0207427347357,173.91674477347573,-33.980742734735706
66.3467,66.3467,186.0,174.00456802364678,173.900588945925,-13.964568023646784
66.3661,66.3661,189.0,173.98856846902208,173.88460690316015,-10.948568469022085
66.3856,66.3856,180.0,173.9726262966548,173.86868103390805,-19.932626296654796
66.405,66.405,189.0,173.95686131404057,173.85293096888407,-10.916861314040567
66.4245,66.4245,181.0,173.94115644276522,173.83723975102805,-18.90115644276522
66.444,66.444,174.0,173.92557223378927,173.8216678733241,-25.88557223378927
66.4634,66.4634,177.0,173.91016875184954,173.8062753667484,-22.87016875184954
66.4829,66.4829,179.0,173.89482986631245,173.79094619296765,-20.85482986631245
66.5023,66.5023,179.0,173.87967427710745,173.77579891885168,-20.839674277107456
66.5218,66.5218,171.0,173.8645864041151,173.76071807525364,-28.824586404115102
66.5412,66.5412,159.0,173.84968446878145,173.74582178422648,-40.80968446878145
66.5607,66.5607,199.0,173.83485347276675,173.73099510379413,-0.7948534727667536
66.5802,66.5802,157.0,173.82015302938453,173.71629763058272,-42.78015302938453
66.5996,66.5996,180.0,173.80564235626994,173.701788555549,-19.765642356269943
66.6191,66.6191,165.0,173.79120713979006,173.6873535890512,-34.75120713979006
66.6385,66.6385,152.0,173.77696412579203,173.6731094468623,-47.736964125792035
66.658,66.658,181.0,173.76279952167764,173.6589423352844,-18.722799521677636
66.6774,66.6774,176.0,173.74882927604025,173.64496821405731,-23.708829276040255
66.6969,66.6969,183.0,173.73494004159085,173.6310736986858,-16.694940041590847
66.7164,66.7164,152.0,173.72119034732006,173.61731733305237,-47.68119034732006
66.7358,66.7358,165.0,173.7076382650003,173.60375719790514,-34.6676382650003
66.7553,66.7553,179.0,173.6941711709418,173.5902806125945,-20.654171170941787
66.7747,66.7747,182.0,173.68090352060742,173.57700211365471,-17.640903520607417
66.7942,66.7942,165.0,173.66772327641377,173.5638095171808,-34.62772327641377
66.8136,66.8136,184.0,173.6547443530932,173.55081692161568,-15.614744353093208
66.8331,66.8331,155.0,173.64185528477887,173.53791266395797,-44.60185528477887
66.8526,66.8526,176.0,173.62911356197841,173.52515429033232,-23.589113561978415
66.872,66.872,163.0,173.6165759246821,173.51259866924673,-36.57657592468211
66.8915,66.8915,190.0,173.60413168122028,173.50013488289528,-9.564131681220282
66.9109,66.9109,171.0,173.59189319913082,173.48787548391843,-28.551893199130824
66.9304,66.9304,169.0,173.57975029779678,173.47571011878267,-30.53975029779678
66.9498,66.9498,168.0,173.5678149071867,173.46375088792828,-31.527814907186688
66.9693,66.9693,173.0,173.5559773707785,173.45188791524697,-26.515977370778494
66.9888,66.9888,172.0,173.54429401433356,173.44017759801537,-27.50429401433356
67.0082,67.0082,176.0,173.53282050092798,173.4286757817456,-23.492820500927984
67.0277,67.0277,181.0,173.52144798833288,173.4172733335384,-18.48144798833288
67.0471,67.0471,192.0,173.51028690196344,173.40608090154822,-7.470286901963441
67.0666,67.0666,166.0,173.4992289408911,173.39498996141037,-33.4592289408911
67.086,67.086,176.0,173.488384123418,173.3841107844739,-23.448384123418002
67.1055,67.1055,161.0,173.4776448729559,173.37333545191345,-38.43764487295589
67.125,67.125,167.0,173.4670665779833,173.3627195192571,-32.427066577983304
67.1444,67.1444,212.0,173.4567039542383,173.3523178937901,12.583296045761706
67.1639,67.1639,175.0,173.44645018188515,173.34202334453067,-24.406450181885155
67.1833,67.1833,180.0,173.43641356011543,173.33194458620767,-19.396413560115427
67.2028,67.2028,186.0,173.42648788541163,173.32197496313862,-13.386487885411633
67.2222,67.2222,186.0,173.41678089879878,173.31222268542433,-13.376780898798778
67.2417,67.2417,180.0,173.40718717225124,173.30258178030232,-19.367187172251242
67.2612,67.2612,158.0,173.39776107190647,173.29310692366408,-41.357761071906474
67.2806,67.2806,149.0,173.3885565709749,173.28385227631887,-50.348556570974914
67.3001,67.3001,177.0,173.37946905389103,173.27471271035762,-22.33946905389103
67.3195,67.3195,172.0,173.37060471653686,173.26579494919181,-27.33060471653686
67.339,67.339,177.0,173.36185937594274,173.25699425878298,-22.321859375942743
67.3584,67.3584,156.0,173.35333865676225,173.24841680619596,-43.31333865676225
67.3779,67.3779,138.0,173.3449389509998,173.23995842381905,-61.30493895099979
67.3974,67.3974,164.0,173.33671337807448,173.23167243581693,-35.29671337807448
67.4168,67.4168,191.0,173.3287140531976,173.22361133278588,-8.288714053197587
67.4363,67.4363,142.0,173.32083788486395,173.21567131578735,-57.28083788486395
67.4557,67.4557,172.0,173.3131885527854,173.2079567966371,-27.273188552785392
67.4752,67.4752,167.0,173.30566346395494,173.2003644195634,-32.265663463954944
67.4946,67.4946,153.0,173.29836552468674,173.1929977732061,-46.258365524686745
67.5141,67.5141,166.0,173.29119253327926,173.18575400116208,-33.25119253327926
67.5336,67.5336,169.0,173.2841958723985,173.1786847417866,-30.2441958723985
67.553,67.553,174.0,173.27742609216858,173.17184100014092,-25.237426092168583
67.5725,67.5725,144.0,173.27078177547654,173.16512052129966,-55.23078177547654
67.5919,67.5919,183.0,173.264363981636,173.15862515214863,-16.224363981635996
67.6114,67.6114,192.0,173.25807163552346,173.15225298629838,-7.218071635523465
67.6308,67.6308,149.0,173.25200500084023,173.14610513566595,-50.21200500084023
67.6503,67.6503,155.0,173.24606382071448,173.14008045329624,-44.20606382071448
67.6698,67.6698,165.0,173.24029797358898,173.13422924502137,-34.20029797358898
67.6892,67.6892,179.0,173.23475664796973,173.12860109459623,-20.194756647969733
67.7087,67.7087,168.0,173.22934000474862,173.1230953257285,-31.189340004748622
67.7281,67.7281,160.0,173.2241466174027,173.11781135863075,-39.18414661740271
67.7476,67.7476,175.0,173.21907732697684,173.11264908699712,-24.179077326976845
67.767,67.767,156.0,173.2142298688436,173.1077071968581,-43.174229868843604
67.7865,67.7865,184.0,173.20950558330074,173.10288606491437,-15.16950558330074
67.806,67.806,150.0,173.2049529083858,173.09823452334976,-49.16495290838579
67.8254,67.8254,196.0,173.20061957509057,173.09380088905039,-3.1606195750905712
67.8449,67.8449,154.0,173.1964077053025,173.0894861737026,-45.156407705302506
67.8643,67.8643,176.0,173.19241329665925,173.08538748482766,-23.152413296659255
67.8838,67.8838,193.0,173.18853912312207,173.0814063969184,-6.14853912312207
67.9032,67.9032,176.0,173.1848803696345,173.07763929073602,-23.1448803696345
67.9227,67.9227,169.0,173.18134053219953,173.07398846552493,-30.14134053219953
67.9422,67.9422,176.0,173.17796689739964,173.0705017388423,-23.137966897399643
67.9616,67.9616,160.0,173.17480604300184,173.0672262957299,-39.13480604300184
67.9811,67.9811,147.0,173.17176237004892,173.06406531058084,-52.131762370048925
68.0005,68.0005,186.0,173.16892956294967,173.0611136839973,-13.128929562949672
68.02,68.02,181.0,173.1662123320745,173.05827487650143,-18.12621233207451
68.0394,68.0394,199.0,173.16370365378378,173.055643074861,-0.12370365378378523
68.0589,68.0589,186.0,173.16130901993574,173.05312246988183,-13.121309019935744
68.0784,68.0784,170.0,173.15907448191732,173.05075975207976,-29.119074481917316
68.0978,68.0978,191.0,173.1570455413112,173.04860109647626,-8.117045541311192
68.1173,68.1173,176.0,173.15512885191154,173.04655175994333,-23.115128851911543
68.1367,68.1367,181.0,173.15341611461022,173.04470476052168,-18.113416114610224
68.1562,68.1562,178.0,173.15181462656327,173.04296608261473,-21.111814626563266
68.1756,68.1756,173.0,173.15041554783053,173.04142820269516,-26.110415547830534
68.1951,68.1951,150.0,173.1491269838156,173.03999778392512,-49.10912698381559
68.2146,68.2146,198.0,173.14799414541775,173.03872070887232,-1.1079941454177558
68.234,68.234,135.0,173.14706132695233,173.03764207282012,-64.10706132695233
68.2535,68.2535,196.0,173.14623760557058,173.03666937695934,-3.106237605570577
68.2729,68.2729,183.0,173.1456120885413,173.0358932462775,-16.1056120885413
68.2924,68.2924,169.0,173.14509431403698,173.03522162292074,-30.105094314036982
68.3118,68.3118,171.0,173.14477289272125,173.03474471110516,-28.10477289272125
68.3313,68.3313,152.0,173.14455809601748,173.0343710852147,-47.10455809601748
68.3508,68.3508,176.0,173.1444936342769,173.0341453343092,-23.1044936342769
68.3702,68.3702,176.0,173.14462256845744,173.03411126816897,-23.104622568457437
68.3897,68.3897,154.0,173.14485591733109,173.0341781992834,-45.104855917331086
68.4091,68.4091,200.0,173.14528044067816,173.03443459132933,0.8947195593218353
68.4286,68.4286,177.0,173.14580767570249,173.03479023048826,-22.105807675702486
68.448,68.448,201.0,173.146523719433,173.03533292240573,1.8934762805670076
68.4675,68.4675,171.0,173.14734087063246,173.0359731967552,-28.107340870632463
68.487,68.487,182.0,173.14830179310084,173.03675450188138,-17.108301793100843
68.5064,68.5064,167.0,173.14944830589383,173.03771964098354,-32.10944830589383
68.5259,68.5259,167.0,173.1506939307574,173.0387802020807,-32.1106939307574
68.5453,68.5453,198.0,173.15212311230457,173.04002253711,-1.112123112304566
68.5648,68.5648,164.0,173.15364993321182,173.04135874272973,-35.113649933211825
68.5842,68.5842,181.0,173.15535830322693,173.0428746142369,-18.115358303226934
68.6037,68.6037,166.0,173.1571628842955,173.0444829128207,-33.1171628842955
68.6232,68.6232,184.0,173.15910519363217,173.04622600876777,-15.119105193632173
68.6426,68.6426,178.0,173.16122584629125,173.04814558351822,-21.121225846291246
68.6621,68.6621,193.0,173.16344075441643,173.0501553880467,-6.123440754416428
68.6815,68.6815,189.0,173.16583194201453,173.05233965502015,-10.125831942014536
68.701,68.701,159.0,173.16831628682237,173.05461290808873,-40.128316286822376
68.7204,68.7204,178.0,173.17097535586305,173.05705897540932,-21.13097535586305
68.7399,68.7399,199.0,173.17372658586595,173.05959299474782,-0.13372658586595065
68.7594,68.7594,184.0,173.17661024202258,173.0622564029212,-15.136610242022577
68.7788,68.7788,196.0,173.1796663100069,173.0650901219652,-3.139666310006895
68.7983,68.7983,192.0,173.1828132309486,173.06801044539392,-7.142813230948597
68.8177,68.8177,199.0,173.18613127550782,173.0710998435267,-0.14613127550781968
68.8372,68.8372,179.0,173.18953999490094,173.0742754848221,-20.14953999490094
68.8566,68.8566,175.0,173.19311912155524,173.07761943997795,-24.153119121555243
68.8761,68.8761,171.0,173.19678904025363,173.08104965985592,-28.156789040253635
68.8955,68.8955,152.0,173.2006287922054,173.08464761383448,-47.16062879220541
68.915,68.915,174.0,173.2045594560527,173.0883318628743,-25.164559456052693
68.9345,68.9345,177.0,173.20862031905529,173.09214280137985,-22.168620319055286
68.9539,68.9539,157.0,173.2128497525421,173.09612017944102,-42.1728497525421
68.9734,68.9734,170.0,173.2171698293417,173.1001833577688,-29.177169829341715
68.9928,68.9928,185.0,173.22165745478904,173.1044118929181,-14.18165745478904
69.0123,69.0123,186.0,173.22623519793558,173.10872561808267,-13.18623519793558
69.0317,69.0317,167.0,173.23097941677617,173.11320348788962,-32.190979416776166
69.0512,69.0512,179.0,173.2358133910742,173.11776613250882,-20.195813391074203
69.0707,69.0707,195.0,173.24077513736174,173.12245276838942,-4.200775137361738
69.0901,69.0901,186.0,173.2459017832119,173.1273019983273,-13.205901783211907
69.1096,69.1096,167.0,173.251118025307,173.13223551622318,-32.211118025306995
69.129,69.129,172.0,173.256498506083,173.13733092675812,-27.216498506083006
69.1485,69.1485,181.0,173.26196859752446,173.14251059170923,-18.22196859752446
69.1679,69.1679,187.0,173.26760228572144,173.14785138959067,-12.227602285721439
69.1874,69.1874,163.0,173.27332566110346,173.15327635266766,-36.23332566110346
69.2069,69.2069,194.0,173.27917563375578,173.158823857535,-5.239175633755785
69.2263,69.2263,152.0,173.2851883841029,173.16453154246997,-47.245188384102896
69.2458,69.2458,189.0,173.29129108457894,173.1703235358784,-10.251291084578945
69.2652,69.2652,172.0,173.29755596274595,173.17627508937386,-27.257555962745947
69.2847,69.2847,185.0,173.30391099892853,173.18231091182628,-14.26391099892853
69.3041,69.3041,174.0,173.31042764366418,173.18850568073185,-25.270427643664185
69.3236,69.3236,180.0,173.31703467841768,173.19478480828673,-19.277034678417685
69.3431,69.3431,180.0,173.323767709189,173.2011855402603,-19.283767709189014
69.3625,69.3625,176.0,173.33066173350602,173.20774450389598,-23.29066173350602
69.382,69.382,160.0,173.33764677929832,173.21438815957143,-39.297646779298326
69.4014,69.4014,189.0,173.34479247250022,173.22118969375222,-10.304792472500218
69.4209,69.4209,172.0,173.3520295177788,173.22807611836134,-27.31202951777879
69.4403,69.4403,181.0,173.35942682998868,173.23511995021948,-18.31942682998868
69.4598,69.4598,162.0,173.3669158979334,173.2422489351171,-37.32691589793341
69.4793,69.4793,160.0,173.3745311756803,173.2494992593703,-39.33453117568029
69.4987,69.4987,162.0,173.38230627004495,173.2569063515598,-37.34230627004495
69.5182,69.5182,157.0,173.3901735436042,173.26439878160272,-42.35017354360419
69.5376,69.5376,173.0,173.39819980572264,173.27204712993546,-26.35819980572264
69.5571,69.5571,183.0,173.40631811292826,173.27978039570942,-16.366318112928262
69.5765,69.5765,178.0,173.4145941498065,173.28766834636633,-21.374594149806505
69.596,69.596,181.0,173.4229619439025,173.29564068507668,-18.382961943902494
69.6155,69.6155,188.0,173.43145407874036,173.30373206158254,-11.39145407874036
69.6349,69.6349,176.0,173.4401025676081,173.31197650267413,-23.40010256760811
69.6544,69.6544,151.0,173.44884251754416,173.3203048642672,-48.408842517544166
69.6738,69.6738,162.0,173.457738208596,173.32878546903262,-37.417738208596
69.6933,69.6933,178.0,173.46672515381758,173.33734966489166,-21.42672515381758
69.7127,69.7127,188.0,173.47586659127325,173.3460648289596,-11.435866591273246
69.7322,69.7322,155.0,173.485098938614,173.3548628984499,-44.44509893861399
69.7517,69.7517,185.0,173.494453564315,173.36377733021456,-14.454453564314996
69.7711,69.7711,178.0,173.50396078034495,173.37284075994302,-21.463960780344955
69.7906,69.7906,154.0,173.513558255038,173.3819861411104,-45.47355825503799
69.81,69.81,164.0,173.52330721777227,173.3912792265284,-35.48330721777227
69.8295,69.8295,161.0,173.53314598451257,173.40065350197006,-38.49314598451257
69.8489,69.8489,165.0,173.54313462093782,173.41017380532094,-34.50313462093782
69.8684,69.8684,177.0,173.55321206677104,173.41977410371294,-22.51321206677104
69.8879,69.8879,196.0,173.5634077634316,173.42948619224197,-3.5234077634315994
69.9073,69.9073,175.0,173.57375047275227,173.43934120232382,-24.533750472752267
69.9268,69.9268,170.0,173.58418035353557,173.4492741730897,-29.544180353535573
69.9462,69.9462,169.0,173.59475550996905,173.4593482050208,-30.55475550996905
69.9657,69.9657,185.0,173.60541684694445,173.46949896903593,-14.565416846944451
69.9851,69.9851,153.0,173.6162215490607,173.4797888000404,-46.5762215490607
70.0046,70.0046,176.0,173.62711140779984,173.49015406733218,-23.587111407799846
70.0241,70.0241,164.0,173.6381145699031,173.50062533042714,-35.59811456990311
70.0435,70.0435,186.0,173.64925808164375,173.51123247231013,-13.609258081643752
70.063,70.063,185.0,173.6604848365025,173.52191263196244,-14.620484836502492
70.0824,70.0824,178.0,173.67184978294955,173.53272634162795,-21.63184978294955
70.1019,70.1019,191.0,173.68329673206918,173.54361156539667,-8.643296732069182
70.1213,70.1213,167.0,173.69488009403747,173.55462824061374,-32.65488009403747
70.1408,70.1408,182.0,173.70654435999404,173.5657151382573,-17.66654435999404
70.1603,70.1603,184.0,173.71831644452945,173.57690175053546,-15.67831644452945
70.1797,70.1797,164.0,173.73022216473714,173.58821693199016,-35.69022216473714
70.1992,70.1992,188.0,173.74220769807738,173.5996005229586,-11.70220769807738
70.2186,70.2186,179.0,173.75432511352687,173.61111081555273,-20.714325113526876
70.2381,70.2381,157.0,173.7665214093208,173.62268833681213,-42.7265214093208
70.2575,70.2575,184.0,173.77884813730842,173.63439080592445,-15.738848137308416
70.277,70.277,187.0,173.7912530283851,173.6461593211005,-12.751253028385115
70.2965,70.2965,179.0,173.8037612664575,173.65802223123552,-20.763761266457514
70.3159,70.3159,157.0,173.81639735281493,173.67000727800828,-42.77639735281493
70.3354,70.3354,190.0,173.82911044169194,173.68205675728265,-9.789110441691939
70.3548,70.3548,165.0,173.8419498624145,173.69422655477794,-34.80194986241451
70.3743,70.3743,183.0,173.85486563258132,173.70645961644448,-16.814865632581323
70.3937,70.3937,201.0,173.8679059993294,173.7188111582043,1.1720940006706044
70.4132,70.4132,186.0,173.88102192593516,173.73122478817962,-13.84102192593516
70.4327,70.4327,198.0,173.89423725678384,173.74372779927097,-1.8542372567838399
70.4521,70.4521,146.0,173.9075753209776,173.75634686524094,-53.8675753209776
70.4716,70.4716,173.0,173.9209883530951,173.7690269427802,-26.880988353095113
70.491,70.491,168.0,173.93452282363774,173.78182165768843,-31.894522823637736
70.5105,70.5105,190.0,173.94813197066543,173.79467641582434,-9.90813197066543
70.5299,70.5299,190.0,173.96186099724213,173.80764406793477,-9.921860997242128
70.5494,70.5494,174.0,173.97566408842053,173.8206707545529,-25.93566408842053
70.5689,70.5689,178.0,173.9895638955472,173.83378264976295,-21.949563895547207
70.5883,70.5883,153.0,174.0035817183458,173.84700521583358,-46.9635817183458
70.6078,70.6078,182.0,174.01767337646842,173.86028573644282,-17.977673376468424
70.6272,70.6272,166.0,174.03188181714458,173.8736753490267,-33.99188181714458
70.6467,70.6467,180.0,174.04616371426093,173.88712190680204,-20.00616371426093
70.6661,70.6661,155.0,174.0605608876611,173.90067581800236,-45.0205608876611
70.6856,70.6856,196.0,174.07503083671668,173.91428558762334,-4.035030836716679
70.7051,70.7051,162.0,174.08959421851682,173.92797583853633,-38.04959421851682
70.7245,70.7245,171.0,174.10427061515503,173.94177061775304,-29.06427061515503
70.744,70.744,174.0,174.1190189392806,173.9556193431195,-26.07901893928061
70.7634,70.7634,152.0,174.13387847699389,173.96957052554933,-48.093878476993886
70.7829,70.7829,170.0,174.148808981085,173.98357422865067,-30.108808981085012
70.8023,70.8023,176.0,174.1638489043952,173.99767806564893,-24.123848904395196
70.8218,70.8218,159.0,174.17895872217514,174.01183257588374,-41.13895872217514
70.8413,70.8413,206.0,174.19415705694513,174.02606089208948,5.845842943054869
70.8607,70.8607,176.0,174.2094612011089,174.0403853146007,-24.169461201108895
70.8802,70.8802,196.0,174.22483314291458,174.05475737976514,-4.184833142914577
70.8996,70.8996,188.0,174.2403087599662,174.0692228341766,-12.200308759966212
70.9191,70.9191,184.0,174.2558512498669,174.08373404041743,-16.21585124986691
70.9385,70.9385,197.0,174.27149527560815,174.09833624857507,-3.2314952756081468
70.958,70.958,189.0,174.28720530214574,174.11298266671707,-11.247205302145737
70.9775,70.9775,164.0,174.30299838668157,174.1276955257981,-36.262998386681566
70.9969,70.9969,183.0,174.31889097733836,174.14249643962663,-17.278890977338357
71.0164,71.0164,167.0,174.33484912973822,174.1573398007455,-33.29484912973822
71.0358,71.0358,185.0,174.35090518207008,174.1722693190737,-15.31090518207008
71.0553,71.0553,186.0,174.36702639838254,174.1872400726962,-14.327026398382536
71.0747,71.0747,175.0,174.3832441904928,174.20229505502525,-25.343244190492804
71.0942,71.0942,180.0,174.3995270869422,174.21739018442452,-20.359527086942187
71.1137,71.1137,168.0,174.41589020592542,174.2325465491499,-32.37589020592542
71.1331,71.1331,176.0,174.4323482790073,174.2477845518875,-24.3923482790073
71.1526,71.1526,177.0,174.44887123763033,174.26306112702989,-23.40887123763033
71.172,71.172,176.0,174.46548793133917,174.27841750695578,-24.42548793133917
71.1915,71.1915,177.0,174.48216933825114,174.29381133538539,-23.44216933825114
71.2109,71.2109,173.0,174.49894312577717,174.3092831310434,-27.458943125777175
71.2304,71.2304,194.0,174.51578159645257,174.3247912472965,-6.4757815964525705
71.2499,71.2499,159.0,174.53269847980835,174.34035545841806,-41.49269847980835
71.2693,71.2693,182.0,174.54970612225193,174.35599494164506,-18.509706122251934
71.2888,71.2888,205.0,174.56677873504688,174.37166907917606,4.473221264953118
71.3082,71.3082,152.0,174.58394083949307,174.38741660547555,-48.54394083949307
71.3277,71.3277,174.0,174.6011678798199,174.4031977412814,-26.561167879819912
71.3471,71.3471,173.0,174.6184835767669,174.41905040829494,-27.578483576766892
71.3666,71.3666,165.0,174.63586446401854,174.43493533775245,-35.59586446401854
71.3861,71.3861,173.0,174.65332165156738,174.45087093142286,-27.613321651567382
71.4055,71.4055,187.0,174.6708653979098,174.46687478627348,-13.630865397909808
71.425,71.425,197.0,174.6884737453422,174.48290856377312,-3.6484737453422085
71.4444,71.4444,171.0,174.70616741679024,174.499008302736,-29.666167416790238
71.4639,71.4639,168.0,174.72392612847054,174.51513658051985,-32.68392612847054
71.4833,71.4833,193.0,174.74176878788825,174.53132879955595,-7.701768787888248
71.5028,71.5028,168.0,174.75967654927769,174.547548144886,-32.719676549277686
71.5223,71.5223,184.0,174.77765860752035,174.5638118468794,-16.737658607520352
71.5417,71.5417,172.0,174.79572363616344,174.580136349538,-28.755723636163445
71.5612,71.5612,194.0,174.81385386773886,174.59648601310906,-6.773853867738858
71.5806,71.5806,188.0,174.83206583128825,174.6128944344513,-12.792065831288248
71.6001,71.6001,191.0,174.85034407094852,174.6293267719398,-9.810344070948524
71.6195,71.6195,178.0,174.86870340643299,174.6458160973031,-22.828703406432986
71.639,71.639,145.0,174.88712994758765,174.6623284680528,-55.84712994758765
71.6584,71.6584,169.0,174.90563722366502,174.67889634071835,-31.865637223665026
71.6779,71.6779,186.0,174.92421264607606,174.69548626261889,-14.884212646076058
71.6974,71.6974,181.0,174.94286306568884,174.71211379409144,-19.90286306568884
71.7168,71.7168,182.0,174.9615933057505,174.72879383712987,-18.921593305750513
71.7363,71.7363,184.0,174.98039350586544,174.7454940558769,-16.940393505865437
71.7557,71.7557,167.0,174.99927300024015,174.76224493043932,-33.95927300024015
71.7752,71.7752,154.0,175.0182233436851,174.7790149333345,-46.978223343685094
71.7946,71.7946,172.0,175.03725317116292,174.7958337952822,-28.997253171162917
71.8141,71.8141,164.0,175.0563554579843,174.81267046419123,-37.0163554579843
71.8336,71.8336,168.0,175.07553369210152,174.8295391260554,-33.03553369210152
71.853,71.853,184.0,175.09479026570318,174.84645314279516,-17.054790265703183
71.8725,71.8725,183.0,175.11412028366462,174.86338234328986,-18.07412028366462
71.8919,71.8919,183.0,175.13352819375382,174.88035431577376,-18.09352819375382
71.9114,71.9114,162.0,175.15301114572512,174.8973397051242,-39.11301114572512
71.9308,71.9308,181.0,175.1725710875662,174.91436545694796,-20.132571087566212
71.9503,71.9503,180.0,175.19220730100926,174.93140286941508,-21.152207301009263
71.9698,71.9698,172.0,175.2119205191979,174.9484647359806,-29.17192051919789
71.9892,71.9892,171.0,175.23171116816522,174.9655631413576,-30.19171116816522
72.0087,72.0087,175.0,175.2515795939999,174.98267047974636,-26.211579593999907
72.0281,72.0281,174.0,175.27152468832304,174.99981172176413,-27.23152468832304
72.0476,72.0476,172.0,175.29155001560116,175.01695992260306,-29.25155001560116
72.067,72.067,190.0,175.31165176508503,175.0341392805441,-11.271651765085032
72.0865,72.0865,177.0,175.33183533837752,175.05132351176601,-24.291835338377517
72.106,72.106,190.0,175.35209876507707,175.0685240712486,-11.312098765077074
72.1254,72.1254,181.0,175.37243878606557,175.08575168000212,-20.332438786065573
72.1449,72.1449,181.0,175.39286436494936,175.1029813231233,-20.35286436494936
72.1643,72.1643,161.0,175.41336678488548,175.1202355348611,-40.373366784885484
72.1838,72.1838,179.0,175.43395795899295,175.1374900796504,-22.39395795899295
72.2032,72.2032,190.0,175.45462650869928,175.1547666634517,-11.414626508699278
72.2227,72.2227,189.0,175.47538618459066,175.17204166703067,-12.435386184590662
72.2422,72.2422,171.0,175.4962327086729,175.18932537901875,-30.456232708672893
72.2616,72.2616,190.0,175.51715890552072,175.20662743841646,-11.477158905520717
72.2811,72.2811,168.0,175.53818193609453,175.22392544362222,-33.49818193609453
72.3005,72.3005,168.0,175.55928602194714,175.24123949215243,-33.519286021947146
72.32,72.32,190.0,175.5804911891907,175.25854792958117,-11.540491189190696
72.3394,72.3394,192.0,175.60177960225417,175.27586997698768,-9.56177960225417
72.3589,72.3589,186.0,175.6231744646714,175.29318472706342,-15.583174464671394
72.3784,72.3784,182.0,175.64466674531596,175.31050135281168,-19.60466674531596
72.3978,72.3978,209.0,175.66624586469834,175.3278283538831,7.37375413530166
72.4173,72.4173,170.0,175.68793908679737,175.34514611327432,-31.647939086797372
72.4367,72.4367,165.0,175.70972372086206,175.36247235783648,-36.66972372086206
72.4562,72.4562,213.0,175.7316281324448,175.37978820311,11.308371867555202
72.4756,72.4756,185.0,175.7536268999993,175.39711048854366,-16.71362689999929
72.4951,72.4951,173.0,175.7757535599651,175.41442099634634,-28.735753559965097
72.5146,72.5146,197.0,175.79799533289952,175.43172769239018,-4.757995332899519
72.534,72.534,175.0,175.82033879705986,175.44903777097613,-26.780338797059862
72.5535,72.5535,180.0,175.84282053658234,175.46633425360238,-21.802820536582338
72.5729,72.5729,191.0,175.86540825405902,175.48363228917594,-10.82540825405902
72.5924,72.5924,149.0,175.88814469413072,175.500915625524,-52.84814469413072
72.6118,72.6118,180.0,175.9109928537869,175.51819878462217,-21.870992853786895
72.6313,72.6313,157.0,175.93399913538846,175.53546612623572,-44.89399913538846
72.6508,72.6508,175.0,175.95714633507353,175.55272430088658,-26.917146335073532
72.6702,72.6702,184.0,175.98041505650724,175.56997906665114,-17.94041505650724
72.6897,72.6897,159.0,176.00385819570454,175.58721572108868,-42.96385819570454
72.7091,72.7091,194.0,176.02742975089407,175.60444660972888,-7.987429750894073
72.7286,72.7286,172.0,176.05118697575858,175.6216576665416,-30.011186975758584
72.748,72.748,182.0,176.07508018758458,175.6388604693506,-20.035080187584576
72.7675,72.7675,164.0,176.09917165259566,175.6560417517784,-38.05917165259566
72.787,72.787,166.0,176.12344059902546,175.67320669036,-36.08344059902546
72.8064,72.8064,176.0,176.14785977589398,175.69035961903512,-26.107859775893978
72.8259,72.8259,171.0,176.17249930301668,175.70748820789328,-31.13249930301668
72.8453,72.8453,173.0,176.19729894112388,175.72460196219492,-29.157298941123877
72.8648,72.8648,216.0,176.22233463261716,175.74168921746104,13.817665367382837
72.8842,72.8842,168.0,176.24754440063202,175.75875864893362,-34.207544400632024
72.9037,72.9037,176.0,176.27300637761854,175.77579930672,-26.233006377618544
72.9232,72.9232,175.0,176.2986953579574,175.7928147121492,-27.2586953579574
72.9426,72.9426,154.0,176.32457587284156,175.80980763108755,-48.284575872841565
72.9621,72.9621,176.0,176.35074018522133,175.82676810062975,-26.310740185221327
72.9815,72.9815,160.0,176.37711430690896,175.84370266969142,-42.337114306908965
73.001,73.001,182.0,176.40379298406543,175.86060191371826,-20.363792984065434
73.0204,73.0204,174.0,176.43069642089432,175.87747148963663,-28.390696420894322
73.0399,73.0399,161.0,176.45793234237306,175.89430259977948,-41.41793234237306
73.0594,73.0594,218.0,176.48546328264172,175.91109708979116,15.554536717358282
73.0788,73.0788,207.0,176.51325048940862,175.9278559370296,4.5267495105913795
73.0983,73.0983,171.0,176.54140958070235,175.94457130015846,-31.50140958070235
73.1177,73.1177,191.0,176.5698459072157,175.96124694951794,-11.529845907215694
73.1372,73.1372,189.0,176.59869049267462,175.97787580911015,-13.558690492674621
73.1566,73.1566,175.0,176.6278376224502,175.99446094504583,-27.587837622450188
73.1761,73.1761,179.0,176.65742944738344,176.01099618487532,-23.617429447383437
73.1956,73.1956,179.0,176.68742071888562,176.02748213111553,-23.64742071888562
73.215,73.215,186.0,176.7177616651027,176.04391865003208,-16.6777616651027
73.2345,73.2345,183.0,176.74861271708775,176.06030065627712,-19.708612717087753
73.2539,73.2539,179.0,176.77984891511736,176.07662947854433,-23.739848915117356
73.2734,73.2734,163.0,176.81164432236176,176.09290085584357,-39.77164432236176
73.2928,73.2928,191.0,176.84386519794953,176.1091154129075,-11.803865197949527
73.3123,73.3123,174.0,176.8767006528223,176.12526951310474,-28.83670065282231
73.3318,73.3318,202.0,176.9101015227984,176.14136253283652,-0.8701015227984144
73.3512,73.3512,169.0,176.94400190313038,176.1573930740398,-33.904001903130386
73.3707,73.3707,172.0,176.97861687944365,176.1733587837883,-30.93861687944365
73.3901,73.3901,185.0,177.0137875753144,176.18925842606686,-17.97378757531441
73.4096,73.4096,180.0,177.04974857943705,176.20509026385474,-23.00974857943705
73.429,73.429,170.0,177.08633751162859,176.2208523180762,-33.046337511628586
73.4485,73.4485,165.0,177.12380030151365,176.23654364477275,-38.083800301513655
73.468,73.468,182.0,177.16208368088203,176.2521622804226,-21.122083680882035
73.4874,73.4874,197.0,177.20110548169632,176.26770541938058,-6.1611054816963176
73.5069,73.5069,192.0,177.24115989808715,176.28317308166723,-11.201159898087148
73.5263,73.5263,161.0,177.2820536613143,176.29856142511346,-42.24205366131431
73.5458,73.5458,167.0,177.32409770645333,176.3138714225701,-36.28409770645333
73.5652,73.5652,166.0,177.3670840688235,176.32909845462547,-37.32708406882349
73.5847,73.5847,197.0,177.41136954282408,176.34424401158233,-6.371369542824077
73.6042,73.6042,197.0,177.4568840679997,176.359304654917,-6.41688406799971
73.6236,73.6236,207.0,177.50353005583483,176.37427632668852,3.5364699441651695
73.6431,73.6431,179.0,177.55172370854424,176.38916176991424,-24.511723708544245
73.6625,73.6625,190.0,177.60121168423106,176.40395466152424,-13.561211684231061
73.682,73.682,171.0,177.65245513442107,176.41865857069806,-32.612455134421076
73.7014,73.7014,165.0,177.70517533055428,176.4332665159777,-38.665175330554284
73.7209,73.7209,183.0,177.7598868354981,176.44778282528634,-20.719886835498095
73.7404,73.7404,190.0,177.81651353144008,176.4622030115279,-13.77651353144008
73.7598,73.7598,186.0,177.87496313261053,176.47652187767738,-17.834963132610532
73.7793,73.7793,185.0,177.9358475178663,176.4907448645144,-18.895847517866308
73.7987,73.7987,170.0,177.99883961319932,176.50486314039023,-33.95883961319932
73.8182,73.8182,176.0,178.06463463313335,176.5188829786128,-28.024634633133353
73.8376,73.8376,193.0,178.13288844217388,176.532794785683,-11.09288844217388
73.8571,73.8571,153.0,178.2043960284247,176.54660548221,-51.1643960284247
73.8766,73.8766,194.0,178.27915229066795,176.5603095004332,-10.239152290667953
73.896,73.896,188.0,178.3570827017172,176.57390034018104,-16.31708270171719
73.9155,73.9155,186.0,178.43920580849874,176.5873860391038,-18.399205808498742
73.9349,73.9349,173.0,178.52518000331816,176.60075520982917,-31.485180003318156
73.9544,73.9544,193.0,178.6162120489714,176.61401674234867,-11.576212048971392
73.9738,73.9738,188.0,178.7120444097086,176.6271585162522,-16.672044409708597
73.9933,73.9933,167.0,178.8141189715478,176.64019021118725,-37.7741189715478
74.0128,74.0128,185.0,178.92279813163213,176.65310511074753,-19.882798131632136
74.0322,74.0322,181.0,179.0383898675846,176.6658956699711,-23.998389867584613
74.0517,74.0517,208.0,179.1630438790645,176.67857269104718,2.876956120935496
74.0711,74.0711,158.0,179.29682336934573,176.69112233765577,-47.25682336934573
74.0906,74.0906,193.0,179.4425016777564,176.703556242475,-12.402501677756412
74.11,74.11,169.0,179.6005032765637,176.71585975585893,-36.5605032765637
74.1295,74.1295,166.0,179.77448017221244,176.72804518697365,-39.734480172212436
74.149,74.149,182.0,179.96623351366122,176.7401044389926,-23.926233513661224
74.1684,74.1684,192.0,180.17760131812088,176.75202857944925,-14.137601318120879
74.1879,74.1879,163.0,180.4140907334415,176.76383086734194,-43.3740907334415
74.2073,74.2073,190.0,180.67735765428023,176.7754948458071,-16.63735765428023
74.2268,74.2268,156.0,180.97456106234958,176.78703447953353,-50.93456106234958
74.2462,74.2462,202.0,181.3077658635717,176.7984325325487,-5.2677658635716895
74.2657,74.2657,194.0,181.68609921000265,176.80970360922637,-13.646099210002653
74.2852,74.2852,202.0,182.1142195395528,176.8208382436284,-6.074219539552807
74.3046,74.3046,184.0,182.59653262959137,176.83182633726219,-24.556532629591366
74.3241,74.3241,192.0,183.14531304425344,176.84268394814887,-17.105313044253442
74.3435,74.3435,186.0,183.7625856159064,176.8533922132345,-23.722585615906404
74.363,74.363,196.0,184.4627849870174,176.86396804961626,-14.422784987017387
74.3824,74.3824,183.0,185.2467456502554,176.87439199909616,-28.206745650255407
74.4019,74.4019,184.0,186.1304682779901,176.884681875109,-28.090468277990105
74.4213,74.4213,186.0,187.1130104786396,176.89481762571285,-27.07301047863961
74.4408,74.4408,175.0,188.21089620810872,176.9048178580088,-39.17089620810872
74.4603,74.4603,180.0,189.42614107992543,176.91467207500986,-35.38614107992543
74.4797,74.4797,202.0,190.75626826982906,176.9243690125876,-14.716268269829065
74.4992,74.4992,192.0,192.21861648027303,176.9339283976347,-26.17861648027303
74.5186,74.5186,169.0,193.7992842520239,176.94332852092248,-50.75928425202391
74.5381,74.5381,192.0,195.51349664162007,176.9525900558703,-29.473496641620066
74.5575,74.5575,197.0,197.34008851643358,176.96169057328186,-26.300088516433583
74.577,74.577,209.0,199.29033033425785,176.97065149102852,-16.250330334257846
74.5965,74.5965,198.0,201.3432520597385,176.97946134421943,-29.30325205973849
74.6159,74.6159,185.0,203.47048787040785,176.9881080091279,-44.43048787040785
74.6354,74.6354,233.0,205.67130303696612,176.99661431486138,1.3686969630338766
74.6548,74.6548,216.0,207.8859970148608,177.00495644587915,-17.845997014860806
74.6743,74.6743,213.0,210.11757167687654,177.01315800290106,-23.077571676876538
74.6937,74.6937,228.0,212.29070308005518,177.0211944622256,-10.250703080055182
74.7132,74.7132,208.0,214.37790494050674,177.02909021662313,-32.33790494050674
74.7327,74.7327,248.0,216.3129889868128,177.03683282008373,5.727011013187202
74.7521,74.7521,263.0,218.03296315131084,177.0444091796558,19.00703684868916
74.7716,74.7716,234.0,219.50108343794108,177.05184486856564,-11.461083437941078
74.791,74.791,212.0,220.66992102582512,177.05911366210378,-34.62992102582512
74.8105,74.8105,234.0,221.52113508729718,177.06624186249698,-13.481135087297183
74.8299,74.8299,255.0,222.03686216988157,177.07320256377946,7.003137830118426
74.8494,74.8494,230.0,222.22949677205915,177.080022844069,-18.18949677205915
74.8689,74.8689,221.0,222.11539128299285,177.08668911137448,-27.075391282992847
74.8883,74.8883,233.0,221.72589106056407,177.09318704593568,-14.685891060564067
74.9078,74.9078,270.0,221.0875168161786,177.09954482663795,22.952483183821393
74.9272,74.9272,257.0,220.23598533694727,177.1057337362594,10.804014663052733
74.9467,74.9467,269.0,219.1859203243658,177.11178268067275,23.85407967563419
74.9661,74.9661,283.0,217.96671387241994,177.11766221565503,39.073286127580054
74.9856,74.9856,252.0,216.58029281144326,177.12340197288836,9.459707188556742
75.0051,75.0051,252.0,215.04484047743583,177.12898709529017,10.995159522564173
75.0245,75.0245,282.0,213.3846626746213,177.13440199922206,42.6553373253787
75.044,75.044,281.0,211.6005631061974,177.1396774047685,43.4394368938026
75.0634,75.0634,278.0,209.73442038443227,177.14478205217955,42.30557961556773
75.0829,75.0829,270.0,207.79438150570215,177.14974738564985,36.24561849429785
75.1023,75.1023,272.0,205.83001562198524,177.1545414207946,40.20998437801476
75.1218,75.1218,276.0,203.85134175881802,177.15919632520908,46.188658241181976
75.1413,75.1413,232.0,201.897571161931,177.16369597125288,4.142428838068987
75.1607,75.1607,255.0,200.00332746836287,177.1680235072073,29.03667253163713
75.1802,75.1802,280.0,198.1696361932269,177.1722121860012,55.870363806773106
75.1996,75.1996,245.0,196.43113699958602,177.17622821458895,22.608863000413983
75.2191,75.2191,255.0,194.78112153687934,177.18010556744835,34.25887846312066
75.2385,75.2385,232.0,193.24430116317748,177.1838097295221,12.795698836822517
75.258,75.258,223.0,191.80859096870324,177.18737539609685,5.2314090312967565
75.2775,75.2775,237.0,190.4832648482614,177.190785174769,20.5567351517386
75.2969,75.2969,238.0,189.27326897039603,177.19402095691126,22.766731029603967
75.3164,75.3164,216.0,188.16310241575462,177.19711852444254,1.876897584245377
75.3358,75.3358,217.0,187.16027080087937,177.20004156593356,3.879729199120625
75.3553,75.3553,223.0,186.24915060021277,177.20282660505137,10.790849399787227
75.3747,75.3747,203.0,185.43319081928252,177.20543665259152,-8.393190819282516
75.3942,75.3942,210.0,184.69761848095638,177.2079089739267,-0.6576184809563799
75.4137,75.4137,209.0,184.04043543462205,177.2102250887466,-1.0004354346220552
75.4331,75.4331,218.0,183.45775866662262,177.21236586373288,8.582241333377375
75.4526,75.4526,212.0,182.93700955277419,177.21436990215108,3.102990447225814
75.472,75.472,201.0,182.47711741454154,177.2161987015109,-7.4371174145415395
75.4915,75.4915,210.0,182.06720855745252,177.21789164381738,1.9727914425474822
75.5109,75.5109,198.0,181.70582672317929,177.21940968396962,-9.665826723179286
75.5304,75.5304,200.0,181.38380953854093,177.22079310989713,-7.343809538540931
75.5499,75.5499,172.0,181.0981773107552,177.2220227009777,-35.058177310755205
75.5693,75.5693,205.0,180.84553088920805,177.22307864690137,-1.8055308892080504
75.5888,75.5888,213.0,180.61932343230856,177.2240024978433,6.420676567691437
75.6082,75.6082,210.0,180.41818126114705,177.2247537876532,3.6218187388529444
75.6277,75.6277,188.0,180.2368571445332,177.22537492933776,-18.19685714453319
75.6471,75.6471,193.0,180.0743957285808,177.22582484913272,-13.034395728580812
75.6666,75.6666,189.0,179.92669114016988,177.22614679864705,-16.88669114016988
75.6861,75.6861,191.0,179.7925286358812,177.22632074962976,-14.752528635881212
75.7055,75.7055,214.0,179.67064781149014,177.22632603098242,8.369352188509858
75.725,75.725,203.0,179.55829435577803,177.22620720886965,-2.518294355778032
75.7444,75.7444,178.0,179.45527790241414,177.2259217739308,-27.41527790241414
75.7639,75.7639,171.0,179.3594604148086,177.22551515577123,-34.31946041480861
75.7833,75.7833,217.0,179.27086985387808,177.22494424527167,11.769130146121917
75.8028,75.8028,191.0,179.18783791566375,177.22425510534882,-14.14783791566375
75.8223,75.8223,173.0,179.11014092254968,177.22342671332925,-32.070140922549676
75.8417,75.8417,216.0,179.03753529774264,177.2224374214428,11.002464702257363
75.8612,75.8612,186.0,178.9688634440303,177.22133440679642,-18.92886344403029
75.8806,75.8806,210.0,178.9043538075107,177.22007280275434,5.135646192489311
75.9001,75.9001,181.0,178.8430454829087,177.21870056200717,-23.803045482908708
75.9195,75.9195,178.0,178.7852026717574,177.21717222457326,-26.74520267175739
75.939,75.939,188.0,178.73001720744517,177.2155365230764,-16.690017207445173
75.9585,75.9585,186.0,178.67754237281505,177.21377136638995,-18.637542372815055
75.9779,75.9779,177.0,178.6277784022083,177.2118540213807,-27.587778402208293
75.9974,75.9974,174.0,178.58009432952613,177.20983437524882,-30.540094329526134
76.0168,76.0168,170.0,178.5347414358549,177.20766529986525,-34.4947414358549
76.0363,76.0363,173.0,178.4911826003656,177.20539732501095,-31.45118260036559
76.0557,76.0557,206.0,178.44965331955126,177.20298251015546,1.5903466804487394
76.0752,76.0752,170.0,178.4096750580444,177.20047196739114,-34.3696750580444
76.0947,76.0947,168.0,178.37131506497332,177.19784240932728,-36.33131506497332
76.1141,76.1141,188.0,178.33461160016446,177.19506977824238,-16.294611600164465
76.1336,76.1336,180.0,178.29917652681345,177.19220618203295,-24.259176526813455
76.153,76.153,175.0,178.26520174229202,177.18920189184158,-29.225201742292022
76.1725,76.1725,187.0,178.23233720032738,177.18610978005142,-17.19233720032738
76.1919,76.1919,181.0,178.2007608498528,177.18287939189452,-23.1607608498528
76.2114,76.2114,186.0,178.17015867531393,177.17956431899543,-18.13015867531393
76.2309,76.2309,174.0,178.1405951006368,177.17613999744535,-30.100595100636802
76.2503,76.2503,204.0,178.11210538777814,177.17258121600582,-0.07210538777814435
76.2698,76.2698,178.0,178.08442884336148,177.1689426297009,-26.04442884336148
76.2892,76.2892,175.0,178.05770263582494,177.1651722363326,-29.01770263582494
76.3087,76.3087,207.0,178.03170167675245,177.16132548901658,3.0082983232475513
76.3281,76.3281,204.0,178.0065495497557,177.1573496501372,0.03345045024429538
76.3476,76.3476,211.0,177.98203951906032,177.15330092377408,7.057960480939677
76.3671,76.3671,191.0,177.95821661832153,177.1491538180456,-12.91821661832153
76.3865,76.3865,183.0,177.93510749022929,177.1448822034547,-20.895107490229286
76.406,76.406,180.0,177.91254427337677,177.14054357346038,-23.872544273376768
76.4254,76.4254,177.0,177.8906225736198,177.1360838349841,-26.850622573619795
76.4449,76.4449,198.0,177.86918804712042,177.1315612023104,-5.829188047120418
76.4643,76.4643,185.0,177.84832807137596,177.12692088221752,-18.80832807137596
76.4838,76.4838,169.0,177.82790850779136,177.1222218812965,-34.787908507791364
76.5033,76.5033,200.0,177.8079601491452,177.11743781805552,-3.7679601491452033
76.5227,76.5227,193.0,177.78850320177756,177.11254154829714,-10.74850320177756
76.5422,76.5422,173.0,177.76942359717458,177.10759319932635,-30.72942359717458
76.5616,76.5616,188.0,177.7507867220042,177.10253657451918,-15.710786722004194
76.5811,76.5811,191.0,177.7324941501851,177.0974325366734,-12.692494150185091
76.6005,76.6005,178.0,177.71460343107182,177.0922242239139,-25.674603431071823
76.62,76.62,194.0,177.6970262449355,177.08697333083964,-9.657026244935501
76.6395,76.6395,170.0,177.67978274456598,177.08165251890782,-33.639782744565984
76.6589,76.6589,186.0,177.66288569884992,177.07623387241537,-17.62288569884992
76.6784,76.6784,167.0,177.6462649997883,177.070780134839,-36.60626499978829
76.6978,76.6978,205.0,177.6299607717967,177.0652329044474,1.4100392282032956
76.7173,76.7173,192.0,177.61391077544758,177.05965556338376,-11.57391077544758
76.7367,76.7367,188.0,177.59814777924245,177.053989048331,-15.558147779242454
76.7562,76.7562,186.0,177.5826220943464,177.04829761763247,-17.54262209434639
76.7757,76.7757,177.0,177.56734372422457,177.04255300317496,-26.527343724224572
76.7951,76.7951,174.0,177.55231900759722,177.03672631123294,-29.51231900759722
76.8146,76.8146,177.0,177.53750721893994,177.03088291384665,-26.497507218939937
76.834,76.834,206.0,177.52292740565733,177.02496221287117,2.5170725943426717
76.8535,76.8535,187.0,177.50854895361965,177.01903020042712,-16.468548953619653
76.8729,76.8729,176.0,177.49438589056453,177.01302568800168,-27.45438589056453
76.8924,76.8924,183.0,177.48041172865194,177.0070154955232,-20.440411728651945
76.9119,76.9119,172.0,177.46663141469426,177.00097028961076,-31.426631414694263
76.9313,76.9313,175.0,177.45304286874858,176.99486009542943,-28.413042868748583
76.9508,76.9508,178.0,177.43963120844563,176.98875269299612,-25.399631208445633
76.9702,76.9702,162.0,177.42639947704762,176.98258520136997,-41.386399477047625
76.9897,76.9897,156.0,177.41333576196877,176.9764260311481,-47.37333576196877
77.0091,77.0091,194.0,177.40044001259056,176.97021150099377,-9.360440012590566
77.0286,77.0286,166.0,177.38770635613744,176.96401039133713,-37.347706356137444
77.0481,77.0481,202.0,177.37513234514782,176.95779194754854,-1.3351323451478194
77.0675,77.0675,160.0,177.36271114088075,176.95152465403447,-43.32271114088075
77.087,77.087,167.0,177.3504433042043,176.9452784199644,-36.310443304204306
77.1064,77.1064,166.0,177.33831918526704,176.93898772406283,-37.29831918526704
77.1259,77.1259,177.0,177.32634461332904,176.93272290880196,-26.286344613329042
77.1453,77.1453,176.0,177.31450623719164,176.92641760780907,-27.274506237191638
77.1648,77.1648,165.0,177.30281299270146,176.9201427141465,-38.26281299270146
77.1843,77.1843,190.0,177.2912558093805,176.91386597929437,-13.251255809380488
77.2037,77.2037,197.0,177.2798247742544,176.90755439302484,-6.239824774254394
77.2232,77.2232,162.0,177.26853363583396,176.90127979321912,-41.22853363583396
77.2426,77.2426,200.0,177.25736208060817,176.89497423067138,-3.2173620806081757
77.2621,77.2621,182.0,177.24632839713288,176.88871019477133,-21.206328397132886
77.2815,77.2815,206.0,177.23540809628005,176.8824190821172,2.8045919037199454
77.301,77.301,178.0,177.2246247709499,176.8761741853756,-25.184624770949902
77.3204,77.3204,179.0,177.21395130102465,176.86990636668548,-24.17395130102465
77.3399,77.3399,200.0,177.20341296781243,176.86368966036372,-3.1634129678124268
77.3594,77.3594,188.0,177.192996210819,176.8574905558641,-15.15299621081899
77.3788,77.3788,161.0,177.18268377309934,176.85127501728803,-42.14268377309934
77.3983,77.3983,175.0,177.17250703500497,176.8451182498757,-28.13250703500497
77.4177,77.4177,176.0,177.1624327960756,176.8389495479023,-27.122432796075593
77.4372,77.4372,163.0,177.15249365565916,176.83284460547196,-40.11249365565916
77.4566,77.4566,179.0,177.1426547275681,176.82673202267443,-24.1026547275681
77.4761,77.4761,183.0,177.13295171507258,176.82068800323518,-20.09295171507258
77.4956,77.4956,163.0,177.12336664912615,176.81467780182757,-40.083366649126155
77.515,77.515,161.0,177.1138792242684,176.80866606094128,-42.0738792242684
77.5345,77.5345,171.0,177.10452836570516,176.8027298689023,-32.064528365705165
77.5539,77.5539,166.0,177.0952733804944,176.79679588806158,-37.055273380494405
77.5734,77.5734,166.0,177.0861558310344,176.7909416606752,-37.046155831034405
77.5928,77.5928,166.0,177.07713288775196,176.78509305917925,-37.03713288775196
77.6123,77.6123,183.0,177.06824777855124,176.7793280782035,-20.02824777855124
77.6318,77.6318,165.0,177.05947837093314,176.77361029759587,-38.019478370933136
77.6512,77.6512,166.0,177.05080093907168,176.76790269252638,-37.01080093907168
77.6707,77.6707,165.0,177.04226220430073,176.76228405251373,-38.00226220430073
77.6901,77.6901,164.0,177.0338142377875,176.7566783105082,-38.99381423778751
77.7096,77.7096,164.0,177.02550517299593,176.7511646970065,-38.985505172995936
77.729,77.729,184.0,177.0172846281384,176.74566630404266,-18.977284628138413
77.7485,77.7485,180.0,177.00920361650432,176.7402627792196,-22.969203616504323
77.768,77.768,191.0,177.00123612508,176.734916155349,-11.96123612508
77.7874,77.7874,192.0,176.99335535638295,176.72958784619252,-10.95335535638295
77.8069,77.8069,168.0,176.9856143246988,176.72435858683374,-34.94561432469879
77.8263,77.8263,190.0,176.97795847513592,176.71915002630962,-12.937958475135922
77.8458,77.8458,181.0,176.97044356536077,176.71404354618582,-21.93044356536077
77.8652,77.8652,204.0,176.96301358258984,176.7089601761634,1.0769864174101613
77.8847,77.8847,158.0,176.9557250619173,176.7039820257896,-44.91572506191729
77.9042,77.9042,207.0,176.9485502157474,176.69907036093903,4.09144978425261
77.9236,77.9236,189.0,176.94146010881408,176.694185673377,-13.901460108814085
77.9431,77.9431,172.0,176.93451370686793,176.68941104565408,-30.894513706867933
77.9625,77.9625,197.0,176.92765165096617,176.68466608663056,-5.88765165096617
77.982,77.982,163.0,176.92093459915867,176.680034528916,-39.88093459915867
78.0014,78.0014,169.0,176.91430254812656,176.6754354378734,-33.87430254812656
78.0209,78.0209,193.0,176.90781747471416,176.6709531719435,-9.867817474714165
78.0404,78.0404,155.0,176.9014493226442,176.66654781109148,-47.8614493226442
78.0598,78.0598,162.0,176.89516628697686,176.6621789236429,-40.85516628697686
78.0793,78.0793,169.0,176.88903286116908,176.65793165309645,-33.849032861169086
78.0987,78.0987,170.0,176.88298459055687,176.65372315558596,-32.842984590556874
78.1182,78.1182,164.0,176.87708747851153,176.64963899733354,-38.83708747851153
78.1376,78.1376,187.0,176.87127560535066,176.64559559404495,-15.831275605350662
78.1571,78.1571,163.0,176.8656160077999,176.64167895503448,-39.8256160077999
78.1766,78.1766,166.0,176.8600753114837,176.637847727032,-36.82007531148371
78.196,78.196,158.0,176.85461978880295,176.63405983646857,-44.81461978880295
78.2155,78.2155,157.0,176.849317941766,176.6304020649453,-45.809317941766004
78.2349,78.2349,158.0,176.8441006198459,176.62678891659453,-44.804100619845904
78.2544,78.2544,169.0,176.8390375598478,176.62330747045664,-33.79903755984781
78.2738,78.2738,187.0,176.83405755033098,176.61987132153862,-15.794057550330983
78.2933,78.2933,180.0,176.82923216859848,176.61656793332648,-22.78923216859848
78.3128,78.3128,201.0,176.8245252886077,176.6133542314287,-1.7845252886077034
78.3322,78.3322,168.0,176.81990020644707,176.61018655587804,-34.779900206447074
78.3517,78.3517,201.0,176.81542962417544,176.60715347044118,-1.7754296241754375
78.3711,78.3711,160.0,176.81104023906227,176.60416713142385,-42.771040239062266
78.3906,78.3906,188.0,176.80680606546267,176.6013167460027,-14.766806065462667
78.41,78.41,181.0,176.8026522113705,176.59851386443995,-21.762652211370515
78.4295,78.4295,174.0,176.79865391152055,176.59584822584634,-28.758653911520547
78.449,78.449,189.0,176.79477369582492,176.59327585530568,-13.754773695824916
78.4684,78.4684,160.0,176.7909731835038,176.59075215686528,-42.75097318350381
78.4879,78.4879,175.0,176.78732930692016,176.58836782752934,-27.747329306920157
78.5073,78.5073,187.0,176.78376456596686,176.5860329515542,-15.743764565966863
78.5268,78.5268,190.0,176.78035688051722,176.5838386574142,-12.740356880517218
78.5462,78.5462,156.0,176.77702767202294,176.5816944869818,-46.73702767202294
78.5657,78.5657,173.0,176.77385644334768,176.57969230634092,-29.733856443347683
78.5852,78.5852,176.0,176.77080372791153,176.57778699416673,-26.73080372791153
78.6046,78.6046,181.0,176.76782878895608,176.57593280989977,-21.72782878895608
78.6241,78.6241,183.0,176.76501259223463,176.5742222788475,-19.725012592234627
78.6435,78.6435,162.0,176.76227390887593,176.57256338320067,-40.72227390887593
78.663,78.663,172.0,176.75969425179662,176.57104928687457,-30.719694251796618
78.6824,78.6824,180.0,176.75719165324833,176.56958731416702,-22.717191653248328
78.7019,78.7019,155.0,176.75484854894853,176.5682710432365,-47.71484854894853
78.7214,78.7214,187.0,176.75262351210426,176.56705420025048,-15.712623512104265
78.7408,78.7408,168.0,176.7504745429018,176.5658897681489,-34.7104745429018
78.7603,78.7603,150.0,176.7484853113114,176.56487209773135,-52.708485311311414
78.7797,78.7797,168.0,176.74657117889703,176.56390687626165,-34.70657117889703
78.7992,78.7992,152.0,176.7448165228048,176.56308874448573,-50.7048165228048
78.8186,78.8186,183.0,176.74313573978554,176.5623225419044,-19.703135739785544
78.8381,78.8381,182.0,176.74161394055142,176.5617032117194,-20.701613940551418
78.8576,78.8576,195.0,176.74020757204516,176.56118287182508,-7.700207572045166
78.877,78.877,162.0,176.7388724747225,176.56071310662443,-40.69887247472251
78.8965,78.8965,149.0,176.73769524033526,176.56038989115095,-53.69769524033526
78.9159,78.9159,195.0,176.73658788314125,176.5601165320232,-7.696587883141255
78.9354,78.9354,162.0,176.73563765122753,176.55998923409774,-40.695637651227536
78.9548,78.9548,176.0,176.73475536735035,176.55991064827973,-26.694755367350346
78.9743,78.9743,158.0,176.73402915546674,176.55997753684065,-44.694029155466744
78.9938,78.9938,177.0,176.73341388055042,176.5601408380958,-25.693413880550416
79.0132,79.0132,169.0,176.73286361801783,176.56035078901365,-33.69286361801783
79.0327,79.0327,162.0,176.73246758236834,176.56070481902051,-40.692467582368344
79.0521,79.0521,174.0,176.7321339926293,176.56110384624105,-28.692133992629287
79.0716,79.0716,183.0,176.7319531778231,176.56164566964935,-19.691953177823102
79.091,79.091,164.0,176.73183240104566,176.5622305139107,-38.691832401045666
79.1105,79.1105,182.0,176.73186243824549,176.56295673759686,-20.691862438245487
79.13,79.13,187.0,176.73199646502025,176.5637738892869,-15.691996465020246
79.1494,79.1494,195.0,176.73218660224373,176.5646310041914,-7.69218660224373
79.1689,79.1689,167.0,176.73252481614756,176.56562725693826,-35.69252481614756
79.1883,79.1883,156.0,176.73291692552039,176.56666166494747,-46.692916925520386
79.2078,79.2078,179.0,176.73345577446077,176.5678339819699,-23.693455774460766
79.2272,79.2272,174.0,176.73404588505088,176.56904244634953,-28.694045885050876
79.2467,79.2467,182.0,176.7347807655836,176.57038719954738,-20.694780765583594
79.2662,79.2662,169.0,176.73561218267227,176.571816801403,-33.69561218267227
79.2856,79.2856,189.0,176.73649092708243,176.57327930882187,-13.69649092708243
79.3051,79.3051,186.0,176.7375115905813,176.57487560731752,-16.697511590581307
79.3245,79.3245,191.0,176.73857687757862,176.57650263237343,-11.698576877578624
79.344,79.344,176.0,176.73978262312022,176.57826194467032,-26.69978262312022
79.3634,79.3634,160.0,176.74103048155058,176.58005010773792,-42.70103048155058
79.3829,79.3829,185.0,176.74241726936168,176.58196929442218,-17.702417269361682
79.4024,79.4024,176.0,176.7438931765753,176.5839671991233,-26.703893176575313
79.4218,79.4218,172.0,176.7454078501186,176.58599104590965,-30.705407850118597
79.4413,79.4413,180.0,176.7470588584141,176.58814370758807,-22.707058858414108
79.4607,79.4607,199.0,176.74874629488193,176.5903202962352,-3.7087462948819265
79.4802,79.4802,196.0,176.75056832807292,176.59262418227965,-6.710568328072917
79.4996,79.4996,174.0,176.75242446126987,176.5949501021359,-28.71242446126987
79.5191,79.5191,177.0,176.7544137875127,176.59740219036965,-25.714413787512704
79.5386,79.5386,188.0,176.75648582522822,176.5999274680549,-14.716485825228226
79.558,79.558,178.0,176.7585891153528,176.60247243803732,-24.718589115352806
79.5775,79.5775,200.0,176.760823905498,176.6051420528084,-2.7208239054980012
79.5969,79.5969,185.0,176.76308822275928,176.6078299353309,-17.72308822275928
79.6164,79.6164,168.0,176.76548301634352,176.6106416753221,-34.725483016343524
79.6358,79.6358,185.0,176.76790587162031,176.61347056614034,-17.727905871620315
79.6553,79.6553,177.0,176.7704585615506,176.61642268942816,-25.730458561550613
79.6748,79.6748,172.0,176.77308945676677,176.6194444111923,-30.73308945676677
79.6942,79.6942,190.0,176.7757461022357,176.62248159042042,-12.735746102235701
79.7137,79.7137,164.0,176.77853151545574,176.62564107546152,-38.73853151545574
79.7331,79.7331,171.0,176.78134145323736,176.62881493337272,-31.74134145323736
79.7526,79.7526,155.0,176.78427928165695,176.63211050235574,-47.74427928165695
79.772,79.772,164.0,176.7872400944888,176.6354192047531,-38.747240094488795
79.7915,79.7915,145.0,176.7903277304361,176.63884866079542,-57.750327730436105
79.811,79.811,181.0,176.79348920547062,176.6423439937854,-21.753489205470622
79.8304,79.8304,178.0,176.79667027009464,176.64584959425733,-24.756670270094638
79.8499,79.8499,188.0,176.7999756560159,176.64947350783726,-14.759975656015904
79.8693,79.8693,184.0,176.80329823031985,176.65310545170982,-18.763298230319855
79.8888,79.8888,172.0,176.80674325674482,176.65685404112367,-30.766743256744824
79.9082,79.9082,189.0,176.81020324300306,176.66060863302584,-13.77020324300306
79.9277,79.9277,174.0,176.81378413310725,176.6644783362236,-28.77378413310725
79.9472,79.9472,155.0,176.817431534566,176.66840737840954,-47.777431534566
79.9666,79.9666,185.0,176.82109051862366,176.67233948124203,-17.781090518623664
79.9861,79.9861,183.0,176.8248679783962,176.676384368618,-19.784867978396214
80.0055,80.0055,172.0,176.8286545734451,176.6804301056686,-30.788654573445108
80.025,80.025,189.0,176.8325578908562,176.68458699069132,-13.792557890856209
80.0444,80.0444,179.0,176.83646806391366,176.6887426163109,-23.796468063913657
80.0639,80.0639,187.0,176.84049321579832,176.69300779892208,-15.80049321579832
80.0833,80.0833,173.0,176.84452302682007,176.69726975671693,-29.80452302682007
80.1028,80.1028,173.0,176.84866641699332,176.70163985904674,-29.808666416993326
80.1223,80.1223,182.0,176.852867697181,176.70606126516722,-20.812867697181012
80.1417,80.1417,188.0,176.8570704080643,176.71047663637805,-14.81707040806429
80.1612,80.1612,181.0,176.86138451167824,176.7149980118865,-21.82138451167824
80.1806,80.1806,177.0,176.86569820685378,176.71951156528763,-25.82569820685378
80.2001,80.2001,190.0,176.87012185538063,176.72412990248802,-12.830121855380632
80.2195,80.2195,179.0,176.87454323802905,176.72873876302342,-23.83454323802905
80.239,80.239,190.0,176.8790736039203,176.7334513001515,-12.83907360392029
80.2585,80.2585,175.0,176.8836561885509,176.7382100734195,-27.843656188550902
80.2779,80.2779,179.0,176.88823414172398,176.74295727993558,-23.848234141723985
80.2974,80.2974,176.0,176.8929196283725,176.74780684164023,-26.85291962837251
80.3168,80.3168,162.0,176.89759900041577,176.7526435562067,-40.85759900041577
80.3363,80.3363,182.0,176.90238494104352,176.7575817985787,-20.862384941043523
80.3557,80.3557,199.0,176.90716326941603,176.7625057970273,-3.8671632694160323
80.3752,80.3752,175.0,176.91204715867838,176.76753029449696,-27.872047158678377
80.3947,80.3947,191.0,176.91697912855406,176.77259718731509,-11.876979128554062
80.4141,80.4141,187.0,176.92190126655032,176.7776479136836,-15.881901266550322
80.4336,80.4336,178.0,176.9269278882109,176.78279808569746,-24.886927888210913
80.453,80.453,171.0,176.9319435612261,176.78793114176221,-31.891943561226093
80.4725,80.4725,170.0,176.93706325519997,176.79316320828127,-32.897063255199974
80.4919,80.4919,191.0,176.9421709337653,176.79837724888134,-11.902170933765312
80.5114,80.5114,165.0,176.94738191420683,176.80368972405608,-37.90738191420683
80.5309,80.5309,205.0,176.95263806638334,176.8090419214095,2.0873619336166556
80.5503,80.5503,176.0,176.9578806064508,176.81437460920668,-26.9178806064508
80.5698,80.5698,189.0,176.96322571447755,176.8198049886667,-13.923225714477546
80.5892,80.5892,189.0,176.96855608158035,176.82521498690087,-13.928556081580346
80.6087,80.6087,158.0,176.97398867919355,176.8307223063278,-44.933988679193554
80.6281,80.6281,159.0,176.9794059005551,176.83620862333615,-43.939405900555094
80.6476,80.6476,178.0,176.98492496804826,176.8417920045965,-24.944924968048262
80.6671,80.6671,186.0,176.990486732787,176.8474128776209,-16.95048673278699
80.6865,80.6865,189.0,176.99603135378473,176.85301126014417,-13.95603135378473
80.706,80.706,188.0,177.00167693716148,176.8587057800865,-14.961676937161478
80.7254,80.7254,193.0,177.0073045365284,176.86437695525152,-9.96730453652841
80.7449,80.7449,182.0,177.01303271957184,176.87014398975586,-20.97303271957184
80.7643,80.7643,198.0,177.01874225702178,176.8758871817682,-4.978742257021786
80.7838,80.7838,174.0,177.02455248290158,176.88172628923206,-28.984552482901584
80.8033,80.8033,203.0,177.03040380638592,176.88760152538953,0.009596193614079596
80.8227,80.8227,193.0,177.03623610412956,176.893452677573,-9.996236104129558
80.8422,80.8422,175.0,177.04216961084416,176.899400316192,-28.002169610844156
80.8616,80.8616,185.0,177.04808415211426,176.90532408736576,-18.008084152114257
80.8811,80.8811,190.0,177.05410071508413,176.91134505446314,-13.014100715084133
80.9005,80.9005,186.0,177.06009855492744,176.91734251075542,-17.020098554927436
80.92,80.92,184.0,177.066199302231,176.92343806476293,-19.026199302231014
80.9395,80.9395,180.0,177.07234274908362,176.92957162473374,-23.032342749083618
80.9589,80.9589,171.0,177.07846848655856,176.9356827605258,-32.038468486558564
80.9784,80.9784,171.0,177.08469892913868,176.9418938034292,-32.04469892913868
80.9978,80.9978,189.0,177.09091236527502,176.94808326040112,-14.050912365275018
81.0173,81.0173,165.0,177.09723164757133,176.95437375757112,-38.057231647571335
81.0367,81.0367,184.0,177.10353454411717,176.96064346157493,-19.063534544117168
81.0562,81.0562,183.0,177.10994450062478,176.96701537632154,-20.06994450062478
81.0757,81.0757,156.0,177.11640059656781,176.973428766716,-47.076400596567815
81.0951,81.0951,171.0,177.1228414271553,176.9798225660537,-32.082841427155294
81.1146,81.1146,174.0,177.12939097481333,176.9863202816699,-29.089390974813334
81.134,81.134,187.0,177.1359257739387,176.99279894793557,-16.09592577393871
81.1535,81.1535,190.0,177.1425701645785,176.99938237597536,-13.102570164578502
81.1729,81.1729,178.0,177.14920023532628,177.0059472828127,-25.109200235326277
81.1924,81.1924,174.0,177.15594101881302,177.01261801241768,-29.115941018813025
81.2119,81.2119,193.0,177.16273074609225,177.01933317401156,-10.122730746092252
81.2313,81.2313,204.0,177.16950714928748,177.0260309931228,0.870492850712516
81.2508,81.2508,193.0,177.17639616991093,177.03283645277955,-10.136396169910931
81.2702,81.2702,171.0,177.18327290030484,177.03962565273073,-32.143272900304844
81.2897,81.2897,178.0,177.19026379346408,177.04652413947076,-25.150263793464084
81.3091,81.3091,199.0,177.1972437457035,177.05340772569897,-4.157243745703504
81.3286,81.3286,184.0,177.20433961181453,177.0604022737735,-19.164339611814533
81.3481,81.3481,192.0,177.21148928953306,177.0674461504109,-11.171489289533064
81.3675,81.3675,173.0,177.21863017445574,177.07447742700535,-30.17863017445574
81.387,81.387,185.0,177.2258900525552,177.0816227690001,-18.1858900525552
81.4064,81.4064,182.0,177.23314304394776,177.08875738253107,-21.193143043947764
81.4259,81.4259,197.0,177.24051732865857,177.09600830507185,-6.20051732865857
81.4453,81.4453,152.0,177.24788665029268,177.10325050008905,-51.207886650292686
81.4648,81.4648,193.0,177.25537981277145,177.11061150498853,-10.215379812771452
81.4843,81.4843,183.0,177.26293406078545,177.11802925072578,-20.222934060785455
81.5037,81.5037,203.0,177.27048638690198,177.1254414469893,-0.23048638690197976
81.5232,81.5232,177.0,177.27816634605267,177.13297610183207,-26.238166346052672
81.5426,81.5426,184.0,177.28584662935015,177.14050754844422,-19.245846629350147
81.5621,81.5621,164.0,177.29365731317375,177.14816422672286,-39.253657313173754
81.5815,81.5815,177.0,177.3014707897122,177.1558201983833,-26.2614707897122
81.601,81.601,164.0,177.30941746244417,177.16360418300422,-39.269417462444174
81.6205,81.6205,174.0,177.31743405592354,177.17145375485367,-29.277434055923543
81.6399,81.6399,162.0,177.32545688495804,177.1793060751888,-41.285456884958045
81.6594,81.6594,186.0,177.33361678735906,177.18729022443281,-17.293616787359063
81.6788,81.6788,158.0,177.3417848323577,177.19527914976416,-45.30178483235769
81.6983,81.6983,155.0,177.35009229666832,177.20340220037693,-48.31009229666832
81.7177,81.7177,156.0,177.3584099103927,177.2115319410951,-47.31840991039271
81.7372,81.7372,163.0,177.36686879586537,177.21979772705356,-40.32686879586537
81.7567,81.7567,170.0,177.37540450590754,177.22813596720346,-33.33540450590754
81.7761,81.7761,179.0,177.38395204014296,177.23648266558732,-24.34395204014296
81.7956,81.7956,176.0,177.39264290305601,177.2449673232117,-27.352642903056015
81.815,81.815,180.0,177.40134634807902,177.25346129621718,-23.361346348079017
81.8345,81.8345,176.0,177.41019430707107,177.26209439216464,-27.370194307071067
81.8539,81.8539,181.0,177.4190557676409,177.27073769044927,-22.379055767640914
81.8734,81.8734,184.0,177.42806307964992,177.2795213082385,-19.388063079649918
81.8929,81.8929,183.0,177.43715080331015,177.28838103710655,-20.397150803310147
81.9123,81.9123,157.0,177.44625349965068,177.29725243477287,-46.40625349965068
81.9318,81.9318,153.0,177.4555040700557,177.30626617805896,-50.4155040700557
81.9512,81.9512,193.0,177.46477037234536,177.31529260683948,-10.424770372345357
81.9707,81.9707,168.0,177.47418581122196,177.32446235565124,-35.43418581122196
81.9901,81.9901,171.0,177.48361766072182,177.33364542141675,-32.44361766072182
82.0096,82.0096,191.0,177.49319930611972,177.34297276177335,-12.453199306119721
82.0291,82.0291,193.0,177.50286490978485,177.3523794523359,-10.462864909784848
82.0485,82.0485,176.0,177.51254789588796,177.36180039871542,-27.472547895887963
82.068,82.068,177.0,177.5223824142687,177.37136713479953,-26.48238241426869
82.0874,82.0874,160.0,177.53223515035717,177.3809490800754,-43.49223515035717
82.1069,82.1069,185.0,177.5422408521833,177.3906780292732,-18.502240852183313
82.1263,82.1263,173.0,177.55226540160928,177.40042301685352,-30.512265401609277
82.1458,82.1458,190.0,177.56244410475298,177.41031603393336,-13.522444104752985
82.1653,82.1653,180.0,177.5727101289213,177.4202918058137,-23.532710128921302
82.1847,82.1847,200.0,177.58299641456077,177.4302848979448,-3.5429964145607684
82.2042,82.2042,165.0,177.59343838892997,177.44042777433134,-38.55343838892997
82.2236,82.2236,162.0,177.6039020247515,177.4505891058122,-41.563902024751506
82.2431,82.2431,171.0,177.6145229291087,177.46090163894323,-32.57452292910869
82.2625,82.2625,200.0,177.62516601065477,177.47123360206072,-3.585166010654767
82.282,82.282,177.0,177.63596778349952,177.4817178336835,-26.595967783499525
82.3015,82.3015,187.0,177.6468608164486,177.49228874209533,-16.606860816448595
82.3209,82.3209,160.0,177.65777746354212,177.5028804993687,-43.61777746354212
82.3404,82.3404,163.0,177.6688548291476,177.5136264989883,-40.62885482914759
82.3598,82.3598,193.0,177.67995715573483,177.52439440565252,-10.639957155734827
82.3793,82.3793,181.0,177.691221001124,177.53531761894226,-22.651221001124007
82.3987,82.3987,175.0,177.70251044230957,177.54626358452256,-28.662510442309575
82.4182,82.4182,173.0,177.71396306785306,177.55736607286133,-30.67396306785306
82.4377,82.4377,157.0,177.72551092667314,177.5685590641341,-46.68551092667314
82.4571,82.4571,191.0,177.7370856718487,177.57977628961598,-12.69708567184869
82.4766,82.4766,178.0,177.74882538726084,177.59115166511774,-25.708825387260838
82.496,82.496,167.0,177.76059303769193,177.60255202973448,-36.720593037691934
82.5155,82.5155,175.0,177.7725265690789,177.6141116249901,-28.732526569078907
82.5349,82.5349,169.0,177.78448870383707,177.62569701495897,-34.74448870383707
82.5544,82.5544,206.0,177.796617925786,177.63744256654556,2.2433820742140043
82.5739,82.5739,156.0,177.80884546427487,177.64928167448545,-47.76884546427487
82.5933,82.5933,150.0,177.82110267605384,177.66114760427573,-53.78110267605384
82.6128,82.6128,168.0,177.8335283347078,177.6731748932243,-35.79352833470781
82.6322,82.6322,191.0,177.8459839199982,177.68522924896791,-12.80598391999819
82.6517,82.6517,172.0,177.85860791150637,177.69744514401373,-31.81860791150637
82.6711,82.6711,173.0,177.87126212608152,177.70968812754967,-30.83126212608152
82.6906,82.6906,174.0,177.88408525206268,177.72209293127324,-29.844085252062676
82.7101,82.7101,177.0,177.89700791527167,177.73459229734073,-26.857007915271673
82.7295,82.7295,170.0,177.90996053243094,177.74711876117073,-33.869960532430945
82.749,82.749,202.0,177.92308262576967,177.75980728912864,-1.8830826257696671
82.7684,82.7684,186.0,177.93623441012338,177.77252283419764,-17.896234410123377
82.7879,82.7879,172.0,177.94955605202856,177.7854006033018,-31.909556052028556
82.8073,82.8073,193.0,177.96290785132769,177.79830554989593,-10.922907851327686
82.8268,82.8268,188.0,177.97642963560307,177.81137308918065,-15.93642963560307
82.8462,82.8462,190.0,177.9899816593411,177.82446807958655,-13.949981659341113
82.8657,82.8657,185.0,178.00370477179064,177.83772630062293,-18.96370477179064
82.8852,82.8852,163.0,178.01752914854933,177.85108045423556,-40.97752914854933
82.9046,82.9046,184.0,178.03138469615655,177.86446313947576,-19.99138469615655
82.9241,82.9241,200.0,178.04541292885315,177.87801043591858,-4.005412928853154
82.9435,82.9435,169.0,178.0594733670075,177.8915869830135,-35.019473367007514
82.963,82.963,164.0,178.0737073814884,177.9053291920341,-40.03370738148839
82.9824,82.9824,167.0,178.08797446634867,177.9191016117334,-37.04797446634867
83.0019,83.0019,175.0,178.1024163754935,177.93304065406278,-29.062416375493505
83.0214,83.0214,173.0,178.1169627817567,177.94707865211547,-31.076962781756713
83.0408,83.0408,199.0,178.13154306432773,177.96114778077944,-5.09154306432773
83.0603,83.0603,175.0,178.14629955660394,177.9753845582888,-29.106299556603936
83.0797,83.0797,202.0,178.1610907258966,177.9896530874785,-2.1210907258966003
83.0992,83.0992,184.0,178.1760586420795,178.00409013666186,-20.13605864207951
83.1186,83.1186,166.0,178.19106246186556,178.01855976994776,-38.15106246186556
83.1381,83.1381,176.0,178.20624443258265,178.03319905290618,-28.16624443258265
83.1576,83.1576,191.0,178.22153399284997,178.04794022649173,-13.181533992849971
83.177,83.177,196.0,178.2368605858569,178.0627153993287,-8.196860585856903
83.1965,83.1965,178.0,178.25236736405694,178.07766184410653,-26.212367364056938
83.2159,83.2159,180.0,178.26791216350327,178.09264350120392,-24.22791216350327
83.2354,83.2354,179.0,178.28363887272258,178.1077978964477,-25.243638872722578
83.2548,83.2548,206.0,178.2994053792241,178.1229888864488,1.7405946207758873
83.2743,83.2743,142.0,178.31535506082537,178.13835415298962,-62.27535506082537
83.2938,83.2938,191.0,178.33141738869335,178.15382606695547,-13.291417388693354
83.3132,83.3132,171.0,178.3475218656852,178.16933663360692,-33.307521865685196
83.3327,83.3327,186.0,178.36381198951614,178.18502361577958,-18.323811989516138
83.3521,83.3521,173.0,178.38014487654402,178.20075049299865,-31.340144876544024
83.3716,83.3716,193.0,178.39666530919388,178.2166551547412,-11.356665309193879
83.391,83.391,180.0,178.41323017103687,178.23260102215488,-24.373230171036873
83.4105,83.4105,182.0,178.4299839266369,178.24872616503768,-22.38998392663691
83.43,83.43,159.0,178.44685541970856,178.2649627499849,-45.406855419708556
83.4494,83.4494,166.0,178.46377411447395,178.28124289334642,-38.42377411447395
83.4689,83.4689,184.0,178.48088416751864,178.2977047297892,-20.44088416751864
83.4883,83.4883,178.0,178.49804231715626,178.31421142193648,-26.458042317156263
83.5078,83.5078,207.0,178.51539378858814,178.33090116012033,2.5246062114118573
83.5272,83.5272,184.0,178.53279476003388,178.34763709028212,-20.49279476003388
83.5467,83.5467,180.0,178.5503903072164,178.36455755422432,-24.51039030721639
83.5662,83.5662,170.0,178.56810959262063,178.38159457931,-34.52810959262063
83.5856,83.5856,185.0,178.58588095409849,178.39868014728447,-19.545880954098486
83.6051,83.6051,173.0,178.60384966446617,178.4159527312276,-31.56384966446617
83.6245,83.6245,159.0,178.62187192213747,178.43327545658892,-45.58187192213747
83.644,83.644,190.0,178.64009382398135,178.45078689128167,-14.600093823981346
83.6634,83.6634,166.0,178.65837053501923,178.46834994140823,-38.61837053501923
83.6829,83.6829,193.0,178.67684872701787,178.48610319449946,-11.63684872701787
83.7024,83.7024,205.0,178.695456289356,178.50397845280557,0.3445437106439968
83.7218,83.7218,167.0,178.71412128662158,178.52190758076415,-37.67412128662158
83.7413,83.7413,183.0,178.73298992885088,178.54002935772013,-21.692989928850885
83.7607,83.7607,158.0,178.7519182172966,178.5582067049152,-46.711918217296606
83.7802,83.7802,160.0,178.7710522548046,178.5765784171837,-44.7310522548046
83.7996,83.7996,185.0,178.79024681679564,178.59500728235437,-19.750246816795645
83.8191,83.8191,178.0,178.8096491230474,178.61363186791502,-26.769649123047394
83.8386,83.8386,189.0,178.8291867213541,178.63238386289504,-15.789186721354092
83.858,83.858,195.0,178.8487871518138,178.65119493546902,-9.80878715181381
83.8775,83.8775,175.0,178.86859722224878,178.67020385398214,-29.82859722224878
83.8969,83.8969,186.0,178.88847233234011,178.68927348461818,-18.848472332340116
83.9164,83.9164,184.0,178.90855921524297,178.7085427245535,-20.868559215242975
83.9358,83.9358,174.0,178.92871219782847,178.72787447400688,-30.888712197828475
83.9553,83.9553,174.0,178.949079616041,178.74740776610446,-30.90907961604099
83.9748,83.9748,162.0,178.96958892914017,178.76707454733938,-42.92958892914017
83.9942,83.9942,169.0,178.99016734403443,178.78680673392518,-35.95016734403443
84.0137,84.0137,175.0,179.01096331422983,178.80674321991026,-29.970963314229827
84.0331,84.0331,164.0,179.03183062022964,178.826746724454,-40.99183062022964
84.0526,84.0526,192.0,179.05291664174314,178.84695607090802,-13.01291664174314
84.072,84.072,179.0,179.07407529592234,178.86723387023855,-26.034075295922342
84.0915,84.0915,159.0,179.09545486275775,178.88771895195373,-46.05545486275775
84.111,84.111,190.0,179.11698236922996,178.90834307660572,-15.07698236922996
84.1304,84.1304,173.0,179.13858481619252,178.92903788374346,-32.09858481619252
84.1499,84.1499,171.0,179.1604108093533,178.94994216171557,-34.120410809353295
84.1693,84.1693,201.0,179.1823134616204,178.9709186043452,-4.142313461620397
84.1888,84.1888,193.0,179.2044407226826,178.99210590764122,-12.164440722682592
84.2082,84.2082,163.0,179.2266467225056,179.01336686124782,-42.18664672250559
84.2277,84.2277,185.0,179.2490795804169,179.03484036446483,-20.20907958041689
84.2472,84.2472,176.0,179.27166625565278,179.05645821939157,-29.231666255652776
84.2666,84.2666,175.0,179.29433387341504,179.0781523200592,-30.254333873415042
84.2861,84.2861,165.0,179.31723163082577,179.10006146469163,-40.277231630825774
84.3055,84.3055,174.0,179.34021215789338,179.12204856998966,-31.300212157893377
84.325,84.325,194.0,179.36342418552633,179.14425229008728,-11.323424185526328
84.3444,84.3444,174.0,179.38672113177756,179.16653547418989,-31.346721131777564
84.3639,84.3639,183.0,179.41025144194302,179.18903682314743,-22.37025144194302
84.3834,84.3834,207.0,179.43394201184148,179.2116882239196,1.6060579881585184
84.4028,84.4028,199.0,179.4577203042692,179.23442166194397,-6.417720304269203
84.4223,84.4223,188.0,179.48173522569527,179.25737584652035,-17.441735225695275
84.4417,84.4417,187.0,179.50583899538242,179.28041409308156,-18.46583899538242
84.4612,84.4612,186.0,179.53018254684886,179.3036752528519,-19.490182546848864
84.4806,84.4806,177.0,179.55461804647408,179.32702285859048,-28.514618046474077
84.5001,84.5001,149.0,179.57929532925246,179.3505958310683,-56.53929532925246
84.5196,84.5196,194.0,179.60414146295446,179.37432661435366,-11.56414146295446
84.539,84.539,163.0,179.62908384060617,179.3981475205456,-42.58908384060617
84.5585,84.5585,175.0,179.6542720897396,179.4221972623116,-30.614272089739607
84.5779,84.5779,169.0,179.67955833275838,179.4463394300542,-36.63955833275838
84.5974,84.5974,170.0,179.70509351969335,179.47071253200164,-35.66509351969335
84.6168,84.6168,182.0,179.7249017594737,179.495180169744,-23.68490175947371
84.6363,84.6363,182.0,179.75079458940212,179.5198806478398,-23.71079458940212
84.6558,84.6558,163.0,179.7768651773255,179.5447462610019,-42.736865177325505
84.6752,84.6752,185.0,179.80303961121606,179.5697094380717,-20.763039611216065
84.6947,84.6947,164.0,179.8294680574104,179.59490830221606,-41.789468057410396
84.7141,84.7141,178.0,179.8560021887305,179.62020667169344,-27.816002188730515
84.7336,84.7336,184.0,179.88279322325485,179.6457425227876,-21.84279322325485
84.753,84.753,191.0,179.90677841170063,179.6713796912334,-14.86677841170063
84.7725,84.7725,156.0,179.93393892852245,179.69725609617694,-49.89393892852245
84.792,84.792,166.0,179.96128494081444,179.72330425657952,-39.92128494081444
84.8114,84.8114,189.0,179.9887419808764,179.74945665485356,-16.9487419808764
84.8309,84.8309,155.0,180.0164603266637,179.77585088569205,-50.97646032666369
84.8503,84.8503,197.0,180.04429237195325,179.80235107878588,-9.004292371953248
84.8698,84.8698,143.0,180.072388299934,179.82909461942697,-63.032388299934006
84.8892,84.8892,201.0,180.10059835328977,179.85594572850113,-5.06059835328977
84.9087,84.9087,190.0,180.12907488798467,179.88304152560798,-16.089074887984673
84.9282,84.9282,162.0,180.15774293493388,179.91031441745426,-44.11774293493388
84.9476,84.9476,173.0,180.18652805746015,179.9376970456443,-33.14652805746015
84.9671,84.9671,190.0,180.2155815066131,179.96532641054856,-16.175581506613092
84.9865,84.9865,173.0,180.2447543135054,179.99306690217557,-33.20475431350541
85.006,85.006,184.0,180.2741973506939,180.02105542727557,-22.234197350693897
85.0254,85.0254,163.0,180.30376065022713,180.04915658921558,-43.263760650227134
85.0449,85.0449,179.0,180.3335968499716,180.07750715200783,-27.2935968499716
85.0644,85.0644,178.0,180.36363082980998,180.1060397268689,-28.32363082980998
85.0838,85.0838,178.0,180.3937872029693,180.13468710359498,-28.353787202969293
85.1033,85.1033,199.0,180.4242193330103,180.16358570409824,-7.384219333010314
85.1227,85.1227,206.0,180.45477632340138,180.1926005099646,-0.4147763234013766
85.1422,85.1422,172.0,180.48560993539112,180.22186789675607,-34.445609935391126
85.1616,85.1616,188.0,180.51657011194598,180.251253232325,-18.476570111945982
85.1811,85.1811,162.0,180.5478099679059,180.28089275188685,-44.50780996790589
85.2006,85.2006,184.0,180.57925451993435,180.3107196297437,-22.539254519934353
85.22,85.22,187.0,180.61082812923067,180.34066711552592,-19.57082812923067
85.2395,85.2395,176.0,180.64268505008755,180.37087116668525,-30.60268505008755
85.2589,85.2589,174.0,180.6746737717986,180.40119766336875,-32.63467377179861
85.2784,85.2784,163.0,180.70694692845515,180.43178242096752,-43.666946928455154
85.2978,85.2978,170.0,180.739354927406,180.46249148315212,-36.699354927406
85.3173,85.3173,192.0,180.77204994692457,180.49346032412572,-14.732049946924569
85.3368,85.3368,186.0,180.8049568166457,180.5246222570536,-20.7649568166457
85.3562,85.3562,177.0,180.83800042143656,180.5559109111535,-29.798000421436562
85.3757,85.3757,137.0,180.87133497079546,180.58746154443864,-69.83133497079547
85.3951,85.3951,190.0,180.90480850841254,180.619140728364,-16.864808508412544
85.4146,85.4146,187.0,180.93857400261254,180.6510831907163,-19.89857400261254
85.434,85.434,177.0,180.97248105619545,180.68315551570566,-29.93248105619545
85.4535,85.4535,153.0,181.0066822250917,180.71549235710873,-53.96668222509171
85.473,85.473,190.0,181.04110280308964,180.74802741737685,-17.001102803089644
85.4924,85.4924,180.0,181.07566633344612,180.78069445389534,-27.035666333446123
85.5119,85.5119,171.0,181.1105277294427,180.81362766031666,-36.07052772944271
85.5313,85.5313,195.0,181.14553347907588,180.84669419901272,-12.10553347907588
85.5508,85.5508,178.0,181.18083932993068,180.88002798130194,-29.140839329930678
85.5702,85.5702,178.0,181.2162923337933,180.9134964855582,-29.176292333793292
85.5897,85.5897,182.0,181.25204624791377,180.94723348553532,-25.21204624791377
85.6091,85.6091,181.0,181.28794886246217,180.9811067186182,-26.247948862462174
85.6286,85.6286,163.0,181.32415559481277,181.01524972757252,-44.284155594812766
85.6481,85.6481,171.0,181.36059019590752,181.0495968098443,-36.32059019590752
85.6675,85.6675,160.0,181.39717577425264,181.08408242231326,-47.357175774252646
85.687,85.687,169.0,181.43406899968855,181.1188395612359,-38.39406899968855
85.7064,85.7064,174.0,181.4711159240513,181.15373639535923,-33.431115924051305
85.7259,85.7259,192.0,181.5084699361781,181.18890544091465,-15.468469936178103
85.7453,85.7453,186.0,181.5459801455689,181.22421505197394,-21.505980145568905
85.7648,85.7648,172.0,181.5838002250765,181.2597975271055,-35.54380022507649
85.7843,85.7843,170.0,181.62185375191996,181.29558740862697,-37.58185375191996
85.8037,85.8037,184.0,181.66006429777136,181.33151948895312,-23.620064297771357
85.8232,85.8232,184.0,181.69858825745646,181.36772557499134,-23.658588257456465
85.8426,85.8426,212.0,181.7372708605781,181.40407485279698,4.302729139421906
85.8621,85.8621,179.0,181.77626752236583,181.44069891034263,-28.73626752236583
85.8815,85.8815,207.0,181.8154257584155,181.47746732113617,-0.7754257584155013
85.901,85.901,197.0,181.85490019565094,181.51451140386666,-10.814900195650942
85.9205,85.9205,174.0,181.89461516440392,181.55176632930767,-33.85461516440392
85.9399,85.9399,194.0,181.93449305590818,181.58916771122628,-13.894493055908178
85.9594,85.9594,154.0,181.97469195470677,181.62684655703302,-53.93469195470677
85.9788,85.9788,194.0,182.0150556164307,181.6646735269769,-13.975055616430687
85.9983,85.9983,169.0,182.0557432713522,181.7027792267212,-39.015743271352214
86.0177,86.0177,179.0,182.09659916144258,181.74103457791392,-29.056599161442584
86.0372,86.0372,183.0,182.13777989158075,181.7795698876712,-25.09777989158075
86.0567,86.0567,184.0,182.1792086553711,181.81832095828125,-24.1392086553711
86.0761,86.0761,177.0,182.22080992795986,181.8572239722295,-31.180809927959864
86.0956,86.0956,165.0,182.26274036242495,181.89640879412562,-43.22274036242495
86.115,86.115,178.0,182.3048433836168,181.93574720850017,-30.2648433836168
86.1345,86.1345,175.0,182.34727960663076,181.9753686121504,-33.307279606630765
86.1539,86.1539,152.0,182.38989163173466,182.01514504406563,-56.34989163173466
86.1734,86.1734,171.0,182.43283733058146,182.05520550651931,-37.392837330581465
86.1929,86.1929,185.0,182.4760409828078,182.0954861508724,-23.436040982807803
86.2123,86.2123,194.0,182.5194237031029,182.13592344463996,-14.479423703102889
86.2318,86.2318,177.0,182.56314356749297,182.1766456225484,-31.523143567492973
86.2512,86.2512,172.0,182.60704380603903,182.21752552747404,-36.56704380603903
86.2707,86.2707,186.0,182.65128510319923,182.2586911059533,-22.61128510319923
86.2901,86.2901,169.0,182.69570905553576,182.300015523248,-39.65570905553576
86.3096,86.3096,157.0,182.74047468872524,182.34162633875076,-51.700474688725244
86.3291,86.3291,170.0,182.78550601849778,182.38346037867356,-38.745506018497785
86.3485,86.3485,177.0,182.83072289602475,182.42545470663293,-31.790722896024754
86.368,86.368,166.0,182.87628584728745,182.467735981602,-42.83628584728745
86.3874,86.3874,198.0,182.92203528057038,182.51017810427538,-10.882035280570385
86.4069,86.4069,182.0,182.9681336033554,182.5529072144723,-26.9281336033554
86.4263,86.4263,182.0,183.01441926604807,182.5957976519629,-26.974419266048066
86.4458,86.4458,171.0,183.06105656418706,182.6389752849408,-38.021056564187056
86.4653,86.4653,170.0,183.10796499597802,182.682377475966,-39.06796499597802
86.4847,86.4847,177.0,183.15506471356358,182.7259419541167,-32.11506471356358
86.5042,86.5042,183.0,183.20251691767794,182.76979384223444,-26.16251691767794
86.5236,86.5236,180.0,183.25016386788653,182.81380844564524,-29.21016386788653
86.5431,86.5431,185.0,183.2981663568673,182.8581104637689,-24.258166356867314
86.5625,86.5625,165.0,183.3463621009888,182.9025756754038,-44.306362100988814
86.582,86.582,158.0,183.39491772110983,182.94732838473172,-51.354917721109835
86.6015,86.6015,174.0,183.4437514828706,182.99230653704572,-35.4037514828706
86.6209,86.6209,167.0,183.4927809827432,183.03744837337553,-42.4527809827432
86.6404,86.6404,183.0,183.5421736315484,183.0828772140259,-26.502173631548395
86.6598,86.6598,183.0,183.59176520447093,183.12846961839492,-26.551765204470932
86.6793,86.6793,168.0,183.64171933610194,183.17434837850465,-41.601719336101944
86.6987,86.6987,174.0,183.6918729876383,183.22039057339921,-35.651872987638306
86.7182,86.7182,172.0,183.7423932007123,183.26671846535476,-37.702393200712315
86.7377,86.7377,186.0,183.79319752951164,183.31327044057144,-23.753197529511645
86.7571,86.7571,171.0,183.84420200558085,183.35998531065619,-38.804202005580855
86.7766,86.7766,183.0,183.89557670006923,183.406984566499,-26.85557670006923
86.796,86.796,175.0,183.94715439306626,183.45414629104138,-34.90715439306626
86.8155,86.8155,175.0,183.99910284642345,183.50159144527493,-34.959102846423455
86.8349,86.8349,169.0,184.05125471049692,183.5491985967785,-41.01125471049692
86.8544,86.8544,204.0,184.10378051874483,183.59708813805113,-6.063780518744828
86.8739,86.8739,175.0,184.1565955972007,183.64519910984495,-35.11659559720069
86.8933,86.8933,191.0,184.2096165448049,183.693471179062,-19.169616544804903
86.9128,86.9128,168.0,184.26301500971613,183.74202397561848,-42.22301500971613
86.9322,86.9322,163.0,184.3166211391423,183.79073738648475,-47.276621139142314
86.9517,86.9517,186.0,184.37060463214505,183.83973051529182,-24.330604632145047
86.9711,86.9711,182.0,184.4247998701301,183.88888355794143,-28.384799870130102
86.9906,86.9906,151.0,184.47937578556542,183.93831500988168,-59.439375785565424
87.0101,87.0101,142.0,184.53424804706788,183.9879648198043,-68.49424804706788
87.0295,87.0295,166.0,184.58933140288514,184.03777325871698,-44.54933140288514
87.049,87.049,171.0,184.64480072879365,184.08785753258135,-39.604800728793656
87.0684,87.0684,180.0,184.7004802234957,184.13809863696142,-30.660480223495703
87.0879,87.0879,174.0,184.7565482773627,184.18861305776187,-36.7165482773627
87.1073,87.1073,184.0,184.81282984727093,184.23928227231377,-26.772829847270934
87.1268,87.1268,187.0,184.8694982384157,184.29022216313882,-23.829498238415702
87.1463,87.1463,177.0,184.92646710568408,184.34137293864006,-33.88646710568408
87.1657,87.1657,178.0,184.98365266674472,184.3926754227905,-32.94365266674472
87.1852,87.1852,186.0,185.04122908139158,184.44424470025382,-25.00122908139158
87.2046,87.2046,216.0,185.09901804296135,184.49596365078958,4.940981957038652
87.2241,87.2241,186.0,185.1572034508924,184.54794680601006,-25.11720345089241
87.2435,87.2435,164.0,185.21560483081953,184.6000776932479,-47.17560483081953
87.263,87.263,175.0,185.27440320961455,184.6524703264437,-36.23440320961455
87.2825,87.2825,176.0,185.3335076600586,184.70506590629716,-35.29350766005859
87.3019,87.3019,172.0,185.39283339195234,184.75780618748686,-39.35283339195234
87.3214,87.3214,213.0,185.45255885774523,184.81080409194814,1.587441142254768
87.3408,87.3408,176.0,185.51250311707958,184.8639444117288,-35.472503117079576
87.3603,87.3603,172.0,185.57285360155223,184.9173394470124,-39.532853601552226
87.3797,87.3797,197.0,185.6334250683988,184.97087461195093,-14.593425068398794
87.3992,87.3992,166.0,185.69440210630714,185.02466149215192,-45.65440210630714
87.4187,87.4187,189.0,185.75569861445555,185.07864225872981,-22.715698614455555
87.4381,87.4381,188.0,185.8172198481216,185.13275959735466,-23.777219848121597
87.4576,87.4576,175.0,185.8791530607723,185.1871242164546,-36.8391530607723
87.477,87.477,178.0,185.94131151970404,185.24162313788594,-33.901311519704045
87.4965,87.4965,171.0,186.00389021450104,185.29636644193704,-40.96389021450104
87.5159,87.5159,159.0,186.06669458656495,185.3512417220039,-53.02669458656495
87.5354,87.5354,185.0,186.12992474207272,185.4063583170325,-27.089924742072718
87.5549,87.5549,166.0,186.1934838238121,185.4616591951733,-46.1534838238121
87.5743,87.5743,171.0,186.25727508127568,185.51708800748438,-41.21727508127568
87.5938,87.5938,169.0,186.3214935990553,185.57275286134472,-43.28149359905529
87.6132,87.6132,148.0,186.38595112761354,185.62854258529464,-64.34595112761355
87.6327,87.6327,187.0,186.45084285784128,185.68456445389864,-25.41084285784128
87.6521,87.6521,167.0,186.515968618689,185.74070762574874,-45.47596861868899
87.6716,87.6716,179.0,186.58153810781127,185.7970784953297,-33.54153810781127
87.6911,87.6911,204.0,186.64744955021592,185.853620620079,-8.607449550215925
87.7105,87.7105,202.0,186.71360207475485,185.91027822387463,-10.673602074754847
87.73,87.73,199.0,186.78020015977677,185.96715667127896,-13.74020015977677
87.7494,87.7494,189.0,186.84704753681666,186.0241469961522,-23.80704753681666
87.7689,87.7689,174.0,186.91434803239127,186.08135410999753,-38.874348032391275
87.7883,87.7883,161.0,186.98189640410746,186.13866991685438,-51.94189640410746
87.8078,87.8078,184.0,187.04991074367652,186.1961986202589,-29.00991074367652
87.8273,87.8273,188.0,187.11828656613815,186.25388517578028,-25.078286566138154
87.8467,87.8467,198.0,187.18691413873117,186.31167527065577,-15.14691413873117
87.8662,87.8662,150.0,187.25602218091132,186.36967194154667,-63.21602218091132
87.8856,87.8856,175.0,187.3253929691244,186.42776884069323,-38.28539296912441
87.9051,87.9051,177.0,187.3952465817644,186.48606815264537,-36.35524658176441
87.9245,87.9245,178.0,187.46536630893914,186.5444639705094,-35.42536630893914
87.944,87.944,195.0,187.5359844684185,186.6030576539972,-18.49598446841849
87.9635,87.9635,170.0,187.60698942971052,186.66179523558282,-43.566989429710524
87.9829,87.9829,178.0,187.67826992921954,186.7206235865971,-35.63826992921954
88.0024,88.0024,167.0,187.75006610442213,186.77964291743615,-46.71006610442213
88.0218,88.0218,192.0,187.82214645402175,186.83874908783207,-21.78214645402175
88.0413,88.0413,169.0,187.89474703085418,186.89804140556808,-44.85474703085418
88.0607,88.0607,179.0,187.96764639244097,186.95741644839003,-34.92764639244097
88.0802,88.0802,164.0,188.041082600843,187.0169727286382,-50.001082600843
88.0997,88.0997,170.0,188.11494132527528,187.07665739667343,-44.07494132527528
88.1191,88.1191,169.0,188.1891042932876,187.13641824367133,-45.149104293287614
88.1386,88.1386,187.0,188.26383098646787,187.1963523584263,-27.223830986467867
88.158,88.158,187.0,188.33887308748908,187.25635780545343,-27.298873087489078
88.1775,88.1775,171.0,188.41448583694645,187.31653081568305,-43.374485836946455
88.1969,88.1969,186.0,188.49043258455126,187.3767703099809,-28.45043258455126
88.2164,88.2164,177.0,188.56696912619694,187.43717166568072,-37.52696912619694
88.2359,88.2359,151.0,188.64397412961162,187.49768307297353,-63.60397412961162
88.2553,88.2553,176.0,188.72133199876737,187.55825348841884,-38.68133199876737
88.2748,88.2748,189.0,188.79931094061914,187.61897681762449,-25.759310940619137
88.2942,88.2942,162.0,188.8776415977047,187.6797536086149,-52.837641597704696
88.3137,88.3137,183.0,188.9566234242198,187.74067693856452,-31.9166234242198
88.3331,88.3331,184.0,189.03598073414665,187.80164806798894,-30.99598073414665
88.3526,88.3526,193.0,189.11600127511784,187.862759086907,-22.07600127511784
88.372,88.372,196.0,189.19640937568354,187.9239120948433,-19.156409375683545
88.3915,88.3915,189.0,189.27751567480175,187.985198420065,-26.23751567480175
88.411,88.411,189.0,189.35917981582284,188.04656782165173,-26.319179815822842
88.4304,88.4304,176.0,189.44125971852588,188.10797095176838,-39.401259718525885
88.4499,88.4499,161.0,189.52408258761608,188.16949803607213,-54.48408258761608
88.4693,88.4693,194.0,189.6073456786495,188.2310534911562,-21.567345678649495
88.4888,88.4888,198.0,189.69137128322174,188.29272645843318,-17.651371283221742
88.5082,88.5082,180.0,189.77587232603486,188.35442213024518,-35.73587232603486
88.5277,88.5277,153.0,189.86117744394974,188.41622895448066,-62.82117744394974
88.5472,88.5472,176.0,189.94714085752224,188.47809820230228,-39.90714085752224
88.5666,88.5666,188.0,190.03360711201864,188.5399818012604,-27.993607112018644
88.5861,88.5861,170.0,190.12094649008773,188.60196656086976,-46.08094649008773
88.6055,88.6055,191.0,190.20882258026705,188.6639597021429,-25.168822580267054
88.625,88.625,180.0,190.2976013548306,188.7260470676308,-36.25760135483059
88.6444,88.6444,173.0,190.3869637898011,188.7881367268506,-43.34696378980109
88.6639,88.6639,193.0,190.47728171441622,188.8503136404711,-23.437281714416223
88.6834,88.6834,194.0,190.5683945752545,188.9125302206984,-22.528394575254502
88.7028,88.7028,181.0,190.66015106555005,188.97473986216997,-35.620151065550054
88.7223,88.7223,178.0,190.75295033725666,189.03702620545158,-38.712950337256665
88.7417,88.7417,188.0,190.84641116031398,189.09929961325955,-28.806411160313978
88.7612,88.7612,183.0,190.9409935772584,189.1616427280114,-33.90099357725841
88.7806,88.7806,169.0,191.03630314810317,189.22396682596533,-47.99630314810317
88.8001,88.8001,151.0,191.13278406373385,189.28635362909236,-66.09278406373386
88.8196,88.8196,199.0,191.23025843388146,189.34875713539836,-18.19025843388146
88.839,88.839,197.0,191.32855776660168,189.41113204542413,-20.288557766601677
88.8585,88.8585,202.0,191.42814607289702,189.4735583954971,-15.388146072897023
88.8779,88.8779,191.0,191.52860081267355,189.53594965598285,-26.488600812673546
88.8974,88.8974,195.0,191.63045259472557,189.59838510831622,-22.59045259472557
88.9168,88.9168,201.0,191.73324813379244,189.66077935285605,-16.693248133792444
88.9363,88.9363,185.0,191.83751513273987,189.72321082100459,-32.79751513273987
88.9558,88.9558,182.0,191.94308647461324,189.78563547942778,-35.90308647461324
88.9752,88.9752,199.0,192.0497319323941,189.84801028041247,-19.00973193239411
88.9947,88.9947,187.0,192.15802433734243,189.91041227040589,-31.118024337342426
89.0141,89.0141,172.0,192.26747380271945,189.97275877509927,-46.22747380271945
89.0336,89.0336,196.0,192.37872331237207,190.03512595979515,-22.338723312372075
89.053,89.053,188.0,192.4912429655724,190.0974320682411,-30.451242965572412
89.0725,89.0725,161.0,192.6056753002889,190.15975224253467,-57.56567530028891
89.092,89.092,166.0,192.721836323525,190.2220442802089,-52.681836323525
89.1114,89.1114,172.0,192.83945325667477,190.2842668179312,-46.799453256674774
89.1309,89.1309,181.0,192.9592282067523,190.3464931682085,-37.9192282067523
89.1503,89.1503,181.0,193.08062895691756,190.40864379803105,-38.040628956917566
89.1698,89.1698,203.0,193.20439421478426,190.47079085841622,-16.16439421478426
89.1892,89.1892,171.0,193.3298904338961,190.53285578543918,-48.28989043389611
89.2087,89.2087,189.0,193.45799416283162,190.5949097750218,-30.417994162831626
89.2282,89.2282,158.0,193.58842778338672,190.65691194120365,-61.54842778338672
89.2476,89.2476,194.0,193.7208963131201,190.71882247646568,-25.68089631312011
89.2671,89.2671,189.0,193.8562892296865,190.78071070884823,-30.816289229686497
89.2865,89.2865,193.0,193.9939700581089,190.84250059625933,-26.953970058108915
89.306,89.306,210.0,194.13487191718608,190.90426048647396,-10.094871917186076
89.3254,89.3254,200.0,194.2782570588354,190.96591548336247,-20.23825705883541
89.3449,89.3449,197.0,194.42522657778196,191.02753303010073,-23.385226577781957
89.3644,89.3644,180.0,194.57547264818933,191.08907426967306,-40.535472648189334
89.3838,89.3838,180.0,194.728617420896,191.15050151349388,-40.688617420896
89.4033,89.4033,174.0,194.88593263966368,191.21188070729337,-46.84593263966368
89.4227,89.4227,181.0,195.04653900014802,191.27313988107971,-40.00653900014802
89.4422,89.4422,191.0,195.21171038503618,191.3343437451993,-30.171710385036185
89.4616,89.4616,180.0,195.38054439530075,191.39542130550635,-41.340544395300746
89.4811,89.4811,191.0,195.55451660658667,191.45643615850605,-30.514516606586675
89.5006,89.5006,181.0,195.73329182085683,191.51735121205738,-40.693291820856835
89.52,89.52,185.0,195.91643978138774,191.57813053207298,-36.87643978138774
89.5395,89.5395,212.0,196.10570052130984,191.63883597637448,-10.065700521309843
89.5589,89.5589,165.0,196.2999974724012,191.6993993291393,-57.2599974724012
89.5784,89.5784,180.0,196.501096890413,191.7598814108461,-42.46109689041301
89.5978,89.5978,213.0,196.70804985710046,191.82021509507226,-9.668049857100463
89.6173,89.6173,214.0,196.92281489620564,191.880459847112,-8.882814896205637
89.6368,89.6368,161.0,197.14515672769468,191.9405805382424,-62.105156727694684
89.6562,89.6562,169.0,197.374730027677,192.00054329423247,-54.334730027677004
89.6757,89.6757,200.0,197.6140987357153,192.06040584707435,-23.57409873571529
89.6951,89.6951,196.0,197.86207610930276,192.12010379181186,-27.822076109302763
89.7146,89.7146,195.0,198.1214398578348,192.17969365023856,-29.081439857834788
89.734,89.734,205.0,198.39125864065085,192.23911235355968,-19.351258640650848
89.7535,89.7535,188.0,198.6747474152918,192.29841536629934,-36.63474741529179
89.773,89.773,203.0,198.97220325132758,192.35756970923913,-21.932203251327586
89.7924,89.7924,201.0,199.28366669597546,192.41654360564266,-24.243666695975456
89.8119,89.8119,191.0,199.61367611850636,192.47539096192668,-34.57367611850636
89.8313,89.8313,174.0,199.9611872444119,192.53405208932762,-51.92118724441189
89.8508,89.8508,189.0,200.33174430892464,192.59257981177223,-37.29174430892464
89.8702,89.8702,199.0,200.72463647078172,192.65091558161996,-27.68463647078172
89.8897,89.8897,202.0,201.146262538078,192.70911091726649,-25.106262538077992
89.9092,89.9092,193.0,201.59830173370995,192.76713518207544,-34.558301733709946
89.9286,89.9286,185.0,202.08270286833917,192.82495907470707,-43.04270286833917
89.9481,89.9481,192.0,202.60805933956854,192.8826324909632,-36.56805933956854
89.9675,89.9675,195.0,203.1742947429671,192.94010018125405,-34.13429474296711
89.987,89.987,184.0,203.79263799958738,192.9974108092976,-45.752637999587385
90.0064,90.0064,196.0,204.46325346379427,193.054510460606,-34.423253463794275
90.0259,90.0259,197.0,205.19894459468858,193.11144656919654,-34.158944594688585
90.0454,90.0454,200.0,206.0047833804812,193.1681909079303,-31.9647833804812
90.0648,90.0648,189.0,206.8842578921639,193.22471658633583,-43.8442578921639
90.0843,90.0843,206.0,207.85439286003682,193.2810693479292,-27.814392860036826
90.1037,90.1037,204.0,208.91490095017022,193.33719864382033,-30.874900950170222
90.1232,90.1232,228.0,210.08667815072937,193.39314906280316,-8.04667815072937
90.1426,90.1426,228.0,211.36829724150195,193.4488715729165,-9.32829724150195
90.1621,90.1621,178.0,212.7823502308694,193.5044095915115,-60.74235023086941
90.1816,90.1816,219.0,214.335104767272,193.5597375382761,-21.295104767271987
90.201,90.201,213.0,216.02833220053043,193.614831064404,-28.98833220053043
90.2205,90.2205,199.0,217.8897011493999,193.66973162325607,-44.84970114939991
90.2399,90.2399,214.0,219.91067199991642,193.72439357054407,-31.870671999916418
90.2594,90.2594,216.0,222.1230393834395,193.7788572318597,-32.083039383439505
90.2788,90.2788,206.0,224.51243938832638,193.8330784731935,-44.472439388326386
90.2983,90.2983,236.0,227.1131734138621,193.88709649061562,-17.073173413862115
90.3178,90.3178,218.0,229.91992962060505,193.94088849938245,-37.87992962060505
90.3372,90.3372,223.0,232.92258009369584,193.9944330618402,-35.88258009369584
90.3567,90.3567,210.0,236.15316201446893,194.0477675505295,-52.113162014468934
90.3761,90.3761,215.0,239.58344533722942,194.10085151179925,-50.54344533722942
90.3956,90.3956,207.0,243.2442462705078,194.15372111964402,-62.2042462705078
90.415,90.415,241.0,247.09220437837487,194.2063375119849,-32.052204378374874
90.4345,90.4345,229.0,251.16012249914226,194.2587357182189,-48.12012249914226
90.454,90.454,245.0,255.4134451784929,194.31089577916106,-36.37344517849291
90.4734,90.4734,225.0,259.80806929870624,194.36279912952702,-60.768069298706244
90.4929,90.4929,212.0,264.3661588182297,194.41447873426335,-78.32615881822969
90.5123,90.5123,247.0,269.0073559187023,194.46589934282375,-47.967355918702275
90.5318,90.5318,204.0,273.7359620157955,194.51709267100549,-95.69596201579552
90.5512,90.5512,265.0,278.454232869889,194.56802499172386,-39.414232869888984
90.5707,90.5707,251.0,283.15329303740504,194.61872671806495,-58.113293037405036
90.5902,90.5902,249.0,287.73969323356795,194.66918058499314,-64.69969323356796
90.6096,90.6096,276.0,292.1150451773641,194.71937074965783,-42.075045177364096
90.6291,90.6291,279.0,296.2481131497357,194.76932549122796,-43.208113149735674
90.6485,90.6485,270.0,300.01589713536686,194.8190147390943,-55.97589713536686
90.668,90.668,263.0,303.3820356413999,194.8684653369681,-66.34203564139992
90.6874,90.6874,290.0,306.2473275649852,194.91764865361975,-42.2073275649852
90.7069,90.7069,286.0,308.59130593341786,194.96659008613256,-48.55130593341786
90.7264,90.7264,273.0,310.36594090757825,195.01527486850452,-63.32594090757825
90.7458,90.7458,277.0,311.5597089929406,195.06368969601613,-60.519708992940615
90.7653,90.7653,307.0,312.19418726372874,195.11185777288213,-31.154187263728737
90.7847,90.7847,338.0,312.2920274038113,195.1597541172545,-0.2520274038112902
90.8042,90.8042,317.0,311.89970246597085,195.20740045860978,-20.859702465970848
90.8236,90.8236,363.0,311.0680200916014,195.2547732938118,25.971979908398602
90.8431,90.8431,355.0,309.84061823663336,195.3018928663028,19.199381763366638
90.8626,90.8626,368.0,308.26784452143437,195.34874697754768,33.77215547856563
90.882,90.882,421.0,306.4042476195794,195.39532492988994,88.6357523804206
90.9015,90.9015,361.0,304.2572663640548,195.44164471452606,30.782733635945227
90.9209,90.9209,383.0,301.87383018150945,195.48768657660582,55.16616981849055
90.9404,90.9404,377.0,299.2415052471463,195.53346699288647,51.79849475285372
90.9598,90.9598,368.0,296.39779210774117,195.57896772698402,45.64220789225883
90.9793,90.9793,339.0,293.3215853692486,195.62420372980017,19.718414630751376
90.9988,90.9988,356.0,290.0392793380128,195.66916543964481,40.00072066198718
91.0182,91.0182,313.0,286.5799383938146,195.71384483572504,0.4600616061854126
91.0377,91.0377,373.0,282.9315014464205,195.75825455668667,64.1084985535795
91.0571,91.0571,350.0,279.16100816483953,195.80238021439698,44.87899183516047
91.0766,91.0766,310.0,275.26060603895644,195.84623289293927,8.77939396104356
91.096,91.096,306.0,271.3107456371839,195.88979976282408,8.729254362816086
91.1155,91.1155,336.0,267.3106521137121,195.93309034203435,42.72934788628792
91.135,91.135,306.0,263.3223705496898,195.97609777584282,16.717629450310177
91.1544,91.1544,303.0,259.4010483824297,196.01881679086208,17.63895161757032
91.1739,91.1739,315.0,255.54264808486596,196.0612545321733,33.49735191513404
91.1933,91.1933,303.0,251.81382019680584,196.10340211956273,25.226179803194164
91.2128,91.2128,305.0,248.19895098079581,196.1452651030007,30.841049019204185
91.2322,91.2322,299.0,244.75457691246373,196.18683620151825,28.285423087536266
91.2517,91.2517,307.0,241.45762307379488,196.2281193583165,39.58237692620512
91.2711,91.2711,272.0,238.34977751062732,196.26910890334628,7.69022248937268
91.2906,91.2906,274.0,235.4051910977045,196.30980716134556,12.63480890229551
91.3101,91.3101,267.0,232.64288707531819,196.35021086189616,8.397112924681814
91.3295,91.3295,251.0,230.07358528333137,196.39031836854028,-5.0335852833313695
91.349,91.349,274.0,227.6680579860564,196.4301295542125,20.371942013943602
91.3684,91.3684,225.0,225.4479296527909,196.46964282970197,-26.40792965279089
91.3879,91.3879,253.0,223.38232851873187,196.50885642019472,3.6576714812681317
91.4073,91.4073,285.0,221.48672500994437,196.5477704248593,37.553274990055634
91.4268,91.4268,242.0,219.73462779286373,196.58638144558506,-3.6946277928637343
91.4463,91.4463,233.0,218.1270763436155,196.62468911847503,-11.0870763436155
91.4657,91.4657,188.0,216.66289892063813,196.66269475597085,-54.62289892063813
91.4852,91.4852,225.0,215.31860179570018,196.70039245428597,-16.278601795700176
91.5046,91.5046,210.0,214.09999468426423,196.73778648124215,-30.059994684264232
91.5241,91.5241,231.0,212.98451917152684,196.77486925770094,-7.944519171526842
91.5435,91.5435,212.0,211.97631779116318,196.81164690527044,-25.936317791163184
91.563,91.563,216.0,211.05590036127535,196.84811027733127,-21.01590036127535
91.5825,91.5825,222.0,210.22134063606705,196.88426223442477,-14.181340636067056
91.6019,91.6019,202.0,209.46855544155665,196.92010746981907,-33.42855544155665
91.6214,91.6214,198.0,208.78281918483196,196.95563456543377,-36.742819184831966
91.6408,91.6408,212.0,208.16431968950639,196.99085432502278,-22.124319689506386
91.6603,91.6603,217.0,207.60023802433938,197.02575372353425,-16.560238024339377
91.6797,91.6797,208.0,207.0911081140043,197.06034547372738,-25.0511081140043
91.6992,91.6992,208.0,206.6258453011227,197.09461504300901,-24.585845301122696
91.7187,91.7187,230.0,206.20243276486076,197.12856896042692,-2.1624327648607604
91.7381,91.7381,193.0,205.81854687083484,197.162215627245,-38.77854687083484
91.7576,91.7576,200.0,205.46608300549204,197.19553811185074,-31.42608300549204
91.777,91.777,216.0,205.14519400989582,197.22855388202373,-15.105194009895818
91.7965,91.7965,200.0,204.8490685752584,197.26124430222023,-30.8090685752584
91.8159,91.8159,179.0,204.57840164393875,197.2936287964135,-51.53840164393875
91.8354,91.8354,221.0,204.32728584449916,197.32568712074362,-9.28728584449916
91.8549,91.8549,193.0,204.0952225531104,197.35742917438697,-37.055222553110404
91.8743,91.8743,188.0,203.88150643211657,197.38886673667446,-41.84150643211657
91.8938,91.8938,201.0,203.68182492865205,197.41997684998796,-28.64182492865205
91.9132,91.9132,187.0,203.4969723579121,197.4507834601775,-42.456972357912115
91.9327,91.9327,193.0,203.32347233086801,197.48126182950818,-36.283472330868015
91.9521,91.9521,188.0,203.16232632372868,197.5114377533245,-41.12232632372868
91.9716,91.9716,205.0,203.01036416582886,197.5412846345451,-23.97036416582886
91.9911,91.9911,183.0,202.86778497997625,197.5708155984589,-45.82778497997625
92.0105,92.0105,217.0,202.7346466133739,197.60004570815977,-11.694646613373912
92.03,92.03,182.0,202.60854243598368,197.62894559177784,-46.56854243598368
92.0494,92.0494,196.0,202.49040782423594,197.65754576865345,-32.450407824235945
92.0689,92.0689,173.0,202.37826073886683,197.6858150455346,-55.33826073886683
92.0883,92.0883,178.0,202.27301610859382,197.71378575776757,-50.23301610859382
92.1078,92.1078,208.0,202.1728328730059,197.7414247243981,-20.13283287300589
92.1273,92.1273,190.0,202.07805196453992,197.7687481523213,-38.038051964539925
92.1467,92.1467,187.0,201.988964706879,197.79577424648718,-40.94896470687899
92.1662,92.1662,196.0,201.90392597853142,197.82246697692975,-31.86392597853142
92.1856,92.1856,182.0,201.82385871237008,197.84886319863156,-45.78385871237008
92.2051,92.2051,218.0,201.74740936073133,197.8749249641841,-9.707409360731326
92.2245,92.2245,223.0,201.6753737624446,197.90069098512853,-4.635373762444594
92.244,92.244,185.0,201.60647261024505,197.92612143001188,-42.56647261024505
92.2635,92.2635,170.0,201.54106460941875,197.95123599683035,-57.501064609418755
92.2829,92.2829,204.0,201.479379476967,197.97605626045123,-23.439379476967012
92.3024,92.3024,186.0,201.42029813467974,198.0005393304645,-41.38029813467974
92.3218,92.3218,204.0,201.36457476231686,198.0247287795217,-23.324574762316864
92.3413,92.3413,193.0,201.3111826991685,198.04857980275548,-34.27118269916851
92.3607,92.3607,175.0,201.2607729579014,198.07213795780496,-52.220772957901396
92.3802,92.3802,188.0,201.2124350840452,198.09535656372537,-39.17243508404521
92.3997,92.3997,195.0,201.16645567188226,198.11825847464226,-32.12645567188226
92.4191,92.4191,197.0,201.12304951892258,198.1408684867788,-30.083049518922586
92.4386,92.4386,215.0,201.0813654467151,198.16313680173562,-12.041365446715098
92.458,92.458,181.0,201.04201846246272,198.18511379826072,-46.00201846246272
92.4775,92.4775,191.0,201.00422532903403,198.20674784142233,-35.96422532903403
92.4969,92.4969,181.0,200.9685188842775,198.22809134357487,-45.9285188842775
92.5164,92.5164,186.0,200.93420926720432,198.24909056260887,-40.894209267204324
92.5359,92.5359,184.0,200.9015163149011,198.2697717704224,-42.8615163149011
92.5553,92.5553,199.0,200.87062453671646,198.29016320968955,-27.830624536716464
92.5748,92.5748,202.0,200.8408983654255,198.3102078974635,-24.80089836542549
92.5942,92.5942,206.0,200.8128446930833,198.3299631204133,-20.772844693083293
92.6137,92.6137,203.0,200.78580538889582,198.34936996819488,-23.745805388895825
92.6331,92.6331,183.0,200.76026426013087,198.36848792797642,-43.72026426013087
92.6526,92.6526,203.0,200.7356591216625,198.3872562045904,-23.69565912166251
92.6721,92.6721,175.0,200.71218233396533,198.40570470239956,-51.67218233396533
92.6915,92.6915,175.0,200.68999371431133,198.42386546550557,-51.64999371431133
92.711,92.711,169.0,200.6685926881724,198.44167445897452,-57.6285926881724
92.7304,92.7304,198.0,200.64837796215727,198.45919613419733,-28.60837796215727
92.7499,92.7499,194.0,200.62884396640854,198.47636405929669,-32.58884396640854
92.7693,92.7693,187.0,200.61039778696806,198.49324462879557,-39.570397786968066
92.7888,92.7888,221.0,200.59256542917794,198.50976935576895,-5.552565429177939
92.8083,92.8083,184.0,200.57550924040072,198.5259713917441,-42.53550924040072
92.8277,92.8277,191.0,200.55939302229746,198.54188609301738,-35.51939302229746
92.8472,92.8472,181.0,200.54379219200536,198.55744177736082,-45.503792192005356
92.8666,92.8666,221.0,200.52905216166997,198.57271008156027,-5.489052161669967
92.8861,92.8861,211.0,200.51475008076247,198.58761708570066,-15.474750080762469
92.9055,92.9055,197.0,200.5012368343365,198.60223656034304,-29.46123683433651
92.925,92.925,201.0,200.48811921170594,198.61649265425288,-25.448119211705936
92.9445,92.9445,194.0,200.47553773069507,198.63042237885702,-32.43553773069507
92.9639,92.9639,173.0,200.4636449671305,198.6440649607437,-53.42364496713051
92.9834,92.9834,230.0,200.4520733028541,198.65734139401187,3.587926697145896
93.0028,93.0028,174.0,200.4411180546589,198.67033089522116,-52.40111805465889
93.0223,93.0223,189.0,200.43044048393344,198.68295215402492,-37.39044048393344
93.0417,93.0417,174.0,200.42034404805113,198.6952864443348,-52.380344048051136
93.0612,93.0612,203.0,200.4104739333526,198.70725008884585,-23.370473933352592
93.0807,93.0807,182.0,200.40097601301616,198.71888349592848,-44.36097601301616
93.1001,93.1001,187.0,200.39197868617865,198.73022934910236,-39.35197868617865
93.1196,93.1196,173.0,200.3831699360705,198.74120049815252,-53.34316993607049
93.139,93.139,184.0,200.3748063543107,198.75188348197534,-42.33480635431069
93.1585,93.1585,204.0,200.3666023575725,198.76218872619157,-22.326602357572504
93.1779,93.1779,206.0,200.35881073806829,198.77220477135052,-20.318810738068287
93.1974,93.1974,193.0,200.35114015103557,198.78183981120023,-33.311140151035566
93.2169,93.2169,207.0,200.34371527931611,198.79113799901592,-19.303715279316116
93.2363,93.2363,165.0,200.33665799976376,198.80014573615478,-61.29665799976376
93.2558,93.2558,200.0,200.32968050423528,198.80876801339923,-26.289680504235285
93.2752,93.2752,203.0,200.32302866923732,198.81709903951244,-23.283028669237318
93.2947,93.2947,215.0,200.3164460658839,198.82504136869935,-11.276446065883896
93.3141,93.3141,195.0,200.31016368899324,198.83269159663084,-31.270163688993243
93.3336,93.3336,194.0,200.30392203124651,198.83995018802824,-32.263922031246516
93.3531,93.3531,182.0,200.29783721700667,198.8468653750243,-44.257837217006674
93.3725,93.3725,179.0,200.2920179308178,198.85348769191688,-47.25201793081779
93.392,93.392,188.0,200.28621314766602,198.85971407255823,-38.24621314766602
93.4114,93.4114,196.0,200.28064673592033,198.8656467968137,-30.24064673592033
93.4309,93.4309,190.0,200.27508724760608,198.8711803276001,-36.23508724760608
93.4503,93.4503,183.0,200.26973900600962,198.87641923795525,-43.229739006009616
93.4698,93.4698,216.0,200.26438498807923,198.88125564649067,-10.22438498807923
93.4893,93.4893,167.0,200.25912745990655,198.88574148768382,-59.21912745990655
93.5087,93.5087,183.0,200.25405671432296,198.88993117025308,-43.21405671432296
93.5282,93.5282,200.0,200.24895993400088,198.89371313211169,-26.20895993400088
93.5476,93.5476,165.0,200.24403572664278,198.8971975465387,-61.20403572664278
93.5671,93.5671,194.0,200.23908281527792,198.90027044909888,-32.199082815277926
93.5865,93.5865,168.0,200.2342816341876,198.90304421179476,-58.1942816341876
93.606,93.606,194.0,200.2294440206328,198.90540227590867,-32.1894440206328
93.6255,93.6255,188.0,200.22465296588055,198.90740017752302,-38.18465296588055
93.6449,93.6449,185.0,200.2200053025636,198.90909584986008,-41.18000530256361
93.6644,93.6644,197.0,200.21530384529498,198.9103688981531,-29.175303845294984
93.6838,93.6838,209.0,200.21073329815405,198.91133737616582,-17.170733298154055
93.7033,93.7033,193.0,200.20610547743308,198.91187842952294,-33.166105477433085
93.7227,93.7227,195.0,200.20159434127845,198.9121126566739,-31.16159434127845
93.7422,93.7422,180.0,200.19702759301904,198.91191487217662,-46.157027593019045
93.7617,93.7617,209.0,200.1924925707974,198.91134483081166,-17.152492570797413
93.7811,93.7811,204.0,200.1880603813676,198.91046462902278,-22.148060381367593
93.8006,93.8006,199.0,200.1835724494633,198.90914541659308,-27.1435724494633
93.82,93.82,217.0,200.17918941339764,198.90751397179326,-9.139189413397638
93.8395,93.8395,179.0,200.17474910038456,198.90543908898835,-47.13474910038456
93.8589,93.8589,198.0,200.17040987473928,198.9030501729018,-28.13040987473928
93.8784,93.8784,189.0,200.16601857245055,198.90021355177834,-37.126018572450555
93.8979,93.8979,173.0,200.16165423510938,198.89699341907124,-53.12165423510938
93.9173,93.9173,211.0,200.1573884384365,198.89345642547855,-15.1173884384365
93.9368,93.9368,209.0,200.1530840750212,198.88946498602508,-17.113084075021213
93.9562,93.9562,213.0,200.14887830290098,198.88515457295867,-13.108878302900983
93.9757,93.9757,193.0,200.1446393508589,198.88038530787622,-33.10463935085891
93.9951,93.9951,207.0,200.14050512011738,198.87529540657826,-19.100505120117383
94.0146,94.0146,231.0,200.1363542356286,198.86974257713115,4.903645764371397
94.034,94.034,204.0,200.13231157787294,198.86386764870355,-22.09231157787294
94.0535,94.0535,176.0,200.1282647284819,198.85752590171876,-50.088264728481896
94.073,94.073,223.0,200.1242746773932,198.85078749564087,-3.0842746773932035
94.0924,94.0924,202.0,200.1204175666771,198.84372501442184,-24.080417566677106
94.1119,94.1119,218.0,200.11657591069235,198.8361899145103,-8.076575910692348
94.1313,94.1313,196.0,200.11287395235848,198.82832951457215,-30.072873952358485
94.1508,94.1508,162.0,200.10921321933915,198.81999287120595,-64.06921321933916
94.1702,94.1702,200.0,200.10570592688586,198.81133001721247,-26.06570592688586
94.1897,94.1897,211.0,200.1022617308474,198.8021871907326,-15.062261730847403
94.2092,94.2092,191.0,200.09895132972449,198.79263898065716,-35.058951329724486
94.2286,94.2286,217.0,200.0958210022121,198.78276270079633,-9.055821002212092
94.2481,94.2481,203.0,200.0928014528591,198.77240080334448,-23.052801452859107
94.2675,94.2675,195.0,200.08998736307137,198.76170985650833,-31.049987363071374
94.287,94.287,171.0,200.08731920487537,198.7505298724555,-55.04731920487537
94.3064,94.3064,202.0,200.08488637780738,198.73902011943161,-24.04488637780738
94.3259,94.3259,212.0,200.082632938429,198.72701779918856,-14.042632938428987
94.3454,94.3454,206.0,200.08062269200278,198.71460224487828,-20.040622692002778
94.3648,94.3648,192.0,200.07889598525864,198.7018555697656,-34.03889598525864
94.3843,94.3843,216.0,200.07742561338424,198.6886112408429,-10.037425613384237
94.4037,94.4037,215.0,200.07627407668826,198.67503524141298,-11.036274076688265
94.4232,94.4232,195.0,200.07543319013175,198.6609584681524,-31.035433190131748
94.4426,94.4426,238.0,200.07495929412093,198.64654983907218,11.965040705879069
94.4621,94.4621,192.0,200.07486355377853,198.6316376881586,-34.03486355377853
94.4816,94.4816,203.0,200.07518384212605,198.61630646407332,-23.035183842126052
94.501,94.501,210.0,200.07595655586007,198.6006433106847,-16.035956555860075
94.5205,94.5205,190.0,200.07720090498913,198.58447254176912,-36.03720090498913
94.5399,94.5399,190.0,200.07897481430982,198.56797001478571,-36.03897481430982
94.5594,94.5594,204.0,200.08130983361946,198.55095738992236,-22.041309833619458
94.5788,94.5788,184.0,200.08423365899412,198.53361319408586,-42.04423365899412
94.5983,94.5983,209.0,200.08782873562262,198.51575638031755,-17.047828735622623
94.6178,94.6178,204.0,200.09212545666625,198.49747623860512,-22.052125456666253
94.6372,94.6372,201.0,200.09714389875418,198.47886492702892,-25.057143898754184
94.6567,94.6567,191.0,200.10301472759545,198.45973734649587,-35.06301472759545
94.6761,94.6761,201.0,200.10972013954736,198.44027914417347,-25.069720139547364
94.6956,94.6956,188.0,200.11741213041827,198.42030246248459,-38.077412130418274
94.715,94.715,208.0,200.12606255204022,198.39999575873935,-18.086062552040225
94.7345,94.7345,192.0,200.13587563954368,198.37916837973964,-34.095875639543685
94.754,94.754,206.0,200.14687963515863,198.3579147608156,-20.106879635158627
94.7734,94.7734,191.0,200.1590906767905,198.33633213676006,-35.1190906767905
94.7929,94.7929,199.0,200.17278543379848,198.31422579102502,-27.13278543379848
94.8123,94.8123,165.0,200.18790496944177,198.2917913079449,-61.147904969441775
94.8318,94.8318,202.0,200.20477433600632,198.26883114559664,-24.164774336006325
94.8512,94.8512,167.0,200.22331965144545,198.2455435438133,-59.18331965144545
94.8707,94.8707,186.0,200.24396214625563,198.2217279494722,-40.20396214625563
94.8902,94.8902,199.0,200.26678143042085,198.19748345036487,-27.22678143042085
94.9096,94.9096,183.0,200.29181524390384,198.1729119422563,-43.25181524390384
94.9291,94.9291,206.0,200.31964346653925,198.1478083351128,-20.279643466539248
94.9485,94.9485,189.0,200.3501950939731,198.1223777777075,-37.3101950939731
94.968,94.968,191.0,200.38412607237365,198.09641229288926,-35.34412607237365
94.9874,94.9874,188.0,200.42145252649573,198.07011996637263,-38.38145252649573
95.0069,95.0069,187.0,200.46298153764062,198.04328985409558,-39.42298153764062
95.0264,95.0264,181.0,200.50899303532998,198.01602593908765,-45.46899303532998
95.0458,95.0458,182.0,200.55967796313834,197.98843507333711,-44.51967796313834
95.0653,95.0653,194.0,200.6162722097838,197.96030172659243,-32.5762722097838
95.0847,95.0847,207.0,200.67880479259915,197.93184096935988,-19.638804792599153
95.1042,95.1042,167.0,200.74869068263698,197.9028342370779,-59.70869068263698
95.1236,95.1236,210.0,200.82609456738268,197.87349963499116,-16.786094567382683
95.1431,95.1431,162.0,200.91281464098668,197.84361553153283,-64.87281464098669
95.1626,95.1626,198.0,201.00946370431336,197.81329078915778,-28.969463704313362
95.182,95.182,207.0,201.11674311651882,197.78263700809285,-20.07674311651882
95.2015,95.2015,195.0,201.2370713395285,197.75142798782144,-32.19707133952851
95.2209,95.2209,207.0,201.37054141217348,197.71988905594716,-20.33054141217348
95.2404,95.2404,183.0,201.5203001784662,197.68779111455416,-44.48030017846619
95.2598,95.2598,198.0,201.6863725200194,197.6553625881414,-29.646372520019405
95.2793,95.2793,206.0,201.87238696857574,197.62237137723955,-21.83238696857574
95.2988,95.2988,185.0,202.07934938474295,197.58893148789988,-43.039349384742955
95.3182,95.3182,187.0,202.30827524193288,197.5551600428175,-41.268275241932876
95.3377,95.3377,205.0,202.56367760491148,197.52082043945455,-23.523677604911477
95.3571,95.3571,173.0,202.8449769872724,197.48614858152527,-55.80497698727239
95.3766,95.3766,204.0,203.15772744119332,197.45090484297899,-25.117727441193317
95.396,95.396,201.0,203.50088339448365,197.41532810333405,-28.460883394483652
95.4155,95.4155,191.0,203.8802400716777,197.3791755869704,-38.84024007167769
95.435,95.435,192.0,204.29682547216865,197.34256662468084,-38.25682547216865
95.4544,95.4544,179.0,204.7503012497567,197.30562361008555,-51.71030124975669
95.4739,95.4739,191.0,205.2476141386291,197.26809914895844,-40.207614138629104
95.4933,95.4933,209.0,205.78541210973844,197.23023979975568,-22.745412109738446
95.5128,95.5128,208.0,206.37159776252392,197.19179492958037,-24.33159776252392
95.5322,95.5322,206.0,207.00159546768336,197.1530142880004,-26.96159546768336
95.5517,95.5517,197.0,207.6828391078654,197.11364432697937,-36.64283910786539
95.5712,95.5712,198.0,208.41380115150645,197.07380990690672,-36.37380115150645
95.5906,95.5906,209.0,209.19051457567315,197.0336390513225,-26.15051457567315
95.6101,95.6101,185.0,210.0206230129136,196.99287363696945,-50.980623012913604
95.6295,95.6295,218.0,210.8957421917479,196.95177160130447,-18.8557421917479
95.649,95.649,202.0,211.82301440267483,196.91007170089324,-35.78301440267483
95.6684,95.6684,196.0,212.79047259564817,196.8680350896338,-42.75047259564817
95.6879,95.6879,194.0,213.80561545409137,196.82539752698275,-45.76561545409137
95.7074,95.7074,216.0,214.85869932398538,196.78228966591266,-24.818699323985378
95.7268,95.7268,194.0,215.9385772810931,196.73884535687702,-47.898577281093104
95.7463,95.7463,192.0,217.04852621642,196.69479570376933,-51.00852621641999
95.7657,95.7657,180.0,218.16928688800616,196.6504100457113,-64.12928688800616
95.7852,95.7852,198.0,219.30139743225433,196.60541625864565,-47.261397432254334
95.8046,95.8046,192.0,220.42034412243527,196.56008678524086,-54.38034412243527
95.8241,95.8241,191.0,221.5241838187677,196.51414619857772,-56.48418381876771
95.8436,95.8436,216.0,222.5905864333758,196.46773078563308,-32.55058643337579
95.863,95.863,193.0,223.59737406888544,196.4209800657493,-56.557374068885444
95.8825,95.8825,202.0,224.5379305767077,196.3736138220028,-48.49793057670771
95.9019,95.9019,182.0,225.3849622167154,196.32591273765902,-69.3449622167154
95.9214,95.9214,208.0,226.13172128817243,196.27759337962812,-44.09172128817243
95.9408,95.9408,213.0,226.7569260895675,196.22893968139545,-39.71692608956749
95.9603,95.9603,210.0,227.25712706048805,196.1796649371469,-43.217127060488046
95.9798,95.9798,222.0,227.62309607039853,196.12991143678715,-31.583096070398533
95.9992,95.9992,257.0,227.85237549561313,196.07982489276677,3.187624504386868
96.0187,96.0187,210.0,227.9502004465613,196.02911395570797,-43.9102004465613
96.0381,96.0381,199.0,227.92177779934002,195.9780712492496,-54.88177779934002
96.0576,96.0576,212.0,227.77730753546777,195.9264022094572,-41.73730753546777
96.077,96.077,211.0,227.52832014670813,195.8744029464355,-42.488320146708126
96.0965,96.0965,220.0,227.18428505692296,195.82177571364792,-33.14428505692296
96.116,96.116,198.0,226.75783719183772,195.7686691965179,-54.717837191837724
96.1354,96.1354,223.0,226.26168197518896,195.71523554956715,-29.221681975188964
96.1549,96.1549,203.0,225.69801196283694,195.66117222847188,-48.658011962836945
96.1743,96.1743,220.0,225.07903531296637,195.60678420144814,-31.03903531296637
96.1938,96.1938,208.0,224.40309162811525,195.5517656828932,-42.36309162811525
96.2132,96.2132,236.0,223.6780929424993,195.49642520300586,-13.638092942499291
96.2327,96.2327,216.0,222.89924785826375,195.44045377932494,-32.85924785826375
96.2522,96.2522,235.0,222.07096697045407,195.38400649237536,-13.030966970454067
96.2716,96.2716,237.0,221.19959009859792,195.32724197108575,-10.159590098597924
96.2911,96.2911,218.0,220.2781437046179,195.26984623310878,-28.23814370461789
96.3105,96.3105,216.0,219.3202161674806,195.2121366079832,-29.280216167480596
96.33,96.33,204.0,218.3208012093886,195.1537957902786,-40.280801209388606
96.3494,96.3494,216.0,217.296809338996,195.09514479634765,-27.256809338996014
96.3689,96.3689,235.0,216.24578357737005,195.0358630634492,-7.205783577370049
96.3884,96.3884,217.0,215.1816423806775,194.97611225460884,-24.14164238067749
96.4078,96.4078,217.0,214.11792377805904,194.9160575229777,-23.077923778059038
96.4273,96.4273,229.0,213.05274973397547,194.85537333118197,-10.012749733975475
96.4467,96.4467,234.0,212.0049026373757,194.79438984204938,-3.964902637375694
96.4662,96.4662,200.0,210.9707218773166,194.7327781615861,-36.93072187731661
96.4856,96.4856,224.0,209.96691647075738,194.67087199356973,-11.926916470757384
96.5051,96.5051,217.0,208.98847985542233,194.60833898666144,-17.948479855422327
96.5246,96.5246,193.0,208.04420935872275,194.54534730306457,-41.004209358722754
96.544,96.544,245.0,207.14187996745633,194.48206876486358,11.898120032543666
96.5635,96.5635,225.0,206.27432855816383,194.41816588710915,-7.234328558163831
96.5829,96.5829,205.0,205.45163058155904,194.35398144996384,-26.411630581559045
96.6024,96.6024,206.0,204.66634579170992,194.2891744597484,-24.626345791709916
96.6218,96.6218,196.0,203.92582389222142,194.2240914003568,-33.88582389222142
96.6413,96.6413,190.0,203.22285296211894,194.15838788410332,-39.182852962118936
96.6608,96.6608,188.0,202.56009302765392,194.09223866032534,-40.52009302765392
96.6802,96.6802,190.0,201.9396215060417,194.0258220586148,-37.899621506041704
96.6997,96.6997,221.0,201.3538218230693,193.95878825893084,-6.313821823069297
96.7191,96.7191,210.0,200.8070070447962,193.8914927817042,-16.767007044796195
96.7386,96.7386,207.0,200.2923371452633,193.8235822532812,-19.252337145263304
96.758,96.758,217.0,199.8127580873435,193.75541602172515,-8.772758087343497
96.7775,96.7775,213.0,199.36198417541323,193.68663729726802,-12.321984175413228
96.7969,96.7969,187.0,198.9425537518143,193.6176092885124,-37.9025537518143
96.8164,96.8164,194.0,198.54847999469118,193.54797179470714,-30.50847999469118
96.8359,96.8359,213.0,198.18009545198873,193.47790813332065,-11.140095451988735
96.8553,96.8553,188.0,197.8370719799971,193.40760531062773,-35.79707197999709
96.8748,96.8748,207.0,197.51437952824955,193.3366977064258,-16.47437952824955
96.8942,96.8942,176.0,197.21333689856357,193.26555790392507,-47.17333689856357
96.9137,96.9137,183.0,196.92953276788745,193.19381665842548,-39.88953276788745
96.9331,96.9331,182.0,196.6640014877927,193.1218502378967,-40.62400148779269
96.9526,96.9526,201.0,196.41282297711192,193.04928549521821,-21.372822977111916
96.9721,96.9721,198.0,196.17580158448615,192.97631213973543,-24.135801584486153
96.9915,96.9915,179.0,195.9526079520791,192.90312368284245,-42.91260795207909
97.011,97.011,185.0,195.74003215765666,192.82934140270362,-36.70003215765666
97.0304,97.0304,211.0,195.53879689076595,192.75535076828095,-10.498796890765952
97.0499,97.0499,194.0,195.34618628065854,192.68076915187825,-27.306186280658544
97.0693,97.0693,171.0,195.16277517005787,192.6059858553008,-50.12277517005787
97.0888,97.0888,199.0,194.9862721695784,192.53061461509856,-21.9462721695784
97.1083,97.1083,168.0,194.81661198472963,192.45485163486308,-52.776611984729634
97.1277,97.1277,194.0,194.65374742208078,192.37889696841594,-26.613747422080785
97.1472,97.1472,173.0,194.49572115444877,192.3023583740217,-47.455721154448774
97.1666,97.1666,192.0,194.34322050682664,192.2256343902267,-28.30322050682664
97.1861,97.1861,190.0,194.1945616489866,192.14832883462535,-30.154561648986594
97.2055,97.2055,190.0,194.05039930242484,192.07084393113092,-30.010399302424837
97.225,97.225,192.0,193.90924855189309,191.9927796515617,-27.869248551893087
97.2445,97.2445,192.0,193.7713103761215,191.91433858719074,-27.731310376121506
97.2639,97.2639,177.0,193.63676011608626,191.83572719124456,-42.596760116086266
97.2834,97.2834,199.0,193.50432824119738,191.75653963859787,-20.464328241197386
97.3028,97.3028,192.0,193.37471403723967,191.67718766446578,-27.33471403723967
97.3223,97.3223,170.0,193.24676652277626,191.59726151200175,-49.206766522776256
97.3417,97.3417,187.0,193.12121092470392,191.51717685952192,-32.08121092470392
97.3612,97.3612,186.0,192.99697842520078,191.43651989866785,-32.95697842520078
97.3807,97.3807,205.0,192.87437745060876,191.35549975191128,-13.834377450608763
97.4001,97.4001,188.0,192.75366465356237,191.2743294230181,-30.71366465356237
97.4196,97.4196,204.0,192.63388927596566,191.19258924616702,-14.593889275965658
97.439,97.439,185.0,192.51576381741427,191.1107045347038,-33.47576381741427
97.4585,97.4585,176.0,192.39838203054634,191.0282517496398,-42.358382030546345
97.4779,97.4779,187.0,192.28244901905913,190.9456601963579,-31.24244901905913
97.4974,97.4974,190.0,192.1671087735297,190.8625022191285,-28.12710877352969
97.5169,97.5169,207.0,192.05266582079702,190.77899375135834,-11.012665820797018
97.5363,97.5363,188.0,191.93943194587797,190.69535470176555,-29.89943194587797
97.5558,97.5558,172.0,191.82659582549002,190.611151510854,-45.78659582549002
97.5752,97.5752,182.0,191.71483932610636,190.5268233703225,-35.67483932610636
97.5947,97.5947,173.0,191.60338790954336,190.44193255496475,-44.56338790954336
97.6141,97.6141,179.0,191.49289343785668,190.35692205855082,-38.45289343785668
97.6336,97.6336,158.0,191.38262225169763,190.27134993642517,-59.34262225169763
97.6531,97.6531,168.0,191.27287222742757,190.18543875940483,-49.23287222742757
97.6725,97.6725,204.0,191.16395371443022,190.09941490132468,-13.123953714430222
97.692,97.692,188.0,191.05513661105985,190.01282984794486,-29.01513661105985
97.7114,97.7114,197.0,190.9470713813644,189.92613616182913,-19.907071381364396
97.7309,97.7309,193.0,190.8390518859975,189.8388813384253,-23.799051885997493
97.7503,97.7503,195.0,190.73170920073193,189.75152203920638,-21.69170920073193
97.7698,97.7698,215.0,190.62435219711227,189.66360174065827,-1.584352197112274
97.7893,97.7893,181.0,190.51728844907757,189.57534986886435,-35.47728844907757
97.8087,97.8087,206.0,190.4108191671695,189.48700007559043,-10.370819167169508
97.8282,97.8282,185.0,190.30426767822735,189.3980897515234,-31.26426767822735
97.8476,97.8476,195.0,190.19825556416095,189.3090860277556,-21.158255564160946
97.8671,97.8671,176.0,190.09211743119593,189.2195222349373,-40.05211743119593
97.8865,97.8865,184.0,189.9864762262541,189.12986963408733,-31.9464762262541
97.906,97.906,182.0,189.88067321444865,189.03965733720509,-33.84067321444865
97.9255,97.9255,187.0,189.77501411090978,188.94912197279973,-28.73501411090978
97.9449,97.9449,191.0,189.66978615135667,188.85850428187024,-24.629786151356676
97.9644,97.9644,197.0,189.56435388732348,188.76732698558985,-18.52435388732348
97.9838,97.9838,179.0,189.45932293843987,188.6760715386118,-36.41932293843987
98.0033,98.0033,176.0,189.35405246585964,188.5842565268077,-39.31405246585964
98.0227,98.0227,175.0,189.24915458014405,188.4923675734047,-40.20915458014405
98.0422,98.0422,190.0,189.14399591220663,188.39991886770378,-25.103995912206635
98.0617,98.0617,185.0,189.03886883887472,188.30715403244838,-29.99886883887472
98.0811,98.0811,206.0,188.9340729196499,188.21432092877404,-8.894072919649908
98.1006,98.1006,186.0,188.82897826854713,188.1209272433959,-28.788978268547133
98.12,98.12,185.0,188.72419206203858,188.02746904622882,-29.684192062038584
98.1395,98.1395,209.0,188.6190856763413,187.9334498509114,-5.579085676341315
98.1589,98.1589,183.0,188.51426544363255,187.83936992838312,-31.474265443632554
98.1784,98.1784,193.0,188.40911034574182,187.74472860553468,-21.369110345741824
98.1979,98.1979,187.0,188.3039127995961,187.64977702370354,-27.263912799596106
98.2173,98.2173,188.0,188.1989732135384,187.5547706519459,-26.15897321353841
98.2368,98.2368,182.0,188.09367133013043,187.4592023207183,-32.053671330130435
98.2562,98.2562,206.0,187.98861164951143,187.3635831174476,-7.948611649511427
98.2757,98.2757,180.0,187.88317575770304,187.26740148428337,-33.843175757703044
98.2951,98.2951,206.0,187.7779654672425,187.17117289632262,-7.737965467242496
98.3146,98.3146,183.0,187.67236408844275,187.07438149965176,-30.63236408844275
98.3341,98.3341,178.0,187.56667081901307,186.97728607838482,-35.52667081901307
98.3535,98.3535,195.0,187.46118530476113,186.88014973802677,-18.42118530476113
98.373,98.373,208.0,187.3552929492376,186.78245005781235,-5.315292949237595
98.3924,98.3924,197.0,187.24959506703067,186.68471338091243,-16.20959506703067
98.4119,98.4119,181.0,187.14347730115216,186.5864130647748,-32.10347730115216
98.4313,98.4313,179.0,187.03754701386833,186.4880800278896,-33.997547013868335
98.4508,98.4508,214.0,186.93118646266254,186.3891832201018,1.1088135373374612
98.4703,98.4703,175.0,186.8246989510339,186.28998904430944,-37.784698951033896
98.4897,98.4897,190.0,186.71838460271843,186.19076844960475,-22.67838460271843
98.5092,98.5092,214.0,186.61162685163026,186.09098367096388,1.4283731483697366
98.5286,98.5286,197.0,186.5050355190518,185.99117658556776,-15.465035519051803
98.5481,98.5481,189.0,186.39799314721404,185.8908050951082,-23.35799314721404
98.5675,98.5675,186.0,186.29111195078303,185.7904157093482,-26.251111950783034
98.587,98.587,212.0,186.1837716541717,185.6894619203652,-0.1437716541716938
98.6065,98.6065,203.0,186.07627870543263,185.58821807717678,-9.036278705432629
98.6259,98.6259,177.0,185.96893787347403,185.48696315007558,-34.928937873474034
98.6454,98.6454,194.0,185.86112842661595,185.38514408504312,-17.82112842661595
98.6648,98.6648,181.0,185.7534675514672,185.2833187524454,-30.713467551467197
98.6843,98.6843,185.0,185.64533318754087,185.18092953383126,-26.60533318754087
98.7037,98.7037,192.0,185.53734439120225,185.07853881238233,-19.497344391202255
98.7232,98.7232,215.0,185.42887700473142,184.9755843507074,3.6111229952685804
98.7427,98.7427,168.0,185.3202383688031,184.87234851359014,-43.280238368803104
98.7621,98.7621,198.0,185.21174131079417,184.76911833259692,-13.171741310794168
98.7816,98.7816,175.0,185.10275734350748,184.6653246971911,-36.06275734350748
98.801,98.801,167.0,184.99391214444103,184.56154142140983,-43.95391214444103
98.8205,98.8205,168.0,184.88457747759304,184.45719478221528,-42.84457747759304
98.8399,98.8399,206.0,184.775378276544,184.35286293405738,-4.73537827654399
98.8594,98.8594,197.0,184.66568349940806,184.24796724295402,-13.625683499408062
98.8789,98.8789,184.0,184.5558066762844,184.14279781983353,-26.51580667628439
98.8983,98.8983,205.0,184.44606426207326,184.03764947631467,-5.406064262073265
98.9178,98.9178,200.0,184.33582041838682,183.93193678456913,-10.295820418386818
98.9372,98.9372,167.0,184.22570909478495,183.8262495999088,-43.18570909478495
98.9567,98.9567,176.0,184.11509216112557,183.71999804472182,-34.075092161125575
98.9761,98.9761,201.0,184.0046074493196,183.6137765702803,-8.964607449319594
98.9956,98.9956,175.0,183.89361382379383,183.50699038467633,-34.85361382379383
99.0151,99.0151,190.0,183.78243110644692,183.39993782082252,-19.742431106446922
99.0345,99.0345,200.0,183.67137845387327,183.29292182049946,-9.631378453873275
99.054,99.054,176.0,183.55981296520324,183.18534055888153,-33.519812965203236
99.0734,99.0734,183.0,183.44837905085066,183.07780025595196,-26.408379050850662
99.0929,99.0929,167.0,183.33642741206128,182.96969436955732,-42.296427412061284
99.1123,99.1123,184.0,183.22460763076086,182.8616337318615,-25.18460763076086
99.1318,99.1318,195.0,183.1122675488146,182.75300687515872,-14.072267548814601
99.1513,99.1513,181.0,182.99973250820835,182.6441200978389,-27.959732508208354
99.1707,99.1707,209.0,182.8873284906068,182.53528452589907,0.15267150939320828
99.1902,99.1902,194.0,182.7743992139398,182.42588152211198,-14.734399213939803
99.2096,99.2096,158.0,182.66160305412006,182.31653379539745,-50.621603054120065
99.2291,99.2291,188.0,182.5482784293652,182.2066180933974,-20.508278429365213
99.2485,99.2485,183.0,182.43508720250088,182.09676175862992,-25.395087202500882
99.268,99.268,185.0,182.32136578844782,181.98633651984335,-23.281365788447822
99.2875,99.2875,178.0,182.20744350054545,181.8756569881937,-30.167443500545453
99.3069,99.3069,176.0,182.09365547751315,181.76504260035136,-32.05365547751315
99.3264,99.3264,169.0,181.97933213378082,181.65385771641706,-38.939332133780816
99.3458,99.3458,176.0,181.86514423897256,181.54274158509782,-31.825144238972563
99.3653,99.3653,160.0,181.75041776448006,181.43105349441535,-47.71041776448006
99.3847,99.3847,205.0,181.63582669921885,181.3194373493918,-2.595826699218854
99.4042,99.4042,195.0,181.5206931178618,181.20724728086952,-12.480693117861811
99.4237,99.4237,178.0,181.40535430444356,181.0948059364796,-29.365354304443564
99.4431,99.4431,196.0,181.2901516276663,180.98244093489785,-11.250151627666291
99.4626,99.4626,205.0,181.17440225540813,180.86949916320327,-2.1344022554081263
99.482,99.482,182.0,181.05878857411372,180.75663678021783,-25.01878857411372
99.5015,99.5015,165.0,180.94262507069655,180.64319593469605,-41.90262507069655
99.5209,99.5209,184.0,180.8265994155983,180.52983781204264,-22.78659941559831
99.5404,99.5404,191.0,180.71001957552664,180.41589942068993,-15.670019575526645
99.5598,99.5598,182.0,180.59357840265488,180.3020467282489,-24.553578402654885
99.5793,99.5793,178.0,180.47658030817115,180.18761179167214,-28.436580308171152
99.5988,99.5988,170.0,180.35937237783781,180.07292833195044,-36.319372377837816
99.6182,99.6182,204.0,180.24230377921194,179.95833500918386,-2.202303779211938
99.6377,99.6377,188.0,180.12467313962273,179.84315617105355,-18.08467313962273
99.6571,99.6571,171.0,180.00718386679293,179.72807021691077,-34.96718386679293
99.6766,99.6766,187.0,179.88912888807852,179.61239660901953,-18.849128888078518
99.696,99.696,175.0,179.77121595918373,179.49681867849498,-30.731215959183736
99.7155,99.7155,192.0,179.65273484663126,179.38065074485257,-13.612734846631263
99.735,99.735,162.0,179.5340384107164,179.26423506532961,-43.49403841071639
99.7544,99.7544,181.0,179.41548522313786,179.1479190130521,-24.375485223137865
99.7739,99.7739,163.0,179.29635811022388,179.03100909212054,-42.25635811022388
99.7933,99.7933,202.0,179.17737533672152,178.91420106052502,-3.137375336721526
99.8128,99.8128,162.0,179.05781461354832,178.79679612883223,-43.01781461354832
99.8322,99.8322,167.0,178.9383983833208,178.67949509870493,-37.89839838332079
99.8517,99.8517,170.0,178.81840004508547,178.56159400794326,-34.77840004508547
99.8712,99.8712,159.0,178.69818078081164,178.4434434701203,-45.65818078081164
99.8906,99.8906,189.0,178.5781062353938,178.3253991257091,-15.53810623539379
99.9101,99.9101,191.0,178.45744320844997,178.20674885350212,-13.417443208449974
99.9295,99.9295,194.0,178.3369237522583,178.08820570234158,-10.296923752258287
99.949,99.949,193.0,178.2158108630156,177.96905245774445,-11.175810863015606
99.9684,99.9684,193.0,178.09484218205725,177.85000744467544,-11.05484218205725
99.9879,99.9879,195.0,177.97327453660498,177.7303483873029,-8.933274536604976
100.0074,100.0074,188.0,177.85147743442812,177.61043484973214,-15.81147743442812
