"limits",30.0009,100.0074
"masked X","X","obs","calc","bkg","diff"
30.0009,30.0009,85.0,89.26698269802112,89.15536503067722,-15.326982698021125
30.0204,30.0204,101.0,89.30019542973437,89.18829371072498,0.6398045702656265
30.0398,30.0398,97.0,89.33340779894282,89.22122237959212,-3.3934077989428157
30.0593,30.0593,116.0,89.36662281190915,89.25415105635072,15.573377188090847
30.0787,30.0787,109.0,89.39983750140979,89.28707978071526,8.540162498590208
30.0982,30.0982,106.0,89.43305491154581,89.32000860324298,5.50694508845419
30.1177,30.1177,96.0,89.46627366257694,89.35293760736118,-4.526273662576939
30.1371,30.1371,97.0,89.49949237022865,89.38586691281792,-3.559492370228652
30.1566,30.1566,88.0,89.5327142096385,89.41879665707515,-12.5927142096385
30.176,30.176,100.0,89.56593628639303,89.4517269978147,-0.625936286393026
30.1955,30.1955,99.0,89.59916178081103,89.48465808890263,-1.659161780811031
30.2149,30.2149,99.0,89.63238789331258,89.51759011165836,-1.692387893312583
30.2344,30.2344,91.0,89.66561783123461,89.55052327239572,-9.725617831234613
30.2539,30.2539,78.0,89.69885038522388,89.58345780234261,-22.75885038522388
30.2733,30.2733,87.0,89.73208417061508,89.61639393662074,-13.792084170615082
30.2928,30.2928,102.0,89.76532252127387,89.64933187917553,1.1746774787261263
30.3122,30.3122,109.0,89.79856255149555,89.68227182691403,8.14143744850445
30.3317,30.3317,84.0,89.8318075517313,89.71521400809523,-16.891807551731304
30.3511,30.3511,89.0,89.86505474697817,89.74815868469184,-11.925054746978175
30.3706,30.3706,82.0,89.89830749871102,89.78110610329708,-18.958307498711022
30.3901,30.3901,97.0,89.93156447765564,89.81405650849227,-3.9915644776556416
30.4095,30.4095,99.0,89.96482431298327,89.84701012391794,-2.0248243129832684
30.429,30.429,95.0,89.99809042294233,89.87996719232959,-6.0580904229423265
30.4484,30.4484,94.0,90.03135996492782,89.912927980588,-7.0913599649278165
30.4679,30.4679,101.0,90.06463635545755,89.94589276925021,-0.12463635545755203
30.4873,30.4873,103.0,90.09791671244285,89.97886184982495,1.8420832875571467
30.5068,30.5068,96.0,90.13120460064664,90.0118355424274,-5.191204600646641
30.5263,30.5263,114.0,90.16449870967865,90.04481419979014,12.775501290321346
30.5457,30.5457,92.0,90.19779783466147,90.07779819063336,-9.257797834661472
30.5652,30.5652,86.0,90.23110562353162,90.11078790298407,-15.29110562353162
30.5846,30.5846,99.0,90.26441918747867,90.14378373003134,-2.324419187478666
30.6041,30.6041,101.0,90.2977422555533,90.17678605390364,-0.35774225555330297
30.6235,30.6235,89.0,90.33107186360026,90.20979528009805,-12.391071863600258
30.643,30.643,97.0,90.36441179765939,90.24281184219662,-4.424411797659387
30.6625,30.6625,80.0,90.3977608410106,90.27583617052784,-21.457760841010597
30.6819,30.6819,94.0,90.43111778306864,90.30886871342133,-7.491117783068644
30.7014,30.7014,99.0,90.46448642616666,90.34190989155029,-2.524486426166659
30.7208,30.7208,94.0,90.49786377927542,90.37496013548386,-7.55786377927542
30.7403,30.7403,91.0,90.53125372404233,90.40801989866411,-10.59125372404233
30.7597,30.7597,90.0,90.56465336547235,90.4410896442526,-11.624653365472353
30.7792,30.7792,87.0,90.59806646438322,90.47416983700182,-14.658066464383223
30.7987,30.7987,94.0,90.63149196797649,90.50726094047837,-7.6914919679764875
30.8181,30.8181,96.0,90.6649284681637,90.5403634089018,-5.724928468163695
30.8376,30.8376,107.0,90.69837997137233,90.57347770585785,5.241620028627667
30.857,30.857,77.0,90.73184343436355,90.60660430952693,-24.791843434363557
30.8765,30.8765,99.0,90.76532287081521,90.63974373439063,-2.825322870815212
30.8959,30.8959,91.0,90.79881535071925,90.67289645830853,-10.858815350719253
30.9154,30.9154,101.0,90.83232477926212,90.70606298126307,-0.8923247792621236
30.9349,30.9349,85.0,90.86585002264998,90.73924380411582,-16.925850022649982
30.9543,30.9543,92.0,90.89938974791929,90.772439454588,-9.959389747919287
30.9738,30.9738,89.0,90.93294805140931,90.80565044495664,-12.992948051409313
30.9932,30.9932,102.0,90.96652190464172,90.83887729079689,-0.026521904641723992
31.0127,31.0127,101.0,91.00011542103711,90.87212050282731,-1.0601154210371089
31.0321,31.0321,100.0,91.03372552685086,90.90538062061165,-2.093725526850859
31.0516,31.0516,88.0,91.06735644983812,90.93865821018136,-14.127356449838116
31.0711,31.0711,82.0,91.10100692545738,90.97195386152879,-20.161006925457386
31.0905,31.0905,90.0,91.1346757559009,91.0052681567406,-12.194675755900901
31.11,31.11,75.0,91.16836712229049,91.03860165375687,-27.228367122290493
31.1294,31.1294,90.0,91.202077951636,91.07195490781434,-12.262077951636
31.1489,31.1489,96.0,91.23581250654708,91.10532843098156,-6.295812506547078
31.1683,31.1683,92.0,91.26956747621423,91.13872273244431,-10.329567476214235
31.1878,31.1878,100.0,91.30334719899265,91.17213833448736,-2.3633471989926544
31.2073,31.2073,84.0,91.33715031627622,91.20557576170995,-18.397150316276225
31.2267,31.2267,95.0,91.37097554545426,91.23903556200905,-7.430975545454258
31.2462,31.2462,96.0,91.40482714226906,91.27251826389003,-6.464827142269057
31.2656,31.2656,81.0,91.4387018835594,91.30602440594049,-21.498701883559406
31.2851,31.2851,88.0,91.47260413863269,91.33955453940315,-14.53260413863269
31.3045,31.3045,90.0,91.50653064610162,91.37310918778311,-12.566530646101624
31.324,31.324,117.0,91.54048566118198,91.40668886560074,14.399514338818024
31.3435,31.3435,87.0,91.57446795280816,91.44029408368353,-15.634467952808164
31.3629,31.3629,85.0,91.60847596847336,91.4739253668564,-17.66847596847336
31.3824,31.3824,102.0,91.64251423190697,91.5075832279968,-0.7025142319069726
31.4018,31.4018,97.0,91.67657922932189,91.5412681625602,-5.7365792293218885
31.4213,31.4213,85.0,91.71067546199198,91.57498069332574,-17.770675461991985
31.4407,31.4407,89.0,91.74479960463567,91.60872135766476,-13.804799604635674
31.4602,31.4602,103.0,91.77895603652921,91.64249067525456,0.16104396347079053
31.4797,31.4797,92.0,91.81314340054907,91.67628915875471,-10.873143400549067
31.4991,31.4991,96.0,91.84736017192675,91.7101173501032,-6.907360171926753
31.5186,31.5186,101.0,91.88161092645124,91.74397579210809,-1.9416109264512453
31.538,31.538,82.0,91.91589221877553,91.77786503906918,-20.975892218775527
31.5575,31.5575,87.0,91.95020868168865,91.81178566964557,-16.010208681688653
31.5769,31.5769,86.0,91.98455679352541,91.8457382361804,-17.044556793525416
31.5964,31.5964,95.0,92.01894125869457,91.87972327806916,-8.078941258694568
31.6159,31.6159,88.0,92.05336046155082,91.91374131897652,-15.113360461550824
31.6353,31.6353,92.0,92.08781299572476,91.94779289093786,-11.147812995724761
31.6548,31.6548,72.0,92.12230337541033,91.98187851545846,-31.182303375410328
31.6742,31.6742,97.0,92.15682809375342,92.01599871418397,-6.216828093753419
31.6937,31.6937,96.0,92.1913918437318,92.05015395497824,-7.251391843731794
31.7131,31.7131,96.0,92.22599080365735,92.08434471904098,-7.285990803657354
31.7326,31.7326,97.0,92.26062974877698,92.11857149815786,-6.3206297487769785
31.7521,31.7521,78.0,92.29530707368097,92.1528347946093,-25.355307073680976
31.7715,31.7715,94.0,92.33002122200287,92.18713512373952,-9.39002122200287
31.791,31.791,83.0,92.36477688602018,92.22147296280045,-20.424776886020183
31.8104,31.8104,90.0,92.3995702872321,92.25584879391276,-13.459570287232095
31.8299,31.8299,114.0,92.43440624448702,92.29026307437887,10.505593755512978
31.8493,31.8493,86.0,92.46928082641075,92.32471625543319,-17.529280826410755
31.8688,31.8688,78.0,92.50419884721742,92.35920881545466,-25.564198847217426
31.8883,31.8883,87.0,92.53915875729038,92.39374121580195,-16.599158757290382
31.9077,31.9077,83.0,92.57415866291134,92.42831387918598,-20.634158662911346
31.9272,31.9272,93.0,92.60920344403064,92.4629272138034,-10.669203444030641
31.9466,31.9466,95.0,92.6442890196906,92.49758160247588,-8.704289019690604
31.9661,31.9661,80.0,92.67942024643062,92.53227742946845,-23.739420246430626
31.9855,31.9855,88.0,92.71459309740099,92.56701508576336,-15.774593097400993
32.005,32.005,91.0,92.74981238628358,92.60179492861255,-12.80981238628358
32.0245,32.0245,86.0,92.78507631908612,92.63661730297922,-17.845076319086118
32.0439,32.0439,102.0,92.82038283212911,92.67148254951844,-1.8803828321291132
32.0634,32.0634,93.0,92.85573687683807,92.70639099102536,-10.915736876838066
32.0828,32.0828,78.0,92.8911342791081,92.74134297483252,-25.951134279108103
32.1023,32.1023,96.0,92.9265799499752,92.77633884906174,-7.986579949975207
32.1217,32.1217,95.0,92.96206960946223,92.81137892215851,-9.022069609462234
32.1412,32.1412,94.0,92.99760827272301,92.84646351121552,-10.057608272723014
32.1607,32.1607,79.0,93.03319386243126,92.88159293920177,-25.093193862431264
32.1801,32.1801,101.0,93.06882444354903,92.91676753218563,-3.1288244435490338
32.1996,32.1996,91.0,93.10450493116977,92.95198757887322,-13.164504931169771
32.219,32.219,96.0,93.14023104355948,92.98725338939057,-8.200231043559482
32.2385,32.2385,97.0,93.17600778715773,93.0225652686134,-7.23600778715773
32.2579,32.2579,75.0,93.21183068310002,93.05792352950053,-29.27183068310002
32.2774,32.2774,95.0,93.24770492420448,93.09332849567029,-9.307704924204485
32.2969,32.2969,99.0,93.28362835251858,93.12878044213777,-5.343628352518577
32.3163,32.3163,89.0,93.3195989104985,93.1642796490385,-15.3795989104985
32.3358,32.3358,90.0,93.35562168571109,93.19982641218806,-14.415621685711086
32.3552,32.3552,110.0,93.39169211435556,93.23542101619744,5.5483078856444354
32.3747,32.3747,79.0,93.42781545133751,93.27106373706913,-25.48781545133751
32.3941,32.3941,98.0,93.46398701439784,93.30675488712309,-6.523987014397845
32.4136,32.4136,86.0,93.50021203726624,93.34249474026882,-18.56021203726624
32.4331,32.4331,89.0,93.5364884483356,93.37828358297995,-15.596488448335604
32.4525,32.4525,93.0,93.57281392158004,93.41412168196993,-11.632813921580036
32.472,32.472,77.0,93.60919382997353,93.45000929217161,-27.669193829973537
32.4914,32.4914,97.0,93.64562332474203,93.48594666740442,-7.705623324742033
32.5109,32.5109,84.0,93.68210769578333,93.52193401721233,-20.742107695783332
32.5303,32.5303,96.0,93.71864215388072,93.55797156056242,-8.778642153880723
32.5498,32.5498,87.0,93.75523195996541,93.59405949079472,-17.815231959965416
32.5692,32.5692,106.0,93.79187221518511,93.63019800780467,1.148127784814891
32.5887,32.5887,93.0,93.82856836141349,93.66638729374223,-11.888568361413489
32.6082,32.6082,94.0,93.86531787693863,93.70262756214713,-10.925317876938633
32.6276,32.6276,88.0,93.9021185367188,93.73891902476716,-16.962118536718805
32.6471,32.6471,104.0,93.93897566264977,93.7752618941495,-0.9989756626497677
32.6665,32.6665,94.0,93.97588427881453,93.81165636739796,-11.035884278814533
32.686,32.686,93.0,94.0128500031203,93.84810266831322,-12.072850003120307
32.7054,32.7054,112.0,94.0498675816539,93.88460102120226,6.8901324183461
32.7249,32.7249,99.0,94.08694276143201,93.92115164809145,-6.146942761432014
32.7444,32.7444,90.0,94.12407297334893,93.95775480656718,-15.18407297334893
32.7638,32.7638,68.0,94.16125597171286,93.99441076780299,-37.221255971712864
32.7833,32.7833,116.0,94.19849737311748,94.03111979232372,10.741502626882523
32.8027,32.8027,88.0,94.23579190052712,94.06788207068938,-17.29579190052712
32.8222,32.8222,112.0,94.27314537895447,94.10469781973146,6.666854621045532
32.8416,32.8416,82.0,94.31055238099191,94.14156723995247,-23.37055238099191
32.8611,32.8611,86.0,94.3480187460962,94.17849056763225,-19.408018746096204
32.8806,32.8806,86.0,94.38554199480589,94.21546800637213,-19.445541994805893
32.9,32.9,107.0,94.42311943125856,94.25249973776279,1.5168805687414437
32.9195,32.9195,83.0,94.46075695748857,94.28958592128461,-22.520756957488572
32.9389,32.9389,93.0,94.49844903662421,94.326726748534,-12.558449036624209
32.9584,32.9584,92.0,94.53620154953333,94.36392238072206,-13.596201549533331
32.9778,32.9778,84.0,94.57400894586137,94.40117297549178,-21.634008945861368
32.9973,32.9973,81.0,94.61187717782872,94.4384786841273,-24.67187717782872
33.0168,33.0168,96.0,94.64980357023852,94.475839629919,-9.709803570238519
33.0362,33.0362,83.0,94.68778517048517,94.51325589998761,-22.747785170485173
33.0557,33.0557,107.0,94.7258280128937,94.55072758554815,1.2141719871062993
33.0751,33.0751,86.0,94.76392632240247,94.58825474682824,-19.82392632240247
33.0946,33.0946,97.0,94.80208606452757,94.62583747560124,-8.862086064527572
33.114,33.114,102.0,94.84030141352679,94.66347584052676,-3.9003014135267886
33.1335,33.1335,95.0,94.87857851464312,94.70116991663792,-10.938578514643124
33.153,33.153,94.0,94.91691435785971,94.73891979847241,-11.97691435785971
33.1724,33.1724,118.0,94.95530613313481,94.77672558137105,11.984693866865188
33.1919,33.1919,82.0,94.99375987257568,94.81458735868783,-24.053759872575682
33.2113,33.2113,79.0,95.03226976286804,94.85250524565208,-27.092269762868042
33.2308,33.2308,96.0,95.07084209329001,94.89047932300296,-10.130842093290012
33.2502,33.2502,106.0,95.10947058043666,94.92850962881238,-0.16947058043666452
33.2697,33.2697,98.0,95.14816159996019,94.96659620413342,-8.20816159996019
33.2892,33.2892,95.0,95.18691206297966,95.0047391186647,-11.246912062979659
33.3086,33.3086,97.0,95.22571899229668,95.04293845024323,-9.285718992296678
33.3281,33.3281,85.0,95.26458875157147,95.08119427669318,-21.32458875157147
33.3475,33.3475,92.0,95.30351513656588,95.11950668109432,-14.363515136565878
33.367,33.367,85.0,95.3425046262884,95.15787571939393,-21.402504626288405
33.3864,33.3864,89.0,95.38155077537938,95.19630143914704,-17.441550775379383
33.4059,33.4059,92.0,95.42066014100075,95.23478386056975,-14.480660141000753
33.4254,33.4254,94.0,95.45982949811852,95.27332298720356,-12.519829498118524
33.4448,33.4448,123.0,95.4990556486785,95.31191881388715,16.44094435132149
33.4643,33.4643,97.0,95.53834516019799,95.35057133203479,-9.598345160197992
33.4837,33.4837,88.0,95.5776914411805,95.38928054173708,-18.637691441180507
33.5032,33.5032,105.0,95.61710108563393,95.42804644751494,-1.6771010856339341
33.5226,33.5226,83.0,95.65656750674096,95.46686903400325,-23.716567506740958
33.5421,33.5421,85.0,95.69609738699096,95.50574831096917,-21.75609738699096
33.5616,33.5616,96.0,95.73568753819747,95.54468425462564,-10.795687538197468
33.581,33.581,102.0,95.7753343368147,95.58367681291037,-4.835334336814695
33.6005,33.6005,80.0,95.81504458406243,95.6227259349849,-26.875044584062437
33.6199,33.6199,106.0,95.85481160944093,95.66183158712163,-0.91481160944093
33.6394,33.6394,103.0,95.89464194441379,95.7009936935443,-3.954641944413792
33.6588,33.6588,112.0,95.93452890824592,95.74021220544024,5.005471091754076
33.6783,33.6783,102.0,95.97447943655709,95.77948709340428,-5.03447943655709
33.6978,33.6978,89.0,96.01448996886951,95.81881836429697,-18.074489968869514
33.7172,33.7172,110.0,96.05455707062745,95.85820604157674,2.8854429293725463
33.7367,33.7367,80.0,96.09468771502699,95.89765013035151,-27.154687715026995
33.7561,33.7561,85.0,96.13487515905487,95.93715067014304,-22.194875159054874
33.7756,33.7756,91.0,96.17512631453032,95.97670765768427,-16.23512631453032
33.795,33.795,94.0,96.21543408196638,96.01632106027165,-13.27543408196638
33.8145,33.8145,106.0,96.25580572524692,96.05599083180994,-1.315805725246916
33.834,33.834,80.0,96.29623744765897,96.0957169207804,-27.35623744765897
33.8534,33.8534,93.0,96.3367257290529,96.13549930169418,-14.396725729052902
33.8729,33.8729,107.0,96.3772778179646,96.17533790574055,-0.4372778179645973
33.8923,33.8923,104.0,96.41788627981055,96.21523265567333,-3.477886279810546
33.9118,33.9118,97.0,96.45855857821658,96.25518350233469,-10.518558578216583
33.9312,33.9312,101.0,96.49928718010074,96.29519041722443,-6.559287180100737
33.9507,33.9507,97.0,96.5400795684762,96.33525337384397,-10.600079568476202
33.9702,33.9702,82.0,96.58093206013115,96.37537235828967,-25.64093206013115
33.9896,33.9896,92.0,96.62184088720242,96.41554735844439,-15.681840887202425
34.0091,34.0091,97.0,96.66281366516105,96.45577832349973,-10.722813665161054
34.0285,34.0285,105.0,96.70384260017605,96.49606519076633,-2.763842600176046
34.048,34.048,96.0,96.74493541398328,96.5364078990175,-11.804935413983285
34.0674,34.0674,90.0,96.7860843598895,96.57680640951206,-17.846084359889502
34.0869,34.0869,97.0,96.8272972560839,96.61726068206647,-10.887297256083896
34.1064,34.1064,95.0,96.8685701407189,96.65777065879833,-12.928570140718902
34.1258,34.1258,80.0,96.90989903116824,96.6983362828539,-27.96989903116824
34.1453,34.1453,84.0,96.95129180944664,96.73895749292086,-24.011291809446647
34.1647,34.1647,106.0,96.99274053077367,96.77963418274295,-2.052740530773674
34.1842,34.1842,93.0,97.0342528645676,96.82036621177734,-15.094252864567606
34.2036,34.2036,86.0,97.07582100526456,96.86115346375264,-22.13582100526456
34.2231,34.2231,77.0,97.11745268380047,96.90199581211864,-31.177452683800468
34.2426,34.2426,112.0,97.15914384303898,96.94289310109316,3.7808561569610237
34.262,34.262,81.0,97.20089024975508,96.98384512132728,-27.26089024975508
34.2815,34.2815,104.0,97.2426998648903,97.02485169897501,-4.3026998648902985
34.3009,34.3009,87.0,97.28456433127036,97.06591261716973,-21.344564331270362
34.3204,34.3204,106.0,97.32649172977727,97.10702767761309,-2.3864917297772745
34.3398,34.3398,84.0,97.36847357832468,97.1481966549155,-24.428473578324684
34.3593,34.3593,85.0,97.41051815519239,97.18941934714769,-23.470518155192394
34.3788,34.3788,97.0,97.45262089661851,97.2306955169923,-11.512620896618513
34.3982,34.3982,99.0,97.49477741500439,97.27202489432453,-9.554777415004393
34.4177,34.4177,107.0,97.53699603464133,97.31340720839945,-1.596996034641334
34.4371,34.4371,101.0,97.57926788046407,97.35484219311321,-7.6392678804640735
34.4566,34.4566,103.0,97.62160146689546,97.3963296077724,-5.681601466895456
34.476,34.476,96.0,97.66398783168114,97.43786922145686,-12.723987831681141
34.4955,34.4955,111.0,97.70643554601935,97.47946081822133,2.23356445398065
34.515,34.515,109.0,97.7489400925198,97.52110417825338,0.19105990748019686
34.5344,34.5344,72.0,97.79149686153363,97.56279911521375,-36.85149686153363
34.5539,34.5539,95.0,97.83735000472869,97.60454547230604,-13.897350004728692
34.5733,34.5733,80.0,97.88002277912302,97.64634302393071,-28.940022779123026
34.5928,34.5928,99.0,97.9227562438412,97.68819153748171,-9.982756243841207
34.6122,34.6122,98.0,97.96554117543526,97.73009073285752,-11.025541175435263
34.6317,34.6317,89.0,98.00838630625977,97.77204033348087,-20.068386306259768
34.6512,34.6512,104.0,98.05128698955346,97.81404006350006,-5.111286989553461
34.6706,34.6706,83.0,98.09423820166747,97.85608962345485,-26.154238201667468
34.6901,34.6901,110.0,98.13724914040408,97.89818873039222,0.8027508595959194
34.7095,34.7095,105.0,98.18031000898286,97.94033706137397,-4.240310008982858
34.729,34.729,99.0,98.22343000180639,97.98253432431478,-10.283430001806392
34.7484,34.7484,107.0,98.26659961027015,98.02478024591706,-2.326599610270149
34.7679,34.7679,102.0,98.31144524525048,98.06707455561705,-7.371445245250483
34.7874,34.7874,103.0,98.3547289446354,98.109417006516,-6.414728944635398
34.8068,34.8068,104.0,98.39806150484172,98.15180736225602,-5.458061504841721
34.8263,34.8263,103.0,98.44145223740371,98.19424539956725,-6.50145223740371
34.8457,34.8457,106.0,98.4848914119009,98.23673091079932,-3.5448914119009043
34.8652,34.8652,99.0,98.52838859669998,98.27926370116482,-10.588388596699984
34.8846,34.8846,108.0,98.57193382928465,98.32184359647917,-1.6319338292846464
34.9041,34.9041,103.0,98.61553706726218,98.36447042449471,-6.675537067262182
34.9236,34.9236,83.0,98.6591929758351,98.4071440383537,-26.7191929758351
34.943,34.943,96.0,98.7028965948894,98.44986430360942,-13.762896594889396
34.9625,34.9625,96.0,98.74665782505714,98.49263104434665,-13.806657825057142
34.9819,34.9819,89.0,98.79046641212013,98.53544407806012,-20.850466412120127
35.0014,35.0014,109.0,98.83433252975993,98.57830321553936,-0.894332529759934
35.0208,35.0208,92.0,98.8782455048234,98.6212082419104,-17.9382455048234
35.0403,35.0403,109.0,98.92221572376114,98.66415896945843,-0.9822157237611417
35.0598,35.0598,100.0,98.96623782278459,98.7071551926502,-10.026237822784593
35.0792,35.0792,100.0,99.01030645406203,98.75019673291084,-10.070306454062033
35.0987,35.0987,74.0,99.05443198979185,98.7932834151387,-36.11443198979185
35.1181,35.1181,88.0,99.09860362412776,98.83641506759,-22.158603624127764
35.1376,35.1376,106.0,99.14283196602427,98.87959145178893,-4.2028319660242754
35.157,35.157,99.0,99.18710605489925,98.92281230009438,-11.247106054899247
35.1765,35.1765,101.0,99.23143646178359,98.96607736381054,-9.291436461783588
35.196,35.196,125.0,99.27581763702982,99.00938639444907,14.664182362970182
35.2154,35.2154,104.0,99.32024379476584,99.05273914898335,-6.380243794765844
35.2349,35.2349,100.0,99.36472597065365,99.09613539723888,-10.424725970653652
35.2543,35.2543,102.0,99.40925268276169,99.13957492227951,-8.46925268276169
35.2738,35.2738,82.0,99.45383503062953,99.18305750959794,-28.513835030629537
35.2932,35.2932,105.0,99.49846177538149,99.22658295236259,-5.5584617753814864
35.3127,35.3127,79.0,99.54314383398449,99.27015099749329,-31.60314383398449
35.3322,35.3322,98.0,99.58787548387674,99.3137614073324,-12.647875483876744
35.3516,35.3516,91.0,99.63265079015713,99.35741388966453,-19.69265079015713
35.3711,35.3711,98.0,99.67748085635495,99.40110814874112,-12.737480856354948
35.3905,35.3905,108.0,99.72235395494486,99.44484386632136,-2.782353954944865
35.41,35.41,112.0,99.76728147238242,99.48862072039628,1.1727185276175778
35.4294,35.4294,100.0,99.8122514483923,99.53243841157139,-10.872251448392303
35.4489,35.4489,81.0,99.85727561704216,99.57629667211933,-29.917275617042165
35.4683,35.4683,102.0,99.90234163168202,99.62019523556937,-8.96234163168202
35.4878,35.4878,95.0,99.94746136513892,99.66413378545218,-16.007461365138923
35.5073,35.5073,97.0,99.99262856945204,99.7081120116871,-14.052628569452038
35.5267,35.5267,84.0,100.03783688802795,99.75212959164348,-27.097836888027956
35.5462,35.5462,113.0,100.08309844065451,99.79618619540551,1.8569015593454896
35.5656,35.5656,90.0,100.12840028034583,99.84028145066037,-21.18840028034583
35.5851,35.5851,91.0,100.17375474842783,99.88441501803582,-20.233754748427828
35.6045,35.6045,107.0,100.21914911982749,99.9285865316757,-4.279149119827492
35.624,35.624,84.0,100.26459547779041,99.97279560181283,-27.32459547779041
35.6435,35.6435,95.0,100.31008739401314,100.01704185749831,-16.37008739401314
35.6629,35.6629,105.0,100.35561799300781,100.06132488479224,-6.415617993007812
35.6824,35.6824,96.0,100.40119992392712,100.10564425625458,-15.461199923927124
35.7018,35.7018,105.0,100.44681969665712,100.14999955766096,-6.506819696657116
35.7213,35.7213,112.0,100.4924901460177,100.19439036374015,0.44750985398229837
35.7407,35.7407,110.0,100.53819777508855,100.23881626220137,-1.5981977750885488
35.7602,35.7602,88.0,100.58395546024963,100.28327687099421,-23.64395546024963
35.7797,35.7797,83.0,100.62975651330791,100.32777183365914,-28.689756513307913
35.7991,35.7991,100.0,100.67559364506981,100.37230076067657,-11.73559364506981
35.8186,35.8186,107.0,100.72148005591916,100.4168632158889,-4.781480055919159
35.838,35.838,102.0,100.76740179807477,100.46145876213751,-9.827401798074773
35.8575,35.8575,93.0,100.81337225389082,100.50608697981096,-18.87337225389082
35.8769,35.8769,93.0,100.85937742173536,100.55074745343057,-18.919377421735362
35.8964,35.8964,93.0,100.90543064582678,100.59543974731702,-18.965430645826785
35.9159,35.9159,106.0,100.95152465960658,100.64016340547023,-6.011524659606577
35.9353,35.9353,101.0,100.99765207313128,100.68491795144905,-11.057652073131278
35.9548,35.9548,107.0,101.04382659541663,100.72970292314311,-5.103826595416633
35.9742,35.9742,84.0,101.09003365255,100.77451785928886,-28.150033652550007
35.9937,35.9937,109.0,101.13628738382832,100.81936231535128,-3.1962873838283183
36.0131,36.0131,99.0,101.18257262563928,100.86423580164636,-13.242572625639282
36.0326,36.0326,103.0,101.2289037023362,100.90913785015796,-9.288903702336198
36.0521,36.0521,117.0,101.27527302073645,100.95406798785572,4.66472697926355
36.0715,36.0715,126.0,101.32167284999791,100.9990257473236,13.61832715000209
36.091,36.091,86.0,101.3681175165431,101.04401069734106,-26.428117516543097
36.1104,36.1104,111.0,101.41459179127048,101.08902242251506,-1.4745917912704822
36.1299,36.1299,102.0,101.46111043646032,101.13406046696136,-10.521110436460317
36.1493,36.1493,113.0,101.50765801240374,101.1791244007468,0.43234198759626175
36.1688,36.1688,86.0,101.55424935774113,101.22421379626519,-26.61424935774113
36.1883,36.1883,107.0,101.60087662959675,101.26932825618304,-5.660876629596755
36.2077,36.2077,96.0,101.64753160804851,101.31446734219077,-16.707531608048512
36.2272,36.2272,111.0,101.69422970936478,101.35963063128854,-1.7542297093647772
36.2466,36.2466,101.0,101.74095472748607,101.40481768617578,-11.80095472748607
36.2661,36.2661,90.0,101.78772220144701,101.45002809485058,-22.847722201447013
36.2855,36.2855,116.0,101.83451603526541,101.49526144422266,3.1054839647345904
36.305,36.305,109.0,101.88135182333309,101.54051729038464,-3.9413518233330915
36.3245,36.3245,108.0,101.92822144989618,101.58579522432262,-4.988221449896185
36.3439,36.3439,104.0,101.97511618005028,101.6310948568446,-9.035116180050279
36.3634,36.3634,103.0,102.02205222374124,101.67641581586403,-10.082052223741242
36.3828,36.3828,92.0,102.0690128245539,101.72175773565401,-21.129012824553897
36.4023,36.4023,104.0,102.11601441515964,101.76712025404355,-9.17601441515964
36.4217,36.4217,96.0,102.16304009437387,101.8125029826966,-17.22304009437387
36.4412,36.4412,95.0,102.2101062809228,101.85790553927217,-18.270106280922803
36.4607,36.4607,79.0,102.25720434472595,101.90332752578776,-34.31720434472595
36.4801,36.4801,109.0,102.30432527646308,101.94876852580511,-4.3643252764630756
36.4996,36.4996,95.0,102.35148609743186,101.99422806124093,-18.41148609743186
36.519,36.519,120.0,102.3986691656718,102.03970567277783,6.541330834328194
36.5385,36.5385,106.0,102.4458914675591,102.08520088227576,-7.505891467559094
36.5579,36.5579,91.0,102.49313504356687,102.13071324731762,-22.55313504356687
36.5774,36.5774,100.0,102.54041751743844,102.17624233597891,-13.600417517438443
36.5969,36.5969,98.0,102.58772960038286,102.22178768637752,-15.647729600382858
36.6163,36.6163,114.0,102.63506199111049,102.2673488307775,0.3049380088895095
36.6358,36.6358,117.0,102.68243240814137,102.31292529008353,3.257567591858633
36.6552,36.6552,93.0,102.72982208679085,102.35851661528724,-20.78982208679085
36.6747,36.6747,106.0,102.77724945727749,102.40412239249211,-7.837249457277492
36.6941,36.6941,95.0,102.82469561089388,102.44974218261446,-18.884695610893885
36.7136,36.7136,105.0,102.87217891262843,102.49537555621222,-8.932178912628428
36.7331,36.7331,100.0,102.9196896722818,102.54102206379449,-13.979689672281806
36.7525,36.7525,97.0,102.96721800943546,102.58668126259337,-17.027218009435458
36.772,36.772,98.0,103.01478302667395,102.6323527030056,-16.074783026673956
36.7914,36.7914,86.0,103.06236477274032,102.67803592039431,-28.122364772740326
36.8109,36.8109,104.0,103.10998255677292,102.72373043765805,-10.16998255677292
36.8303,36.8303,112.0,103.15761630245576,102.76943573280607,-2.217616302455765
36.8498,36.8498,112.0,103.20528553958405,102.81515128727636,-2.2652855395840543
36.8693,36.8693,98.0,103.25298025482577,102.86087660680393,-16.312980254825774
36.8887,36.8887,103.0,103.30068961563796,102.90661122130805,-11.360689615637964
36.9082,36.9082,91.0,103.3484337021608,102.95235464762835,-23.408433702160806
36.9276,36.9276,93.0,103.39619173877591,102.9981064028555,-21.456191738775914
36.9471,36.9471,101.0,103.44398412061258,103.04386597191083,-13.503984120612584
36.9665,36.9665,91.0,103.4917897592315,103.08963281280688,-23.551789759231497
36.986,36.986,107.0,103.53962902950485,103.13540637805858,-7.599629029504852
37.0055,37.0055,100.0,103.5874911252217,103.18118608764205,-14.647491125221704
37.0249,37.0249,99.0,103.63536485582948,103.22697137189219,-15.69536485582948
37.0444,37.0444,107.0,103.68327146302192,103.27276165258553,-7.743271463021925
37.0638,37.0638,98.0,103.73118890404909,103.31855634012531,-16.791188904049093
37.0833,37.0833,118.0,103.77913850791926,103.36435485490713,3.160861492080743
37.1027,37.1027,114.0,103.82709777537112,103.4101566030148,-0.8870977753711156
37.1222,37.1222,112.0,103.8750888414841,103.45596102558476,-2.9350888414841005
37.1417,37.1417,112.0,103.92309976888885,103.50176759130377,-2.983099768888847
37.1611,37.1611,106.0,103.97111954764833,103.54757579144545,-9.031119547648329
37.1806,37.1806,100.0,104.01917015496156,103.59338513975473,-15.079170154961558
37.2,37.2,116.0,104.06722844812835,103.63919515655981,0.8727715518716526
37.2195,37.2195,96.0,104.11531758423945,103.68500535252106,-19.17531758423945
37.2389,37.2389,97.0,104.16341358741157,103.73081526967246,-18.22341358741157
37.2584,37.2584,111.0,104.21153983810717,103.77662442936575,-4.271539838107172
37.2779,37.2779,98.0,104.25968440721495,103.82243233483898,-17.31968440721495
37.2973,37.2973,110.0,104.30783489795698,103.8682385085423,-5.36783489795698
37.3168,37.3168,101.0,104.35601538549841,103.91404245725766,-14.41601538549841
37.3362,37.3362,119.0,104.40420096263811,103.95984370413211,3.535799037361885
37.3557,37.3557,94.0,104.45241601677009,104.0056417644732,-21.51241601677009
37.3751,37.3751,109.0,104.50063558179556,104.05143618907853,-6.560635581795564
37.3946,37.3946,109.0,104.54888440623078,104.09722650181665,-6.608884406230784
37.4141,37.4141,121.0,104.59715023400513,104.14301223979804,5.342849765994872
37.4335,37.4335,110.0,104.64541924709,104.1887929532536,-5.7054192470900045
37.453,37.453,121.0,104.69371732204476,104.23456822872961,5.246282677955238
37.4724,37.4724,103.0,104.74201839420387,104.28033766829462,-12.802018394203868
37.4919,37.4919,109.0,104.79034849381134,104.32610091034178,-6.850348493811337
37.5113,37.5113,128.0,104.83868136886113,104.37185758982102,12.101318631138868
37.5308,37.5308,118.0,104.88704319806168,104.41760735419527,2.0529568019383237
37.5503,37.5503,107.0,104.93542075023919,104.46334987138822,-8.99542075023919
37.5697,37.5697,110.0,104.9838003159732,104.50908484289923,-6.043800315973199
37.5892,37.5892,92.0,105.03220942659443,104.55481197703661,-24.092209426594437
37.6086,37.6086,85.0,105.08062022655231,104.60053099678593,-31.140620226552315
37.6281,37.6281,107.0,105.12906041818427,104.64624159134183,-9.189060418184267
37.6475,37.6475,88.0,105.17750211697441,104.69194339714363,-28.23750211697441
37.667,37.667,84.0,105.22597373353635,104.73763605694967,-32.28597373353635
37.6865,37.6865,123.0,105.27446057839497,104.78331916859162,6.665539421605034
37.7059,37.7059,95.0,105.32294831125164,104.82899227408514,-21.38294831125164
37.7254,37.7254,103.0,105.3714655689816,104.87465495090396,-13.431465568981606
37.7448,37.7448,108.0,105.41998307326057,104.92030675006816,-8.479983073260568
37.7643,37.7643,106.0,105.46853057461375,104.96594721755555,-10.528530574613752
37.7837,37.7837,110.0,105.51707762152108,105.01157590760623,-6.577077621521083
37.8032,37.8032,103.0,105.56565427095433,105.05719237723882,-13.625654270954326
37.8227,37.8227,132.0,105.6142455576019,105.10279619681954,15.325754442398095
37.8421,37.8421,102.0,105.66283583149716,105.14838693118121,-14.722835831497163
37.8616,37.8616,107.0,105.7114562691672,105.19396415563648,-9.771456269167201
37.881,37.881,88.0,105.76007509611837,105.23952743702787,-28.820075096118373
37.9005,37.9005,123.0,105.8087238052944,105.28507634704836,6.131276194705594
37.9199,37.9199,88.0,105.85737059744639,105.33061041099027,-28.917370597446393
37.9394,37.9394,106.0,105.9060474828447,105.37612919008377,-10.966047482844699
37.9589,37.9589,98.0,105.95473878941387,105.42163219891324,-19.01473878941387
37.9783,37.9783,105.0,106.00342700252796,105.4671189537397,-12.063427002527957
37.9978,37.9978,119.0,106.05214550642067,105.5125889508509,1.8878544935793276
38.0172,38.0172,93.0,106.10086107142084,105.55804168527874,-24.16086107142084
38.0367,38.0367,119.0,106.14960645304346,105.60347668547692,1.7903935469565386
38.0561,38.0561,110.0,106.19834871801024,105.64889344609956,-7.258348718010238
38.0756,38.0756,128.0,106.24712126756388,105.6942914950719,10.692878732436116
38.0951,38.0951,106.0,106.29590721134812,105.73967037197386,-11.355907211348123
38.1145,38.1145,107.0,106.34468906779688,105.78502964151478,-10.404689067796879
38.134,38.134,109.0,106.39350158513497,105.83036886910388,-8.45350158513497
38.1534,38.1534,107.0,106.44230972228961,105.87568762341469,-10.502309722289608
38.1729,38.1729,107.0,106.4911489554954,105.92098548162363,-10.551148955495405
38.1923,38.1923,93.0,106.539983270476,105.96626202392791,-24.599983270476002
38.2118,38.2118,112.0,106.58884976347373,106.01151683342393,-5.6488497634737325
38.2312,38.2312,122.0,106.63771073558078,106.05674945830964,4.302289264419217
38.2507,38.2507,107.0,106.68660390046381,106.1019594627716,-10.746603900463809
38.2702,38.2702,110.0,106.73551068554049,106.14714644715146,-7.79551068554049
38.2896,38.2896,102.0,106.78441187300291,106.19231001420394,-15.84441187300291
38.3091,38.3091,109.0,106.83334660998318,106.23744977701122,-8.893346609983181
38.3285,38.3285,120.0,106.88227520312824,106.2825653373755,2.0577247968717547
38.348,38.348,125.0,106.9312374579599,106.32765630451277,7.008762542040104
38.3674,38.3674,111.0,106.98019388271295,106.37272232142965,-7.040193882712954
38.3869,38.3869,120.0,107.02918485931392,106.41776306599051,1.9108151406860845
38.4064,38.4064,103.0,107.07819100633401,106.46277822844883,-15.13819100633401
38.4258,38.4258,91.0,107.12719103779986,106.50776753263456,-27.187191037799863
38.4453,38.4453,120.0,107.17622694519049,106.55273069306138,1.7637730548095067
38.4647,38.4647,117.0,107.22525727568484,106.59766738250354,-1.28525727568484
38.4842,38.4842,100.0,107.2743248471664,106.64257730709151,-18.3343248471664
38.5036,38.5036,103.0,107.3233867881145,106.68746020007066,-15.383386788114505
38.5231,38.5231,97.0,107.37248656391517,106.73231577681041,-21.432486563915177
38.5426,38.5426,97.0,107.4216032843397,106.77714374275907,-21.4816032843397
38.562,38.562,103.0,107.47071510471697,106.82194377717161,-15.530715104716974
38.5815,38.5815,106.0,107.51986623984327,106.86671553298899,-12.579866239843268
38.6009,38.6009,98.0,107.56901247100626,106.91145865286902,-20.629012471006263
38.6204,38.6204,123.0,107.61819922866052,106.95617277713895,4.321800771339484
38.6398,38.6398,104.0,107.667381109334,107.00085752214227,-14.727381109334003
38.6593,38.6593,100.0,107.7166051341792,107.045512540423,-18.776605134179206
38.6788,38.6788,98.0,107.76584792581836,107.09013747645213,-20.825847925818366
38.6982,38.6982,102.0,107.8150861664374,107.13473195573994,-16.8750861664374
38.7177,38.7177,94.0,107.86436780791776,107.17929557933198,-24.92436780791776
38.7371,38.7371,115.0,107.9136449466968,107.22382793445679,-3.9736449466968065
38.7566,38.7566,101.0,107.96296730379953,107.26832857287106,-18.022967303799533
38.776,38.776,115.0,108.01228493203867,107.31279706696766,-4.072284932038668
38.7955,38.7955,82.0,108.06164834961538,107.35723297227094,-37.121648349615384
38.815,38.815,117.0,108.11103326206829,107.40163586471317,-2.17103326206829
38.8344,38.8344,96.0,108.16041397452717,107.4460052519768,-23.220413974527176
38.8539,38.8539,115.0,108.20984317458162,107.49034066694166,-4.269843174581622
38.8733,38.8733,94.0,108.25926764045751,107.53464161168132,-25.31926764045751
38.8928,38.8928,112.0,108.30874125505919,107.57890760822082,-7.36874125505919
38.9122,38.9122,105.0,108.35821142320596,107.62313814215686,-14.418211423205959
38.9317,38.9317,117.0,108.40773126532103,107.66733271092728,-2.4677312653210333
38.9512,38.9512,104.0,108.45727612492018,107.71149080491338,-15.517276124920185
38.9706,38.9706,129.0,108.50681682738882,107.75561193904495,9.433183172611182
38.9901,38.9901,105.0,108.55641019709994,107.79969561826603,-14.616410197099936
39.0095,39.0095,114.0,108.60600074337003,107.84374137620162,-5.666000743370033
39.029,39.029,124.0,108.65564521701549,107.88774873894509,4.28435478298451
39.0484,39.0484,111.0,108.7052869989153,107.93171724901919,-8.765286998915299
39.0679,39.0679,122.0,108.75498469687915,107.97564648517512,2.185015303120851
39.0874,39.0874,111.0,108.8047102570194,108.01953603439591,-8.864710257019395
39.1068,39.1068,113.0,108.85443419215709,108.06338551791741,-6.914434192157087
39.1263,39.1263,104.0,108.90421695133816,108.10719456497239,-15.964216951338157
39.1457,39.1457,104.0,108.95399868182365,108.15096281800385,-16.01399868182365
39.1652,39.1652,117.0,109.00384159821049,108.19468990840389,-3.0638415982104856
39.1846,39.1846,97.0,109.05368406088886,108.23837545639579,-23.113684060888858
39.2041,39.2041,109.0,109.10359112251012,108.28201910544513,-11.163591122510125
39.2236,39.2236,98.0,109.15353030421143,108.32562046876998,-22.21353030421143
39.243,39.243,127.0,109.20347075474812,108.36917916151795,6.736529245251875
39.2625,39.2625,95.0,109.25347832826024,108.4126947710461,-25.313478328260246
39.2819,39.2819,100.0,109.30348781707937,108.45616691963576,-20.363487817079374
39.3014,39.3014,108.0,109.35356811369032,108.4995951934681,-12.413568113690316
39.3208,39.3208,104.0,109.40365030878219,108.5429791559662,-16.463650308782192
39.3403,39.3403,103.0,109.4538052763733,108.5863183692099,-17.513805276373304
39.3598,39.3598,105.0,109.50399947616522,108.62961238305513,-15.56399947616522
39.3792,39.3792,100.0,109.5541984628885,108.67286073232523,-20.614198462888496
39.3987,39.3987,115.0,109.60447407832955,108.71606294207807,-5.664474078329546
39.4181,39.4181,120.0,109.6547546120117,108.7592185140301,-0.714754612011701
39.4376,39.4376,117.0,109.70511492933734,108.80232696666212,-3.765114929337342
39.457,39.457,102.0,109.75548228769978,108.84538784747905,-18.81548228769978
39.4765,39.4765,111.0,109.80593194726079,108.88840072569732,-9.865931947260789
39.496,39.496,108.0,109.85642859244797,108.93136515211151,-12.91642859244797
39.5154,39.5154,111.0,109.90693330901532,108.97428068318607,-9.966933309015316
39.5349,39.5349,112.0,109.95752615226789,109.01714687288096,-9.01752615226789
39.5543,39.5543,109.0,110.00812947801192,109.05996328059585,-12.068129478011924
39.5738,39.5738,109.0,110.05882367167497,109.10272947373367,-12.118823671674972
39.5932,39.5932,106.0,110.10952989941693,109.14544501953598,-15.169529899416927
39.6127,39.6127,110.0,110.16033102204207,109.18810948496821,-11.220331022042073
39.6322,39.6322,126.0,110.21118824097184,109.23072242853353,4.728811759028163
39.6516,39.6516,114.0,110.26206027067212,109.27328341091685,-7.322060270672123
39.6711,39.6711,112.0,110.31303333174401,109.31579202913487,-9.37303333174401
39.6905,39.6905,119.0,110.36402238585231,109.35824789285753,-2.424022385852309
39.71,39.71,106.0,110.4151172645601,109.40065061895886,-15.475117264560096
39.7294,39.7294,125.0,110.46623066540572,109.44299984961583,3.473769334594282
39.7489,39.7489,101.0,110.51745573515636,109.48529521785625,-20.577455735156363
39.7684,39.7684,107.0,110.56874720211935,109.5275363926396,-14.628747202119355
39.7878,39.7878,98.0,110.62006085020508,109.56972302008884,-23.68006085020508
39.8073,39.8073,129.0,110.6714926290724,109.61185473952779,7.268507370927596
39.8267,39.8267,116.0,110.72294903726856,109.65393115914094,-5.782949037268564
39.8462,39.8462,105.0,110.77453004418439,109.69595192071054,-16.83453004418439
39.8656,39.8656,109.0,110.82613726830364,109.7379166829462,-12.88613726830364
39.8851,39.8851,103.0,110.87787363854949,109.77982509192178,-18.93787363854949
39.9046,39.9046,122.0,110.92969194309765,109.821676791727,0.010308056902347928
39.924,39.924,101.0,110.98154303161506,109.8634714082061,-21.041543031615063
39.9435,39.9435,122.0,111.03353166091689,109.9052085982147,-0.09353166091689324
39.9629,39.9629,102.0,111.0855551284728,109.94688799475385,-20.145555128472807
39.9824,39.9824,121.0,111.13772314829806,109.98850926166654,-1.1977231482980653
40.0018,40.0018,109.0,111.18993051504019,110.03007204140845,-13.24993051504019
40.0213,40.0213,107.0,111.24228836393445,110.07157600494857,-15.30228836393445
40.0408,40.0408,128.0,111.29474578175383,110.11302082048589,5.645254218246167
40.0602,40.0602,101.0,111.34724736303464,110.15440614795584,-21.407247363034642
40.0797,40.0797,115.0,111.39991077246759,110.19573168309942,-7.459910772467593
40.0991,40.0991,108.0,111.4526242052275,110.23699709701997,-14.512624205227494
40.1186,40.1186,109.0,111.50550593325674,110.27820207368,-13.565505933256743
40.138,40.138,119.0,111.5584404484553,110.31934629102483,-3.618440448455301
40.1575,40.1575,113.0,111.6115527525399,110.36042942356228,-9.671552752539894
40.177,40.177,122.0,111.66478693313249,110.40145116873063,-0.7247869331324903
40.1964,40.1964,104.0,111.71808054861027,110.44241123105274,-18.778080548610276
40.2159,40.2159,140.0,111.77156456715504,110.48330934485519,17.16843543284496
40.2353,40.2353,113.0,111.82511381685913,110.5241452271272,-9.88511381685913
40.2548,40.2548,98.0,111.87886316942948,110.56491860034627,-24.93886316942948
40.2742,40.2742,130.0,111.93268455506129,110.60562919363599,7.007315444938714
40.2937,40.2937,99.0,111.98671509600003,110.64627670230182,-24.046715096000028
40.3132,40.3132,97.0,112.04089221582021,110.68686085523746,-26.10089221582021
40.3326,40.3326,130.0,112.09514895718975,110.72738134999122,6.84485104281025
40.3521,40.3521,138.0,112.14963135004683,110.76783784727334,14.790368649953168
40.3715,40.3715,119.0,112.20420098536147,110.80823004162595,-4.264200985361468
40.391,40.391,94.0,112.25900685194956,110.84855763728994,-29.319006851949567
40.4104,40.4104,113.0,112.31390486574335,110.88882036020286,-10.373904865743354
40.4299,40.4299,126.0,112.36905158858463,110.92901789095404,2.5709484114153742
40.4494,40.4494,97.0,112.42437699933201,110.9691499158018,-26.484376999332014
40.4688,40.4688,95.0,112.47980746524166,111.00921615653147,-28.539807465241665
40.4883,40.4883,107.0,112.5355048075844,111.04921629733045,-16.595504807584405
40.5077,40.5077,106.0,112.5913133386357,111.0891499792971,-17.651313338635703
40.5272,40.5272,100.0,112.6474042196962,111.12901683263492,-23.7074042196962
40.5466,40.5466,113.0,112.70361434572,111.16881647385308,-10.763614345719999
40.5661,40.5661,103.0,112.76011894483125,111.20854848950773,-20.82011894483125
40.5856,40.5856,97.0,112.81684075036269,111.24821247107309,-26.87684075036269
40.605,40.605,122.0,112.87369582312459,111.28780798793169,-1.9336958231245926
40.6245,40.6245,105.0,112.93087015088831,111.32733457111716,-18.990870150888313
40.6439,40.6439,130.0,112.98818674060519,111.36679177949691,5.951813259394813
40.6634,40.6634,114.0,113.045836660325,111.40617915491079,-10.105836660324995
40.6828,40.6828,107.0,113.1036397290178,111.44549627412783,-17.163639729017802
40.7023,40.7023,141.0,113.16179405184435,111.48474272087928,16.778205948155644
40.7218,40.7218,109.0,113.22021400144124,111.52391806693471,-15.280214001441236
40.7412,40.7412,115.0,113.2788032108482,111.5630218895553,-9.338803210848196
40.7607,40.7607,106.0,113.337770831561,111.60205375921271,-18.397770831561004
40.7801,40.7801,119.0,113.39692075342262,111.64101325559585,-5.4569207534226205
40.7996,40.7996,103.0,113.45646976573296,111.67989994331872,-21.516469765732964
40.819,40.819,117.0,113.51621601893233,111.71871340655845,-7.576216018932326
40.8385,40.8385,105.0,113.57638148262471,111.75745320613173,-19.636381482624714
40.858,40.858,121.0,113.63686842271099,111.79611891697867,-3.69686842271099
40.8774,40.8774,91.0,113.69757229989108,111.83471009585412,-33.75757229989108
40.8969,40.8969,118.0,113.7587309241685,111.8732263237453,-6.818730924168504
40.9163,40.9163,116.0,113.82012359358937,111.91166712556219,-8.880123593589373
40.9358,40.9358,96.0,113.88199470931362,111.9500320425669,-28.94199470931362
40.9552,40.9552,120.0,113.94411348416833,111.98832062697686,-5.004113484168327
40.9747,40.9747,118.0,114.00674121316172,112.0265323880798,-7.066741213161718
40.9941,40.9941,123.0,114.06963248458878,112.06466685640208,-2.1296324845887806
41.0136,41.0136,104.0,114.13305398858377,112.10272357841949,-21.19305398858377
41.0331,41.0331,109.0,114.19690173137764,112.14070212895001,-16.25690173137764
41.0525,41.0525,110.0,114.26104187909256,112.1786020610051,-15.32104187909256
41.072,41.072,128.0,114.32576470266078,112.21642291914674,2.6142352973392224
41.0914,41.0914,108.0,114.39080135544006,112.2541642420767,-17.450801355440063
41.1109,41.1109,101.0,114.4564467934479,112.29182560457724,-24.516446793447898
41.1303,41.1303,105.0,114.52244234827955,112.32940656998399,-20.582442348279557
41.1498,41.1498,111.0,114.5890754035073,112.3669066712413,-14.649075403507295
41.1693,41.1693,114.0,114.65623415670434,112.40432542156864,-11.716234156704344
41.1887,41.1887,109.0,114.72376627649864,112.44166233050935,-16.78376627649864
41.2082,41.2082,130.0,114.79200520924796,112.47891691189281,4.147994790752039
41.2276,41.2276,110.0,114.86064734360338,112.51608867028885,-15.920647343603376
41.2471,41.2471,105.0,114.93003488324288,112.55317714635396,-20.990034883242885
41.2665,41.2665,120.0,114.99985807488027,112.59018187397625,-6.059858074880266
41.286,41.286,98.0,115.07047719498489,112.62710236671656,-28.13047719498489
41.3055,41.3055,117.0,115.14173267276112,112.66393815783015,-9.201732672761123
41.3249,41.3249,145.0,115.21348364865158,112.70068874120349,18.726516351348423
41.3444,41.3444,109.0,115.2860871401863,112.73735362233792,-17.3460871401863
41.3638,41.3638,117.0,115.35921319047219,112.77393230933944,-9.41921319047219
41.3833,41.3833,100.0,115.43326279563162,112.8104243002587,-26.493262795631622
41.4027,41.4027,120.0,115.50786468993013,112.84682910446847,-6.567864689930131
41.4222,41.4222,98.0,115.5834478201791,112.88314619686246,-28.643447820179105
41.4417,41.4417,109.0,115.65982836752366,112.91937507136531,-17.71982836752366
41.4611,41.4611,110.0,115.73683494534112,112.95551518184377,-16.796834945341118
41.4806,41.4806,106.0,115.81491724071907,112.9915659716192,-20.87491724071907
41.5,41.5,125.0,115.89366252312286,113.02752687606201,-1.9536625231228566
41.5195,41.5195,122.0,115.97355276981106,113.06339731172706,-5.033552769811065
41.5389,41.5389,123.0,116.05415713926153,113.09917672576162,-4.114157139261534
41.5584,41.5584,124.0,116.13596989409052,113.13486458888322,-3.1959698940905223
41.5779,41.5779,122.0,116.21881442252963,113.170460397738,-5.278814422529633
41.5973,41.5973,141.0,116.30245746255497,113.20596367715552,13.63754253744503
41.6168,41.6168,119.0,116.38744467712098,113.24137397526886,-8.447444677120982
41.6362,41.6362,123.0,116.4732931631453,113.27669084869069,-4.5332931631453
41.6557,41.6557,112.0,116.56057373555574,113.31191386941765,-15.620573735555736
41.6751,41.6751,109.0,116.64879174985286,113.34704263494774,-18.708791749852864
41.6946,41.6946,113.0,116.7385268268512,113.38207673925072,-14.7985268268512
41.7141,41.7141,115.0,116.82957901940364,113.41701576459982,-12.889579019403639
41.7335,41.7335,124.0,116.92167594663314,113.45185929224094,-3.9816759466331444
41.753,41.753,121.0,117.01546817120631,113.48660690767213,-7.0754681712063086
41.7724,41.7724,107.0,117.11039903280155,113.52125822384748,-21.170399032801555
41.7919,41.7919,116.0,117.20713151857898,113.55581287368271,-12.267131518578976
41.8113,41.8113,111.0,117.30510283237416,113.59027047254395,-17.365102832374163
41.8308,41.8308,111.0,117.40502858777164,113.62463064235857,-17.46502858777164
41.8503,41.8503,103.0,117.50663409174491,113.65889299808592,-25.566634091744916
41.8697,41.8697,113.0,117.60963105415182,113.69305714762487,-15.66963105415182
41.8892,41.8892,113.0,117.71478114403007,113.72712267018657,-15.77478114403007
41.9086,41.9086,104.0,117.82144792095751,113.7610891431187,-24.881447920957513
41.9281,41.9281,117.0,117.93045622917,113.79495614181373,-11.990456229170006
41.9475,41.9475,115.0,118.04109327466585,113.82872321539323,-14.101093274665855
41.967,41.967,107.0,118.15425239789838,113.86238992157627,-22.214252397898377
41.9865,41.9865,108.0,118.26959877271898,113.8959558212288,-21.32959877271898
42.0059,42.0059,140.0,118.38681318736741,113.92942045674904,10.55318681263259
42.0254,42.0254,110.0,118.50685516070222,113.96278335466909,-19.566855160702218
42.0448,42.0448,112.0,118.62891081565346,113.99604405418268,-17.688910815653458
42.0643,42.0643,121.0,118.75402276006643,114.02920208382135,-8.814022760066434
42.0837,42.0837,117.0,118.88133136838674,114.06225696674773,-12.94133136838674
42.1032,42.1032,114.0,119.01194091727506,114.09520824468217,-16.071940917275057
42.1227,42.1227,113.0,119.14547691525917,114.12805546722772,-17.20547691525917
42.1421,42.1421,108.0,119.28154120465825,114.16079818373167,-22.341541204658256
42.1616,42.1616,113.0,119.42134118514832,114.1934359405077,-17.481341185148324
42.181,42.181,119.0,119.5638891749274,114.22596826729037,-11.623889174927397
42.2005,42.2005,123.0,119.7104887128397,114.2583946906048,-7.770488712839706
42.2199,42.2199,132.0,119.86011844253296,114.290714749755,1.0798815574670346
42.2394,42.2394,108.0,120.01412785218683,114.32292800712872,-23.074127852186834
42.2589,42.2589,122.0,120.17214927281175,114.35503406107757,-9.232149272811752
42.2783,42.2783,122.0,120.33364283034327,114.3870324929376,-9.393642830343266
42.2978,42.2978,115.0,120.50016058413563,114.418922904345,-16.56016058413563
42.3172,42.3172,103.0,120.67052121318201,114.45070491715377,-28.730521213182016
42.3367,42.3367,111.0,120.84634013006789,114.48237815477965,-20.90634013006789
42.3561,42.3561,133.0,121.02641182721523,114.5139422098194,0.9135881727847721
42.3756,42.3756,111.0,121.21251370303708,114.54539666550077,-21.272513703037077
42.3951,42.3951,122.0,121.40412298267086,114.57674114019945,-10.464122982670856
42.4145,42.4145,114.0,121.60066107394617,114.60797524275236,-18.660661073946173
42.434,42.434,100.0,121.80408598909624,114.63909860172579,-32.86408598909624
42.4534,42.4534,116.0,122.01299235339381,114.67011084405131,-17.072992353393815
42.4729,42.4729,109.0,122.2295453226892,114.70101155725916,-24.289545322689207
42.4923,42.4923,99.0,122.45214142922057,114.73180033245242,-34.51214142922058
42.5118,42.5118,124.0,122.6831787033889,114.76247674539282,-9.743178703388905
42.5313,42.5313,139.0,122.92201073531625,114.79304032949975,5.0179892646837505
42.5507,42.5507,108.0,123.16804236479057,114.82349064250836,-26.228042364790568
42.5702,42.5702,135.0,123.42383379717761,114.8538272606471,0.5161662028223919
42.5896,42.5896,96.0,123.68761299404896,114.88404974178121,-38.747612994048964
42.6091,42.6091,115.0,123.96232360893254,114.91415767564725,-20.02232360893254
42.6285,42.6285,120.0,124.24594216128811,114.94415060115476,-15.305942161288113
42.648,42.648,133.0,124.54171945156685,114.97402805744409,-2.601719451566849
42.6675,42.6675,139.0,124.8489675149674,115.00378959718215,3.091032485032601
42.6869,42.6869,126.0,125.16689186167339,115.03343480872557,-10.226891861673392
42.7064,42.7064,122.0,125.499220563126,115.06296329964903,-14.559220563126003
42.7258,42.7258,118.0,125.84354825772972,115.09237470594095,-18.903548257729724
42.7453,42.7453,117.0,126.20402379947713,115.12166868205989,-20.26402379947713
42.7647,42.7647,116.0,126.57813717847837,115.15084489026646,-21.638137178478374
42.7842,42.7842,115.0,126.97035204171125,115.1799029978658,-23.030352041711254
42.8037,42.8037,128.0,127.38015199057905,115.2088426744448,-10.440151990579052
42.8231,42.8231,121.0,127.80644530866931,115.23766358910673,-17.866445308669313
42.8426,42.8426,111.0,128.2546409944741,115.26636544316067,-28.314640994474104
42.862,42.862,130.0,128.72174253435304,115.2949479533094,-9.781742534353041
42.8815,42.8815,107.0,129.213633682047,115.32341082477629,-33.273633682047006
42.9009,42.9009,101.0,129.7272631575045,115.35175379793027,-39.7872631575045
42.9204,42.9204,130.0,130.26936319302075,115.37997659073946,-11.329363193020752
42.9399,42.9399,109.0,130.83930494250413,115.4080788825442,-32.89930494250413
42.9593,42.9593,118.0,131.43604473969518,115.43606038773143,-24.49604473969518
42.9788,42.9788,122.0,132.0676552777603,115.4639208034432,-21.12765527776031
42.9982,42.9982,129.0,132.73061695093602,115.49165983370366,-14.790616950936025
43.0177,43.0177,123.0,133.43379086008827,115.51927719996189,-21.493790860088268
43.0371,43.0371,146.0,134.17332534513335,115.54677265713059,0.7666746548666499
43.0566,43.0566,121.0,134.95981861381063,115.57414598000001,-25.019818613810628
43.0761,43.0761,132.0,135.79293988367942,115.60139694765778,-14.852939883679424
43.0955,43.0955,116.0,136.67249741394141,115.62852535369719,-31.732497413941417
43.115,43.115,110.0,137.61108592799945,115.65553102803476,-38.67108592799946
43.1344,43.1344,152.0,138.60430278322616,115.6824138015855,2.3356972167738395
43.1539,43.1539,122.0,139.6674306521569,115.70917349004537,-28.727430652156897
43.1733,43.1733,118.0,140.79534287580233,115.73580990995441,-33.855342875802336
43.1928,43.1928,124.0,142.00606488166085,115.7623228946354,-29.06606488166085
43.2123,43.2123,142.0,143.30109760293712,115.78871228349014,-12.36109760293712
43.2317,43.2317,138.0,144.68151181710687,115.81497793773433,-17.74151181710687
43.2512,43.2512,142.0,146.1704066945751,115.84111973086455,-15.230406694575093
43.2706,43.2706,135.0,147.76244611387057,115.86713756196862,-23.82244611387057
43.2901,43.2901,144.0,149.4854572567588,115.89303134255893,-16.545457256758795
43.3095,43.3095,140.0,151.3346727019749,115.91880101826635,-22.394672701974912
43.329,43.329,159.0,153.34305243951923,115.94444654258204,-5.403052439519227
43.3485,43.3485,145.0,155.51896870992726,115.9699678879271,-21.578968709927267
43.3679,43.3679,150.0,157.86792263850666,115.99536502684325,-18.927922638506658
43.3874,43.3874,147.0,160.43579246695376,116.02063793810446,-24.49579246695376
43.4068,43.4068,134.0,163.2199664192523,116.04578660210859,-40.279966419252304
43.4263,43.4263,177.0,166.27657489346174,116.07081100298757,-0.3365748934617425
43.4457,43.4457,163.0,169.6074026993366,116.09571116063623,-17.667402699336606
43.4652,43.4652,141.0,173.28096307103849,116.12048709495006,-43.34096307103849
43.4847,43.4847,145.0,177.32429008692992,116.14513882586351,-43.38429008692992
43.5041,43.5041,168.0,181.75993250003432,116.16966638957464,-24.819932500034326
43.5236,43.5236,156.0,186.68745832001846,116.19406982879873,-41.74745832001847
43.543,43.543,163.0,192.12028947982603,116.21834918626031,-40.18028947982603
43.5625,43.5625,166.0,198.1812873440108,116.2425045049939,-43.2412873440108
43.5819,43.5819,197.0,204.88929060083487,116.2665358280745,-18.94929060083487
43.6014,43.6014,168.0,212.4032871980878,116.29044319859392,-55.46328719808781
43.6209,43.6209,198.0,220.78778471661423,116.314226659644,-33.84778471661423
43.6403,43.6403,193.0,230.10745283294824,116.33788625432612,-48.16745283294824
43.6598,43.6598,202.0,240.57179639021987,116.36142202574166,-49.631796390219876
43.6792,43.6792,239.0,252.20176254514035,116.38483401699197,-24.261762545140357
43.6987,43.6987,252.0,265.24561397069033,116.40812227117843,-24.30561397069033
43.7181,43.7181,243.0,279.6864778683667,116.43128683140236,-47.746477868366696
43.7376,43.7376,250.0,295.77771354819896,116.4543277407651,-56.83771354819896
43.757,43.757,291.0,313.41069535600496,116.47724504236791,-33.47069535600497
43.7765,43.7765,304.0,332.7584666856299,116.50003877931209,-39.818466685629915
43.796,43.796,326.0,353.6267498228851,116.52270899469902,-38.686749822885076
43.8154,43.8154,347.0,375.62428436353014,116.54525573162994,-39.68428436353014
43.8349,43.8349,379.0,398.5195729333328,116.56767903320615,-30.579572933332827
43.8543,43.8543,389.0,421.38388388488187,116.58997894252887,-43.44388388488187
43.8738,43.8738,450.0,443.532336059532,116.61215550269932,-4.592336059531986
43.8932,43.8932,486.0,463.6614170933246,116.63420875681881,11.278582906675412
43.9127,43.9127,490.0,480.8272782006842,116.65613874798859,-1.8872782006841913
43.9322,43.9322,521.0,493.8986002924859,116.67794551930989,16.041399707514074
43.9516,43.9516,497.0,502.1056290624079,116.69962911388392,-16.165629062407902
43.9711,43.9711,542.0,505.19277476776443,116.72118957481187,25.747225232235564
43.9905,43.9905,543.0,503.17698723598653,116.74262694519504,28.763012764013467
44.01,44.01,553.0,496.39983537946046,116.76394126813463,45.54016462053954
44.0294,44.0294,547.0,485.4630018888285,116.78513258673183,50.4769981111715
44.0489,44.0489,466.0,470.89231619437584,116.80620094408793,-15.952316194375838
44.0684,44.0684,478.0,453.437482885439,116.82714638330414,13.50251711456099
44.0878,44.0878,500.0,433.93523157149866,116.84796894748162,55.004768428501336
44.1073,44.1073,462.0,412.9620182360205,116.86866867972165,37.97798176397947
44.1267,44.1267,440.0,391.4739862795381,116.88924562312543,37.46601372046189
44.1462,44.1462,432.0,369.9318774663239,116.90969982079416,51.0081225336761
44.1656,44.1656,357.0,349.1235067954928,116.93003131582886,-3.183506795492802
44.1851,44.1851,384.0,329.2478564509088,116.95024015133055,43.69214354909121
44.2046,44.2046,353.0,310.69485451041805,116.97032637040027,31.245145489581944
44.224,44.224,335.0,293.6851083977928,116.99029001613908,30.25489160220718
44.2435,44.2435,321.0,278.08592957608306,117.01013113164807,31.854070423916937
44.2629,44.2629,285.0,264.0328769896983,117.0298497600282,9.90712301030169
44.2824,44.2824,266.0,251.30234808646637,117.04944594438041,3.6376519135336327
44.3018,44.3018,250.0,239.92813223532693,117.06891972780566,-0.988132235326928
44.3213,44.3213,232.0,229.679346057468,117.08827115340485,-8.739346057467996
44.3408,44.3408,232.0,220.4987225595218,117.10750026427894,0.4412774404781903
44.3602,44.3602,247.0,212.3179593464347,117.1266071035289,23.622040653565307
44.3797,44.3797,220.0,204.94581021596167,117.14559171425577,3.994189784038328
44.3991,44.3991,183.0,198.36485928843695,117.16445413956063,-26.42485928843695
44.4186,44.4186,223.0,192.42020152618096,117.1831944225445,19.519798473819037
44.438,44.438,199.0,187.09413140923652,117.20181260630844,0.8458685907634749
44.4575,44.4575,195.0,182.26513417867213,117.22030873395349,1.674865821327872
44.477,44.477,191.0,177.90015883943389,117.23868284858067,2.039841160566114
44.4964,44.4964,203.0,173.96632369317103,117.256934993291,17.973676306828963
44.5159,44.5159,177.0,170.3760511308926,117.27506521118549,-4.436051130892592
44.5353,44.5353,171.0,167.12449482698466,117.29307354536516,-7.184494826984659
44.5548,44.5548,190.0,164.1435483370767,117.31096003893201,14.79645166292329
44.5742,44.5742,177.0,161.43240248655462,117.32872473499333,4.507597513445377
44.5937,44.5937,174.0,158.93523780515696,117.34636767665644,4.004762194843041
44.6132,44.6132,138.0,156.64326389415163,117.36388890702949,-29.703263894151632
44.6326,44.6326,147.0,154.54554129180866,117.38128846922277,-18.605541291808663
44.6521,44.6521,173.0,152.60174605937436,117.39856643690322,9.338253940625636
44.6715,44.6715,131.0,150.81578414427017,117.4157228890943,-30.87578414427017
44.691,44.691,147.0,149.15449576887175,117.43275790482238,-13.214495768871755
44.7104,44.7104,150.0,147.62290671701933,117.44967159670296,-8.682906717019334
44.7299,44.7299,132.0,146.19338079877434,117.46646408278059,-25.253380798774344
44.7494,44.7494,120.0,144.8646829298272,117.48313548353477,-35.92468292982721
44.7688,44.7688,137.0,143.63355264490883,117.4996859543899,-17.693552644908834
44.7883,44.7883,126.0,142.47918537360667,117.51611565752641,-27.53918537360667
44.8077,44.8077,126.0,141.40681894646113,117.53242478852201,-26.46681894646113
44.8272,44.8272,160.0,140.39855353414856,117.54861356539128,8.541446465851438
44.8466,44.8466,155.0,139.45945832512353,117.56468222854453,4.480541674876465
44.8661,44.8661,146.0,138.57447893105657,117.580631018536,-3.6344789310565755
44.8856,44.8856,125.0,137.74368433588842,117.59646017653363,-23.80368433588842
44.905,44.905,146.0,136.96712369531645,117.6121699509828,-2.0271236953164458
44.9245,44.9245,148.0,136.2325994110289,117.62776061000754,0.7074005889710993
44.9439,44.9439,129.0,135.5445450180529,117.64323242906697,-17.604545018052903
44.9634,44.9634,131.0,134.89253144615728,117.65858568801445,-14.952531446157279
44.9828,44.9828,133.0,134.2802912551043,117.67382069598622,-12.340291255104288
45.0023,45.0023,135.0,133.69901693851003,117.68893779530622,-9.759016938510028
45.0218,45.0218,115.0,133.14943573754098,117.70393736406639,-29.209435737540986
45.0412,45.0412,121.0,132.63217504377872,117.71881981657295,-22.692175043778718
45.0607,45.0607,131.0,132.13972476091774,117.73358555985813,-12.199724760917745
45.0801,45.0801,113.0,131.67521687176273,117.74823500975539,-29.73521687176273
45.0996,45.0996,107.0,131.23237639816062,117.76276861515801,-35.29237639816063
45.119,45.119,139.0,130.81411640068413,117.77718681218266,-2.8741164006841284
45.1385,45.1385,136.0,130.4145414121852,117.79149000797885,-5.474541412185202
45.158,45.158,114.0,130.03470774157444,117.80567863849217,-27.09470774157444
45.1774,45.1774,137.0,129.67520100888643,117.81975317517386,-3.735201008886433
45.1969,45.1969,121.0,129.33114406943844,117.83371407923578,-19.39114406943844
45.2163,45.2163,127.0,129.00504649297275,117.84756184592837,-13.065046492972753
45.2358,45.2358,138.0,128.69243798054185,117.86129697899626,-1.7524379805418544
45.2552,45.2552,126.0,128.39586020286356,117.87492000629062,-13.45586020286356
45.2747,45.2747,132.0,128.11119597414557,117.88843148756824,-7.171195974145574
45.2942,45.2942,114.0,127.83941831060744,117.90183200411417,-24.899418310607444
45.3136,45.3136,133.0,127.58106036452406,117.9151221716013,-5.641060364524064
45.3331,45.3331,117.0,127.33265331862849,117.92830259520447,-21.39265331862849
45.3525,45.3525,125.0,127.09632705761743,117.94137391564986,-13.15632705761743
45.372,45.372,125.0,126.8688607070894,117.95433677116742,-12.928860707089397
45.3914,45.3914,120.0,126.65224072481139,117.96719181877323,-17.712240724811394
45.4109,45.4109,114.0,126.44358486153179,117.97993973423583,-23.50358486153179
45.4304,45.4304,110.0,126.24354229529652,117.9925811987824,-27.303542295296523
45.4498,45.4498,135.0,126.05277468776704,118.00511688293165,-2.1127746877670415
45.4693,45.4693,130.0,125.8687141429568,118.01754743569197,-6.928714142956805
45.4887,45.4887,129.0,125.69303839169139,118.0298735423932,-7.753038391691389
45.5082,45.5082,93.0,125.52340736132973,118.04209591898116,-43.58340736132973
45.5276,45.5276,121.0,125.3613555113792,118.05421530982467,-15.421355511379202
45.5471,45.5471,125.0,125.20476076106516,118.0662323918909,-11.26476076106516
45.5666,45.5666,95.0,125.05420143459844,118.07814785005132,-41.11420143459844
45.586,45.586,115.0,124.91022447549346,118.08996238763912,-20.970224475493467
45.6055,45.6055,124.0,124.77092531730071,118.10167664587203,-11.830925317300709
45.6249,45.6249,125.0,124.63759646197752,118.11329125765485,-10.697596461977524
45.6444,45.6444,106.0,124.50854232052458,118.12480687164422,-29.568542320524585
45.6638,45.6638,136.0,124.38493048691168,118.13622415483601,0.5550695130883145
45.6833,45.6833,110.0,124.26515452404908,118.14754374159266,-25.325154524049083
45.7028,45.7028,132.0,124.14974972516083,118.15876630212851,-3.2097497251608313
45.7222,45.7222,114.0,124.03911928128063,118.16989248473044,-21.099119281280636
45.7417,45.7417,121.0,123.93186086564566,118.18092297167743,-13.991860865645661
45.7611,45.7611,99.0,123.82897683650519,118.19185843402876,-35.88897683650519
45.7806,45.7806,129.0,123.72913036881708,118.20269955040881,-5.789130368817082
45.8,45.8,146.0,123.63333305740493,118.2134469477866,11.306666942595074
45.8195,45.8195,112.0,123.54031308233873,118.22410128116199,-22.60031308233873
45.839,45.839,114.0,123.45052851672911,118.23466321404432,-20.51052851672911
45.8584,45.8584,131.0,123.36429877997212,118.24513339319343,-3.4242987799721174
45.8779,45.8779,109.0,123.2805021939113,118.25551245397506,-25.340502193911306
45.8973,45.8973,119.0,123.20001226969194,118.26580106389521,-15.26001226969194
45.9168,45.9168,108.0,123.12175686368091,118.27599986554982,-26.181756863680917
45.9362,45.9362,118.0,123.04655871721494,118.28610950350802,-16.106558717214938
45.9557,45.9557,121.0,122.97342190467086,118.29613059468187,-13.033421904670858
45.9752,45.9752,130.0,122.90270363249036,118.30606375521438,-3.962703632490358
45.9946,45.9946,117.0,122.83469929000131,118.3159096085052,-16.894699290001313
46.0141,46.0141,106.0,122.76851023081434,118.32566880796516,-27.828510230814345
46.0335,46.0335,113.0,122.70485210624493,118.33534200346624,-20.76485210624493
46.053,46.053,128.0,122.64287647048484,118.3449298117064,-5.702876470484837
46.0724,46.0724,115.0,122.58323938276123,118.35443283502642,-18.643239382761237
46.0919,46.0919,132.0,122.52517491474804,118.36385170110435,-1.5851749147480358
46.1114,46.1114,128.0,122.46894211669363,118.37318702859352,-5.528942116693626
46.1308,46.1308,110.0,122.41482306053749,118.3824394698205,-23.47482306053749
46.1503,46.1503,122.0,122.36208989501077,118.39160970238063,-11.42208989501077
46.1697,46.1697,127.0,122.31131556730004,118.40069838130957,-6.371315567300043
46.1892,46.1892,117.0,122.26184238068286,118.40970617131806,-16.321842380682867
46.2086,46.2086,99.0,122.2141955886078,118.41863375984461,-34.274195588607796
46.2281,46.2281,100.0,122.16773646505834,118.42748183053627,-33.22773646505834
46.2476,46.2476,122.0,122.1227254609722,118.43625101477434,-11.182725460972206
46.267,46.267,101.0,122.07936855455776,118.44494189434212,-32.13936855455776
46.2865,46.2865,124.0,122.03709848693586,118.45355506057892,-9.097098486935861
46.3059,46.3059,114.0,121.99637340180169,118.46209105787052,-19.056373401801693
46.3254,46.3254,116.0,121.95664313547384,118.47055044542712,-17.016643135473842
46.3448,46.3448,130.0,121.91837581487759,118.47893377045253,-2.9783758148775927
46.3643,46.3643,124.0,121.88103764616571,118.48724157350475,-8.941037646165709
46.3838,46.3838,136.0,121.84485232107508,118.49547442478251,3.095147678924919
46.4032,46.4032,113.0,121.80997940737467,118.50363290921995,-19.86997940737467
46.4227,46.4227,120.0,121.77595996273692,118.51171764786693,-12.83595996273692
46.4421,46.4421,136.0,121.74318504713256,118.51972924696331,3.1968149528674434
46.4616,46.4616,116.0,121.71119775902316,118.52766831674688,-16.771197759023167
46.481,46.481,95.0,121.68038820067989,118.53553550358554,-37.74038820067989
46.5005,46.5005,124.0,121.65032236439376,118.54333144704756,-8.71032236439376
46.5199,46.5199,119.0,121.6213582169272,118.5510567233548,-13.681358216927206
46.5394,46.5394,138.0,121.59310206106825,118.55871192331622,5.346897938931749
46.5589,46.5589,113.0,121.5657022605888,118.56629763894749,-19.625702260588795
46.5783,46.5783,124.0,121.53931995865601,118.57381449579053,-8.59931995865601
46.5978,46.5978,117.0,121.51357616928061,118.58126310440855,-15.573576169280612
46.6172,46.6172,126.0,121.48878776152473,118.58864408987147,-6.548787761524734
46.6367,46.6367,108.0,121.46460969817255,118.59595807299623,-24.524609698172554
46.6561,46.6561,140.0,121.44133476618529,118.6032056942987,7.498665233814707
46.6756,46.6756,130.0,121.4186244356553,118.61038756577649,-2.4786244356553038
46.6951,46.6951,126.0,121.39662877109762,118.61750432767488,-6.456628771097625
46.7145,46.7145,103.0,121.37546630842024,118.62455664959423,-29.435466308420246
46.734,46.734,126.0,121.3548374992084,118.63154522075943,-6.414837499208401
46.7534,46.7534,99.0,121.33499654442561,118.63847068834183,-33.39499654442561
46.7729,46.7729,104.0,121.3156513116518,118.64533371910102,-28.375651311651808
46.7923,46.7923,109.0,121.2970634700424,118.65213492693915,-23.357063470042405
46.8118,46.8118,126.0,121.27894761683427,118.65887488634034,-6.3389476168342735
46.8313,46.8313,108.0,121.26143274043068,118.66555414581119,-24.32143274043068
46.8507,46.8507,129.0,121.24460720455754,118.67217327337592,-3.3046072045575396
46.8702,46.8702,109.0,121.22822953847827,118.67873280835336,-23.288229538478276
46.8896,46.8896,125.0,121.21251623661266,118.68523331700604,-7.272516236612658
46.9091,46.9091,121.0,121.19722304034771,118.69167533954736,-11.257223040347709
46.9285,46.9285,104.0,121.18256691431732,118.69805943303638,-28.242566914317322
46.948,46.948,117.0,121.16831550557038,118.70438616072943,-15.228315505570377
46.9675,46.9675,122.0,121.15456875505112,118.71065604632307,-10.214568755051117
46.9869,46.9869,110.0,121.14141448769098,118.71686960892974,-22.201414487690982
47.0064,47.0064,106.0,121.12863666763772,118.72302737648485,-26.188636667637724
47.0258,47.0258,121.0,121.11642823517059,118.72912985346392,-11.176428235170588
47.0453,47.0453,123.0,121.10458673600442,118.73517751009861,-9.164586736004422
47.0647,47.0647,117.0,121.09328503506931,118.74117082271746,-15.153285035069315
47.0842,47.0842,141.0,121.08234176936391,118.74711027907445,8.857658230636092
47.1037,47.1037,118.0,121.07183028359546,118.75299636224028,-14.13183028359546
47.1231,47.1231,130.0,121.06182981535295,118.75882958065937,-2.1218298153529513
47.1426,47.1426,108.0,121.05216646464548,118.76461044075126,-24.112166464645483
47.162,47.162,112.0,121.04298994342285,118.77033947796455,-20.102989943422855
47.1815,47.1815,116.0,121.03414628068933,118.77601719877572,-16.09414628068933
47.2009,47.2009,131.0,121.02576918307562,118.78164409144122,-1.0857691830756249
47.2204,47.2204,95.0,121.01770801394109,118.78722063674965,-37.07770801394109
47.2399,47.2399,130.0,121.01003465205034,118.79274734658725,-2.070034652050337
47.2593,47.2593,118.0,121.00280721467435,118.79822466881619,-14.062807214674349
47.2788,47.2788,140.0,120.99589094460387,118.80365308025263,7.944109055396128
47.2982,47.2982,102.0,120.98939792092449,118.80903305556642,-30.04939792092449
47.3177,47.3177,116.0,120.98320929543065,118.81436509831327,-16.043209295430657
47.3371,47.3371,108.0,120.97743577906454,118.81964966680715,-24.037435779064538
47.3566,47.3566,118.0,120.97195751920195,118.82488721179081,-14.031957519201951
47.3761,47.3761,117.0,120.96683349908163,118.83007815488675,-15.026833499081631
47.3955,47.3955,128.0,120.96209967906981,118.8352229154994,-4.022099679069809
47.415,47.415,132.0,120.95765829795614,118.8403219081109,-0.017658297956144153
47.4344,47.4344,123.0,120.95360213218058,118.84537557134058,-9.013602132180578
47.4539,47.4539,135.0,120.94983058647705,118.85038437668366,2.990169413522951
47.4733,47.4733,125.0,120.94643464239995,118.85534880676722,-7.006434642399951
47.4928,47.4928,130.0,120.94332378467406,118.86026938048272,-2.0033237846740644
47.5123,47.5123,122.0,120.94053823372228,118.86514663312106,-10.00053823372228
47.5317,47.5317,114.0,120.93811348725578,118.86998112877713,-17.99811348725578
47.5512,47.5512,103.0,120.93597091314943,118.8747734399557,-28.995970913149435
47.5706,47.5706,105.0,120.93418172300564,118.87952412605736,-26.99418172300564
47.5901,47.5901,89.0,120.93267600927985,118.88423370375544,-42.99267600927985
47.6095,47.6095,101.0,120.93151375303037,118.88890265236658,-30.991513753030375
47.629,47.629,87.0,120.930639341813,118.89353137077289,-44.99063934181301
47.6485,47.6485,114.0,120.93007234771687,118.89812020970815,-17.990072347716875
47.6679,47.6679,82.0,120.92984425568068,118.90266943406365,-49.98984425568068
47.6874,47.6874,115.0,120.92990052929756,118.90717929555073,-16.989900529297557
47.7068,47.7068,109.0,120.9302876908164,118.91164994655593,-22.990287690816402
47.7263,47.7263,103.0,120.93096477118375,118.91608152895319,-28.990964771183755
47.7457,47.7457,114.0,120.93196240943546,118.9204741579404,-17.99196240943546
47.7652,47.7652,115.0,120.93325086267464,118.92482790587717,-16.993250862674643
47.7847,47.7847,118.0,120.93484793984852,118.92914283188287,-13.994847939848524
47.8041,47.8041,125.0,120.93676436219125,118.93341898451682,-6.996764362191255
47.8236,47.8236,111.0,120.93897848915239,118.93765640983976,-20.998978489152393
47.843,47.843,101.0,120.94150422993005,118.94185517010698,-31.00150422993005
47.8625,47.8625,129.0,120.94433045247983,118.9460153062114,-3.0043304524798327
47.8819,47.8819,126.0,120.94747201125382,118.95013681075488,-6.007472011253823
47.9014,47.9014,118.0,120.95091671888039,118.95421970263578,-14.010916718880393
47.9209,47.9209,119.0,120.95467678325039,118.95826401951581,-13.014676783250392
47.9403,47.9403,144.0,120.95874446934532,118.96226979649067,11.98125553065468
47.9598,47.9598,109.0,120.96312678162107,118.9662370687682,-23.023126781621073
47.9792,47.9792,126.0,120.96782201826991,118.970165887328,-6.027822018269914
47.9987,47.9987,137.0,120.97283914711394,118.97405627632664,4.967160852886055
48.0181,48.0181,136.0,120.97816852274941,118.97790827863209,3.961831477250586
48.0376,48.0376,113.0,120.98382901908865,118.9817219728178,-19.043829019088648
48.0571,48.0571,129.0,120.98981366098981,118.98549747377614,-3.0498136609898108
48.0765,48.0765,118.0,120.9961174782273,118.98923488030248,-14.056117478227305
48.096,48.096,129.0,121.0027605039951,118.99293431739426,-3.062760503995106
48.1154,48.1154,103.0,121.0097242571892,118.99659590738878,-29.069724257189208
48.1349,48.1349,112.0,121.01704437059233,119.00021979880786,-20.077044370592333
48.1543,48.1543,116.0,121.02468613708503,119.00380609711847,-16.08468613708503
48.1738,48.1738,117.0,121.03269883673089,119.0073548889488,-15.092698836730888
48.1933,48.1933,103.0,121.04105847888113,119.01086625284593,-29.10105847888113
48.2127,48.2127,115.0,121.04975068325002,119.0143402619576,-17.109750683250027
48.2322,48.2322,111.0,121.05883190469952,119.01777694633793,-21.11883190469952
48.2516,48.2516,114.0,121.06824822494852,119.02117632523995,-18.12824822494852
48.2711,48.2711,110.0,121.07807088075991,119.0245383963385,-22.138070880759912
48.2905,48.2905,127.0,121.08823382238516,119.02786314379722,-5.148233822385164
48.31,48.31,142.0,121.0988132385056,119.03115052749152,9.8411867614944
48.3295,48.3295,121.0,121.10978872357154,119.03440052843541,-11.169788723571541
48.3489,48.3489,108.0,121.12111937291489,119.03761315050049,-24.181119372914893
48.3684,48.3684,99.0,121.13289993058602,119.04078840283702,-33.19289993058602
48.3878,48.3878,124.0,121.14504169530692,119.04392626488823,-8.205041695306916
48.4073,48.4073,120.0,121.15765108466275,119.04702666215698,-12.217651084662746
48.4267,48.4267,106.0,121.17063928500859,119.05008953340838,-26.230639285008593
48.4462,48.4462,119.0,121.18411752267417,119.05311481996827,-13.244117522674172
48.4657,48.4657,103.0,121.1980454713979,119.05610242803841,-29.258045471397907
48.4851,48.4851,111.0,121.21236625106332,119.05905226367767,-21.272366251063318
48.5046,48.5046,133.0,121.22721082210607,119.06196418972954,0.7127891778939262
48.524,48.524,94.0,121.24247484839972,119.06483804734846,-38.302474848399726
48.5435,48.5435,113.0,121.25828163070352,119.06767371182778,-19.318281630703524
48.5629,48.5629,127.0,121.27452069339543,119.07047099099792,-5.334520693395431
48.5824,48.5824,104.0,121.29134101187037,119.07322967636088,-28.351341011870375
48.6019,48.6019,114.0,121.30868329098963,119.07594958044851,-18.368683290989637
48.6213,48.6213,106.0,121.32648705497499,119.07863047522295,-26.386487054974992
48.6408,48.6408,150.0,121.34491038878954,119.08127211898771,17.595089611210454
48.6602,48.6602,122.0,121.36381575336482,119.08387423484527,-10.423815753364819
48.6797,48.6797,103.0,121.38338519341329,119.08643654969846,-29.44338519341329
48.6991,48.6991,123.0,121.40345473358578,119.08895879827497,-9.463454733585776
48.7186,48.7186,119.0,121.4242275163519,119.09144067200555,-13.484227516351906
48.7381,48.7381,121.0,121.44561974054174,119.09388187280362,-11.505619740541745
48.7575,48.7575,141.0,121.46755810971584,119.09628210233696,8.472441890284161
48.777,48.777,130.0,121.49026128076396,119.09864106739214,-2.5502612807639604
48.7964,48.7964,134.0,121.5135341811916,119.10095850133159,1.4264658188083974
48.8159,48.8159,127.0,121.53762032323489,119.10323416578615,-5.5976203232348904
48.8353,48.8353,135.0,121.56230677533962,119.10546785775323,2.377693224660378
48.8548,48.8548,102.0,121.58785020930551,119.10765939517626,-30.647850209305517
48.8743,48.8743,119.0,121.61416875674362,119.10980863215443,-13.674168756743624
48.8937,48.8937,109.0,121.64114637653879,119.11191537674141,-23.701146376538787
48.9132,48.9132,107.0,121.66907207631102,119.11397943669564,-25.729072076311027
48.9326,48.9326,121.0,121.69769881737213,119.11600059256038,-11.757698817372129
48.9521,48.9521,111.0,121.72732824507422,119.1179785922746,-21.78732824507422
48.9715,48.9715,91.0,121.75772162827116,119.11991318883696,-41.81772162827116
48.991,48.991,117.0,121.78917660609143,119.12180411339823,-15.849176606091431
49.0105,49.0105,110.0,121.82160304262882,119.1236510214234,-22.881603042628825
49.0299,49.0299,121.0,121.85485548773559,119.12545356267022,-11.914855487735592
49.0494,49.0494,126.0,121.88929325375204,119.12721136234136,-6.949293253752044
49.0688,49.0688,111.0,121.92463500396687,119.12892405067396,-21.984635003966872
49.0883,49.0883,123.0,121.96123609971251,119.13059127620842,-10.021236099712509
49.1077,49.1077,109.0,121.9987981606941,119.13221266560791,-24.058798160694096
49.1272,49.1272,137.0,122.03773271023528,119.13378785590731,3.9022672897647244
49.1467,49.1467,110.0,122.07788781744834,119.13531645687166,-23.137887817448345
49.1661,49.1661,115.0,122.11912547815898,119.13679811412128,-18.17912547815898
49.1856,49.1856,108.0,122.16187290058652,119.13823244869026,-25.22187290058652
49.205,49.205,116.0,122.20577746617221,119.13961907048203,-17.26577746617221
49.2245,49.2245,104.0,122.25133178287392,119.1409575594221,-29.31133178287392
49.2439,49.2439,124.0,122.298126032149,119.14224748698943,-9.358126032149
49.2634,49.2634,128.0,122.34670145487135,119.14348838391099,-5.406701454871351
49.2829,49.2829,122.0,122.39686841143677,119.14467979391519,-11.456868411436771
49.3023,49.3023,135.0,122.4484483420331,119.14582128410247,1.4915516579668964
49.3218,49.3218,110.0,122.50203024912169,119.14691242923539,-23.56203024912169
49.3412,49.3412,125.0,122.55713439558609,119.14795284021156,-8.61713439558609
49.3607,49.3607,131.0,122.61440860035987,119.14894210331097,-2.6744086003598664
49.3801,49.3801,126.0,122.67334055433047,119.14987982044376,-7.733340554330466
49.3996,49.3996,124.0,122.73461314367255,119.15076562386379,-9.794613143672548
49.419,49.419,114.0,122.79772711561087,119.15159916406911,-19.85772711561087
49.4385,49.4385,124.0,122.86337071493614,119.15238010453663,-9.923370714936139
49.458,49.458,116.0,122.931372618204,119.15310809488093,-17.991372618203997
49.4774,49.4774,146.0,123.00144545102653,119.15378279769126,11.938554548973473
49.4969,49.4969,125.0,123.07441959534458,119.15440386707408,-9.13441959534458
49.5163,49.5163,101.0,123.14970731677911,119.15497096778182,-33.20970731677912
49.5358,49.5358,128.0,123.22814575947292,119.15548378018015,-6.288145759472924
49.5552,49.5552,118.0,123.30910754342136,119.15594193577019,-16.369107543421364
49.5747,49.5747,137.0,123.39356523271917,119.15634508939515,2.5464347672808305
49.5942,49.5942,120.0,123.48122801862476,119.15669289278956,-14.541228018624762
49.6136,49.6136,113.0,123.57183820641256,119.15698503356283,-21.631838206412567
49.6331,49.6331,104.0,123.6664249051063,119.15722120159036,-30.7264249051063
49.6525,49.6525,117.0,123.76424662643419,119.15740107017886,-17.82424662643419
49.672,49.672,111.0,123.86650178120952,119.15752427183934,-23.926501781209524
49.6914,49.6914,134.0,123.97231939275075,119.15759043327967,-1.0323193927507486
49.7109,49.7109,130.0,124.08303399389993,119.15759915925352,-5.143033993899932
49.7304,49.7304,117.0,124.19829832005831,119.15755008982065,-18.258298320058316
49.7498,49.7498,107.0,124.31777427812304,119.1574428931751,-28.37777427812304
49.7693,49.7693,107.0,124.44296017943557,119.15727723170735,-28.502960179435576
49.7887,49.7887,127.0,124.57281762090396,119.1570527350866,-8.632817620903962
49.8082,49.8082,138.0,124.70902178578594,119.1567690002611,2.2309782142140637
49.8276,49.8276,138.0,124.85045761253305,119.15642564498744,2.0895423874669508
49.8471,49.8471,115.0,124.99893041228819,119.15602232166009,-21.05893041228819
49.8666,49.8666,135.0,125.15415362583548,119.15555871731067,-1.2141536258354773
49.886,49.886,148.0,125.31561284603225,119.15503450778853,11.624387153967747
49.9055,49.9055,141.0,125.48544873306916,119.15444940507268,4.454551266930837
49.9249,49.9249,112.0,125.6623209929314,119.15380312768403,-24.7223209929314
49.9444,49.9444,135.0,125.84855553146876,119.15309542091637,-1.9085555314687621
49.9638,49.9638,134.0,126.04285748045363,119.15232601081121,-3.1028574804536344
49.9833,49.9833,148.0,126.24766300821418,119.15149465954083,10.692336991785824
50.0028,50.0028,130.0,126.46274064804823,119.15060116458913,-7.5227406480482255
50.0222,50.0222,144.0,126.68748841947331,119.14964532997591,6.252511580526688
50.0417,50.0417,118.0,126.92495632073096,119.14862698787114,-19.98495632073096
50.0611,50.0611,132.0,127.17359711646884,119.14754598681942,-6.233597116468841
50.0806,50.0806,142.0,127.43664887715342,119.1464021722764,3.503351122846583
50.1,50.1,111.0,127.71244434898261,119.14519542202073,-27.772444348982617
50.1195,50.1195,119.0,128.0048497375791,119.14392563709818,-20.064849737579095
50.139,50.139,142.0,128.31353844956178,119.14259269663336,2.626461550438224
50.1584,50.1584,137.0,128.63793471533668,119.14119647936383,-2.697934715336684
50.1779,50.1779,143.0,128.9826919599122,119.13973688728049,2.9573080400878116
50.1973,50.1973,154.0,129.34575623449723,119.13821385823564,13.59424376550277
50.2168,50.2168,108.0,129.7324503794829,119.13662734979528,-32.792450379482915
50.2362,50.2362,128.0,130.14038341521754,119.13497732080312,-13.200383415217543
50.2557,50.2557,142.0,130.57575762766314,119.13326370012922,0.36424237233686263
50.2752,50.2752,140.0,131.0384173507216,119.13148644003684,-2.0984173507216024
50.2946,50.2946,146.0,131.52819149745133,119.1296455160094,3.411808502548668
50.3141,50.3141,132.0,132.05266694398998,119.1277409334213,-11.112666943989977
50.3335,50.3335,133.0,132.60905334921762,119.1257727082328,-10.669053349217618
50.353,50.353,136.0,133.20631186132573,119.12374088876349,-8.26631186132573
50.3724,50.3724,144.0,133.84151409752778,119.12164555737651,-0.9015140975277784
50.3919,50.3919,151.0,134.52498737929992,119.11948683278175,5.415012620700084
50.4114,50.4114,134.0,135.2580338416701,119.11726484997244,-12.318033841670113
50.4308,50.4308,165.0,136.0408843755656,119.11497974687052,17.899115624434387
50.4503,50.4503,155.0,136.88705499400592,119.11263169674679,7.0529450059940775
50.4697,50.4697,149.0,137.79341248028004,119.11022087292473,0.14658751971995976
50.4892,50.4892,157.0,138.77583128138036,119.10774744968347,7.164168718619637
50.5086,50.5086,153.0,139.8319692908134,119.10521160629621,2.1080307091866093
50.5281,50.5281,152.0,140.98012587848999,119.10261352257473,-0.04012587848998628
50.5476,50.5476,140.0,142.22496543970908,119.09995338000765,-13.284965439709081
50.567,50.567,165.0,143.569111262239,119.09723136229739,10.370888737760994
50.5865,50.5865,146.0,145.03832552017258,119.09444768294208,-10.098325520172578
50.6059,50.6059,148.0,146.62993122454634,119.09160255549226,-9.68993122454634
50.6254,50.6254,197.0,148.37475603114132,119.08869620399778,37.56524396885868
50.6448,50.6448,179.0,150.27128381570014,119.0857288589448,17.668716184299853
50.6643,50.6643,156.0,152.35713128629035,119.0827007508196,-7.4171312862903545
50.6838,50.6838,187.0,154.6426803916463,119.07961211010911,21.29731960835369
50.7032,50.7032,187.0,157.136236250482,119.07646316801257,18.803763749517998
50.7227,50.7227,189.0,159.88761464550095,119.07325415572923,18.05238535449905
50.7421,50.7421,193.0,162.89534432873938,119.06998530445841,19.044655671260614
50.7616,50.7616,175.0,166.2188743489257,119.06665684539944,-2.2788743489257097
50.781,50.781,193.0,169.85291765060825,119.06326900975166,12.087082349391752
50.8005,50.8005,201.0,173.86682148485178,119.05982202871711,16.073178515148214
50.82,50.82,190.0,178.27200027611468,119.05631613349784,0.6679997238853179
50.8394,50.8394,228.0,183.07315684316393,119.05275155529604,33.86684315683607
50.8589,50.8589,215.0,188.34467089198594,119.0491285253138,15.595329108014058
50.8783,50.8783,237.0,194.04764249914845,119.04544727475324,31.892357500851546
50.8978,50.8978,227.0,200.24637626805279,119.04170803481641,15.693623731947214
50.9172,50.9172,228.0,206.8607773459663,119.03791103670538,10.079222654033687
50.9367,50.9367,230.0,213.91756565573127,119.03405651162215,5.022434344268733
50.9562,50.9562,229.0,221.3100843794966,119.03014469076874,-3.3700843794966016
50.9756,50.9756,251.0,228.87712380244238,119.02617580534722,11.062876197557616
50.9951,50.9951,264.0,236.532385866713,119.02215008655963,16.407614133286984
51.0145,51.0145,262.0,243.98260674868175,119.01806776560791,6.957393251318253
51.034,51.034,286.0,251.05256275884048,119.01392907369399,23.887437241159517
51.0534,51.0534,245.0,257.39382902755557,119.00973424201987,-23.45382902755557
51.0729,51.0729,270.0,262.8013820887934,119.00548350178742,-3.8613820887933894
51.0924,51.0924,264.0,267.00702717081356,119.00117708419863,-14.067027170813558
51.1118,51.1118,278.0,269.8283775156158,118.99681522045543,-2.888377515615785
51.1313,51.1313,278.0,271.2081762272892,118.99239814175985,-4.268176227289187
51.1507,51.1507,236.0,271.1276974030026,118.98792607931382,-46.18769740300263
51.1702,51.1702,224.0,269.65171350609114,118.98339926431937,-56.711713506091144
51.1896,51.1896,237.0,266.90696481709347,118.97881792797838,-40.96696481709347
51.2091,51.2091,217.0,263.00548537936345,118.9741823014927,-57.06548537936345
51.2286,51.2286,208.0,258.1148853888859,118.96949261606423,-61.17488538888591
51.248,51.248,231.0,252.43350220677436,118.96474910289484,-32.493502206774366
51.2675,51.2675,216.0,246.07764734634134,118.95995199318645,-41.13764734634134
51.2869,51.2869,206.0,239.29130805844258,118.95510151814098,-44.351308058442584
51.3064,51.3064,224.0,232.1874774975156,118.95019790896025,-19.247477497515604
51.3258,51.3258,188.0,225.01510580561722,118.94524139684617,-48.07510580561723
51.3453,51.3453,196.0,217.8562730321717,118.94023221300074,-32.916273032171716
51.3648,51.3648,164.0,210.88313188035295,118.93517058862584,-57.94313188035295
51.3842,51.3842,178.0,204.228800679662,118.93005675492329,-37.28880067966199
51.4037,51.4037,183.0,197.89627137818758,118.92489094316187,-25.95627137818758
51.4231,51.4231,165.0,191.99554041558383,118.91967338461153,-38.055540415583835
51.4426,51.4426,148.0,186.48496494879896,118.91440431054247,-49.54496494879896
51.462,51.462,164.0,181.4251546683788,118.90908395227467,-28.48515466837881
51.4815,51.4815,165.0,176.75244113227592,118.90371254727789,-22.81244113227592
51.501,51.501,156.0,172.4766846592598,118.89829033308837,-27.536684659259805
51.5204,51.5204,152.0,168.5909998975323,118.89281754729195,-27.6509998975323
51.5399,51.5399,152.0,165.028527698909,118.88729442814997,-24.08852769890899
51.5593,51.5593,155.0,161.79902146779355,118.88172121601143,-17.859021467793553
51.5788,51.5788,146.0,158.84087214319555,118.87609815330995,-23.900872143195556
51.5982,51.5982,166.0,156.15892719773566,118.87042548337351,-1.218927197735665
51.6177,51.6177,138.0,153.70069465670528,118.86470345950303,-26.760694656705283
51.6372,51.6372,130.0,151.4567048574675,118.858932335036,-32.516704857467516
51.6566,51.6566,130.0,149.41676575994057,118.85311239743423,-30.476765759940577
51.6761,51.6761,139.0,147.54026449515632,118.8472439629662,-19.600264495156324
51.6955,51.6955,139.0,145.82972935982696,118.8413273767198,-17.88972935982696
51.715,51.715,135.0,144.2519688243404,118.83536301565402,-20.311968824340397
51.7344,51.7344,124.0,142.80888108541185,118.82935128858374,-29.868881085411857
51.7539,51.7539,136.0,141.47319083782506,118.82329264059103,-16.53319083782506
51.7734,51.7734,121.0,140.24160513107256,118.81718753058887,-30.301605131072563
51.7928,51.7928,143.0,139.10982246972932,118.81103645375936,-7.169822469729324
51.8123,51.8123,136.0,138.05728233195072,118.80483991114546,-13.117282331950717
51.8317,51.8317,139.0,137.08657001521507,118.79859842236115,-9.146570015215074
51.8512,51.8512,146.0,136.1806544593527,118.79231254328266,-1.2406544593526956
51.8706,51.8706,141.0,135.34268645680743,118.78598286153074,-5.402686456807428
51.8901,51.8901,126.0,134.55819247646505,118.77960997450268,-19.618192476465055
51.9096,51.9096,128.0,133.82679588930105,118.77319450509813,-16.886795889301055
51.929,51.929,117.0,133.14682333985098,118.76673709542207,-27.206823339850985
51.9485,51.9485,125.0,132.50774742849674,118.76023841186951,-18.567747428496745
51.9679,51.9679,141.0,131.91207058759323,118.75369911608342,-1.972070587593235
51.9874,51.9874,144.0,131.35041243060024,118.74711988635578,1.5895875693997557
52.0068,52.0068,131.0,130.82564042862424,118.74050142636818,-10.88564042862424
52.0263,52.0263,154.0,130.32957683201423,118.73384445489036,12.610423167985774
52.0458,52.0458,125.0,129.86270232604906,118.7271497218714,-15.92270232604906
52.0652,52.0652,117.0,129.42477284463672,118.72041797839908,-23.484772844636723
52.0847,52.0847,134.0,129.0093394100415,118.7136499922969,-6.069339410041492
52.1041,52.1041,133.0,128.61888195342692,118.70684652676104,-6.678881953426922
52.1236,52.1236,145.0,128.2476771908779,118.7000083807217,5.692322809122091
52.143,52.143,129.0,127.8980463988357,118.69313638774562,-9.958046398835704
52.1625,52.1625,103.0,127.56505681283762,118.68623139344639,-35.62505681283763
52.1819,52.1819,130.0,127.25071278711738,118.67929427033174,-8.31071278711738
52.2014,52.2014,113.0,126.95068412105225,118.67232584868968,-25.01068412105225
52.2209,52.2209,108.0,126.66556556632426,118.66532698801186,-29.725565566324264
52.2403,52.2403,121.0,126.39572567092877,118.65829853252576,-16.45572567092877
52.2598,52.2598,126.0,126.13754248539605,118.65124129775397,-11.197542485396054
52.2792,52.2792,129.0,125.89270613384497,118.6441561055056,-7.952706133844968
52.2987,52.2987,134.0,125.65800245918949,118.63704379712705,-2.7180024591894902
52.3181,52.3181,132.0,125.43511725295033,118.62990524097364,-4.495117252950335
52.3376,52.3376,131.0,125.22111691159866,118.62274134119816,-5.281116911598657
52.3571,52.3571,134.0,125.01660869953491,118.61555303518921,-2.076608699534914
52.3765,52.3765,114.0,124.82185277322378,118.6083412917482,-21.881852773223784
52.396,52.396,126.0,124.63453349992123,118.6011071154912,-9.694533499921233
52.4154,52.4154,102.0,124.45592843518732,118.59385149863418,-33.51592843518732
52.4349,52.4349,102.0,124.2838228452768,118.58657545305974,-33.343822845276804
52.4543,52.4543,113.0,124.11953429636722,118.57927994598784,-22.179534296367223
52.4738,52.4738,90.0,123.9610161745161,118.57196589999548,-45.021016174516106
52.4933,52.4933,122.0,123.80878524927684,118.56463422264594,-12.868785249276838
52.5127,52.5127,124.0,123.66314600244863,118.55728574460008,-10.723146002448628
52.5322,52.5322,126.0,123.52235916975535,118.54992130573189,-8.582359169755348
52.5516,52.5516,111.0,123.38753334430798,118.54254176046567,-23.447533344307985
52.5711,52.5711,119.0,123.25704616524831,118.53514798302439,-15.317046165248312
52.5905,52.5905,128.0,123.13193524128427,118.52774082733245,-6.191935241284268
52.61,52.61,120.0,123.01074257400519,118.52032114856355,-14.070742574005193
52.6295,52.6295,117.0,122.89381764062902,118.51288982678336,-16.953817640629026
52.6489,52.6489,133.0,122.78151997204358,118.50544774603237,-0.8415199720435833
52.6684,52.6684,113.0,122.67254203666432,118.49799578628212,-20.732542036664327
52.6878,52.6878,120.0,122.5677638084539,118.49053486239933,-13.627763808453905
52.7073,52.7073,97.0,122.46600478577608,118.48306587445586,-36.52600478577608
52.7267,52.7267,117.0,122.36804376596011,118.47558972657838,-16.428043765960112
52.7462,52.7462,104.0,122.27279291946333,118.46810726507123,-29.33279291946333
52.7657,52.7657,123.0,122.1805912520955,118.46061933227021,-10.240591252095497
52.7851,52.7851,127.0,122.09172112609015,118.45312673157021,-6.15172112609015
52.8046,52.8046,98.0,122.00521148464557,118.44563027852173,-35.06521148464557
52.824,52.824,125.0,121.92171261514422,118.43813081127065,-7.981712615144216
52.8435,52.8435,140.0,121.84038030845878,118.43062911293279,7.099619691541223
52.8629,52.8629,130.0,121.76182609351608,118.42312598411618,-2.821826093516078
52.8824,52.8824,101.0,121.68521241129359,118.41562225310102,-31.745212411293593
52.9019,52.9019,116.0,121.6108393918465,118.40811877792713,-16.6708393918465
52.9213,52.9213,121.0,121.53889869320007,118.40061636975997,-11.598898693200068
52.9408,52.9408,111.0,121.46868480317131,118.3931158332873,-21.528684803171316
52.9602,52.9602,104.0,121.40072705705833,118.38561798017389,-28.460727057058335
52.9797,52.9797,108.0,121.33432260964244,118.37812360218794,-24.394322609642444
52.9991,52.9991,116.0,121.27001575560963,118.37063345237885,-16.330015755609637
53.0186,53.0186,105.0,121.20713435098772,118.36314825586419,-27.267134350987718
53.0381,53.0381,112.0,121.1459281712911,118.35566873138445,-20.205928171291106
53.0575,53.0575,131.0,121.0865754760987,118.3481955617135,-1.1465754760987021
53.077,53.077,115.0,121.02847966477124,118.34072941252154,-17.088479664771242
53.0964,53.0964,120.0,120.9721155129287,118.33327098142254,-12.032115512928696
53.1159,53.1159,111.0,120.91691036933537,118.32582095704252,-20.97691036933537
53.1353,53.1353,123.0,120.86331291652229,118.31838003248437,-8.92331291652229
53.1548,53.1548,113.0,120.81079701937954,118.31094888113567,-18.870797019379538
53.1743,53.1743,110.0,120.75953863942284,118.30352818891777,-21.819538639422845
53.1937,53.1937,111.0,120.70972431788707,118.29611862746066,-20.769724317887068
53.2132,53.2132,105.0,120.6608623576295,118.28872084604716,-26.7208623576295
53.2326,53.2326,140.0,120.61334668809457,118.28133547432465,8.326653311905433
53.2521,53.2521,120.0,120.56672348672217,118.27396310617424,-11.626723486722168
53.2715,53.2715,110.0,120.52133866435283,118.26660436265091,-21.581338664352828
53.291,53.291,118.0,120.47679213606776,118.25925986944554,-13.536792136067758
53.3105,53.3105,106.0,120.4332244794992,118.25193023000114,-25.493224479499204
53.3299,53.3299,120.0,120.39079476050097,118.24461604706364,-11.450794760500967
53.3494,53.3494,123.0,120.34910844479145,118.2373178904033,-8.409108444791455
53.3688,53.3688,99.0,120.30847249925883,118.23003633450493,-32.36847249925883
53.3883,53.3883,112.0,120.2685376600598,118.22277196660237,-19.32853766005981
53.4077,53.4077,112.0,120.22959599442437,118.21552532217135,-19.289595994424374
53.4272,53.4272,112.0,120.19129359391748,118.2082969199418,-19.25129359391748
53.4467,53.4467,111.0,120.15378183496306,118.20108726191715,-20.213781834963058
53.4661,53.4661,117.0,120.1171674467433,118.19389683339375,-14.177167446743296
53.4856,53.4856,107.0,120.08114528606207,118.18672610028844,-24.14114528606207
53.505,53.505,123.0,120.04597468165139,118.17957552530734,-8.105974681651388
53.5245,53.5245,127.0,120.01134505348183,118.17244554104812,-4.071345053481833
53.5439,53.5439,120.0,119.97752491851358,118.16533659301057,-11.037524918513581
53.5634,53.5634,115.0,119.94421209457133,118.15824914999328,-16.00421209457133
53.5829,53.5829,129.0,119.9115361130289,118.15118368572216,-1.9715361130289022
53.6023,53.6023,115.0,119.87959626881036,118.14414066542656,-15.93959626881036
53.6218,53.6218,102.0,119.8481179936813,118.13712058248295,-28.9081179936813
53.6412,53.6412,121.0,119.81734199343013,118.13012392180923,-9.877341993430134
53.6607,53.6607,135.0,119.78700012369725,118.1231511248901,4.152999876302745
53.6801,53.6801,135.0,119.75732296697677,118.11620264091127,4.182677033023227
53.6996,53.6996,110.0,119.72806046941868,118.1092789553911,-20.78806046941868
53.7191,53.7191,111.0,119.69930850024974,118.10238059017958,-19.759308500249745
53.7385,53.7385,117.0,119.67117009215633,118.09550804530237,-13.731170092156331
53.758,53.758,115.0,119.64340699814343,118.08866180167131,-15.703406998143434
53.7774,53.7774,128.0,119.61622605134696,118.08184233725213,-2.6762260513469567
53.7969,53.7969,115.0,119.5894048264025,118.0750501217012,-15.6494048264025
53.8163,53.8163,112.0,119.5631276277988,118.06828565064536,-18.62312762779881
53.8358,53.8358,119.0,119.5371956354632,118.06154941143885,-11.597195635463207
53.8553,53.8553,105.0,119.51168772147592,118.05484187510584,-25.571687721475925
53.8747,53.8747,114.0,119.48669410880592,118.04816351519226,-16.546694108805923
53.8942,53.8942,97.0,119.4620148842436,118.04151477010724,-33.5220148842436
53.9136,53.9136,121.0,119.43781663944513,118.0348960673678,-9.497816639445132
53.9331,53.9331,122.0,119.41392126482016,118.02830777785705,-8.473921264820161
53.9525,53.9525,96.0,119.39048885363798,118.02175028041417,-34.45048885363798
53.972,53.972,98.0,119.36733620250682,118.0152239645227,-32.42733620250682
53.9915,53.9915,129.0,119.34454489813928,118.00872916039397,-1.4045448981392763
54.0109,54.0109,105.0,119.32218924056245,118.00226614436765,-25.382189240562454
54.0304,54.0304,118.0,119.30009689402715,117.9958352212526,-12.36009689402715
54.0498,54.0498,127.0,119.2784172343793,117.98943666086242,-3.338417234379305
54.0693,54.0693,103.0,119.25698492787207,117.9830707330219,-27.31698492787207
54.0887,54.0887,112.0,119.23595118971286,117.97673773131018,-18.295951189712866
54.1082,54.1082,129.0,119.21515316230104,117.9704379089793,-1.2751531623010361
54.1277,54.1277,125.0,119.19466616810608,117.96417150319778,-5.254666168106082
54.1471,54.1471,132.0,119.17454902932047,117.95793877968927,1.7654509706795256
54.1666,54.1666,108.0,119.15465191454552,117.951740022904,-22.214651914545527
54.186,54.186,99.0,119.13511291530793,117.94557555157562,-31.19511291530793
54.2055,54.2055,130.0,119.11578468641557,117.93944565765361,-0.17578468641556633
54.2249,54.2249,98.0,119.09679998525577,117.933350582095,-32.15679998525577
54.2444,54.2444,125.0,119.07802005252532,117.92729059663046,-5.138020052525318
54.2639,54.2639,119.0,119.05950200125987,117.9212659193395,-11.119502001259873
54.2833,54.2833,123.0,119.04130750006046,117.91527678712396,-7.1013075000604555
54.3028,54.3028,108.0,119.02330219663806,117.90932343978412,-22.08330219663806
54.3222,54.3222,107.0,119.00560817683734,117.9034061307233,-23.065608176837344
54.3417,54.3417,114.0,118.98809877026642,117.89752508667496,-16.04809877026642
54.3611,54.3611,123.0,118.97088313228646,117.8916805050269,-7.03088313228646
54.3806,54.3806,130.0,118.95384764761215,117.88587257268028,-0.013847647612150737
54.4001,54.4001,118.0,118.93704024282805,117.88010149020185,-11.997040242828048
54.4195,54.4195,103.0,118.92051580303844,117.87436748904116,-26.980515803038443
54.439,54.439,112.0,118.90415627249146,117.86867080097025,-17.964156272491465
54.4584,54.4584,108.0,118.88806969722309,117.86301161772684,-21.94806969722309
54.4779,54.4779,131.0,118.87214428850699,117.85739011525607,1.0678557114930118
54.4973,54.4973,111.0,118.85647982394444,117.85180644295797,-18.916479823944442
54.5168,54.5168,115.0,118.84096838893778,117.84626078307272,-14.900968388937782
54.5363,54.5363,101.0,118.82566029027481,117.84075329940117,-28.885660290274814
54.5557,54.5557,103.0,118.81060173657157,117.8352841480872,-26.870601736571572
54.5752,54.5752,120.0,118.79569073050789,117.82985343994757,-9.855690730507886
54.5946,54.5946,116.0,118.78101878207313,117.82446124586995,-13.841018782073133
54.6141,54.6141,111.0,118.76648689682621,117.81910764256885,-18.82648689682621
54.6335,54.6335,105.0,118.75218822497914,117.81379270185172,-24.81218822497914
54.653,54.653,110.0,118.73802509185872,117.80851647717473,-19.79802509185872
54.6725,54.6725,131.0,118.72404367507711,117.80327898750599,1.215956324922887
54.6919,54.6919,122.0,118.71028214414477,117.7980802307989,-7.770282144144771
54.7114,54.7114,120.0,118.69664901846077,117.79292023794142,-9.756649018460775
54.7308,54.7308,116.0,118.68323074436199,117.7877990510793,-13.743230744361993
54.7503,54.7503,117.0,118.66993658973824,117.78271671828422,-12.729936589738243
54.7697,54.7697,109.0,118.65685059003137,117.77767328281921,-20.71685059003137
54.7892,54.7892,93.0,118.6438868359373,117.77266878584248,-36.7038868359373
54.8087,54.8087,108.0,118.63108175865061,117.76770324488876,-21.69108175865061
54.8281,54.8281,110.0,118.61847507195384,117.76277661081625,-19.67847507195384
54.8476,54.8476,130.0,118.60598314549127,117.75788880819452,0.3340168545087341
54.867,54.867,110.0,118.59368316672983,117.75303974070177,-19.653683166729834
54.8865,54.8865,105.0,118.58149443081224,117.74822934315705,-24.641494430812244
54.9059,54.9059,110.0,118.56949182948632,117.74345752951406,-19.629491829486327
54.9254,54.9254,128.0,118.55759849650724,117.73872417941499,-1.6175984965072399
54.9448,54.9448,127.0,118.54588396680326,117.73402915166245,-2.60588396680326
54.9643,54.9643,130.0,118.53427381419925,117.72937233184415,0.4057261858007468
54.9838,54.9838,120.0,118.5228029340082,117.72475362993318,-9.582802934008198
55.0032,55.0032,108.0,118.5115045648892,117.72017298710058,-21.571504564889196
55.0227,55.0227,94.0,118.5003075199377,117.71563035062597,-35.56030751993771
55.0421,55.0421,118.0,118.4892763455404,117.7111256416283,-11.549276345540404
55.0616,55.0616,113.0,118.47834194957339,117.70665871739509,-16.538341949573393
55.081,55.081,130.0,118.46757025043541,117.70222943599032,0.4724297495645846
55.1005,55.1005,126.0,118.45689240433654,117.69783764281338,-3.5168924043365433
55.12,55.12,124.0,118.4463416116548,117.69348321451538,-5.506341611654802
55.1394,55.1394,114.0,118.43594433460416,117.68916604972415,-15.49594433460416
55.1589,55.1589,118.0,118.42563864658862,117.68488606389124,-11.485638646588624
55.1783,55.1783,102.0,118.4154836157321,117.68064316254237,-27.475483615732102
55.1978,55.1978,112.0,118.40541592486738,117.67643725205029,-17.465415924867386
55.2172,55.2172,109.0,118.39549576225343,117.67226819658316,-20.455495762253435
55.2367,55.2367,116.0,118.38566179294412,117.66813584503396,-13.44566179294412
55.2562,55.2562,111.0,118.37594048173179,117.66404002295583,-18.43594048173179
55.2756,55.2756,93.0,118.36636038851076,117.6599805514153,-36.42636038851076
55.2951,55.2951,123.0,118.35686186713228,117.65595723354512,-6.4168618671322815
55.3145,55.3145,109.0,118.34750044883931,117.65196980610484,-20.407500448839315
55.334,55.334,123.0,118.33821815154185,117.64801802014323,-6.398218151541853
55.3534,55.3534,114.0,118.32906938822484,117.64410160342388,-15.389069388224838
55.3729,55.3729,117.0,118.31999837233298,117.64022029802072,-12.379998372332976
55.3924,55.3924,112.0,118.3110291528808,117.63637383620313,-17.37102915288081
55.4118,55.4118,136.0,118.3021878650587,117.63256194851898,6.637812134941301
55.4313,55.4313,119.0,118.29341992065054,117.62878435034867,-10.353419920650536
55.4507,55.4507,130.0,118.28477615550867,117.62504079236354,0.6552238444913332
55.4702,55.4702,128.0,118.27620490910326,117.62133102891868,-1.336204909103257
55.4896,55.4896,116.0,118.26775350003412,117.61765484577379,-13.327753500034119
55.5091,55.5091,120.0,118.25937136609915,117.61401205574904,-9.319371366099146
55.5286,55.5286,120.0,118.251082687398,117.61040246731402,-9.311082687397997
55.548,55.548,141.0,118.24291043139263,117.60682589534368,11.69708956860737
55.5675,55.5675,125.0,118.23480575007781,117.60328216112795,-4.294805750077812
55.5869,55.5869,132.0,118.22681339003302,117.59977110726571,2.713186609966984
55.6064,55.6064,122.0,118.21888603677893,117.59629259601628,-7.2788860367789265
55.6258,55.6258,115.0,118.21106935862989,117.59284652440739,-14.271069358629886
55.6453,55.6453,120.0,118.20331614225674,117.58943280126162,-9.26331614225674
55.6648,55.6648,106.0,118.19564966075116,117.58605132842678,-23.25564966075116
55.6842,55.6842,126.0,118.1880890257042,117.58270201422167,-3.2480890257042017
55.7037,55.7037,122.0,118.18058976408888,117.57938473578199,-7.240589764088879
55.7231,55.7231,110.0,118.17319485531219,117.57609939251121,-19.233194855312192
55.7426,55.7426,134.0,118.16586001278468,117.57284589565265,4.774139987215323
55.762,55.762,117.0,118.15862708741278,117.56962413606061,-12.218627087412782
55.7815,55.7815,116.0,118.1514530164682,117.56643404090622,-13.211453016468196
55.801,55.801,132.0,118.1443590611858,117.56327553582902,2.795640938814204
55.8204,55.8204,128.0,118.13736288889868,117.56014854225563,-1.1973628888986791
55.8399,55.8399,110.0,118.13042367357583,117.5570530164272,-19.190423673575836
55.8593,55.8593,119.0,118.12358120196099,117.55398894178829,-10.183581201960989
55.8788,55.8788,121.0,118.11679474818636,117.5509562814456,-8.176794748186365
55.8982,55.8982,126.0,118.11010289203304,117.54795500239034,-3.170102892033041
55.9177,55.9177,133.0,118.10346701446448,117.54498508086341,3.8365329855355146
55.9372,55.9372,114.0,118.09690419742893,117.54204651546127,-15.156904197428927
55.9566,55.9566,139.0,118.090433388223,117.53913934063819,9.849566611776995
55.9761,55.9761,132.0,118.0840163491447,117.53626358131872,2.855983650855295
55.9955,55.9955,113.0,118.07768975533027,117.53341929042352,-16.13768975533027
56.015,56.015,108.0,118.07141688512984,117.53060655572163,-21.131416885129838
56.0344,56.0344,118.0,118.06523140573658,117.52782545278376,-11.125231405736583
56.0539,56.0539,127.0,118.05909989080428,117.5250760315302,-2.119099890804277
56.0734,56.0734,102.0,118.0530376024957,117.52235834315037,-27.11303760249571
56.0928,56.0928,140.0,118.04706184788516,117.51967246373088,10.892938152114839
56.1123,56.1123,129.0,118.04113844293099,117.51701842757977,-0.10113844293098673
56.1317,56.1317,122.0,118.03529950523532,117.51439629353757,-7.095299505235316
56.1512,56.1512,104.0,118.02951143949556,117.51180614999919,-25.089511439495567
56.1706,56.1706,120.0,118.02380740510914,117.5092480973721,-9.08380740510914
56.1901,56.1901,117.0,118.01815375501052,117.50672219969694,-12.078153755010517
56.2096,56.2096,122.0,118.01256740072574,117.50422852770039,-7.0725674007257435
56.229,56.229,123.0,118.00706179813392,117.50176715074672,-6.067061798133919
56.2485,56.2485,109.0,118.00160709382112,117.49933815023981,-20.061607093821124
56.2679,56.2679,109.0,117.99623283263745,117.49694162228027,-20.05623283263745
56.2874,56.2874,128.0,117.99090762514103,117.49457764009435,-1.0509076251410345
56.3068,56.3068,123.0,117.98566230199029,117.49224625404048,-6.045662301990289
56.3263,56.3263,107.0,117.98046615282593,117.48994754183296,-22.04046615282593
56.3458,56.3458,106.0,117.97533354915147,117.48768159590806,-23.035333549151474
56.3652,56.3652,107.0,117.9702789784345,117.48544848046927,-22.030278978434495
56.3847,56.3847,114.0,117.96527239602078,117.48324822880153,-15.02527239602078
56.4041,56.4041,124.0,117.96034298294049,117.48108084596913,-5.020342982940489
56.4236,56.4236,124.0,117.95546107075538,117.47894632766486,-5.015461070755377
56.443,56.443,120.0,117.95065514466398,117.47684468696104,-9.010655144663984
56.4625,56.4625,102.0,117.94589687427283,117.47477595431529,-27.005896874272835
56.482,56.482,133.0,117.9411990258024,117.47274016695796,3.9988009741975947
56.5014,56.5014,126.0,117.93657559008079,117.47073732046901,-2.996575590080793
56.5209,56.5209,146.0,117.93199859557627,117.46876744633838,17.008001404423723
56.5403,56.5403,123.0,117.92749493104446,117.46683059860585,-5.9874949310444645
56.5598,56.5598,118.0,117.92303798597514,117.46492683836871,-10.983037985975143
56.5792,56.5792,118.0,117.91865305683508,117.46305624151326,-10.978653056835084
56.5987,56.5987,131.0,117.91431384045164,117.46121888536382,2.025686159548359
56.6182,56.6182,115.0,117.91003341448875,117.4594148486878,-13.970033414488752
56.6376,56.6376,132.0,117.90582451287668,117.45764424376007,3.0341754871233224
56.6571,56.6571,111.0,117.9016614456377,117.45590717623972,-17.961661445637702
56.6765,56.6765,118.0,117.89756810181652,117.45420378673053,-10.957568101816518
56.696,56.696,95.0,117.8935210458647,117.45253419846291,-33.953521045864704
56.7154,56.7154,109.0,117.88954357112324,117.45089853613419,-19.949543571123243
56.7349,56.7349,116.0,117.8856111478381,117.44929686400998,-12.945611147838106
56.7544,56.7544,125.0,117.88173606605451,117.44772922361184,-3.9417360660545153
56.7738,56.7738,115.0,117.8779298400543,117.44619565256367,-13.937929840054307
56.7933,56.7933,102.0,117.87416879557662,117.44469620855058,-26.934168795576625
56.8127,56.8127,117.0,117.87047542980918,117.44323094267737,-11.930475429809176
56.8322,56.8322,118.0,117.86682649478213,117.44179986447938,-10.926826494782132
56.8516,56.8516,125.0,117.86324491490662,117.44040298230016,-3.9232449149066166
56.8711,56.8711,114.0,117.85970743088842,117.43904030598348,-14.91970743088842
56.8906,56.8906,136.0,117.85622590024833,117.43771186545327,7.0837740997516665
56.91,56.91,132.0,117.8528101832193,117.43641768138083,3.087189816780695
56.9295,56.9295,109.0,117.84943812834862,117.43515780946022,-19.909438128348626
56.9489,56.9489,101.0,117.84613180278885,117.43393234035577,-27.90613180278885
56.9684,56.9684,103.0,117.84286911074886,117.43274134203014,-25.902869110748867
56.9878,56.9878,103.0,117.83967135934016,117.43158483821384,-25.89967135934016
57.0073,57.0073,121.0,117.8365174993071,117.43046281379158,-7.896517499307107
57.0268,57.0268,104.0,117.83341693213453,117.42937521480543,-24.893416932134528
57.0462,57.0462,101.0,117.83038023808359,117.42832199686885,-27.890380238083594
57.0657,57.0657,116.0,117.82738626764555,117.42730307945016,-12.887386267645551
57.0851,57.0851,108.0,117.82445542577821,117.42631833780047,-20.884455425778214
57.1046,57.1046,99.0,117.82156710842123,117.42536764333217,-29.881567108421237
57.124,57.124,119.0,117.81874004281879,117.424450842088,-9.878740042818789
57.1435,57.1435,114.0,117.8159553908399,117.42356773051849,-14.875955390839904
57.163,57.163,135.0,117.81322163947576,117.42271810930622,6.126778360524243
57.1824,57.1824,129.0,117.8105483613857,117.42190176992293,0.12945163861430053
57.2019,57.2019,122.0,117.80791593001345,117.4211185398805,-6.867915930013451
57.2213,57.2213,125.0,117.80534323585168,117.42036827644968,-3.8653432358516806
57.2408,57.2408,129.0,117.80281034175398,117.41965084916174,0.13718965824601703
57.2602,57.2602,131.0,117.80033632824087,117.4189661476796,2.1396636717591253
57.2797,57.2797,112.0,117.79790200662083,117.41831409142988,-16.857902006620833
57.2992,57.2992,119.0,117.79551698683314,117.41769463341451,-9.855516986833136
57.3186,57.3186,114.0,117.79318896881357,117.4171077120551,-14.853188968813567
57.3381,57.3381,130.0,117.79090096150337,117.41655327002353,1.1490990384966313
57.3575,57.3575,115.0,117.78866969489526,117.41603124079828,-13.848669694895262
57.377,57.377,133.0,117.78647729685021,117.41554158966619,4.153522703149791
57.3964,57.3964,119.0,117.78434146773766,117.41508427541508,-9.844341467737662
57.4159,57.4159,139.0,117.78224430082255,117.4146592927811,10.157755699177445
57.4354,57.4354,120.0,117.78019482816134,117.41426664075757,-8.840194828161342
57.4548,57.4548,91.0,117.77820078252283,117.41390634591838,-37.83820078252283
57.4743,57.4743,122.0,117.77624512121737,117.4135784417777,-6.836245121217372
57.4937,57.4937,97.0,117.77434481481781,117.41328289075581,-31.83434481481781
57.5132,57.5132,129.0,117.77248262284361,117.4130196675535,0.16751737715638804
57.5326,57.5326,125.0,117.77067525181563,117.41278869192861,-3.8306752518156326
57.5521,57.5521,117.0,117.76890604155317,117.41258991341688,-11.828906041553166
57.5716,57.5716,107.0,117.767182515528,117.41242330170502,-21.82718251552801
57.591,57.591,122.0,117.76551291144239,117.41228882537045,-6.825512911442386
57.6105,57.6105,121.0,117.7638808502681,117.41218642496641,-7.823880850268095
57.6299,57.6299,128.0,117.76230202173156,117.41211605333012,-0.8223020217315575
57.6494,57.6494,146.0,117.7607605576597,117.41207767291912,17.179239442340304
57.6688,57.6688,116.0,117.75927197422493,117.4120712737374,-12.81927197422493
57.6883,57.6883,113.0,117.7578207493163,117.4120968527437,-15.817820749316295
57.7077,57.7077,104.0,117.75642169405519,117.41215440309908,-24.816421694055194
57.7272,57.7272,138.0,117.7550595376883,117.41224390609298,9.184940462311703
57.7467,57.7467,136.0,117.75374214809557,117.41236530691607,7.186257851904431
57.7661,57.7661,118.0,117.75247586052926,117.41251858140784,-10.81247586052926
57.7856,57.7856,134.0,117.75124681507329,117.41270374039105,5.188753184926712
57.805,57.805,109.0,117.75006884599107,117.41292079626737,-19.81006884599107
57.8245,57.8245,132.0,117.74892738169551,117.4131697977674,3.1910726183044904
57.8439,57.8439,128.0,117.74783705885672,117.41345077097995,-0.8078370588567179
57.8634,57.8634,125.0,117.74678326428209,117.41376377699092,-3.806783264282087
57.8829,57.8829,117.0,117.74577346285682,117.41410890442941,-11.805773462856818
57.9023,57.9023,128.0,117.74481411574551,117.41448626207303,-0.8048141157455131
57.9218,57.9218,111.0,117.74389142413466,117.41489595758607,-17.80389142413466
57.9412,57.9412,108.0,117.74301937071425,117.4153381261737,-20.803019370714253
57.9607,57.9607,121.0,117.74218407410206,117.41581288577791,-7.8021840741020565
57.9801,57.9801,108.0,117.74139930879454,117.4163203290005,-20.801399308794544
57.9996,57.9996,118.0,117.7406516774775,117.41686055805371,-10.800651677477502
58.0191,58.0191,99.0,117.739947406192,117.417433649807,-29.799947406192004
58.0385,58.0385,117.0,117.73929336060517,117.41803968269694,-11.799293360605175
58.058,58.058,112.0,117.73867623862225,117.41867868558927,-16.79867623862225
58.0774,58.0774,107.0,117.73810901426508,117.4193506862257,-21.79810901426508
58.0969,58.0969,112.0,117.73757864618572,117.4200556977667,-16.797578646185727
58.1163,58.1163,111.0,117.73709823116367,117.42079370533,-17.797098231163673
58.1358,58.1358,117.0,117.7366541212746,117.4215646794483,-11.796654121274598
58.1553,58.1553,142.0,117.736253016615,117.42236857337538,13.203746983385004
58.1747,58.1747,116.0,117.73590094943546,117.42320533923159,-12.795900949435461
58.1942,58.1942,130.0,117.73558559451942,117.42407494635174,1.2044144054805788
58.2136,58.2136,111.0,117.7353183400155,117.42497736024306,-17.7953183400155
58.2331,58.2331,119.0,117.73508788981391,117.42591257820624,-9.795087889813912
58.2525,58.2525,116.0,117.7349055842306,117.42688058025158,-12.794905584230603
58.272,58.272,114.0,117.73475935389222,117.42788135061768,-14.794759353892216
58.2915,58.2915,121.0,117.73465531993905,117.42891486970561,-7.794655319939052
58.3109,58.3109,119.0,117.73459912478239,117.42998110869404,-9.794599124782392
58.3304,58.3304,128.0,117.7345790790062,117.4310800483371,-0.794579079006196
58.3498,58.3498,123.0,117.73460637826385,117.43221167360625,-5.794606378263849
58.3693,58.3693,115.0,117.73466952964175,117.4333759969753,-13.79466952964175
58.3887,58.3887,99.0,117.73478004112556,117.43457304579847,-29.794780041125563
58.4082,58.4082,127.0,117.7349263580221,117.43580284088428,-1.794926358022094
58.4277,58.4277,115.0,117.73511438285148,117.43706535342409,-13.795114382851478
58.4471,58.4471,98.0,117.73534911899897,117.43836057972341,-30.79534911899897
58.4666,58.4666,117.0,117.7356194453805,117.43968850953208,-11.795619445380494
58.486,58.486,113.0,117.73593645348905,117.44104908028108,-15.795936453489047
58.5055,58.5055,110.0,117.73628890754853,117.44244222821926,-18.79628890754853
58.5249,58.5249,101.0,117.7366875680128,117.44386787764597,-27.7966875680128
58.5444,58.5444,121.0,117.73712148932654,117.44532593283134,-7.797121489326541
58.5639,58.5639,123.0,117.73759603987935,117.44681625378652,-5.79759603987935
58.5833,58.5833,108.0,117.738115869453,117.44833871005436,-20.798115869453
58.6028,58.6028,118.0,117.73867040031263,117.4498931860195,-10.798670400312629
58.6222,58.6222,135.0,117.73926998873114,117.45147954063758,6.2007300112688615
58.6417,58.6417,119.0,117.73990418758136,117.45309763434273,-9.79990418758136
58.6611,58.6611,108.0,117.74058244223015,117.45474736362391,-20.80058244223015
58.6806,58.6806,124.0,117.74129528296709,117.45642862912537,-4.801295282967088
58.7001,58.7001,116.0,117.74204699565705,117.45814130604532,-12.802046995657049
58.7195,58.7195,114.0,117.74284249614443,117.45988528702577,-14.802842496144434
58.739,58.739,132.0,117.74367178186769,117.46166046078706,3.19632821813231
58.7584,58.7584,115.0,117.74454444969493,117.46346670674099,-13.804544449694928
58.7779,58.7779,122.0,117.74545070305363,117.46530393923669,-6.805450703053635
58.7973,58.7973,120.0,117.74639982927124,117.46717206599648,-8.80639982927124
58.8168,58.8168,98.0,117.74738216184193,117.46907100688568,-30.80738216184193
58.8363,58.8363,123.0,117.74840242601624,117.47100068856835,-5.808402426016242
58.8557,58.8557,124.0,117.74946507336723,117.47296098530707,-4.8094650733672335
58.8752,58.8752,124.0,117.75056080003625,117.47495178614231,-4.810560800036255
58.8946,58.8946,121.0,117.75169835970279,117.47697299751515,-7.8116983597027865
58.9141,58.9141,103.0,117.75286847608139,117.47902454326218,-25.81286847608139
58.9335,58.9335,128.0,117.75408031201798,117.48110635666717,-0.8140803120179765
58.953,58.953,129.0,117.75532455941274,117.48321833204366,0.1846754405872577
58.9725,58.9725,116.0,117.75660579843222,117.48536039109146,-12.816605798432219
58.9919,58.9919,141.0,117.75792781786267,117.48753248513644,12.182072182137334
59.0114,59.0114,113.0,117.75928235662064,117.48973456150962,-15.819282356620645
59.0308,59.0308,122.0,117.76067764043148,117.49196658841183,-6.820677640431482
59.0503,59.0503,109.0,117.76210489642786,117.49422852196312,-19.82210489642786
59.0697,59.0697,105.0,117.76357284631536,117.49652033035586,-23.823572846315358
59.0892,59.0892,101.0,117.76507285723434,117.49884195892189,-27.825072857234346
59.1087,59.1087,125.0,117.76660871774179,117.50119331935905,-3.82660871774179
59.1281,59.1281,119.0,117.76818475406448,117.50357427895823,-9.828184754064479
59.1476,59.1476,98.0,117.76979227223775,117.50598472493384,-30.829792272237754
59.167,59.167,130.0,117.77143945486628,117.50842454851997,1.168560545133717
59.1865,59.1865,148.0,117.77311782162698,117.51089358844965,19.166882178373015
59.2059,59.2059,110.0,117.77483554070929,117.51339171508602,-18.834835540709292
59.2254,59.2254,120.0,117.77658422757482,117.51591880303693,-8.836584227574816
59.2449,59.2449,144.0,117.77836756388605,117.51847470668996,15.16163243611395
59.2643,59.2643,119.0,117.78018953966455,117.52105928710091,-9.840189539664548
59.2838,59.2838,116.0,117.78204205090832,117.52367241685423,-12.842042050908317
59.3032,59.3032,123.0,117.78393248751054,117.5263139725072,-5.843932487510541
59.3227,59.3227,114.0,117.78585337852026,117.52898382651924,-14.845853378520259
59.3421,59.3421,108.0,117.78781191095175,117.53168186598161,-20.847811910951748
59.3616,59.3616,120.0,117.78980027781124,117.53440796849092,-8.849800277811239
59.3811,59.3811,102.0,117.79182224404862,117.5371619859905,-26.85182224404862
59.4005,59.4005,137.0,117.79388139949754,117.53994377704203,8.146118600502463
59.42,59.42,101.0,117.79596999067269,117.5427531583888,-27.85596999067269
59.4394,59.4394,120.0,117.79809498367207,117.54558998021044,-8.858094983672073
59.4589,59.4589,131.0,117.80024925395564,117.54845404816145,2.139750746044358
59.4783,59.4783,114.0,117.80243955071722,117.55134517448494,-14.862439550717225
59.4978,59.4978,124.0,117.80465841920302,117.55426320478631,-4.864658419203023
59.5173,59.5173,104.0,117.80690945390299,117.55720797511611,-24.86690945390299
59.5367,59.5367,123.0,117.80919602584879,117.56017933871301,-5.869196025848792
59.5562,59.5562,112.0,117.81151052966165,117.56317711232668,-16.87151052966165
59.5756,59.5756,146.0,117.81386005159712,117.56620112724909,17.12613994840288
59.5951,59.5951,128.0,117.81623726514489,117.5692511998018,-0.8762372651448924
59.6145,59.6145,128.0,117.81864897891758,117.57232715353244,-0.87864897891758
59.634,59.634,132.0,117.821087986379,117.57542883916962,3.118912013621001
59.6535,59.6535,138.0,117.8235578766181,117.57855613461584,9.116442123381903
59.6729,59.6729,123.0,117.82606155417342,117.58170895256819,-5.886061554173422
59.6924,59.6924,117.0,117.82859222711697,117.5848872368287,-11.888592227116972
59.7118,59.7118,114.0,117.83115667513403,117.58809094568478,-14.891156675134026
59.7313,59.7313,112.0,117.83374810281428,117.59132003585117,-16.893748102814286
59.7507,59.7507,139.0,117.83637286258578,117.59457445438902,10.103627137414223
59.7702,59.7702,127.0,117.83902466713668,117.59785413331323,-1.8990246671366844
59.7897,59.7897,112.0,117.84170632234108,117.6011590327966,-16.901706322341084
59.8091,59.8091,108.0,117.84442117133193,117.60448913773048,-20.904421171331933
59.8286,59.8286,118.0,117.84716270981329,117.60784441793376,-10.90716270981329
59.848,59.848,116.0,117.84993726375215,117.61122481737607,-12.909937263752154
59.8675,59.8675,140.0,117.85273840582475,117.61463028108105,11.087261594175247
59.8869,59.8869,121.0,117.85557220188399,117.61806074973883,-7.915572201883988
59.9064,59.9064,118.0,117.8584324718145,117.62151618888737,-10.918432471814496
59.9259,59.9259,108.0,117.86132224482488,117.624996573135,-20.92132224482488
59.9453,59.9453,124.0,117.86424447389219,117.62850187810723,-4.924244473892186
59.9648,59.9648,113.0,117.86719316879302,117.63203205352508,-15.927193168793023
59.9842,59.9842,120.0,117.87017407117236,117.63558706610327,-8.930174071172358
60.0037,60.0037,133.0,117.87318111417645,117.63916687009264,4.066818885823553
60.0231,60.0231,115.0,117.87622031223722,117.6427714260916,-13.936220312237223
60.0426,60.0426,116.0,117.87928567512553,117.64640073047623,-12.93928567512553
60.0621,60.0621,118.0,117.88238020245825,117.6500547725133,-10.942380202458251
60.0815,60.0815,133.0,117.88550643638385,117.65373353704153,4.05449356361615
60.101,60.101,126.0,117.88865896387826,117.65743700984017,-2.948658963878257
60.1204,60.1204,111.0,117.8918432383314,117.66116521245426,-17.951843238331406
60.1399,60.1399,115.0,117.89505360347964,117.6649181885072,-13.955053603479639
60.1593,60.1593,99.0,117.89829583540349,117.66869596369632,-29.95829583540349
60.1788,60.1788,131.0,117.90156425448251,117.67249855655,2.038435745517491
60.1983,60.1983,128.0,117.90486158917734,117.67632593534931,-0.9648615891773442
60.2177,60.2177,129.0,117.9081905317442,117.68017810152939,0.031809468255803
60.2372,60.2372,132.0,117.91154560918486,117.68405508345572,3.028454390815144
60.2566,60.2566,126.0,117.91493230692782,117.68795693869076,-2.9749323069278244
60.2761,60.2761,121.0,117.91834527764334,117.69188375945014,-7.97834527764334
60.2955,60.2955,125.0,117.9217900608615,117.69583565995055,-3.9817900608614973
60.315,60.315,109.0,117.92526137715222,117.6998127632818,-19.985261377152227
60.3345,60.3345,117.0,117.9287618937106,117.70381521195476,-11.9887618937106
60.3539,60.3539,136.0,117.93229443235084,117.70784312506629,7.007705567649156
60.3734,60.3734,133.0,117.93585386207204,117.71189661982075,4.004146137927963
60.3928,60.3928,117.0,117.93944539470426,117.71597584879022,-11.999445394704265
60.4123,60.4123,119.0,117.943064246031,117.72008100026372,-10.003064246031
60.4317,60.4317,125.0,117.94671544951726,117.72421226060499,-4.006715449517257
60.4512,60.4512,120.0,117.95039428759033,117.72836981961635,-9.010394287590328
60.4706,60.4706,119.0,117.95410585150165,117.73255388644789,-10.014105851501652
60.4901,60.4901,113.0,117.95784541837455,117.73676467634846,-16.01784541837455
60.5096,60.5096,127.0,117.96161574505891,117.74100240797215,-2.0216157450589076
60.529,60.529,129.0,117.96541910167647,117.74526728722738,-0.025419101676474654
60.5485,60.5485,108.0,117.96925132357134,117.74955954438973,-21.029251323571344
60.5679,60.5679,130.0,117.9731171540763,117.7538794387884,0.9668828459236938
60.5874,60.5874,132.0,117.977012067846,117.7582272035128,2.962987932153995
60.6068,60.6068,112.0,117.98094111814358,117.7626031027978,-17.04094111814358
60.6263,60.6263,139.0,117.984899888298,117.76700743543229,9.955100111701997
60.6458,60.6458,130.0,117.98889089481419,117.77144048469792,0.9511091051858092
60.6652,60.6652,111.0,117.99291676575673,117.77590256258202,-18.052916765756734
60.6847,60.6847,118.0,117.99697324199872,117.78039401218224,-11.056973241998717
60.7041,60.7041,111.0,118.00106515731058,117.78491515836139,-18.06106515731058
60.7236,60.7236,102.0,118.00518835379002,117.7894663265725,-27.06518835379002
60.743,60.743,128.0,118.00934756447921,117.79404782400947,-1.069347564479214
60.7625,60.7625,116.0,118.01353868748922,117.7986599153688,-13.073538687489217
60.782,60.782,116.0,118.01776399630351,117.80330289200008,-13.077763996303515
60.8014,60.8014,99.0,118.02202609493645,117.80797704041514,-30.082026094936452
60.8209,60.8209,120.0,118.02632086803305,117.81268264227545,-9.086320868033054
60.8403,60.8403,111.0,118.03065279264298,117.81741992862037,-18.090652792642985
60.8598,60.8598,98.0,118.03501794536177,117.82218913636225,-31.095017945361775
60.8792,60.8792,127.0,118.03942065217461,117.82699048406677,-2.0994206521746133
60.8987,60.8987,118.0,118.04385679650153,117.83182413694765,-11.10385679650153
60.9182,60.9182,122.0,118.04832875668535,117.83669028437383,-7.108328756685351
60.9376,60.9376,117.0,118.05283876493495,117.84158911616632,-12.112838764934947
60.9571,60.9571,120.0,118.05738292951462,117.8465208333009,-9.117382929514617
60.9765,60.9765,126.0,118.0619652037314,117.85148563449043,-3.1219652037314045
60.996,60.996,118.0,118.06658222395808,117.85648372423,-11.12658222395808
61.0154,61.0154,120.0,118.071237837316,117.86151532860104,-9.131237837316005
61.0349,61.0349,114.0,118.0759283984087,117.86658067407068,-15.135928398408707
61.0544,61.0544,101.0,118.08065615390998,117.87167999284804,-28.140656153909987
61.0738,61.0738,95.0,118.08542320689591,117.87681350673905,-34.14542320689591
61.0933,61.0933,116.0,118.09022579563398,117.88198139213921,-13.150225795633984
61.1127,61.1127,111.0,118.09506788630038,117.88718376387037,-18.155067886300387
61.1322,61.1322,113.0,118.09994577899073,117.89242073169235,-16.159945778990732
61.1516,61.1516,111.0,118.10486331727128,117.89769238683036,-18.164863317271283
61.1711,61.1711,116.0,118.10981685253151,117.90299880734487,-13.16981685253151
61.1906,61.1906,122.0,118.11480832067461,117.90834005273355,-7.174808320674613
61.21,61.21,105.0,118.11983950055183,117.9137161773753,-24.179839500551836
61.2295,61.2295,121.0,118.12490679207835,117.91912724661304,-8.18490679207835
61.2489,61.2489,133.0,118.13001387984782,117.92457329103266,3.8099861201521765
61.2684,61.2684,111.0,118.1351572225043,117.93005434948546,-18.195157222504307
61.2878,61.2878,105.0,118.14034034987758,117.93557049634653,-24.200340349877578
61.3073,61.3073,123.0,118.14555989269563,117.94112178734089,-6.20555989269563
61.3268,61.3268,117.0,118.15081758172859,117.94670824337788,-12.21081758172859
61.3462,61.3462,116.0,118.15611508633822,117.95232989890116,-13.216115086338219
61.3657,61.3657,112.0,118.16144903350774,117.95798678580867,-17.22144903350774
61.3851,61.3851,104.0,118.16682286299717,117.96367893074712,-25.226822862997167
61.4046,61.4046,133.0,118.17223322387302,117.96940634433007,3.7677667761269777
61.424,61.424,114.0,118.17768320011356,117.97516899958798,-15.237683200113564
61.4435,61.4435,123.0,118.1831698492212,117.98096690503137,-6.243169849221202
61.463,61.463,112.0,118.18869455584668,117.98680005847515,-17.248694555846683
61.4824,61.4824,117.0,118.19425891907272,117.992668471163,-12.254258919072724
61.5019,61.5019,109.0,118.1998598155599,117.99857213822804,-20.259859815559906
61.5213,61.5213,115.0,118.20550045081306,118.00451105213405,-14.265500450813063
61.5408,61.5408,129.0,118.21117741190875,118.01048518112654,-0.27117741190875044
61.5602,61.5602,122.0,118.2168938769723,118.01649448536817,-7.2768938769723075
61.5797,61.5797,111.0,118.22264687847205,118.02253895348387,-18.28264687847205
61.5992,61.5992,127.0,118.22843782594855,118.0286185847743,-2.288437825948547
61.6186,61.6186,142.0,118.23426801887415,118.03473335964117,12.705731981125853
61.6381,61.6381,114.0,118.24013477821609,118.04088328214188,-15.300134778216089
61.6575,61.6575,112.0,118.24604085781085,118.04706837561648,-17.306040857810856
61.677,61.677,110.0,118.25198337688214,118.05328865253269,-19.31198337688214
61.6964,61.6964,106.0,118.25796526236681,118.05954410908527,-23.317965262366812
61.7159,61.7159,119.0,118.26398359889487,118.06583471979529,-10.323983598894868
61.7354,61.7354,136.0,118.2700397201295,118.0721604267261,6.669960279870496
61.7548,61.7548,127.0,118.27613492816889,118.0785211744511,-2.336134928168887
61.7743,61.7743,121.0,118.28226648547506,118.08491694329815,-8.342266485475063
61.7937,61.7937,143.0,118.2884370824417,118.09134773712687,13.651562917558296
61.8132,61.8132,131.0,118.29464400223608,118.0978135676187,1.6453559977639163
61.8326,61.8326,124.0,118.30089000046135,118.10431446258086,-5.360890000461351
61.8521,61.8521,123.0,118.3071724924395,118.11085048222418,-6.367172492439506
61.8716,61.8716,103.0,118.3134926949715,118.117421702504,-26.373492694971503
61.891,61.891,142.0,118.31985217270476,118.12402821246006,12.620147827295243
61.9105,61.9105,129.0,118.32624830110242,118.1306700604434,-0.3862483011024249
61.9299,61.9299,145.0,118.3326836655193,118.1373473143968,15.607316334480702
61.9494,61.9494,110.0,118.33915585121036,118.14406007045355,-19.399155851210367
61.9688,61.9688,116.0,118.34566757720295,118.15080843530748,-13.405667577202946
61.9883,61.9883,132.0,118.35221627133693,118.1575924937344,2.587783728663071
62.0078,62.0078,117.0,118.35880329099359,118.16441232472488,-12.418803290993592
62.0272,62.0272,129.0,118.36542999921097,118.17126804125019,-0.4254299992109747
62.0467,62.0467,140.0,118.37209407345748,118.17815975315018,10.567905926542524
62.0661,62.0661,124.0,118.37879782386715,118.18508759836291,-5.438797823867146
62.0856,62.0856,124.0,118.38553943031567,118.19205174160645,-5.445539430315675
62.105,62.105,121.0,118.3923211141478,118.19905236313068,-8.452321114147805
62.1245,62.1245,125.0,118.39914082041291,118.20608965869897,-4.459140820412911
62.144,62.144,117.0,118.40599996522731,118.21316383159134,-12.46599996522731
62.1634,62.1634,111.0,118.41289978111962,118.22027510318465,-18.472899781119622
62.1829,62.1829,107.0,118.41983836268831,118.22742369159317,-22.479838362688312
62.2023,62.2023,101.0,118.42681795451307,118.2346097955,-28.48681795451307
62.2218,62.2218,129.0,118.43383667552057,118.24183358337035,-0.4938366755205674
62.2412,62.2412,123.0,118.44089671419734,118.249095177282,-6.500896714197337
62.2607,62.2607,116.0,118.44799610419771,118.25639472724987,-13.507996104197714
62.2802,62.2802,107.0,118.45513614583993,118.26373239600625,-22.515136145839932
62.2996,62.2996,108.0,118.46231790387615,118.27110834021393,-21.522317903876157
62.3191,62.3191,110.0,118.46953944041826,118.27852268622003,-19.52953944041826
62.3385,62.3385,137.0,118.47680293277048,118.285975532728,7.463197067229517
62.358,62.358,98.0,118.48410647558072,118.29346695616147,-31.54410647558072
62.3774,62.3774,138.0,118.4914520454737,118.3009970677311,8.448547954526306
62.3969,62.3969,110.0,118.49883781083936,118.30856592402718,-19.558837810839364
62.4164,62.4164,129.0,118.50626493460257,118.31617361455042,-0.5662649346025699
62.4358,62.4358,122.0,118.51373423741116,118.3238202064408,-7.573734237411157
62.4553,62.4553,106.0,118.52124398510955,118.33150579460509,-23.581243985109552
62.4747,62.4747,123.0,118.52879618770964,118.33923048380622,-6.5887961877096455
62.4942,62.4942,121.0,118.536389066285,118.34699434561733,-8.596389066284997
62.5136,62.5136,120.0,118.54402430668797,118.35479746408969,-9.604024306687974
62.5331,62.5331,125.0,118.55170059427378,118.36263993039503,-4.611700594273783
62.5526,62.5526,116.0,118.55941864086795,118.37052184012407,-13.619418640867947
62.572,62.572,112.0,118.56717940000325,118.37844330655628,-17.627179400003257
62.5915,62.5915,112.0,118.5749813679919,118.3864044365945,-17.634981367991898
62.6109,62.6109,126.0,118.58282638489555,118.39440531997651,-3.642826384895555
62.6304,62.6304,107.0,118.59071264294339,118.40244602925371,-22.65071264294339
62.6498,62.6498,127.0,118.59864196308907,118.41052665717568,-2.6586419630890656
62.6693,62.6693,104.0,118.60661288921658,118.41864726580296,-25.66661288921658
62.6888,62.6888,107.0,118.61462625685013,118.42680793989722,-22.674626256850132
62.7082,62.7082,108.0,118.62268269213166,118.43500872541212,-21.682682692131664
62.7277,62.7277,123.0,118.6307809294404,118.44324963754678,-6.690780929440406
62.7471,62.7471,121.0,118.6389223785516,118.4515306634154,-8.698922378551599
62.7666,62.7666,123.0,118.64710545372986,118.45985180233393,-6.707105453729865
62.786,62.786,138.0,118.6553317051154,118.46821306045887,8.284668294884598
62.8055,62.8055,117.0,118.66359970494409,118.47661445610437,-12.72359970494409
62.825,62.825,118.0,118.67191027990684,118.48505604086364,-11.73191027990684
62.8444,62.8444,99.0,118.68026393211412,118.49353786235866,-30.740263932114118
62.8639,62.8639,108.0,118.68865963640134,118.50205996690728,-21.748659636401342
62.8833,62.8833,128.0,118.69709853842873,118.5106223483601,-1.7570985384287336
62.9028,62.9028,132.0,118.7055793221009,118.51922497230228,2.234420677899097
62.9222,62.9222,102.0,118.7141032644087,118.52786782925041,-27.77410326440871
62.9417,62.9417,117.0,118.72266921340167,118.53655094313056,-12.782669213401674
62.9612,62.9612,99.0,118.73127759174064,118.54527429338377,-30.791277591740638
62.9806,62.9806,132.0,118.73992910278498,118.55403785531846,2.2000708972150154
63.0001,63.0001,132.0,118.74862245980205,118.56284155163635,2.1913775401979496
63.0195,63.0195,120.0,118.75735874008808,118.57168533839113,-9.81735874008808
63.039,63.039,133.0,118.76613678299898,118.58056920497381,3.1738632170010153
63.0584,63.0584,112.0,118.77495781330367,118.58949314461242,-17.834957813303674
63.0779,63.0779,109.0,118.78382064498523,118.59845718532154,-20.84382064498523
63.0974,63.0974,121.0,118.792725861955,118.60746133738265,-8.852725861955006
63.1168,63.1168,106.0,118.80167398852483,118.61650558524414,-23.861673988524828
63.1363,63.1363,125.0,118.81066397190047,118.62558991977718,-4.870663971900468
63.1557,63.1557,122.0,118.8196966682692,118.63471429789594,-7.879696668269203
63.1752,63.1752,112.0,118.8287712753602,118.64387869351579,-17.8887712753602
63.1946,63.1946,105.0,118.83788859755737,118.65308308957789,-24.89788859755737
63.2141,63.2141,127.0,118.84704762594222,118.66232745114387,-2.9070476259422247
63.2336,63.2336,111.0,118.85624887702373,118.67161170652828,-18.916248877023733
63.253,63.253,110.0,118.86549262041217,118.68093580611173,-19.92549262041217
63.2725,63.2725,110.0,118.87477807998368,118.69029967962864,-19.934778079983687
63.2919,63.2919,108.0,118.88410572300673,118.69970323345024,-21.94410572300673
63.3114,63.3114,130.0,118.8934749363145,118.70914635055924,0.04652506368549503
63.3308,63.3308,99.0,118.90288615910188,118.71862888514097,-30.962886159101885
63.3503,63.3503,107.0,118.9123385530408,118.72815072051358,-22.9723385530408
63.3697,63.3697,131.0,118.92183271275957,118.7377116869219,1.0181672872404324
63.3892,63.3892,103.0,118.93136775849686,118.74731158304498,-26.991367758496864
63.4087,63.4087,125.0,118.94094374158298,118.75695023873948,-5.000943741582985
63.4281,63.4281,119.0,118.95056088465893,118.76662744147794,-11.010560884658927
63.4476,63.4476,121.0,118.96021833734034,118.77634299538994,-9.020218337340337
63.467,63.467,136.0,118.9699164791793,118.7860967052325,5.970083520820696
63.4865,63.4865,114.0,118.97965452256872,118.79588838173288,-16.039654522568725
63.5059,63.5059,126.0,118.98943301939897,118.80571787183882,-4.049433019398974
63.5254,63.5254,143.0,118.99925109141056,118.81558500959322,12.940748908589443
63.5449,63.5449,139.0,119.00910890810992,118.82548964817578,8.930891091890077
63.5643,63.5643,110.0,119.01900665057427,118.8354316592937,-20.07900665057427
63.5838,63.5838,119.0,119.02894371806806,118.84541094640998,-11.088943718068064
63.6032,63.6032,114.0,119.0389203071114,118.8554273892086,-16.0989203071114
63.6227,63.6227,126.0,119.04893604889587,118.865480867789,-4.108936048895869
63.6421,63.6421,105.0,119.05899121224962,118.87557124918557,-25.118991212249625
63.6616,63.6616,124.0,119.06908515178723,118.88569841941447,-6.129085151787235
63.6811,63.6811,157.0,119.07921802914103,118.89586222714588,26.860781970858966
63.7005,63.7005,112.0,119.08938987000543,118.90606253473115,-18.149389870005436
63.72,63.72,131.0,119.09960015548235,118.91629920502604,0.8403998445176502
63.7394,63.7394,118.0,119.1098490145114,118.9265720823009,-12.169849014511398
63.7589,63.7589,129.0,119.12013619641593,118.93688104164296,-1.180136196415928
63.7783,63.7783,129.0,119.13046167233765,118.94722595564775,-1.190461672337646
63.7978,63.7978,118.0,119.14082514310446,118.95760672322521,-12.200825143104465
63.8173,63.8173,117.0,119.15122673182834,118.96802326957506,-13.211226731828345
63.8367,63.8367,133.0,119.16166640368017,118.9784755173219,2.7783335963198272
63.8562,63.8562,132.0,119.1721438261395,118.98896338379684,1.7678561738604959
63.8756,63.8756,113.0,119.18265919046391,118.99948682057607,-17.24265919046391
63.8951,63.8951,117.0,119.193212372898,119.01004581183618,-13.253212372898004
63.9145,63.9145,101.0,119.20380335934512,119.02064032560888,-29.26380335934512
63.934,63.934,115.0,119.21443208596632,119.03127032451928,-15.274432085966323
63.9535,63.9535,113.0,119.22509860741069,119.04193572268964,-17.28509860741069
63.9729,63.9729,113.0,119.23580268521323,119.05263642339561,-17.295802685213232
63.9924,63.9924,123.0,119.2465442467844,119.0633723136537,-7.306544246784396
64.0118,64.0118,103.0,119.25732316668717,119.07414326419257,-27.317323166687174
64.0313,64.0313,133.0,119.26813938035023,119.08494915629166,2.671860619649765
64.0507,64.0507,134.0,119.27899254253204,119.09578982796661,3.661007457467962
64.0702,64.0702,119.0,119.28988286183301,119.10666515132229,-11.349882861833008
64.0897,64.0897,133.0,119.3008100483453,119.11757503381402,2.6391899516547017
64.1091,64.1091,119.0,119.31177388638328,119.12851938261048,-11.371773886383279
64.1286,64.1286,124.0,119.32277452152967,119.13949813892089,-6.382774521529667
64.148,64.148,104.0,119.33381184639741,119.15051124360896,-26.393811846397412
64.1675,64.1675,123.0,119.34488585405337,119.16155865054681,-7.404885854053374
64.1869,64.1869,140.0,119.35599623295319,119.17264027282889,9.584003767046811
64.2064,64.2064,120.0,119.36714334957875,119.18375603383873,-10.427143349578754
64.2259,64.2259,124.0,119.378326864908,119.19490588690167,-6.438326864908005
64.2453,64.2453,122.0,119.38954659289355,119.2060897875364,-8.449546592893553
64.2648,64.2648,114.0,119.40080291030783,119.21730770412294,-16.460802910307834
64.2842,64.2842,129.0,119.41209540693072,119.22855961253913,-1.472095406930718
64.3037,64.3037,123.0,119.4234243686687,119.23984547462351,-7.483424368668706
64.3231,64.3231,134.0,119.43478943703668,119.25116527783032,3.505210562963315
64.3426,64.3426,135.0,119.4461910755609,119.26251901969387,4.4938089244390955
64.3621,64.3621,120.0,119.45762911422628,119.27390673293021,-10.51762911422628
64.3815,64.3815,113.0,119.46910317769452,119.28532848629621,-17.529103177694523
64.401,64.401,125.0,119.48061417076569,119.29678435049999,-5.540614170765691
64.4204,64.4204,132.0,119.49216140264417,119.30827437933533,1.4478385973558279
64.4399,64.4399,127.0,119.50374554634598,119.31979864183347,-3.5637455463459826
64.4593,64.4593,116.0,119.51536617486671,119.33135723903783,-14.575366174866714
64.4788,64.4788,106.0,119.52702400554647,119.34295029238143,-24.587024005546468
64.4983,64.4983,137.0,119.53871875702181,119.35457791433471,6.401281242978188
64.5177,64.5177,117.0,119.550450265898,119.36624018145565,-13.610450265897994
64.5372,64.5372,122.0,119.56221940804889,119.37793720628565,-8.62221940804889
64.5566,64.5566,119.0,119.57402541338757,119.38966909500107,-11.634025413387574
64.5761,64.5761,110.0,119.5858691869157,119.40143596081593,-20.645869186915704
64.5955,64.5955,129.0,119.59775025627545,119.41323791589662,-1.6577502562754471
64.615,64.615,97.0,119.60966931903427,119.42507504710692,-33.66966931903427
64.6345,64.6345,128.0,119.62162607677786,119.4369474664791,-2.6816260767778584
64.6539,64.6539,93.0,119.6336202881496,119.44885522568751,-37.6936202881496
64.6734,64.6734,126.0,119.64565288281918,119.46079839904098,-4.705652882819178
64.6928,64.6928,135.0,119.65772282362792,119.4727769896603,4.282277176372078
64.7123,64.7123,120.0,119.66983123206474,119.4847910180988,-10.729831232064738
64.7317,64.7317,152.0,119.6819772454019,119.49684054081233,21.2580227545981
64.7512,64.7512,125.0,119.69416171352391,119.50892561564152,-5.754161713523912
64.7707,64.7707,125.0,119.70638436061338,119.52104630288355,-5.766384360613385
64.7901,64.7901,115.0,119.718644756137,119.53320267751333,-15.778644756136996
64.8096,64.8096,115.0,119.73094401881721,119.54539482915135,-15.790944018817212
64.829,64.829,119.0,119.74328101349496,119.55762283522034,-11.803281013494965
64.8485,64.8485,118.0,119.75565717719813,119.56988676091248,-12.815657177198132
64.8679,64.8679,110.0,119.76807130339479,119.58218666992067,-20.828071303394793
64.8874,64.8874,117.0,119.78052461119835,119.59452262171554,-13.840524611198346
64.9069,64.9069,113.0,119.79301659563808,119.60689464997839,-17.85301659563808
64.9263,64.9263,127.0,119.80554676255531,119.61930278141095,-3.8655467625553097
64.9458,64.9458,118.0,119.81811618928035,119.631747024935,-12.878116189280346
64.9652,64.9652,117.0,119.83072374306131,119.64422740909082,-13.890723743061313
64.9847,64.9847,142.0,119.84337079434154,119.65674395803,11.096629205658461
65.0041,65.0041,125.0,119.85605594522451,119.66929668879096,-5.916055945224512
65.0236,65.0236,108.0,119.86878066414792,119.68188564340025,-22.928780664147922
65.0431,65.0431,120.0,119.88154435686934,119.69451087813823,-10.941544356869342
65.0625,65.0625,135.0,119.89434630831528,119.707172417844,4.045653691684722
65.082,65.082,116.0,119.90718801810256,119.71987028817779,-14.96718801810256
65.1014,65.1014,109.0,119.92006805891486,119.732604550519,-21.980068058914867
65.1209,65.1209,128.0,119.93298799261122,119.74537525623866,-2.9929879926112175
65.1403,65.1403,112.0,119.94594633525074,119.75818242782167,-19.00594633525074
65.1598,65.1598,122.0,119.95894468968343,119.77102610960851,-9.018944689683435
65.1793,65.1793,105.0,119.97198240392055,119.7839063250605,-26.03198240392055
65.1987,65.1987,124.0,119.9850585709279,119.79682310362344,-7.045058570927905
65.2182,65.2182,127.0,119.9981748722238,119.80977643495217,-4.0581748722238
65.2376,65.2376,126.0,120.01132970044901,119.82276631996245,-5.071329700449011
65.2571,65.2571,112.0,120.02452475145226,119.83579277869623,-19.084524751452264
65.2765,65.2765,111.0,120.03775827760997,119.84885584767981,-20.09775827760997
65.296,65.296,107.0,120.05103216329158,119.8619555423514,-24.111032163291583
65.3155,65.3155,101.0,120.064345524514,119.87509185433393,-30.124345524514
65.3349,65.3349,118.0,120.07769737871263,119.8882647406328,-13.137697378712629
65.3544,65.3544,124.0,120.09108943953825,119.90147410745058,-7.151089439538252
65.3738,65.3738,145.0,120.10451993939081,119.91471985591089,13.835480060609187
65.3933,65.3933,123.0,120.11799045095442,119.92800189811948,-8.177990450954423
65.4127,65.4127,114.0,120.13149912266671,119.94132016174264,-17.191499122666713
65.4322,65.4322,121.0,120.14504792074045,119.95467458268838,-10.205047920740453
65.4517,65.4517,119.0,120.15863565978268,119.96806508087637,-12.218635659782676
65.4711,65.4711,137.0,120.1722613633381,119.98149157903492,5.767738636661905
65.4906,65.4906,127.0,120.18592695385757,119.99495399728904,-4.245926953857575
65.51,65.51,129.0,120.19963035452034,120.00845229204562,-2.259630354520338
65.5295,65.5295,121.0,120.21337366970609,120.02198643835767,-10.273373669706087
65.5489,65.5489,120.0,120.22715472902165,120.03555643498386,-11.28715472902165
65.5684,65.5684,127.0,120.24097576316304,120.04916228331082,-4.300975763163036
65.5879,65.5879,117.0,120.25483566471677,120.06280398462958,-14.314835664716766
65.6073,65.6073,118.0,120.26873335568547,120.07648155873633,-13.32873335568547
65.6268,65.6268,117.0,120.28267120854197,120.09019501718761,-14.34267120854197
65.6462,65.6462,116.0,120.29664681530149,120.10394436595449,-15.356646815301486
65.6657,65.6657,124.0,120.31066257573073,120.11772960269455,-7.370662575730732
65.6851,65.6851,135.0,120.32471618640136,120.13155071402315,3.615283813598639
65.7046,65.7046,138.0,120.33880992999507,120.14540769696151,6.601190070004934
65.7241,65.7241,119.0,120.35294281420903,120.15930058384345,-12.41294281420903
65.7435,65.7435,117.0,120.36711355410651,120.17322944282085,-14.42711355410651
65.763,65.763,129.0,120.38132477383199,120.18719433892808,-2.441324773831992
65.7824,65.7824,126.0,120.39557403090393,120.20119532866246,-5.4555740309039304
65.8019,65.8019,134.0,120.40986390839657,120.21523249178186,2.530136091603426
65.8213,65.8213,107.0,120.42419212663161,120.22930592353359,-24.484192126631612
65.8408,65.8408,129.0,120.4385611919556,120.24341575305735,-2.4985611919556003
65.8603,65.8603,121.0,120.45297007066596,120.25756207388638,-10.512970070665956
65.8797,65.8797,141.0,120.46741754198467,120.27174500267388,9.472582458015326
65.8992,65.8992,107.0,120.48190643009073,120.28596465806828,-24.541906430090734
65.9186,65.9186,128.0,120.49643406417468,120.3002211889503,-3.556434064174679
65.9381,65.9381,101.0,120.5110034723377,120.31451470844165,-30.571003472337708
65.9575,65.9575,107.0,120.52561197731133,120.32884535010383,-24.58561197731133
65.977,65.977,107.0,120.54026251740046,120.3432131955129,-24.600262517400466
65.9965,65.9965,117.0,120.55495375944079,120.35761829037054,-14.614953759440793
66.0159,66.0159,98.0,120.56968421587078,120.3720606444654,-33.62968421587078
66.0354,66.0354,122.0,120.58445685932936,120.38654025855286,-9.644456859329365
66.0548,66.0548,115.0,120.59926866259384,120.40105707317305,-16.659268662593846
66.0743,66.0743,115.0,120.61412275015287,120.41561103319992,-16.674122750152875
66.0937,66.0937,138.0,120.62901578822387,120.4302020689735,6.310984211776132
66.1132,66.1132,105.0,120.64395095691515,120.44483009626082,-26.70395095691515
66.1326,66.1326,119.0,120.65892508860391,120.45949506686374,-12.718925088603909
66.1521,66.1521,120.0,120.67394119320113,120.47419689101433,-11.733941193201131
66.1716,66.1716,118.0,120.68899777496952,120.48893547501949,-13.748997774969522
66.191,66.191,112.0,120.70409298806162,120.50371072391108,-19.76409298806162
66.2105,66.2105,118.0,120.71923013750525,120.51852253602571,-13.77923013750525
66.2299,66.2299,124.0,120.7344056482598,120.53337078681379,-7.794405648259795
66.2494,66.2494,113.0,120.74962287547207,120.54825534495077,-18.809622875472073
66.2688,66.2688,108.0,120.76487847801059,120.56317608840855,-23.82487847801059
66.2883,66.2883,120.0,120.7801754637228,120.57813287484478,-11.8401754637228
66.3078,66.3078,124.0,120.79551216208661,120.5931255281036,-7.85551216208661
66.3272,66.3272,131.0,120.8108866369666,120.60815387047465,-0.8708866369666008
66.3467,66.3467,126.0,120.82630227595475,120.62321773338445,-5.886302275954746
66.3661,66.3661,120.0,120.84175528285672,120.63831697534916,-11.901755282856724
66.3856,66.3856,117.0,120.85724929707932,120.65345146926063,-14.917249297079321
66.405,66.405,109.0,120.87278050545778,120.66862108629434,-22.932780505457785
66.4245,66.4245,144.0,120.8883525748266,120.68382568779612,12.051647425173401
66.444,66.444,120.0,120.90396333614406,120.69906510370625,-11.96396333614406
66.4634,66.4634,106.0,120.91961105274541,120.71433918551911,-25.979611052745412
66.4829,66.4829,129.0,120.93529910997117,120.7296477828494,-2.995299109971169
66.5023,66.5023,132.0,120.95102360566683,120.74499070570812,-0.011023605666833802
66.5218,66.5218,115.0,120.9667884559017,120.76036778600171,-17.02678845590171
66.5412,66.5412,126.0,120.98258935468435,120.77577888469042,-6.042589354684351
66.5607,66.5607,118.0,120.99843032815751,120.79122384723343,-14.058430328157511
66.5802,66.5802,151.0,121.01430917025088,120.80670253306214,18.925690829749115
66.5996,66.5996,117.0,121.03022391331133,120.82221479409912,-15.090223913311332
66.6191,66.6191,136.0,121.04617827429387,120.83776048685547,3.8938217257061343
66.6385,66.6385,130.0,121.06216810311258,120.85333945755845,-2.1221681031125836
66.658,66.658,130.0,121.07819762264283,120.86895158803935,-2.138197622642833
66.6774,66.6774,111.0,121.09426227776854,120.88459678421935,-21.154262277768538
66.6969,66.6969,134.0,121.11036651197759,120.90027497607112,1.8296334880224112
66.7164,66.7164,112.0,121.12650819818093,120.91598606696397,-20.18650819818093
66.7358,66.7358,114.0,121.14268488035307,120.93172999302571,-18.202684880353075
66.7553,66.7553,126.0,121.15890103100705,120.94750666638832,-6.218901031007048
66.7747,66.7747,122.0,121.17515211656664,120.96331598052927,-10.235152116566637
66.7942,66.7942,116.0,121.19144260051905,120.97915784244339,-16.251442600519056
66.8136,66.8136,133.0,121.20776772847191,120.995032161911,0.7322322715280922
66.8331,66.8331,119.0,121.22413223068558,121.0109388353144,-13.284132230685584
66.8526,66.8526,107.0,121.24053374897363,121.02687778969116,-25.300533748973635
66.872,66.872,121.0,121.25696972625327,121.04284894666995,-11.316969726253275
66.8915,66.8915,130.0,121.27344485910682,121.05885219012619,-2.3334448591068178
66.9109,66.9109,120.0,121.28995455497225,121.0748874038199,-12.349954554972255
66.9304,66.9304,133.0,121.30650316579597,121.09095449509147,0.6334968342040259
66.9498,66.9498,109.0,121.32308598670636,121.10705336839081,-23.383085986706362
66.9693,66.9693,117.0,121.33970803671544,121.12318395862472,-15.399708036715436
66.9888,66.9888,122.0,121.35636662830264,121.13934616811434,-10.416366628302638
67.0082,67.0082,127.0,121.37305908963464,121.15553988808686,-5.433059089634638
67.0277,67.0277,128.0,121.38979054294128,121.17176501208226,-4.449790542941285
67.0471,67.0471,120.0,121.40655580585623,121.18802144925009,-12.46655580585623
67.0666,67.0666,130.0,121.42336009863783,121.20430912692632,-2.4833600986378297
67.086,67.086,133.0,121.44019795934531,121.22062796925205,0.4998020406546875
67.1055,67.1055,117.0,121.45707492708121,121.23697792358612,-15.51707492708121
67.125,67.125,122.0,121.47398807125857,121.2533589674728,-10.533988071258575
67.1444,67.1444,119.0,121.49093488271018,121.26977106705613,-13.550934882710179
67.1639,67.1639,133.0,121.50792090679295,121.28621419048662,0.4320790932070526
67.1833,67.1833,113.0,121.52494039272723,121.30268829980942,-19.584940392727233
67.2028,67.2028,124.0,121.54199913167618,121.31919338711671,-8.601999131676179
67.2222,67.2222,120.0,121.55909146686622,121.33572942215581,-12.619091466866221
67.2417,67.2417,116.0,121.57622310192632,121.35229638186897,-16.63622310192632
67.2612,67.2612,138.0,121.5933911683482,121.36889423960609,5.346608831651794
67.2806,67.2806,125.0,121.6105927777017,121.38552295431445,-7.670592777701698
67.3001,67.3001,113.0,121.6278339368759,121.40218252126593,-19.687833936875904
67.3195,67.3195,114.0,121.64510861727805,121.41887294542384,-18.705108617278057
67.339,67.339,120.0,121.6624229472404,121.4355942091388,-12.722422947240402
67.3584,67.3584,106.0,121.6797708058863,121.45234627479563,-26.73977080588631
67.3779,67.3779,117.0,121.69715836145203,121.46912910091827,-15.757158361452026
67.3974,67.3974,125.0,121.71458262386282,121.48594260444052,-7.774582623862825
67.4168,67.4168,120.0,121.73204022126248,121.50278669027111,-12.79204022126248
67.4363,67.4363,119.0,121.74953761190741,121.5196612727419,-13.809537611907414
67.4557,67.4557,127.0,121.76706817685022,121.53656626214315,-5.827068176850217
67.4752,67.4752,146.0,121.78463843556156,121.55350156198698,13.155361564438438
67.4946,67.4946,113.0,121.80224202105343,121.57046709039007,-19.862242021053433
67.5141,67.5141,117.0,121.81988514250843,121.58746278311074,-15.879885142508426
67.5336,67.5336,110.0,121.83756475268002,121.60448855284156,-22.897564752680026
67.553,67.553,97.0,121.85527735545789,121.62154429993141,-35.91527735545789
67.5725,67.5725,110.0,121.87302957500788,121.63862989349612,-22.93302957500788
67.5919,67.5919,119.0,121.8908144985915,121.65574513638177,-13.950814498591496
67.6114,67.6114,136.0,121.90863903400924,121.67288980010971,3.0313609659907588
67.6308,67.6308,123.0,121.92649575041777,121.69006364905717,-9.986495750417772
67.6503,67.6503,127.0,121.94439169643722,121.70726648226821,-6.004391696437223
67.6698,67.6698,125.0,121.96232314571488,121.72449810230617,-8.022323145714877
67.6892,67.6892,100.0,121.98028660459445,121.74175832588769,-33.040286604594456
67.7087,67.7087,125.0,121.9982887864226,121.75904697851533,-8.058288786422606
67.7281,67.7281,121.0,122.01632249570478,121.77636382717307,-12.076322495704785
67.7476,67.7476,139.0,122.03439498046615,121.7937086475385,5.905605019533853
67.767,67.767,117.0,122.0524984751283,121.81108121320153,-16.112498475128305
67.7865,67.7865,126.0,122.07064034866988,121.82848133397584,-7.130640348669884
67.806,67.806,125.0,122.08881705490242,121.84590880672934,-8.148817054902421
67.8254,67.8254,116.0,122.10702423883654,121.86336343950659,-17.167024238836547
67.8449,67.8449,110.0,122.1252696832106,121.88084504881341,-23.185269683210606
67.8643,67.8643,123.0,122.14354547972681,121.8983534353773,-10.203545479726811
67.8838,67.8838,128.0,122.16185927663506,121.91588836794892,-5.2218592766350564
67.9032,67.9032,124.0,122.18020288618143,121.93344961823894,-9.240202886181434
67.9227,67.9227,107.0,122.19858433277018,121.95103697419789,-26.258584332770184
67.9422,67.9422,118.0,122.21699961262976,121.9686502293255,-15.276999612629764
67.9616,67.9616,138.0,122.23544411818993,121.98628913688077,4.704555881810068
67.9811,67.9811,110.0,122.25392614287438,122.00395343944449,-23.31392614287438
68.0005,68.0005,125.0,122.27243716957713,122.02164291578043,-8.332437169577132
68.02,68.02,124.0,122.29098522179464,122.03935731234415,-9.350985221794643
68.0394,68.0394,132.0,122.30956194317947,122.05709638358246,-1.369561943179475
68.0589,68.0589,118.0,122.32817579760082,122.07485988920747,-15.388175797600821
68.0784,68.0784,126.0,122.34682218425414,122.09264761495892,-7.406822184254137
68.0978,68.0978,115.0,122.36549647818885,122.1104593356127,-18.425496478188848
68.1173,68.1173,111.0,122.38420749203934,122.12829483641757,-22.44420749203934
68.1367,68.1367,123.0,122.40294636405123,122.14615388348659,-10.462946364051232
68.1562,68.1562,137.0,122.42172154471281,122.16403621298167,3.5182784552871897
68.1756,68.1756,117.0,122.44052393840434,122.1819415633592,-16.500523938404342
68.1951,68.1951,117.0,122.45936280091385,122.19986970835397,-16.519362800913854
68.2146,68.2146,132.0,122.47823298486344,122.2178204077568,-1.5382329848634395
68.234,68.234,136.0,122.49713005250109,122.23579340736609,2.4428699474989077
68.2535,68.2535,137.0,122.51606296962835,122.25378847862184,3.4239370303716488
68.2729,68.2729,117.0,122.53502223307676,122.27180542682532,-16.59502223307676
68.2924,68.2924,129.0,122.55401758283121,122.28984409245723,-4.614017582831208
68.3118,68.3118,132.0,122.573038887195,122.30790430181221,-1.6330388871949975
68.3313,68.3313,132.0,122.5920961871176,122.32598589906364,-1.6520961871176052
68.3508,68.3508,137.0,122.61118437564079,122.34408875380913,3.32881562435921
68.3702,68.3702,116.0,122.63029845132593,122.36221276102657,-17.69029845132593
68.3897,68.3897,122.0,122.64944877502808,122.38035785076971,-11.709448775028077
68.4091,68.4091,122.0,122.6686247964047,122.39852393597093,-11.7286247964047
68.4286,68.4286,142.0,122.68783711901621,122.41671092853984,8.252162880983791
68.448,68.448,117.0,122.70707518800319,122.43491873931457,-16.76707518800319
68.4675,68.4675,125.0,122.72634962406767,122.45314731230185,-8.786349624067666
68.487,68.487,136.0,122.74565546883122,122.47139657688348,2.194344531168783
68.5064,68.5064,139.0,122.76498692922362,122.48966646927738,5.175013070776375
68.5259,68.5259,114.0,122.78435526459403,122.50795695918934,-19.84435526459403
68.5453,68.5453,136.0,122.80374940362447,122.52626805264275,2.1362505963755343
68.5648,68.5648,112.0,122.8231806573308,122.5445997327634,-21.883180657330797
68.5842,68.5842,130.0,122.84263819492519,122.56295201607524,-3.9026381949251867
68.6037,68.6037,126.0,122.86213299832458,122.58132489072226,-7.922132998324583
68.6232,68.6232,117.0,122.88165989320642,122.5997183646127,-16.94165989320642
68.6426,68.6426,116.0,122.90121310137657,122.61813245482317,-17.961213101376572
68.6621,68.6621,136.0,122.9208043903298,122.63656716336153,2.0191956096701933
68.6815,68.6815,131.0,122.94042176146779,122.65502247442537,-3.0004217614677895
68.701,68.701,136.0,122.96007806749316,122.67349840542674,1.9799219325068425
68.7204,68.7204,123.0,122.97976083440487,122.69199499586213,-11.039760834404872
68.7399,68.7399,144.0,122.9994826807439,122.7105123183801,9.940517319256104
68.7594,68.7594,134.0,123.01923759089392,122.729050446457,-0.07923759089392313
68.7788,68.7788,137.0,123.03901990643972,122.74760948209469,2.90098009356028
68.7983,68.7983,122.0,123.05884191180039,122.76618955638425,-12.118841911800386
68.8177,68.8177,132.0,123.07869155088004,122.7847908349847,-2.138691550880038
68.8372,68.8372,135.0,123.09858211603303,122.80341348149484,0.8414178839669706
68.8566,68.8566,122.0,123.11850062032981,122.82205768377258,-12.178500620329812
68.8761,68.8761,109.0,123.13846076980711,122.84072366072172,-25.198460769807113
68.8955,68.8955,104.0,123.15844964475647,122.8594116290355,-30.218449644756475
68.915,68.915,116.0,123.17848091283751,122.87812176815504,-18.238480912837517
68.9345,68.9345,122.0,123.19854851517697,122.89685420676089,-12.258548515176967
68.9539,68.9539,126.0,123.21864539541745,122.91560905502348,-8.278645395417454
68.9734,68.9734,137.0,123.23878590072631,122.93438642070164,2.7012140992736864
68.9928,68.9928,124.0,123.2589561694119,122.95318641982914,-10.318956169411903
69.0123,69.0123,120.0,123.27917073773084,122.97200920274875,-14.339170737730838
69.0317,69.0317,106.0,123.29941597811185,122.99085492261585,-28.359415978111855
69.0512,69.0512,121.0,123.31970606259037,123.0097237245905,-13.37970606259037
69.0707,69.0707,130.0,123.34003453793663,123.02861570810154,-4.400034537936632
69.0901,69.0901,138.0,123.3603941165388,123.04753096717208,3.5796058834612
69.1096,69.1096,112.0,123.38079964796735,123.066469614384,-22.440799647967353
69.129,69.129,131.0,123.40123687945565,123.08543179772104,-3.4612368794556527
69.1485,69.1485,127.0,123.4217214450018,123.1044176353823,-7.481721445001794
69.1679,69.1679,124.0,123.44223786615112,123.12342726655699,-10.502237866151118
69.1874,69.1874,129.0,123.46280239171585,123.14246084087564,-5.522802391715855
69.2069,69.2069,119.0,123.48340713582213,123.16151851032438,-15.543407135822134
69.2263,69.2263,124.0,123.50404526305618,123.18060044253349,-10.564045263056185
69.2458,69.2458,141.0,123.52473235176102,123.19970679393603,6.4152676482389825
69.2652,69.2652,136.0,123.54545301091663,123.21883772316689,1.3945469890833682
69.2847,69.2847,129.0,123.56622419309548,123.23799342472833,-5.62622419309548
69.3041,69.3041,127.0,123.58702937099461,123.25717412530335,-7.647029370994614
69.3236,69.3236,110.0,123.60788602189567,123.2763800669673,-24.66788602189567
69.3431,69.3431,113.0,123.62878610374335,123.29561150182953,-21.688786103743354
69.3625,69.3625,118.0,123.64972162574979,123.31486864626615,-16.709721625749793
69.382,69.382,133.0,123.67071042606774,123.33415168894363,-1.730710426067743
69.4014,69.4014,111.0,123.69173499859649,123.35346080422659,-23.75173499859649
69.4209,69.4209,111.0,123.7128138760727,123.37279619184021,-23.772813876072703
69.4403,69.4403,133.0,123.73392929557355,123.39215801826067,-1.7939292955735464
69.4598,69.4598,123.0,123.75509987007798,123.41154641666316,-11.815099870077985
69.4793,69.4793,122.0,123.77631735782911,123.43096154544284,-12.836317357829115
69.4987,69.4987,123.0,123.79757233042609,123.45040356188845,-11.857572330426093
69.5182,69.5182,118.0,123.81888409474945,123.46987261944032,-16.878884094749452
69.5376,69.5376,120.0,123.84023422863979,123.48936887032784,-14.900234228639787
69.5571,69.5571,135.0,123.86164221670982,123.50889245206139,0.07835778329017451
69.5765,69.5765,118.0,123.88308870750731,123.52844349276334,-16.943088707507314
69.596,69.596,110.0,123.90459470850138,123.54802215012651,-24.96459470850138
69.6155,69.6155,127.0,123.9261502793647,123.56762856696685,-7.986150279364706
69.6349,69.6349,143.0,123.94774568895608,123.587262849636,7.992254311043924
69.6544,69.6544,119.0,123.96940154814979,123.60692511369066,-16.029401548149792
69.6738,69.6738,116.0,123.99109852715178,123.62661550822062,-19.05109852715178
69.6933,69.6933,133.0,124.01285676761294,123.64633416991963,-2.0728567676129455
69.7127,69.7127,127.0,124.03465639568896,123.66608121495628,-8.094656395688956
69.7322,69.7322,103.0,124.05651928227891,123.68585678409897,-32.116519282278915
69.7517,69.7517,140.0,124.07843490856249,123.70566102705807,4.861565091437514
69.7711,69.7711,130.0,124.10039272313811,123.72549403786735,-5.160392723138115
69.7906,69.7906,120.0,124.1224152030801,123.74535594684097,-15.182415203080096
69.81,69.81,116.0,124.14448091944367,123.76524690103285,-19.204480919443668
69.8295,69.8295,109.0,124.16661290129822,123.78516703741988,-26.226612901298225
69.8489,69.8489,111.0,124.18878843729289,123.80511647208077,-24.248788437292887
69.8684,69.8684,117.0,124.21103135691578,123.82509528129987,-18.271031356915785
69.8879,69.8879,117.0,124.23333036464454,123.8451035068967,-18.293330364644547
69.9073,69.9073,129.0,124.25567417855649,123.86514117232342,-6.31567417855649
69.9268,69.9268,119.0,124.2780872758724,123.88520828261098,-16.338087275872397
69.9462,69.9462,119.0,124.30054539881861,123.9053048565259,-16.360545398818616
69.9657,69.9657,109.0,124.32307377463573,123.92543089968937,-26.383073774635733
69.9851,69.9851,141.0,124.34564810999174,123.94558640452328,5.594351890008257
70.0046,70.0046,112.0,124.36829314778258,123.96577132327769,-23.428293147782583
70.0241,70.0241,141.0,124.39099812015031,123.98598564447914,5.549001879849685
70.0435,70.0435,126.0,124.41374941609219,124.00622932444887,-9.473749416092188
70.063,70.063,123.0,124.43657393737563,124.02650235579495,-12.496573937375627
70.0824,70.0824,108.0,124.45944579191368,124.04680473647949,-27.519445791913682
70.1019,70.1019,126.0,124.48239145011239,124.06713646170424,-9.542391450112389
70.1213,70.1213,131.0,124.50538580594446,124.08749748348073,-4.565385805944457
70.1408,70.1408,101.0,124.52845510755945,124.10788775901109,-34.588455107559454
70.1603,70.1603,130.0,124.5515872345431,124.12830726390298,-5.611587234543107
70.1797,70.1797,118.0,124.57476828330054,124.14875591156856,-17.634768283300545
70.1992,70.1992,153.0,124.59802671527429,124.1692336311012,17.34197328472571
70.2186,70.2186,120.0,124.62133438166994,124.1897403350477,-15.68133438166994
70.2381,70.2381,116.0,124.64472073326088,124.21027594249261,-19.704720733260885
70.2575,70.2575,119.0,124.6681571806714,124.23084036124733,-16.728157180671403
70.277,70.277,135.0,124.69167415540367,124.25143347702704,-0.7516741554036752
70.2965,70.2965,138.0,124.7152567342736,124.27205516147112,2.2247432657264046
70.3159,70.3159,128.0,124.73889007009953,124.29270531413464,-7.79889007009953
70.3354,70.3354,130.0,124.76260544160496,124.31338386837889,-5.822605441604962
70.3548,70.3548,112.0,124.78637259936657,124.33409076750432,-23.846372599366575
70.3743,70.3743,132.0,124.81022397227862,124.35482597000512,-3.8702239722786214
70.3937,70.3937,127.0,124.8341274005872,124.37558940117873,-8.894127400587207
70.4132,70.4132,96.0,124.85811633563992,124.39638100662249,-39.91811633563992
70.4327,70.4327,121.0,124.88217502620071,124.41720073897773,-14.942175026200713
70.4521,70.4521,138.0,124.90628750248189,124.43804847445581,2.0337124975181116
70.4716,70.4716,133.0,124.93048828282232,124.45892408007442,-2.9904882828223247
70.491,70.491,125.0,124.95474305883428,124.47982745639437,-11.014743058834283
70.5105,70.5105,130.0,124.97908765245383,124.50075852655583,-6.039087652453828
70.5299,70.5299,114.0,125.00348745289794,124.52171721509708,-22.063487452897945
70.5494,70.5494,123.0,125.02797857559736,124.54270346125584,-13.08797857559736
70.5689,70.5689,114.0,125.05254502304162,124.56371717595133,-22.11254502304162
70.5883,70.5883,127.0,125.07716782163064,124.58475826595361,-9.137167821630639
70.6078,70.6078,118.0,125.10188522873068,124.60582660960124,-18.161885228730682
70.6272,70.6272,131.0,125.12666049474899,124.62692209171641,-5.18666049474899
70.6467,70.6467,116.0,125.15153142054743,124.64804457934412,-20.21153142054743
70.6661,70.6661,110.0,125.17646225200302,124.66919395652714,-26.236462252003022
70.6856,70.6856,133.0,125.20149081881424,124.69037008403352,-3.261490818814236
70.7051,70.7051,124.0,125.22659995481506,124.71157278314915,-12.286599954815058
70.7245,70.7245,131.0,125.25176890669678,124.7328018971551,-5.311768906696782
70.744,70.744,115.0,125.27703910424492,124.7540572674189,-21.337039104244923
70.7634,70.7634,112.0,125.30237195764444,124.7753387520286,-24.36237195764444
70.7829,70.7829,128.0,125.32780791558483,124.79664618282041,-8.387807915584828
70.8023,70.8023,114.0,125.35330663408259,124.81797935724612,-22.413306634082588
70.8218,70.8218,114.0,125.37891223660286,124.83933808135053,-22.43891223660286
70.8413,70.8413,126.0,125.40460353942039,124.86072213206273,-10.464603539420393
70.8607,70.8607,119.0,125.43035883380863,124.88213125713848,-17.490358833808628
70.8802,70.8802,129.0,125.45622389798213,124.9035652073945,-7.516223897982128
70.8996,70.8996,119.0,125.48215456485858,124.92502371781863,-17.542154564858578
70.9191,70.9191,136.0,125.50819838999941,124.94650653437544,-0.5681983899994076
70.9385,70.9385,107.0,125.53430828456354,124.968013387085,-29.59430828456354
70.958,70.958,128.0,125.5605336168627,124.98954403457404,-8.6205336168627
70.9775,70.9775,104.0,125.58685113325676,125.01109818710798,-32.64685113325676
70.9969,70.9969,134.0,125.61323756413015,125.0326755630295,-2.6732375641301456
71.0164,71.0164,118.0,125.63974401060739,125.0542758241292,-18.69974401060739
71.0358,71.0358,122.0,125.66631987326326,125.0758986558436,-14.726319873263263
71.0553,71.0553,130.0,125.69301837224319,125.09754372462473,-6.753018372243188
71.0747,71.0747,137.0,125.71978842691786,125.11921068864964,0.2202115730821408
71.0942,71.0942,133.0,125.74668376244419,125.14089921921497,-3.8066837624441927
71.1137,71.1137,137.0,125.77367913302899,125.16260901801648,0.16632086697100767
71.1331,71.1331,111.0,125.80074874765775,125.18433980759838,-25.860748747657752
71.1526,71.1526,110.0,125.82794960016065,125.2060913408133,-26.887949600160653
71.172,71.172,108.0,125.85522568425635,125.22786333233677,-28.915225684256356
71.1915,71.1915,136.0,125.88263617014721,125.24965545591698,-0.9426361701472086
71.2109,71.2109,116.0,125.91012422112279,125.27146733893301,-20.970124221122788
71.2304,71.2304,126.0,125.93774977656707,125.29329863668379,-10.997749776567074
71.2499,71.2499,100.0,125.96548668381583,125.3151489795155,-37.02548668381583
71.2693,71.2693,142.0,125.99330375244122,125.33701799967355,4.946696247558778
71.2888,71.2888,131.0,126.02126481086758,125.35890526126676,-6.081264810867578
71.3082,71.3082,106.0,126.04930852808566,125.38081036473474,-31.109308528085663
71.3277,71.3277,122.0,126.07749993021812,125.40273292559091,-15.137499930218125
71.3471,71.3471,111.0,126.1057769186013,125.42467250718477,-26.165776918601296
71.3666,71.3666,123.0,126.1342070438744,125.44662866371101,-14.194207043874398
71.3861,71.3861,135.0,126.16275839647436,125.46860091054026,-2.22275839647436
71.4055,71.4055,128.0,126.19139830124232,125.49058875646166,-9.251398301242316
71.425,71.425,129.0,126.22019722269454,125.5125917352987,-8.280197222694538
71.4444,71.4444,134.0,126.2490879387396,125.53460938761096,-3.309087938739607
71.4639,71.4639,123.0,126.27814402262001,125.55664126331001,-14.338144022620012
71.4833,71.4833,117.0,126.30729368610673,125.57868693469621,-20.367293686106734
71.5028,71.5028,106.0,126.33661361470098,125.6007459671924,-31.396613614700982
71.5223,71.5223,111.0,126.36606862079604,125.62281790313342,-26.426068620796045
71.5417,71.5417,119.0,126.39562445398722,125.64490223209818,-18.455624453987227
71.5612,71.5612,144.0,126.42535707851094,125.66699840430827,6.514642921489058
71.5806,71.5806,129.0,126.45519255938859,125.68910585210304,-8.515192559388593
71.6001,71.6001,115.0,126.48521364672739,125.7112240431455,-22.54521364672739
71.6195,71.6195,127.0,126.51533981132702,125.73335245397918,-10.575339811327025
71.639,71.639,124.0,126.5456575864797,125.75549053231924,-13.605657586479706
71.6584,71.6584,135.0,126.57608481288001,125.77763772928392,-2.6360848128800125
71.6779,71.6779,116.0,126.60670979609942,125.79979349126974,-21.666709796099425
71.6974,71.6974,135.0,126.63749497643417,125.82195728895041,-2.69749497643417
71.7168,71.7168,136.0,126.66839535504273,125.84412856662468,-1.7283953550427338
71.7363,71.7363,126.0,126.69950574206639,125.86630679275926,-11.759505742066393
71.7557,71.7557,122.0,126.73073654603134,125.88849146235613,-15.790736546031338
71.7752,71.7752,126.0,126.76218472063105,125.91068207077673,-11.822184720631055
71.7946,71.7946,121.0,126.79375946741511,125.9328781029202,-16.853759467415117
71.8141,71.8141,135.0,126.82556194414651,125.95507904392589,-2.885561944146515
71.8336,71.8336,142.0,126.85754603083994,125.97728436565964,4.082453969160058
71.853,71.853,113.0,126.88966415496672,125.99949356382581,-24.949664154966726
71.8725,71.8725,127.0,126.92202256193795,126.02170617032114,-10.982022561937951
71.8919,71.8919,118.0,126.95452232262237,126.0439216820545,-20.01452232262237
71.9114,71.9114,119.0,126.98727464483895,126.06613959856344,-19.04727464483895
71.9308,71.9308,130.0,127.02017304577912,126.0883593977371,-8.080173045779118
71.9503,71.9503,132.0,127.05333431381295,126.11058053844839,-6.113334313812954
71.9698,71.9698,139.0,127.08670664926622,126.13280249005446,0.8532933507337805
71.9892,71.9892,123.0,127.1202400719991,126.15502473764063,-15.180240071999107
72.0087,72.0087,104.0,127.15405107570358,126.17724679863394,-34.21405107570358
72.0281,72.0281,114.0,127.1880290357373,126.1994681819735,-24.248029035737304
72.0476,72.0476,136.0,127.2223018583661,126.22168833690753,-2.282301858366095
72.067,72.067,131.0,127.25674814372519,126.24390667984987,-7.3167481437251904
72.0865,72.0865,128.0,127.29150209674232,126.26612265284732,-10.35150209674232
72.106,72.106,114.0,127.32650521539378,126.28833571067806,-24.386505215393782
72.1254,72.1254,129.0,127.36169835388792,126.31054531277717,-9.421698353887917
72.1449,72.1449,138.0,127.39722265885838,126.33275088550597,-0.45722265885838276
72.1643,72.1643,137.0,127.43294513078165,126.354951862444,-1.4929451307816475
72.1838,72.1838,121.0,127.46901438957616,126.37714770712026,-17.52901438957616
72.2032,72.2032,117.0,127.50529362745492,126.39933791074222,-21.56529362745492
72.2227,72.2227,122.0,127.54193603332028,126.42152195004786,-16.601936033320285
72.2422,72.2422,120.0,127.57888057883831,126.4436992764782,-18.63888057883831
72.2616,72.2616,126.0,127.61605280358043,126.46586932957726,-12.676052803580431
72.2811,72.2811,126.0,127.65361871949383,126.48803153154843,-12.713618719493835
72.3005,72.3005,126.0,127.69142671323563,126.51018530334245,-12.75142671323563
72.32,72.32,121.0,127.729647599785,126.53233006459786,-17.789647599785
72.3394,72.3394,152.0,127.76812703030802,126.55446523358144,13.171872969691977
72.3589,72.3589,133.0,127.80704499422787,126.57659021367272,-5.867044994227866
72.3784,72.3784,124.0,127.84632457875391,126.59870442271249,-14.906324578753908
72.3978,72.3978,133.0,127.88588556070252,126.62080729567114,-5.94588556070252
72.4173,72.4173,96.0,127.92591879948337,126.64289826052828,-42.98591879948337
72.4367,72.4367,117.0,127.96625686831487,126.66497676227749,-22.026256868314874
72.4562,72.4562,136.0,128.0070908774886,126.68704216343583,-3.067090877488594
72.4756,72.4756,128.0,128.048245810393,126.70909380050824,-11.108245810393013
72.4951,72.4951,134.0,128.08993258959183,126.7311310344999,-5.149932589591826
72.5146,72.5146,118.0,128.13205976712032,126.75315322988415,-21.192059767120327
72.534,72.534,149.0,128.17454526220791,126.77515977046444,9.765454737792085
72.5535,72.5535,135.0,128.21760362444104,126.79715001648664,-4.27760362444104
72.5729,72.5729,132.0,128.26103920230491,126.81912335361544,-7.321039202304915
72.5924,72.5924,123.0,128.30509056395357,126.84107918924013,-16.365090563953572
72.6118,72.6118,113.0,128.3495415292351,126.86301694460761,-26.4095415292351
72.6313,72.6313,109.0,128.39464512876486,126.88493603063023,-30.454645128764867
72.6508,72.6508,130.0,128.44030023808386,126.90683582090824,-9.500300238083865
72.6702,72.6702,118.0,128.48640230849037,126.92871564090406,-21.54640230849037
72.6897,72.6897,135.0,128.53322224083118,126.95057482437853,-4.59322224083118
72.7091,72.7091,143.0,128.58051721581305,126.97241268106231,3.3594827841869535
72.7286,72.7286,124.0,128.62857493775638,126.99422854202061,-15.688574937756384
72.748,72.748,130.0,128.6771445414938,127.01602177451483,-9.73714454149379
72.7675,72.7675,134.0,128.72652459806497,127.03779173775125,-5.78652459806497
72.787,72.787,110.0,128.77660906314765,127.05953779894242,-29.836609063147648
72.8064,72.8064,128.0,128.82726225032252,127.081259343836,-11.88726225032252
72.8259,72.8259,118.0,128.87881401859605,127.10295571226361,-21.938814018596048
72.8453,72.8453,127.0,128.9309805494855,127.1246262465255,-12.990980549485498
72.8648,72.8648,140.0,128.9841049034374,127.14627026442278,-0.0441049034374128
72.8842,72.8842,117.0,129.03790172953097,127.16788708342142,-23.097901729530975
72.9037,72.9037,122.0,129.09271838185907,127.18947605330467,-18.152718381859074
72.9232,72.9232,117.0,129.14843460902517,127.21103649648995,-23.208434609025176
72.9426,72.9426,122.0,129.20489768300277,127.23256772143021,-18.264897683002772
72.9621,72.9621,140.0,129.26249617224562,127.25406900909631,-0.32249617224561966
72.9815,72.9815,124.0,129.32091316897078,127.2755396263789,-16.38091316897078
73.001,73.001,136.0,129.3805485491596,127.29697887228576,-4.4405485491596135
73.0204,73.0204,123.0,129.44106123859672,127.31838603701225,-17.50106123859672
73.0399,73.0399,132.0,129.5028992679856,127.33976043374025,-8.562899267985612
73.0594,73.0594,158.0,129.56589305197582,127.36110136403238,17.374106948024178
73.0788,73.0788,143.0,129.62988920475686,127.38240814192805,2.3101107952431352
73.0983,73.0983,139.0,129.69535324949405,127.4036800855486,-1.755353249494048
73.1177,73.1177,128.0,129.76189528463945,127.42491654898816,-12.821895284639451
73.1372,73.1372,121.0,129.83003996136515,127.44611691613935,-19.890039961365147
73.1566,73.1566,139.0,129.8993500300396,127.46728057244034,-1.959350030039614
73.1761,73.1761,120.0,129.97039000986015,127.48840688598226,-21.030390009860156
73.1956,73.1956,133.0,130.04296947245487,127.50949525451794,-8.102969472454872
73.215,73.215,110.0,130.11688590234846,127.53054505564718,-31.17688590234846
73.2345,73.2345,109.0,130.19275861248272,127.55155568164624,-32.25275861248272
73.2539,73.2539,152.0,130.2700827800745,127.57252647760754,10.66991721992551
73.2734,73.2734,135.0,130.34952695948814,127.59345673869149,-6.409526959488145
73.2928,73.2928,139.0,130.43056361333797,127.61434577778293,-2.490563613337967
73.3123,73.3123,136.0,130.51389901191348,127.6351929274525,-5.573899011913481
73.3318,73.3318,119.0,130.59933340696492,127.65599754961343,-22.65933340696492
73.3512,73.3512,135.0,130.6865937389077,127.67675902831427,-6.746593738907704
73.3707,73.3707,143.0,130.77647896544494,127.69747672430742,1.1635210345550622
73.3901,73.3901,126.0,130.86838076844688,127.7181500178159,-15.928380768446884
73.4096,73.4096,137.0,130.9631317366417,127.73877832479754,-5.023131736641714
73.429,73.429,126.0,131.06012647856386,127.75936105658899,-16.12012647856386
73.4485,73.4485,135.0,131.16023614154733,127.77989764890016,-7.22023614154733
73.468,73.468,121.0,131.263236944424,127.80038753270885,-21.323236944423996
73.4874,73.4874,121.0,131.3688125822628,127.82083015819681,-21.428812582262793
73.5069,73.5069,120.0,131.47797451639985,127.84122495724492,-22.537974516399856
73.5263,73.5263,117.0,131.59001437413323,127.86157134337815,-25.650014374133235
73.5458,73.5458,113.0,131.7059943780917,127.88186870901873,-29.765994378091705
73.5652,73.5652,107.0,131.82513830038897,127.9021164173559,-35.885138300388974
73.5847,73.5847,144.0,131.9486651049875,127.92231379152436,0.9913348950125016
73.6042,73.6042,140.0,132.0762566827801,127.94246009840028,-3.1362566827800986
73.6236,73.6236,140.0,132.2075432121211,127.96255464107797,-3.2675432121210957
73.6431,73.6431,132.0,132.3439001995736,127.98259675341765,-11.403900199573597
73.6625,73.6625,113.0,132.48439039026385,128.0025858000042,-30.544390390263857
73.682,73.682,113.0,132.6305247713242,128.02252115618867,-30.690524771324192
73.7014,73.7014,142.0,132.78125322506045,128.04240215694256,-1.8412532250604539
73.7209,73.7209,126.0,132.93824522354106,128.0622280968043,-17.998245223541062
73.7404,73.7404,135.0,133.10112952610382,128.08199830446938,-9.161129526103819
73.7598,73.7598,112.0,133.26948872214595,128.10171210308621,-32.32948872214595
73.7793,73.7793,131.0,133.445228685128,128.1213688342234,-13.505228685128001
73.7987,73.7987,128.0,133.62709101129934,128.1409677961115,-16.687091011299344
73.8182,73.8182,136.0,133.81719469064066,128.16050829470564,-8.877194690640662
73.8376,73.8376,123.0,134.0142157227738,128.17998963558173,-22.0742157227738
73.8571,73.8571,129.0,134.220427711935,128.19941114511434,-16.280427711935005
73.8766,73.8766,134.0,134.43552710721397,128.2187721357392,-11.495527107213972
73.896,73.896,127.0,134.6589124916283,128.2380719220434,-18.718912491628316
73.9155,73.9155,131.0,134.89331314426005,128.2573098340572,-14.953313144260049
73.9349,73.9349,167.0,135.13712978252872,128.27648519848128,20.80287021747128
73.9544,73.9544,130.0,135.39331328042005,128.29559734937695,-16.453313280420048
73.9738,73.9738,128.0,135.66026870642511,128.31464562122838,-18.720268706425117
73.9933,73.9933,126.0,135.94119244943508,128.33362935309748,-21.00119244943508
74.0128,74.0128,124.0,136.23577774242315,128.35254788320017,-23.295777742423155
74.0322,74.0322,148.0,136.54336117540603,128.3714005434752,0.3966388245939658
74.0517,74.0517,133.0,136.86789859398738,128.3901866541498,-14.927898593987377
74.0711,74.0711,148.0,137.20725411947166,128.40890556853964,-0.2672541194716569
74.0906,74.0906,135.0,137.56584995565726,128.42755665230322,-13.625849955657257
74.11,74.11,132.0,137.94143413299844,128.44613930427025,-17.00143413299844
74.1295,74.1295,122.0,138.33900411792172,128.46465294078988,-27.39900411792172
74.149,74.149,154.0,138.75808838405578,128.4830969877408,4.181911615944218
74.1684,74.1684,97.0,139.19792662508183,128.5014708536047,-53.257926625081836
74.1879,74.1879,114.0,139.66444574393452,128.51977396111567,-36.724445743934524
74.2073,74.2073,116.0,140.15479210964685,128.53800564822038,-35.21479210964685
74.2268,74.2268,132.0,140.67567976948524,128.55616521378528,-19.735679769485245
74.2462,74.2462,136.0,141.22373394696965,128.5742519229312,-16.283733946969647
74.2657,74.2657,131.0,141.8065743837713,128.5922650500147,-21.866574383771308
74.2852,74.2852,121.0,142.42359461981812,128.61020388912772,-32.48359461981812
74.3046,74.3046,112.0,143.07385272322327,128.62806774082588,-42.13385272322327
74.3241,74.3241,139.0,143.76631804835912,128.645855885184,-15.826318048359125
74.3435,74.3435,148.0,144.49638298436003,128.66356755752219,-7.556382984360026
74.363,74.363,144.0,145.2741244476599,128.68120202016357,-12.334124447659887
74.3824,74.3824,123.0,146.0943104980871,128.69875856913643,-34.15431049808711
74.4019,74.4019,139.0,146.9677707057418,128.71623653621887,-19.0277707057418
74.4213,74.4213,133.0,147.8888192682018,128.7336352378537,-25.948819268201788
74.4408,74.4408,150.0,148.8688571994038,128.75095401732153,-9.928857199403806
74.4603,74.4603,130.0,149.90623965100386,128.7681922293325,-30.96623965100386
74.4797,74.4797,141.0,150.9973584044201,128.78534925727328,-21.057358404420114
74.4992,74.4992,136.0,152.1552383293331,128.80242448784009,-27.21523832933309
74.5186,74.5186,139.0,153.36943680343398,128.81941733881408,-25.429436803433987
74.5381,74.5381,156.0,154.6530250925348,128.83632724712217,-9.71302509253479
74.5575,74.5575,142.0,155.99304945114474,128.85315367628561,-25.053049451144744
74.577,74.577,141.0,157.4019984558742,128.8698960996823,-27.46199845587421
74.5965,74.5965,131.0,158.87032709499772,128.88655402353618,-38.93032709499772
74.6159,74.6159,148.0,160.38583969029318,128.9031269849852,-23.445839690293184
74.6354,74.6354,166.0,161.9577697629377,128.91961452684214,-7.017769762937688
74.6548,74.6548,149.0,163.56195032000252,128.93601622608344,-25.621950320002526
74.6743,74.6743,148.0,165.20394757155572,128.95233166036323,-28.26394757155572
74.6937,74.6937,141.0,166.85317582051772,128.9685604393968,-36.91317582051772
74.7132,74.7132,143.0,168.51052124954748,128.98470220715234,-36.57052124954748
74.7327,74.7327,159.0,170.14838562998725,129.00075663831058,-22.208385629987248
74.7521,74.7521,139.0,171.73781554115956,129.0167234417943,-43.797815541159565
74.7716,74.7716,161.0,173.2722470807842,129.03260233136467,-23.332247080784214
74.791,74.791,147.0,174.71195847275845,129.04839304690825,-38.771958472758456
74.8105,74.8105,145.0,176.04789453141925,129.06409533116266,-42.10789453141925
74.8299,74.8299,154.0,177.2438588850012,129.07970896261367,-34.303858885001205
74.8494,74.8494,167.0,178.2909154675396,129.09523375590499,-22.350915467539608
74.8689,74.8689,166.0,179.16554105286525,129.11066954178958,-24.225541052865253
74.8883,74.8883,149.0,179.85094776804542,129.12601615155535,-41.91094776804542
74.9078,74.9078,173.0,180.34520345816102,129.141273417206,-18.405203458161026
74.9272,74.9272,180.0,180.63961697113004,129.15644120327167,-11.69961697113004
74.9467,74.9467,152.0,180.73688994809442,129.17151937437754,-39.79688994809442
74.9661,74.9661,173.0,180.64082977096396,129.1865077951611,-18.700829770963963
74.9856,74.9856,170.0,180.35775621554046,129.20140635356927,-21.417756215540464
75.0051,75.0051,165.0,179.89716614292064,129.21621493764547,-25.95716614292064
75.0245,75.0245,167.0,179.27448170521728,129.23093343566526,-23.334481705217286
75.044,75.044,168.0,178.49530609462337,129.24556173688507,-21.555306094623376
75.0634,75.0634,179.0,177.581132797206,129.26009973111766,-9.64113279720601
75.0829,75.0829,180.0,176.53588886632264,129.27454730859478,-7.595888866322637
75.1023,75.1023,162.0,175.38400284768727,129.28890435956507,-24.444002847687273
75.1218,75.1218,177.0,174.1278691262645,129.3031707742899,-8.1878691262645
75.1413,75.1413,147.0,172.78836892145148,129.31734644535447,-36.84836892145148
75.1607,75.1607,145.0,171.38843098950835,129.33143126537496,-37.44843098950835
75.1802,75.1802,166.0,169.92892729616213,129.34542516294104,-14.98892729616213
75.1996,75.1996,150.0,168.44015258982347,129.359328102651,-29.50015258982347
75.2191,75.2191,168.0,166.92161711622362,129.37314004986845,-9.981617116223616
75.2385,75.2385,151.0,165.4036930122148,129.38686100046868,-25.463693012214804
75.258,75.258,157.0,163.88361092574192,129.40049095076174,-17.943610925741922
75.2775,75.2775,156.0,162.3813646283418,129.4140299245593,-17.441364628341802
75.2969,75.2969,172.0,160.91474863360864,129.42747795455634,0.02525136639136072
75.3164,75.3164,155.0,159.4770438329645,129.44083508471925,-15.537043832964512
75.3358,75.3358,129.0,158.09046839921973,129.454101359153,-40.15046839921973
75.3553,75.3553,125.0,156.74578530337226,129.4672768360899,-42.80578530337226
75.3747,75.3747,147.0,155.4607001723055,129.48036157254134,-19.52070017230551
75.3942,75.3942,161.0,154.22465807728557,129.49335561349835,-4.2846580772855685
75.4137,75.4137,155.0,153.04580145828697,129.50625904003525,-9.105801458286974
75.4331,75.4331,173.0,151.93021492560348,129.51907193645886,10.00978507439652
75.4526,75.4526,121.0,150.8657753241599,129.5317944013997,-40.9257753241599
75.472,75.472,155.0,149.8628209555834,129.54442653359453,-5.922820955583402
75.4915,75.4915,147.0,148.90924692776736,129.55696840881825,-12.969246927767356
75.5109,75.5109,161.0,148.0131469099908,129.56942011728458,1.9268530900091907
75.5304,75.5304,158.0,147.16303845980576,129.5817817853352,-0.2230384598057622
75.5499,75.5499,139.0,146.36136732838972,129.59405354261176,-18.42136732838972
75.5693,75.5693,134.0,145.6097890259024,129.6062355260195,-22.66978902590239
75.5888,75.5888,155.0,144.8979183111118,129.61832789719244,-0.9579183111117953
75.6082,75.6082,136.0,144.2308078637961,129.63033082953288,-19.29080786379609
75.6277,75.6277,133.0,143.59909783833825,129.6422445111067,-21.659097838338255
75.6471,75.6471,128.0,143.00711637145127,129.65406914696902,-26.067116371451277
75.6666,75.6666,137.0,142.44635797569433,129.66580495118075,-16.50635797569433
75.6861,75.6861,121.0,141.91804770268777,129.67745213335388,-31.978047702687775
75.7055,75.7055,149.0,141.42263669710783,129.6890109225996,-3.482636697107834
75.725,75.725,130.0,140.9529862927256,129.7004815246754,-22.0129862927256
75.7444,75.7444,128.0,140.51224301889374,129.71186417909564,-23.572243018893744
75.7639,75.7639,132.0,140.0940005526098,129.72315912617987,-19.1540005526098
75.7833,75.7833,134.0,139.70119479857715,129.73436660164344,-16.76119479857715
75.8028,75.8028,146.0,139.32810782952112,129.7454868473145,-4.388107829521116
75.8223,75.8223,143.0,138.97548980260035,129.75652011644857,-7.035489802600351
75.8417,75.8417,141.0,138.64370402521877,129.7674666985803,-8.703704025218768
75.8612,75.8612,127.0,138.32809399026587,129.77832691625866,-22.388093990265872
75.8806,75.8806,130.0,138.0308366699764,129.78910112103893,-19.090836669976397
75.9001,75.9001,126.0,137.74766132503265,129.7997896570023,-22.807661325032655
75.9195,75.9195,128.0,137.48068284934953,129.8103928687968,-20.540682849349537
75.939,75.939,130.0,137.22607880466916,129.82091109084695,-18.28607880466916
75.9585,75.9585,139.0,136.98447004659116,129.8313446527077,-9.044470046591156
75.9779,75.9779,139.0,136.75625275428067,129.84169388441555,-8.816252754280667
75.9974,75.9974,133.0,136.53820015716073,129.85195914015222,-14.598200157160731
76.0168,76.0168,133.0,136.33202867482552,129.86214079821923,-14.392028674825523
76.0363,76.0363,132.0,136.13483197319468,129.87223924536323,-15.19483197319468
76.0557,76.0557,135.0,135.94815086084856,129.8822548767488,-12.008150860848557
76.0752,76.0752,142.0,135.76939731686053,129.8921880932538,-4.829397316860534
76.0947,76.0947,132.0,135.59906220846912,129.90203930944656,-14.659062208469122
76.1141,76.1141,118.0,135.43757138393136,129.91180897076435,-28.49757138393136
76.1336,76.1336,150.0,135.28267947165665,129.92149752827785,3.65732052834335
76.153,76.153,134.0,135.1356611775648,129.9311054009976,-12.1956611775648
76.1725,76.1725,138.0,134.99450728428562,129.9406330399591,-8.054507284285618
76.1919,76.1919,140.0,134.86039357636375,129.95008090710107,-5.9203935763637485
76.2114,76.2114,130.0,134.7314797716796,129.95944948572225,-15.791479771679603
76.2309,76.2309,138.0,134.60823182624634,129.96873928540572,-7.668231826246339
76.2503,76.2503,139.0,134.4909723417545,129.9779508158436,-6.550972341754514
76.2698,76.2698,139.0,134.3781132751938,129.98708460801632,-6.438113275193812
76.2892,76.2892,134.0,134.27062411210545,129.9961412166866,-11.330624112105452
76.3087,76.3087,130.0,134.16709149394154,130.00512122037694,-15.227091493941542
76.3281,76.3281,134.0,134.06841839357855,130.01402520833997,-11.128418393578555
76.3476,76.3476,143.0,133.97326387171756,130.02285376981462,-2.0332638717175637
76.3671,76.3671,120.0,133.88202729875957,130.03160750472222,-24.94202729875957
76.3865,76.3865,140.0,133.79494703741705,130.0402870455278,-4.8549470374170465
76.406,76.406,150.0,133.71089502947538,130.04889299769746,5.229104970524618
76.4254,76.4254,130.0,133.6306353579322,130.0574259927662,-14.690635357932193
76.4449,76.4449,138.0,133.55308207171473,130.0658866946089,-6.613082071714727
76.4643,76.4643,138.0,133.47898866554905,130.074275766946,-6.538988665549054
76.4838,76.4838,128.0,133.40734837681194,130.0825938945384,-16.46734837681194
76.5033,76.5033,146.0,133.33846313860212,130.09084178316618,1.6015368613978769
76.5227,76.5227,121.0,133.27257664050478,130.09902013300766,-23.332576640504783
76.5422,76.5422,132.0,133.20879630177234,130.10712968038578,-12.268796301772339
76.5616,76.5616,138.0,133.14776547298507,130.11517113713487,-6.207765472985072
76.5811,76.5811,133.0,133.0886534169645,130.12314522017255,-11.14865341696449
76.6005,76.6005,128.0,133.03204970302136,130.13105266733098,-16.09204970302136
76.62,76.62,137.0,132.97719318954765,130.13889422416207,-7.037193189547649
76.6395,76.6395,143.0,132.92432052331276,130.1466706304857,-0.9843205233127588
76.6589,76.6589,126.0,132.87365756562883,130.15438264439373,-17.933657565628835
76.6784,76.6784,117.0,132.82451131814074,130.16203105629577,-26.88451131814074
76.6978,76.6978,121.0,132.77739020273856,130.16961664542342,-22.83739020273856
76.7173,76.7173,129.0,132.73165574917934,130.17714015558303,-14.79165574917934
76.7367,76.7367,119.0,132.68777607021985,130.18460230590236,-24.747776070219857
76.7562,76.7562,138.0,132.64517170272487,130.19200381234347,-5.705171702724867
76.7757,76.7757,135.0,132.6040376508928,130.19934536076588,-8.664037650892793
76.7951,76.7951,136.0,132.56454971177507,130.20662765774694,-7.624549711775073
76.8146,76.8146,141.0,132.52618244772754,130.2138514227136,-2.586182447727536
76.834,76.834,145.0,132.4893274711488,130.22101739056788,1.4506725288511877
76.8535,76.8535,113.0,132.4534988628173,130.22812632421463,-30.5134988628173
76.8729,76.8729,144.0,132.4190796757937,130.23517902178116,0.5209203242062888
76.8924,76.8924,120.0,132.3855915035013,130.24217623502489,-23.445591503501305
76.9119,76.9119,152.0,132.3532217596525,130.2491187495701,8.586778240347487
76.9313,76.9313,142.0,132.3221003936719,130.2560073234754,-1.3821003936718892
76.9508,76.9508,120.0,132.29181170457474,130.2628427418407,-23.351811704574743
76.9702,76.9702,132.0,132.2626912497592,130.26962581987925,-11.3226912497592
76.9897,76.9897,147.0,132.23432807614645,130.27635734518284,3.7056719238535454
77.0091,77.0091,126.0,132.20705661188174,130.28303810999066,-17.267056611881742
77.0286,77.0286,130.0,132.1804872541661,130.289668942878,-13.24048725416611
77.0481,77.0481,152.0,132.15476812618627,130.2962506608959,8.78523187381373
77.0675,77.0675,125.0,132.13002521218135,130.30278408031668,-18.190025212181354
77.087,77.087,131.0,132.10590330836456,130.309270044611,-12.16590330836456
77.1064,77.1064,106.0,132.08269690303405,130.31570938298015,-37.14269690303405
77.1259,77.1259,122.0,132.0600685114814,130.32210292648168,-21.120068511481406
77.1453,77.1453,110.0,132.03829207489835,130.32845144072664,-33.09829207489835
77.1648,77.1648,139.0,132.01705259996086,130.3347556689288,-4.077052599960863
77.1843,77.1843,118.0,131.9964688943403,130.3410162995872,-25.0564688943403
77.2037,77.2037,134.0,131.9766582795595,130.34723404409283,-9.036658279559502
77.2232,77.2232,130.0,131.95732653660372,130.35340958062122,-13.017326536603717
77.2426,77.2426,121.0,131.93871374464396,130.35954359714157,-21.998713744643965
77.2621,77.2621,133.0,131.92055203090388,130.3656367806727,-9.980552030903878
77.2815,77.2815,135.0,131.90305924175786,130.37168979304354,-7.963059241757859
77.301,77.301,136.0,131.88598500552294,130.37770330315354,-6.945985005522941
77.3204,77.3204,132.0,131.86954443507912,130.38367799229417,-10.929544435079121
77.3399,77.3399,122.0,131.85348688778464,130.38961455678103,-20.913486887784643
77.3594,77.3594,140.0,131.83792161781562,130.39551369727127,-2.8979216178156246
77.3788,77.3788,129.0,131.822928041015,130.401376091843,-13.88292804101499
77.3983,77.3983,141.0,131.80828594528967,130.40720244378699,-1.868285945289669
77.4177,77.4177,142.0,131.794186719678,130.41299345262524,-0.85418671967801
77.4372,77.4372,137.0,131.78040943607755,130.4187498454381,-5.8404094360775485
77.4566,77.4566,125.0,131.76714689038133,130.4244723790845,-17.82714689038133
77.4761,77.4761,130.0,131.7541873424247,130.43016182796583,-12.8141873424247
77.4956,77.4956,130.0,131.74161938859646,130.43581895188663,-12.801619388596462
77.515,77.515,113.0,131.7295202516987,130.44144450949494,-29.78952025169869
77.5345,77.5345,121.0,131.7176939350686,130.44703925826713,-21.777693935068612
77.5539,77.5539,137.0,131.70631328704854,130.45260390873563,-5.766313287048545
77.5734,77.5734,123.0,131.69519015495482,130.45813914600748,-19.755190154954818
77.5928,77.5928,132.0,131.684486610373,130.4636456726438,-10.744486610373
77.6123,77.6123,144.0,131.6740256373394,130.46912417113418,1.2659743626605877
77.6318,77.6318,141.0,131.6638796630755,130.47457532809517,-1.7238796630755058
77.6512,77.6512,125.0,131.65412178227515,130.4799998636386,-17.714121782275157
77.6707,77.6707,135.0,131.64458413916248,130.48539852527855,-7.704584139162476
77.6901,77.6901,133.0,131.6354116016267,130.49077204578285,-9.695411601626715
77.7096,77.7096,119.0,131.62645004727923,130.4961211700089,-23.686450047279237
77.729,77.729,116.0,131.61783194124396,130.50144664954954,-26.677831941243966
77.7485,77.7485,130.0,131.60941260477333,130.50674920505642,-12.669412604773326
77.768,77.768,124.0,131.6012539796248,130.51202951815074,-18.661253979624803
77.7874,77.7874,138.0,131.59341621609738,130.51728826909104,-4.653416216097382
77.8069,77.8069,123.0,131.58576112435247,130.5225261206113,-19.645761124352475
77.8263,77.8263,124.0,131.57840836113255,130.52774375532783,-18.638408361132548
77.8458,77.8458,140.0,131.57122792990884,130.5329418356122,-2.631227929908844
77.8652,77.8652,113.0,131.5643383459556,130.538121006269,-29.624338345955607
77.8847,77.8847,127.0,131.54776343083464,130.54328193698072,-15.607763430834636
77.9042,77.9042,125.0,131.54126407696103,130.54842525022553,-17.60126407696103
77.9236,77.9236,128.0,131.5350357985071,130.55355155894878,-14.595035798507096
77.9431,77.9431,119.0,131.52895636280977,130.55866146116517,-23.588956362809768
77.9625,77.9625,114.0,131.52313482742662,130.56375554802008,-28.58313482742662
77.982,77.982,129.0,131.5174527284788,130.56883437954923,-13.577452728478788
78.0014,78.0014,145.0,131.50709693538013,130.57389847120675,2.4329030646198664
78.0209,78.0209,116.0,131.5018017704485,130.57894833422733,-26.56180177044851
78.0404,78.0404,149.0,131.49669115758837,130.58398451464598,6.443308842411627
78.0598,78.0598,131.0,131.49181029820403,130.58900751925836,-11.55181029820403
78.0793,78.0793,145.0,131.4870521169847,130.5940178900841,2.4529478830153
78.0987,78.0987,155.0,131.48251543097277,130.5990161702475,12.457484569027232
78.1182,78.1182,130.0,131.47809635005922,130.60400293764735,-12.538096350059218
78.1376,78.1376,127.0,131.47388766579493,130.60897878799528,-15.533887665794934
78.1571,78.1571,123.0,131.46979368619932,130.61394431537883,-19.529793686199326
78.1766,78.1766,131.0,131.46585445965357,130.6189001041758,-11.525854459653571
78.196,78.196,113.0,131.462114325133,130.6238467182731,-29.522114325133003
78.2155,78.2155,126.0,131.4584793039617,130.6287847225818,-16.518479303961698
78.2349,78.2349,125.0,131.4550338749975,130.633714634578,-17.5150338749975
78.2544,78.2544,148.0,131.4516909855741,130.63863695928276,5.48830901442591
78.2738,78.2738,127.0,131.44852831659125,130.64355218655678,-15.508528316591251
78.2933,78.2933,142.0,131.44546373044838,130.64846084242754,-0.5054637304483816
78.3128,78.3128,111.0,131.44253420337054,130.65336344311976,-31.502534203370544
78.3322,78.3322,135.0,131.43977652710228,130.6582605341261,-7.4997765271022825
78.3517,78.3517,123.0,131.4371099417407,130.66315260804166,-19.49710994174069
78.3711,78.3711,141.0,131.43460946645234,130.66804016909146,-1.494609466452344
78.3906,78.3906,130.0,131.43219627330208,130.67292370087705,-12.492196273302083
78.41,78.41,125.0,131.42994265240398,130.67780371395065,-17.489942652403982
78.4295,78.4295,131.0,131.42777199998852,130.6826807170551,-11.487771999988523
78.449,78.449,143.0,131.42572071619625,130.68755520365426,0.5142792838037469
78.4684,78.4684,154.0,131.42382110798474,130.69242766806494,11.516178892015263
78.4879,78.4879,150.0,131.42200117956608,130.69729863588358,7.5179988204339185
78.5073,78.5073,128.0,131.42032719262986,130.7021686543111,-14.480327192629856
78.5268,78.5268,130.0,131.4187293182861,130.70703830431532,-12.478729318286097
78.5462,78.5462,130.0,131.41727388098246,130.71190815959494,-12.477273880982464
78.5657,78.5657,134.0,131.41589266841513,130.71677879194746,-8.475892668415126
78.5852,78.5852,128.0,131.4146177842622,130.72165077125615,-14.474617784262191
78.6046,78.6046,132.0,131.41347762510676,130.7265246762109,-10.473477625106765
78.6241,78.6241,136.0,131.4124081577763,130.73140107817989,-6.472408157776298
78.6435,78.6435,138.0,131.4114704609761,130.73628055195258,-4.471470460976091
78.663,78.663,141.0,131.41060216649737,130.7411636864081,-1.47060216649737
78.6824,78.6824,126.0,131.40986080400836,130.74605108974242,-16.469860804008363
78.7019,78.7019,122.0,131.40918871299164,130.75094339693018,-20.469188712991638
78.7214,78.7214,121.0,131.40861116631368,130.7558412301755,-21.46861116631368
78.7408,78.7408,132.0,131.40815662368797,130.76074518813078,-10.468156623687973
78.7603,78.7603,137.0,131.40776757601532,130.76565584319175,-5.4677675760153175
78.7797,78.7797,126.0,131.40749732167254,130.77057377108352,-16.46749732167254
78.7992,78.7992,133.0,131.4072918140784,130.77549956416556,-9.467291814078406
78.8186,78.8186,147.0,131.40720257632498,130.78043380196075,4.532797423675023
78.8381,78.8381,118.0,131.40717681908276,130.78537706996465,-24.467176819082766
78.8576,78.8576,144.0,131.40723867652068,130.79032998993804,1.5327613234793223
78.877,78.877,132.0,131.40741322549502,130.79529314923025,-10.46741322549502
78.8965,78.8965,132.0,131.40764943567413,130.80026716814476,-10.467649435674131
78.9159,78.9159,123.0,131.40799539547695,130.8052526702218,-19.467995395476947
78.9354,78.9354,133.0,131.40840249985067,130.81025028222493,-9.468402499850667
78.9548,78.9548,137.0,131.40891680807133,130.81526060991192,-5.4689168080713255
78.9743,78.9743,131.0,131.40949073097727,130.82028426491996,-11.469490730977268
78.9938,78.9938,136.0,131.41014810388396,130.82532187539059,-6.470148103883956
79.0132,79.0132,126.0,131.41090986104078,130.83037406994848,-16.47090986104078
79.0327,79.0327,115.0,131.41173126515253,130.83544149105944,-27.471731265152528
79.0521,79.0521,128.0,131.41265483839294,130.84052476819173,-14.47265483839294
79.0716,79.0716,132.0,131.41363683528863,130.8456244881922,-10.473636835288628
79.091,79.091,119.0,131.4147199291069,130.85074123026598,-23.474719929106897
79.1105,79.1105,121.0,131.41586136545646,130.85587557671997,-21.475861365456467
79.13,79.13,121.0,131.41708195498163,130.8610280779651,-21.477081954981628
79.1494,79.1494,146.0,131.41840042178748,130.86619925788634,3.521599578212518
79.1689,79.1689,115.0,131.4197760658053,130.87138961382882,-27.47977606580531
79.1883,79.1883,126.0,131.4212487155665,130.87659967872096,-16.481248715566494
79.2078,79.2078,149.0,131.4227784026531,130.88182994277304,6.517221597346891
79.2272,79.2272,140.0,131.42440274724473,130.88708088307314,-2.4844027472447276
79.2467,79.2467,139.0,131.42608429529773,130.89235301228345,-3.4860842952977276
79.2662,79.2662,128.0,131.4278415635233,130.89764686707312,-14.487841563523288
79.2856,79.2856,123.0,131.42969137711677,130.9029630055942,-19.48969137711677
79.3051,79.3051,133.0,131.43159737413094,130.90830197820353,-9.491597374130945
79.3245,79.3245,151.0,131.43359549418975,130.91366431398905,8.506404505810254
79.344,79.344,140.0,131.43564995303262,130.91905054765522,-2.4956499530326237
79.3634,79.3634,147.0,131.4377950450987,130.9244612459025,4.5022049549012895
79.3829,79.3829,120.0,131.4399968124583,130.92989699935922,-22.499996812458306
79.4024,79.4024,116.0,131.44227171408954,130.93535843486822,-26.502271714089545
79.4218,79.4218,151.0,131.44463546054533,130.94084614985522,8.495364539454672
79.4413,79.4413,115.0,131.44705624722454,130.94636070154732,-27.50705624722454
79.4607,79.4607,147.0,131.449565408058,130.95190267923567,4.490434591942007
79.4802,79.4802,128.0,131.45213158988113,130.9574726292915,-14.512131589881134
79.4996,79.4996,120.0,131.4547851925743,130.9630711342895,-22.514785192574294
79.5191,79.5191,122.0,131.45749543401297,130.96869876884816,-20.51749543401297
79.5386,79.5386,123.0,131.46027809288995,130.97435607807952,-19.520278092889953
79.558,79.558,148.0,131.46314738386428,130.98004358295773,5.476852616135718
79.5775,79.5775,118.0,131.46607405283478,130.9857617829958,-24.526074052834787
79.5969,79.5969,124.0,131.46908640624665,130.99151121399686,-18.52908640624665
79.6164,79.6164,125.0,131.47215574634362,130.9972923768131,-17.53215574634362
79.6358,79.6358,126.0,131.47531071946796,131.00310575348135,-16.535310719467958
79.6553,79.6553,135.0,131.4785230670187,131.00895180989937,-7.5385230670187
79.6748,79.6748,153.0,131.48180686534405,131.01483099850233,10.458193134655945
79.6942,79.6942,115.0,131.48517429762174,131.02074378242142,-27.54517429762174
79.7137,79.7137,135.0,131.4886001083122,131.02669065102805,-7.548600108312199
79.7331,79.7331,131.0,131.49210932190726,131.0326720505735,-11.552109321907265
79.7526,79.7526,128.0,131.49567624425717,131.0386884379576,-14.55567624425717
79.772,79.772,126.0,131.49932658381252,131.04474026999236,-16.55932658381252
79.7915,79.7915,154.0,131.50303509162572,131.05082799531493,11.43696490837428
79.811,79.811,136.0,131.50681434093826,131.0569520489878,-6.566814340938263
79.8304,79.8304,118.0,131.51067592185146,131.06311288894312,-24.57067592185146
79.8499,79.8499,126.0,131.51459576769767,131.06931098634047,-16.574595767697673
79.8693,79.8693,124.0,131.5185978130493,131.07554677718036,-18.5785978130493
79.8888,79.8888,133.0,131.52265869195264,131.0818206838225,-9.582658691952643
79.9082,79.9082,124.0,131.5268011856958,131.08813310958516,-18.586801185695805
79.9277,79.9277,129.0,131.53100287356955,131.09448446293786,-13.591002873569549
79.9472,79.9472,137.0,131.53527440286666,131.10087513327463,-5.5952744028666626
79.9666,79.9666,145.0,131.5396271954511,131.10730550435585,2.40037280454891
79.9861,79.9861,142.0,131.5440393161167,131.1137759756956,-0.6040393161167099
80.0055,80.0055,121.0,131.54853210770437,131.12028698086692,-21.608532107704377
80.025,80.025,134.0,131.55308482497026,131.1268389816726,-8.613084824970256
80.0444,80.0444,107.0,131.55771780815667,131.1334324126778,-35.61771780815667
80.0639,80.0639,143.0,131.56241063707586,131.14006771615755,0.3775893629241427
80.0833,80.0833,144.0,131.56718403651047,131.14674526943085,1.372815963489531
80.1028,80.1028,148.0,131.5720177607081,131.15346548017266,5.367982239291907
80.1223,80.1223,128.0,131.57692217918017,131.16022878837353,-14.636922179180173
80.1417,80.1417,128.0,131.58190600442242,131.16703567034523,-14.641906004422422
80.1612,80.1612,127.0,131.58695160120396,131.17388659389732,-15.646951601203964
80.1806,80.1806,116.0,131.59207695552797,131.18078201831904,-26.652076955527974
80.2001,80.2001,132.0,131.5972638927705,131.1877223916691,-10.657263892770514
80.2195,80.2195,118.0,131.6025306254118,131.194708121147,-24.66253062541179
80.239,80.239,139.0,131.607859509559,131.20173961613497,-3.6678595095590065
80.2585,80.2585,131.0,131.61325973036713,131.2088172505019,-11.673259730367134
80.2779,80.2779,116.0,131.61873948034864,131.21594141880962,-26.67873948034864
80.2974,80.2974,131.0,131.62428183428548,131.22311251505855,-11.684281834285484
80.3168,80.3168,144.0,131.62990364591178,131.23033089229526,1.310096354088218
80.3363,80.3363,123.0,131.6355886935755,131.23759690296637,-19.695588693575502
80.3557,80.3557,116.0,131.64135319246049,131.24491093167913,-26.701353192460488
80.3752,80.3752,128.0,131.64718130239254,131.25227334087114,-14.70718130239254
80.3947,80.3947,148.0,131.65308060642155,131.25968445194817,5.2869193935784455
80.4141,80.4141,129.0,131.65905958652036,131.26714457756617,-13.719059586520357
80.4336,80.4336,147.0,131.66510229653403,131.27465406671075,4.274897703465969
80.453,80.453,134.0,131.67122426536457,131.2822132622691,-8.731224265364572
80.4725,80.4725,122.0,131.67741081137964,131.28982254316682,-20.737410811379647
80.4919,80.4919,159.0,131.68367641022954,131.29748229562358,16.25632358977046
80.5114,80.5114,115.0,131.69000668564914,131.30519288085674,-27.75000668564914
80.5309,80.5309,114.0,131.6964094069193,131.31295466874056,-28.75640940691929
80.5503,80.5503,133.0,131.70289134724482,131.3207679852637,-9.762891347244816
80.5698,80.5698,137.0,131.70943888102227,131.32863310981662,-5.769438881022266
80.5892,80.5892,139.0,131.7160651213688,131.33655032630023,-3.7760651213688146
80.6087,80.6087,130.0,131.72275754606565,131.3445199337689,-12.782757546065652
80.6281,80.6281,129.0,131.7295288900349,131.3525422516239,-13.789528890034914
80.6476,80.6476,143.0,131.73636617370755,131.36061759565052,0.20363382629244775
80.6671,80.6671,123.0,131.74327682645765,131.36874627530568,-19.803276826457648
80.6865,80.6865,146.0,131.7502662407869,131.37692862993597,3.1897337592130857
80.706,80.706,163.0,131.75732221692212,131.38516497636522,20.182677783077878
80.7254,80.7254,125.0,131.76445771914962,131.39345566645724,-17.82445771914962
80.7449,80.7449,138.0,131.77166033097546,131.40180105521176,-4.831660330975465
80.7643,80.7643,133.0,131.77894218403537,131.41020148042318,-9.838942184035373
80.7838,80.7838,131.0,131.78629196092336,131.41865729747252,-11.846291960923365
80.8033,80.8033,130.0,131.79371572219267,131.42716886601127,-12.853715722192673
80.8227,80.8227,164.0,131.80121883772009,131.43573654456526,21.138781162279912
80.8422,80.8422,158.0,131.80879034828837,131.44436068782198,15.13120965171163
80.8616,80.8616,149.0,131.8164417701131,131.45304165288644,6.123558229886898
80.8811,80.8811,142.0,131.82416231272452,131.46177980820272,-0.8841623127245253
80.9005,80.9005,131.0,131.83196266578477,131.47057555827186,-11.891962665784773
80.92,80.92,145.0,131.83983326309178,131.47942933502623,2.100166736908223
80.9395,80.9395,150.0,131.84777879295748,131.48834156913293,7.092221207042515
80.9589,80.9589,154.0,131.8558048887309,131.4973127247356,11.084195111269112
80.9784,80.9784,112.0,131.8639020825615,131.50634330106678,-30.92390208256151
80.9978,80.9978,146.0,131.8720802845971,131.51543382180165,3.067919715402896
81.0173,81.0173,136.0,131.8803305023196,131.52458475811346,-6.940330502319595
81.0367,81.0367,129.0,131.88866194426106,131.53379661604686,-13.94866194426106
81.0562,81.0562,116.0,131.8970664629944,131.54306991363205,-26.95706646299439
81.0757,81.0757,118.0,131.90554857290854,131.55240516208312,-24.965548572908546
81.0951,81.0951,133.0,131.91411303728935,131.56180283077967,-9.974113037289355
81.1146,81.1146,133.0,131.92275163997274,131.57126335262532,-9.982751639972745
81.134,81.134,115.0,131.93147303898115,131.58078716438723,-27.991473038981155
81.1535,81.1535,136.0,131.9402693722505,131.59037470667073,-7.000269372250498
81.1729,81.1729,138.0,131.94914878287784,131.6000263754536,-5.009148782877842
81.1924,81.1924,130.0,131.95810362040746,131.60974257852425,-13.018103620407457
81.2119,81.2119,121.0,131.96713850960322,131.61952374073928,-22.02713850960322
81.2313,81.2313,133.0,131.97625697826598,131.62937028262584,-10.03625697826598
81.2508,81.2508,146.0,131.9854523348621,131.63928259612945,2.954547665137911
81.2702,81.2702,138.0,131.99473189417537,131.6492610768777,-5.054731894175374
81.2897,81.2897,117.0,132.00408856880912,131.65930615521162,-26.064088568809126
81.3091,81.3091,118.0,132.013530369176,131.66941827841157,-25.073530369176012
81.3286,81.3286,133.0,132.0230501376351,131.67959785430241,-10.083050137635096
81.3481,81.3481,126.0,132.03265197498436,131.68984525391795,-17.092651974984364
81.3675,81.3675,121.0,132.0423391160326,131.70016085183926,-22.102339116032596
81.387,81.387,122.0,132.05210526915425,131.71054500733615,-21.112105269154256
81.4064,81.4064,133.0,132.06195723179755,131.72099805087961,-10.12195723179755
81.4259,81.4259,131.0,132.07188899845022,131.73152028680587,-12.13188899845022
81.4453,81.4453,137.0,132.08190678142594,131.74211202288726,-6.141906781425943
81.4648,81.4648,133.0,132.0920049340309,131.752773564929,-10.152004934030911
81.4843,81.4843,141.0,132.10218636351757,131.76350523279754,-2.1621863635175753
81.5037,81.5037,135.0,132.11245455563017,131.7743073497104,-8.172454555630166
81.5232,81.5232,125.0,132.122803731276,131.7851802631969,-18.18280373127601
81.5426,81.5426,119.0,132.13323983802556,131.7961243294392,-24.193239838025562
81.5621,81.5621,135.0,132.14375808540217,131.80713988635958,-8.20375808540217
81.5815,81.5815,120.0,132.15436338322203,131.81822723743997,-23.214363383222036
81.601,81.601,132.0,132.165051042012,131.82938669472736,-11.22505104201201
81.6205,81.6205,124.0,132.17582393649465,131.84061853846052,-19.235823936494654
81.6399,81.6399,153.0,132.18668451684277,131.85192304933693,9.753315483157225
81.6594,81.6594,145.0,132.19762852247317,131.8633004869529,1.7423714775268326
81.6788,81.6788,128.0,132.2086601684763,131.8747511398821,-15.268660168476314
81.6983,81.6983,146.0,132.21977593368874,131.88627532952373,2.7202240663112622
81.7177,81.7177,133.0,132.2309798989042,131.8978733668517,-10.290979898904196
81.7372,81.7372,154.0,132.24226817493556,131.90954559721865,10.697731825064439
81.7567,81.7567,137.0,132.2536435338213,131.92129236893848,-6.313643533821304
81.7761,81.7761,146.0,132.26510784349526,131.9331140561994,2.6748921565047414
81.7956,81.7956,133.0,132.27665781999792,131.94501104677659,-10.336657819997923
81.815,81.815,135.0,132.28829732620767,131.95698376275746,-8.34829732620767
81.8345,81.8345,158.0,132.30002305976848,131.9690326290642,14.639976940231522
81.8539,81.8539,121.0,132.3118392461021,131.98115807878318,-22.3718392461021
81.8734,81.8734,147.0,132.32374260485165,131.99336055775004,3.616257395148354
81.8929,81.8929,138.0,132.3357355157506,132.00564048224538,-5.3957355157506
81.9123,81.9123,134.0,132.34781943863928,132.01799830400827,-9.407819438639278
81.9318,81.9318,147.0,132.35999187419512,132.03043449078186,3.5800081258048824
81.9512,81.9512,125.0,132.37225643410207,132.04294951563182,-18.432256434102072
81.9707,81.9707,140.0,132.38461090599512,132.05554388704473,-3.444610905995118
81.9901,81.9901,136.0,132.3970573849318,132.0682180945533,-7.457057384931799
82.0096,82.0096,133.0,132.4095949297364,132.08097264875667,-10.469594929736386
82.0291,82.0291,157.0,132.4222251047828,132.09380807079197,13.517774895217203
82.0485,82.0485,128.0,132.43494891404916,132.10672488426576,-15.494948914049159
82.068,82.068,140.0,132.4477651866565,132.11972362892445,-3.5077651866565116
82.0874,82.0874,121.0,132.46067661094668,132.13280483346477,-22.52067661094668
82.1069,82.1069,134.0,132.47368081756963,132.14596904748606,-9.53368081756963
82.1263,82.1263,132.0,132.48678097163955,132.15921679062444,-11.546780971639548
82.1458,82.1458,132.0,132.49997587692442,132.17254858749533,-11.559975876924424
82.1653,82.1653,132.0,132.5132668286338,132.18596496228594,-11.57326682863379
82.1847,82.1847,122.0,132.5266540603494,132.1994664387195,-21.58665406034939
82.2042,82.2042,134.0,132.54013793695142,132.2130535400193,-9.600137936951425
82.2236,82.2236,131.0,132.55371959228827,132.22672676195768,-12.613719592288275
82.2431,82.2431,122.0,132.56739852076592,132.2404866051063,-21.627398520765922
82.2625,82.2625,147.0,132.58117618977838,132.25433356673784,3.358823810221624
82.282,82.282,130.0,132.59505231710145,132.2682681165636,-13.655052317101449
82.3015,82.3015,130.0,132.60902743452647,132.28229075947584,-13.669027434526468
82.3209,82.3209,132.0,132.62310200889755,132.2964019942653,-11.683102008897547
82.3404,82.3404,130.0,132.63727687644422,132.31060231358342,-13.697276876444219
82.3598,82.3598,137.0,132.65155244516728,132.3248922092847,-6.711552445167284
82.3793,82.3793,132.0,132.66592900430646,132.33927216700843,-11.725929004306463
82.3987,82.3987,123.0,132.68040716078872,132.35374268491,-20.74040716078872
82.4182,82.4182,143.0,132.69498751243606,132.36830426023275,-0.7549875124360579
82.4377,82.4377,127.0,132.70966979575311,132.38295736504568,-16.769669795753117
82.4571,82.4571,114.0,132.72445519173027,132.3977024990652,-29.784455191730274
82.4766,82.4766,124.0,132.7393443909279,132.4125401475224,-19.7993443909279
82.496,82.496,133.0,132.75433689672371,132.42747074613064,-10.814336896723715
82.5155,82.5155,124.0,132.76943407312135,132.44249470796234,-19.829434073121348
82.5349,82.5349,121.0,132.78463592899183,132.45761244762878,-22.844635928991835
82.5544,82.5544,145.0,132.79994253228438,132.47282435702,1.1400574677156232
82.5739,82.5739,140.0,132.81535495901335,132.48813079718835,-3.8753549590133485
82.5933,82.5933,143.0,132.83087276199336,132.50353216088536,-0.8908727619933625
82.6128,82.6128,146.0,132.8464974427432,132.5190288608197,2.0935025572567856
82.6322,82.6322,134.0,132.86222750642642,132.53462133703425,-9.922227506426422
82.6517,82.6517,138.0,132.878065785089,132.550310062983,-5.938065785089007
82.6711,82.6711,151.0,132.89401123354344,132.56609551605632,7.045988766456562
82.6906,82.6906,119.0,132.91006485654202,132.58197818821304,-24.970064856542024
82.7101,82.7101,133.0,132.9262275477555,132.59795860660427,-10.986227547755503
82.7295,82.7295,130.0,132.9424987522269,132.61403726182553,-14.002498752226897
82.749,82.749,139.0,132.95888022685688,132.63021464555305,-5.0188802268568775
82.7684,82.7684,147.0,132.97537032579035,132.6464912424311,2.9646296742096485
82.7879,82.7879,121.0,132.99197269195767,132.66286755409322,-23.051972691957673
82.8073,82.8073,114.0,133.0086847368211,132.67934411687665,-30.068684736821098
82.8268,82.8268,152.0,133.0255098840732,132.69592143572856,7.914490115926812
82.8462,82.8462,124.0,133.0424459806399,132.71259996532012,-20.102445980639914
82.8657,82.8657,144.0,133.05949616563717,132.72938019407852,-0.11949616563717136
82.8852,82.8852,140.0,133.07665893646302,132.74626258698265,-4.13665893646302
82.9046,82.9046,140.0,133.09393429447448,132.76324763810064,-4.15393429447448
82.9241,82.9241,122.0,133.11132544699285,132.78033586079138,-22.171325446992853
82.9435,82.9435,134.0,133.12882942075282,132.7975277876607,-10.188829420752823
82.963,82.963,146.0,133.1464504799623,132.81482392229992,1.793549520037688
82.9824,82.9824,123.0,133.1641859558982,132.83222477153103,-21.224185955898207
83.0019,83.0019,119.0,133.18203872701866,132.84973087508638,-25.242038727018667
83.0214,83.0214,128.0,133.2000088868688,132.867342746236,-16.260008886868803
83.0408,83.0408,156.0,133.21809469579588,132.88506086097348,11.721905304204116
83.0603,83.0603,136.0,133.2363003374141,132.9028856821952,-8.296300337414094
83.0797,83.0797,138.0,133.25462179670146,132.9208176950746,-6.3146217967014575
83.0992,83.0992,113.0,133.27306459897713,132.93885739309414,-31.33306459897713
83.1186,83.1186,148.0,133.29162490705554,132.95700528332432,3.6483750929444643
83.1381,83.1381,142.0,133.31030678577724,132.9752618191697,-2.3703067857772435
83.1576,83.1576,124.0,133.32910951080459,132.99362748952908,-20.389109510804587
83.177,83.177,132.0,133.34803128619035,133.0121028070897,-12.408031286190349
83.1965,83.1965,147.0,133.36707646207978,133.0306882603338,2.5729235379202198
83.2159,83.2159,134.0,133.38624112833122,133.04938433502195,-10.446241128331222
83.2354,83.2354,127.0,133.4055312081837,133.0681915510864,-17.465531208183705
83.2548,83.2548,123.0,133.42494162293,133.0871104310137,-21.484941622929995
83.2743,83.2743,141.0,133.44447855851396,133.1061414809608,-3.5044785585139646
83.2938,83.2938,128.0,133.46413977701224,133.12528517993596,-16.524139777012238
83.3132,83.3132,149.0,133.4839234443365,133.1445420278847,4.456076555663488
83.3327,83.3327,116.0,133.5038343222841,133.16391251096107,-28.563834322284094
83.3521,83.3521,117.0,133.5238688432867,133.1833971514301,-27.583868843286695
83.3716,83.3716,141.0,133.5440326733923,133.20299642535977,-3.604032673392309
83.391,83.391,123.0,133.5643200853664,133.22271076526013,-21.624320085366406
83.4105,83.4105,109.0,133.58473813280503,133.24254062433096,-35.64473813280503
83.43,83.43,142.0,133.60528422658058,133.26248642825843,-2.66528422658058
83.4494,83.4494,136.0,133.62595511363992,133.2825485374791,-8.685955113639919
83.4689,83.4689,110.0,133.64675817847302,133.30272733550203,-34.706758178473024
83.4883,83.4883,132.0,133.66768736422952,133.3230232131294,-12.727687364229523
83.5078,83.5078,119.0,133.68874939631357,133.3434364984435,-25.74874939631357
83.5272,83.5272,144.0,133.70993737443067,133.36396751596837,-0.7699373744306666
83.5467,83.5467,151.0,133.73125958689835,133.38461655162266,6.208740413101653
83.5662,83.5662,166.0,133.75271271094033,133.4053839189824,21.187287289059668
83.5856,83.5856,130.0,133.77429270313812,133.42626996763508,-14.834292703138116
83.6051,83.6051,136.0,133.7960082680614,133.44727504956518,-8.8560082680614
83.6245,83.6245,130.0,133.81785237209064,133.46839950753917,-14.877852372090642
83.644,83.644,128.0,133.83983209183413,133.48964369117564,-16.899832091834128
83.6634,83.6634,148.0,133.8619405974519,133.51100794076157,3.078059402548094
83.6829,83.6829,143.0,133.8841865073909,133.5324925818116,-1.944186507390894
83.7024,83.7024,125.0,133.90656611999967,133.55409797471725,-19.96656611999967
83.7218,83.7218,147.0,133.92907514754233,133.5758245047487,2.0109248524576646
83.7413,83.7413,119.0,133.95172321806191,133.5976725341543,-26.011723218061917
83.7607,83.7607,122.0,133.97450243393146,133.6196424585001,-23.034502433931465
83.7802,83.7802,134.0,133.99742031237813,133.64173463406246,-11.057420312378126
83.7996,83.7996,132.0,134.02047041320483,133.66394938584415,-13.080470413204834
83.8191,83.8191,132.0,134.04366110644207,133.68628703981085,-13.103661106442074
83.8386,83.8386,121.0,134.06698832302538,133.70874791745285,-24.126988323025387
83.858,83.858,130.0,134.09044781581537,133.7313323357249,-15.150447815815367
83.8775,83.8775,149.0,134.11404965244543,133.75404057737643,3.825950347554569
83.8969,83.8969,151.0,134.13778419030075,133.77687291511768,5.80221580969925
83.9164,83.9164,134.0,134.16166197433688,133.7998296573419,-11.22166197433688
83.9358,83.9358,120.0,134.1856737980696,133.82291114866558,-25.24567379806959
83.9553,83.9553,135.0,134.20982945483638,133.84611773424345,-10.269829454836382
83.9748,83.9748,127.0,134.23412383484413,133.869449722026,-18.29412383484413
83.9942,83.9942,147.0,134.25855396543184,133.89290742306395,1.6814460345681557
84.0137,84.0137,131.0,134.28312923074446,133.91649112992124,-14.343129230744465
84.0331,84.0331,142.0,134.3078396879942,133.94020116793556,-3.367839687994204
84.0526,84.0526,139.0,134.33269689273152,133.9640378545985,-6.39269689273152
84.072,84.072,119.0,134.35769065768596,133.98800152876245,-26.417690657685966
84.0915,84.0915,155.0,134.38283135274946,134.01209254275335,9.557168647250537
84.111,84.111,148.0,134.40811426634016,134.03631120855698,2.531885733659836
84.1304,84.1304,150.0,134.4335352610245,134.06065786763247,4.506464738975497
84.1499,84.1499,124.0,134.45910530465022,134.0851328956027,-21.519105304650225
84.1693,84.1693,133.0,134.48481285289122,134.10973670424463,-12.544812852891225
84.1888,84.1888,143.0,134.51067117306224,134.1344696781922,-2.5706711730622356
84.2082,84.2082,136.0,134.53666901422386,134.15933219909516,-9.596669014223862
84.2277,84.2277,143.0,134.5628171901682,134.18432467199577,-2.6228171901682042
84.2472,84.2472,118.0,134.58911217600675,134.2094475068796,-27.649112176006753
84.2666,84.2666,142.0,134.6155479604538,134.2347011370004,-3.6755479604537964
84.2861,84.2861,129.0,134.64213671154846,134.26008595198388,-16.702136711548462
84.3055,84.3055,148.0,134.66886658370234,134.28560236206405,2.27113341629766
84.325,84.325,137.0,134.69575147661425,134.3112507633206,-8.755751476614249
84.3444,84.3444,140.0,134.72277820402815,134.33703158561943,-5.782778204028146
84.3639,84.3639,144.0,134.74996125523714,134.36294526604263,-1.8099612552371394
84.3834,84.3834,150.0,134.77729438201325,134.38899225680382,4.162705617986747
84.4028,84.4028,118.0,134.8047718053924,134.41517303540797,-27.864771805392394
84.4223,84.4223,142.0,134.83240608255383,134.44148811532625,-3.8924060825538316
84.4417,84.4417,135.0,134.8601863726976,134.46793796584817,-10.920186372697598
84.4612,84.4612,139.0,134.88812603470757,134.49452307634047,-6.948126034707569
84.4806,84.4806,129.0,134.91621126014002,134.52124393760005,-16.97621126014002
84.5001,84.5001,137.0,134.94445800616057,134.54810105248924,-9.004458006160574
84.5196,84.5196,131.0,134.97285934159143,134.57509490901296,-15.032859341591431
84.539,84.539,160.0,135.0014086651289,134.60222600175805,13.938591334871093
84.5585,84.5585,125.0,135.03012052423944,134.62949481569285,-21.09012052423944
84.5779,84.5779,137.0,135.05898220464107,134.65690185039028,-9.11898220464107
84.5974,84.5974,115.0,135.08800861526223,134.6844475795066,-31.148008615262228
84.6168,84.6168,134.0,135.11718429978896,134.7121324829884,-12.17718429978896
84.6363,84.6363,126.0,135.1465269134803,134.7399569878011,-20.206526913480303
84.6558,84.6558,147.0,135.17602868746297,134.7679215189952,0.7639713125370253
84.6752,84.6752,115.0,135.20568153566666,134.7960264780991,-31.26568153566666
84.6947,84.6947,127.0,135.23550334831884,134.82427229776002,-19.295503348318846
84.7141,84.7141,105.0,135.2654780419649,134.85265935734355,-41.325478041964914
84.7336,84.7336,118.0,135.29562202915963,134.88118801515827,-28.355622029159633
84.753,84.753,140.0,135.32591929342652,134.9098585491632,-6.385919293426523
84.7725,84.7725,130.0,135.3563877923077,134.9386711918814,-16.416387792307688
84.792,84.792,150.0,135.3870193795973,134.96762618945328,3.5529806204027086
84.8114,84.8114,145.0,135.41780461296517,134.9967237747301,-1.477804612965171
84.8309,84.8309,126.0,135.44876311402848,135.0259642160492,-20.508763114028483
84.8503,84.8503,122.0,135.47987738611027,135.05534780792055,-24.539877386110277
84.8698,84.8698,136.0,135.51116406905717,135.08487482056213,-10.571164069057174
84.8892,84.8892,140.0,135.54260809194184,135.1145454890536,-6.602608091941844
84.9087,84.9087,115.0,135.57422683202296,135.14436005093378,-31.63422683202296
84.9282,84.9282,147.0,135.60601195526095,135.17431875681612,0.333988044739046
84.9476,84.9476,126.0,135.63795340588032,135.20442180309476,-20.697953405880327
84.9671,84.9671,134.0,135.6700722771319,135.23466941644838,-12.730072277131908
84.9865,84.9865,148.0,135.70234915585937,135.2650617987833,1.2376508441406333
85.006,85.006,124.0,135.73480303206787,135.29559914868534,-22.794803032067875
85.0254,85.0254,132.0,135.76741655481928,135.3262816968366,-14.827416554819278
85.0449,85.0449,157.0,135.80020893667268,135.35710964351776,10.139791063327324
85.0644,85.0644,139.0,135.83316968342314,135.3880831800606,-7.893169683423137
85.0838,85.0838,124.0,135.86629147519596,135.41920252519125,-22.926291475195967
85.1033,85.1033,131.0,135.8995939480276,135.45046790732053,-15.959593948027587
85.1227,85.1227,133.0,135.93305598348599,135.48187952412502,-13.993055983485986
85.1422,85.1422,146.0,135.9667008734154,135.5134375613064,-1.0267008734153915
85.1616,85.1616,133.0,136.00050723796952,135.54514219789002,-14.060507237969516
85.1811,85.1811,125.0,136.03449638572226,135.57699364021298,-22.094496385722266
85.2006,85.2006,142.0,136.0686580100226,135.60899208776593,-5.128658010022603
85.22,85.22,133.0,136.10298298780708,135.6411377115725,-14.162982987807082
85.2395,85.2395,122.0,136.13749303047575,135.67343069970136,-25.197493030475755
85.2589,85.2589,132.0,136.1721649478109,135.70587123311617,-15.2321649478109
85.2784,85.2784,150.0,136.20702437828783,135.73845945597876,2.732975621712173
85.2978,85.2978,130.0,136.2420478075545,135.7711955024803,-17.302047807554516
85.3173,85.3173,145.0,136.27725736389118,135.80407954139645,-2.3372573638911813
85.3368,85.3368,123.0,136.3126446805458,135.83711172597256,-24.37264468054579
85.3562,85.3562,144.0,136.34819720620936,135.8702922336664,-3.4081972062093637
85.3757,85.3757,139.0,136.383939107211,135.90362120738476,-8.443939107211007
85.3951,85.3951,138.0,136.41984545336237,135.93709881157332,-9.47984545336237
85.4146,85.4146,144.0,136.45594394607744,135.9707252189847,-3.5159439460774404
85.434,85.434,132.0,136.49220881967958,136.00450060791093,-15.552208819679576
85.4535,85.4535,130.0,136.5286652629948,136.0384251779272,-17.588665262994795
85.473,85.473,152.0,136.56530310834057,136.07249911783418,4.374696891659427
85.4924,85.4924,124.0,136.60210891880436,136.106722600183,-23.662108918804364
85.5119,85.5119,137.0,136.63910784496207,136.14109583367673,-10.69910784496207
85.5313,85.5313,109.0,136.67627687180536,136.17561899443382,-38.73627687180536
85.5508,85.5508,112.0,136.71364215020589,136.21029226088072,-35.77364215020589
85.5702,85.5702,143.0,136.751175542349,136.24511573829977,-4.811175542348989
85.5897,85.5897,128.0,136.78890776334293,136.28008946681047,-19.848907763342936
85.6091,85.6091,148.0,136.8268102932147,136.3152135045278,0.11318970678530782
85.6286,85.6286,122.0,136.86491120519506,136.35048788728267,-25.92491120519506
85.6481,85.6481,143.0,136.90319684604472,136.3859126808935,-4.963196846044722
85.6675,85.6675,141.0,136.9416549001532,136.4214879125545,-7.001654900153197
85.687,85.687,160.0,136.98031383630016,136.45721362708804,11.959686163699844
85.7064,85.7064,133.0,137.01914319722198,136.493089881576,-15.07914319722198
85.7259,85.7259,126.0,137.0581764978279,136.52911675387924,-22.118176497827903
85.7453,85.7453,149.0,137.09738273879032,136.56529431246062,0.8426172612096838
85.7648,85.7648,161.0,137.13679118192047,136.60162259744482,12.803208818079527
85.7843,85.7843,130.0,137.17639055118562,136.63810168047806,-18.23639055118562
85.8037,85.8037,149.0,137.2161641280734,136.67473165103218,0.723835871926612
85.8232,85.8232,129.0,137.25614402393262,136.71151258071498,-19.316144023932623
85.8426,85.8426,130.0,137.29629711954456,136.74844457244035,-18.356297119544564
85.8621,85.8621,127.0,137.3366599680035,136.78552770836862,-21.39665996800349
85.8815,85.8815,153.0,137.37719835782752,136.8227620524991,4.5628016421724755
85.901,85.901,128.0,137.41794576444002,136.86014764249438,-20.477945764440022
85.9205,85.9205,152.0,137.4588883399254,136.89768455227272,3.481111660074591
85.9399,85.9399,154.0,137.50000824679898,136.93537283190668,5.439991753201015
85.9594,85.9594,125.0,137.54133873763774,136.97321256702563,-23.601338737637747
85.9788,85.9788,124.0,137.58284943642053,137.01120387954361,-24.642849436420533
85.9983,85.9983,149.0,137.624574530506,137.04934685914915,0.31542546949398975
86.0177,86.0177,168.0,137.66647731508777,137.08764156051114,19.273522684912223
86.0372,86.0372,145.0,137.7085983281811,137.12608806884472,-3.7685983281810973
86.0567,86.0567,140.0,137.7509184781787,137.16468647316057,-8.810918478178705
86.0761,86.0761,141.0,137.79341917447366,137.2034368833559,-7.853419174473656
86.0956,86.0956,128.0,137.83613873674184,137.24233941693643,-20.896138736741847
86.115,86.115,140.0,137.87904191948311,137.2813942015852,-8.939041919483115
86.1345,86.1345,111.0,137.9221670365343,137.32060134011076,-37.98216703653429
86.1539,86.1539,145.0,137.96547355460922,137.35996094261787,-4.025473554609219
86.1734,86.1734,128.0,138.00900635415067,137.3994730483685,-21.069006354150673
86.1929,86.1929,131.0,138.05274432638896,137.4391377169119,-18.112744326388963
86.2123,86.2123,127.0,138.09666560393927,137.47895498249994,-22.156665603939274
86.2318,86.2318,134.0,138.1408164102633,137.51892486205614,-15.200816410263313
86.2512,86.2512,131.0,138.1851538474062,137.5590473443007,-18.245153847406215
86.2707,86.2707,117.0,138.22972102096932,137.59932240848642,-32.289721020969324
86.2901,86.2901,131.0,138.27447352469798,137.63975001621506,-18.334473524697984
86.3096,86.3096,129.0,138.31946028408754,137.68033007364468,-20.379460284087543
86.3291,86.3291,119.0,138.3646583680828,137.7210624690651,-30.42465836808279
86.3485,86.3485,126.0,138.41004342464694,137.76194706740432,-23.470043424646946
86.368,86.368,144.0,138.45566608887958,137.80298368320226,-5.515666088879582
86.3874,86.3874,150.0,138.50147900614414,137.84417209934196,0.4385209938558621
86.4069,86.4069,129.0,138.54752717594138,137.88551211524322,-20.607527175941385
86.4263,86.4263,135.0,138.59376886680533,137.92700356129296,-14.653768866805335
86.4458,86.4458,136.0,138.64025064053914,137.96864624396432,-13.700250640539137
86.4653,86.4653,143.0,138.68694956834605,138.01043996185615,-6.746949568346052
86.4847,86.4847,151.0,138.7338389359969,138.0523845082722,1.2061610640030853
86.5042,86.5042,132.0,138.78097445596205,138.094479689867,-17.840974455962055
86.5236,86.5236,157.0,138.82830356808745,138.13672534578637,7.11169643191255
86.5431,86.5431,140.0,138.8758779091545,138.17912129877558,-9.935877909154497
86.5625,86.5625,161.0,138.9236497128743,138.22166740615492,11.016350287125706
86.582,86.582,152.0,138.97167094741278,138.2643635301351,1.9683290525872241
86.6015,86.6015,123.0,139.01991562421583,138.3072095564218,-27.07991562421583
86.6209,86.6209,149.0,139.06835711285015,138.35020540454443,-1.1283571128501517
86.6404,86.6404,144.0,139.1170544864093,138.39335095283303,-6.177054486409302
86.6598,86.6598,125.0,139.1659488958568,138.4366461073083,-25.22594889585679
86.6793,86.6793,129.0,139.21510338239733,138.48009078897397,-21.275103382397333
86.6987,86.6987,130.0,139.2644592931554,138.52368488266922,-20.3244592931554
86.7182,86.7182,139.0,139.31407617630026,138.56742824771877,-11.374076176300262
86.7377,86.7377,143.0,139.36392330147058,138.61132072050745,-7.4239233014705786
86.7571,86.7571,135.0,139.41397753760683,138.65536213858277,-15.473977537606826
86.7766,86.7766,140.0,139.464298101642,138.69955235124706,-10.524298101641987
86.796,86.796,122.0,139.51482165779436,138.74389119796803,-28.57482165779436
86.8155,86.8155,146.0,139.5656182372269,138.7883785217071,-4.625618237226886
86.8349,86.8349,134.0,139.61662305618407,138.83301412035928,-16.67662305618407
86.8544,86.8544,131.0,139.66789843148257,138.8777978110016,-19.727898431482572
86.8739,86.8739,125.0,139.71942069589636,138.92272939770646,-25.779420695896363
86.8933,86.8933,137.0,139.77115427767853,138.9678086633449,-13.831154277678534
86.9128,86.9128,138.0,139.8231680779253,139.01303535331525,-12.883168077925289
86.9322,86.9322,130.0,139.87539191281996,139.0584092077228,-20.935391912819966
86.9517,86.9517,138.0,139.92790343041642,139.10392996394873,-12.987903430416422
86.9711,86.9711,146.0,139.98062999807178,139.149597334995,-5.040629998071777
86.9906,86.9906,139.0,140.03364359949177,139.19541103089495,-12.093643599491768
87.0101,87.0101,106.0,140.08691510172412,139.24137077992634,-45.14691510172412
87.0295,87.0295,131.0,140.1404063836141,139.28747630984162,-20.20040638361411
87.049,87.049,131.0,140.19419235786563,139.33372725892278,-20.254192357865634
87.0684,87.0684,135.0,140.24819875615484,139.3801232431477,-16.308198756154837
87.0879,87.0879,145.0,140.302508540875,139.4266638560657,-6.362508540875011
87.1073,87.1073,142.0,140.35703940758364,139.4733486794405,-9.417039407583642
87.1268,87.1268,141.0,140.41187976004153,139.52017730993097,-10.47187976004153
87.1463,87.1463,137.0,140.46698888095108,139.56714935097804,-14.526988880951079
87.1657,87.1657,137.0,140.5223271460325,139.61426440999801,-14.582327146032496
87.1852,87.1852,133.0,140.5779753170054,139.6615220875014,-18.637975317005413
87.2046,87.2046,133.0,140.63385973201213,139.70892197696602,-18.69385973201213
87.2241,87.2241,123.0,140.69006418041965,139.7564636539427,-28.750064180419656
87.2435,87.2435,131.0,140.74649976349215,139.80414667592748,-20.806499763492155
87.263,87.263,137.0,140.80326561377134,139.851970555316,-14.863265613771345
87.2825,87.2825,158.0,140.8603162884724,139.89993478080913,6.079683711527595
87.3019,87.3019,144.0,140.91760313256438,139.94803883343548,-7.977603132564381
87.3214,87.3214,144.0,140.97522993646288,139.99628222983665,-8.035229936462882
87.3408,87.3408,137.0,141.03310146330176,140.0446644975127,-15.093101463301762
87.3603,87.3603,134.0,141.0913158133907,140.0931851746934,-18.15131581339071
87.3797,87.3797,126.0,141.14977356116165,140.1418437914175,-26.209773561161654
87.3992,87.3992,147.0,141.20858642389882,140.19063986132682,-5.268586423898823
87.4187,87.4187,138.0,141.267703723168,140.2395728600004,-14.327703723168012
87.4381,87.4381,150.0,141.32707093346104,140.28864228115523,-2.387070933461045
87.4576,87.4576,122.0,141.38680531819827,140.33784761248387,-30.446805318198273
87.477,87.477,129.0,141.44679969450644,140.38718836715177,-23.50679969450644
87.4965,87.4965,137.0,141.50716309190753,140.43666400896763,-15.56716309190753
87.5159,87.5159,131.0,141.5677890879131,140.4862739710923,-21.6277890879131
87.5354,87.5354,142.0,141.6287983850235,140.53601767744053,-10.688798385023487
87.5549,87.5549,120.0,141.6901361511222,140.5858945263961,-32.750136151122206
87.5743,87.5743,142.0,141.75174115390635,140.63590392027538,-10.811741153906352
87.5938,87.5938,124.0,141.8137457227387,140.68604520598714,-28.873745722738704
87.6132,87.6132,138.0,141.8760293850249,140.73631773410477,-14.936029385024908
87.6327,87.6327,134.0,141.9387107751616,140.78672081029086,-18.998710775161612
87.6521,87.6521,121.0,142.00168351715,140.83725373284696,-32.061683517150016
87.6716,87.6716,128.0,142.0650709296861,140.88791578181065,-25.125070929686103
87.6911,87.6911,129.0,142.12881399160187,140.93870618382707,-24.188813991601876
87.7105,87.7105,131.0,142.1928488661844,140.98962413085363,-22.252848866184394
87.73,87.73,122.0,142.25732060323574,141.04066878271516,-31.317320603235743
87.7494,87.7494,143.0,142.32208785619804,141.09183927235046,-10.382087856198039
87.7689,87.7689,125.0,142.38730581321815,141.14313468144982,-28.44730581321815
87.7883,87.7883,142.0,142.4528336582129,141.19455409682794,-11.51283365821291
87.8078,87.8078,132.0,142.5188185847054,141.24609656185007,-21.578818584705402
87.8273,87.8273,161.0,142.5851886380267,141.29776112204584,7.354811361973306
87.8467,87.8467,140.0,142.65188795723236,141.3495467980605,-13.711887957232362
87.8662,87.8662,137.0,142.71906554938454,141.40145264348956,-16.77906554938454
87.8856,87.8856,149.0,142.7865665808285,141.45347770829926,-4.846566580828492
87.9051,87.9051,144.0,142.85456883825236,141.50562103061276,-9.914568838252363
87.9245,87.9245,128.0,142.92291224531897,141.55788166860037,-25.98291224531897
87.944,87.944,148.0,142.9917632942108,141.6102586871281,-6.051763294210813
87.9635,87.9635,125.0,143.06104708869108,141.6627511145712,-29.121047088691085
87.9829,87.9829,116.0,143.1306943888728,141.7153579963469,-38.1906943888728
88.0024,88.0024,161.0,143.20087799326834,141.7680783330244,6.739122006731664
88.0218,88.0218,111.0,143.27142197471423,141.820911055959,-43.33142197471423
88.0413,88.0413,128.0,143.34253026243832,141.87385513044336,-26.40253026243832
88.0607,88.0607,134.0,143.4140204842655,141.92690943881453,-20.47402048426551
88.0802,88.0802,130.0,143.48607703428826,141.98007282606804,-24.54607703428826
88.0997,88.0997,125.0,143.55863613725992,142.03334411586602,-29.618636137259926
88.1191,88.1191,136.0,143.63159740894486,142.0867220996267,-18.691597408944858
88.1386,88.1386,167.0,143.70516503931668,142.1402055229229,12.234834960683317
88.158,88.158,138.0,143.77914543655385,142.1937931149475,-16.83914543655385
88.1775,88.1775,146.0,143.85376632429617,142.24748362122756,-8.913766324296175
88.1969,88.1969,146.0,143.92881045481244,142.3012757760059,-8.988810454812436
88.2164,88.2164,165.0,144.00452356881652,142.35516832358525,9.935476431183476
88.2359,88.2359,151.0,144.0808014914859,142.40916001818485,-4.140801491485886
88.2553,88.2553,145.0,144.15754018187138,142.4632496380191,-10.217540181871383
88.2748,88.2748,123.0,144.23496857086272,142.51743598400864,-32.29496857086272
88.2942,88.2942,132.0,144.31288947225954,142.57171786388326,-23.372889472259544
88.3137,88.3137,141.0,144.39154298464507,142.62609403284083,-14.451542984645071
88.3331,88.3331,138.0,144.4706868906084,142.68056321762614,-17.530686890608393
88.3526,88.3526,148.0,144.55060855036749,142.73512414061054,-7.610608550367486
88.372,88.372,143.0,144.63105679645375,142.7897755115709,-12.691056796453749
88.3915,88.3915,145.0,144.7123027342057,142.84451605436425,-10.772302734205708
88.411,88.411,131.0,144.79423136700433,142.8993444934126,-24.85423136700433
88.4304,88.4304,139.0,144.87673536453104,142.95425955892563,-16.936735364531046
88.4499,88.4499,144.0,144.96010018809238,143.00925994908647,-12.020100188092384
88.4693,88.4693,135.0,145.04404457308058,143.06434435143888,-21.104044573080586
88.4888,88.4888,135.0,145.12890700470032,143.11951145618872,-21.188907004700326
88.5082,88.5082,125.0,145.2143954706741,143.1747599318386,-31.274395470674108
88.5277,88.5277,149.0,145.3008184651373,143.23008842503907,-7.360818465137298
88.5472,88.5472,141.0,145.38807794255567,143.28549553352292,-15.448077942555669
88.5666,88.5666,147.0,145.47601528950617,143.34097987043668,-9.536015289506166
88.5861,88.5861,132.0,145.56498011250238,143.39654004277907,-24.624980112502385
88.6055,88.6055,147.0,145.65464427148856,143.45217466735903,-9.714644271488565
88.625,88.625,144.0,145.74540899877425,143.50788233031238,-12.805408998774253
88.6444,88.6444,160.0,145.83691466536524,143.56366162728847,3.1030853346347573
88.6639,88.6639,151.0,145.9295830687492,143.61951115525937,-5.989583068749196
88.6834,88.6834,138.0,146.0232472137873,143.6754295475366,-19.083247213787303
88.7028,88.7028,133.0,146.11774072786503,143.7314154570511,-24.17774072786503
88.7223,88.7223,141.0,146.21346115825267,143.78746752146154,-16.273461158252672
88.7417,88.7417,147.0,146.31008312246635,143.84358434954376,-10.370083122466353
88.7612,88.7612,158.0,146.40802693627688,143.89976454257487,0.5319730637231164
88.7806,88.7806,159.0,146.50688826173155,143.95600671029962,1.4331117382684528
88.8001,88.8001,146.0,146.60717512932757,144.012309496837,-11.667175129327573
88.8196,88.8196,144.0,146.70869197738455,144.06867158182106,-13.768691977384547
88.839,88.839,145.0,146.8112380104984,144.12509165022382,-12.871238010498415
88.8585,88.8585,146.0,146.9153128146118,144.1815683868328,-11.97531281461181
88.8779,88.8779,126.0,147.02051197567297,144.2381004787865,-32.08051197567298
88.8974,88.8974,123.0,147.1273533365759,144.29468661810716,-35.18735333657591
88.9168,88.9168,126.0,147.23535444613916,144.35132544772873,-32.29535444613916
88.9363,88.9363,139.0,147.34513277835177,144.40801555326982,-19.40513277835177
88.9558,88.9558,134.0,147.4564602974392,144.4647554709561,-24.51646029743921
88.9752,88.9752,149.0,147.56907768798953,144.52154372246042,-9.629077687989534
88.9947,88.9947,139.0,147.68365982760838,144.57837880129048,-19.743659827608383
89.0141,89.0141,143.0,147.79965883403972,144.63525921294774,-15.859658834039719
89.0336,89.0336,145.0,147.91773276648757,144.69218344792247,-13.977732766487575
89.053,89.053,143.0,148.0373013238709,144.74914999230674,-16.09730132387091
89.0725,89.0725,124.0,148.15912570374638,144.80615733302005,-35.219125703746386
89.092,89.092,154.0,148.28293640457926,144.86320395227742,-5.342936404579261
89.1114,89.1114,137.0,148.40842412958204,144.92028827629346,-22.468424129582047
89.1309,89.1309,130.0,148.53642433981796,144.97740875535123,-29.596424339817958
89.1503,89.1503,143.0,148.66627553177312,145.0345638184182,-16.726275531773126
89.1698,89.1698,150.0,148.79875849364643,145.09175185414998,-9.858758493646432
89.1892,89.1892,154.0,148.9332826288955,145.14897124572965,-5.993282628895512
89.2087,89.2087,133.0,149.070685875602,145.20622038947576,-27.130685875602012
89.2282,89.2282,155.0,149.21068475299273,145.26349770506536,-5.270684752992734
89.2476,89.2476,132.0,149.35290856331315,145.32080157932296,-28.412908563313152
89.2671,89.2671,160.0,149.49840757311844,145.37813042460823,-0.5584075731184424
89.2865,89.2865,127.0,149.64636195318445,145.435482617428,-33.706361953184455
89.306,89.306,154.0,149.79779204843248,145.49285656934748,-6.857792048432485
89.3254,89.3254,129.0,149.9519442893125,145.5502506423124,-32.01194428931251
89.3449,89.3449,124.0,150.10989433771616,145.6076632207646,-37.16989433771616
89.3644,89.3644,156.0,150.27125276155516,145.6650926446007,-5.331252761555161
89.3838,89.3838,154.0,150.43572718051547,145.7225371955596,-7.4957271805154715
89.4033,89.4033,147.0,150.6045042504753,145.7799951823419,-14.664504250475288
89.4227,89.4227,136.0,150.77657576890033,145.83746493556376,-25.83657576890033
89.4422,89.4422,167.0,150.9533872821957,145.89494478911917,4.986612717804293
89.4616,89.4616,133.0,151.1338732804361,145.9524330504258,-29.193873280436094
89.4811,89.4811,163.0,151.31945277163723,146.00992805609113,0.6205472283627689
89.5006,89.5006,155.0,151.50970371206233,146.06742810786133,-7.569703712062333
89.52,89.52,148.0,151.7042311179526,146.1249315438189,-14.764231117952589
89.5395,89.5395,154.0,151.90459494728984,146.18243672560834,-8.964594947289838
89.5589,89.5589,147.0,152.10953282885245,146.2399420199101,-16.169532828852454
89.5784,89.5784,138.0,152.32093435946737,146.2974458141482,-25.380934359467375
89.5978,89.5978,149.0,152.53745593273254,146.35494649778923,-14.597455932732542
89.6173,89.6173,136.0,152.76090213883577,146.412442437969,-27.820902138835777
89.6368,89.6368,146.0,152.990956609436,146.46993200892265,-18.050956609436014
89.6562,89.6562,165.0,153.2269469710196,146.52741355686132,0.7130530289803989
89.6757,89.6757,154.0,153.47100736534586,146.58488542673268,-10.531007365345856
89.6951,89.6951,134.0,153.72152627549644,146.642345998686,-30.781526275496446
89.7146,89.7146,148.0,153.9810203195515,146.69979367257974,-17.041020319551507
89.734,89.734,156.0,154.2477438983118,146.75722681424588,-9.307743898311797
89.7535,89.7535,154.0,154.52418594522254,146.8146437930095,-11.584185945222542
89.773,89.773,137.0,154.80990747979203,146.87204300252634,-28.869907479792033
89.7924,89.7924,148.0,155.10408275801856,146.92942285556722,-18.164082758018566
89.8119,89.8119,139.0,155.40946251697744,146.98678173833352,-27.469462516977444
89.8313,89.8313,140.0,155.72433029873915,147.04411803990322,-26.78433029873915
89.8508,89.8508,160.0,156.05170824848662,147.1014301278599,-7.11170824848662
89.8702,89.8702,151.0,156.38932220308735,147.15871635083002,-16.44932220308735
89.8897,89.8897,142.0,156.74088899685185,147.21597508985175,-25.800888996851853
89.9092,89.9092,137.0,157.10553181744967,147.2732047362602,-31.165531817449676
89.9286,89.9286,159.0,157.48225192545988,147.33040366735491,-9.542251925459878
89.9481,89.9481,164.0,157.87490027402467,147.3875702327861,-4.934900274024669
89.9675,89.9675,164.0,158.28108490728118,147.44470281216675,-5.341084907281184
89.987,89.987,159.0,158.70496208424007,147.5017998214818,-10.764962084240066
90.0064,90.0064,153.0,159.14345708565514,147.55885971308444,-17.203457085655145
90.0259,90.0259,162.0,159.60163714868827,147.61588096892228,-8.66163714868827
90.0454,90.0454,144.0,160.07830163279473,147.67286208548947,-27.138301632794736
90.0648,90.0648,164.0,160.57187917277435,147.7298015940467,-7.631879172774346
90.0843,90.0843,153.0,161.08812526795006,147.78669801597263,-19.148125267950064
90.1037,90.1037,153.0,161.6231602760502,147.84354990896276,-19.683160276050216
90.1232,90.1232,172.0,162.18275398259993,147.90035584465636,-1.2427539825999343
90.1426,90.1426,171.0,162.76255991168404,147.95711440848615,-2.8225599116840367
90.1621,90.1621,147.0,163.36933514004576,148.01382420480027,-27.429335140045765
90.1816,90.1816,196.0,164.00120476741745,148.07048386057514,20.93879523258255
90.201,90.201,156.0,164.655713440546,148.12709200006068,-19.71571344054601
90.2205,90.2205,141.0,165.34037478929005,148.18364724753587,-35.400374789290055
90.2399,90.2399,148.0,166.04942151757655,148.24014824816544,-29.10942151757655
90.2594,90.2594,151.0,166.78981155810152,148.2965936277814,-26.84981155810152
90.2788,90.2788,167.0,167.55600657048996,148.3529820115702,-11.616006570489956
90.2983,90.2983,175.0,168.3552987820962,148.40931203197397,-4.4152987820962135
90.3178,90.3178,152.0,169.1845012335669,148.46558235640242,-28.244501233566893
90.3372,90.3372,158.0,170.0391909126057,148.52179166357857,-23.099190912605707
90.3567,90.3567,185.0,170.92803913952446,148.57793864170318,3.0119608604755417
90.3761,90.3761,165.0,171.84171660859363,148.6340220038859,-17.90171660859363
90.3956,90.3956,165.0,172.78781501275807,148.69004046405894,-18.847815012758076
90.415,90.415,184.0,173.75673084063516,148.74599277249789,-0.8167308406351577
90.4345,90.4345,160.0,174.7555099473663,148.80187771580879,-25.81550994736631
90.454,90.454,191.0,175.77715267426237,148.8576940817442,4.162847325737632
90.4734,90.4734,191.0,176.81354092887145,148.91344068699397,3.1264590711285525
90.4929,90.4929,163.0,177.86760251163645,148.969116348406,-25.92760251163645
90.5123,90.5123,159.0,178.9320722214584,149.0247198829888,-30.992072221458415
90.5318,90.5318,179.0,180.00908546464885,149.08025014203434,-12.069085464648849
90.5512,90.5512,194.0,181.0821512868533,149.1357060029453,1.857848713146696
90.5707,90.5707,211.0,182.15500661951296,149.19108634809288,17.784993380487037
90.5902,90.5902,216.0,183.2148348745581,149.24639005991972,21.72516512544189
90.6096,90.6096,230.0,184.24997338949942,149.30161602086898,34.69002661050058
90.6291,90.6291,209.0,185.25958474528582,149.3567631133839,12.680415254714179
90.6485,90.6485,208.0,186.2291384842804,149.4118302199077,10.710861515719587
90.668,90.668,217.0,187.15814321874848,149.46681622288457,18.78185678125152
90.6874,90.6874,202.0,188.02889353856995,149.52172000476003,2.9111064614300535
90.7069,90.7069,244.0,188.84103519084226,149.57654044797962,44.098964809157735
90.7264,90.7264,251.0,189.58340815696585,149.6312764349966,50.35659184303415
90.7458,90.7458,226.0,190.2458960345525,149.68592684826422,24.69410396544751
90.7653,90.7653,236.0,190.82876070917212,149.7404905702356,34.11123929082788
90.7847,90.7847,247.0,191.32184318326358,149.794966483364,44.618156816736416
90.8042,90.8042,266.0,191.72655257795017,149.84935347010256,63.213447422049825
90.8236,90.8236,230.0,192.03679716159553,149.9036504129045,26.903202838404468
90.8431,90.8431,272.0,192.25476776604086,149.95785619422307,68.68523223395914
90.8626,90.8626,250.0,192.3788504816544,150.0119696965115,46.56114951834559
90.882,90.882,254.0,192.41084262884425,150.06598980222304,50.52915737115575
90.9015,90.9015,261.0,192.35265231649512,150.11991539381094,57.58734768350487
90.9209,90.9209,254.0,192.20902655733732,150.17374535372832,50.73097344266267
90.9404,90.9404,279.0,191.9809114709623,150.2274785644284,75.9590885290377
90.9598,90.9598,283.0,191.67557602269454,150.28111390836435,80.26442397730546
90.9793,90.9793,301.0,191.29337459749576,150.33465026798936,98.64662540250424
90.9988,90.9988,295.0,190.84064707109994,150.38808652575662,93.09935292890006
91.0182,91.0182,302.0,190.32511378546997,150.44142156411928,100.61488621453003
91.0377,91.0377,277.0,189.7461921578069,150.49465426553044,76.19380784219311
91.0571,91.0571,261.0,189.11445535877286,150.54778351244323,60.82554464122714
91.0766,91.0766,265.0,188.42833642946022,150.60080818731072,65.51166357053978
91.096,91.096,267.0,187.70076269459156,150.65372717258595,68.23923730540844
91.1155,91.1155,266.0,186.9283662775669,150.7065393507219,68.01163372243309
91.135,91.135,257.0,186.1207695180104,150.75924360417153,59.81923048198959
91.1544,91.1544,276.0,185.28845259061376,150.81183881538783,79.65154740938624
91.1739,91.1739,258.0,184.42714331950125,150.86432386682378,62.51285668049874
91.1933,91.1933,282.0,183.55192612323538,150.91669764093237,87.38807387676462
91.2128,91.2128,234.0,182.65889461807203,150.9689590201665,40.28110538192797
91.2322,91.2322,248.0,181.7632484998042,151.02110688697914,55.17675150019579
91.2517,91.2517,244.0,180.85953331921257,151.0731401238233,52.080466680787424
91.2711,91.2711,237.0,179.96268544273914,151.12505761315205,45.977314557260854
91.2906,91.2906,235.0,179.0674968396671,151.17685823741846,44.87250316033291
91.3101,91.3101,234.0,178.1823169503786,151.22854087907567,44.75768304962139
91.3295,91.3295,215.0,177.3155909031148,151.28010442057678,26.624409096885188
91.349,91.349,213.0,176.46135365241975,151.33154774437503,25.478646347580252
91.3684,91.3684,217.0,175.63116816524484,151.38286973292395,30.308831834755154
91.3879,91.3879,210.0,174.8180257787129,151.43406926867752,24.121974221287104
91.4073,91.4073,221.0,174.03301010020147,151.4851452340898,35.90698989979853
91.4268,91.4268,189.0,173.2682238513403,151.536096511616,4.67177614865969
91.4463,91.4463,177.0,172.52936500446816,151.58692198371136,-6.589365004468162
91.4657,91.4657,204.0,171.82086061425608,151.63762053344277,21.11913938574392
91.4852,91.4852,190.0,171.13580789825167,151.68819105852924,7.804192101748329
91.5046,91.5046,156.0,170.4809632815828,151.7386324566975,-25.540963281582805
91.5241,91.5241,184.0,169.84950791845603,151.7889436261539,3.0904920815439727
91.5435,91.5435,163.0,169.2483128873317,151.8391234765211,-17.30831288733171
91.563,91.563,173.0,168.66973544834028,151.88917092010817,-6.729735448340277
91.5825,91.5825,180.0,168.1168940327674,151.93908489808007,0.8231059672326086
91.6019,91.6019,178.0,167.59225509580386,151.9888643808181,-0.6522550958038646
91.6214,91.6214,171.0,167.08872062399124,152.03850834669473,-7.148720623991236
91.6408,91.6408,175.0,166.61135297632262,152.0880157869789,-2.6713529763226216
91.6603,91.6603,160.0,166.15402448056903,152.13738572742832,-17.214024480569037
91.6797,91.6797,169.0,165.721208891379,152.1866172169241,-7.781208891379007
91.6992,91.6992,176.0,165.306702975794,152.2357093252074,-0.3667029757939968
91.7187,91.7187,173.0,164.91237670003895,152.28466115840533,-2.9723767000389483
91.7381,91.7381,169.0,164.53964921342623,152.33347184275496,-6.599649213426231
91.7576,91.7576,171.0,164.18300579582353,152.38214053489614,-4.243005795823533
91.777,91.777,191.0,163.8459016468892,152.43066642785985,16.09409835311081
91.7965,91.7965,169.0,163.52373578258906,152.4790487497086,-5.5837357825890575
91.8159,91.8159,159.0,163.21935170964647,152.52728672895023,-15.279351709646475
91.8354,91.8354,166.0,162.92835313453975,152.57537963047443,-7.988353134539748
91.8549,91.8549,158.0,162.65191489083352,152.62332673643093,-15.711914890833524
91.8743,91.8743,162.0,162.39100638814938,152.67112736231095,-11.451006388149379
91.8938,91.8938,174.0,162.14153631089164,152.71878083798205,0.7984636891083614
91.9132,91.9132,166.0,161.9060032033898,152.7662865178558,-6.966003203389787
91.9327,91.9327,177.0,161.6810763273892,152.8136437850325,4.258923672610793
91.9521,91.9521,170.0,161.4686279029505,152.86085205562904,-2.528627902950488
91.9716,91.9716,177.0,161.26563290674486,152.90791076441351,4.674367093255144
91.9911,91.9911,180.0,161.0729459564833,152.95481938247735,7.8670540435167045
92.0105,92.0105,183.0,160.89113327177722,153.00157739988742,11.048866728222778
92.03,92.03,156.0,160.7173520630016,153.04818431691604,-15.777352063001613
92.0494,92.0494,158.0,160.5535263983887,153.0946396387114,-13.613526398388698
92.0689,92.0689,148.0,160.39689582490047,153.14094287834223,-23.45689582490047
92.0883,92.0883,154.0,160.24919153968978,153.18709356200526,-17.309191539689778
92.1078,92.1078,171.0,160.10807928736955,153.23309120206363,-0.16807928736954914
92.1273,92.1273,145.0,159.97427459357544,153.2789353130651,-26.034274593575446
92.1467,92.1467,167.0,159.84809128649914,153.32462544553854,-3.9080912864991415
92.1662,92.1662,158.0,159.72756701866516,153.37016112773176,-12.787567018665156
92.1856,92.1856,165.0,159.61413276794204,153.41554192164327,-5.674132767942039
92.2051,92.2051,168.0,159.50573153528663,153.46076740166797,-2.565731535286629
92.2245,92.2245,176.0,159.40370566818558,153.50583717198538,5.536294331814419
92.244,92.244,153.0,159.30634398545476,153.5507508717486,-17.366343985454762
92.2635,92.2635,151.0,159.2141173115089,153.59550816471904,-19.27411731150889
92.2829,92.2829,135.0,159.12739497418818,153.64010871317748,-35.18739497418818
92.3024,92.3024,169.0,159.0446683389454,153.68455217242257,-1.1046683389454
92.3218,92.3218,153.0,158.96705978737202,153.7288381475827,-17.027059787372025
92.3413,92.3413,153.0,158.89301311344045,153.77296627957287,-16.95301311344045
92.3607,92.3607,161.0,158.82358636620128,153.81693620734822,-8.883586366201284
92.3802,92.3802,186.0,158.75751072006642,153.86074756778555,16.182489279933577
92.3997,92.3997,168.0,158.69508073063142,153.90440001687168,-1.755080730631418
92.4191,92.4191,171.0,158.6366911595199,153.94789321333545,1.303308840480101
92.4386,92.4386,145.0,158.58118681526722,153.9912268502899,-24.64118681526722
92.458,92.458,156.0,158.5293905479823,154.03440065719948,-13.589390547982303
92.4775,92.4775,164.0,158.48017301005973,154.07741433933026,-5.54017301005973
92.4969,92.4969,197.0,158.43440212117136,154.12026760722705,27.505597878828638
92.5164,92.5164,189.0,158.39096441946793,154.16296019742083,19.549035580532063
92.5359,92.5359,161.0,158.35024092038367,154.20549184657037,-8.41024092038367
92.5553,92.5553,149.0,158.31251173919082,154.24786229262773,-20.372511739190827
92.5748,92.5748,176.0,158.2769038671436,154.29007129164543,6.663096132856397
92.5942,92.5942,179.0,158.2440115803192,154.33211858555438,9.69598841968079
92.6137,92.6137,174.0,158.2130246440649,154.37400394359,4.726975355935112
92.6331,92.6331,173.0,158.18461586446534,154.41572715202605,3.7553841355346567
92.6526,92.6526,160.0,158.1579165374442,154.45728803033828,-9.217916537444209
92.6721,92.6721,160.0,158.1332364621091,154.4986864330909,-9.193236462109097
92.6915,92.6915,147.0,158.11082650462896,154.53992222966343,-22.170826504628963
92.711,92.711,142.0,158.08995588121536,154.58099530414123,-27.149955881215362
92.7304,92.7304,152.0,158.07115060931946,154.62190552031794,-17.131150609319462
92.7499,92.7499,161.0,158.05375984031792,154.66265270812585,-8.113759840317924
92.7693,92.7693,159.0,158.03832816313573,154.70323669044396,-10.098328163135731
92.7888,92.7888,144.0,158.02416647467018,154.743657307057,-25.084166474670184
92.8083,92.8083,138.0,158.01153389383506,154.7839144092605,-31.071533893835067
92.8277,92.8277,157.0,158.0006498671064,154.82400781943417,-12.060649867106404
92.8472,92.8472,156.0,157.99089211739908,154.86393731478347,-13.050892117399085
92.8666,92.8666,156.0,157.98273120553975,154.90370267835655,-13.04273120553975
92.8861,92.8861,146.0,157.97564761344017,154.94330369625393,-23.035647613440176
92.9055,92.9055,147.0,157.97005228069506,154.98274015752185,-22.03005228069506
92.925,92.925,167.0,157.96542747728273,155.022011827137,-2.025427477282731
92.9445,92.9445,175.0,157.9619766894658,155.0611184485924,5.978023310534185
92.9639,92.9639,158.0,157.9598805959894,155.10005979599723,-11.019880595989404
92.9834,92.9834,150.0,157.95864195653638,155.13883567594434,-19.018641956536385
93.0028,93.0028,158.0,157.95864478942008,155.17744590280822,-11.018644789420078
93.0223,93.0223,134.0,157.95948630124383,155.21589027713546,-35.01948630124383
93.0417,93.0417,154.0,157.96146512048372,155.2541686070474,-15.021465120483724
93.0612,93.0612,172.0,157.96420544293315,155.29228064356198,2.97579455706685
93.0807,93.0807,158.0,157.9678596040679,155.33022613432402,-11.027859604067912
93.1001,93.1001,169.0,157.97257897121747,155.36800486337788,-0.03257897121747355
93.1196,93.1196,163.0,157.97796253723263,155.40561662193363,-6.037962537232628
93.139,93.139,163.0,157.98433495834058,155.4430612348852,-6.044334958340583
93.1585,93.1585,135.0,157.99134928295427,155.4803385472985,-34.05134928295428
93.1779,93.1779,173.0,157.99926985403036,155.51744842431523,3.94073014596964
93.1974,93.1974,164.0,158.00779236515908,155.5543906759537,-5.067792365159077
93.2169,93.2169,164.0,158.01705565608108,155.59116514841259,-5.077055656081084
93.2363,93.2363,158.0,158.0271361383922,155.62777171023347,-11.087136138392195
93.2558,93.2558,157.0,158.03776474443674,155.6642102522078,-12.097764744436743
93.2752,93.2752,168.0,158.04919283779807,155.70048067149548,-1.1091928377980746
93.2947,93.2947,140.0,158.06112165249448,155.73658286884506,-29.12112165249448
93.3141,93.3141,158.0,158.07378796052254,155.77251677627572,-11.133787960522538
93.3336,93.3336,156.0,158.0869499129827,155.80828228345135,-13.146949912982704
93.3531,93.3531,141.0,158.10070326073287,155.84387928601654,-28.160703260732873
93.3725,93.3725,141.0,158.11512503140054,155.87930768013135,-28.17512503140054
93.392,93.392,158.0,158.13000054711583,155.91456732200353,-11.190000547115828
93.4114,93.4114,166.0,158.14552964117777,155.94965802779294,-3.2055296411777743
93.4309,93.4309,186.0,158.16147713616527,155.98457961925942,16.778522863834723
93.4503,93.4503,151.0,158.17803022338487,156.0193319444549,-18.238030223384868
93.4698,93.4698,165.0,158.1950096446038,156.05391485629053,-4.255009644603801
93.4893,93.4893,147.0,158.21247194828268,156.08832819417088,-22.272471948282686
93.5087,93.5087,156.0,158.23049536950194,156.1225718210984,-13.290495369501938
93.5282,93.5282,158.0,158.24891128408598,156.15664557561576,-11.308911284085978
93.5476,93.5476,165.0,158.26787453604362,156.19054929593602,-4.3278745360436215
93.5671,93.5671,142.0,158.28720278552674,156.22428282522307,-27.347202785526747
93.5865,93.5865,146.0,158.30705193017914,156.2578460298978,-23.367051930179144
93.606,93.606,166.0,158.32726964103716,156.29123873809664,-3.3872696410371628
93.6255,93.6255,169.0,158.3479132528996,156.32446075034804,-0.40791325289958813
93.6449,93.6449,143.0,158.3690370655913,156.35751189265187,-26.429037065591302
93.6644,93.6644,185.0,158.39052957441532,156.39039202301194,15.549470425584675
93.6838,93.6838,138.0,158.41247570907603,156.4231009634806,-31.472475709076036
93.7033,93.7033,160.0,158.43477741106736,156.4556385430913,-9.494777411067359
93.7227,93.7227,166.0,158.45753739617575,156.48800454129122,-3.5175373961757526
93.7422,93.7422,167.0,158.4806390826642,156.52019874703225,-2.540639082664198
93.7617,93.7617,151.0,158.5041333240731,156.55222097425957,-18.56413332407311
93.7811,93.7811,165.0,158.52806624455388,156.58407106422314,-4.588066244553884
93.8006,93.8006,147.0,158.55234944514763,156.61574884323198,-22.61234944514763
93.82,93.82,173.0,158.57704688532985,156.64725415986314,3.36295311467015
93.8395,93.8395,164.0,158.6021007110759,156.67858683681413,-5.662100711075906
93.8589,93.8589,164.0,158.6275757283184,156.70974673314495,-5.687575728318391
93.8784,93.8784,152.0,158.6534013313298,156.74073372738388,-17.713401331329806
93.8979,93.8979,167.0,158.67961073803247,156.77154771744668,-2.739610738032466
93.9173,93.9173,158.0,158.70623794293323,156.80218858849275,-11.766237942933229
93.9368,93.9368,173.0,158.73322783319017,156.83265625239645,3.206772166809829
93.9562,93.9562,169.0,158.76061907489813,156.8629506242505,-0.820619074898131
93.9757,93.9757,174.0,158.78839433478691,156.89307165545625,4.151605665213085
93.9951,93.9951,181.0,158.81658109622046,156.92301932835886,11.12341890377954
94.0146,94.0146,174.0,158.845150314517,156.9527936616473,4.094849685482986
94.034,94.034,156.0,158.8741362597441,156.9823946930566,-13.934136259744092
94.0535,94.0535,150.0,158.9035301992882,157.01182249668176,-19.963530199288215
94.073,94.073,174.0,158.9333406454211,157.04107714397605,4.006659354578888
94.0924,94.0924,181.0,158.9635641572073,157.07015868752273,10.976435842792712
94.1119,94.1119,184.0,158.9942344736602,157.0990672162841,13.945765526339786
94.1313,94.1313,161.0,159.02532221124252,157.12780283877848,-9.085322211242525
94.1508,94.1508,150.0,159.05687536093433,157.1563656740914,-20.11687536093433
94.1702,94.1702,166.0,159.08887219911094,157.18475585168792,-4.148872199110938
94.1897,94.1897,140.0,159.1213509822592,157.21297348177393,-30.181350982259204
94.2092,94.2092,159.0,159.15430409951637,157.24101869782697,-11.214304099516367
94.2286,94.2286,174.0,159.1877287859171,157.2688915869955,3.7522712140828975
94.2481,94.2481,170.0,159.22168363994115,157.29659224115233,-0.2816836399411482
94.2675,94.2675,176.0,159.25611276772355,157.32412078857308,5.683887232276449
94.287,94.287,184.0,159.29111524481445,157.35147738959049,13.64888475518555
94.3064,94.3064,164.0,159.3266260601478,157.3786622395019,-6.386626060147789
94.3259,94.3259,181.0,159.362739608054,157.4056755448048,10.577260391946
94.3454,94.3454,151.0,159.39942862767666,157.43251752964537,-19.459428627676658
94.3648,94.3648,178.0,159.43667501301604,157.4591884389013,7.503324986983957
94.3843,94.3843,131.0,159.47459205194957,157.4856885001397,-39.53459205194957
94.4037,94.4037,142.0,159.51308053694024,157.51201797185078,-28.57308053694024
94.4232,94.4232,163.0,159.55230195956082,157.53817704123762,-7.612301959560822
94.4426,94.4426,169.0,159.59214269957016,157.56416585375263,-1.6521426995701614
94.4621,94.4621,163.0,159.63275344346064,157.58998456944968,-7.692753443460644
94.4816,94.4816,158.0,159.67411391510416,157.61563337784705,-12.734113915104158
94.501,94.501,184.0,159.71615870404108,157.64111248292758,13.223841295958922
94.5205,94.5205,146.0,159.75908098014378,157.66642208970725,-24.81908098014378
94.5399,94.5399,170.0,159.80272573321076,157.6915624151613,-0.8627257332107643
94.5594,94.5594,166.0,159.84733470357497,157.71653364486528,-4.907334703574973
94.5788,94.5788,182.0,159.892721505361,157.74133599568393,11.04727849463899
94.5983,94.5983,161.0,159.93915410042894,157.76596970641478,-9.999154100428937
94.6178,94.6178,195.0,159.98655883603027,157.79043503427977,23.953441163969728
94.6372,94.6372,154.0,160.03485352772617,157.81473224517612,-17.094853527726173
94.6567,94.6567,178.0,160.08430871961997,157.83886160566033,6.8556912803800305
94.6761,94.6761,146.0,160.1347436579877,157.8628233720251,-25.194743657987715
94.6956,94.6956,157.0,160.1864550318782,157.88661783250282,-14.246455031878211
94.715,94.715,134.0,160.23920371908113,157.91024524339758,-37.299203719081135
94.7345,94.7345,158.0,160.2933632046244,157.9337058586294,-13.353363204624399
94.754,94.754,153.0,160.34883392586477,157.956999867763,-18.40883392586477
94.7734,94.7734,157.0,160.4054970228124,157.98012746054118,-14.465497022812398
94.7929,94.7929,143.0,160.46374154275,158.00308881336824,-28.523741542750003
94.8123,94.8123,162.0,160.52330857799356,158.0258841000127,-9.583308577993561
94.8318,94.8318,167.0,160.58462343284342,158.0485134538621,-4.6446234328434155
94.8512,94.8512,151.0,160.647350628238,158.0709770189555,-20.707350628238004
94.8707,94.8707,155.0,160.7120095575899,158.09327496294318,-16.77200955758991
94.8902,94.8902,182.0,160.77846193368896,158.11540743444633,10.16153806631104
94.9096,94.9096,188.0,160.8465388282451,158.1373745737643,16.09346117175491
94.9291,94.9291,157.0,160.9168335214215,158.15917654091115,-14.976833521421495
94.9485,94.9485,175.0,160.9889294035289,158.18081350096054,2.9510705964710855
94.968,94.968,161.0,161.06343908473153,158.20228561586885,-11.123439084731528
94.9874,94.9874,166.0,161.13990644387562,158.2235930839909,-6.1999064438756175
95.0069,95.0069,163.0,161.2190405227189,158.24473611118964,-9.2790405227189
95.0264,95.0264,155.0,161.30066799201543,158.26571492396764,-17.360667992015436
95.0458,95.0458,161.0,161.3845528133234,158.28652976155723,-11.44455281332341
95.0653,95.0653,152.0,161.47150979256202,158.30718085440478,-20.53150979256202
95.0847,95.0847,165.0,161.56097363031859,158.32766844023925,-7.620973630318586
95.1042,95.1042,159.0,161.65375362775112,158.34799273981628,-13.713753627751116
95.1236,95.1236,173.0,161.74932383949584,158.36815399167332,0.1906761605041556
95.1431,95.1431,161.0,161.84855295929495,158.38815243610014,-11.90855295929495
95.1626,95.1626,146.0,161.95124119086387,158.40798834847703,-27.01124119086387
95.182,95.182,153.0,162.05706194432486,158.42766201119477,-20.11706194432486
95.2015,95.2015,148.0,162.16712388754638,158.44717367324853,-25.227123887546384
95.2209,95.2209,166.0,162.28064444722975,158.46652356902794,-7.340644447229748
95.2404,95.2404,170.0,162.39872529068913,158.48571190480493,-3.458725290689129
95.2598,95.2598,171.0,162.52062206901687,158.50473890686666,-2.580622069016867
95.2793,95.2793,181.0,162.64753162913794,158.52360483113497,7.292468370862055
95.2988,95.2988,160.0,162.77908320411768,158.54230996518896,-13.839083204117683
95.3182,95.3182,166.0,162.91495756692063,158.56085462129604,-7.974957566920635
95.3377,95.3377,163.0,163.05647167103064,158.57923911563952,-11.116471671030636
95.3571,95.3571,162.0,163.20254810190082,158.59746378417503,-12.262548101900817
95.3766,95.3766,180.0,163.35475778360527,158.6155289746991,5.585242216394734
95.396,95.396,162.0,163.51187392816578,158.633435044134,-12.571873928165784
95.4155,95.4155,155.0,163.6754965224847,158.6511823777833,-19.73549652248471
95.435,95.435,184.0,163.8450266638827,158.66877136997996,9.094973336117308
95.4544,95.4544,161.0,164.0199129130868,158.68620240523356,-14.079912913086813
95.4739,95.4739,174.0,164.2018346618755,158.70347588298048,-1.2618346618754952
95.4933,95.4933,151.0,164.38915764870487,158.72059220886914,-24.44915764870487
95.5128,95.5128,147.0,164.58380471534696,158.7375518243235,-28.64380471534696
95.5322,95.5322,164.0,164.78394165485625,158.75435514998946,-11.84394165485625
95.5517,95.5517,177.0,164.99135591453484,158.77100257492185,0.9486440854651637
95.5712,95.5712,186.0,165.20521004957754,158.78749450220536,9.734789950422455
95.5906,95.5906,141.0,165.42424205629922,158.8038313704738,-35.48424205629922
95.6101,95.6101,149.0,165.65032927124707,158.82001362818406,-27.710329271247076
95.6295,95.6295,175.0,165.88097970055523,158.83604167587356,-1.9409797005552303
95.649,95.649,158.0,166.11815099626654,158.85191588765008,-19.178150996266538
95.6684,95.6684,195.0,166.35904001749503,158.86763667392873,17.580959982504965
95.6879,95.6879,165.0,166.60528265787403,158.88320444283374,-12.665282657874029
95.7074,95.7074,165.0,166.8552004148608,158.8986196033861,-12.915200414860804
95.7268,95.7268,152.0,167.10664217822438,158.91388258093411,-26.16664217822438
95.7463,95.7463,171.0,167.360977742008,158.92899381711277,-7.420977742008004
95.7657,95.7657,181.0,167.61487140362095,158.94395373495078,2.325128596379047
95.7852,95.7852,182.0,167.86936774898422,158.95876278828547,3.070632251015782
95.8046,95.8046,146.0,168.1206924087567,158.9734214570993,-33.1806924087567
95.8241,95.8241,173.0,168.3698943124114,158.98793024406314,-6.42989431241139
95.8436,95.8436,168.0,168.61410512104237,159.00228961693017,-11.674105121042372
95.863,95.863,162.0,168.85052724336498,159.01650007771988,-17.91052724336498
95.8825,95.8825,183.0,169.07970327177893,159.03056215217802,2.8602967282210745
95.9019,95.9019,173.0,169.29783296489717,159.0444763740556,-7.3578329648971685
95.9214,95.9214,170.0,169.50527519713688,159.05824329651946,-10.565275197136883
95.9408,95.9408,172.0,169.69837682405887,159.0718635069196,-8.75837682405887
95.9603,95.9603,183.0,169.8774922094852,159.08533762097198,2.062507790514788
95.9798,95.9798,158.0,170.04017203658682,159.09866628686729,-23.100172036586827
95.9992,95.9992,152.0,170.18461847274185,159.11185017240211,-29.24461847274185
96.0187,96.0187,156.0,170.31111104973792,159.12488994241852,-25.37111104973792
96.0381,96.0381,175.0,170.41762185642057,159.13778624261917,-6.477621856420567
96.0576,96.0576,186.0,170.5045898875828,159.15053971029965,4.435410112417204
96.077,96.077,171.0,170.57088956712272,159.16315101892738,-10.63088956712272
96.0965,96.0965,168.0,170.61689980777587,159.175620852661,-13.676899807775866
96.116,96.116,187.0,170.64235342826393,159.18794992598174,5.297646571736069
96.1354,96.1354,158.0,170.64774677949904,159.20013897666504,-23.707746779499047
96.1549,96.1549,185.0,170.63332661572525,159.21218875099146,3.306673384274747
96.1743,96.1743,135.0,170.5999431385273,159.22409999201383,-46.6599431385273
96.1938,96.1938,195.0,170.5479797966411,159.23587345633788,13.392020203358898
96.2132,96.2132,161.0,170.4786776107442,159.24750983536939,-20.5386776107442
96.2327,96.2327,176.0,170.3921015394786,159.25900982150932,-5.452101539478603
96.2522,96.2522,196.0,170.28955982883608,159.2703741118656,14.650440171163924
96.2716,96.2716,203.0,170.17271062441228,159.28160343994563,21.767289375587723
96.2911,96.2911,171.0,170.04103481762507,159.29269854001285,-10.101034817625075
96.3105,96.3105,170.0,169.89698739004493,159.30366014643073,-10.956987390044928
96.33,96.33,177.0,169.74010172028525,159.31448902361097,-3.8001017202852534
96.3494,96.3494,150.0,169.57285808591342,159.32518596377133,-30.632858085913426
96.3689,96.3689,202.0,169.394583086382,159.33575179517928,21.545416913618
96.3884,96.3884,188.0,169.20718928483504,159.34618732100506,7.732810715164961
96.4078,96.4078,196.0,169.0128878709555,159.3564933445549,15.927112129044504
96.4273,96.4273,177.0,168.81054709223667,159.36667067603673,-2.8705470922366754
96.4467,96.4467,188.0,168.60352259055628,159.3767201264332,8.336477409443718
96.4662,96.4662,209.0,168.3905750862585,159.38664254281258,29.54942491374149
96.4856,96.4856,183.0,168.17514047152378,159.39643877919798,3.764859528476224
96.5051,96.5051,176.0,167.955964188468,159.40610968963034,-3.015964188467988
96.5246,96.5246,184.0,167.73532314877718,159.41565614884104,5.204676851222816
96.544,96.544,180.0,167.51521389855188,159.42507906795706,1.424786101448122
96.5635,96.5635,189.0,167.2943857851661,159.43437937542362,10.6456142148339
96.5829,96.5829,183.0,167.07599956942707,159.44355803050416,4.864000430572931
96.6024,96.6024,161.0,166.8584624738196,159.45261599792582,-16.918462473819602
96.6218,96.6218,181.0,166.6448762337052,159.46155426327113,3.295123766294809
96.6413,96.6413,184.0,166.43361263729616,159.47037381627936,6.506387362703835
96.6608,96.6608,160.0,166.22627491617723,159.47907567456244,-17.286274916177234
96.6802,96.6802,189.0,166.02449619749686,159.48766087323168,11.91550380250314
96.6997,96.6997,169.0,165.8264614214645,159.49613044879843,-7.886461421464501
96.7191,96.7191,200.0,165.63465463261966,159.5044854433132,23.30534536738034
96.7386,96.7386,181.0,165.44720129275743,159.51272692379953,4.492798707242573
96.758,96.758,182.0,165.26634313683536,159.5208559575365,5.67365686316464
96.7775,96.7775,191.0,165.09026090433753,159.52887363984135,14.849739095662473
96.7969,96.7969,173.0,164.92086325842934,159.5367810906981,-2.980863258429336
96.8164,96.8164,169.0,164.7563552314351,159.54457943338167,-6.816355231435095
96.8359,96.8359,192.0,164.59767413464544,159.5522698245748,16.342325865354553
96.8553,96.8553,159.0,164.44560175112406,159.559853445815,-16.50560175112406
96.8748,96.8748,185.0,164.2984105135605,159.56733148115956,9.641589486439502
96.8942,96.8942,168.0,164.157550497253,159.5747051131604,-7.217550497252999
96.9137,96.9137,148.0,164.02137407677168,159.5819755389748,-27.08137407677168
96.9331,96.9331,144.0,163.89125462948996,159.58914397805142,-30.951254629489966
96.9526,96.9526,141.0,163.76559287562358,159.59621161866656,-33.825592875623585
96.9721,96.9721,165.0,163.64500119473954,159.6031796071381,-9.705001194739536
96.9915,96.9915,156.0,163.52985439874294,159.61004903973173,-18.589854398742943
97.011,97.011,148.0,163.41881747122744,159.61682102714283,-26.478817471227444
97.0304,97.0304,155.0,163.31287003404438,159.623496670354,-19.372870034044382
97.0499,97.0499,157.0,163.21068151574116,159.6300770390817,-17.27068151574116
97.0693,97.0693,136.0,163.1132262304878,159.63656319060155,-38.17322623048781
97.0888,97.0888,163.0,163.01926372257591,159.64295617511388,-11.079263722575915
97.1083,97.1083,162.0,162.9291369337052,159.64925697920052,-11.989136933705195
97.1277,97.1277,179.0,162.84318827085738,159.6554665984474,5.096811729142617
97.1472,97.1472,178.0,162.76028462385884,159.66158603475162,4.1797153761411625
97.1666,97.1666,162.0,162.68121130997326,159.66761632379834,-11.741211309973265
97.1861,97.1861,153.0,162.60492065478496,159.673558536682,-20.664920654784964
97.2055,97.2055,160.0,162.53213508684198,159.67941375075884,-13.592135086841976
97.225,97.225,156.0,162.4619050228747,159.68518302542563,-17.521905022874705
97.2445,97.2445,142.0,162.39448306207905,159.6908674209408,-31.45448306207905
97.2639,97.2639,163.0,162.33012413884595,159.6964679876477,-10.390124138845946
97.2834,97.2834,160.0,162.26796665507604,159.70198572827428,-13.327966655076038
97.3028,97.3028,166.0,162.20860639806472,159.7074216544095,-7.268606398064717
97.3223,97.3223,162.0,162.1512620435534,159.7127767784435,-11.211262043553402
97.3417,97.3417,148.0,162.09645668019883,159.7180521295547,-25.15645668019883
97.3612,97.3612,152.0,162.0434689977955,159.72324874306213,-21.10346899779549
97.3807,97.3807,180.0,161.99252533521465,159.72836762274616,6.947474664785348
97.4001,97.4001,165.0,161.94381156839722,159.7334097516019,-8.003811568397223
97.4196,97.4196,178.0,161.8966842010217,159.73837614425767,5.043315798978286
97.439,97.439,156.0,161.85156984752223,159.74326782942697,-16.91156984752223
97.4585,97.4585,147.0,161.8079091581023,159.7480858713215,-25.867909158102293
97.4779,97.4779,156.0,161.76610097351417,159.75283132408163,-16.826100973514173
97.4974,97.4974,169.0,161.72559265814334,159.75750520753644,-3.785592658143342
97.5169,97.5169,154.0,161.68657568580446,159.7621085314178,-18.74657568580446
97.5363,97.5363,155.0,161.64918132618985,159.76664232978914,-17.70918132618985
97.5558,97.5558,153.0,161.6129144215916,159.77110762120813,-19.6729144215916
97.5752,97.5752,149.0,161.57814410026094,159.77550541140639,-23.638144100260945
97.5947,97.5947,128.0,161.54440086319624,159.7798366878933,-44.60440086319625
97.6141,97.6141,155.0,161.51203159561547,159.7841024091768,-17.57203159561547
97.6336,97.6336,150.0,161.4805976304629,159.78830344822833,-22.540597630462912
97.6531,97.6531,160.0,161.45025467482307,159.79244066514627,-12.510254674823072
97.6725,97.6725,166.0,161.42111339795807,159.79651489368476,-6.481113397958067
97.692,97.692,161.0,161.39278619669028,159.8005269681558,-11.452786196690282
97.7114,97.7114,138.0,161.36557173700348,159.804477739426,-34.42557173700348
97.7309,97.7309,168.0,161.33910092227993,159.80836806158482,-4.399100922279926
97.7503,97.7503,176.0,161.31365566975182,159.81219873003425,3.626344330248175
97.7698,97.7698,170.0,161.28889614698986,159.81597056187542,-2.3488961469898566
97.7893,97.7893,143.0,161.26493170409503,159.81968441051464,-29.324931704095036
97.8087,97.8087,150.0,161.24187577485336,159.82334115596674,-22.301875774853357
97.8282,97.8282,157.0,161.21941430393176,159.8269416329761,-15.279414303931757
97.8476,97.8476,169.0,161.19779162416583,159.83048664984858,-3.257791624165831
97.8671,97.8671,151.0,161.17672024474476,159.83397700728503,-21.23672024474476
97.8865,97.8865,153.0,161.1564128647508,159.83741353013752,-19.216412864750794
97.906,97.906,140.0,161.13661648330452,159.8407970194829,-32.196616483304524
97.9255,97.9255,184.0,161.11741662940324,159.84412825799737,11.822583370596762
97.9449,97.9449,151.0,161.09890906362816,159.84740797495522,-21.15890906362816
97.9644,97.9644,163.0,161.08084551982333,159.85063691837897,-9.140845519823328
97.9838,97.9838,168.0,161.06341920159352,159.85381581247995,-4.123419201593519
98.0033,98.0033,167.0,161.04639649641177,159.8569453899185,-5.106396496411774
98.0227,98.0227,163.0,161.02996986677985,159.8600264049385,-9.089969866779851
98.0422,98.0422,181.0,161.0139151291086,159.86305963078982,8.926084870891403
98.0617,98.0617,147.0,160.99832349770048,159.86604584914613,-25.058323497700485
98.0811,98.0811,148.0,160.98325783047807,159.86898587081342,-24.04325783047807
98.1006,98.1006,165.0,160.96852934100195,159.8718804719689,-7.0285293410019545
98.12,98.12,157.0,160.95429566796872,159.87473039684477,-15.014295667968723
98.1395,98.1395,174.0,160.9403650836181,159.8775364033918,1.9996349163818952
98.1589,98.1589,171.0,160.92689956011048,159.88029924182703,-0.9868995601104853
98.1784,98.1784,152.0,160.9137143503809,159.88301969678562,-19.973714350380902
98.1979,98.1979,144.0,160.90088740062714,159.88569858166656,-27.960887400627144
98.2173,98.2173,168.0,160.88847649331066,159.88833668865337,-3.948476493310663
98.2368,98.2368,148.0,160.8763149935938,159.89093476717304,-23.93631499359381
98.2562,98.2562,169.0,160.86454710884703,159.8934935881479,-2.924547108847035
98.2757,98.2757,163.0,160.8530099659934,159.89601389049642,-8.913009965993409
98.2951,98.2951,172.0,160.84184119580496,159.89849643713237,0.0981588041950392
98.3146,98.3146,164.0,160.83089027515712,159.90094199929698,-7.890890275157117
98.3341,98.3341,147.0,160.82021359274282,159.9033513790987,-24.88021359274282
98.3535,98.3535,183.0,160.80987195141793,159.90572538963002,11.130128048582067
98.373,98.373,162.0,160.79972223427762,159.90806480925445,-9.859722234277625
98.3924,98.3924,154.0,160.78988778504242,159.9103704388019,-17.849887785042426
98.4119,98.4119,163.0,160.78023451535822,159.9126430847196,-8.840234515358217
98.4313,98.4313,136.0,160.77087515990456,159.91488353754994,-35.830875159904565
98.4508,98.4508,170.0,160.76168224168353,159.91709259611832,-1.821682241683531
98.4703,98.4703,162.0,160.7527107219543,159.91927099488242,-9.812710721954288
98.4897,98.4897,166.0,160.74401043604598,159.92141949466773,-5.804010436045983
98.5092,98.5092,156.0,160.73546315883164,159.92353886188684,-15.795463158831636
98.5286,98.5286,168.0,160.7271669822761,159.92562987917884,-3.787166982276089
98.5481,98.5481,186.0,160.71901592005642,159.92769331862618,14.220984079943578
98.5675,98.5675,139.0,160.71110495507867,159.92972997371166,-32.77110495507867
98.587,98.587,157.0,160.7033254464499,159.93174065063346,-14.763325446449896
98.6065,98.6065,147.0,160.69572564907455,159.93372609925675,-24.75572564907455
98.6259,98.6259,149.0,160.68834861966954,159.93568706155943,-22.748348619669542
98.6454,98.6454,155.0,160.68109390183082,159.9376242447086,-16.741093901830823
98.6648,98.6648,166.0,160.67404823767043,159.9395383264386,-5.734048237670434
98.6843,98.6843,148.0,160.66711503700645,159.94142997119735,-23.727115037006456
98.7037,98.7037,140.0,160.6603826326884,159.94329985961164,-31.7203826326884
98.7232,98.7232,146.0,160.65375574033885,159.9451486401683,-25.713755740338854
98.7427,98.7427,143.0,160.64727827964464,159.9469769076761,-28.70727827964464
98.7621,98.7621,154.0,160.64098470444253,159.9487852194104,-17.700984704442533
98.7816,98.7816,148.0,160.63478739294516,159.95057408703335,-23.69478739294516
98.801,98.801,156.0,160.62876652299428,159.95234400619867,-15.688766522994284
98.8205,98.8205,164.0,160.62283625639748,159.95409544039578,-7.6828362563974775
98.8399,98.8399,177.0,160.61707393231785,159.95582884247992,5.322926067682149
98.8594,98.8594,157.0,160.61139855803196,159.95754467614879,-14.671398558031965
98.8789,98.8789,152.0,160.6058433568224,159.95924344143768,-19.665843356822393
98.8983,98.8983,172.0,160.60044425659177,159.96092563042524,0.33955574340822814
98.9178,98.9178,149.0,160.59512318695317,159.96259171376985,-22.655123186953176
98.9372,98.9372,181.0,160.58995076440914,159.96424219286823,9.35004923559086
98.9567,98.9567,141.0,160.5848540520416,159.96587753961205,-30.64485405204161
98.9761,98.9761,141.0,160.57989605472184,159.96749825532157,-30.639896054721845
98.9956,98.9956,150.0,160.57501089275647,159.9691047902698,-21.63501089275647
99.0151,99.0151,153.0,160.57022667765102,159.9706975436782,-18.630226677651024
99.0345,99.0345,174.0,160.56557513152663,159.97227688793743,2.374424868473371
99.054,99.054,147.0,160.56098773874322,159.9738431766789,-24.620987738743224
99.0734,99.0734,155.0,160.55652697981023,159.9753967978132,-16.61652697981023
99.0929,99.0929,178.0,160.5521286397461,159.97693810433216,6.387871360253913
99.1123,99.1123,157.0,160.54784985917556,159.97846743583946,-14.607849859175557
99.1318,99.1318,170.0,160.54362878662104,159.97998516767422,-1.6036287866210426
99.1513,99.1513,141.0,160.53949579431946,159.9814916671627,-30.599495794319466
99.1707,99.1707,170.0,160.53547357720294,159.98298732784855,-1.5954735772029363
99.1902,99.1902,154.0,160.531507474996,159.98447249218617,-17.591507474996007
99.2096,99.2096,161.0,160.52764898073823,159.98594752884017,-10.587648980738235
99.2291,99.2291,151.0,160.52384128628117,159.98741279037074,-20.58384128628117
99.2485,99.2485,167.0,160.52013810808273,159.98886863206286,-4.580138108082734
99.268,99.268,182.0,160.5164833713935,159.99031538501316,10.423516628606508
99.2875,99.2875,168.0,160.51290419769222,159.99175339898184,-3.572904197692223
99.3069,99.3069,159.0,160.50942224964348,159.9931830499819,-12.569422249643479
99.3264,99.3264,144.0,160.50598547916303,159.994604735258,-27.565985479163032
99.3458,99.3458,181.0,160.50264364792915,159.99601884938403,9.437356352070852
99.3653,99.3653,147.0,160.49934509114954,159.99742574388404,-24.559345091149538
99.3847,99.3847,152.0,160.4961379781908,159.99882579980027,-19.556137978190804
99.4042,99.4042,155.0,160.49297349984693,160.00021936319257,-16.552973499846928
99.4237,99.4237,174.0,160.48987265095803,160.00160675859354,2.4501273490419653
99.4431,99.4431,149.0,160.48685839178407,160.00298829708086,-22.54685839178407
99.4626,99.4626,161.0,160.48388311874027,160.00436432396722,-10.543883118740267
99.482,99.482,148.0,160.48099144841547,160.0057351549516,-23.54099144841547
99.5015,99.5015,156.0,160.47813731311234,160.00710110840814,-15.538137313112342
99.5209,99.5209,158.0,160.4753637266691,160.0084624703981,-13.535363726669088
99.5404,99.5404,150.0,160.47262722372648,160.00981951620122,-21.53262722372648
99.5598,99.5598,150.0,160.4699675376772,160.01117251569505,-21.52996753767721
99.5793,99.5793,155.0,160.46734282126448,160.01252171181676,-16.527342821264483
99.5988,99.5988,161.0,160.4647737335739,160.01386732055957,-10.524773733573907
99.6182,99.6182,183.0,160.4622767936916,160.01520954442861,11.477723206308413
99.6377,99.6377,154.0,160.45981423183116,160.0165485885788,-17.519814231831162
99.6571,99.6571,195.0,160.457422311726,160.0178846809978,23.482577688274006
99.6766,99.6766,167.0,160.45506165123876,160.01921803348247,-4.515061651238765
99.696,99.696,134.0,160.452770283095,160.02054885906708,-37.512770283094994
99.7155,99.7155,174.0,160.45050903416413,160.02187738937036,2.4894909658358717
99.735,99.735,157.0,160.44829718316007,160.02320378597597,-14.508297183160066
99.7544,99.7544,170.0,160.44615043622784,160.02452824467184,-1.5061504362278395
99.7739,99.7739,181.0,160.44403219038512,160.02585095311267,9.495967809614884
99.7933,99.7933,161.0,160.44197784720672,160.02717212506357,-10.501977847206716
99.8128,99.8128,131.0,160.43995106709002,160.02849200389116,-40.499951067090024
99.8322,99.8322,169.0,160.43798642130332,160.0298108355761,-2.497986421303322
99.8517,99.8517,175.0,160.43604921172113,160.0311287879677,3.503950788278873
99.8712,99.8712,130.0,160.43415466521097,160.03244605257134,-41.49415466521097
99.8906,99.8906,140.0,160.4323195529984,160.03376285633928,-31.492319552998396
99.9101,99.9101,147.0,160.4305098275669,160.0350793453904,-24.49050982756691
99.9295,99.9295,158.0,160.42875769094567,160.03639561192205,-13.488757690945674
99.949,99.949,157.0,160.4270299978598,160.037711713048,-14.487029997859791
99.9684,99.9684,165.0,160.4253580367518,160.0390277004044,-6.485358036751789
99.9879,99.9879,144.0,160.4237101946735,160.04034361745514,-27.483710194673506
100.0074,100.0074,155.0,160.42210032656027,160.04165952093942,-16.48210032656027
