"limits",30.0009,100.0074
"masked X","X","obs","calc","bkg","diff"
30.0009,30.0009,193.0,202.1974878346655,202.0417,-50.63748783466551
30.0204,30.0204,192.0,202.16839604792168,202.0121665848733,-51.60839604792167
30.0398,30.0398,201.0,202.139795345988,201.9831246969263,-42.579795345988
30.0593,30.0593,211.0,202.11138994831177,201.95427393657928,-32.551389948311765
30.0787,30.0787,213.0,202.08347022533036,201.92590921861083,-30.523470225330357
30.0982,30.0982,205.0,202.05574727702196,201.8977371273832,-38.49574727702196
30.1177,30.1177,195.0,202.02836501566924,201.8699037468112,-48.468365015669235
30.1371,30.1371,196.0,202.00146020337948,201.8425482232013,-47.44146020337948
30.1566,30.1566,192.0,201.97475450926748,201.81538754919077,-51.41475450926748
30.176,30.176,164.0,201.94852082714613,201.78869931230523,-79.38852082714612
30.1955,30.1955,175.0,201.92248775413515,201.7622073872264,-68.36248775413515
30.2149,30.2149,220.0,201.89692139680398,201.73618250529566,-23.336921396803973
30.2344,30.2344,207.0,201.87155709036858,201.71035538270212,-36.31155709036858
30.2539,30.2539,203.0,201.84652657470508,201.684860034365,-40.28652657470508
30.2733,30.2733,210.0,201.82195473098213,201.65982367969167,-33.261954730982126
30.2928,30.2928,216.0,201.79758714131646,201.63498723006643,-27.237587141316453
30.3122,30.3122,199.0,201.77367282507774,201.6106044445321,-44.21367282507774
30.3317,30.3317,207.0,201.7499643060742,201.5864229750874,-36.18996430607419
30.3511,30.3511,183.0,201.72670375081637,201.5626898657975,-60.16670375081637
30.3706,30.3706,208.0,201.70365043529637,201.53915946913938,-35.143650435296365
30.3901,30.3901,195.0,201.6809240542218,201.5159539789211,-48.1209240542218
30.4095,30.4095,209.0,201.65863780834255,201.49318893413127,-34.098637808342545
30.429,30.429,177.0,201.63656091765648,201.47062867146815,-66.07656091765648
30.4484,30.4484,190.0,201.61491881291954,201.44850361414345,-53.05491881291954
30.4679,30.4679,210.0,201.5934875330276,201.42658469944115,-33.033487533027596
30.4873,30.4873,184.0,201.57248578419342,201.40509577540126,-59.012485784193416
30.5068,30.5068,205.0,201.55169623510224,201.38381434015653,-37.99169623510224
30.5263,30.5263,202.0,201.53122698180113,201.3628510118346,-40.971226981801124
30.5457,30.5457,218.0,201.51117953012465,201.3423098930365,-24.951179530124648
30.5652,30.5652,208.0,201.49134634133878,201.32197825724037,-34.93134634133878
30.5846,30.5846,174.0,201.47192980853694,201.30206367958237,-68.91192980853694
30.6041,30.6041,212.0,201.45272890089794,201.28235989549313,-30.892728900897936
30.6235,30.6235,223.0,201.4339395287947,201.26306804334868,-19.873939528794693
30.643,30.643,173.0,201.41536706103852,201.24398828119237,-69.85536706103852
30.6625,30.6625,180.0,201.39710829545268,201.22521989445775,-62.83710829545268
30.6819,30.6819,207.0,201.37925340519567,201.2068557909511,-35.81925340519567
30.7014,30.7014,198.0,201.36161745402907,201.18870569727477,-44.80161745402907
30.7208,30.7208,195.0,201.3443803779302,201.17095482336967,-47.784380377930205
30.7403,30.7403,181.0,201.32736350791853,201.15341922054662,-61.76736350791853
30.7597,30.7597,173.0,201.31074047448914,201.13627779900935,-69.75074047448913
30.7792,30.7792,200.0,201.29433896336693,201.1193528958334,-42.73433896336692
30.7987,30.7987,229.0,201.27824452511686,201.10273270431063,-13.718244525116859
30.8181,30.8181,208.0,201.2625364749332,201.08649917661705,-34.7025364749332
30.8376,30.8376,195.0,201.24705181068848,201.07048401368138,-47.68705181068847
30.857,30.857,171.0,201.23194851224926,201.05485053827448,-71.67194851224926
30.8765,30.8765,216.0,201.21706993294302,201.0394366401733,-26.657069932943017
30.8959,30.8959,188.0,201.2025677506579,201.02439947805172,-54.64256775065789
30.9154,30.9154,197.0,201.1882915609409,201.00958309198523,-45.62829156094091
30.9349,30.9349,196.0,201.17431589948194,200.99506482125224,-46.61431589948194
30.9543,30.9543,226.0,201.1607093511017,200.9809158991454,-16.6007093511017
30.9738,30.9738,198.0,201.14733056915523,200.9669895269593,-44.58733056915523
30.9932,30.9932,218.0,201.1343159184527,200.95342761348547,-24.574315918452697
31.0127,31.0127,193.0,201.12153036524276,200.94008941438452,-49.56153036524276
31.0321,31.0321,210.0,201.10910403767937,200.92711080861386,-32.54910403767937
31.0516,31.0516,222.0,201.0969079871608,200.91435706804302,-20.536907987160788
31.0711,31.0711,216.0,201.08500608511773,200.90189491365166,-26.525006085117724
31.0905,31.0905,198.0,201.07345619627856,200.88978509418746,-44.513456196278554
31.11,31.11,193.0,201.06213839588523,200.877901842168,-49.502138395885225
31.1294,31.1294,212.0,201.05116780440176,200.86636612078166,-30.491167804401755
31.1489,31.1489,197.0,201.0404304355612,200.85505808380196,-45.4804304355612
31.1683,31.1683,217.0,201.03003550139476,200.8440927974746,-25.47003550139476
31.1878,31.1878,186.0,201.01987491061533,200.83335629906276,-56.459874910615326
31.2073,31.2073,203.0,201.01000219562636,200.82290492455843,-39.450002195626354
31.2267,31.2267,207.0,201.0004648019455,200.81278917010525,-35.440464801945495
31.2462,31.2462,191.0,200.9911635095732,200.8029038350979,-51.431163509573196
31.2656,31.2656,218.0,200.98219283056085,200.79334940070342,-24.422192830560846
31.2851,31.2851,201.0,200.97345935165637,200.78402645582875,-41.41345935165637
31.3045,31.3045,188.0,200.96505181949445,200.77502971622428,-54.405051819494446
31.324,31.324,205.0,200.956882653389,200.76626552293214,-37.396882653388985
31.3435,31.3435,201.0,200.9489950191062,200.75778005787419,-41.388995019106204
31.3629,31.3629,211.0,200.94142632187751,200.74961379414302,-31.381426321877512
31.3824,31.3824,203.0,200.9340976271084,200.74168163844152,-39.3740976271084
31.4018,31.4018,185.0,200.9270832570301,200.73406404872327,-57.36708325703009
31.4213,31.4213,176.0,200.92030993617715,200.72668159082025,-66.36030993617715
31.4407,31.4407,182.0,200.91384632855036,200.71960908743586,-60.35384632855036
31.4602,31.4602,193.0,200.90762494168536,200.71277272654146,-49.34762494168535
31.4797,31.4797,213.0,200.90167886069574,200.70620876452293,-29.341678860695737
31.4991,31.4991,218.0,200.89603556854667,200.69994787859784,-24.336035568546663
31.5186,31.5186,201.0,200.89063609337177,200.69392462796412,-41.330636093371766
31.538,31.538,198.0,200.8855349297163,200.688199901417,-44.3255349297163
31.5575,31.5575,218.0,200.88067852091348,200.68271378825509,-24.320678520913475
31.5769,31.5769,185.0,200.87611589528603,200.67752167083574,-57.31611589528603
31.5964,31.5964,217.0,200.8717991677609,200.67256913195448,-25.31179916776091
31.6159,31.6159,188.0,200.8677515459802,200.66788272862246,-54.30775154598021
31.6353,31.6353,184.0,200.86399096482256,200.66348356699055,-58.30399096482256
31.6548,31.6548,189.0,200.8604778731524,200.6593254086752,-53.3004778731524
31.6742,31.6742,220.0,200.85724723777864,200.65545002263445,-22.297247237778635
31.6937,31.6937,222.0,200.8542650421234,200.65181657290614,-20.294265042123385
31.7131,31.7131,201.0,200.8515609142373,200.6484614494746,-41.291560914237294
31.7326,31.7326,186.0,200.8491062094893,200.64534918257945,-56.28910620948929
31.7521,31.7521,188.0,200.84691460823916,200.642496853655,-54.28691460823916
31.7715,31.7715,193.0,200.84499453014342,200.63991622023667,-49.28499453014342
31.791,31.791,209.0,200.84332536496618,200.63757980099876,-33.283325364966174
31.8104,31.8104,195.0,200.84192322044575,200.63551068967058,-47.28192322044575
31.8299,31.8299,212.0,200.84077288882239,200.6336866810113,-30.280772888822383
31.8493,31.8493,182.0,200.83988535711924,200.6321256158987,-60.27988535711924
31.8688,31.8688,170.0,200.83925060611912,200.63081052933998,-72.27925060611912
31.8883,31.8883,206.0,200.83887301609008,200.62974924863826,-36.278873016090074
31.9077,31.9077,211.0,200.83875167710028,200.62894440281764,-31.278751677100274
31.9272,31.9272,201.0,200.83888452510857,200.62838682694482,-41.278884525108566
31.9466,31.9466,216.0,200.8392693693447,200.62808137943617,-26.27926936934469
31.9661,31.9661,194.0,200.83990924514816,200.6280240464446,-48.27990924514816
31.9855,31.9855,170.0,200.8407968279376,200.62821455832037,-72.28079682793759
32.005,32.005,201.0,200.84194050422974,200.62865401684624,-41.28194050422974
32.0245,32.0245,191.0,200.84333534924613,200.6293412142965,-51.28333534924613
32.0439,32.0439,210.0,200.84497154231104,200.6302698689514,-32.28497154231104
32.0634,32.0634,203.0,200.84686509511758,200.63144869627985,-39.28686509511758
32.0828,32.0828,220.0,200.84899583872948,200.6328647546291,-22.288995838729477
32.1023,32.1023,208.0,200.85138474331805,200.63453178688698,-34.29138474331805
32.1217,32.1217,214.0,200.85400658363,200.63643184678918,-28.294006583629994
32.1412,32.1412,215.0,200.85688756347076,200.63858366956524,-27.29688756347076
32.1607,32.1607,206.0,200.86001388809802,200.6409772292311,-36.30001388809802
32.1801,32.1801,196.0,200.8633669323762,200.64359754876332,-46.30336693237621
32.1996,32.1996,219.0,200.8669804615538,200.6464707926981,-23.306980461553792
32.219,32.219,205.0,200.87081641441657,200.649566649905,-37.310816414416564
32.2385,32.2385,192.0,200.87491369683744,200.6529161899973,-50.314913696837436
32.2579,32.2579,185.0,200.87922936512055,200.65648421936288,-57.31922936512055
32.2774,32.2774,209.0,200.88380710934058,200.66030667799268,-33.32380710934058
32.2969,32.2969,200.0,200.8886245137092,200.66436493609183,-42.3286245137092
32.3163,32.3163,210.0,200.89365422387405,200.66863553445756,-32.33365422387405
32.3358,32.3358,227.0,200.89894729172258,200.67316165999242,-15.338947291722576
32.3552,32.3552,231.0,200.9044485803867,200.67789605804836,-11.344448580386711
32.3747,32.3747,205.0,200.91021395453453,200.68288669958332,-37.350213954534524
32.3941,32.3941,174.0,200.91618363052805,200.68808156827825,-68.35618363052805
32.4136,32.4136,199.0,200.9224181365916,200.69353338482307,-43.3624181365916
32.4331,32.4331,221.0,200.92888666526153,200.69921512774766,-21.368886665261527
32.4525,32.4525,189.0,200.9355533840016,200.70509506648744,-53.37555338400159
32.472,32.472,216.0,200.94248621499707,200.71123298822505,-26.382486214997073
32.4914,32.4914,207.0,200.94961328664354,200.71756511614328,-35.38961328664354
32.5109,32.5109,210.0,200.95700718547414,200.7241559017726,-32.39700718547414
32.5303,32.5303,196.0,200.96459145516135,200.7309369261222,-46.40459145516135
32.5498,32.5498,215.0,200.97244329540177,200.7379772711212,-27.412443295401772
32.5692,32.5692,227.0,200.98048147497676,200.74520390949428,-15.420481474976754
32.5887,32.5887,233.0,200.9887880544118,200.75269051972677,-9.428788054411797
32.6082,32.6082,199.0,200.9973214585405,200.76039959989868,-43.43732145854051
32.6276,32.6276,195.0,201.006035349029,200.76828909174458,-47.44603534902899
32.6471,32.6471,224.0,201.01501869277695,200.77643951118336,-18.455018692776946
32.6665,32.6665,208.0,201.02417866131628,200.78476645200243,-34.46417866131628
32.686,32.686,225.0,201.03360891201547,200.7933549424926,-17.473608912015465
32.7054,32.7054,201.0,201.04321183868663,200.80211608597455,-41.48321183868663
32.7249,32.7249,220.0,201.053085784422,200.8111393896407,-22.493085784421993
32.7444,32.7444,213.0,201.0631809885939,200.82037943612744,-29.503180988593897
32.7638,32.7638,174.0,201.07344315388602,200.82978636904866,-68.51344315388602
32.7833,32.7833,226.0,201.08397743426085,200.83945635709551,-16.523977434260843
32.8027,32.8027,214.0,201.09467482168216,200.84928941771852,-28.53467482168216
32.8222,32.8222,215.0,201.105644986405,200.85938611525518,-27.545644986404994
32.8416,32.8416,210.0,201.11677452346345,200.8696420932065,-32.556774523463446
32.8611,32.8611,222.0,201.12817752885462,200.88016227845642,-20.56817752885462
32.8806,32.8806,228.0,201.13979639323568,200.89089354280765,-14.579796393235682
32.9,32.9,195.0,201.1515689716982,200.90177843506447,-47.591568971698194
32.9195,32.9195,224.0,201.16361599137642,200.91292836962148,-18.603615991376415
32.9389,32.9389,186.0,201.17581319380707,200.92422819393298,-56.61581319380707
32.9584,32.9584,204.0,201.18828529908723,200.93579360260924,-38.628285299087224
32.9778,32.9778,215.0,201.20090387620294,200.94750518437806,-27.64090387620294
32.9973,32.9973,199.0,201.21379825467483,200.9594828813346,-43.653798254674825
33.0168,33.0168,200.0,201.22690301792449,200.97166605678905,-42.66690301792448
33.0362,33.0362,209.0,201.24014874218332,200.98398986578434,-33.68014874218332
33.0557,33.0557,199.0,201.2536710264732,200.99658056587745,-43.6936710264732
33.0751,33.0751,205.0,201.26733068903363,201.00930823634195,-37.707330689033626
33.0946,33.0946,180.0,201.2812675581566,201.02230330080926,-62.7212675581566
33.114,33.114,214.0,201.2953381234479,201.03543169376118,-28.73533812344789
33.1335,33.1335,210.0,201.30968661118283,201.04882797253973,-32.749686611182824
33.153,33.153,206.0,201.32424021594238,201.0624241920453,-36.76424021594238
33.1724,33.1724,226.0,201.33892212366027,201.07614831235514,-16.778922123660266
33.1919,33.1919,217.0,201.35388287830605,201.09014103615377,-25.79388287830605
33.2113,33.2113,204.0,201.36896824358888,201.1042580718464,-38.80896824358888
33.2308,33.2308,183.0,201.3843331039479,201.11864417533428,-59.82433310394791
33.2502,33.2502,208.0,201.39981906456123,201.1331510228828,-34.839819064561226
33.2697,33.2697,184.0,201.4155850598115,201.14792739161146,-58.85558505981149
33.2892,33.2892,197.0,201.43155106454842,201.16289822584542,-45.87155106454841
33.3086,33.3086,194.0,201.44763284115837,201.17798448724892,-48.887632841158364
33.3281,33.3281,197.0,201.4639956114022,201.19334093008644,-45.903995611402195
33.3475,33.3475,171.0,201.48047063814838,201.20880928472278,-71.92047063814837
33.367,33.367,178.0,201.49722715948022,201.22454824705915,-64.93722715948022
33.3864,33.3864,193.0,201.51409264389278,201.24039562669572,-49.95409264389278
33.4059,33.4059,234.0,201.53124002115902,201.25651402953548,-8.97124002115902
33.4254,33.4254,210.0,201.54858238561957,201.27282148492426,-32.988582385619566
33.4448,33.4448,212.0,201.56602842555085,201.28923215043403,-31.006028425550852
33.4643,33.4643,200.0,201.58375737566047,201.3059144428275,-43.023757375660466
33.4837,33.4837,185.0,201.60158650124248,201.32269650279417,-58.04158650124248
33.5032,33.5032,217.0,201.6196990119594,201.33975057842525,-26.059699011959395
33.5226,33.5226,213.0,201.6379085635216,201.35690099974954,-30.07790856352159
33.5421,33.5421,213.0,201.65640192435524,201.37432381491425,-30.096401924355234
33.5616,33.5616,172.0,201.67508513397624,201.39193033165387,-71.11508513397624
33.581,33.581,195.0,201.69386023994144,201.4096280955461,-48.13386023994144
33.6005,33.6005,210.0,201.71292009377981,201.42759880121653,-33.15292009377981
33.6199,33.6199,207.0,201.732068381603,201.4456573836011,-36.172068381603
33.6394,33.6394,183.0,201.751501872558,201.46398925961145,-60.19150187255801
33.6588,33.6588,217.0,201.77102060264016,201.4824056623617,-26.21102060264016
33.6783,33.6783,206.0,201.79082508407652,201.50109570013808,-37.230825084076514
33.6978,33.6978,223.0,201.81081437780736,201.51996415021387,-20.25081437780736
33.7172,33.7172,177.0,201.83088391394946,201.53891213605874,-66.27088391394946
33.7367,33.7367,210.0,201.85123997023015,201.55813424995128,-33.29123997023015
33.7561,33.7561,186.0,201.87167294690144,201.57743260057245,-57.31167294690144
33.7756,33.7756,193.0,201.89239294876225,201.59700539470532,-50.33239294876225
33.795,33.795,198.0,201.913186666921,201.6166511467884,-45.353186666921005
33.8145,33.8145,209.0,201.93426774991266,201.6365716475562,-34.37426774991266
33.834,33.834,196.0,201.95552886545306,201.65666533276314,-47.39552886545306
33.8534,33.8534,197.0,201.9768590311381,201.67682709145478,-46.4168590311381
33.8729,33.8729,217.0,201.99847720740541,201.6972640377584,-26.438477207405413
33.8923,33.8923,217.0,202.02016106758583,201.7177658291966,-26.46016106758583
33.9118,33.9118,193.0,202.04213351671848,201.7385430878737,-50.48213351671848
33.9312,33.9312,219.0,202.0641686253161,201.75938198339537,-24.50416862531611
33.9507,33.9507,202.0,202.16278446099483,201.78049661564748,-41.602784460994826
33.9702,33.9702,189.0,202.18545979191467,201.80177926561,-54.625459791914665
33.9896,33.9896,199.0,202.20819260259088,201.823118773397,-44.64819260259088
34.0091,34.0091,214.0,202.2312166321781,201.84473440356487,-29.6712166321781
34.0285,34.0285,227.0,202.25429516301764,201.86640373319213,-16.694295163017642
34.048,34.048,200.0,202.27766521853314,201.88834942953378,-43.71766521853314
34.0674,34.0674,200.0,202.3010867840496,201.910345686829,-43.7410867840496
34.0869,34.0869,204.0,202.36295078997966,201.9326185451913,-39.80295078997966
34.1064,34.1064,222.0,202.386923493152,201.9550543153837,-21.82692349315201
34.1258,34.1258,186.0,202.41094296923174,201.97753597189902,-57.85094296923174
34.1453,34.1453,218.0,202.4352557764336,202.0002945626686,-25.87525577643359
34.1647,34.1647,193.0,202.45961209042235,202.02309595067888,-50.89961209042235
34.1842,34.1842,246.0,202.48426245921976,202.04617448252412,2.0757375407802385
34.2036,34.2036,206.0,202.5089532350183,202.06929274218714,-37.94895323501831
34.2231,34.2231,224.0,202.53393853305377,202.09268834543892,-19.97393853305377
34.2426,34.2426,183.0,202.55909057083306,202.1162418152051,-60.99909057083306
34.262,34.262,229.0,202.58427863201698,202.13983044149649,-15.024278632016973
34.2815,34.2815,213.0,202.60976175527196,202.16369669290935,-31.04976175527196
34.3009,34.3009,221.0,202.63527783020697,202.18759508034887,-23.07527783020697
34.3204,34.3204,216.0,202.66108951867642,202.21177126827544,-28.101089518676417
34.3398,34.3398,206.0,202.6869310761985,202.23597659119014,-38.1269310761985
34.3593,34.3593,222.0,202.71306852245593,202.2604598802838,-22.153068522455925
34.3788,34.3788,209.0,202.739368410007,202.2850960508575,-35.17936841000699
34.3982,34.3982,198.0,202.76569407383363,202.3097568874178,-46.20569407383363
34.4177,34.4177,202.0,202.79231608289984,202.33469592083983,-42.23231608289984
34.4371,34.4371,205.0,202.81896086299284,202.35965666763713,-39.258960862992836
34.4566,34.4566,200.0,202.84590252934225,202.38489575298166,-44.28590252934225
34.476,34.476,185.0,202.8728639940852,202.41015361835173,-59.312863994085205
34.4955,34.4955,222.0,202.90012267258058,202.43568995443306,-22.340122672580577
34.515,34.515,194.0,202.9275395842802,202.46137424695786,-50.367539584280195
34.5344,34.5344,209.0,202.95497193213905,202.487072951755,-35.39497193213904
34.5539,34.5539,198.0,202.9827021088908,202.51305030789655,-46.4227021088908
34.5733,34.5733,204.0,203.01044525131306,202.53903919089277,-40.450445251313056
34.5928,34.5928,180.0,203.03848644594012,202.56530683377076,-64.47848644594012
34.6122,34.6122,221.0,203.06653758582615,202.59158313714994,-23.506537585826152
34.6317,34.6317,217.0,203.09488733187575,202.61813829957813,-27.53488733187575
34.6512,34.6512,197.0,203.12339085405938,202.64483655312762,-47.56339085405938
34.6706,34.6706,239.0,203.15190028433992,202.67153919963488,-5.591900284339914
34.6901,34.6901,185.0,203.18070868068128,202.6985208365708,-59.620708680681275
34.7095,34.7095,206.0,203.20952012505762,202.72550404754986,-38.64952012505762
34.729,34.729,198.0,203.23863117616594,202.7527663248759,-46.678631176165936
34.7484,34.7484,176.0,203.26774244432028,202.780027376198,-68.70774244432027
34.7679,34.7679,201.0,203.29715370692284,202.80756756056576,-43.73715370692284
34.7874,34.7874,201.0,203.3267144040593,202.83524603016346,-43.766714404059286
34.8068,34.8068,208.0,203.35627146242382,202.86291910538998,-36.79627146242382
34.8263,34.8263,209.0,203.38612883700353,202.89087139657946,-35.82612883700352
34.8457,34.8457,211.0,203.41597991118059,202.91881554029848,-33.85597991118058
34.8652,34.8652,215.0,203.44613161936977,202.94703894380595,-29.886131619369763
34.8846,34.8846,199.0,203.47627420433625,202.9752514654154,-45.91627420433625
34.9041,34.9041,219.0,203.50671790278335,203.003743281569,-25.946717902783348
34.9236,34.9236,228.0,203.53730717562308,203.03236863620853,-16.977307175623082
34.943,34.943,210.0,203.56788350497894,203.06097903872907,-35.007883504978935
34.9625,34.9625,198.0,203.5987613168501,203.08986877103604,-47.0387613168501
34.9819,34.9819,201.0,203.62962349059177,203.1187408632553,-44.069623490591766
35.0014,35.0014,187.0,203.66078765728716,203.14789229751693,-58.10078765728716
35.0208,35.0208,191.0,203.69193353042053,203.17702342219877,-54.131933530420525
35.0403,35.0403,210.0,203.723381636322,203.20643389225802,-35.163381636321986
35.0598,35.0598,206.0,203.75497150654482,203.2359732129232,-39.19497150654482
35.0792,35.0792,221.0,203.78653915548716,203.2654882509087,-24.22653915548716
35.0987,35.0987,205.0,203.8184096302897,203.29528262262167,-40.25840963028969
35.1181,35.1181,178.0,203.850255691524,203.32505008813501,-67.29025569152401
35.1376,35.1376,212.0,203.88240465116706,203.35509686858248,-33.32240465116706
35.157,35.157,246.0,203.9145265432211,203.38511413759275,0.645473456778916
35.1765,35.1765,230.0,203.94695197909496,203.41541069397115,-15.38695197909496
35.196,35.196,212.0,203.97951523516352,203.44583147165594,-33.419515235163516
35.2154,35.2154,210.0,204.01204741979964,203.47621886090374,-35.45204741979964
35.2349,35.2349,231.0,204.04488362770456,203.50688547975597,-14.484883627704562
35.2543,35.2543,221.0,204.0776864355137,203.5375161504208,-24.517686435513696
35.2738,35.2738,190.0,204.1107937139113,203.56842600136522,-55.550793713911304
35.2932,35.2932,224.0,204.1438651189134,203.59929736246093,-21.583865118913394
35.3127,35.3127,206.0,204.1772413446789,203.63044784588575,-39.61724134467889
35.3322,35.3322,216.0,204.21075142251485,203.66171797961445,-29.650751422514844
35.3516,35.3516,212.0,204.24422210167592,203.69294584157825,-33.684222101675914
35.3711,35.3711,188.0,204.27799795694352,203.72445272276775,-57.71799795694352
35.3905,35.3905,221.0,204.31173216966206,203.75591483553566,-24.751732169662063
35.41,35.41,201.0,204.3457716830178,203.78765588818723,-44.7857716830178
35.4294,35.4294,193.0,204.37976704739754,203.819349693657,-52.819767047397534
35.4489,35.4489,228.0,204.4140683876276,203.8513223511893,-17.854068387627592
35.4683,35.4683,210.0,204.44832316732507,203.883245300621,-35.88832316732507
35.4878,35.4878,231.0,204.48288394151555,203.91544700585678,-14.92288394151555
35.5073,35.5073,214.0,204.51757420295826,203.94776257006654,-31.957574202958256
35.5267,35.5267,197.0,204.5522144881057,203.98002476501304,-48.9922144881057
35.5462,35.5462,193.0,204.58716146969527,204.0125655555016,-53.02716146969527
35.5656,35.5656,207.0,204.62205616584978,204.04505056019522,-39.06205616584978
35.5851,35.5851,239.0,204.6572577859691,204.07781404325007,-7.097257785969106
35.6045,35.6045,218.0,204.69240479141823,204.11051934162845,-28.132404791418224
35.624,35.624,246.0,204.72785918321898,204.14350299289512,-0.16785918321897952
35.6435,35.6435,186.0,204.7634396466484,204.17659606431283,-60.203439646648405
35.6629,35.6629,200.0,204.79896223937172,204.20962738266795,-46.238962239371716
35.6824,35.6824,230.0,204.834792496477,204.2429368500625,-16.274792496477005
35.7018,35.7018,192.0,204.87056260878688,204.27618220942196,-54.31056260878688
35.7213,35.7213,191.0,204.90664100857825,204.30970557178824,-55.346641008578246
35.7407,35.7407,219.0,204.94265699172655,204.3431624886062,-27.38265699172655
35.7602,35.7602,230.0,204.97898164256625,204.37689725425093,-16.41898164256625
35.7797,35.7797,213.0,205.01542885143417,204.41073705858955,-33.455428851434164
35.7991,35.7991,197.0,205.051810379967,204.44450694076784,-49.491810379967006
35.8186,35.8186,209.0,205.08850111341292,204.47855442509714,-37.528501113412915
35.838,35.838,236.0,205.12512416181372,204.5125296931861,-10.565124161813713
35.8575,35.8575,216.0,205.16205644615894,204.54678238904677,-30.60205644615894
35.8769,35.8769,224.0,205.19891889362867,204.58096059185675,-22.63891889362867
35.8964,35.8964,219.0,205.23609123883037,204.6154160400552,-27.676091238830367
35.9159,35.9159,198.0,205.27338281379704,204.64997220257263,-48.71338281379704
35.9353,35.9353,224.0,205.31060176071566,204.6844504862035,-22.750601760715654
35.9548,35.9548,199.0,205.34813089696948,204.71920572647565,-47.78813089696948
35.9742,35.9742,227.0,205.3855847809136,204.7538808540103,-19.8255847809136
35.9937,35.9937,212.0,205.4233496509036,204.7888327359624,-34.86334965090359
36.0131,36.0131,194.0,205.46103726589135,204.8237022884064,-52.90103726589135
36.0326,36.0326,216.0,205.49903575697607,204.85884838518305,-30.939035756976068
36.0521,36.0521,205.0,205.53715095906327,204.8940909287022,-41.977150959063266
36.0715,36.0715,194.0,205.57518607720894,204.92924784666005,-53.01518607720894
36.091,36.091,222.0,205.61353292859368,204.96468097888305,-25.053532928593683
36.1104,36.1104,211.0,205.6517973953627,205.0000263112618,-36.091797395362704
36.1299,36.1299,206.0,205.69037387207243,205.03564762833653,-41.130373872072425
36.1493,36.1493,214.0,205.72886627973438,205.0711789881764,-33.168866279734374
36.1688,36.1688,198.0,205.76767110888775,205.10698609542422,-49.20767110888775
36.1883,36.1883,201.0,205.80658995583588,205.14288543835335,-46.24658995583587
36.2077,36.2077,218.0,205.84542154290648,205.17869161678792,-29.285421542906477
36.2272,36.2272,206.0,205.8845661640375,205.2147731719892,-41.32456616403749
36.2466,36.2466,189.0,205.9236218545045,205.25075944732333,-58.36362185450449
36.2661,36.2661,222.0,205.96299097941417,205.28702084300605,-25.40299097941417
36.2855,36.2855,222.0,206.0022693554414,205.32318486015382,-25.442269355441397
36.305,36.305,191.0,206.04186161571425,205.3596237336545,-56.48186161571425
36.3245,36.3245,187.0,206.0815649974732,205.3961506880072,-60.521564997473206
36.3439,36.3439,208.0,206.12117482979886,205.43257714437362,-39.56117482979886
36.3634,36.3634,214.0,206.16109914702812,205.46927804662064,-33.60109914702812
36.3828,36.3828,186.0,206.2009282174289,205.5058763937641,-61.64092821742889
36.4023,36.4023,230.0,206.2410719774302,205.5427489040146,-17.681071977430207
36.4217,36.4217,214.0,206.28111861908062,205.57951681856252,-33.72111861908061
36.4412,36.4412,195.0,206.32148070103491,205.6165586060067,-52.76148070103491
36.4607,36.4607,223.0,206.36195130399574,205.65368437542165,-24.801951303995736
36.4801,36.4801,209.0,206.40232249719458,205.69070251651084,-38.84232249719457
36.4996,36.4996,226.0,206.44300948332287,205.72799408093078,-21.883009483322866
36.519,36.519,209.0,206.48359495091935,205.7651760175108,-38.92359495091935
36.5385,36.5385,204.0,206.5244969786436,205.80263106878306,-43.96449697864361
36.5579,36.5579,193.0,206.56529572155546,205.83997450903396,-55.005295721555456
36.5774,36.5774,201.0,206.6064113223218,205.87759074804106,-47.0464113223218
36.5969,36.5969,225.0,206.64763367284536,205.91528692580252,-23.087633672845357
36.6163,36.6163,193.0,206.68875029195806,205.9528685457713,-55.128750291958056
36.6358,36.6358,206.0,206.73018480963816,205.99072247657125,-42.17018480963816
36.6552,36.6552,213.0,206.77151153985744,206.02845990701834,-35.21151153985744
36.6747,36.6747,234.0,206.81315664432884,206.06646931428094,-14.25315664432884
36.6941,36.6941,195.0,206.85469270649284,206.1043602947784,-53.29469270649284
36.7136,36.7136,218.0,206.89654762433616,206.14252291091668,-30.336547624336163
36.7331,36.7331,245.0,206.93850746938259,206.18076147797436,-3.3785074693825834
36.7525,36.7525,173.0,206.98035558001274,206.21887875637572,-75.42035558001274
36.772,36.772,200.0,207.02252332640623,206.25726714486274,-48.46252332640623
36.7914,36.7914,216.0,207.06457831318411,206.29553235844108,-32.50457831318411
36.8109,36.8109,201.0,207.10695316583497,206.3340683231969,-47.546953165834964
36.8303,36.8303,219.0,207.14921389555812,206.37247924275542,-29.589213895558117
36.8498,36.8498,194.0,207.19179517833507,206.41116054756233,-54.63179517833507
36.8693,36.8693,201.0,207.23447948650588,206.44991387055148,-47.674479486505874
36.8887,36.8887,228.0,207.27704737751336,206.4885393703647,-20.717047377513353
36.9082,36.9082,224.0,207.3199363865571,206.52743469296595,-24.759936386557087
36.9276,36.9276,215.0,207.36270765482604,206.56620036180334,-33.80270765482604
36.9471,36.9471,187.0,207.40580111443364,206.60523547011,-61.84580111443364
36.9665,36.9665,208.0,207.44877499033987,206.6441391098453,-40.88877499033987
36.986,36.986,218.0,207.49207207854948,206.6833117988473,-30.93207207854948
37.0055,37.0055,192.0,207.53547052713606,206.72255262810867,-56.97547052713605
37.0249,37.0249,192.0,207.57874711975623,206.7616592937697,-57.01874711975623
37.0444,37.0444,200.0,207.62234793323975,206.80103441005244,-49.06234793323975
37.0638,37.0638,210.0,207.66582563461841,206.84027358717077,-39.10582563461841
37.0833,37.0833,204.0,207.7096283077415,206.87978080766044,-45.149628307741494
37.1027,37.1027,208.0,207.75330621830267,206.91915032901971,-41.193306218302666
37.1222,37.1222,230.0,207.79730960325014,206.95878747975235,-19.23730960325014
37.1417,37.1417,208.0,207.84141370673288,206.99848894735254,-41.28141370673288
37.1611,37.1611,228.0,207.88539137398226,207.03805010278407,-21.325391373982256
37.1806,37.1806,191.0,207.92969610892277,207.07787825347577,-58.36969610892277
37.2,37.2,199.0,207.97387256757014,207.11756437082104,-50.41387256757014
37.2195,37.2195,214.0,208.01837674584317,207.1575170527206,-35.45837674584317
37.2389,37.2389,211.0,208.0627519435659,207.19732599551264,-38.5027519435659
37.2584,37.2584,224.0,208.10745559841072,207.23740106554072,-25.54745559841072
37.2779,37.2779,211.0,208.15225936686164,207.27753668329186,-38.59225936686164
37.2973,37.2973,201.0,208.19693203242386,207.3175260299337,-48.63693203242386
37.3168,37.3168,207.0,208.24193434199205,207.35778083494205,-42.68193434199205
37.3362,37.3362,214.0,208.28680511794386,207.39788770141496,-35.726805117943854
37.3557,37.3557,217.0,208.33200639126377,207.43825957256598,-32.77200639126377
37.3751,37.3751,212.0,208.37707441381727,207.47848185299137,-37.81707441381727
37.3946,37.3946,196.0,208.42247400503365,207.51896867792897,-53.86247400503365
37.4141,37.4141,209.0,208.46797310355754,207.55951233540918,-40.90797310355754
37.4335,37.4335,216.0,208.5133379879758,207.59990395024832,-33.9533379879758
37.453,37.453,188.0,208.55903513569868,207.6405594066813,-61.999035135698676
37.4724,37.4724,225.0,208.60459741171132,207.681061206167,-25.044597411711322
37.4919,37.4919,201.0,208.65049324546416,207.72182637104603,-49.09049324546416
37.5113,37.5113,192.0,208.6962527004306,207.76243627972744,-58.13625270043059
37.5308,37.5308,244.0,208.74234742822728,207.80330907125807,-6.182347428227274
37.5503,37.5503,221.0,208.78854133396518,207.8442350338312,-29.228541333965183
37.5697,37.5697,202.0,208.83459710321623,207.88500336743215,-48.27459710321622
37.5892,37.5892,207.0,208.88099002454584,207.92603384761816,-43.320990024545836
37.6086,37.6086,222.0,208.927243570708,207.9669051370167,-28.367243570707984
37.6281,37.6281,203.0,208.97383567780957,208.00803807475512,-47.41383567780957
37.6475,37.6475,206.0,209.02028739815424,208.04901027476765,-44.460287398154236
37.667,37.667,207.0,209.06707837675808,208.09024361866406,-43.50707837675807
37.6865,37.6865,226.0,209.11396972217025,208.13152652550008,-24.55396972217025
37.7059,37.7059,189.0,209.1607196663398,208.17264640003498,-61.600719666339785
37.7254,37.7254,235.0,209.2078112288969,208.2140266495429,-15.647811228896899
37.7448,37.7448,212.0,209.25476050329695,208.2552423567995,-38.69476050329695
37.7643,37.7643,184.0,209.30205220513182,208.29671791920362,-66.74205220513181
37.7837,37.7837,191.0,209.34920178070425,208.33802744410482,-59.789201780704246
37.8032,37.8032,202.0,209.39669442697647,208.37959629824934,-48.836694426976464
37.8227,37.8227,212.0,209.44428904715187,208.42121116034403,-38.88428904715187
37.8421,37.8421,177.0,209.4917395699843,208.462657767623,-73.9317395699843
37.8616,37.8616,224.0,209.53953603243392,208.5043629032822,-26.979536032433913
37.881,37.881,190.0,209.58718923917183,208.54589832541745,-61.02718923917183
37.9005,37.9005,197.0,209.63518895186797,208.5876917349886,-54.07518895186797
37.9199,37.9199,225.0,209.68304419703713,208.62931398684873,-26.12304419703713
37.9394,37.9394,201.0,209.731248362647,208.67119367925318,-50.17124836264699
37.9589,37.9589,229.0,209.77955594588994,208.7131158774486,-22.219555945889937
37.9783,37.9783,195.0,209.82771776061364,208.7548647769499,-56.267717760613635
37.9978,37.9978,201.0,209.8762307129671,208.79687028487038,-50.3162307129671
38.0172,38.0172,210.0,209.9245980009228,208.83870108601027,-41.3645980009228
38.0367,38.0367,225.0,209.9733183748883,208.88078793396505,-26.41331837488829
38.0561,38.0561,240.0,210.02189280762573,208.92269868139726,-11.46189280762573
38.0756,38.0756,210.0,210.07082246754345,208.9648649082233,-41.51082246754345
38.0951,38.0951,213.0,210.11985673748853,209.0070701912274,-38.55985673748853
38.1145,38.1145,220.0,210.16874435902753,209.04909730812764,-31.608744359027526
38.134,38.134,236.0,210.217990104177,209.09137904172,-15.657990104177003
38.1534,38.1534,206.0,210.26708854046032,209.13348125112643,-45.70708854046032
38.1729,38.1729,201.0,210.31654736244894,209.17583749541635,-50.75654736244894
38.1923,38.1923,221.0,210.36585850761253,209.21801287160724,-30.805858507612527
38.2118,38.2118,235.0,210.41553139609044,209.2604416951858,-16.85553139609044
38.2312,38.2312,215.0,210.46505761795197,209.30268832087094,-36.90505761795197
38.2507,38.2507,214.0,210.514947394691,209.3451878007974,-37.954947394691004
38.2702,38.2702,209.0,210.56494649015454,209.387721978793,-43.00494649015454
38.2896,38.2896,192.0,210.61479813999156,209.43007198889381,-60.05479813999156
38.3091,38.3091,231.0,210.66501693280333,209.4726739522259,-21.105016932803323
38.3285,38.3285,211.0,210.71508925700434,209.5150904529652,-41.155089257004335
38.348,38.348,211.0,210.76553021224373,209.55775829981732,-41.20553021224373
38.3674,38.3674,198.0,210.8158248147738,209.60023940332277,-54.2558248147738
38.3869,38.3869,199.0,210.86649097017042,209.64297124030065,-53.306490970170415
38.4064,38.4064,203.0,210.91727077550627,209.68573444477164,-49.357270775506265
38.4258,38.4258,238.0,210.96790466744994,209.72830900919095,-14.407904667449941
38.4453,38.4453,209.0,211.01891334960874,209.77113337704733,-43.458913349608736
38.4647,38.4647,233.0,211.06977552484815,209.81376785875852,-19.509775524848152
38.4842,38.4842,219.0,211.12101668280297,209.85665151761492,-33.56101668280297
38.5036,38.5036,220.0,211.17211121560408,209.89934405800287,-32.612111215604074
38.5231,38.5231,216.0,211.2235877799994,209.94228514384997,-36.6635877799994
38.5426,38.5426,234.0,211.2751827718089,209.98525431822944,-18.715182771808884
38.562,38.562,231.0,211.32663220284766,210.02803054981763,-21.76663220284766
38.5815,38.5815,213.0,211.3784677732741,210.07105436847593,-39.81846777327411
38.6009,38.6009,208.0,211.4301580623718,210.1138840462463,-44.870158062371786
38.6204,38.6204,199.0,211.4822378969094,210.15696066606762,-53.922237896909394
38.6398,38.6398,215.0,211.53417269437404,210.19984196050154,-37.97417269437403
38.6593,38.6593,210.0,211.58649951230402,210.24296954670004,-43.026499512304014
38.6788,38.6788,239.0,211.63895242471253,210.28612199380177,-14.078952424712526
38.6982,38.6982,220.0,211.69126263228742,210.3290773626661,-33.13126263228742
38.7177,38.7177,205.0,211.74396929027688,210.3722780372193,-48.18396929027688
38.7371,38.7371,200.0,211.79653374589336,210.4152804828303,-53.236533745893354
38.7566,38.7566,229.0,211.84949896313614,210.45852757082707,-24.28949896313614
38.776,38.776,222.0,211.90232371864764,210.5015752926019,-31.342323718647634
38.7955,38.7955,227.0,211.95555202631883,210.54486698831835,-26.395552026318825
38.815,38.815,210.0,212.00891413720854,210.58818036835748,-43.44891413720853
38.8344,38.8344,185.0,212.06213669147752,210.63129269989193,-68.50213669147752
38.8539,38.8539,217.0,212.11576951810775,210.67464799226858,-36.55576951810775
38.8733,38.8733,234.0,212.16926531855376,210.71780113222584,-19.609265318553753
38.8928,38.8928,194.0,212.22317438962122,210.76119655187873,-59.66317438962122
38.9122,38.9122,198.0,212.27694649053873,210.80438872845102,-55.71694649053873
38.9317,38.9317,216.0,212.33113742603246,210.8478224985567,-37.77113742603245
38.9512,38.9512,207.0,212.3854733363615,210.8912748271691,-46.82547333636151
38.9706,38.9706,210.0,212.43967302151555,210.93452230008484,-43.87967302151554
38.9901,38.9901,208.0,212.49429846090325,210.978010327069,-45.93429846090325
39.0095,39.0095,210.0,212.5487909425617,211.02129244063272,-43.98879094256171
39.029,39.029,222.0,212.6037139083754,211.06481440971237,-32.043713908375395
39.0484,39.0484,204.0,212.65850701672932,211.1081294207308,-50.098507016729315
39.0679,39.0679,220.0,212.7137343742379,211.15168358382144,-34.1537343742379
39.0874,39.0874,214.0,212.76911702448933,211.1952532300843,-40.20911702448933
39.1068,39.1068,229.0,212.82437131221786,211.23861437443975,-25.26437131221786
39.1263,39.1263,221.0,212.88006952481368,211.28221360569123,-33.320069524813675
39.1457,39.1457,186.0,212.9356425153762,211.32560332290623,-68.3756425153762
39.1652,39.1652,218.0,212.99166348413323,211.36923041149362,-36.431663484133225
39.1846,39.1846,196.0,213.0475607838585,211.4126469868288,-58.4875607838585
39.2041,39.2041,207.0,213.10391314629788,211.45630021324482,-47.54391314629788
39.2236,39.2236,222.0,213.16043490573728,211.49996589769648,-32.60043490573727
39.243,39.243,210.0,213.21683790842826,211.54341959292768,-44.65683790842826
39.2625,39.2625,215.0,213.273703726498,211.58710884900188,-39.71370372649801
39.2819,39.2819,180.0,213.3304528407289,211.6305851487282,-74.7704528407289
39.3014,39.3014,223.0,213.38767238690363,211.67429627723425,-31.82767238690363
39.3208,39.3208,223.0,213.44477968176156,211.71779349500932,-31.884779681761557
39.3403,39.3403,235.0,213.5023629330098,211.76152480485592,-19.942362933009804
39.3598,39.3598,201.0,213.56013217082776,211.80526559751598,-54.000132170827754
39.3792,39.3792,225.0,213.61779236339655,211.8487910704666,-30.057792363396544
39.3987,39.3987,212.0,213.67594093935634,211.8925495208349,-43.115940939356335
39.4181,39.4181,205.0,213.73398577332927,211.93609172877743,-50.173985773329264
39.4376,39.4376,214.0,213.7925247337295,211.97986616596367,-41.23252473372949
39.457,39.457,242.0,213.8509618024537,212.0234234505842,-13.290961802453694
39.4765,39.4765,195.0,213.9099034451484,212.06721221175144,-60.349903445148385
39.496,39.496,222.0,213.9690519124458,212.11100753014082,-33.40905191244579
39.5154,39.5154,212.0,214.02810361226742,212.15458435309276,-43.46810361226741
39.5349,39.5349,203.0,214.0876718784633,212.19839151416207,-52.52767187846331
39.5543,39.5543,253.0,214.1471487784449,212.2419793009014,-2.5871487784448846
39.5738,39.5738,215.0,214.20715197302914,212.2857966618994,-40.64715197302914
39.5932,39.5932,212.0,214.26706928002955,212.32939378208397,-43.70706928002954
39.6127,39.6127,230.0,214.32752005374832,212.3732197082666,-25.767520053748314
39.6322,39.6322,227.0,214.38820107009903,212.41704931542776,-28.828201070099027
39.6516,39.6516,220.0,214.44880340233877,212.4606574041308,-35.888803402338766
39.6711,39.6711,212.0,214.50995600411983,212.50449313726432,-43.94995600411983
39.6905,39.6905,225.0,214.57103572601264,212.54810651628634,-31.011035726012636
39.71,39.71,215.0,214.63267463830115,212.59194676061847,-41.07267463830115
39.7294,39.7294,198.0,214.69424588968073,212.63556382742837,-58.13424588968073
39.7489,39.7489,219.0,214.7563883764165,212.6794069761464,-37.19638837641651
39.7684,39.7684,218.0,214.81879078575508,212.72325097866303,-38.25879078575508
39.7878,39.7878,203.0,214.88113563230678,212.76687059036567,-53.32113563230678
39.8073,39.8073,217.0,214.9440684051795,212.81071509990224,-39.384068405179505
39.8267,39.8267,206.0,215.00694906518478,212.85433442562908,-50.44694906518478
39.8462,39.8462,220.0,215.07043245432405,212.8981778552278,-36.51043245432405
39.8656,39.8656,209.0,215.13387217104767,212.94179532009798,-47.57387217104767
39.8851,39.8851,201.0,215.1979248166868,212.98563609071607,-55.63792481668679
39.9046,39.9046,217.0,215.2622717146127,213.02947493673364,-39.70227171461269
39.924,39.924,208.0,215.3265861159333,213.07308666821285,-48.76658611593331
39.9435,39.9435,199.0,215.39153747432303,213.1169204994876,-57.83153747432303
39.9629,39.9629,216.0,215.45646218475167,213.16052646530704,-40.89646218475167
39.9824,39.9824,225.0,215.52203792401673,213.20435372253573,-31.962037924016727
40.0018,40.0018,227.0,215.58759751994714,213.24795237530435,-30.027597519947136
40.0213,40.0213,211.0,215.6538245620671,213.29177150705243,-46.093824562067084
40.0408,40.0408,202.0,215.72038841561795,213.33558598429784,-55.160388415617945
40.0602,40.0602,232.0,215.78694839156762,213.3791707698896,-25.226948391567618
40.0797,40.0797,211.0,215.85420034824628,213.42297480725367,-46.29420034824628
40.0991,40.0991,238.0,215.9214604325291,213.46654844355,-19.3614604325291
40.1186,40.1186,210.0,215.98943131285816,213.51034050922246,-47.429431312858156
40.138,40.138,205.0,216.0574224001355,213.55390147616146,-52.49742240013549
40.1575,40.1575,202.0,216.12613967039752,213.59768004615458,-55.56613967039752
40.177,40.177,200.0,216.19524382172705,213.6414512799565,-57.635243821727045
40.1964,40.1964,207.0,216.2643845787215,213.68499038958566,-50.70438457872149
40.2159,40.2159,230.0,216.33428470038692,213.7287458544265,-27.774284700386914
40.2353,40.2353,223.0,216.40423554489632,213.77226852661045,-34.84423554489632
40.2548,40.2548,204.0,216.4749645177966,213.81600671801135,-53.91496451779659
40.2742,40.2742,185.0,216.54575632851294,213.8595114598565,-72.98575632851293
40.2937,40.2937,211.0,216.6173518278707,213.90323088111495,-47.05735182787069
40.3132,40.3132,241.0,216.68939682710976,213.9469403324238,-17.12939682710976
40.3326,40.3326,227.0,216.76152466787352,213.99041536963472,-31.201524667873514
40.3521,40.3521,202.0,216.83449138352105,214.03410381839586,-56.27449138352105
40.3715,40.3715,222.0,216.9075598003138,214.07755722493496,-36.3475598003138
40.391,40.391,209.0,216.98149471057414,214.12122319383946,-49.42149471057414
40.4104,40.4104,196.0,217.05554496380782,214.16465350382086,-62.495544963807816
40.4299,40.4299,217.0,217.13048754705574,214.20829552329013,-41.570487547055734
40.4494,40.4494,216.0,217.205953710258,214.25192498669804,-42.645953710258
40.4688,40.4688,208.0,217.2815659378756,214.29531788668461,-50.721565937875596
40.4883,40.4883,188.0,217.35811675755846,214.33892120888598,-70.79811675755846
40.5077,40.5077,211.0,217.43482917184213,214.38228737933468,-47.87482917184212
40.5272,40.5272,250.0,217.51251037985213,214.425863110029,-8.952510379852129
40.5466,40.5466,221.0,217.59037665581798,214.46920111190087,-38.030376655817975
40.5661,40.5661,250.0,217.66924663877595,214.51274780847194,-9.109246638775943
40.5856,40.5856,213.0,217.74873596854266,214.556279410233,-46.18873596854266
40.605,40.605,204.0,217.82844109862597,214.59957243786872,-55.26844109862597
40.6245,40.6245,183.0,217.90920314337072,214.64307285412667,-76.34920314337072
40.6439,40.6439,196.0,217.99020939956247,214.68633414715657,-63.43020939956247
40.6634,40.6634,220.0,218.0723132648826,214.7298019544578,-39.51231326488261
40.6828,40.6828,194.0,218.15468910501778,214.77303010052907,-65.59468910501778
40.7023,40.7023,204.0,218.23819890393958,214.8164638830582,-55.678198903939574
40.7218,40.7218,236.0,218.3224419673961,214.8598800791085,-23.762441967396086
40.7412,40.7412,213.0,218.4070001071258,214.90305582697695,-46.84700010712581
40.7607,40.7607,204.0,218.4927645916745,214.94643588702428,-55.9327645916745
40.7801,40.7801,200.0,218.57887063395563,214.98957498845422,-60.01887063395563
40.7996,40.7996,239.0,218.6662300892232,215.03291751573047,-21.106230089223203
40.819,40.819,226.0,218.7539691401822,215.07601858489488,-34.19396914018219
40.8385,40.8385,188.0,218.84301550909382,215.11932219022384,-72.28301550909381
40.858,40.858,211.0,218.93897697783456,215.16260576420134,-49.378976977834554
40.8774,40.8774,234.0,219.02933472566227,215.2056471506264,-26.469334725662264
40.8969,40.8969,201.0,219.1210816027744,215.24888973133235,-59.56108160277441
40.9163,40.9163,209.0,219.2133028041506,215.29188965215906,-51.6533028041506
40.9358,40.9358,192.0,219.30697660210348,215.33508986934933,-68.74697660210347
40.9552,40.9552,209.0,219.40116073338305,215.37804696511557,-51.84116073338305
40.9747,40.9747,221.0,219.4968559889232,215.4212034560917,-39.936855988923185
40.9941,40.9941,200.0,219.5931262680933,215.46411637483607,-61.0331262680933
41.0136,41.0136,211.0,219.6909687106566,215.5072277844323,-50.13096871065659
41.0331,41.0331,212.0,219.78993782627228,215.5503160878229,-49.22993782627228
41.0525,41.0525,198.0,219.88954604015825,215.59316016225074,-63.32954604015825
41.072,41.072,226.0,219.99085020761962,215.63620136388525,-35.43085020761961
41.0914,41.0914,198.0,220.09284424315393,215.67899791240737,-63.53284424315393
41.1109,41.1109,224.0,220.19661496775197,215.72199067590364,-37.63661496775197
41.1303,41.1303,221.0,220.30416032122574,215.76473837271683,-40.744160321225735
41.1498,41.1498,235.0,220.41056450748326,215.80768136917936,-26.850564507483256
41.1693,41.1693,211.0,220.51833721570517,215.8505989204571,-50.95833721570517
41.1887,41.1887,206.0,220.62695761312952,215.89327080392854,-56.06695761312952
41.2082,41.2082,228.0,220.73758774037572,215.9361366071486,-34.177587740375714
41.2276,41.2276,214.0,220.84914373245647,215.97875635525608,-48.289143732456466
41.2471,41.2471,239.0,220.96282878653204,216.02156910019113,-23.40282878653204
41.2665,41.2665,216.0,221.07750525280392,216.06413541312904,-46.517505252803915
41.286,41.286,210.0,221.1944194887592,216.10689379699215,-52.63441948875919
41.3055,41.3055,236.0,221.31302556125257,216.14962444255642,-26.75302556125257
41.3249,41.3249,227.0,221.43277883728018,216.19210810978217,-35.87277883728018
41.3444,41.3444,242.0,221.55493740335223,216.2347824523605,-20.994937403352225
41.3638,41.3638,216.0,221.6783258898077,216.2772094655883,-47.11832588980769
41.3833,41.3833,209.0,221.80427813520535,216.31982622094662,-54.24427813520535
41.4027,41.4027,231.0,221.93155732672986,216.36219530620795,-32.37155732672986
41.4222,41.4222,210.0,222.06154104974394,216.4047531975064,-53.501541049743935
41.4417,41.4417,257.0,222.19366645873757,216.44728110297325,-6.633666458737565
41.4611,41.4611,217.0,222.3272855760329,216.48956084596261,-46.76728557603289
41.4806,41.4806,243.0,222.4638652136133,216.53202798432307,-20.9038652136133
41.5,41.5,221.0,222.60208065335257,216.57424664494235,-43.04208065335257
41.5195,41.5195,233.0,222.74343350807595,216.61665175779405,-31.18343350807595
41.5389,41.5389,199.0,222.88655368911947,216.65880808775108,-65.32655368911946
41.5584,41.5584,219.0,223.03300561115722,216.7011499240399,-45.47300561115722
41.5779,41.5779,219.0,223.18216780193484,216.74345957226225,-45.622167801934836
41.5973,41.5973,203.0,223.33334032920447,216.78551999835312,-61.77334032920447
41.6168,41.6168,228.0,223.48817966608925,216.82776450559106,-36.92817966608925
41.6362,41.6362,221.0,223.64644772175822,216.86975951063891,-44.08644772175822
41.6557,41.6557,229.0,223.8073741246523,216.91193764416028,-36.24737412465231
41.6751,41.6751,219.0,223.97068310577055,216.9538660053886,-46.410683105770545
41.6946,41.6946,211.0,224.1381894421433,216.99597653976326,-54.5781894421433
41.7141,41.7141,227.0,224.3091620221351,217.038052728851,-38.749162022135096
41.7335,41.7335,235.0,224.48283126297454,217.07987875874034,-30.92283126297454
41.753,41.753,222.0,224.6611252902732,217.12188552264237,-44.10112529027319
41.7724,41.7724,213.0,224.84237311824782,217.1636418819524,-53.28237311824782
41.7919,41.7919,192.0,225.0286095363068,217.20557801344535,-74.46860953630679
41.8113,41.8113,247.0,225.2180443980744,217.24726350475456,-19.658044398074395
41.8308,41.8308,224.0,225.4128253531627,217.2891278038709,-42.8528253531627
41.8503,41.8503,210.0,225.61214121982863,217.330955645211,-57.05214121982863
41.8697,41.8697,221.0,225.81514213752627,217.3725325109848,-46.25514213752626
41.8892,41.8892,208.0,226.0241294015462,217.4142867320493,-59.46412940154619
41.9086,41.9086,228.0,226.23711992815356,217.45578976628153,-39.67711992815356
41.9281,41.9281,231.0,226.45655776998504,217.49746918519423,-36.89655776998504
41.9475,41.9475,246.0,226.6810355311333,217.53889721565764,-22.121035531133288
41.967,41.967,231.0,226.91184555398556,217.58050065775214,-37.351845553985555
41.9865,41.9865,194.0,227.14870794574935,217.62206557402854,-74.58870794574935
42.0059,42.0059,216.0,227.3906566676868,217.66337881719227,-52.83065666768681
42.0254,42.0254,238.0,227.64046491936517,217.704866006649,-31.08046491936517
42.0448,42.0448,239.0,227.8958619327629,217.7461013453204,-30.335861932762896
42.0643,42.0643,220.0,228.15978606358084,217.787509651267,-49.59978606358084
42.0837,42.0837,216.0,228.42984850043396,217.82866593825236,-53.86984850043396
42.1032,42.1032,226.0,228.70918320062097,217.86999421116204,-44.14918320062097
42.1227,42.1227,219.0,228.99682908749062,217.91128193437584,-51.43682908749062
42.1421,42.1421,218.0,229.29161748196324,217.9523174038845,-52.73161748196324
42.1616,42.1616,216.0,229.59699384420617,217.99352338171502,-55.036993844206165
42.181,42.181,228.0,229.91025293900537,218.03447696122936,-43.35025293900537
42.2005,42.2005,220.0,230.23509381680816,218.0756000620103,-51.67509381680816
42.2199,42.2199,208.0,230.56870621114732,218.11647062920957,-64.00870621114731
42.2394,42.2394,255.0,230.9150829821119,218.15750972839226,-17.355082982111895
42.2589,42.2589,232.0,231.2730379266922,218.19850629788178,-40.71303792669221
42.2783,42.2783,226.0,231.6412424771138,218.23925014817027,-47.08124247711379
42.2978,42.2978,244.0,232.02413195882679,218.28016104112768,-29.464131958826783
42.3172,42.3172,228.0,232.4184867710451,218.32081910280613,-45.85848677104511
42.3367,42.3367,240.0,232.82912904479835,218.36164321242796,-34.26912904479835
42.3561,42.3561,249.0,233.25252226295078,218.40221438788797,-25.692522262950774
42.3756,42.3756,215.0,233.69392832360984,218.44295061444203,-60.13392832360984
42.3951,42.3951,245.0,234.15202449700652,218.48364237490284,-30.59202449700652
42.4145,42.4145,242.0,234.62542157138296,218.52408106391601,-34.065421571382956
42.434,42.434,249.0,235.11981461482125,218.5646833035454,-27.55981461482125
42.4534,42.4534,236.0,235.6313355529009,218.60503239165655,-41.071335552900905
42.4729,42.4729,214.0,236.16643730298946,218.6455440283522,-63.60643730298946
42.4923,42.4923,254.0,236.72085665819253,218.68580244250444,-24.16085665819253
42.5118,42.5118,250.0,237.30165347532633,218.7262224011892,-28.74165347532633
42.5313,42.5313,215.0,237.9074346503898,218.76659600069422,-64.3474346503898
42.5507,42.5507,236.0,238.5365519976281,218.8067162879173,-43.97655199762809
42.5702,42.5702,225.0,239.19719890687153,218.8469966085754,-55.63719890687153
42.5896,42.5896,247.0,239.8843948319744,218.88702356836558,-34.32439483197439
42.6091,42.6091,247.0,240.60719354960312,218.92720955261424,-35.04719354960312
42.6285,42.6285,240.0,241.36028412462102,218.96714213630554,-42.800284124621015
42.648,42.648,256.0,242.15376019523546,219.0072327335611,-27.59376019523546
42.6675,42.6675,229.0,242.98656195340362,219.0472751215806,-55.42656195340362
42.6869,42.6869,244.0,243.85661511005296,219.08706406606916,-41.296615110052954
42.7064,42.7064,223.0,244.77605464094233,219.1270095029449,-63.21605464094233
42.7258,42.7258,215.0,245.73859368655133,219.16670147866813,-72.17859368655132
42.7453,42.7453,242.0,246.75773651401448,219.20654893121554,-46.19773651401448
42.7647,42.7647,258.0,247.82702468656743,219.24614291373774,-31.267024686567424
42.7842,42.7842,252.0,248.9618779937829,219.2858913557053,-38.401877993782904
42.8037,42.8037,213.0,250.16145824520382,219.3255897811272,-78.60145824520382
42.8231,42.8231,268.0,251.42425926235035,219.3650347395376,-24.864259262350345
42.8426,42.8426,248.0,252.76902961977953,219.40463262667157,-46.20902961977953
42.862,42.862,238.0,254.18863662771383,219.44397705962024,-57.62863662771383
42.8815,42.8815,251.0,255.70403833440287,219.48347339949856,-46.144038334402865
42.9009,42.9009,238.0,257.30777206775593,219.52271630661926,-60.74777206775593
42.9204,42.9204,244.0,259.0250077069321,219.56211009716085,-56.46500770693211
42.9399,42.9399,277.0,260.8570070432202,219.60145210631046,-25.29700704322022
42.9593,42.9593,280.0,262.804784101501,219.64054073092998,-24.24478410150101
42.9788,42.9788,261.0,264.8994073337392,219.6797786992351,-45.33940733373919
42.9982,42.9982,270.0,267.13324490008796,219.71876332576983,-38.57324490008796
43.0177,43.0177,248.0,269.5444158380972,219.75789626831778,-62.98441583809722
43.0371,43.0371,254.0,272.1248326931688,219.79677592031024,-59.564832693168796
43.0566,43.0566,271.0,274.9202669115457,219.83580285902912,-45.36026691154569
43.0761,43.0761,282.0,277.93926126131345,219.87477629368925,-37.379261261313445
43.0955,43.0955,291.0,281.1896492304341,219.91349653046643,-31.629649230434097
43.115,43.115,287.0,284.73334307752214,219.95236250574754,-39.173343077522134
43.1344,43.1344,311.0,288.565011014476,219.99097535532746,-19.005011014475997
43.1539,43.1539,285.0,292.7617765499088,220.0297329102105,-49.2017765499088
43.1733,43.1733,277.0,297.3222480011975,220.06823741988399,-61.76224800119752
43.1928,43.1928,295.0,302.34251955894575,220.1068856001445,-48.78251955894575
43.2123,43.2123,318.0,307.8588584707832,220.1454785955759,-31.298858470783216
43.2317,43.2317,307.0,313.90371528648694,220.18381868215045,-48.34371528648694
43.2512,43.2512,312.0,320.6187433132094,220.22230088312472,-50.05874331320939
43.2706,43.2706,315.0,328.0255031169543,220.26053027633782,-54.465503116954324
43.2901,43.2901,277.0,336.3094570817593,220.29890074556798,-100.74945708175932
43.3095,43.3095,331.0,345.51806121521895,220.33701851629792,-55.95806121521895
43.329,43.329,324.0,355.8981232461963,220.37527632324557,-73.33812324619629
43.3485,43.3485,348.0,367.5997771107187,220.41347730620672,-61.03977711071872
43.3679,43.3679,332.0,380.78161017779064,220.45142576994002,-90.22161017779064
43.3874,43.3874,316.0,395.8656916385064,220.4895127062568,-121.3056916385064
43.4068,43.4068,381.0,413.05596782113435,220.52734725285006,-73.49596782113434
43.4263,43.4263,364.0,432.96311155796764,220.5653192288062,-110.40311155796763
43.4457,43.4457,426.0,455.93872901641987,220.60303895256456,-71.37872901641987
43.4652,43.4652,448.0,482.9119919351907,220.64089506114624,-76.35199193519071
43.4847,43.4847,425.0,514.6294519014291,220.67869274791317,-131.0694519014291
43.5041,43.5041,495.0,551.9640411205992,220.71623840391848,-98.40404112059917
43.5236,43.5236,571.0,596.5764722224154,220.75391887417945,-67.01647222241542
43.543,43.543,564.0,649.5729141105032,220.79134747108907,-127.01291411050323
43.5625,43.5625,634.0,713.338417488179,220.82890983453697,-120.77841748817895
43.5819,43.5819,654.0,789.2627845605916,220.8662204899221,-176.70278456059162
43.6014,43.6014,757.0,880.3395323067017,220.903663862906,-164.7795323067017
43.6209,43.6209,862.0,988.2021906611724,220.9410472572929,-167.64219066117238
43.6403,43.6403,916.0,1113.3721099466986,220.97817920646546,-238.81210994669863
43.6598,43.6598,1071.0,1256.3434622203627,221.01544229624471,-226.78346222036265
43.6792,43.6792,1255.0,1411.079722441184,221.05245412562638,-197.519722441184
43.6987,43.6987,1443.0,1568.9620119918377,221.0895960437386,-167.4020119918377
43.7181,43.7181,1714.0,1712.002462132868,221.12648689400595,-39.442462132868
43.7376,43.7376,1848.0,1822.249861960339,221.16350678000168,-15.689861960339101
43.757,43.757,2072.0,1883.8067060247772,221.2002757984011,146.7532939752228
43.7765,43.7765,2045.0,1894.4107581686794,221.2371727984278,109.14924183132058
43.796,43.796,1992.0,1862.8951169591091,221.274007878292,87.66488304089086
43.8154,43.8154,2027.0,1803.4668985522353,221.31059240555084,182.0931014477647
43.8349,43.8349,1959.0,1725.0718794295462,221.34730332992706,192.48812057045376
43.8543,43.8543,1876.0,1631.1826981012202,221.38376392101904,203.37730189877976
43.8738,43.8738,1715.0,1520.7676193837322,221.42034985249774,152.79238061626785
43.8932,43.8932,1657.0,1397.251088665273,221.45668567756803,218.30891133472693
43.9127,43.9127,1430.0,1266.0989111889041,221.49314578529055,122.46108881109586
43.9322,43.9322,1303.0,1136.6073840991205,221.5295425088187,124.9526159008795
43.9516,43.9516,1220.0,1016.572586665018,221.56568948064017,161.98741333498202
43.9711,43.9711,1042.0,908.9328690873554,221.60195914532682,91.62713091264465
43.9905,43.9905,906.0,816.1115688712749,221.63797930390328,48.448431128725076
44.01,44.01,817.0,736.6471633758634,221.67412109521754,38.91283662413656
44.0294,44.0294,706.0,669.9776557783582,221.7100136334324,-5.41765577835821
44.0489,44.0489,743.0,613.6904280255696,221.7460267433478,87.86957197443036
44.0684,44.0684,646.0,566.4532947858708,221.78197504515165,38.10670521412925
44.0878,44.0878,577.0,526.9194240527969,221.81767448753092,8.640575947203104
44.1073,44.1073,598.0,493.35869950286065,221.85349290704198,63.20130049713936
44.1267,44.1267,476.0,465.02856713330084,221.88906273851003,-30.468567133300837
44.1462,44.1462,487.0,440.7242218547344,221.9247504839143,4.835778145265579
44.1656,44.1656,470.0,419.9597835738241,221.96018991993205,8.600216426175905
44.1851,44.1851,388.0,401.92262605482426,221.99574620587387,-55.36262605482426
44.2046,44.2046,413.0,386.2418565649248,222.03123629961772,-14.681856564924772
44.224,44.224,390.0,372.5968860783454,222.0664785158905,-24.03688607834539
44.2435,44.2435,347.0,360.53130004572034,222.10183598322672,-54.97130004572034
44.2629,44.2629,396.0,349.9166794983165,222.13694586977152,4.64332050168349
44.2824,44.2824,355.0,340.4366166712312,222.17216994144158,-26.876616671231204
44.3018,44.3018,335.0,332.0188544284378,222.20714673613614,-38.4588544284378
44.3213,44.3213,319.0,324.4384027967496,222.2422366492938,-46.87840279674958
44.3408,44.3408,317.0,317.6226262952065,222.27725902571473,-42.062626295206485
44.3602,44.3602,320.0,311.50324722167954,222.3120345945872,-32.94324722167954
44.3797,44.3797,300.0,305.9344208169095,222.3469216792568,-47.37442081690949
44.3991,44.3991,323.0,300.9027755611311,222.38156227787127,-19.342775561131077
44.4186,44.4186,284.0,296.2977822399984,222.41631332392495,-53.73778223999841
44.438,44.438,299.0,292.11473502396143,222.45081821241538,-34.55473502396143
44.4575,44.4575,307.0,288.2655822690478,222.48543247935473,-22.705582269047795
44.477,44.477,283.0,284.735161229242,222.51997790428257,-43.17516122924201
44.4964,44.4964,294.0,281.5054294385523,222.55427767786173,-28.94542943855231
44.5159,44.5159,320.0,278.5138545424949,222.58868522390011,0.04614545750507659
44.5353,44.5353,265.0,275.7656822329605,222.6228474644155,-52.2056822329605
44.5548,44.5548,272.0,273.20981209870877,222.6571164069323,-42.649812098708765
44.5742,44.5742,279.0,270.85348726222816,222.69114039661326,-33.293487262228155
44.5937,44.5937,274.0,268.65450971567384,222.72527001729637,-36.09450971567384
44.6132,44.6132,283.0,266.61004979377424,222.759329529674,-25.050049793774235
44.6326,44.6326,281.0,264.7155872335332,222.79314463149774,-25.155587233533197
44.6521,44.6521,272.0,262.93911775671336,222.82706375548793,-32.379117756713356
44.6715,44.6715,244.0,261.28842867377733,222.86073883860374,-58.72842867377733
44.691,44.691,244.0,259.7363940136204,222.89451687164518,-57.17639401362038
44.7104,44.7104,273.0,258.2902514314702,222.92805124021717,-26.730251431470208
44.7299,44.7299,264.0,256.92713862062345,222.9616874860226,-34.36713862062345
44.7494,44.7494,241.0,255.64736128740094,222.9952523959256,-56.08736128740094
44.7688,44.7688,245.0,254.450774148356,223.02857421899319,-50.890774148356
44.7883,44.7883,286.0,253.31898814521224,223.06199630808538,-8.758988145212243
44.8077,44.8077,237.0,252.258399560988,223.09517570339986,-56.69839956098801
44.8272,44.8272,249.0,251.2532394051507,223.12845429102933,-43.693239405150706
44.8466,44.8466,246.0,250.30928745474267,223.16149058452896,-45.74928745474267
44.8661,44.8661,282.0,249.41313165167927,223.1946249962717,-8.853131651679263
44.8856,44.8856,222.0,248.56590605719543,223.22768688292888,-68.00590605719543
44.905,44.905,198.0,247.76823890064966,223.26050708773087,-91.20823890064966
44.9245,44.9245,239.0,247.0089643493727,223.29342379766294,-49.44896434937269
44.9439,44.9439,250.0,246.29304262522757,223.3260992417031,-37.73304262522757
44.9634,44.9634,241.0,245.61049776189785,223.35887011600605,-46.050497761897844
44.9828,44.9828,252.0,244.96594959496147,223.39140014683608,-34.40594959496147
45.0023,45.0023,236.0,244.35049399523896,223.42402453278774,-49.79049399523896
45.0218,45.0218,213.0,243.76566060213008,223.4565752426008,-72.20566060213008
45.0412,45.0412,249.0,243.21231673934273,223.48888575514954,-35.65231673934272
45.0607,45.0607,223.0,242.68302101811014,223.52128900826685,-61.12302101811014
45.0801,45.0801,251.0,242.18159530972162,223.55345250251887,-32.62159530972161
45.0996,45.0996,230.0,241.7013339742508,223.58570766162285,-53.141333974250784
45.119,45.119,214.0,241.24593756258741,223.61772350658262,-68.68593756258741
45.1385,45.1385,222.0,240.80934665783508,223.64982994049132,-60.249346657835076
45.158,45.158,242.0,240.39281641521663,223.6818615850552,-39.83281641521663
45.1774,45.1774,254.0,239.99719317576987,223.7136545949148,-27.437193175769863
45.1969,45.1969,261.0,239.61732801238205,223.74553657819047,-20.057328012382044
45.2163,45.2163,267.0,239.2562681990593,223.77718038712976,-13.69626819905929
45.2358,45.2358,244.0,238.90933074579237,223.8089120932245,-36.34933074579237
45.2552,45.2552,258.0,238.5792641385119,223.84040609153993,-22.019264138511886
45.2747,45.2747,239.0,238.26187636397228,223.87198691065058,-40.701876363972275
45.2942,45.2942,247.0,237.95811558736978,223.90349186477334,-32.39811558736977
45.3136,45.3136,218.0,237.66884251811598,223.9347598230902,-61.10884251811598
45.3331,45.3331,241.0,237.3903770692267,223.9661129861449,-37.8303770692267
45.3525,45.3525,228.0,237.12496674533162,223.99722963526642,-50.56496674533162
45.372,45.372,257.0,236.86934434020134,224.02843041262378,-21.309344340201335
45.3914,45.3914,260.0,236.62559003957463,224.05939516397797,-18.06559003957463
45.4109,45.4109,246.0,236.3906889180582,224.0904429670521,-31.8306889180582
45.4304,45.4304,225.0,236.16542484136352,224.1214138667752,-52.605424841363515
45.4498,45.4498,226.0,235.9504376227402,224.15214948430776,-51.390437622740194
45.4693,45.4693,249.0,235.74312075884657,224.18296653743013,-28.18312075884657
45.4887,45.4887,223.0,235.54520142210689,224.21354881127857,-53.98520142210688
45.5082,45.5082,220.0,235.3542606093616,224.24421144427288,-56.7942606093616
45.5276,45.5276,237.0,235.17189711814726,224.27463980683578,-39.611897118147255
45.5471,45.5471,234.0,234.9958751599208,224.30514745217187,-42.43587515992078
45.5666,45.5666,236.0,234.82688458070515,224.3355771927899,-40.26688458070515
45.586,45.586,269.0,234.66542760898972,224.36577343793942,-7.105427608989714
45.6055,45.6055,259.0,234.50955528043588,224.3960473501059,-16.949555280435874
45.6249,45.6249,268.0,234.3605914882651,224.4260882903059,-7.800591488265098
45.6444,45.6444,246.0,234.216727670193,224.4562058214337,-29.656727670192993
45.6638,45.6638,217.0,234.079246614632,224.48609090989285,-58.51924661463201
45.6833,45.6833,228.0,233.94647498992344,224.51605151334607,-47.38647498992344
45.7028,45.7028,198.0,233.81893214931742,224.54593324742734,-77.25893214931742
45.7222,45.7222,212.0,233.69701430273332,224.57558334426764,-63.13701430273332
45.7417,45.7417,216.0,233.57925457156963,224.60530734116261,-59.01925457156963
45.7611,45.7611,238.0,233.46671356509466,224.6348002444489,-36.90671356509466
45.7806,45.7806,212.0,233.35803120713217,224.66436597234932,-62.79803120713217
45.8,45.8,246.0,233.25415183188298,224.69370115593966,-28.694151831882976
45.8195,45.8195,237.0,233.15385970234325,224.72310808894235,-37.59385970234325
45.839,45.839,204.0,233.05754750111367,224.7524352243484,-70.49754750111367
45.8584,45.8584,251.0,232.96552495460534,224.78153265065646,-23.40552495460534
45.8779,45.8779,214.0,232.87670274338043,224.81070021269213,-60.31670274338043
45.8973,45.8973,237.0,232.79185657568092,224.83963862894004,-37.23185657568092
45.9168,45.9168,240.0,232.71000276964455,224.8686461064146,-34.150002769644544
45.9362,45.9362,230.0,232.63185681181955,224.89742500694905,-44.07185681181954
45.9557,45.9557,217.0,232.55649635627935,224.92627189453037,-56.99649635627935
45.9752,45.9752,226.0,232.48421659913976,224.95503809243647,-47.924216599139754
45.9946,45.9946,218.0,232.41525752083584,224.98357657772226,-55.855257520835835
46.0141,46.0141,222.0,232.34882156978742,225.01218143805914,-51.788821569787416
46.0335,46.0335,239.0,232.2854938062902,225.04055916831445,-34.72549380629019
46.053,46.053,252.0,232.2245265421321,225.06900220034726,-21.66452654213211
46.0724,46.0724,241.0,232.16645528874884,225.09721869024668,-32.60645528874883
46.0919,46.0919,242.0,232.1105902880256,225.12549940905305,-31.550590288025603
46.1114,46.1114,215.0,232.05717325031722,225.1536985819679,-58.49717325031722
46.1308,46.1308,226.0,232.00638062252978,225.18167210550502,-47.44638062252977
46.1503,46.1503,214.0,231.95761289809104,225.20970824807165,-59.39761289809104
46.1697,46.1697,218.0,231.91128419299173,225.237519342581,-55.35128419299173
46.1892,46.1892,220.0,231.86688261108154,225.26539198435879,-53.306882611081534
46.2086,46.2086,219.0,231.8247785796218,225.29304018468244,-54.264778579621805
46.2281,46.2281,214.0,231.78447629029904,225.32074886099724,-59.22447629029904
46.2476,46.2476,230.0,231.74614709431378,225.34837517078333,-43.18614709431378
46.267,46.267,243.0,231.7098993008843,225.37577795963895,-30.1498993008843
46.2865,46.2865,205.0,231.67532871280807,225.40323961715197,-68.11532871280806
46.3059,46.3059,222.0,231.6427244178616,225.4304783733932,-51.082724417861584
46.3254,46.3254,225.0,231.61170096669053,225.45777492832548,-48.05170096669053
46.3448,46.3448,213.0,231.58252533332808,225.48484920680087,-60.022525333328076
46.3643,46.3643,232.0,231.55486044794293,225.51198021456494,-40.994860447942926
46.3838,46.3838,207.0,231.52881522205635,225.53902807045836,-65.96881522205635
46.4032,46.4032,248.0,231.50446424284104,225.56585459752358,-24.944464242841036
46.4227,46.4227,246.0,231.48151658825574,225.59273624950802,-26.92151658825574
46.4421,46.4421,199.0,231.46016436548786,225.61939721022014,-73.90016436548785
46.4616,46.4616,213.0,231.4401595930536,225.64611222795907,-59.880159593053605
46.481,46.481,244.0,231.42166976063882,225.6726071970126,-28.86166976063882
46.5005,46.5005,214.0,231.40446916747769,225.69915515584387,-58.84446916747768
46.5199,46.5199,227.0,231.3886920993574,225.72548371357215,-45.8286920993574
46.5394,46.5394,256.0,231.37416016103083,225.7518641944947,-16.814160161030827
46.5589,46.5589,244.0,231.36091829668075,225.7781605653039,-28.80091829668075
46.5783,46.5783,239.0,231.34899940770637,225.8042385165173,-33.78899940770637
46.5978,46.5978,225.0,231.33824922956222,225.83036679097808,-47.77824922956222
46.6172,46.6172,251.0,231.32875288741494,225.85627730576493,-21.768752887414934
46.6367,46.6367,206.0,231.32038315769023,225.8822370789788,-66.76038315769023
46.6561,46.6561,237.0,231.3132094506247,225.9079797573117,-35.753209450624695
46.6756,46.6756,226.0,231.30712917536331,225.93377062999514,-46.74712917536331
46.6951,46.6951,219.0,231.30216264653518,225.95947668683073,-53.74216264653518
46.7145,46.7145,200.0,231.29829842491736,225.98496665589786,-72.73829842491736
46.734,46.734,213.0,231.29548644874328,226.0105032232784,-59.73548644874327
46.7534,46.7534,208.0,231.29373064728966,226.035824379713,-64.73373064728966
46.7729,46.7729,220.0,231.29299464248402,226.06119107234213,-52.732994642484016
46.7923,46.7923,225.0,231.29326352876532,226.08634303559552,-47.73326352876532
46.8118,46.8118,240.0,231.29452803554764,226.1115394737459,-32.73452803554764
46.8313,46.8313,226.0,231.29677956900164,226.1366504246781,-46.73677956900164
46.8507,46.8507,254.0,231.2999728223898,226.1615476783031,-18.739972822389802
46.8702,46.8702,216.0,231.30413103998322,226.18648781510439,-56.744131039983216
46.8896,46.8896,236.0,231.3091919273338,226.21121494789045,-36.74919192733381
46.9091,46.9091,267.0,231.31520194672288,226.23598390470522,-5.755201946722877
46.9285,46.9285,233.0,231.32208426070005,226.26054055542167,-39.76208426070005
46.948,46.948,225.0,231.3298983273728,226.285137971917,-47.7698983273728
46.9675,46.9675,214.0,231.33859629376803,226.3096492639045,-58.77859629376803
46.9869,46.9869,210.0,231.3481207933628,226.33394930617374,-62.78812079336279
47.0064,47.0064,232.0,231.35855833482194,226.35828852721986,-40.798558334821934
47.0258,47.0258,220.0,231.36979297010433,226.38241720788068,-52.809792970104326
47.0453,47.0453,244.0,231.38193090609963,226.40658401140882,-28.821930906099624
47.0647,47.0647,223.0,231.3948398284322,226.43054098838806,-49.834839828432195
47.0842,47.0842,208.0,231.40864476098304,226.45453503329838,-64.84864476098303
47.1037,47.1037,214.0,231.42327592603314,226.47844235020852,-58.86327592603314
47.1231,47.1231,228.0,231.43864529259892,226.50214092062077,-44.87864529259892
47.1426,47.1426,226.0,231.45490469275973,226.5258749770788,-46.894904692759724
47.162,47.162,238.0,231.47188185166908,226.54940101198753,-34.91188185166908
47.1815,47.1815,215.0,231.48974874784304,226.5729614805346,-57.929748747843036
47.2009,47.2009,213.0,231.50831653784277,226.59631465686323,-59.94831653784277
47.2204,47.2204,225.0,231.52777607224374,226.6197012154709,-47.96777607224374
47.2399,47.2399,231.0,231.54801927960662,226.6430004760996,-41.98801927960662
47.2593,47.2593,260.0,231.56895342881364,226.66609354759632,-13.00895342881364
47.2788,47.2788,240.0,231.59077686858404,226.6892184249965,-33.03077686858404
47.2982,47.2982,217.0,231.61326832739613,226.71213785340638,-56.053268327396125
47.3177,47.3177,227.0,231.63666179822448,226.7350880390754,-46.07666179822448
47.3371,47.3371,202.0,231.66070941720847,226.7578335201578,-71.10070941720846
47.3566,47.3566,237.0,231.68566673048892,226.78060871097722,-36.125666730488916
47.3761,47.3761,241.0,231.7114083115692,226.80329606706925,-32.151408311569185
47.3955,47.3955,246.0,231.73779880977162,226.82577984406453,-27.177798809771616
47.415,47.415,221.0,231.765112032855,226.8482917603206,-52.205112032855
47.4344,47.4344,211.0,231.79306940171364,226.8706008523949,-62.233069401713635
47.4539,47.4539,230.0,231.82196183348918,226.89293703910684,-43.26196183348918
47.4733,47.4733,221.0,231.8514950906081,226.91507116069485,-52.291495090608095
47.4928,47.4928,229.0,231.88197769538073,226.9372313334929,-44.321977695380724
47.5123,47.5123,244.0,231.91326655646787,226.9593031677617,-29.353266556467872
47.5317,47.5317,221.0,231.9451960987178,226.98117408417286,-52.385196098717785
47.5512,47.5512,272.0,231.97810279637486,227.00306948760155,-1.4181027963748534
47.5706,47.5706,217.0,232.0116536140826,227.02476474244426,-56.4516536140826
47.5901,47.5901,243.0,232.04620045298662,227.0464834439578,-30.486200452986623
47.6095,47.6095,232.0,232.08140072837173,227.06800277018124,-41.52140072837173
47.629,47.629,245.0,232.11761792824475,227.08954450399685,-28.557617928244753
47.6485,47.6485,243.0,232.15468570400537,227.11099742814486,-30.59468570400537
47.6679,47.6679,226.0,232.19241651090735,227.13225214542246,-47.63241651090735
47.6874,47.6874,256.0,232.23120314151186,227.1535277127641,-17.671203141511853
47.7068,47.7068,196.0,232.2706616590219,227.17460585644966,-77.7106616590219
47.7263,47.7263,196.0,232.31120780806708,227.19570381438152,-77.75120780806708
47.7457,47.7457,237.0,232.35243892929827,227.21660513577822,-36.79243892929827
47.7652,47.7652,235.0,232.39479584847973,227.237525236943,-38.83479584847973
47.7847,47.7847,203.0,232.43806699892738,227.25835608968148,-70.87806699892738
47.8041,47.8041,214.0,232.48205419612398,227.27899149483963,-59.92205419612398
47.8236,47.8236,230.0,232.5272106838036,227.2996441292779,-43.967210683803586
47.843,47.843,226.0,232.57309441553312,227.32010211288187,-48.01309441553312
47.8625,47.8625,202.0,232.6201969902846,227.34057629472653,-72.0601969902846
47.8819,47.8819,231.0,232.6680431917065,227.36085662627283,-43.108043191706486
47.9014,47.9014,226.0,232.71714891554478,227.38115212643058,-48.15714891554478
47.9209,47.9209,220.0,232.76728293098154,227.40135797149998,-54.207282930981535
47.9403,47.9403,212.0,232.81820340134024,227.42137117514636,-62.25820340134024
47.9598,47.9598,235.0,232.87045895954503,227.4413980043285,-39.31045895954503
47.9792,47.9792,197.0,232.92352139273768,227.4612330019574,-77.36352139273768
47.9987,47.9987,225.0,232.97796923565434,227.48108059910763,-49.41796923565434
48.0181,48.0181,255.0,233.03326046149806,227.50073717824807,-19.473260461498057
48.0376,48.0376,233.0,233.08998885426445,227.52040533237547,-41.529988854264445
48.0571,48.0571,221.0,233.14790463611905,227.53998345656507,-53.58790463611905
48.0765,48.0765,244.0,233.2067155647959,227.55937179093144,-30.646715564795898
48.096,48.096,208.0,233.2670614878626,227.57877016498827,-66.7070614878626
48.1154,48.1154,250.0,233.32835009534335,227.59797957181013,-24.76835009534335
48.1349,48.1349,219.0,233.3912392937456,227.61719799757654,-55.8312392937456
48.1543,48.1543,220.0,233.45510840985997,227.63622828225485,-54.89510840985997
48.1738,48.1738,244.0,233.52065238021277,227.65526656668092,-30.960652380212764
48.1933,48.1933,219.0,233.5875839028606,227.67421447784938,-56.027583902860584
48.2127,48.2127,258.0,233.6555788401324,227.69297549482152,-17.09557884013239
48.2322,48.2322,227.0,233.72535888134843,227.71174298438757,-48.165358881348425
48.2516,48.2516,227.0,233.79627370753326,227.73032441466182,-48.23627370753326
48.2711,48.2711,232.0,233.8690636457825,227.7489113022934,-43.30906364578249
48.2905,48.2905,209.0,233.94303611712635,227.76731296898194,-66.38303611712635
48.31,48.31,225.0,234.0189994216624,227.7857190794085,-50.458999421662384
48.3295,48.3295,218.0,234.09660897372663,227.80403450450356,-57.53660897372663
48.3489,48.3489,228.0,234.17549776792904,227.8221659736518,-47.61549776792904
48.3684,48.3684,249.0,234.25652736462553,227.84030036788522,-26.696527364625524
48.3878,48.3878,240.0,234.33892031188162,227.85825165299323,-35.77892031188162
48.4073,48.4073,229.0,234.4235825712443,227.87620485369703,-46.86358257124431
48.4267,48.4267,225.0,234.50968093166114,227.8939757954276,-50.949680931661135
48.4462,48.4462,200.0,234.59816953602342,227.9117476449492,-76.03816953602342
48.4657,48.4657,226.0,234.68865730830606,227.9294285280279,-50.12865730830606
48.4851,48.4851,226.0,234.78073383725638,227.94692843463702,-50.220733837256375
48.5046,48.5046,220.0,234.87541792776938,227.96442773923982,-56.315417927769374
48.524,48.524,219.0,234.97178307959422,227.981746925715,-57.411783079594215
48.5435,48.5435,219.0,235.07090408036171,227.9990645066765,-57.51090408036171
48.5629,48.5629,218.0,235.17183312374922,228.01620283107016,-58.61183312374922
48.5824,48.5824,215.0,235.27566032826775,228.0333385481942,-61.715660328267745
48.6019,48.6019,225.0,235.38199786205243,228.05038304844288,-51.82199786205243
48.6213,48.6213,235.0,235.49031833360334,228.06724959154263,-41.93031833360334
48.6408,48.6408,226.0,235.60184426974843,228.08411202678064,-51.041844269748424
48.6602,48.6602,273.0,235.7155129008476,228.1007973743385,-4.1555129008476115
48.6797,48.6797,225.0,235.83256564821204,228.11747761674144,-52.27256564821204
48.6991,48.6991,225.0,235.95194904300035,228.13398164403904,-52.39194904300035
48.7186,48.7186,227.0,236.07493773703985,228.15047957070576,-50.514937737039844
48.7381,48.7381,240.0,236.2010642394266,228.16688606046029,-37.64106423942658
48.7575,48.7575,242.0,236.32975668819074,228.1831176508553,-35.76975668819074
48.777,48.777,223.0,236.46245272905216,228.19934164957837,-54.90245272905216
48.7964,48.7964,256.0,236.59790524961136,228.21539162914686,-22.037905249611356
48.8159,48.8159,238.0,236.73763541982547,228.23143302619366,-40.177635419825464
48.8353,48.8353,211.0,236.880352591737,228.2473012872858,-67.32035259173699
48.8548,48.8548,220.0,237.02767823681677,228.26315997688843,-58.46767823681677
48.8743,48.8743,244.0,237.17900109225417,228.27892703965398,-34.619001092254166
48.8937,48.8937,256.0,237.33366902465156,228.29452229795442,-22.773669024651554
48.9132,48.9132,229.0,237.49343499306235,228.3101065036162,-49.93343499306235
48.9326,48.9326,201.0,237.65683768320974,228.32551979536615,-78.09683768320974
48.9521,48.9521,234.0,237.82575044487314,228.34092105029734,-45.265750444873134
48.9715,48.9715,232.0,237.99858248644688,228.35615228475484,-47.438582486446876
48.991,48.991,226.0,238.17733791274077,228.3713705001596,-53.617337912740766
49.0105,49.0105,243.0,238.3613120150422,228.38649692863112,-36.801312015042186
49.0299,49.0299,255.0,238.556010228994,228.4014546832823,-24.99601022899401
49.0494,49.0494,250.0,238.7511246783397,228.41639794796072,-30.19112467833969
49.0688,49.0688,245.0,238.9510798373681,228.43117343933568,-35.391079837368096
49.0883,49.0883,242.0,239.15822380122964,228.44593346345076,-38.598223801229636
49.1077,49.1077,211.0,239.37067859151816,228.46052661755465,-69.81067859151815
49.1272,49.1272,240.0,239.59087008129924,228.47510332912086,-41.03087008129924
49.1467,49.1467,230.0,239.81810157245667,228.4895881232027,-51.25810157245667
49.1661,49.1661,247.0,240.05138088828255,228.50390740851586,-34.49138088828255
49.1856,49.1856,246.0,240.29347662652816,228.51820879093282,-35.73347662652816
49.205,49.205,255.0,240.54223792285302,228.53234557467957,-26.982237922853017
49.2245,49.2245,240.0,240.80058225292717,228.54646348535644,-42.24058225292717
49.2439,49.2439,226.0,241.06935174732953,228.56041771012838,-56.50935174732953
49.2634,49.2634,227.0,241.34544959034676,228.57435209372846,-55.78544959034676
49.2829,49.2829,240.0,241.63114073074442,228.58819445855482,-43.07114073074442
49.3023,49.3023,226.0,241.92525263744858,228.60187451273703,-57.36525263744858
49.3218,49.3218,206.0,242.23135492505185,228.61553327627882,-77.67135492505184
49.3412,49.3412,266.0,242.54677868580808,228.62903064847734,-17.986778685808076
49.3607,49.3607,213.0,242.87532187142537,228.6425057671927,-71.31532187142537
49.3801,49.3801,257.0,243.21421703497225,228.65582041642497,-27.65421703497225
49.3996,49.3996,251.0,243.56760162731862,228.66911185146466,-34.00760162731862
49.419,49.419,220.0,243.9324143077469,228.68224374140993,-65.37241430774691
49.4385,49.4385,237.0,244.31317454069392,228.69535145860402,-48.75317454069392
49.458,49.458,235.0,244.7087160675964,228.70836706934088,-51.14871606759641
49.4774,49.4774,251.0,245.11774520598578,228.72122452743497,-35.55774520598578
49.4969,49.4969,282.0,245.5453597504756,228.7340563777842,-4.985359750475595
49.5163,49.5163,239.0,245.9879623412788,228.74673100607023,-48.4279623412788
49.5358,49.5358,256.0,246.45116196643843,228.75937907350848,-31.891161966438432
49.5552,49.5552,257.0,246.9312080507692,228.77187085188487,-31.371208050769184
49.5747,49.5747,251.0,247.43405959772687,228.78433511852197,-37.87405959772687
49.5942,49.5942,250.0,247.95870368197427,228.79670724322875,-39.39870368197427
49.6136,49.6136,261.0,248.50335815229712,228.80892448405572,-28.943358152297122
49.6331,49.6331,225.0,249.07510724390033,228.82111278977325,-65.51510724390033
49.6525,49.6525,247.0,249.6695163585268,228.8331471505375,-44.109516358526804
49.672,49.672,269.0,250.29429822405632,228.84515163090668,-22.734298224056317
49.6914,49.6914,250.0,250.94470066380828,228.85700310756513,-42.384700663808275
49.7109,49.7109,242.0,251.62927181505353,228.8688237608141,-51.069271815053526
49.7304,49.7304,257.0,252.34690091212605,228.88055226498992,-36.78690091212604
49.7498,49.7498,250.0,253.09558138010286,228.8921291828113,-44.535581380102855
49.7693,49.7693,270.0,253.88550318004462,228.90367386579024,-25.32550318004462
49.7887,49.7887,243.0,254.7109778644867,228.91506790931868,-53.15097786448669
49.8082,49.8082,286.0,255.5832613433507,228.92642878074457,-11.023261343350697
49.8276,49.8276,250.0,256.49646569837574,228.93763996183495,-47.93646569837574
49.8471,49.8471,261.0,257.46333838114737,228.94881703589252,-37.903338381147364
49.8666,49.8666,257.0,258.4826662844903,228.9599019817811,-42.922666284490276
49.886,49.886,285.0,259.5526577487943,228.97083866631243,-15.992657748794272
49.9055,49.9055,257.0,260.68857518737826,228.98173984462508,-45.12857518737826
49.9249,49.9249,264.0,261.8834920279323,228.99249371609528,-39.323492027932275
49.9444,49.9444,232.0,263.15492204483166,229.00321115231714,-72.59492204483166
49.9638,49.9638,278.0,264.4950384985899,229.0137822383182,-27.935038498589904
49.9833,49.9833,259.0,265.92406108056855,229.02431596242928,-48.36406108056855
50.0028,50.0028,285.0,267.4418124556012,229.0347576070387,-23.88181245560122
50.0222,50.0222,288.0,269.0475320615545,229.0450543414802,-22.487532061554475
50.0417,50.0417,282.0,270.76621818957193,229.0553123273977,-30.206218189571928
50.0611,50.0611,237.0,272.58893302302243,229.06542636490923,-77.02893302302243
50.0806,50.0806,298.0,274.54502737173425,229.07550073329983,-17.985027371734247
50.1,50.1,306.0,276.6256212609729,229.0854321170498,-12.065621260972875
50.1195,50.1195,275.0,278.86489495087835,229.09532291352716,-45.30489495087835
50.139,50.139,267.0,281.2664245616666,229.10512170665027,-55.70642456166661
50.1584,50.1584,286.0,283.8329374620505,229.11477896571668,-39.27293746205049
50.1779,50.1779,276.0,286.6090673429894,229.12439426372947,-52.04906734298942
50.1973,50.1973,266.0,289.5857081099932,229.13386899633375,-65.02570810999322
50.2168,50.2168,287.0,292.8169775264315,229.14330085591965,-47.25697752643151
50.2362,50.2362,299.0,296.29501108677357,229.15259312064603,-38.73501108677357
50.2557,50.2557,320.0,300.0851100370022,229.16184160289083,-21.525110037002207
50.2752,50.2752,333.0,304.2048255054294,229.17099818512497,-12.644825505429424
50.2946,50.2946,301.0,308.6675333627415,229.18001663307604,-49.10753336274149
50.3141,50.3141,344.0,313.5643433799213,229.18898993791362,-11.004343379921295
50.3335,50.3335,309.0,318.89500003510295,229.19782608364457,-51.33500003510295
50.353,50.353,342.0,324.77351829047615,229.20661618312576,-24.213518290476145
50.3724,50.3724,383.0,331.2087574013153,229.215270100476,10.351242598684678
50.3919,50.3919,382.0,338.34820226103994,229.22387707099745,2.2117977389600583
50.4114,50.4114,416.0,346.25425184183194,229.23239227176487,28.305748158168058
50.4308,50.4308,398.0,354.99162182605164,229.24077276043528,1.5683781739483607
50.4503,50.4503,426.0,364.7836248352802,229.24910495508652,19.77637516471981
50.4697,50.4697,376.0,375.68938448832637,229.25730341899046,-41.129384488326366
50.4892,50.4892,420.0,388.01362553996967,229.26545269476102,-9.453625539969664
50.5086,50.5086,437.0,401.85535949081975,229.27346922283232,-6.295359490819749
50.5281,50.5281,453.0,417.6377984630293,229.28143567126796,-6.077798463029296
50.5476,50.5476,494.0,435.6260108914921,229.28931050683553,16.933989108507888
50.567,50.567,538.0,456.12053896403324,229.29705407366552,40.43946103596676
50.5865,50.5865,571.0,479.80487336408237,229.30474622739848,49.755126635917634
50.6059,50.6059,574.0,507.01751360774125,229.31230809956458,25.542486392258752
50.6254,50.6254,616.0,538.7257727672898,229.31981767373213,35.83422723271025
50.6448,50.6448,676.0,575.390916233639,229.32719795510198,59.169083766360984
50.6643,50.6643,742.0,618.3192934766795,229.33452505623762,82.24070652332051
50.6838,50.6838,802.0,668.3575223662863,229.34176072773732,92.20247763371373
50.7032,50.7032,824.0,726.3007803451567,229.34886859380254,56.25921965484332
50.7227,50.7227,933.0,793.8317487000097,229.35592196018473,97.72825129999029
50.7421,50.7421,1037.0,871.1122954912892,229.3628485137751,124.44770450871084
50.7616,50.7616,1161.0,959.3071889891917,229.36971969218138,160.25281101080833
50.781,50.781,1227.0,1056.8107040009268,229.37646505193752,128.74929599907324
50.8005,50.8005,1347.0,1162.1934476084093,229.38315416372745,143.3665523915907
50.82,50.82,1381.0,1270.0811460522507,229.38975205517607,69.47885394774931
50.8394,50.8394,1550.0,1372.2180455695134,229.39622562321796,136.34195443048662
50.8589,50.8589,1635.0,1460.0172087707033,229.40264163813634,133.5427912292967
50.8783,50.8783,1615.0,1523.3672340740059,229.40893432741623,50.19276592599414
50.8978,50.8978,1608.0,1557.3000134522467,229.41516859765682,9.259986547753272
50.9172,50.9172,1558.0,1561.6029770044433,229.42128054142776,-45.042977004443344
50.9367,50.9367,1573.0,1541.5764970809123,229.4273332030147,-10.016497080912302
50.9562,50.9562,1510.0,1504.3445841644502,229.43329487933406,-35.78458416445022
50.9756,50.9756,1364.0,1455.9182217287648,229.4391357317901,-133.35822172876482
50.9951,50.9951,1315.0,1398.3072661516599,229.44491601147124,-124.74726615165986
51.0145,51.0145,1275.0,1332.1028119903551,229.4505764698393,-98.54281199035512
51.034,51.034,1129.0,1256.4050388062715,229.45617549928386,-168.84503880627148
51.0534,51.0534,1040.0,1173.2296664372366,229.46165571126878,-174.66966643723657
51.0729,51.0729,1023.0,1085.0043812789763,229.46707364100413,-103.44438127897632
51.0924,51.0924,881.0,996.5059962412334,229.47240084604104,-156.94599624123344
51.1118,51.1118,790.0,912.113193067092,229.47761074307493,-163.55319306709197
51.1313,51.1313,709.0,833.7836784403286,229.48275708210483,-166.22367844032857
51.1507,51.1507,667.0,763.753378143878,229.48778712012344,-138.19337814387796
51.1702,51.1702,606.0,701.6594992874195,229.4927527539357,-137.09949928741952
51.1896,51.1896,538.0,647.8265811554002,229.49760309493493,-151.26658115540016
51.2091,51.2091,542.0,600.9912082532798,229.50238818839856,-100.43120825327975
51.2286,51.2286,473.0,560.5994401410495,229.50708284294512,-129.0394401410495
51.248,51.248,471.0,525.9598267350254,229.51166372047697,-96.39982673502544
51.2675,51.2675,429.0,495.910525757639,229.51617808982135,-108.35052575763899
51.2869,51.2869,390.0,470.0588656108728,229.52057969324667,-121.49886561087277
51.3064,51.3064,354.0,447.51471049173443,229.52491395240457,-134.95471049173443
51.3258,51.3258,344.0,427.983111537178,229.52913645784966,-125.42311153717799
51.3453,51.3453,389.0,410.81549780745013,229.53329078587018,-63.255497807450126
51.3648,51.3648,328.0,395.7413998733971,229.5373549856837,-109.18139987339708
51.3842,51.3842,356.0,382.51354769799286,229.5413089534202,-67.95354769799286
51.4037,51.4037,345.0,370.7320783754343,229.54519349844458,-67.1720783754343
51.4231,51.4231,347.0,360.30144344256314,229.54896882625692,-54.74144344256314
51.4426,51.4426,321.0,350.9324601287957,229.5526739055726,-71.3724601287957
51.462,51.462,309.0,342.5696731751065,229.5562707835566,-75.00967317510651
51.4815,51.4815,305.0,335.0015941000039,229.55979659023137,-71.4415941000039
51.501,51.501,288.0,328.16512900876006,229.56323260405432,-81.60512900876006
51.5204,51.5204,262.0,321.99901939840214,229.56656194351925,-101.43901939840214
51.5399,51.5399,306.0,316.3649188689134,229.56981898200883,-51.804918868913376
51.5593,51.5593,245.0,311.25265368728054,229.57297036444268,-107.69265368728054
51.5788,51.5788,284.0,306.5551669556114,229.57604863058268,-63.99516695561141
51.5982,51.5982,293.0,302.27170883502424,229.5790222598903,-50.71170883502424
51.6177,51.6177,274.0,298.31549635916923,229.58192196060554,-65.75549635916923
51.6372,51.6372,272.0,294.6742325177862,229.58473222818574,-64.1142325177862
51.6566,51.6566,272.0,291.33052169408137,229.5874393907499,-60.77052169408137
51.6761,51.6761,259.0,288.2232303911896,229.59007141092982,-70.66323039118959
51.6955,51.6955,271.0,285.35923882056954,229.5926013475043,-55.79923882056954
51.715,51.715,265.0,282.6869605556768,229.59505533700934,-59.12696055567682
51.7344,51.7344,250.0,280.2153738595154,229.59740826514735,-71.65537385951541
51.7539,51.7539,239.0,277.9015307184041,229.5996844445981,-80.3415307184041
51.7734,51.7734,222.0,275.7434689698665,229.60187157470892,-95.18346896986651
51.7928,51.7928,264.0,273.7375158633714,229.60395917962032,-51.17751586337141
51.8123,51.8123,302.0,271.850654790968,229.60596883817564,-11.290654790968006
51.8317,51.8317,246.0,270.0919499906871,229.60787999572452,-65.53194999068711
51.8512,51.8512,233.0,268.4332275522862,229.60971241303,-76.87322755228621
51.8706,51.8706,240.0,266.88285743083685,229.61144735425722,-68.32285743083685
51.8901,51.8901,259.0,265.41691846315075,229.61310276446747,-47.85691846315075
51.9096,51.9096,239.0,264.0362595245224,229.61466953292768,-66.47625952452239
51.929,51.929,241.0,262.74123386314136,229.61614036534198,-63.18123386314136
51.9485,51.9485,260.0,261.5124039600432,229.61753048543773,-42.95240396004317
51.9679,51.9679,234.0,260.35699921981245,229.61882569613982,-67.79699921981245
51.9874,51.9874,238.0,259.25858976841306,229.62003941159549,-62.69858976841306
52.0068,52.0068,251.0,258.2235012980424,229.62115924495308,-48.66350129804238
52.0263,52.0263,254.0,257.2374601996275,229.62219680329588,-44.67746019962749
52.0458,52.0458,246.0,256.3020157421845,229.6231461509898,-51.74201574218449
52.0652,52.0652,222.0,255.41816631036716,229.62400316000046,-74.85816631036715
52.0847,52.0847,247.0,254.5739484584829,229.6247767293018,-49.0139484584829
52.1041,52.1041,242.0,253.77475711403764,229.625458988711,-53.21475711403764
52.1236,52.1236,248.0,253.0100686418083,229.62605703660128,-46.450068641808286
52.143,52.143,251.0,252.28517024651535,229.62656480394304,-42.72517024651535
52.1625,52.1625,221.0,251.59026825347073,229.62698759116057,-72.03026825347072
52.1819,52.1819,253.0,250.93061381442757,229.6273211276999,-39.37061381442757
52.2014,52.2014,257.0,250.29737488169147,229.62756891872658,-34.737374881691466
52.2209,52.2209,198.0,249.69230454696057,229.62772908741866,-93.13230454696057
52.2403,52.2403,223.0,249.11660560211533,229.62780155249433,-67.55660560211533
52.2598,52.2598,242.0,248.56275794665495,229.62778712905822,-48.00275794665495
52.2792,52.2792,241.0,248.03517917136125,229.62768603308078,-48.47517917136125
52.2987,52.2987,256.0,247.52702088504776,229.62749729130437,-32.96702088504776
52.3181,52.3181,244.0,247.04230348824842,229.62722290849857,-44.48230348824842
52.3376,52.3376,205.0,246.57487910154666,229.62686012586704,-83.01487910154665
52.3571,52.3571,225.0,246.12615151814123,229.62641020467538,-62.566151518141226
52.3765,52.3765,226.0,245.697408064882,229.62587619181247,-61.13740806488201
52.396,52.396,268.0,245.28322788343593,229.6252526532637,-18.723227883435925
52.4154,52.4154,229.0,244.88697795488463,229.62454605553674,-57.326977954884626
52.4349,52.4349,223.0,244.50386781307512,229.6237491863068,-62.943867813075116
52.4543,52.4543,238.0,244.1368811995067,229.6228702907395,-47.57688119950669
52.4738,52.4738,245.0,243.78167994318994,229.62190038115565,-40.22167994318994
52.4933,52.4933,226.0,243.4394372861649,229.6208438393659,-58.87943728616489
52.5127,52.5127,216.0,243.1111746101939,229.61970682242531,-68.5511746101939
52.5322,52.5322,228.0,242.79300296488387,229.61847768297238,-56.233002964883866
52.5516,52.5516,249.0,242.48747803604948,229.61716910196884,-34.92747803604948
52.5711,52.5711,221.0,242.19105809462718,229.6157676642552,-62.63105809462718
52.5905,52.5905,245.0,241.906235327008,229.61428781885076,-38.346235327008
52.61,52.61,211.0,241.62957193501745,229.6127143858841,-72.06957193501745
52.6295,52.6295,238.0,241.36218369537266,229.61105484936238,-44.80218369537266
52.6489,52.6489,189.0,241.10493686438178,229.60931845770088,-93.54493686438178
52.6684,52.6684,232.0,240.85478242689265,229.60748738756723,-50.29478242689265
52.6878,52.6878,230.0,240.61390489897062,229.6055804966934,-52.053904898970615
52.7073,52.7073,244.0,240.37944362714367,229.6035782049153,-37.81944362714367
52.7267,52.7267,224.0,240.15353554931917,229.60150112696888,-57.59353554931917
52.7462,52.7462,253.0,239.9334958204769,229.59932792907296,-28.373495820476904
52.7657,52.7657,228.0,239.72022804986403,229.59706917828564,-53.16022804986403
52.7851,52.7851,240.0,239.51447379325816,229.59473719478655,-40.95447379325816
52.8046,52.8046,235.0,239.3138231709706,229.59230801823034,-45.753823170970605
52.824,52.824,216.0,239.12013115006397,229.5898066438564,-64.56013115006397
52.8435,52.8435,219.0,238.93112664344162,229.58720736590243,-61.37112664344161
52.8629,52.8629,234.0,238.74851605971995,229.5845369251104,-46.188516059719944
52.8824,52.8824,229.0,238.5702461559063,229.58176787364252,-51.01024615590629
52.9019,52.9019,249.0,238.39697988384765,229.57891384167658,-30.836979883847647
52.9213,52.9213,208.0,238.22943726265095,229.57599020077953,-71.66943726265094
52.9408,52.9408,243.0,238.06567463142764,229.57296689411413,-36.50567463142764
52.9602,52.9602,184.0,237.90718850361188,229.56987501360405,-95.34718850361187
52.9797,52.9797,220.0,237.75219245102355,229.56668276885225,-59.192192451023544
52.9991,52.9991,209.0,237.60211059038377,229.5634229853422,-70.04211059038377
53.0186,53.0186,232.0,237.455238324163,229.56006214258394,-46.89523832416299
53.0381,53.0381,220.0,237.31219668533475,229.55661691316686,-58.75219668533475
53.0575,53.0575,252.0,237.17355204310422,229.55310569889824,-26.61355204310422
53.077,53.077,223.0,237.037753014769,229.5494923885119,-55.47775301476901
53.0964,53.0964,235.0,236.90606254153107,229.54581412825388,-43.34606254153107
53.1159,53.1159,227.0,236.77699581656614,229.54203308559192,-51.21699581656614
53.1353,53.1353,235.0,236.6517546188413,229.5381881279532,-43.09175461884129
53.1548,53.1548,209.0,236.52892190290171,229.53423970512992,-68.96892190290171
53.1743,53.1743,215.0,236.40906784089546,229.53020751064975,-62.84906784089546
53.1937,53.1937,235.0,236.2926749880798,229.52611295465292,-42.73267498807979
53.2132,53.2132,238.0,236.17844383685568,229.5219139150291,-39.618443836855675
53.2326,53.2326,230.0,236.0674444286349,229.51765354846566,-47.5074444286349
53.2521,53.2521,229.0,235.9584307695324,229.51328802431087,-48.39843076953241
53.2715,53.2715,235.0,235.8524618045877,229.50886220762436,-42.2924618045877
53.291,53.291,220.0,235.7483436365505,229.50433056292582,-57.188343636550485
53.3105,53.3105,220.0,235.64655734927607,229.4997157824513,-57.08655734927606
53.3299,53.3299,247.0,235.54752196019913,229.4950422620168,-29.987521960199132
53.3494,53.3494,226.0,235.45013296607064,229.49026191375415,-50.89013296607064
53.3688,53.3688,223.0,235.35534323217107,229.48542385941232,-53.795343232171064
53.3883,53.3883,245.0,235.2620911036539,229.48047831573172,-31.702091103653885
53.4077,53.4077,208.0,235.171266136438,229.47547609960046,-68.61126613643799
53.4272,53.4272,220.0,235.0818915402624,229.47036573620048,-56.5218915402624
53.4467,53.4467,238.0,234.99434178442428,229.46517289350106,-38.43434178442428
53.4661,53.4661,223.0,234.90902335196523,229.45992492959684,-53.34902335196523
53.4856,53.4856,252.0,234.82498833423207,229.45456783742924,-24.264988334232072
53.505,53.505,237.0,234.74304312827098,229.44915665695098,-39.18304312827098
53.5245,53.5245,240.0,234.6622988789557,229.44363569928132,-36.10229887895571
53.5439,53.5439,211.0,234.58353355274113,229.43806168586048,-65.02353355274113
53.5634,53.5634,222.0,234.50588450918272,229.43237724993725,-53.94588450918272
53.5829,53.5829,204.0,234.42970305333867,229.42661101150324,-71.86970305333867
53.6023,53.6023,213.0,234.35534425710048,229.42079326680482,-62.79534425710048
53.6218,53.6218,216.0,234.28198621783105,229.41486413762146,-59.721986217831045
53.6412,53.6412,228.0,234.21034369586397,229.4088845337937,-47.65034369586397
53.6607,53.6607,214.0,234.1396394318263,229.4027929092616,-61.57963943182631
53.6801,53.6801,250.0,234.07055507305077,229.39665184128887,-25.510555073050767
53.6996,53.6996,239.0,234.0023353046633,229.3903981200448,-36.44233530466329
53.7191,53.7191,216.0,233.9353167432208,229.38406329310746,-59.37531674322079
53.7385,53.7385,217.0,233.86979610467105,229.37768057002825,-58.30979610467105
53.758,53.758,202.0,233.80506278446293,229.3711842508937,-73.24506278446293
53.7774,53.7774,221.0,233.7417455846538,229.3646410656786,-54.18174558465381
53.7969,53.7969,233.0,233.6791549732957,229.35798366102057,-42.11915497329571
53.8163,53.8163,224.0,233.61791647214255,229.35128041984623,-51.05791647214255
53.8358,53.8358,241.0,233.55736118086992,229.34446233952832,-33.997361180869916
53.8553,53.8553,227.0,233.49778344903172,229.33756387007963,-47.93778344903171
53.8747,53.8747,223.0,233.43944932846773,229.33062110880107,-51.87944932846773
53.8942,53.8942,216.0,233.38172597576974,229.32356258497538,-58.82172597576974
53.9136,53.9136,211.0,233.32519276202467,229.3164607975407,-63.76519276202467
53.9331,53.9331,239.0,233.26923339977057,229.30924263712316,-35.70923339977057
53.9525,53.9525,220.0,233.21439791611073,229.30198224074047,-54.654397916110725
53.972,53.972,211.0,233.16010198682062,229.29460486466,-63.60010198682062
53.9915,53.9915,252.0,233.10660870058817,229.2871478354732,-22.546608700588166
54.0109,54.0109,208.0,233.05416006462738,229.27965011197497,-66.49416006462738
54.0304,54.0304,230.0,233.0021900176445,229.2720345049338,-44.44219001764449
54.0498,54.0498,212.0,232.95122271909815,229.2643792296828,-62.39122271909815
54.0693,54.0693,187.0,232.90070445142854,229.25660547352228,-87.34070445142854
54.0887,54.0887,228.0,232.85113867873676,229.24879307459747,-46.29113867873676
54.1082,54.1082,245.0,232.8019949123104,229.2408616011505,-29.24199491231039
54.1277,54.1277,225.0,232.7535045465966,229.23285122979973,-49.193504546596586
54.1471,54.1471,228.0,232.70590514327122,229.22480375389011,-46.14590514327122
54.1666,54.1666,216.0,232.65868241769465,229.21663631934456,-58.09868241769465
54.186,54.186,258.0,232.6123077301882,229.20843280394652,-16.052307730188204
54.2055,54.2055,201.0,232.5662862448461,229.20010874572964,-73.00628624484611
54.2249,54.2249,219.0,232.5210717305725,229.19174962963243,-54.961071730572485
54.2444,54.2444,203.0,232.47618043570932,229.18326939031942,-70.91618043570932
54.2639,54.2639,203.0,232.4318392294497,229.17471102720015,-70.8718392294497
54.2833,54.2833,193.0,232.388253094154,229.166119140546,-80.82825309415401
54.3028,54.3028,224.0,232.34496654821717,229.15740526646294,-49.78496654821717
54.3222,54.3222,236.0,232.30240048452674,229.14865888988325,-37.74240048452674
54.3417,54.3417,210.0,232.26010169882733,229.13978995498687,-63.700101698827325
54.3611,54.3611,222.0,232.2185002797666,229.13088953782025,-51.6585002797666
54.3806,54.3806,221.0,232.17715008195333,229.12186599526655,-52.617150081953326
54.4001,54.4001,243.0,232.1362568972684,229.1127651216153,-30.576256897268394
54.4195,54.4195,244.0,232.09600880100044,229.10363429577257,-29.536008801000435
54.439,54.439,235.0,232.05599046456328,229.09437950039455,-38.49599046456328
54.4584,54.4584,230.0,232.01659506498834,229.08509577092497,-43.456595064988335
54.4779,54.4779,217.0,231.97740273353486,229.07568751443608,-56.41740273353486
54.4973,54.4973,202.0,231.938812374073,229.06625134106716,-71.378812374073
54.5168,54.5168,236.0,231.9004117565226,229.05669008704265,-37.3404117565226
54.5363,54.5363,235.0,231.86239297254437,229.0470523129573,-38.30239297254437
54.5557,54.5557,201.0,231.82493744824447,229.037388147401,-72.26493744824447
54.5752,54.5752,227.0,231.78764555960944,229.02759807726642,-46.22764555960944
54.5946,54.5946,234.0,231.7508982118178,229.01778263055525,-39.190898211817796
54.6141,54.6141,217.0,231.71430324582425,229.0078407352912,-56.15430324582425
54.6335,54.6335,228.0,231.6782297296785,228.9978744773809,-45.11822972967849
54.653,54.653,210.0,231.6422972182012,228.9877812308205,-63.082297218201205
54.6725,54.6725,212.0,231.6066788333024,228.97761229328023,-61.046678833302394
54.6919,54.6919,233.0,231.57155509446548,228.96742051343483,-40.01155509446548
54.7114,54.7114,226.0,231.53655094355466,228.95710094139784,-46.976550943554656
54.7308,54.7308,216.0,231.50201882004714,228.94675953848022,-56.94201882004714
54.7503,54.7503,219.0,231.4676008686269,228.93628981300878,-53.9076008686269
54.7697,54.7697,224.0,231.43363538505503,228.92579926704218,-48.873635385055024
54.7892,54.7892,220.0,231.3997649620636,228.91517987206558,-52.83976496206361
54.8087,54.8087,206.0,231.36616391186718,228.90448563295104,-66.80616391186717
54.8281,54.8281,212.0,231.3329945979145,228.89377208822054,-60.772994597914504
54.8476,54.8476,241.0,231.29990841979924,228.88292891147137,-31.739908419799235
54.867,54.867,224.0,231.2672334447471,228.87206743679945,-48.70723344474709
54.8865,54.8865,213.0,231.23463552806763,228.86107581345877,-59.674635528067626
54.9059,54.9059,205.0,231.20243794772517,228.8500668987754,-67.64243794772517
54.9254,54.9254,232.0,231.17030074362575,228.83892732270735,-40.61030074362574
54.9448,54.9448,245.0,231.13855376760762,228.82777146074238,-27.578553767607616
54.9643,54.9643,215.0,231.10686009141034,228.81648442861893,-57.54686009141034
54.9838,54.9838,249.0,231.07538114814173,228.8051236667037,-23.515381148141728
55.0032,55.0032,212.0,231.0442692918087,228.79374812617692,-60.48426929180869
55.0227,55.0227,225.0,231.0131969032209,228.78224065909563,-47.453196903220885
55.0421,55.0421,223.0,230.9824823178264,228.7707194159198,-49.42248231782639
55.0616,55.0616,212.0,230.95180098309385,228.7590657473099,-60.391800983093844
55.081,55.081,211.0,230.9214645619058,228.74739930391513,-61.36146456190579
55.1005,55.1005,223.0,230.89115511383477,228.73559994017575,-49.33115511383477
55.12,55.12,222.0,230.8610212979269,228.7237277330167,-50.301021297926894
55.1394,55.1394,241.0,230.83121752831863,228.71184425201184,-31.27121752831863
55.1589,55.1589,263.0,230.80142883798288,228.6998271151293,-9.24142883798288
55.1783,55.1783,203.0,230.7719566557475,228.68779970260002,-69.21195665574749
55.1978,55.1978,209.0,230.74249691415625,228.67563814924316,-63.182496914156246
55.2172,55.2172,216.0,230.71334275240773,228.66346731715913,-56.153342752407724
55.2367,55.2367,221.0,230.68418914626605,228.65116186329274,-51.12418914626605
55.2562,55.2562,208.0,230.65518682683728,228.6387844692082,-64.09518682683728
55.2756,55.2756,209.0,230.6264786555898,228.6263992906098,-63.066478655589805
55.2951,55.2951,223.0,230.59776477422872,228.61387877569584,-49.03776477422872
55.3145,55.3145,226.0,230.56933243470112,228.6013514698974,-46.00933243470112
55.334,55.334,215.0,230.54089148498505,228.58868835685345,-56.98089148498505
55.3534,55.3534,215.0,230.5127265479681,228.57601944520346,-56.9527265479681
55.3729,55.3729,199.0,230.48454207368263,228.56321425939842,-72.92454207368263
55.3924,55.3924,198.0,230.4564864978756,228.55033805312303,-73.8964864978756
55.4118,55.4118,204.0,230.42869163549028,228.5374575353535,-67.86869163549028
55.4313,55.4313,244.0,230.4008743077746,228.52444005002877,-27.840874307774584
55.4507,55.4507,225.0,230.37331368357192,228.51141924202068,-46.81331368357192
55.4702,55.4702,229.0,230.34572161933937,228.4982610096349,-42.78572161933937
55.4896,55.4896,235.0,230.3183816635563,228.48510044195473,-36.75838166355629
55.5091,55.5091,201.0,230.29100639614873,228.4718019971194,-70.73100639614873
55.5286,55.5286,230.0,230.2637361870242,228.4584334678239,-41.70373618702419
55.548,55.548,225.0,230.23670555183168,228.4450640828739,-46.676705551831674
55.5675,55.5675,225.0,230.20963200111996,228.43155614862982,-46.649632001119954
55.5869,55.5869,219.0,230.18279431280286,228.41804834247708,-52.62279431280285
55.6064,55.6064,209.0,230.15591053818048,228.4044015443999,-62.595910538180476
55.6258,55.6258,226.0,230.1292551276708,228.3907558566685,-45.5692551276708
55.6453,55.6453,238.0,230.10255066190086,228.37697073845084,-33.54255066190086
55.6648,55.6648,235.0,230.0759304732929,228.36311648776248,-36.51593047329291
55.6842,55.6842,198.0,230.04953084109673,228.34926481922082,-73.48953084109672
55.7037,55.7037,225.0,230.02307568741003,228.33527306943967,-46.463075687410026
55.7231,55.7231,244.0,229.9968349943955,228.32128488024307,-27.436834994395497
55.7426,55.7426,223.0,229.97053596633828,228.30715618145035,-48.41053596633827
55.762,55.762,216.0,229.9444435401365,228.29303202011977,-55.38444354013649
55.7815,55.7815,274.0,229.91829104328298,228.2787669249277,2.641708956717025
55.801,55.801,202.0,229.8922081426898,228.26443366495005,-69.33220814268981
55.8204,55.8204,220.0,229.8663262243589,228.25010640603423,-51.306326224358884
55.8399,55.8399,224.0,229.84037940207352,228.2356375840092,-47.28037940207352
55.8593,55.8593,236.0,229.8146266079852,228.22117573593556,-35.25462660798519
55.8788,55.8788,211.0,229.78880542967204,228.20657191074858,-60.228805429672036
55.8982,55.8982,244.0,229.76317652517886,228.19197603077424,-27.20317652517886
55.9177,55.9177,240.0,229.73747284273566,228.1772377637956,-31.177472842735654
55.9372,55.9372,220.0,229.71182866464238,228.16243231512874,-51.15182866464238
55.9566,55.9566,232.0,229.68636814351746,228.14763626671498,-39.12636814351745
55.9761,55.9761,219.0,229.660831749816,228.13269722367028,-52.100831749815995
55.9955,55.9955,259.0,229.635477563835,228.11776854798256,-12.075477563834994
56.015,56.015,199.0,229.61004148532248,228.10269647808812,-72.05004148532248
56.0344,56.0344,228.0,229.58478549845074,228.087635740959,-43.02478549845074
56.0539,56.0539,239.0,229.5594458749769,228.0724312141818,-31.999445874976885
56.0734,56.0734,213.0,229.53415256051508,228.0571605039422,-57.97415256051508
56.0928,56.0928,209.0,229.509032153942,228.04190257259592,-61.949032153942
56.1123,56.1123,208.0,229.48382387446142,228.0265002657067,-62.92382387446142
56.1317,56.1317,236.0,229.4587865645926,228.01111169879434,-34.8987865645926
56.1512,56.1512,237.0,229.43365951869467,227.99557837126474,-33.873659518694666
56.1706,56.1706,215.0,229.40869984571555,227.9800597430337,-55.848699845715544
56.1901,56.1901,229.0,229.38364866414065,227.9643959732658,-41.82364866414065
56.2096,56.2096,207.0,229.35863146614267,227.9486670331069,-63.798631466142666
56.229,56.229,220.0,229.33377789209544,227.93295422911237,-50.77377789209544
56.2485,56.2485,202.0,229.30882879422168,227.91709571952507,-68.74882879422168
56.2679,56.2679,230.0,229.28403900016912,227.9012543009341,-40.724039000169114
56.2874,56.2874,231.0,229.25915205852647,227.88526680624744,-39.699152058526465
56.3068,56.3068,201.0,229.23442239639834,227.86929735556137,-69.67442239639834
56.3263,56.3263,231.0,229.2095935888636,227.85318146245092,-39.64959358886361
56.3458,56.3458,225.0,229.18479043083656,227.8370014265825,-45.624790430836555
56.3652,56.3652,210.0,229.16014204608996,227.8208408619738,-60.60014204608996
56.3847,56.3847,211.0,229.13539094870384,227.80453331282587,-59.57539094870384
56.4041,56.4041,197.0,229.11078857538214,227.78824618328926,-73.55078857538214
56.4236,56.4236,205.0,229.08608373755771,227.77181171334914,-65.52608373755771
56.443,56.443,234.0,229.06152673440894,227.75539860947936,-36.50152673440894
56.4625,56.4625,218.0,229.03686254591193,227.73883781353464,-52.47686254591193
56.482,56.482,243.0,229.01221870430504,227.7222139167433,-27.45221870430504
56.5014,56.5014,208.0,228.9877201547869,227.70561280333405,-62.4277201547869
56.5209,56.5209,216.0,228.9631130932655,227.68886347777442,-54.40311309326549
56.5403,56.5403,236.0,228.93864865121068,227.67213787724205,-34.37864865121068
56.5598,56.5598,260.0,228.91407277635474,227.65526372339795,-10.35407277635474
56.5792,56.5792,246.0,228.88963878051698,227.63841423427016,-24.329638780516973
56.5987,56.5987,226.0,228.8650924201645,227.62141585487979,-44.3050924201645
56.6182,56.6182,241.0,228.8405597977454,227.604355430549,-29.28055979774541
56.6376,56.6376,225.0,228.81616487103884,227.58732107796274,-45.256164871038834
56.6571,56.6571,219.0,228.79165470612617,227.5701373371714,-51.231654706126164
56.6765,56.6765,238.0,228.7672817048667,227.55298060284076,-32.20728170486669
56.696,56.696,219.0,228.7427927426054,227.53567415390796,-51.182792742605386
56.7154,56.7154,221.0,228.71843792252164,227.51839564413254,-49.15843792252164
56.7349,56.7349,190.0,228.6939672520778,227.50096709758546,-80.13396725207781
56.7544,56.7544,224.0,228.66950260107598,227.4834775757156,-46.109502601075974
56.7738,56.7738,210.0,228.64517089471036,227.46601738941592,-60.08517089471036
56.7933,56.7933,221.0,228.62071955716124,227.44840669062444,-49.060719557161235
56.8127,56.8127,205.0,228.59639871040204,227.43082625497033,-65.03639871040204
56.8322,56.8322,199.0,228.57195842858548,227.41309499525005,-71.01195842858547
56.8516,56.8516,208.0,228.5476458253082,227.39539492415233,-61.98764582530819
56.8711,56.8711,210.0,228.5232124160989,227.37754372165801,-59.963212416098884
56.8906,56.8906,215.0,228.498781110915,227.3596326268863,-54.93878111091499
56.91,56.91,223.0,228.47447695619576,227.34175410620722,-46.914476956195756
56.9295,56.9295,221.0,228.45004929276882,227.3237240007186,-48.89004929276882
56.9489,56.9489,217.0,228.42574779166455,227.30572738952355,-52.865747791664546
56.9684,56.9684,221.0,228.40132165746664,227.28757889682296,-48.84132165746664
56.9878,56.9878,202.0,228.37702006790082,227.26946481647352,-67.81702006790081
57.0073,57.0073,204.0,228.35259166329058,227.25119856218174,-65.79259166329058
57.0268,57.0268,203.0,228.32816292769755,227.23287351180252,-66.76816292769755
57.0462,57.0462,239.0,228.30385615824696,227.21458424797856,-30.743856158246956
57.0657,57.0657,192.0,228.27942246163204,227.19614237918734,-77.71942246163204
57.0851,57.0851,253.0,228.25511079217222,227.17773720957192,-16.695110792172215
57.1046,57.1046,246.0,228.2306693600856,227.15917915322427,-23.67066936008561
57.124,57.124,219.0,228.20634995976926,227.14065870646903,-50.64634995976925
57.1435,57.1435,234.0,228.18190037087066,227.1219850954902,-35.62190037087066
57.163,57.163,240.0,228.157446031307,227.1032537974748,-29.597446031306987
57.1824,57.1824,208.0,228.13311032749635,227.08456147167132,-61.57311032749635
57.2019,57.2019,208.0,228.1086443664894,227.06571557308357,-61.548644366489384
57.2213,57.2213,237.0,228.08429719360637,227.04690955153657,-32.52429719360637
57.2408,57.2408,211.0,228.05981680527813,227.02794969042114,-58.49981680527813
57.2602,57.2602,218.0,228.03545527660722,227.00903060891164,-51.47545527660722
57.2797,57.2797,214.0,228.0109609669504,226.98995742533683,-55.45096096695039
57.2992,57.2992,209.0,227.98645709701913,226.97082767635388,-60.426457097019124
57.3186,57.3186,218.0,227.96207104056626,226.9517400576971,-51.402071040566256
57.3381,57.3381,247.0,227.93754989339996,226.93249795095062,-22.37754989339996
57.3575,57.3575,219.0,227.91314493762945,226.9132988713592,-50.35314493762945
57.377,57.377,223.0,227.88860456522434,226.89394505192152,-46.32860456522434
57.3964,57.3964,205.0,227.86418021154796,226.87463515414504,-64.30418021154796
57.4159,57.4159,214.0,227.8396193828779,226.85517026906604,-55.27961938287791
57.4354,57.4354,216.0,227.81504691513666,226.8356499525012,-53.25504691513666
57.4548,57.4548,206.0,227.79058989745235,226.81617489610872,-63.23058989745235
57.4743,57.4743,214.0,227.7659949472876,226.796544488993,-55.20599494728759
57.4937,57.4937,212.0,227.74151435856118,226.77696023067304,-57.181514358561174
57.5132,57.5132,222.0,227.71689552904502,226.75722038494487,-47.156895529045016
57.5326,57.5326,221.0,227.6923902684864,226.73752757425484,-48.132390268486404
57.5521,57.5521,229.0,227.66774510862936,226.71767894378408,-40.10774510862936
57.5716,57.5716,211.0,227.64308713757092,226.69777602776043,-58.083087137570914
57.591,57.591,201.0,227.61854236022901,226.67792147277123,-68.05854236022901
57.6105,57.6105,219.0,227.59385748529843,226.65791075724758,-50.03385748529843
57.6299,57.6299,193.0,227.56928421361167,226.63794928297358,-76.00928421361166
57.6494,57.6494,241.0,227.5445708444999,226.61783142659303,-27.9845708444999
57.6688,57.6688,212.0,227.5199693970527,226.59776368923912,-56.9599693970527
57.6883,57.6883,241.0,227.4952261308271,226.57753935252998,-27.93522613082709
57.7077,57.7077,211.0,227.47059452208578,226.55736601016991,-57.91059452208577
57.7272,57.7272,248.0,227.44582130613185,226.5370358555326,-20.885821306131845
57.7467,57.7467,204.0,227.4210313311707,226.5166529057542,-64.8610313311707
57.7661,57.7661,210.0,227.3963532685561,226.49632225979002,-58.83635326855611
57.7856,57.7856,206.0,227.37153166362518,226.4758344900215,-62.811531663625175
57.805,57.805,227.0,227.34682078090987,226.45539989317984,-41.78682078090986
57.8245,57.8245,199.0,227.32196616352388,226.43480797044649,-69.76196616352388
57.8439,57.8439,199.0,227.2972226384859,226.41427008724196,-69.73722263848589
57.8634,57.8634,223.0,227.27233442662782,226.39357468039498,-45.71233442662782
57.8829,57.8829,225.0,227.2474284224293,226.37282765072695,-43.68742842242929
57.9023,57.9023,210.0,227.22263337077928,226.3521359568556,-58.662633370779275
57.9218,57.9218,222.0,227.19769327854536,226.33128645061,-46.637693278545356
57.9412,57.9412,205.0,227.1728621941803,226.31049314041348,-63.61286219418031
57.9607,57.9607,225.0,227.14788598818137,226.2895418309511,-43.58788598818137
57.9801,57.9801,233.0,227.12301965315254,226.268647575224,-35.56301965315254
57.9996,57.9996,223.0,227.09800617468548,226.24759513768538,-45.53800617468548
58.0191,58.0191,216.0,227.07297457006553,226.22649226072483,-52.51297457006552
58.0385,58.0385,214.0,227.0480528158933,226.2054477202789,-54.4880528158933
58.058,58.058,225.0,227.02298400581722,226.18424473213364,-43.46298400581722
58.0774,58.0774,217.0,226.99802401662944,226.16310093170205,-51.43802401662944
58.0969,58.0969,198.0,226.97291699776935,226.14179851190684,-70.41291699776934
58.1163,58.1163,224.0,226.94791934970496,226.12055612840354,-44.38791934970496
58.1358,58.1358,231.0,226.92277295216107,226.09915495822673,-37.362772952161066
58.1553,58.1553,226.0,226.8976077506283,226.07770454282291,-42.33760775062831
58.1747,58.1747,209.0,226.8725516151614,226.0563154327146,-59.3125516151614
58.1942,58.1942,236.0,226.84734609919855,226.03476729293376,-32.287346099198544
58.2136,58.2136,236.0,226.82225029792212,226.01328130040403,-32.26225029792212
58.2331,58.2331,222.0,226.7970049836551,225.99163612179325,-46.23700498365511
58.2525,58.2525,251.0,226.77186883461502,225.97005392971474,-17.211868834615018
58.272,58.272,242.0,226.74658295677636,225.9483123995089,-26.186582956776363
58.2915,58.2915,217.0,226.72127684804045,225.926522828783,-51.161276848040444
58.3109,58.3109,209.0,226.69607996481682,225.90479749953474,-59.136079964816815
58.3304,58.3304,225.0,226.67073214385007,225.88291261208877,-43.11073214385007
58.3498,58.3498,207.0,226.64549410116325,225.8610927986453,-61.08549410116325
58.3693,58.3693,226.0,226.62010502612074,225.83911328587746,-42.06010502612074
58.3887,58.3887,216.0,226.59482534482316,225.8171996769094,-52.03482534482316
58.4082,58.4082,238.0,226.5693944983459,225.79512623185926,-30.0093944983459
58.4277,58.4277,209.0,226.54394233851508,225.77300596122487,-58.98394233851508
58.4471,58.4471,222.0,226.51859951585868,225.750952834999,-45.95859951585868
58.4666,58.4666,236.0,226.4931048435239,225.72873967558544,-31.933104843523893
58.486,58.486,225.0,226.4677199453564,225.7065944834901,-42.907719945356405
58.5055,58.5055,231.0,226.44218283314314,225.68428913238492,-36.88218283314313
58.5249,58.5249,209.0,226.41675474255408,225.662052568728,-58.856754742554074
58.5444,58.5444,213.0,226.39117470559157,225.63965572461404,-54.831174705591565
58.5639,58.5639,246.0,226.36557273991446,225.61721327979703,-21.805572739914453
58.5833,58.5833,205.0,226.3400807029612,225.5948408484264,-62.780080702961186
58.6028,58.6028,220.0,226.3144356576478,225.57230796248936,-47.754435657647804
58.6222,58.6222,195.0,226.28890042914483,225.54984590311187,-72.72890042914483
58.6417,58.6417,229.0,226.26321135672669,225.52722327867033,-38.70321135672668
58.6611,58.6611,240.0,226.23763266604317,225.50467229107053,-27.677632666043166
58.6806,58.6806,232.0,226.21190013369818,225.48196063228914,-35.65190013369818
58.7001,58.7001,236.0,226.18614590328536,225.4592046073476,-31.626145903285362
58.7195,58.7195,228.0,226.16050132143098,225.43652143036573,-39.60050132143098
58.739,58.739,200.0,226.13470317874584,225.4136774311162,-67.57470317874584
58.7584,58.7584,254.0,226.10901525004357,225.3909070829644,-13.549015250043567
58.7779,58.7779,229.0,226.08317256360775,225.36797581738884,-38.523172563607744
58.7973,58.7973,217.0,226.05744078937988,225.34511900316758,-50.49744078937988
58.8168,58.8168,214.0,226.031554651568,225.3221011807509,-53.471554651568
58.8363,58.8363,212.0,226.0056457031574,225.29904023609544,-55.445645703157396
58.8557,58.8557,223.0,225.97984790802857,225.27605493876666,-44.41984790802857
58.8752,58.8752,187.0,225.95389461358857,225.2529085052026,-80.39389461358857
58.8946,58.8946,250.0,225.92805277918254,225.2298385119525,-17.368052779182534
58.9141,58.9141,213.0,225.90205542504754,225.20660730266673,-54.34205542504753
58.9335,58.9335,202.0,225.87616953588017,225.18345332375108,-65.31616953588016
58.953,58.953,211.0,225.850128060686,225.1601380533873,-56.29012806068599
58.9725,58.9725,237.0,225.8240639074608,225.13678091380092,-30.26406390746081
58.9919,58.9919,192.0,225.7981117580426,225.11350218515054,-75.2381117580426
59.0114,59.0114,236.0,225.7720035335901,225.0900620600769,-31.212003533590092
59.0308,59.0308,232.0,225.7460072510173,225.066701128603,-35.18600725101729
59.0503,59.0503,231.0,225.71985448356364,225.04317873627235,-36.159854483563635
59.0697,59.0697,195.0,225.69381454007075,225.01973631722527,-72.13381454007074
59.0892,59.0892,213.0,225.6676174667571,224.99613237727863,-54.10761746675709
59.1087,59.1087,238.0,225.6413982420293,224.97248782993682,-29.08139824202931
59.1281,59.1281,239.0,225.61529202034345,224.94892442078168,-28.055292020343444
59.1476,59.1476,213.0,225.5890290027052,224.92519940883037,-54.02902900270519
59.167,59.167,238.0,225.56287820592414,224.90155630723598,-29.002878205924134
59.1865,59.1865,226.0,225.53657107098675,224.87775155378725,-40.97657107098675
59.2059,59.2059,205.0,225.51037682060064,224.85402947983786,-61.95037682060064
59.2254,59.2254,227.0,225.4840252795908,224.83014570936848,-39.92402527959081
59.2449,59.2449,239.0,225.4576522596446,224.80622260185964,-27.897652259644588
59.2643,59.2643,222.0,225.43139210020354,224.78238332283783,-44.871392100203536
59.2838,59.2838,216.0,225.40497506536337,224.75838228848804,-50.84497506536337
59.3032,59.3032,206.0,225.37867167054245,224.7344658441352,-60.81867167054244
59.3227,59.3227,214.0,225.35221052378375,224.710387610777,-52.79221052378375
59.3421,59.3421,209.0,225.32586371847302,224.68639472585068,-57.765863718473014
59.3616,59.3616,217.0,225.299359166626,224.66224002263502,-49.739359166626
59.3811,59.3811,225.0,225.27283314568595,224.6380472609799,-41.71283314568595
59.4005,59.4005,181.0,225.2464214491036,224.6139409805814,-85.68642144910359
59.42,59.42,208.0,225.21985165389614,224.58967284617938,-58.65985165389614
59.4394,59.4394,237.0,225.19339696382355,224.5654919437195,-29.633396963823543
59.4589,59.4589,239.0,225.16678428821498,224.54114916896194,-27.606784288214982
59.4783,59.4783,226.0,225.14028675745598,224.51689437371073,-40.58028675745598
59.4978,59.4978,207.0,225.11363132946911,224.49247769226142,-59.55363132946911
59.5173,59.5173,233.0,225.08695417367326,224.4680242389337,-33.52695417367326
59.5367,59.5367,240.0,225.06039273618393,224.44365988153035,-26.500392736183926
59.5562,59.5562,218.0,225.03367309866056,224.41913362530968,-48.473673098660555
59.5756,59.5756,220.0,225.00706929055121,224.39469720471328,-46.44706929055121
59.5951,59.5951,229.0,224.98030764669122,224.37009888238848,-37.420307646691214
59.6145,59.6145,212.0,224.95366158561285,224.34559113222105,-54.39366158561285
59.634,59.634,228.0,224.9268576182101,224.32092148180712,-38.366857618210105
59.6535,59.6535,226.0,224.90003247865718,224.29621635375315,-40.34003247865718
59.6729,59.6729,219.0,224.87332400990422,224.27160289762904,-47.31332400990422
59.6924,59.6924,234.0,224.84645743887995,224.24682755173063,-32.28645743887995
59.7118,59.7118,234.0,224.81970743665926,224.2221446063181,-32.259707436659255
59.7313,59.7313,217.0,224.7927992748561,224.1972997835998,-49.23279927485609
59.7507,59.7507,229.0,224.766008499878,224.17254808671203,-37.20600849987801
59.7702,59.7702,242.0,224.73905879565095,224.14763452937854,-24.179058795650946
59.7897,59.7897,226.0,224.71208906844626,224.12268679603778,-40.15208906844626
59.8091,59.8091,203.0,224.68523678768995,224.09783327141935,-63.12523678768994
59.8286,59.8286,225.0,224.65822617804875,224.07281791991147,-41.09822617804875
59.848,59.848,220.0,224.63133384107286,224.0478974943828,-46.07133384107286
59.8675,59.8675,225.0,224.60428246431854,224.02281526980684,-41.04428246431854
59.8869,59.8869,243.0,224.57735014073586,223.99782868521154,-23.017350140735857
59.9064,59.9064,203.0,224.55025888342783,223.9726803338004,-62.99025888342783
59.9259,59.9259,222.0,224.52314779118421,223.947499115125,-43.96314779118421
59.9453,59.9453,231.0,224.49615596769922,223.92241460221135,-34.93615596769922
59.9648,59.9648,223.0,224.46900499329703,223.8971683791098,-42.90900499329703
59.9842,59.9842,211.0,224.441973922412,223.87201956757505,-54.88197392241199
60.0037,60.0037,205.0,224.41478387716424,223.84670908905903,-60.85478387716424
60.0231,60.0231,229.0,224.3877139410375,223.8214967246168,-36.8277139410375
60.0426,60.0426,205.0,224.36048515576212,223.79612274078607,-60.80048515576212
60.0621,60.0621,197.0,224.33323674411005,223.77071720526143,-68.77323674411005
60.0815,60.0815,219.0,224.3061092208073,223.7454108322544,-46.746109220807284
60.101,60.101,235.0,224.27882258983075,223.71994291954243,-30.71882258983075
60.1204,60.1204,211.0,224.25165693801162,223.69457486355202,-54.69165693801162
60.1399,60.1399,232.0,224.22433240435595,223.66904532641578,-33.664332404355946
60.1593,60.1593,240.0,224.19712965921096,223.64361633686462,-25.637129659210956
60.1788,60.1788,227.0,224.16976742837548,223.61802592910905,-38.60976742837548
60.1983,60.1983,194.0,224.14238651736352,223.5924052917735,-71.58238651736352
60.2177,60.2177,212.0,224.1151280194137,223.56688623290822,-53.5551280194137
60.2372,60.2372,227.0,224.08771043808085,223.54120585855665,-38.527710438080845
60.2566,60.2566,240.0,224.06041488196723,223.51562774513138,-25.50041488196723
60.2761,60.2761,218.0,224.0329608303996,223.4898883901168,-47.472960830399586
60.2955,60.2955,239.0,224.00562948054278,223.4642519751027,-26.445629480542777
60.315,60.315,224.0,223.9781389683237,223.43845439677364,-41.41813896832369
60.3345,60.3345,219.0,223.95063071331379,223.41262791723878,-46.39063071331378
60.3539,60.3539,217.0,223.92324591271228,223.38690539081333,-48.36324591271227
60.3734,60.3734,231.0,223.89570227605506,223.36102182680085,-34.33570227605506
60.3928,60.3928,218.0,223.86828238991112,223.33524288646223,-47.30828238991111
60.4123,60.4123,217.0,223.84070347620093,223.30930299775335,-48.28070347620093
60.4317,60.4317,236.0,223.81324894994287,223.28346839986037,-29.253248949942872
60.4512,60.4512,219.0,223.7856355981501,223.25747294718596,-46.22563559815009
60.4706,60.4706,221.0,223.75814690703294,223.2315834490356,-44.198146907032935
60.4901,60.4901,228.0,223.73049953597462,223.20553319406275,-37.17049953597461
60.5096,60.5096,210.0,223.70283502862506,223.17945575439555,-55.14283502862506
60.529,60.529,219.0,223.6752958779741,223.15348525919595,-46.11529587797409
60.5485,60.5485,194.0,223.64759803937045,223.12735416243913,-71.08759803937045
60.5679,60.5679,226.0,223.62002572907335,223.10133066521968,-39.060025729073345
60.5874,60.5874,199.0,223.59229495067555,223.07514667532467,-66.03229495067555
60.6068,60.6068,239.0,223.5646904552957,223.04907093656365,-26.0046904552957
60.6263,60.6263,208.0,223.5369271034886,223.02283481837208,-56.976927103488606
60.6458,60.6458,227.0,223.50914761572824,222.99657285710433,-37.949147615728236
60.6652,60.6652,231.0,223.48149495736,222.97042011865736,-33.92149495736001
60.6847,60.6847,230.0,223.45368408293353,222.94410717898117,-34.89368408293353
60.7041,60.7041,214.0,223.42599981444752,222.91790410498626,-50.86599981444752
60.7236,60.7236,226.0,223.39815762500848,222.8915409539123,-38.83815762500848
60.743,60.743,234.0,223.3704427556843,222.86528830786818,-30.810442755684306
60.7625,60.7625,232.0,223.342569542871,222.8388757132512,-32.78256954287099
60.782,60.782,196.0,223.31468122855588,222.8124386225048,-68.75468122855588
60.8014,60.8014,193.0,223.28692104171694,222.78611299001537,-71.72692104171693
60.8209,60.8209,227.0,223.2590028606096,222.75962761005084,-37.699002860609596
60.8403,60.8403,218.0,223.2312128446478,222.7332543188602,-46.67121284464781
60.8598,60.8598,230.0,223.20326520084885,222.70672141958585,-34.643265200848845
60.8792,60.8792,227.0,223.17544640287505,222.68030123605257,-37.61544640287505
60.8987,60.8987,208.0,223.14746956913297,222.65372158817462,-56.58746956913296
60.9182,60.9182,237.0,223.11947882192257,222.62711879615958,-27.559478821922568
60.9376,60.9376,213.0,223.09161738055585,222.6006296544541,-51.53161738055584
60.9571,60.9571,212.0,223.0635981642237,222.57398127235479,-52.50359816422369
60.9765,60.9765,207.0,223.03570897014717,222.547447158607,-57.47570897014717
60.996,60.996,241.0,223.00766224732573,222.52075395906783,-23.447662247325724
61.0154,61.0154,208.0,222.9797457598959,222.4941756423356,-56.4197457598959
61.0349,61.0349,201.0,222.95167199693435,222.46743839875285,-63.39167199693435
61.0544,61.0544,213.0,222.92358495070602,222.44067936778697,-51.36358495070601
61.0738,61.0738,229.0,222.8956287613844,222.41403613534385,-35.335628761384385
61.0933,61.0933,241.0,222.86751539050687,222.3872342228056,-23.307515390506865
61.1127,61.1127,221.0,222.83953332100654,222.3605487142288,-43.27953332100654
61.1322,61.1322,230.0,222.81139445679486,222.33370469533725,-34.251394456794856
61.1516,61.1516,249.0,222.78338698447138,222.306977682223,-15.223386984471375
61.1711,61.1711,216.0,222.75522289962936,222.28009233290294,-48.19522289962936
61.1906,61.1906,219.0,222.72704633246175,222.25318655743226,-45.16704633246175
61.21,61.21,216.0,222.69900214499117,222.22639868441183,-48.13900214499117
61.2295,61.2295,232.0,222.67080131028163,222.19945274469325,-32.11080131028163
61.2489,61.2489,226.0,222.64273334523813,222.1726253001347,-38.082733345238125
61.2684,61.2684,229.0,222.6145089411323,222.14563997380046,-35.0545089411323
61.2878,61.2878,202.0,222.5864176475869,222.1187737316779,-62.0264176475869
61.3073,61.3073,211.0,222.5581699639186,222.09174979701984,-52.9981699639186
61.3268,61.3268,207.0,222.52991120092202,222.06470680163847,-56.96991120092201
61.3462,61.3462,215.0,222.50178584186412,222.03778376791325,-48.94178584186412
61.3657,61.3657,229.0,222.47350473506054,222.0107033338556,-34.91350473506054
61.3851,61.3851,248.0,222.4453577846507,221.9837434413123,-15.885357784650694
61.4046,61.4046,237.0,222.41705482344486,221.9566263484622,-26.857054823444855
61.424,61.424,228.0,222.38888661270403,221.92963037329213,-35.828886612704025
61.4435,61.4435,224.0,222.36056274340777,221.9024774021469,-39.80056274340777
61.463,61.463,226.0,222.3322285849205,221.87530673961723,-37.7722285849205
61.4824,61.4824,248.0,222.30402948622486,221.84825805280215,-15.74402948622486
61.5019,61.5019,223.0,222.2756752035527,221.82105268484943,-40.715675203552706
61.5213,61.5213,232.0,222.247456439442,221.7939698594983,-31.687456439442002
61.5408,61.5408,237.0,222.21908242674343,221.76673056809642,-26.659082426743424
61.5602,61.5602,214.0,222.19084457718102,221.73961438245692,-49.63084457718102
61.5797,61.5797,201.0,222.16245186719425,221.71234195014716,-62.60245186719425
61.5992,61.5992,219.0,222.13404968923143,221.68505319941977,-44.57404968923143
61.6186,61.6186,224.0,222.1057842666667,221.65788839290266,-39.545784266666686
61.6381,61.6381,246.0,222.0773641318472,221.6305676771215,-17.517364131847188
61.6575,61.6575,242.0,222.04908095106586,221.60337145934957,-21.48908095106586
61.677,61.677,216.0,222.02064344539613,221.5760195624172,-47.46064344539613
61.6964,61.6964,208.0,221.99234340223896,221.54879271353394,-55.432343402238956
61.7159,61.7159,206.0,221.96388919666921,221.52141041987412,-57.40388919666921
61.7354,61.7354,231.0,221.93542665226292,221.49401318410796,-32.37542665226292
61.7548,61.7548,190.0,221.90710230617572,221.46674181507942,-73.34710230617571
61.7743,61.7743,234.0,221.87862397648388,221.43931536117947,-29.318623976483877
61.7937,61.7937,217.0,221.85028411469614,221.412015314614,-46.290284114696135
61.8132,61.8132,231.0,221.82179071156463,221.3845604282499,-32.26179071156463
61.8326,61.8326,214.0,221.79343603934961,221.35723248602613,-49.23343603934961
61.8521,61.8521,202.0,221.7649278984201,221.32974995334263,-61.204927898420095
61.8716,61.8716,208.0,221.73641281921664,221.30225385792508,-55.17641281921664
61.891,61.891,233.0,221.70803715532136,221.27488550540886,-30.14803715532136
61.9105,61.9105,220.0,221.6795084959581,221.24736294476259,-43.11950849595809
61.9299,61.9299,233.0,221.651119455205,221.21996865430154,-30.09111945520499
61.9494,61.9494,235.0,221.6225778378157,221.1924204157018,-28.062577837815695
61.9688,61.9688,212.0,221.59417636767748,221.16500097074888,-51.034176367677475
61.9883,61.9883,237.0,221.56562232257326,221.13742784189992,-26.00562232257326
62.0078,62.0078,227.0,221.53706256169815,221.10984253246684,-35.97706256169815
62.0272,62.0272,243.0,221.50864341158274,221.08238679535,-19.948643411582736
62.0467,62.0467,230.0,221.48007212522532,221.05477777901305,-32.92007212522532
62.0661,62.0661,217.0,221.45164206242313,221.02729884885494,-45.89164206242313
62.0856,62.0856,186.0,221.42306014225812,220.9996669143333,-76.86306014225812
62.105,62.105,237.0,221.39461967824718,220.97216557600063,-25.83461967824718
62.1245,62.1245,213.0,221.3660277672043,220.9445115123966,-49.806027767204284
62.144,62.144,213.0,221.3374311638258,220.9168466528524,-49.77743116382581
62.1634,62.1634,237.0,221.30897654385714,220.88931314791566,-25.74897654385714
62.1829,62.1829,239.0,221.28037073897795,220.86162734464648,-23.720370738977948
62.2023,62.2023,216.0,221.25190759743046,220.83407339632095,-46.69190759743046
62.2218,62.2218,233.0,221.22329355803288,220.8063674393286,-29.663293558032876
62.2412,62.2412,202.0,221.19482211239094,220.77879383373414,-60.634822112390935
62.2607,62.2607,189.0,221.16620044484193,220.75106851335732,-73.60620044484193
62.2802,62.2802,227.0,221.13757509838555,220.7233337838951,-35.57757509838555
62.2996,62.2996,227.0,221.10909305859505,220.69573214384278,-35.54909305859505
62.3191,62.3191,216.0,221.08046101283367,220.66797923812314,-46.520461012833664
62.3385,62.3385,219.0,221.05197278331312,220.640359908521,-43.491972783313116
62.358,62.358,231.0,221.0233347604119,220.61258961766694,-31.463334760411897
62.3774,62.3774,201.0,220.99484072620834,220.584953385727,-61.434840726208336
62.3969,62.3969,206.0,220.9661973813247,220.557166501152,-56.40619738132469
62.4164,62.4164,211.0,220.93755173882636,220.5293715962734,-51.377551738826355
62.4358,62.4358,214.0,220.90905041105592,220.50171146776412,-48.34905041105591
62.4553,62.4553,224.0,220.88040031021313,220.47390115781886,-38.32040031021313
62.4747,62.4747,211.0,220.85189540359906,220.4462260972224,-51.29189540359906
62.4942,62.4942,214.0,220.82324162223375,220.41840117429308,-48.26324162223375
62.5136,62.5136,212.0,220.794733323065,220.3907119697531,-50.234733323065
62.5331,62.5331,245.0,220.76607667186917,220.3628732261667,-17.20607667186917
62.5526,62.5526,250.0,220.73741885674772,220.3350278527022,-12.177418856747721
62.572,62.572,201.0,220.70890682394878,220.3073188943786,-61.14890682394878
62.5915,62.5915,226.0,220.68024713470277,220.27946089019594,-36.120247134702765
62.6109,62.6109,243.0,220.65173369885437,220.25173976030894,-19.09173369885437
62.6304,62.6304,216.0,220.6230726649443,220.22386991828873,-46.063072664944286
62.6498,62.6498,199.0,220.59455839776157,220.19613740575315,-63.03455839776157
62.6693,62.6693,260.0,220.56589705950873,220.1682565189744,-2.005897059508726
62.6888,62.6888,200.0,220.5372355447238,220.14037039410323,-61.97723554472381
62.7082,62.7082,223.0,220.50872125197853,220.1126222746225,-38.948721251978526
62.7277,62.7277,204.0,220.48006039271613,220.08472629597395,-57.920060392716124
62.7471,62.7471,224.0,220.45154694473987,220.05696876795216,-37.89154694473987
62.7666,62.7666,217.0,220.42288731608772,220.0290637290434,-44.86288731608772
62.786,62.786,181.0,220.39437553747248,220.00129758200578,-80.83437553747248
62.8055,62.8055,206.0,220.36571788234284,219.9733842765061,-55.80571788234283
62.825,62.825,249.0,220.3370613610961,219.94546712577645,-12.777061361096088
62.8444,62.8444,237.0,220.30855331685976,219.9176895218404,-24.748553316859756
62.8639,62.8639,207.0,220.27989985380486,219.88976529630085,-54.71989985380486
62.8833,62.8833,237.0,220.25139514090174,219.86198104878213,-24.691395140901733
62.9028,62.9028,218.0,220.22274535485764,219.83405054242485,-43.662745354857634
62.9222,62.9222,227.0,220.19424482975077,219.80626044129835,-34.63424482975077
62.9417,62.9417,222.0,220.16559944201492,219.7783244482216,-39.60559944201492
62.9612,62.9612,223.0,220.13695657582133,219.7503860035706,-38.57695657582133
62.9806,62.9806,228.0,220.1084634009853,219.72258859795596,-33.5484634009853
63.0001,63.0001,217.0,220.0798261738637,219.69464585892376,-44.51982617386369
63.0195,63.0195,240.0,220.05133865885747,219.6668445760583,-21.491338658857472
63.039,63.039,218.0,220.02270764847384,219.63889833695066,-43.46270764847384
63.0584,63.0584,235.0,219.99422675914377,219.61109396709818,-26.43422675914377
63.0779,63.0779,213.0,219.96560254803828,219.58314502228066,-48.405602548038274
63.0974,63.0974,231.0,219.9369821903127,219.5551950200545,-30.376982190312702
63.1168,63.1168,197.0,219.90851256895203,219.5273874996431,-64.34851256895203
63.1363,63.1363,207.0,219.8799001736977,219.4994359843602,-54.319900173697704
63.1557,63.1557,237.0,219.85143867439692,219.47162735384057,-24.291438674396915
63.1752,63.1752,224.0,219.82283520875356,219.4436751199587,-37.26283520875356
63.1946,63.1946,187.0,219.79438285382673,219.41586616972305,-74.23438285382673
63.2141,63.2141,218.0,219.76578871542026,219.38791401171375,-43.205788715420255
63.2336,63.2336,200.0,219.737199589189,219.35996219068758,-61.177199589189
63.253,63.253,217.0,219.7087623033992,219.33215424449665,-44.148762303399195
63.2725,63.2725,208.0,219.68018365893764,219.3042036920685,-53.120183658937634
63.2919,63.2919,215.0,219.6517572008817,219.27639740316027,-46.09175720088169
63.3114,63.3114,205.0,219.62318992034474,219.24844891377842,-56.06318992034474
63.3308,63.3308,252.0,219.59477499266077,219.22064507251258,-9.034774992660772
63.3503,63.3503,199.0,219.5662198301026,219.19269944059297,-62.006219830102594
63.3697,63.3697,229.0,219.53781728517245,219.16489883729054,-31.97781728517245
63.3892,63.3892,218.0,219.50927470737588,219.1369568572035,-42.94927470737588
63.4087,63.4087,207.0,219.48073890313728,219.10901700661933,-53.92073890313728
63.4281,63.4281,206.0,219.45235621878652,219.08122274819084,-54.89235621878652
63.4476,63.4476,230.0,219.42383429080968,219.05328774190147,-30.863834290809677
63.467,63.467,241.0,219.39546567610586,219.02549869799884,-19.835465676105855
63.4865,63.4865,224.0,219.3669583335653,218.99756933020316,-36.80695833356529
63.5059,63.5059,202.0,219.3386047046249,218.96978629090842,-58.77860470462491
63.5254,63.5254,238.0,219.31011256464234,218.94186335571348,-22.750112564642336
63.5449,63.5449,207.0,219.28162852476217,218.91394394386623,-53.72162852476217
63.5643,63.5643,230.0,219.2532985610163,218.88617140241905,-30.69329856101629
63.5838,63.5838,214.0,219.22483095601467,218.85825961515292,-46.66483095601467
63.6032,63.6032,234.0,219.19651782116222,218.83049505407743,-26.636517821162215
63.6227,63.6227,197.0,219.16806730797353,218.8025916852127,-63.60806730797353
63.6421,63.6421,230.0,219.1397715770326,218.7748358941913,-30.579771577032602
63.6616,63.6616,243.0,219.1113390477094,218.74694173741025,-17.551339047709405
63.6811,63.6811,224.0,219.08291582003622,218.7190524971166,-36.52291582003622
63.7005,63.7005,230.0,219.0546477365954,218.69131135481572,-30.494647736595397
63.72,63.72,232.0,219.02624346196512,218.6634325178619,-28.46624346196512
63.7394,63.7394,231.0,218.9979947036008,218.6357021201784,-29.437994703600793
63.7589,63.7589,220.0,218.96961029112256,218.6078344798444,-40.40961029112256
63.7783,63.7783,203.0,218.94138155017063,218.58011561590035,-57.38138155017063
63.7978,63.7978,227.0,218.9130177751702,218.55225996528222,-33.3530177751702
63.8173,63.8173,229.0,218.88466445901147,218.52441062330274,-31.324664459011473
63.8367,63.8367,186.0,218.85646719374475,218.49671055600692,-74.29646719374475
63.8562,63.8562,217.0,218.8281356067416,218.46887439403275,-43.268135606741595
63.8756,63.8756,219.0,218.79996034330762,218.44118783343717,-41.239960343307615
63.8951,63.8951,221.0,218.7716512028239,218.41336564404656,-39.2116512028239
63.9145,63.9145,220.0,218.7434985646496,218.38569337855228,-40.1834985646496
63.934,63.934,244.0,218.71521256316157,218.3578859540936,-16.15521256316157
63.9535,63.9535,201.0,218.6869384754508,218.33008622915293,-59.1269384754508
63.9729,63.9729,203.0,218.6588212961199,218.3024369044446,-57.098821296119894
63.9924,63.9924,228.0,218.63057147393977,218.27465313351593,-32.070571473939765
64.0118,64.0118,234.0,218.602479045745,218.24702007486528,-26.04247904574501
64.0313,64.0313,247.0,218.57425423489505,218.2192530496639,-13.014254234895049
64.0507,64.0507,219.0,218.5461870243635,218.19163704459035,-40.98618702436349
64.0702,64.0702,234.0,218.51798814783183,218.16388755655524,-25.957988147831827
64.0897,64.0897,221.0,218.48980244933742,218.13614715736182,-38.929802449337416
64.1091,64.1091,199.0,218.46177459938886,218.10855823257762,-60.90177459938886
64.1286,64.1286,232.0,218.43361591453439,218.08083655817887,-27.873615914534383
64.148,64.148,218.0,218.40561531441418,218.05326665552192,-41.845615314414175
64.1675,64.1675,229.0,218.37748429432503,218.02556449660838,-30.817484294325027
64.1869,64.1869,210.0,218.34951166834045,217.99801440255558,-49.78951166834045
64.2064,64.2064,204.0,218.32140926800605,217.97033254949548,-55.76140926800605
64.2259,64.2259,206.0,218.29332127995565,217.94266117276203,-53.733321279955646
64.2453,64.2453,238.0,218.26539194237407,217.91514229302283,-21.705391942374064
64.2648,64.2648,207.0,218.23733378872095,217.88749240807707,-52.677333788720944
64.2842,64.2842,241.0,218.2094343447493,217.859995302684,-18.649434344749295
64.3037,64.3037,199.0,218.18140644912043,217.8323676990302,-60.62140644912043
64.3231,64.3231,226.0,218.15353779888866,217.80489315325727,-33.59353779888866
64.3426,64.3426,248.0,218.12554106609684,217.77728862003138,-11.565541066096841
64.3621,64.3621,215.0,218.09756022151223,217.7496959484947,-44.53756022151222
64.3815,64.3815,222.0,218.06973893563992,217.72225674473586,-37.509738935639916
64.401,64.401,211.0,218.04179044531386,217.69468832762462,-48.48179044531386
64.4204,64.4204,205.0,218.01400161242285,217.66727364601783,-54.45400161242284
64.4399,64.4399,223.0,217.98608618680095,217.63973027148873,-36.426086186800944
64.4593,64.4593,234.0,217.9583308627002,217.61234089594421,-25.398330862700192
64.4788,64.4788,208.0,217.93044925912,217.58482335173937,-51.370449259119994
64.4983,64.4983,186.0,217.90258495003047,217.5573190521803,-73.34258495003047
64.5177,64.5177,229.0,217.87488097127073,217.52996913918213,-30.314880971270725
64.5372,64.5372,242.0,217.84705176081215,217.50249185176577,-17.287051760812147
64.5566,64.5566,228.0,217.81938289069296,217.4751692037497,-31.25938289069296
64.5761,64.5761,211.0,217.7915894927789,217.44771971512355,-48.23158949277891
64.5955,64.5955,240.0,217.76395667235485,217.42042511447536,-19.20395667235485
64.615,64.615,206.0,217.73619974384692,217.3930042108262,-53.17619974384692
64.6345,64.6345,224.0,217.70846150237153,217.3655979320901,-35.14846150237153
64.6539,64.6539,188.0,217.68088417081245,217.33834690650764,-71.12088417081245
64.6734,64.6734,235.0,217.6531837034919,217.31097039214538,-24.09318370349189
64.6928,64.6928,200.0,217.62564420515818,217.2837493688368,-59.06564420515818
64.7123,64.7123,215.0,217.59798225610174,217.25640340382515,-44.03798225610174
64.7317,64.7317,219.0,217.57048157394513,217.22921316349118,-40.01048157394513
64.7512,64.7512,212.0,217.54285881337358,217.20189853230002,-46.98285881337358
64.7707,64.7707,249.0,217.51525612503906,217.17459990331656,-9.955256125039057
64.7901,64.7901,233.0,217.48781503044793,217.14745734171012,-25.92781503044793
64.8096,64.8096,228.0,217.46025269475894,217.12019122327996,-30.900252694758933
64.829,64.829,213.0,217.43285222081073,217.09308139513828,-45.87285222081073
64.8485,64.8485,261.0,217.40533121444486,217.06584857040608,2.1546687855551454
64.8679,64.8679,209.0,217.37797207962004,217.0387722545841,-49.817972079620034
64.8874,64.8874,211.0,217.35049310343598,217.0115735061414,-47.79049310343598
64.9069,64.9069,256.0,217.32303548769713,216.98439213394454,-2.763035487697124
64.9263,64.9263,179.0,217.29574004830502,216.95736759080984,-79.73574004830502
64.9458,64.9458,196.0,217.26832559275263,216.9302214687288,-62.70832559275263
64.9652,64.9652,227.0,217.24107353175182,216.90323238358621,-31.68107353175182
64.9847,64.9847,227.0,217.21370310777115,216.87612229277173,-31.65370310777115
65.0041,65.0041,233.0,217.18649514194027,216.84916944246993,-25.626495141940268
65.0236,65.0236,228.0,217.15916948813236,216.8220961634738,-30.59916948813236
65.0431,65.0431,232.0,217.13186653962833,216.79504163122215,-26.57186653962833
65.0625,65.0625,211.0,217.10472633202747,216.76814463702053,-47.544726332027466
65.082,65.082,211.0,217.07746934326738,216.74112808726443,-47.51746934326738
65.1014,65.1014,230.0,217.05037528590995,216.71426926835633,-28.49037528590995
65.1209,65.1209,206.0,217.02316505983518,216.6872914800915,-52.46316505983518
65.1403,65.1403,239.0,216.9961178995654,216.66047161115827,-19.436117899565403
65.1598,65.1598,235.0,216.96895513641778,216.6335333627351,-23.408955136417774
65.1793,65.1793,217.0,216.94181660103763,216.60661522773165,-41.38181660103763
65.1987,65.1987,217.0,216.91484125468656,216.57985528692032,-41.35484125468656
65.2182,65.2182,225.0,216.88775129213826,216.5529778590443,-33.32775129213826
65.2376,65.2376,209.0,216.86082497616042,216.52625880303913,-49.30082497616041
65.2571,65.2571,204.0,216.83378455616813,216.49942285896938,-54.273784556168124
65.2765,65.2765,200.0,216.80690778410758,216.472745460124,-58.24690778410758
65.296,65.296,237.0,216.77991776756897,216.44595177584816,-21.219917767568973
65.3155,65.3155,212.0,216.75295318814693,216.41917956756058,-46.19295318814693
65.3349,65.3349,250.0,216.7261524147706,216.39256615662285,-8.166152414770607
65.3544,65.3544,200.0,216.69923936353268,216.36583737178097,-58.13923936353268
65.3738,65.3738,221.0,216.6724902221095,216.33926754681073,-37.1124902221095
65.3933,65.3933,215.0,216.64562945884833,216.31258295961524,-43.08562945884833
65.4127,65.4127,233.0,216.6189327567303,216.2860574904777,-25.058932756730286
65.4322,65.4322,194.0,216.59212512458257,216.25941787439174,-64.03212512458256
65.4517,65.4517,242.0,216.56534432356304,216.23280109247244,-16.005344323563037
65.4711,65.4711,223.0,216.53872786369783,216.2063436579478,-34.97872786369783
65.4906,65.4906,227.0,216.51200136253289,216.17977300691348,-30.952001362532883
65.51,65.51,206.0,216.48543923320292,216.153361850604,-51.92543923320292
65.5295,65.5295,221.0,216.45876787459383,216.12683810201545,-36.89876787459383
65.5489,65.5489,224.0,216.43226097197075,216.10047399113705,-33.872260971970746
65.5684,65.5684,208.0,216.4056454837386,216.07399791577163,-49.84564548373859
65.5879,65.5879,227.0,216.37905829354406,216.04754602807776,-30.81905829354406
65.6073,65.6073,206.0,216.3526358451727,216.02125398459236,-51.7926358451727
65.6268,65.6268,212.0,216.32610567851626,215.9948509257782,-45.766105678516254
65.6462,65.6462,223.0,216.29974039827954,215.96860784327907,-34.73974039827954
65.6657,65.6657,221.0,216.2732682418786,215.9422543821041,-36.71326824187861
65.6851,65.6851,225.0,216.2469609290811,215.91606102499736,-32.686960929081096
65.7046,65.7046,214.0,216.220547411843,215.8897579293916,-43.660547411843
65.7241,65.7241,219.0,216.153280190829,215.8634803700051,-38.593280190829006
65.7435,65.7435,197.0,216.12713357385755,215.83736309830175,-60.56713357385755
65.763,65.763,239.0,216.10088199396475,215.81113705577968,-18.540881993964746
65.7824,65.7824,221.0,216.07479495938748,215.78507141779465,-36.51479495938747
65.8019,65.8019,229.0,216.04860381193524,215.75889765793377,-28.488603811935235
65.8213,65.8213,227.0,216.02257724333603,215.73288441510277,-30.46257724333603
65.8408,65.8408,219.0,215.9760102695341,215.70676370282405,-38.4160102695341
65.8603,65.8603,226.0,215.94994751153865,215.68066987007182,-31.38994751153865
65.8797,65.8797,232.0,215.92404908082938,215.65473671504026,-25.364049080829375
65.8992,65.8992,225.0,215.8980483846847,215.62869707656165,-32.3380483846847
65.9186,65.9186,227.0,215.87221231353843,215.60281821737894,-30.312212313538424
65.9381,65.9381,234.0,215.84627465711895,215.57683353584636,-23.286274657118952
65.9575,65.9575,242.0,215.82050162015656,215.55100973081707,-15.26050162015656
65.977,65.977,230.0,215.79462781635613,215.52508076798125,-27.234627816356124
65.9965,65.9965,208.0,215.7687862828185,215.49918002245502,-49.208786282818494
66.0159,66.0159,226.0,215.7431095225751,215.47344029116226,-31.18310952257511
66.0354,66.0354,223.0,215.71733303633607,215.44759640617787,-34.15733303633607
66.0548,66.0548,247.0,215.69172149415974,215.4219136217003,-10.131721494159734
66.0743,66.0743,197.0,215.6660109187993,215.39612735664448,-60.106010918799285
66.0937,66.0937,213.0,215.64046516346164,215.37050227399467,-44.08046516346164
66.1132,66.1132,212.0,215.61482128512174,215.34477438728612,-45.05482128512173
66.1326,66.1326,234.0,215.58934240735618,215.319207760507,-23.029342407356182
66.1521,66.1521,196.0,215.56376602533916,215.29353900958313,-61.00376602533916
66.1716,66.1716,234.0,215.538223872646,215.2679001872633,-22.978223872645998
66.191,66.191,210.0,215.51284677835653,215.2424227330384,-46.95284677835653
66.2105,66.2105,223.0,215.48737334385922,215.21684418176167,-33.927373343859216
66.2299,66.2299,219.0,215.46206502994835,215.19142706515157,-37.902065029948346
66.2494,66.2494,221.0,215.43666124200422,215.16590953984317,-35.87666124200422
66.2688,66.2688,210.0,215.41142265277657,215.1405535113922,-46.85142265277656
66.2883,66.2883,216.0,215.38608923514226,215.11509776595,-40.82608923514226
66.3078,66.3078,234.0,215.36079146229827,215.0896732732048,-22.800791462298264
66.3272,66.3272,214.0,215.3356590220855,215.0644103624552,-42.775659022085506
66.3467,66.3467,220.0,215.31043293230832,215.03904877943404,-36.750432932308314
66.3661,66.3661,231.0,215.28537222756935,215.01384882963617,-25.725372227569352
66.3856,66.3856,241.0,215.2602186884101,214.98855090760946,-15.700218688410104
66.405,66.405,214.0,215.2352304642661,214.96341466564854,-42.67523046426609
66.4245,66.4245,259.0,215.21015031231474,214.938181154813,2.349849687685264
66.444,66.444,231.0,215.1851072222383,214.91298021431209,-25.625107222238285
66.4634,66.4634,206.0,215.16022953888213,214.88794101596562,-50.60022953888213
66.4829,66.4829,241.0,215.1352610170219,214.86280561087077,-15.575261017021887
66.5023,66.5023,200.0,215.11045801041658,214.83783198380033,-56.55045801041658
66.5218,66.5218,191.0,215.08556508277763,214.81276286156557,-65.52556508277763
66.5412,66.5412,188.0,215.06083748529326,214.78785554883663,-68.50083748529326
66.5607,66.5607,222.0,215.03602080757568,214.7628534557961,-34.47602080757568
66.5802,66.5802,231.0,215.01124266889568,214.73788524398879,-25.451242668895674
66.5996,66.5996,203.0,214.98663004890125,214.71307888070876,-53.426630048901245
66.6191,66.6191,238.0,214.9619295120218,214.68817881642522,-18.40192951202181
66.6385,66.6385,198.0,214.93739453194814,214.66344062117034,-58.37739453194814
66.658,66.658,218.0,214.91277237108824,214.63860944788647,-38.352772371088236
66.6774,66.6774,205.0,214.88831587382717,214.61394015974176,-51.328315873827165
66.6969,66.6969,243.0,214.86377301027443,214.58917861976772,-13.303773010274426
66.7164,66.7164,223.0,214.83927023216935,214.56445226490325,-33.27927023216935
66.7358,66.7358,228.0,214.81493303323566,214.53988781111875,-28.25493303323566
66.7553,66.7553,210.0,214.7905107713545,214.51523220176568,-46.23051077135449
66.7747,66.7747,225.0,214.76625423007476,214.4907384986176,-31.206254230074762
66.7942,66.7942,238.0,214.74191342062485,214.46615437411253,-18.181913420624852
66.8136,66.8136,223.0,214.71773832434803,214.44173215654473,-33.15773832434803
66.8331,66.8331,216.0,214.6934798228753,214.4172202550121,-40.1334798228753
66.8526,66.8526,248.0,214.6692628718794,214.39274483515953,-8.109262871879395
66.872,66.872,237.0,214.64521163277752,214.36843131509548,-19.085211632777515
66.8915,66.8915,249.0,214.62107826391303,214.34402922404664,-7.061078263913032
66.9109,66.9109,231.0,214.59711057383294,214.31978902252996,-25.037110573832933
66.9304,66.9304,230.0,214.57306165633022,214.29546099532033,-26.013061656330223
66.9498,66.9498,218.0,214.54917843206528,214.271294842993,-37.98917843206527
66.9693,66.9693,242.0,214.52521495339104,214.2470416134001,-13.96521495339104
66.9888,66.9888,235.0,214.50129441713358,214.22282615446846,-20.941294417133577
67.0082,67.0082,216.0,214.47753961071973,214.1987725401759,-39.91753961071973
67.0277,67.0277,227.0,214.45370576968494,214.1746329780794,-28.893705769684942
67.0471,67.0471,223.0,214.4300375751528,214.15065523498217,-32.87003757515279
67.0666,67.0666,199.0,214.40629126690965,214.1265923002938,-56.846291266909645
67.086,67.086,194.0,214.38271059816657,214.1026911545713,-61.822710598166566
67.1055,67.1055,202.0,214.3590526750535,214.07870557655997,-53.7990526750535
67.125,67.125,234.0,214.33543938481816,214.05475905031824,-21.775439384818156
67.1444,67.1444,230.0,214.31199180039022,214.03097425970472,-25.751991800390215
67.1639,67.1639,217.0,214.2884682480776,214.00710618250312,-38.728468248077604
67.1833,67.1833,233.0,214.2651102747958,213.9833997999073,-22.7051102747958
67.2028,67.2028,201.0,214.24167730003768,213.9596108976949,-54.68167730003768
67.2222,67.2222,210.0,214.21841000959446,213.93598364467294,-45.65841000959446
67.2417,67.2417,216.0,214.19506857568052,213.91227464204843,-39.63506857568052
67.2612,67.2612,216.0,214.17177344193843,213.8886059641458,-39.611773441938425
67.2806,67.2806,204.0,214.14864380466548,213.8650988590053,-51.58864380466548
67.3001,67.3001,231.0,214.12544144340484,213.8415111659559,-24.565441443404836
67.3195,67.3195,216.0,214.10240468405715,213.8180849892673,-39.542404684057146
67.339,67.339,238.0,214.0792961003642,213.79457900223468,-17.519296100364187
67.3584,67.3584,195.0,214.05635300179947,213.7712344707703,-60.49635300179946
67.3779,67.3779,202.0,214.03333913947773,213.74781090952163,-53.47333913947773
67.3974,67.3974,201.0,214.01037300779677,213.72442893750733,-54.45037300779677
67.4168,67.4168,212.0,213.9875724075725,213.70120832155072,-43.427572407572484
67.4363,67.4363,257.0,213.96470243278242,213.67790985324538,1.5952975672175853
67.4557,67.4557,217.0,213.94199782360997,213.65477266922417,-38.381997823609964
67.4752,67.4752,213.0,213.91922475867622,213.63155842084439,-42.35922475867622
67.4946,67.4946,234.0,213.89661707399745,213.60850538058625,-21.336617073997445
67.5141,67.5141,240.0,213.87394195750448,213.58537606690606,-15.313941957504483
67.5336,67.5336,238.0,213.85131624438637,213.56228959824955,-17.291316244386365
67.553,67.553,210.0,213.8288557947876,213.5393642151346,-45.268855794787584
67.5725,67.5725,228.0,213.80632936276098,213.51636375152006,-27.246329362760974
67.5919,67.5919,211.0,213.7839682403801,213.4935242863107,-44.22396824038009
67.6114,67.6114,230.0,213.76154205358338,213.47061053884605,-25.20154205358338
67.6308,67.6308,232.0,213.7392810569815,213.44785769826473,-23.179281056981495
67.6503,67.6503,226.0,213.7169559920272,213.4250313765694,-29.156955992027207
67.6698,67.6698,197.0,213.69468216276232,213.40224914668045,-58.13468216276232
67.6892,67.6892,224.0,213.6725732829011,213.3796276780424,-31.11257328290111
67.7087,67.7087,196.0,213.6504020208417,213.35693393643993,-59.09040202084171
67.7281,67.7281,226.0,213.62839575672496,213.3344008536016,-29.068395756724954
67.7476,67.7476,213.0,213.60632795865797,213.3117963061237,-42.04632795865797
67.767,67.767,234.0,213.58442529927828,213.2893523105417,-21.024425299278278
67.7865,67.7865,216.0,213.56246200993033,213.2668376614915,-39.002462009930326
67.806,67.806,236.0,213.54055156537692,213.24436834174026,-18.980551565376913
67.8254,67.8254,226.0,213.51880603953185,213.2220594052216,-28.95880603953185
67.8449,67.8449,201.0,213.49700159709295,213.19968103834756,-53.937001597092944
67.8643,67.8643,223.0,213.47536203533434,213.17746293688438,-31.91536203533434
67.8838,67.8838,234.0,213.45366441894228,213.15517622329412,-20.89366441894228
67.9032,67.9032,219.0,213.43213176101574,213.13304965291636,-35.87213176101574
67.9227,67.9227,214.0,213.41054218332144,213.1108552914354,-40.85054218332144
67.9422,67.9422,211.0,213.38900707510538,213.0887074871724,-43.82900707510538
67.9616,67.9616,220.0,213.36763687530225,213.06671963445334,-34.80763687530225
67.9811,67.9811,232.0,213.34621121687567,213.044665228439,-22.78621121687567
68.0005,68.0005,234.0,213.32495027504382,213.02277064083012,-20.764950275043816
68.02,68.02,191.0,213.30363512579297,213.00081032787793,-63.74363512579296
68.0394,68.0394,213.0,213.28248467204955,212.97900969582184,-41.722484672049546
68.0589,68.0589,238.0,213.2612810098108,212.95714416911818,-16.7012810098108
68.0784,68.0784,196.0,213.240133572574,212.93532641769443,-58.68013357257399
68.0978,68.0978,235.0,213.2191507103218,212.9136681325232,-19.659150710321796
68.1173,68.1173,212.0,213.19811634977864,212.89194620493475,-42.63811634977864
68.1367,68.1367,217.0,213.17724641330724,212.87038359516467,-37.61724641330724
68.1562,68.1562,228.0,213.15632617471627,212.84875818047044,-26.596326174716268
68.1756,68.1756,221.0,213.13557028137984,212.82729193079612,-33.57557028137984
68.1951,68.1951,212.0,213.1147650190905,212.8057637163819,-42.554765019090496
68.2146,68.2146,211.0,213.09401791801378,212.784284485169,-43.534017918013774
68.234,68.234,231.0,213.0734351554085,212.76296418139185,-23.5134351554085
68.2535,68.2535,227.0,213.05280479749746,212.74158317925063,-27.492804797497456
68.2729,68.2729,215.0,213.03233858334343,212.72036094083933,-39.47233858334343
68.2924,68.2924,209.0,213.01182589610008,212.6990788509126,-45.451825896100075
68.3118,68.3118,216.0,212.9914774519379,212.67795535665311,-38.431477451937894
68.3313,68.3313,247.0,212.97108375071548,212.65677286036453,-7.411083750715477
68.3508,68.3508,216.0,212.9507499972625,212.6356405447746,-38.3907499972625
68.3702,68.3702,236.0,212.93058024935527,212.61466656436627,-18.37058024935527
68.3897,68.3897,215.0,212.9103669446455,212.59363486216859,-39.35036694464549
68.4091,68.4091,230.0,212.89031780783387,212.57276131620193,-24.330317807833865
68.4286,68.4286,212.0,212.87022610267084,212.5518309044619,-42.31022610267084
68.448,68.448,217.0,212.85029836878692,212.5310584656535,-37.29029836878692
68.4675,68.4675,215.0,212.8303294537283,212.51023001967087,-39.270329453728294
68.487,68.487,238.0,212.81042260843645,212.4894529411769,-16.250422608436452
68.5064,68.5064,226.0,212.7906794856091,212.46883355227058,-28.2306794856091
68.5259,68.5259,213.0,212.77089692592887,212.44815945000812,-41.210896925928864
68.5453,68.5453,237.0,212.75127821688554,212.42764284316792,-17.191278216885536
68.5648,68.5648,243.0,212.7316214494375,212.40707238796327,-11.17162144943751
68.5842,68.5842,245.0,212.71212819184203,212.38665922967573,-9.152128191842024
68.6037,68.6037,236.0,212.69259818881628,212.36619309054365,-18.132598188816274
68.6232,68.6232,224.0,212.67313209420348,212.3457794946992,-30.11313209420348
68.6426,68.6426,227.0,212.6538296111421,212.3255228896169,-27.093829611142098
68.6621,68.6621,222.0,212.6344921380414,212.30521461079664,-32.07449213804139
68.6815,68.6815,194.0,212.61531829016667,212.28506311339075,-60.05531829016667
68.701,68.701,204.0,212.5961106446685,212.26486081602033,-50.0361106446685
68.7204,68.7204,230.0,212.57706644104329,212.2448150863868,-24.017066441043283
68.7399,68.7399,238.0,212.55798989891358,212.22471943303418,-15.997989898913573
68.7594,68.7594,197.0,212.53897934471624,212.20467748749383,-56.97897934471624
68.7788,68.7788,213.0,212.52013222232057,212.18479178077646,-40.96013222232057
68.7983,68.7983,211.0,212.50125466016664,212.16485747044064,-42.941254660166635
68.8177,68.8177,205.0,212.48254043168865,212.14507917443353,-48.922540431688645
68.8372,68.8372,225.0,212.4637969375012,212.12525315716576,-28.9037969375012
68.8566,68.8566,204.0,212.44521702386984,212.10558292541347,-49.88521702386984
68.8761,68.8761,215.0,212.42660899388838,212.08586585717353,-38.86660899388838
68.8955,68.8955,244.0,212.40816433395432,212.0663043413199,-9.848164333954315
68.915,68.915,221.0,212.3896931897206,212.04669687615052,-32.82969318972059
68.9345,68.9345,218.0,212.3712912534875,212.02714459889665,-35.8112912534875
68.9539,68.9539,229.0,212.35305242738931,212.0077475159395,-24.793052427389313
68.9734,68.9734,229.0,212.33478906299223,211.9883058200328,-24.774789062992227
68.9928,68.9928,203.0,212.3166889943145,211.9690190745129,-50.75668899431449
69.0123,69.0123,209.0,212.29856589202174,211.9496886091433,-44.73856589202174
69.0317,69.0317,229.0,212.2806059772015,211.9305128459466,-24.7206059772015
69.0512,69.0512,214.0,212.26262455668618,211.9112942583411,-39.702624556686175
69.0707,69.0707,234.0,212.24471447935275,211.89213199634236,-19.68471447935275
69.0901,69.0901,224.0,212.22696757985676,211.873124055803,-29.66696757985676
69.1096,69.1096,210.0,212.20920126892693,211.85407463952578,-43.64920126892693
69.129,69.129,246.0,212.19159816361335,211.8351792857437,-7.631598163613347
69.1485,69.1485,235.0,212.17397703530156,211.8162433574467,-18.61397703530156
69.1679,69.1679,224.0,212.15651895987637,211.7974612283892,-29.596518959876363
69.1874,69.1874,220.0,212.1390443686432,211.778639428322,-33.579044368643196
69.2069,69.2069,248.0,212.12164412605424,211.7598750793471,-5.561644126054233
69.2263,69.2263,238.0,212.10440677622677,211.74126412634052,-15.544406776226765
69.2458,69.2458,210.0,212.08715531937634,211.72261486299126,-43.527155319376334
69.2652,69.2652,222.0,212.07006695610255,211.70411872163697,-31.51006695610255
69.2847,69.2847,223.0,212.0529658585222,211.6855851790793,-30.49296585852221
69.3041,69.3041,207.0,212.0360282194364,211.66720448026533,-46.47602821943639
69.3236,69.3236,244.0,212.01907920639422,211.64878729160992,-9.459079206394222
69.3431,69.3431,197.0,212.0022071960863,211.63042866704308,-56.44220719608629
69.3625,69.3625,228.0,211.98549826822773,211.61222246046177,-25.425498268227727
69.382,69.382,249.0,211.96878091287917,211.59398113638892,-4.408780912879166
69.4014,69.4014,211.0,211.95222661121483,211.57589194136722,-42.392226611214824
69.4209,69.4209,227.0,211.9356651712623,211.55776854570018,-26.375665171262284
69.4403,69.4403,204.0,211.91926710926873,211.53979698588608,-49.35926710926873
69.4598,69.4598,225.0,211.9028638892132,211.52179214443518,-28.34286388921319
69.4793,69.4793,231.0,211.88654042289264,211.50384696729637,-22.326540422892634
69.4987,69.4987,221.0,211.87038018067574,211.48605317784012,-32.310380180675736
69.5182,69.5182,217.0,211.85421713241504,211.46822749046254,-36.29421713241504
69.5376,69.5376,235.0,211.83821755288096,211.45055288692302,-18.27821755288096
69.5571,69.5571,225.0,211.82221704643422,211.43284730980272,-28.262217046434216
69.5765,69.5765,252.0,211.80638015427718,211.41529250842723,-1.2463801542771762
69.596,69.596,235.0,211.79054389438423,211.39770765991267,-18.230543894384226
69.6155,69.6155,265.0,211.77479059894185,211.3801835628776,11.785209401058154
69.6349,69.6349,211.0,211.75920097636305,211.36280977108404,-42.199200976363045
69.6544,69.6544,236.0,211.74361516232483,211.34540732691082,-17.183615162324827
69.6738,69.6738,206.0,211.7281928659891,211.32815486927828,-47.168192865989084
69.6933,69.6933,196.0,211.71277601440923,211.3108746908856,-57.15277601440923
69.7127,69.7127,252.0,211.69752302510682,211.29374417610006,-1.137523025106816
69.7322,69.7322,268.0,211.68227718466684,211.27658687421302,14.877722815333158
69.7517,69.7517,198.0,211.6671180725488,211.25949139763318,-55.107118072548786
69.7711,69.7711,200.0,211.65212324238013,211.24254509190794,-53.092123242380126
69.7906,69.7906,240.0,211.63713855257882,211.22557340455836,-13.077138552578816
69.81,69.81,247.0,211.62231811118096,211.20875055456298,-6.062318111180957
69.8295,69.8295,253.0,211.60751008218924,211.19190326162368,-0.047510082189234026
69.8489,69.8489,226.0,211.59286640606837,211.17520446832214,-27.032866406068365
69.8684,69.8684,252.0,211.5782367988623,211.15848217273313,-1.01823679886229
69.8879,69.8879,232.0,211.56369786047952,211.141822762656,-21.00369786047952
69.9073,69.9073,225.0,211.5493237585456,211.1253113373028,-27.989323758545595
69.9268,69.9268,220.0,211.53496730806526,211.10877782552666,-32.97496730806526
69.9462,69.9462,224.0,211.5207756881515,211.09239195023432,-28.9607756881515
69.9657,69.9657,208.0,211.5066035748915,211.0759849340389,-44.9466035748915
69.9851,69.9851,219.0,211.49259687607696,211.05972520188857,-33.93259687607696
70.0046,70.0046,223.0,211.47861213708325,211.04344527626756,-29.918612137083244
70.0241,70.0241,225.0,211.46472235650558,211.02722928245632,-27.904722356505573
70.0435,70.0435,227.0,211.45099818643806,211.01116003570755,-25.890998186438054
70.063,70.063,223.0,211.4372990528807,210.99507202140498,-29.877299052880687
70.0824,70.0824,248.0,211.42376675504346,210.9791303912473,-4.863766755043457
70.1019,70.1019,177.0,211.41026132255655,210.96317094567138,-75.85026132255655
70.1213,70.1213,230.0,211.39692272062663,210.94735751714262,-22.83692272062663
70.1408,70.1408,234.0,211.3836141169718,210.93152722717903,-18.82361411697181
70.1603,70.1603,221.0,211.37040482844694,210.91576190113315,-31.810404828446934
70.1797,70.1797,229.0,211.35736301597663,210.90014203317952,-23.79736301597663
70.1992,70.1992,246.0,211.3443551244345,210.88450673942137,-6.784355124434484
70.2186,70.2186,221.0,211.3315146459705,210.86901652622603,-31.771514645970484
70.2381,70.2381,230.0,211.31871052525642,210.85351184575018,-22.75871052525642
70.2575,70.2575,208.0,211.30607445527033,210.83815186414688,-44.74607445527033
70.277,70.277,226.0,211.29347759384365,210.8227783755697,-26.733477593843645
70.2965,70.2965,216.0,211.2809852433933,210.80747086854456,-36.7209852433933
70.3159,70.3159,206.0,211.26866210098515,210.79230747956592,-46.70866210098515
70.3354,70.3354,238.0,211.2563820440679,210.7771320286134,-14.696382044067889
70.3548,70.3548,229.0,211.2442715280375,210.76210030363444,-23.6842715280375
70.3743,70.3743,212.0,211.23220711267498,210.7470574813644,-40.67220711267498
70.3937,70.3937,214.0,211.2203126221401,210.73215798885403,-38.66031262214011
70.4132,70.4132,232.0,211.20846666211415,210.71724836545187,-20.648466662114146
70.4327,70.4327,192.0,211.19673210285296,210.70240572647913,-60.63673210285296
70.4521,70.4521,206.0,211.18516881142006,210.68770581467422,-46.62516881142005
70.4716,70.4716,232.0,211.17365917633114,210.67299722599944,-20.61365917633114
70.491,70.491,212.0,211.16232128659678,210.6584309579472,-40.602321286596776
70.5105,70.5105,209.0,211.15103956015523,210.64385698363392,-43.591039560155224
70.5299,70.5299,231.0,211.13993098533675,210.62942491927797,-21.579930985336745
70.5494,70.5494,223.0,211.12888243415702,210.61498612091916,-29.56888243415702
70.5689,70.5689,236.0,211.11795176961655,210.60061529482655,-16.55795176961655
70.5883,70.5883,225.0,211.1071953735952,210.5863857544435,-27.5471953735952
70.6078,70.6078,237.0,211.09650346079684,210.57215094274915,-15.536503460796837
70.6272,70.6272,223.0,211.08598699086946,210.55805699582092,-29.525986990869455
70.6467,70.6467,230.0,211.075538925599,210.5439587538805,-22.515538925599003
70.6661,70.6661,219.0,211.0652673994141,210.53000095166453,-33.505267399414095
70.6856,70.6856,213.0,211.05506756985258,210.51603983231706,-39.49506756985258
70.7051,70.7051,235.0,211.04499362457764,210.50214765774874,-17.48499362457764
70.7245,70.7245,223.0,211.03509879917152,210.4883952771152,-29.47509879917152
70.744,70.744,218.0,211.02528051518172,210.47464105035482,-34.46528051518172
70.7634,70.7634,229.0,211.0156419444845,210.46102618226465,-23.455641944484512
70.7829,70.7829,221.0,211.00608506074283,210.44741044979858,-31.44608506074283
70.8023,70.8023,207.0,210.99670878039413,210.43393363666252,-45.43670878039413
70.8218,70.8218,220.0,210.98741864521077,210.42045694241432,-32.427418645210764
70.8413,70.8413,193.0,210.97826338468602,210.4070501498507,-59.418263384686014
70.8607,70.8607,231.0,210.96929138124406,210.39378160940407,-21.40929138124406
70.8802,70.8802,224.0,210.9604117702856,210.38051466680201,-28.400411770285586
70.8996,70.8996,247.0,210.9517165075677,210.3673855268113,-5.391716507567708
70.9191,70.9191,212.0,210.94311845978208,210.3542589716264,-40.38311845978208
70.9385,70.9385,216.0,210.93470624783413,210.34126976549476,-36.374706247834126
70.958,70.958,226.0,210.92639506313154,210.32828413257357,-26.366395063131534
70.9775,70.9775,223.0,210.91823112708423,210.31536934235154,-29.358231127084224
70.9969,70.9969,217.0,210.9102564236373,210.30259121266914,-35.35025642363729
71.0164,71.0164,212.0,210.90239047125468,210.28981814274084,-40.342390471254674
71.0358,71.0358,226.0,210.89471542318927,210.27718126968813,-26.334715423189266
71.0553,71.0553,244.0,210.88715420634912,210.26455044831675,-8.327154206349121
71.0747,71.0747,245.0,210.87978655089518,210.25205535612875,-7.319786550895174
71.0942,71.0942,235.0,210.87253899191327,210.23956730892237,-17.31253899191327
71.1137,71.1137,217.0,210.86545087306018,210.22715102925528,-35.30545087306018
71.1331,71.1331,197.0,210.85855943532258,210.21486976908466,-55.298559435322574
71.1526,71.1526,197.0,210.8517958124416,210.20259704765635,-55.29179581244159
71.172,71.172,223.0,210.84523299745052,210.19045886798799,-29.28523299745052
71.1915,71.1915,205.0,210.83880307449803,210.17833022370783,-47.27880307449803
71.2109,71.2109,235.0,210.83257568722618,210.1663356394479,-17.27257568722618
71.2304,71.2304,202.0,210.82648911638873,210.154351588524,-50.266489116388726
71.2499,71.2499,212.0,210.8205773270274,210.14244021352184,-40.26057732702739
71.2693,71.2693,218.0,210.8148727717094,210.13066216781098,-34.25487277170939
71.2888,71.2888,220.0,210.80931949257385,210.11889615604017,-32.249319492573846
71.3082,71.3082,189.0,210.80397563134528,210.10726298184017,-63.24397563134528
71.3277,71.3277,200.0,210.7987898384204,210.09564284269467,-52.23878983842039
71.3471,71.3471,201.0,210.79381738612423,210.08415504542234,-51.23381738612423
71.3666,71.3666,218.0,210.7890109087836,210.07268128554884,-34.22901090878361
71.3861,71.3861,226.0,210.78439755437026,210.06128109323805,-26.224397554370256
71.4055,71.4055,221.0,210.78000400205792,210.05001249116552,-31.22000400205792
71.425,71.425,232.0,210.7757880120634,210.03875943356067,-20.2157880120634
71.4444,71.4444,204.0,210.77179567601266,210.0276374605813,-48.211795676012656
71.4639,71.4639,214.0,210.76798903963203,210.01653203739951,-38.207989039632025
71.4833,71.4833,215.0,210.76440999552975,210.00555718927967,-37.204409995529744
71.5028,71.5028,236.0,210.76102521306606,209.99459989744457,-16.20102521306606
71.5223,71.5223,233.0,210.75785847684386,209.98371704778847,-19.197858476843862
71.5417,71.5417,219.0,210.75492729768246,209.97296400079372,-33.194927297682455
71.5612,71.5612,200.0,210.75220502008148,209.96223002323467,-52.192205020081474
71.5806,71.5806,250.0,210.74972312372924,209.95162532892616,-2.1897231237292374
71.6001,71.6001,206.0,210.74745991538367,209.94104071334286,-46.18745991538367
71.6195,71.6195,237.0,210.74544524907824,209.93058485767628,-15.185445249078242
71.639,71.639,210.0,210.74365865729638,209.92015009110784,-42.18365865729638
71.6584,71.6584,213.0,210.74212522220705,209.90984355720715,-39.18212522220705
71.6779,71.6779,229.0,210.74083376909525,209.89955912383994,-23.180833769095244
71.6974,71.6974,232.0,210.73979599558112,209.88935023159766,-20.179795995581117
71.7168,71.7168,197.0,210.73902332288694,209.87926877313902,-55.179023322886934
71.7363,71.7363,224.0,210.73850838345004,209.86921093561472,-28.178508383450037
71.7557,71.7557,206.0,210.73826418409791,209.85927999486796,-46.17826418409791
71.7752,71.7752,234.0,210.73829367646576,209.8493736890547,-18.178293676465756
71.7946,71.7946,250.0,210.73860090355328,209.8395937391264,-2.1786009035532743
71.8141,71.8141,254.0,210.73919673650428,209.82983943911842,1.8208032634957192
71.8336,71.8336,202.0,210.74008281321318,209.82016151487528,-50.180082813213176
71.853,71.853,235.0,210.74126091313792,209.8106091272041,-17.18126091313792
71.8725,71.8725,217.0,210.74274953940906,209.80108391504515,-35.18274953940906
71.8919,71.8919,252.0,210.7445393989365,209.7916836888809,-0.18453939893649363
71.9114,71.9114,206.0,210.74665551385868,209.78231165559183,-46.18665551385868
71.9308,71.9308,213.0,210.74908244581795,209.77306405386298,-39.189082445817945
71.9503,71.9503,226.0,210.75185264721932,209.76384566328417,-26.19185264721932
71.9698,71.9698,213.0,210.75496354570996,209.754704465154,-39.19496354570995
71.9892,71.9892,185.0,210.75840266910438,209.74568685899675,-67.19840266910438
72.0087,72.0087,234.0,210.76221553864283,209.73669999437556,-18.202215538642832
72.0281,72.0281,227.0,210.76636830624133,209.72783615768287,-25.20636830624133
72.0476,72.0476,209.0,210.7709130400131,209.71900408298725,-43.21091304001311
72.067,72.067,191.0,210.77581610847983,209.71029446834882,-61.21581610847983
72.0865,72.0865,218.0,210.7811309684185,209.7016176370041,-34.22113096841849
72.106,72.106,231.0,210.78684754490456,209.6930187965521,-21.226847544904558
72.1254,72.1254,231.0,210.79294116006503,209.68454155645446,-21.232941160065025
72.1449,72.1449,213.0,210.79948508083882,209.67609863442937,-39.23948508083882
72.1643,72.1643,234.0,210.80642703994752,209.6677767353538,-18.24642703994752
72.1838,72.1838,235.0,210.8138426733684,209.65949017764152,-17.25384267336841
72.2032,72.2032,230.0,210.82167214594773,209.65132406167828,-22.261672145947728
72.2227,72.2227,223.0,210.8300080245217,209.64319431112756,-29.2700080245217
72.2422,72.2422,228.0,210.838821199008,209.63514333139057,-24.278821199008007
72.2616,72.2616,206.0,210.8480813808445,209.6272119137476,-46.28808138084449
72.2811,72.2811,220.0,210.85788995739244,209.61931840028288,-32.29788995739244
72.3005,72.3005,237.0,210.86816497418434,209.6115438582569,-15.308164974184336
72.32,72.32,239.0,210.8790275735037,209.60380824625838,-13.31902757350369
72.3394,72.3394,238.0,210.89037931394867,209.5961910112794,-14.330379313948669
72.3589,72.3589,210.0,210.90235672461515,209.5886137328576,-42.34235672461514
72.3784,72.3784,226.0,210.91491354500158,209.58111598636404,-26.35491354500158
72.3978,72.3978,229.0,210.9280025192552,209.57373571745038,-23.368002519255185
72.4173,72.4173,212.0,210.94177725692148,209.5663969474366,-40.38177725692148
72.4367,72.4367,244.0,210.95611420254906,209.55917505120954,-8.396114202549057
72.4562,72.4562,221.0,210.97118060248636,209.55199568201587,-31.411180602486354
72.4756,72.4756,217.0,210.98684107464783,209.54493257908462,-35.426841074647825
72.4951,72.4951,235.0,211.00327886482532,209.53791303192193,-17.443278864825317
72.5146,72.5146,230.0,211.0204412676255,209.53097375871192,-22.460441267625498
72.534,72.534,221.0,211.0382559626054,209.52414983271197,-31.478255962605402
72.5535,72.5535,251.0,211.05693099610286,209.51737100798582,-1.4969309961028614
72.5729,72.5729,220.0,211.07629862442482,209.51070691365433,-32.51629862442482
72.5924,72.5924,215.0,211.09658578577296,209.50408895073727,-37.53658578577296
72.6118,72.6118,224.0,211.11762059430464,209.49758509770186,-28.557620594304638
72.6313,72.6313,195.0,211.13963617727887,209.49112840674363,-57.57963617727887
72.6508,72.6508,214.0,211.16256744426835,209.48475271238897,-38.602567444268345
72.6702,72.6702,240.0,211.18631701791816,209.4784901894273,-12.626317017918154
72.6897,72.6897,226.0,211.21116386336928,209.47227637679168,-26.651163863369277
72.7091,72.7091,230.0,211.23689807985903,209.4661751058298,-22.67689807985903
72.7286,72.7286,206.0,211.26380730317337,209.46012357706198,-46.70380730317336
72.748,72.748,214.0,211.2916641437253,209.4541839565853,-38.73166414372531
72.7675,72.7675,217.0,211.32079798883086,209.44829511061218,-35.76079798883086
72.787,72.787,208.0,211.35111175829635,209.4424879642365,-44.79111175829635
72.8064,72.8064,222.0,211.3824799361389,209.4367917684079,-30.822479936138905
72.8259,72.8259,210.0,211.41527661137107,209.4311478976521,-42.85527661137107
72.8453,72.8453,231.0,211.44922016180195,209.42561433494157,-21.889220161801944
72.8648,72.8648,226.0,211.48471510180264,209.42013413061628,-26.924715101802633
72.8842,72.8842,204.0,211.52145056808547,209.41476358820654,-48.96145056808547
72.9037,72.9037,206.0,211.5598656403307,209.40944743785445,-46.99986564033071
72.9232,72.9232,218.0,211.59983195935018,209.40421367015338,-35.03983195935018
72.9426,72.9426,219.0,211.64120684257054,209.39908858755297,-34.08120684257054
72.9621,72.9621,216.0,211.6844876717076,209.3940194494727,-37.124487671707584
72.9815,72.9815,228.0,211.72930179881808,209.3890583413332,-25.169301798818083
73.001,73.001,218.0,211.77619005522553,209.3841542121848,-35.216190055225525
73.0204,73.0204,240.0,211.82474993811138,209.3793574542252,-13.264749938111379
73.0399,73.0399,224.0,211.87557152773428,209.3746187100056,-29.315571527734278
73.0594,73.0594,228.0,211.92851720521477,209.36996301126663,-25.368517205214772
73.0788,73.0788,189.0,211.98337968681042,209.3654136880203,-64.42337968681042
73.0983,73.0983,215.0,212.04084169489687,209.36092393243771,-38.48084169489687
73.1177,73.1177,240.0,212.10041670334815,209.356539884657,-13.540416703348143
73.1372,73.1372,223.0,212.16283793565535,209.3522164398807,-30.602837935655344
73.1566,73.1566,220.0,212.22761276069338,209.3479980316602,-33.66761276069337
73.1761,73.1761,265.0,212.29550891519972,209.34384126198,11.264491084800284
73.1956,73.1956,214.0,212.36637019544509,209.33976818010265,-39.80637019544508
73.215,73.215,220.0,212.43994828527366,209.33579912039733,-33.879948285273656
73.2345,73.2345,240.0,212.51718200403337,209.33189325418107,-13.95718200403337
73.2539,73.2539,228.0,212.59743092040904,209.32809073004512,-26.037430920409037
73.2734,73.2734,217.0,212.68171395441243,209.32435243531728,-37.12171395441243
73.2928,73.2928,219.0,212.7693756125388,209.3207167990605,-35.20937561253879
73.3123,73.3123,208.0,212.86153519734154,209.3171464282422,-46.301535197341536
73.3318,73.3318,217.0,212.95798047268505,209.31366036675797,-37.39798047268505
73.3512,73.3512,232.0,213.05840963516312,209.31027593087168,-22.498409635163114
73.3707,73.3707,242.0,213.16412796166352,209.30695831595702,-12.604127961663522
73.3901,73.3901,228.0,213.2743455448743,209.30374163428053,-26.714345544874305
73.4096,73.4096,248.0,213.39050613452775,209.3005928097786,-6.830506134527752
73.429,73.429,247.0,213.51173545249588,209.29754422267615,-7.951735452495882
73.4485,73.4485,253.0,213.63964176642077,209.29456452897776,-2.079641766420764
73.468,73.468,212.0,213.77397749103582,209.2916697450705,-43.21397749103582
73.4874,73.4874,204.0,213.914441298283,209.28887414740248,-51.35444129828301
73.5069,73.5069,204.0,214.06293223713956,209.2861489988114,-51.50293223713956
73.5263,73.5263,236.0,214.2183943780216,209.28352233196776,-19.658394378021598
73.5458,73.5458,237.0,214.38296023245945,209.28096715039038,-18.82296023245945
73.5652,73.5652,233.0,214.55549141385416,209.27850974262898,-22.995491413854154
73.5847,73.5847,221.0,214.73838647479118,209.27612485626435,-35.17838647479118
73.6042,73.6042,205.0,214.93150397168483,209.27382545879,-51.37150397168483
73.6236,73.6236,197.0,215.13444291857283,209.27162276589132,-59.57444291857283
73.6431,73.6431,224.0,215.35013886725417,209.2694941497524,-32.79013886725417
73.6625,73.6625,216.0,215.57721519918874,209.26746152170404,-41.01721519918874
73.682,73.682,255.0,215.81901916661982,209.26550400629102,-2.2590191666198223
73.7014,73.7014,231.0,216.07404997450715,209.26364175908392,-26.514049974507145
73.7209,73.7209,221.0,216.34610130424625,209.26185566024253,-36.786101304246245
73.7404,73.7404,234.0,216.63522758155668,209.26015560774943,-24.075227581556675
73.7598,73.7598,224.0,216.94114306295265,209.25854973635265,-34.381143062952646
73.7793,73.7793,202.0,217.26860597217748,209.2570215679215,-56.70860597217748
73.7987,73.7987,223.0,217.6158640694389,209.25558685225,-36.05586406943891
73.8182,73.8182,223.0,217.988396640677,209.25423087480257,-36.42839664067699
73.8376,73.8376,247.0,218.3845120241536,209.25296761841958,-12.824512024153591
73.8571,73.8571,201.0,218.81063239130557,209.25178413528684,-59.25063239130557
73.8766,73.8766,213.0,219.26737183734357,209.2506872340355,-47.70737183734357
73.896,73.896,222.0,219.7549462506283,209.24968194908556,-39.194946250628306
73.9155,73.9155,251.0,220.2816257759829,209.24875799076443,-10.721625775982886
73.9349,73.9349,214.0,220.84567186134095,209.2479249087009,-48.285671861340944
73.9544,73.9544,229.0,221.4569946286813,209.24717418760156,-33.896994628681284
73.9738,73.9738,223.0,222.11367605818663,209.24651359939938,-40.553676058186625
73.9933,73.9933,248.0,222.8277284274657,209.2459364061765,-16.2677284274657
74.0128,74.0128,214.0,223.6014717567919,209.24544630816013,-51.04147175679191
74.0322,74.0322,231.0,224.43706288969855,209.24504522084388,-34.87706288969855
74.0517,74.0517,220.0,225.35043467878245,209.24472908020215,-46.79043467878245
74.0711,74.0711,251.0,226.34007285360178,209.24450119865725,-16.78007285360178
74.0906,74.0906,241.0,227.42554610060128,209.24435929689002,-27.86554610060128
74.11,74.11,267.0,228.60572226583417,209.24430489934235,-3.045722265834172
74.1295,74.1295,251.0,229.90452387903636,209.24433751426662,-20.34452387903636
74.149,74.149,246.0,231.32855751382195,209.24445771523068,-26.768557513821946
74.1684,74.1684,221.0,232.88413303306365,209.24466428100774,-53.324133033063646
74.1879,74.1879,227.0,234.60312296768623,209.24495940880163,-49.04312296768623
74.2073,74.2073,211.0,236.4847925426368,209.245340138396,-66.9247925426368
74.2268,74.2268,248.0,238.567813993264,209.24581046156646,-32.007813993263994
74.2462,74.2462,218.0,240.85034701295228,209.24636562029437,-64.29034701295228
74.2657,74.2657,247.0,243.37718439188154,209.24701140365903,-37.81718439188154
74.2852,74.2852,219.0,246.15958011994667,209.24774524112166,-68.59958011994667
74.3046,74.3046,216.0,249.20158694529522,209.24856275775414,-74.64158694529522
74.3241,74.3241,244.0,252.55433799026494,209.24947244594705,-49.99433799026494
74.3435,74.3435,218.0,256.1972602009797,209.25046503904136,-79.63726020097971
74.363,74.363,258.0,260.1753612233033,209.25155083339666,-43.615361223303296
74.3824,74.3824,240.0,264.4443189112395,209.25271875519863,-65.88431891123952
74.4019,74.4019,217.0,269.0271935100996,209.2539809073731,-93.4671935100996
74.4213,74.4213,231.0,273.8326438330163,209.25532440636613,-84.27264383301628
74.4408,74.4408,258.0,278.83750919832073,209.25676316422803,-62.27750919832073
74.4603,74.4603,207.0,283.90884114734337,209.25829054401044,-118.34884114734336
74.4797,74.4797,225.0,288.8791366305126,209.25989809273577,-105.31913663051262
74.4992,74.4992,245.0,293.6258010487885,209.26160244318461,-90.0658010487885
74.5186,74.5186,271.0,297.9076744091305,209.26338617406702,-68.34767440913049
74.5381,74.5381,220.0,301.5799431373864,209.26526773351677,-123.0199431373864
74.5575,74.5575,256.0,304.4459981527944,209.2672278817627,-89.8859981527944
74.577,74.577,236.0,306.4323691710139,209.26928688471315,-111.87236917101387
74.5965,74.5965,232.0,307.49265476817817,209.27143492452288,-116.93265476817817
74.6159,74.6159,235.0,307.67530920397115,209.2736603588107,-114.11530920397115
74.6354,74.6354,229.0,307.0909298728278,209.2759861869436,-119.53092987282781
74.6548,74.6548,254.0,305.8891978680459,209.27838861015073,-93.32919786804592
74.6743,74.6743,289.0,304.2032085273475,209.2808924514575,-56.6432085273475
74.6937,74.6937,253.0,302.1717918478673,209.28347208535263,-90.61179184786732
74.7132,74.7132,279.0,299.8556644350381,209.28615416080316,-62.29566443503808
74.7327,74.7327,279.0,297.2994351945591,209.2889256643451,-59.73943519455912
74.7521,74.7521,230.0,294.5216023790797,209.2917717499579,-105.9616023790797
74.7716,74.7716,307.0,291.4751961354067,209.29472181206714,-25.91519613540669
74.791,74.791,268.0,288.1764806865915,209.29774564611137,-61.6164806865915
74.8105,74.8105,247.0,284.59368007003957,209.3008744779933,-79.03368007003957
74.8299,74.8299,317.0,280.7923996075935,209.30407626863936,-5.232399607593493
74.8494,74.8494,288.0,276.79082851523583,209.3073840775723,-30.230828515235828
74.8689,74.8689,242.0,272.6849238577555,209.31078168183885,-72.1249238577555
74.8883,74.8883,291.0,268.5815961151347,209.3142510183999,-19.021596115134685
74.9078,74.9078,244.0,264.5191023382912,209.31782790349968,-61.95910233829119
74.9272,74.9272,251.0,260.6077845790551,209.32147570019183,-51.047784579055076
74.9467,74.9467,248.0,256.8596288819337,209.32523206352332,-50.2996288819337
74.9661,74.9661,296.0,253.34936676544902,209.32905851475803,1.2106332345509827
74.9856,74.9856,262.0,250.06036355503116,209.33299454974667,-29.500363555031157
75.0051,75.0051,256.0,247.01845031387978,209.33702072303754,-32.45845031387978
75.0245,75.0245,245.0,244.2349907638262,209.34111574206133,-40.6749907638262
75.044,75.044,256.0,241.67282516713766,209.3453218699077,-27.112825167137657
75.0634,75.0634,285.0,239.34507685796993,209.34959601238722,4.214923142030074
75.0829,75.0829,234.0,237.21229254168625,209.35398227821915,-44.65229254168625
75.1023,75.1023,262.0,235.27998982826787,209.35843572464626,-14.71998982826787
75.1218,75.1218,253.0,233.51160599321022,209.36300230787467,-21.951605993210222
75.1413,75.1413,225.0,231.90201668100383,209.36765934781715,-48.34201668100383
75.1607,75.1607,276.0,230.44315122894162,209.37238231073974,4.116848771058386
75.1802,75.1802,247.0,229.10600767289074,209.3772199298507,-23.546007672890738
75.1996,75.1996,259.0,227.89157389533472,209.38212263061592,-10.331573895334714
75.2191,75.2191,236.0,226.775603065479,209.3871409981957,-32.215603065479
75.2385,75.2385,233.0,225.75942175668115,209.39222360321511,-34.19942175668115
75.258,75.258,270.0,224.8229623314822,209.39742288449852,3.7370376685178144
75.2775,75.2775,253.0,223.96325823764647,209.40271291606737,-12.403258237646469
75.2969,75.2969,250.0,223.17658480386882,209.40806591227633,-14.616584803868818
75.3164,75.3164,254.0,222.4480124435613,209.41353709795203,-9.888012443561308
75.3358,75.3358,274.0,221.7792312910163,209.4190703968904,10.780768708983715
75.3553,75.3553,239.0,221.1578774208952,209.42472289168185,-23.597877420895202
75.3747,75.3747,257.0,220.58559485277385,209.43043664552002,-5.02559485277385
75.3942,75.3942,267.0,220.052140565659,209.43627060032475,5.5078594343410145
75.4137,75.4137,215.0,219.55689561001424,209.4421955738624,-45.996895610014235
75.4331,75.4331,227.0,219.0986492931744,209.4481805187272,-33.53864929317439
75.4526,75.4526,250.0,218.66963289151911,209.45428717106998,-10.109632891519112
75.472,75.472,228.0,218.27149843425622,209.46045293348794,-31.711498434256214
75.4915,75.4915,250.0,217.89779166354273,209.46674140519184,-9.337791663542731
75.5109,75.5109,205.0,217.55011805886386,209.4730881229318,-53.99011805886386
75.5304,75.5304,222.0,217.22291196677398,209.47955855039532,-36.662911966773976
75.5499,75.5499,243.0,216.91624210267634,209.48612023963182,-15.356242102676333
75.5693,75.5693,227.0,216.6298856012929,209.49273887253406,-31.069885601292896
75.5888,75.5888,231.0,216.3595106360995,209.4994827144683,-26.799510636099484
75.6082,75.6082,222.0,216.10654391950584,209.50628262912218,-35.54654391950584
75.6277,75.6277,243.0,215.8671781266944,209.51320874969574,-14.307178126694396
75.6471,75.6471,250.0,215.64279123159443,209.52019006930755,-7.0827912315944275
75.6666,75.6666,208.0,215.4300513303781,209.52729859025843,-48.87005133037809
75.6861,75.6861,225.0,215.22929709967272,209.53449859033165,-31.66929709967272
75.7055,75.7055,217.0,215.04061573846045,209.5417524726953,-39.48061573846044
75.725,75.725,203.0,214.86130369760986,209.54913504798773,-53.30130369760985
75.7444,75.7444,218.0,214.69249649411873,209.55657062511335,-38.132496494118726
75.7639,75.7639,211.0,214.5318563114226,209.56413588679067,-44.971856311422584
75.7833,75.7833,230.0,214.38043167688198,209.57175326716157,-25.82043167688198
75.8028,75.8028,234.0,214.23612396146137,209.5795013221398,-21.67612396146137
75.8223,75.8223,197.0,214.09923270872787,209.58734104761533,-58.539232708727866
75.8417,75.8417,200.0,213.96993810002135,209.59523156093684,-55.40993810002135
75.8612,75.8612,222.0,213.84651253978,209.60325423221644,-33.286512539780006
75.8806,75.8806,238.0,213.7298221837775,209.6113268015597,-17.169822183777484
75.9001,75.9001,227.0,213.61830094305154,209.6195325148717,-28.058300943051535
75.9195,75.9195,242.0,213.51274305511552,209.62778723383622,-12.95274305511552
75.939,75.939,193.0,213.41178256272988,209.63617608111306,-61.85178256272988
75.9585,75.9585,225.0,213.31566746689697,209.64465676400454,-29.755667466896966
75.9779,75.9779,228.0,213.22459118840112,209.65318510788302,-26.66459118840112
75.9974,75.9974,232.0,213.1373634887397,209.6618490546613,-22.577363488739707
76.0168,76.0168,232.0,213.05463379811803,209.6705597635081,-22.49463379811803
76.0363,76.0363,255.0,212.97535955484642,209.67940705530273,0.5846404451535818
76.0557,76.0557,233.0,212.9001377143546,209.68830020767297,-21.340137714354597
76.0752,76.0752,198.0,212.8280030707801,209.6973309212712,-56.26800307078011
76.0947,76.0947,217.0,212.7591785900978,209.70645360906005,-37.1991785900978
76.1141,76.1141,261.0,212.69381361886454,209.71562079922774,6.8661863811354635
76.1336,76.1336,264.0,212.63110231502068,209.7249270159186,9.928897684979319
76.153,76.153,228.0,212.57153056792436,209.73427682712543,-26.011530567924353
76.1725,76.1725,237.0,212.5143474338627,209.74376663858737,-16.954347433862694
76.1919,76.1919,235.0,212.46000829522956,209.75329913418332,-18.900008295229554
76.2114,76.2114,251.0,212.37372696399046,209.7629726018971,-2.8137269639904616
76.2309,76.2309,240.0,212.32395947464315,209.7727381555529,-13.763959474643144
76.2503,76.2503,206.0,212.27666408968116,209.78254502190515,-47.71666408968116
76.2698,76.2698,219.0,212.23125291072608,209.7924943158451,-34.67125291072608
76.2892,76.2892,240.0,212.1880946721306,209.80248400586888,-13.6280946721306
76.3087,76.3087,253.0,212.14666431794782,209.81261709054004,-0.5866643179478217
76.3281,76.3281,234.0,212.10730020004803,209.82278965221965,-19.547300200048028
76.3476,76.3476,245.0,212.05245938728746,209.8331065736348,-8.492459387287454
76.3671,76.3671,247.0,212.01641221181382,209.84351566563512,-6.456412211813813
76.3865,76.3865,210.0,211.98217481332208,209.85396285026073,-43.42217481332207
76.406,76.406,216.0,211.94933441839873,209.86455583972878,-37.38933441839873
76.4254,76.4254,224.0,211.91816252050654,209.87518599665745,-29.35816252050654
76.4449,76.4449,267.0,211.88827683418137,209.88596291845684,13.671723165818634
76.4643,76.4643,241.0,211.859920334452,209.89677608014625,-12.299920334451997
76.4838,76.4838,235.0,211.83276021707715,209.9077369646602,-18.27276021707715
76.5033,76.5033,217.0,211.80688605095884,209.91879007701087,-36.246886050958835
76.5227,76.5227,212.0,211.78237514312258,209.9298780322223,-41.222375143122576
76.5422,76.5422,249.0,211.75892823697234,209.94111514446016,-4.1989282369723355
76.5616,76.5616,220.0,211.73673603653415,209.95238616604252,-33.17673603653415
76.5811,76.5811,209.0,211.71553932901497,209.9638072972863,-44.15553932901497
76.6005,76.6005,234.0,211.6955100667029,209.97526140201026,-19.135510066702892
76.62,76.62,205.0,211.67640394011698,209.9868665668521,-48.11640394011698
76.6395,76.6395,204.0,211.65828806243525,209.99856398910703,-49.098288062435245
76.6589,76.6589,236.0,211.64122120645345,210.0102929754706,-17.08122120645345
76.6784,76.6784,252.0,211.62499122908463,210.02217444470273,-1.064991229084626
76.6978,76.6978,231.0,211.60973275929427,210.03408653637905,-22.049732759294272
76.7173,76.7173,238.0,211.59525824968398,210.04615205580063,-15.035258249683977
76.7367,76.7367,212.0,211.581687307204,210.05824725371252,-41.02168730720399
76.7562,76.7562,221.0,211.5688568017797,210.07049682196308,-32.0088568017797
76.7757,76.7757,229.0,211.5568120597386,210.08283864924465,-23.996812059738602
76.7951,76.7951,219.0,211.54558280848008,210.09520873361072,-33.985582808480075
76.8146,76.8146,236.0,211.5350294754873,210.1077345990644,-16.975029475487304
76.834,76.834,198.0,211.5252366569897,210.12028777199635,-54.9652366569897
76.8535,76.8535,244.0,211.51608606705292,210.13299766276648,-8.956086067052922
76.8729,76.8729,241.0,211.50764910205356,210.14573390917852,-11.94764910205356
76.8924,76.8924,241.0,211.49981918382235,210.15862780779054,-11.939819183822351
76.9119,76.9119,211.0,211.49262123103097,210.17161393880934,-41.932621231030964
76.9313,76.9313,250.0,211.48606866684574,210.18462499234266,-2.9260686668457367
76.9508,76.9508,212.0,211.48007959522266,210.19779509626804,-40.92007959522266
76.9702,76.9702,236.0,211.474698150517,210.21098916536897,-16.91469815051701
76.9897,76.9897,228.0,211.46985251541875,210.22434321311573,-24.90985251541875
77.0091,77.0091,222.0,211.46557383437815,210.23772026652935,-30.905573834378146
77.0286,77.0286,228.0,211.46180940513418,210.25125822434742,-24.901809405134173
77.0481,77.0481,235.0,211.4585647452094,210.2648883594226,-17.8985647452094
77.0675,77.0675,242.0,211.45584025692293,210.27854005563233,-10.895840256922924
77.087,77.087,239.0,211.45359223145448,210.29235404132254,-13.893592231454477
77.1064,77.1064,213.0,211.4518354965644,210.30618862328777,-39.8918354965644
77.1259,77.1259,209.0,211.45053828793937,210.32018641411688,-43.890538287939364
77.1453,77.1453,214.0,211.44970166596383,210.33420383425278,-38.88970166596383
77.1648,77.1648,213.0,211.44930570758845,210.3483853800335,-39.88930570758845
77.1843,77.1843,235.0,211.4493441946949,210.3626590191125,-17.8893441946949
77.2037,77.2037,212.0,211.44980686360736,210.37695083188274,-40.88980686360736
77.2232,77.2232,229.0,211.45068681467305,210.39140814169383,-23.890686814673046
77.2426,77.2426,245.0,211.45196475128645,210.4058826530309,-7.8919647512864515
77.2621,77.2621,218.0,211.45364492719654,210.4205235715453,-34.89364492719653
77.2815,77.2815,208.0,211.45570073362964,210.4351807173739,-44.89570073362964
77.301,77.301,215.0,211.4581464790752,210.45000517780585,-37.898146479075194
77.3204,77.3204,223.0,211.46094844716683,210.4648448893113,-29.900948447166826
77.3399,77.3399,229.0,211.46412760108993,210.47985282010453,-23.904127601089925
77.3594,77.3594,218.0,211.46766048690213,210.49495269347562,-34.90766048690213
77.3788,77.3788,226.0,211.4715222856882,210.51006634853442,-26.911522285688193
77.3983,77.3983,209.0,211.47574389157487,210.52534957585493,-43.91574389157486
77.4177,77.4177,226.0,211.48027594533045,210.5406456036263,-26.920275945330445
77.4372,77.4372,200.0,211.48515808332655,210.5561121013502,-52.92515808332655
77.4566,77.4566,241.0,211.49033208081002,210.5715904163224,-11.930332080810018
77.4761,77.4761,210.0,211.49584866908515,210.58724009608724,-42.935848669085146
77.4956,77.4956,233.0,211.50167365034343,210.60298156756073,-19.941673650343432
77.515,77.515,219.0,211.5077697071997,210.6187333765637,-33.94776970719971
77.5345,77.5345,225.0,211.51419274316183,210.6346578883486,-27.954192743161826
77.5539,77.5539,219.0,211.52087376225074,210.65059174962298,-33.96087376225074
77.5734,77.5734,237.0,211.5278756052906,210.66669920125173,-15.967875605290601
77.5928,77.5928,199.0,211.53512085915023,210.68281501242782,-53.97512085915022
77.6123,77.6123,256.0,211.54267925973355,210.69910529857012,3.017320740266456
77.6318,77.6318,229.0,211.55050878230085,210.7154871958115,-23.99050878230085
77.6512,77.6512,240.0,211.55856481532152,210.731875962884,-12.998564815321515
77.6707,77.6707,212.0,211.56692477152936,210.74844052734935,-41.006924771529356
77.6901,77.6901,214.0,211.57549845022763,210.76501096702705,-39.015498450227625
77.7096,77.7096,240.0,211.58436978230063,210.78175808116572,-13.024369782300624
77.729,77.729,237.0,211.59344367500265,210.79851007406054,-16.033443675002644
77.7485,77.7485,217.0,211.60281077480798,210.81543961541297,-36.042810774807975
77.768,77.768,249.0,211.61242092093852,210.83246055723103,-4.052420920938516
77.7874,77.7874,225.0,211.62221896456478,210.84948487843144,-28.062218964564778
77.8069,77.8069,220.0,211.6323011795663,210.86668805437114,-33.072301179566296
77.8263,77.8263,218.0,211.6425628762164,210.88389360872304,-35.0825628762164
77.8458,77.8458,230.0,211.65310524686072,210.90127888398902,-23.093105246860716
77.8652,77.8652,218.0,211.6638174099464,210.91866553492525,-35.1038174099464
77.8847,77.8847,219.0,211.67480646406113,210.9362327697672,-34.11480646406113
77.9042,77.9042,216.0,211.6860142993069,210.95389116413418,-37.12601429930689
77.9236,77.9236,228.0,211.69737856190847,210.971549425484,-25.137378561908463
77.9431,77.9431,206.0,211.70901449047753,210.98938956028985,-47.149014490477526
77.9625,77.9625,219.0,211.72079967811757,211.00722855498745,-34.16079967811757
77.982,77.982,244.0,211.73285190190168,211.02525027803063,-9.17285190190168
78.0014,78.0014,251.0,211.74504641614163,211.0432698521689,-2.185046416141631
78.0209,78.0209,209.0,211.75750589368917,211.06147300624684,-44.19750589368917
78.0404,78.0404,217.0,211.770164849591,211.07976704831825,-36.210164849590996
78.0598,78.0598,201.0,211.78295497595295,211.09805742383267,-52.222954975952945
78.0793,78.0793,219.0,211.79600465503816,211.11653265151426,-34.23600465503816
78.0987,78.0987,227.0,211.80917960361424,211.13500319966005,-26.249179603614238
78.1182,78.1182,221.0,211.82261246419918,211.1536594431826,-32.26261246419918
78.1376,78.1376,249.0,211.8361631301224,211.17230999255204,-4.276163130122399
78.1571,78.1571,253.0,211.8499691384627,211.19114707709917,-0.289969138462709
78.1766,78.1766,245.0,211.86395867546807,211.21007474723407,-8.303958675468067
78.196,78.196,225.0,211.87805781435404,211.228995196952,-28.318057814354034
78.2155,78.2155,233.0,211.89240939288942,211.24810343615698,-20.332409392889417
78.2349,78.2349,216.0,211.90686408724903,211.26720343631447,-37.34686408724903
78.2544,78.2544,229.0,211.9215684362187,211.28649205709115,-24.361568436218704
78.2738,78.2738,247.0,211.93637115919998,211.30577141861934,-6.3763711591999765
78.2933,78.2933,255.0,211.95142231906803,211.32524022837612,1.6085776809319725
78.3128,78.3128,194.0,211.96664490882466,211.34479929015708,-59.40664490882466
78.3322,78.3322,230.0,211.9819570890702,211.3643475581712,-23.42195708907019
78.3517,78.3517,214.0,211.9975154584037,211.38408651020532,-39.43751545840371
78.3711,78.3711,211.0,212.01315851256194,211.4038136444294,-42.45315851256194
78.3906,78.3906,220.0,212.02904666813035,211.42373228132755,-33.469046668130346
78.41,78.41,238.0,212.0450152180248,211.4436380748709,-15.485015218024785
78.4295,78.4295,219.0,212.06122663542138,211.46373618610463,-34.501226635421375
78.449,78.449,218.0,212.07759878804737,211.48392418435796,-35.517598788047366
78.4684,78.4684,229.0,212.09404437692825,211.50409779684514,-24.53404437692825
78.4879,78.4879,234.0,212.11073144405356,211.52446494369227,-19.550731444053554
78.5073,78.5073,255.0,212.12748792136892,211.54481667555945,1.4325120786310777
78.5268,78.5268,220.0,212.1444843827212,211.565362747559,-33.5844843827212
78.5462,78.5462,227.0,212.1615465771227,211.5858923739328,-26.60154657712269
78.5657,78.5657,210.0,212.17884845728364,211.60661714245813,-43.61884845728363
78.5852,78.5852,220.0,212.19630103170945,211.62743140127367,-33.63630103170945
78.6046,78.6046,236.0,212.21381280705046,211.64822766452528,-17.653812807050457
78.6241,78.6241,208.0,212.2315624937316,211.66922026686743,-45.671562493731585
78.6435,78.6435,213.0,212.24936797501636,211.69019383950592,-40.68936797501635
78.663,78.663,236.0,212.26741118982855,211.71136454371958,-17.707411189828548
78.6824,78.6824,214.0,212.28550596827134,211.7325151827284,-39.725505968271335
78.7019,78.7019,211.0,212.3038372624243,211.75386374192703,-42.74383726242431
78.7214,78.7214,206.0,212.3223119208189,211.77530136267856,-47.76231192081889
78.7408,78.7408,222.0,212.3408331797014,211.79671736113045,-31.780833179701403
78.7603,78.7603,212.0,212.35959072433874,211.81833245636795,-41.79959072433874
78.7797,78.7797,215.0,212.3783908539258,211.83992489048802,-38.81839085392579
78.7992,78.7992,220.0,212.3974267166211,211.8617172001813,-33.83742671662111
78.8186,78.8186,251.0,212.41650195130177,211.88348580864906,-2.856501951301766
78.8381,78.8381,224.0,212.43581274639493,211.90545506749015,-29.875812746394928
78.8576,78.8576,218.0,212.45526005083383,211.92751292685506,-35.895260050833826
78.877,78.877,235.0,212.47474177111295,211.94954552111798,-18.914741771112944
78.8965,78.8965,203.0,212.49445875316155,211.9717799213895,-50.93445875316155
78.9159,78.9159,215.0,212.5142073582101,211.9939880133136,-38.954207358210084
78.9354,78.9354,216.0,212.53419045131787,212.01639867592476,-37.97419045131787
78.9548,78.9548,207.0,212.5542024727023,212.03878198572508,-46.994202472702284
78.9743,78.9743,216.0,212.57444871875472,212.06136862678508,-38.01444871875472
78.9938,78.9938,214.0,212.59482534003348,212.0840433747648,-40.03482534003348
79.0132,79.0132,235.0,212.61522676852087,212.1066891996544,-19.055226768520868
79.0327,79.0327,248.0,212.63586218201226,212.129539489857,-6.0758621820122585
79.0521,79.0521,231.0,212.65651933842827,212.1523598095501,-23.096519338428266
79.0716,79.0716,236.0,212.6774100715432,212.17538534471038,-18.11741007154319
79.091,79.091,211.0,212.69832013186505,212.19837986079676,-43.13832013186504
79.1105,79.1105,235.0,212.719464060496,212.22158033827955,-19.159464060495992
79.13,79.13,228.0,212.7407336387589,212.2448683962194,-26.18073363875891
79.1494,79.1494,237.0,212.76201805312311,212.26812385878674,-17.202018053123112
79.1689,79.1689,230.0,212.78353648824373,212.2915863945959,-24.223536488243724
79.1883,79.1883,223.0,212.80506746830437,212.31501528369566,-31.24506746830437
79.2078,79.2078,205.0,212.82683239345332,212.33865198124926,-49.26683239345331
79.2272,79.2272,195.0,212.84860709235505,212.3622539796852,-59.28860709235505
79.2467,79.2467,239.0,212.8706155373103,212.38606451744215,-15.310615537310298
79.2662,79.2662,232.0,212.89274554585245,212.40996207605153,-22.332745545852447
79.2856,79.2856,244.0,212.91488202973326,212.43382335361304,-10.354882029733261
79.3051,79.3051,234.0,212.9372525076631,212.45789425950286,-20.377252507663087
79.3245,79.3245,201.0,212.95962671812842,212.48192782934976,-53.39962671812842
79.344,79.344,223.0,212.98223538087217,212.50617174737394,-31.422235380872166
79.3634,79.3634,190.0,213.00484574493447,212.53037727336326,-64.44484574493447
79.3829,79.3829,214.0,213.02769033076265,212.5547938629134,-40.46769033076265
79.4024,79.4024,239.0,213.05065266271765,212.57929688028574,-15.49065266271765
79.4218,79.4218,254.0,213.07361279674413,212.60375991845365,-0.5136127967441269
79.4413,79.4413,228.0,213.09680809115298,212.6284350857168,-26.536808091152977
79.4607,79.4607,224.0,213.11999936120083,212.65306921538445,-30.559999361200823
79.4802,79.4802,227.0,213.14342548019619,212.67791617820953,-27.583425480196183
79.4996,79.4996,220.0,213.16684562452838,212.70272104412672,-34.606845624528376
79.5191,79.5191,238.0,213.19050053339737,212.72773944267652,-16.630500533397367
79.5386,79.5386,217.0,213.21426983692095,212.7528436423095,-37.654269836920946
79.558,79.558,236.0,213.23803006135603,212.77790415302184,-18.678030061356026
79.5775,79.5775,211.0,213.26202560958907,212.80317923778972,-43.70202560958907
79.5969,79.5969,242.0,213.28601014485898,212.82840957211505,-12.726010144858975
79.6164,79.6164,213.0,213.31023008014165,212.8538551683447,-41.75023008014165
79.6358,79.6358,221.0,213.33443705151188,212.87925495176478,-33.77443705151188
79.6553,79.6553,202.0,213.35888006188702,212.90487068022856,-52.79888006188702
79.6748,79.6748,176.0,213.38343412366712,212.93057154904395,-78.82343412366711
79.6942,79.6942,213.0,213.4079721454777,212.95622500859506,-41.847972145477684
79.7137,79.7137,212.0,213.43274639501746,212.98209542985768,-42.87274639501746
79.7331,79.7331,222.0,213.45750286299747,213.00791737747124,-32.89750286299747
79.7526,79.7526,199.0,213.4824960652578,213.03395695800222,-55.9224960652578
79.772,79.772,230.0,213.50746923667697,213.05994699973138,-24.947469236676966
79.7915,79.7915,235.0,213.53267975051764,213.08615534075116,-19.972679750517642
79.811,79.811,230.0,213.55799862144247,213.11244812711516,-24.997998621442463
79.8304,79.8304,231.0,213.58329469894824,213.13868977418554,-24.023294698948234
79.8499,79.8499,201.0,213.60882843804592,213.16515071181186,-54.048828438045916
79.8693,79.8693,210.0,213.63433807393082,213.191559443168,-45.07433807393082
79.8888,79.8888,218.0,213.66008529528054,213.21818811921045,-37.100085295280536
79.9082,79.9082,235.0,213.6858064349359,213.24476352131592,-20.125806434935896
79.9277,79.9277,220.0,213.71176612708766,213.27155951728156,-35.151766127087654
79.9472,79.9472,232.0,213.73783157713336,213.29843922902467,-23.17783157713336
79.9666,79.9666,248.0,213.76386801128075,213.32526406271163,-7.203868011280747
79.9861,79.9861,220.0,213.79014370506067,213.35231045546936,-35.23014370506067
80.0055,80.0055,204.0,213.8163887060182,213.3793009008763,-51.256388706018186
80.025,80.025,225.0,213.84287329831403,213.40651354197374,-30.28287329831403
80.0444,80.0444,213.0,213.86932528304078,213.43366916581428,-42.30932528304078
80.0639,80.0639,218.0,213.89601728059964,213.4610476168836,-37.336017280599634
80.0833,80.0833,221.0,213.922675448301,213.4883679802011,-34.36267544830099
80.1028,80.1028,238.0,213.9495739549352,213.51591179716823,-17.3895739549352
80.1223,80.1223,231.0,213.97657541871706,213.5435383407442,-24.41657541871706
80.1417,80.1417,244.0,214.003540279759,213.5711051883944,-11.443540279758992
80.1612,80.1612,209.0,214.03074611889795,213.59889642044388,-46.47074611889795
80.1806,80.1806,237.0,214.05791397166573,213.6266268846998,-18.497913971665724
80.2001,80.2001,225.0,214.08532323005468,213.65458234681853,-30.52532323005468
80.2195,80.2195,224.0,214.11269262356143,213.6824759687668,-31.552692623561427
80.239,80.239,246.0,214.14030419050098,213.71059519679824,-9.580304190500982
80.2585,80.2585,218.0,214.16801663870842,213.7387963418181,-37.60801663870842
80.2779,80.2779,235.0,214.19568690999992,213.76693403581862,-20.63568690999992
80.2974,80.2974,205.0,214.2236000570648,213.79529823909058,-50.6636000570648
80.3168,80.3168,233.0,214.25146911776272,213.82359791779402,-22.691469117762722
80.3363,80.3363,237.0,214.27958151926975,213.85212470071596,-18.719581519269752
80.3557,80.3557,234.0,214.3076486103183,213.88058588509185,-21.747648610318294
80.3752,80.3752,233.0,214.3359594927973,213.90927476326308,-22.775959492797284
80.3947,80.3947,206.0,214.36436932842867,213.93804471331165,-49.80436932842866
80.4141,80.4141,216.0,214.39273149082598,213.96674745171407,-39.83273149082598
80.4336,80.4336,231.0,214.4213381986857,213.99567875887269,-24.8613381986857
80.453,80.453,195.0,214.44989573403274,214.02454177943795,-60.889895734032734
80.4725,80.4725,200.0,214.47869831397665,214.05363394474497,-55.91869831397665
80.4919,80.4919,215.0,214.5074500665203,214.0826567481646,-40.947450066520304
80.5114,80.5114,222.0,214.5364473779384,214.1119092668139,-33.9764473779384
80.5309,80.5309,221.0,214.56554204746743,214.14124197645515,-35.00554204746743
80.5503,80.5503,244.0,214.5945837612043,214.17050370928595,-12.034583761204289
80.5698,80.5698,214.0,214.62387181075675,214.19999600340898,-42.06387181075675
80.5892,80.5892,238.0,214.65310545489808,214.22941624466267,-18.09310545489808
80.6087,80.6087,210.0,214.68258575587447,214.25906760378484,-46.12258575587447
80.6281,80.6281,221.0,214.7120104127034,214.2886458337142,-35.15201041270339
80.6476,80.6476,228.0,214.74168225630214,214.31845573246233,-28.18168225630214
80.6671,80.6671,237.0,214.77144984752465,214.34834490525947,-19.211449847524648
80.6865,80.6865,205.0,214.80115930564858,214.37815933255024,-51.24115930564858
80.706,80.706,264.0,214.83111697796622,214.4082062451492,7.728883022033784
80.7254,80.7254,210.0,214.86101528780713,214.4381773353603,-46.30101528780713
80.7449,80.7449,217.0,214.89116207606432,214.46838144759602,-39.33116207606432
80.7643,80.7643,199.0,214.92124816171903,214.498508660381,-57.36124816171903
80.7838,80.7838,217.0,214.95158335904298,214.5288694261516,-39.39158335904298
80.8033,80.8033,233.0,214.98201266891925,214.559308512687,-23.42201266891925
80.8227,80.8227,248.0,215.01237916737202,214.58966908250474,-8.452379167372015
80.8422,80.8422,218.0,215.04299543557482,214.62026399154487,-38.48299543557482
80.8616,80.8616,230.0,215.07354750744832,214.6507793064553,-26.513547507448322
80.8811,80.8811,240.0,215.10435006338957,214.68152947699107,-16.544350063389572
80.9005,80.9005,233.0,215.13508698266705,214.71219897588767,-23.575086982667045
80.92,80.92,187.0,215.1660749199937,214.74310384092718,-69.60607491999369
80.9395,80.9395,195.0,215.19715545809166,214.7740860368228,-61.637155458091655
80.9589,80.9589,239.0,215.22816835322976,214.80498594329993,-17.66816835322976
80.9784,80.9784,212.0,215.25943302337296,214.83612197122042,-44.69943302337296
80.9978,80.9978,223.0,215.29062887710575,214.8671746320749,-33.730628877105744
81.0173,81.0173,237.0,215.32207681544878,214.89846391000577,-19.76207681544878
81.0367,81.0367,229.0,215.35345452167735,214.92966874321047,-27.793454521677347
81.0562,81.0562,228.0,215.38508504454558,214.9611106831082,-28.825085044545574
81.0757,81.0757,227.0,215.41680682413863,214.99262892704516,-29.85680682413863
81.0951,81.0951,230.0,215.44845629500233,215.02406110841,-26.888456295002328
81.1146,81.1146,239.0,215.48035959040695,215.05573112014383,-17.920359590406946
81.134,81.134,215.0,215.51218905827088,215.0873139917205,-41.952189058270875
81.1535,81.1535,217.0,215.54427297287054,215.11913516806985,-39.98427297287054
81.1729,81.1729,232.0,215.57628175951666,215.1508681267496,-25.01628175951666
81.1924,81.1924,242.0,215.60854540319565,215.1828398584578,-15.048545403195646
81.2119,81.2119,198.0,215.64089898934273,215.21488683019686,-59.08089898934273
81.2313,81.2313,225.0,215.67317565191328,215.24684396680357,-32.11317565191328
81.2508,81.2508,238.0,215.7057079873359,215.27904056779803,-19.145707987335896
81.2702,81.2702,207.0,215.7381621731947,215.31114625643806,-50.17816217319469
81.2897,81.2897,250.0,215.7708724194975,215.3434918621779,-7.210872419497491
81.3091,81.3091,212.0,215.8035033516667,215.37574547850048,-45.2435033516667
81.3286,81.3286,198.0,215.83639091438397,215.40823945835453,-59.27639091438397
81.3481,81.3481,220.0,215.86936725187704,215.44080757675596,-37.309367251877035
81.3675,81.3675,236.0,215.90226213572052,215.47328208911512,-21.342262135720517
81.387,81.387,223.0,215.93541453706,215.50599762335122,-34.37541453706001
81.4064,81.4064,226.0,215.96848435658555,215.53861847498965,-31.408484356585546
81.4259,81.4259,207.0,216.00181229702682,215.5714807790605,-50.441812297026814
81.4453,81.4453,225.0,216.03505640811366,215.60424732422481,-32.47505640811366
81.4648,81.4648,201.0,216.06855931333826,215.63725574596302,-56.50855931333825
81.4843,81.4843,212.0,216.1021495703055,215.67033716700675,-45.5421495703055
81.5037,81.5037,238.0,216.13565394045034,215.7033212138151,-19.575653940450337
81.5232,81.5232,251.0,216.16941786594418,215.73654776182826,-6.609417865944181
81.5426,81.5426,251.0,216.20309486332513,215.76967586002388,-6.643094863325132
81.5621,81.5621,184.0,216.23703214200728,215.803046867355,-73.67703214200728
81.5815,81.5815,215.0,216.27088099882897,215.8363183496211,-42.71088099882897
81.601,81.601,231.0,216.30499067651266,215.8698331424051,-26.744990676512657
81.6205,81.6205,220.0,216.33918631440577,215.90341975721066,-37.77918631440576
81.6399,81.6399,211.0,216.37329197972971,215.93690523338182,-46.81329197972971
81.6594,81.6594,228.0,216.40765940772906,215.97063461028148,-29.847659407729054
81.6788,81.6788,210.0,216.44193546558594,216.00426177424728,-47.88193546558594
81.6983,81.6983,221.0,216.47647359905267,216.03813322377644,-36.916473599052665
81.7177,81.7177,219.0,216.51091934393776,216.071901386496,-38.950919343937755
81.7372,81.7372,197.0,216.54562746037203,216.10591421293051,-60.98562746037203
81.7567,81.7567,211.0,216.58042096622168,216.1399976457773,-47.02042096622168
81.7761,81.7761,219.0,216.61512004032568,216.17397618047173,-39.055120040325676
81.7956,81.7956,217.0,216.65008273954052,216.20819993396157,-41.09008273954052
81.815,81.815,220.0,216.68494998759908,216.24231771659473,-38.12494998759908
81.8345,81.8345,231.0,216.72008117145458,216.2766810792887,-27.16008117145458
81.8539,81.8539,216.0,216.75511571246415,216.3109373989349,-42.195115712464144
81.8734,81.8734,203.0,216.79041500478402,216.34543965308814,-55.23041500478402
81.8929,81.8929,239.0,216.82579820897615,216.38001125943526,-19.26579820897615
81.9123,81.9123,219.0,216.8610832366426,216.41447421409043,-39.3010832366426
81.9318,81.9318,243.0,216.89663350047712,216.4491836224886,-15.33663350047712
81.9512,81.9512,236.0,216.93208436422523,216.4837833084009,-22.37208436422523
81.9707,81.9707,237.0,216.96780117970562,216.51862978527507,-21.407801179705615
81.9901,81.9901,229.0,217.00341739811574,216.55336546947328,-29.44341739811574
82.0096,82.0096,202.0,217.0392999716695,216.58834827489656,-56.47929997166949
82.0291,82.0291,238.0,217.07526568772712,216.62339913940312,-20.515265687727123
82.0485,82.0485,200.0,217.11112892588133,216.65833760576385,-58.55112892588133
82.068,82.068,232.0,217.14725978775598,216.69352367602295,-26.587259787755983
82.0874,82.0874,234.0,217.1832870464224,216.72859627957064,-24.623287046422405
82.1069,82.1069,233.0,217.21958192135904,216.76391679970962,-25.659581921359035
82.1263,82.1263,244.0,217.25577259530164,216.7991227852671,-14.695772595301634
82.1458,82.1458,217.0,217.29223169849837,216.83457699301536,-41.73223169849837
82.1653,82.1653,226.0,217.32877276294062,216.87009792756035,-32.768772762940614
82.1847,82.1847,264.0,217.36520750284427,216.90550272570908,5.194792497155731
82.2042,82.2042,216.0,217.40191139803363,216.94115619143597,-42.84191139803363
82.2236,82.2236,214.0,217.4385083633375,216.97669245475063,-44.87850836333749
82.2431,82.2431,230.0,217.4753746499648,217.01247767332777,-28.915374649964804
82.2625,82.2625,226.0,217.51213287713318,217.04814462426427,-32.95213287713318
82.282,82.282,214.0,217.5491615004655,217.0840608109158,-44.989161500465485
82.3015,82.3015,217.0,217.5862711171073,217.12004235261836,-42.026271117107285
82.3209,82.3209,234.0,217.62327057533815,217.15590402900514,-25.06327057533815
82.3404,82.3404,237.0,217.6605411399646,217.19201534848145,-22.100541139964605
82.3598,82.3598,232.0,217.6977010791564,217.22800573949948,-27.137701079156386
82.3793,82.3793,235.0,217.73513215587386,217.26424603579733,-24.175132155873854
82.3987,82.3987,227.0,217.7724512819958,217.30036434137511,-32.21245128199581
82.4182,82.4182,250.0,217.8100429049213,217.33673280705196,-9.250042904921287
82.4377,82.4377,213.0,217.8477142744067,217.37316521629123,-46.28771427440671
82.4571,82.4571,210.0,217.88527216541945,217.40947404176418,-49.32527216541945
82.4766,82.4766,202.0,217.92310330254304,217.446033395966,-57.36310330254304
82.496,82.496,243.0,217.9608193003331,217.48246810645952,-16.400819300333097
82.5155,82.5155,225.0,217.99880923280372,217.5191535818896,-34.43880923280372
82.5349,82.5349,220.0,218.03668345392242,217.55571335464379,-39.47668345392242
82.5544,82.5544,234.0,218.0748315127997,217.59252412103152,-25.514831512799702
82.5739,82.5739,224.0,218.11305929828188,217.62939737946672,-35.55305929828188
82.5933,82.5933,230.0,218.15116952931467,217.66614334730224,-29.59116952931467
82.6128,82.6128,192.0,218.18955498510675,217.70314063792043,-67.62955498510675
82.6322,82.6322,203.0,218.22782163779019,217.74000958152686,-56.66782163779018
82.6517,82.6517,244.0,218.2663642051395,217.77713005765006,-15.706364205139494
82.6711,82.6711,181.0,218.30478755096337,217.81412113141883,-78.74478755096337
82.6906,82.6906,220.0,218.3434866630894,217.85136393978678,-39.783486663089406
82.7101,82.7101,235.0,218.3822647679491,217.88866774837746,-24.822264767949093
82.7295,82.7295,222.0,218.42092159205342,217.92584057231025,-37.860921592053415
82.749,82.749,231.0,218.4598558146332,217.96326541977024,-28.899855814633185
82.7684,82.7684,241.0,218.49866769708686,218.00055823002313,-18.938667697086856
82.7879,82.7879,248.0,218.53775736537636,218.03810324656948,-11.977757365376362
82.8073,82.8073,190.0,218.5767243565898,218.0755151745242,-70.0167243565898
82.8268,82.8268,245.0,218.6159692687609,218.1131794837453,-15.05596926876089
82.8462,82.8462,216.0,218.65509034361497,218.1507096541825,-44.09509034361497
82.8657,82.8657,211.0,218.69449057414977,218.18849237302487,-49.134490574149766
82.8852,82.8852,214.0,218.73396783610315,218.2263341145071,-46.173967836103145
82.9046,82.9046,222.0,218.7733199949381,218.26404014286587,-38.213319994938104
82.9241,82.9241,214.0,218.8129521277511,218.30199895575475,-46.25295212775109
82.9435,82.9435,245.0,218.85245732065815,218.33982100843033,-15.292457320658144
82.963,82.963,218.0,218.89224324032244,218.37789599300154,-42.33224324032244
82.9824,82.9824,221.0,218.9319019697276,218.4158331715584,-39.37190196972759
83.0019,83.0019,235.0,218.9718411877982,218.4540234213996,-25.41184118779819
83.0214,83.0214,228.0,219.01185781246784,218.49227110885937,-32.451857812467836
83.0408,83.0408,235.0,219.0517454738177,218.53037942273968,-25.4917454738177
83.0603,83.0603,224.0,219.09191530341943,218.56874100209993,-36.531915303419424
83.0797,83.0797,222.0,219.1319547452442,218.60696216542487,-38.5719547452442
83.0992,83.0992,225.0,219.17227705183916,218.64543671348696,-35.61227705183916
83.1186,83.1186,238.0,219.21246888606743,218.68376980444424,-22.652468886067425
83.1381,83.1381,236.0,219.25294337757484,218.72235639127547,-24.692943377574835
83.1576,83.1576,210.0,219.2934948247003,218.760998789463,-50.7334948247003
83.177,83.177,229.0,219.33391377969352,218.79949817026719,-31.773913779693515
83.1965,83.1965,263.0,219.37461721891245,218.83825119845693,2.1853827810875543
83.2159,83.2159,223.0,219.41518710322273,218.8768601717838,-37.85518710322273
83.2354,83.2354,225.0,219.45604197462356,218.91572288314154,-35.89604197462356
83.2548,83.2548,230.0,219.49676329511766,218.95444050364122,-30.936763295117657
83.2743,83.2743,215.0,219.53776941140234,218.99341194455243,-45.977769411402335
83.2938,83.2938,242.0,219.5788516326299,219.03243752903282,-19.01885163262989
83.3132,83.3132,211.0,219.6197989367789,219.07131647017985,-50.05979893677889
83.3327,83.3327,232.0,219.66103201254606,219.1104493398069,-29.101032012546057
83.3521,83.3521,215.0,219.70212938798545,219.1494345339422,-46.14212938798545
83.3716,83.3716,221.0,219.7435141008252,219.18867371808446,-40.18351410082519
83.391,83.391,225.0,219.78476105781863,219.22776419616014,-36.224761057818625
83.4105,83.4105,241.0,219.8262961866022,219.26710871735958,-20.266296186602204
83.43,83.43,235.0,219.86790713746745,219.30650567253318,-26.307907137467453
83.4494,83.4494,228.0,219.90937891133996,219.34575237748894,-33.349378911339954
83.4689,83.4689,198.0,219.9511404594603,219.3852531894307,-63.3911404594603
83.4883,83.4883,208.0,219.9927625042184,219.42460272466545,-53.4327625042184
83.5078,83.5078,215.0,220.0346742266361,219.46420639878508,-46.4746742266361
83.5272,83.5272,223.0,220.0764453071757,219.50365777139197,-38.5164453071757
83.5467,83.5467,218.0,220.11850697499483,219.54336330622675,-43.55850697499483
83.5662,83.5662,238.0,220.1606441768164,219.583119523349,-23.600644176816388
83.5856,83.5856,204.0,220.20263946046083,219.62272190365655,-57.64263946046083
83.6051,83.6051,203.0,220.24492679407692,219.66257846508003,-58.684926794076915
83.6245,83.6245,211.0,220.28707170644162,219.70228016921982,-50.72707170644162
83.644,83.644,215.0,220.32950897888273,219.7422360562339,-46.769508978882726
83.6634,83.6634,261.0,220.37180277301172,219.78203606727948,-0.8118027730117205
83.6829,83.6829,212.0,220.4143896092247,219.8220902542551,-49.85438960922471
83.7024,83.7024,228.0,220.45705197208864,219.86219332945666,-33.89705197208863
83.7218,83.7218,211.0,220.49956964280457,219.9021390027665,-50.93956964280457
83.7413,83.7413,215.0,220.54238149601628,219.94233882514848,-46.982381496016274
83.7607,83.7607,231.0,220.5850491222292,219.98238023154352,-31.025049122229206
83.7802,83.7802,248.0,220.62801047992144,220.02267575811348,-14.06801047992144
83.7996,83.7996,190.0,220.6708269313013,220.0628118564872,-72.11082693130129
83.8191,83.8191,231.0,220.7139391078786,220.1032020372881,-31.153939107878585
83.8386,83.8386,239.0,220.75712654236185,220.14363926959498,-23.197126542361843
83.858,83.858,235.0,220.80016609636445,220.1839155576952,-27.240166096364447
83.8775,83.8775,255.0,220.84350363183748,220.2244458548422,-7.283503631837476
83.8969,83.8969,255.0,220.88669296708633,220.2648142004179,-7.3266929670863306
83.9164,83.9164,224.0,220.93018068867914,220.30543649496937,-38.37018068867914
83.9358,83.9358,218.0,220.97352009786246,220.3458958325732,-44.41352009786246
83.9553,83.9553,227.0,221.01715820572045,220.38660905008265,-35.45715820572045
83.9748,83.9748,196.0,221.0608718180879,220.42736743943618,-66.50087181808789
83.9942,83.9942,225.0,221.10443488379642,220.46796136628265,-37.54443488379641
84.0137,84.0137,202.0,221.1482990780355,220.5088090523511,-60.588299078035504
84.0331,84.0331,243.0,221.192012636204,220.54949127563808,-19.632012636203996
84.0526,84.0526,229.0,221.23602771168288,220.59042716638106,-33.67602771168288
84.072,84.072,258.0,221.27989205493702,220.6311965961596,-4.71989205493702
84.0915,84.0915,228.0,221.32405825014234,220.6722195924798,-34.76405825014234
84.111,84.111,218.0,221.3682992420471,220.71328583775662,-44.8082992420471
84.1304,84.1304,228.0,221.412389763672,220.75418412750327,-34.852389763671994
84.1499,84.1499,227.0,221.45678342398222,220.79533581501957,-35.896783423982214
84.1693,84.1693,245.0,221.50102423016014,220.8363185541839,-17.94102423016014
84.1888,84.1888,207.0,221.54556941752975,220.8775545671329,-55.985569417529746
84.2082,84.2082,216.0,221.58996277628674,220.91862064110367,-47.02996277628674
84.2277,84.2277,227.0,221.63465974842126,220.95993985557558,-36.074659748421254
84.2472,84.2472,196.0,221.67943435341056,221.00130035260804,-67.11943435341055
84.2666,84.2666,225.0,221.7240553484319,221.0424894276371,-38.1640553484319
84.2861,84.2861,219.0,221.76898308366654,221.0839314255176,-44.20898308366654
84.3055,84.3055,218.0,221.8137554082948,221.12520101639095,-45.25375540829481
84.325,84.325,196.0,221.8588367106762,221.166723373385,-67.2988367106762
84.3444,84.3444,228.0,221.9037625986971,221.2080723406685,-35.34376259869711
84.3639,84.3639,242.0,221.94899809007475,221.24967390789246,-21.38899809007475
84.3834,84.3834,239.0,221.99431111208887,221.29131474748814,-24.434311112088864
84.4028,84.4028,214.0,222.03946871641213,221.3327807264404,-49.47946871641213
84.4223,84.4223,236.0,222.08493680995804,221.3744990380115,-27.524936809958035
84.4417,84.4417,210.0,222.13024771208723,221.4160415121216,-53.57024771208722
84.4612,84.4612,208.0,222.1758715935511,221.45783612884426,-55.615871593551105
84.4806,84.4806,212.0,222.22133851082478,221.49945393369453,-51.66133851082478
84.5001,84.5001,232.0,222.26711900952324,221.54132368154953,-31.70711900952324
84.5196,84.5196,256.0,222.31297766773733,221.583230647512,-7.752977667737326
84.539,84.539,196.0,222.35868051598345,221.6249593433168,-67.79868051598345
84.5585,84.5585,232.0,222.404696275485,221.66693966433513,-31.844696275485006
84.5779,84.5779,212.0,222.4505560800602,221.70874074693572,-51.89055608006021
84.5974,84.5974,223.0,222.49673180975955,221.75079323093516,-40.93673180975955
84.6168,84.6168,202.0,222.54274922227958,221.79266551076964,-61.98274922227958
84.6363,84.6363,206.0,222.589084027866,221.83478895843413,-58.02908402786599
84.6558,84.6558,211.0,222.63549990450642,221.87694752558247,-53.075499904506415
84.6752,84.6752,219.0,222.68175682304025,221.91892444348824,-45.12175682304024
84.6947,84.6947,184.0,222.7283339995184,221.96115216016045,-80.16833399951841
84.7141,84.7141,222.0,222.77475273455096,222.00319726826174,-42.214752734550956
84.7336,84.7336,238.0,222.821492230771,222.04549291697097,-26.26149223077101
84.753,84.753,228.0,222.86807168034449,222.0876050004008,-36.30807168034448
84.7725,84.7725,223.0,222.91497479274557,222.1299673563724,-41.354974792745566
84.792,84.792,222.0,222.96196038438768,222.17236268856146,-42.40196038438768
84.8114,84.8114,236.0,223.00878623434764,222.21457302416565,-28.448786234347637
84.8309,84.8309,195.0,223.0559374882152,222.25703321116896,-69.49593748821519
84.8503,84.8503,200.0,223.10292967163178,222.2993074515675,-64.54292967163178
84.8698,84.8698,248.0,223.15024782023443,222.34183125032428,-16.590247820234424
84.8892,84.8892,222.0,223.19740520542376,222.38416815518462,-42.63740520542376
84.9087,84.9087,228.0,223.2448919788573,222.42675431530031,-36.68489197885731
84.9282,84.9282,203.0,223.29246371327613,222.46937126344073,-61.73246371327613
84.9476,84.9476,203.0,223.33987530771628,222.51179990072026,-61.77987530771628
84.9671,84.9671,227.0,223.38761728564742,222.554477319222,-37.82761728564742
84.9865,84.9865,217.0,223.435201416291,222.59696548653136,-47.87520141629099
85.006,85.006,238.0,223.48311510495097,222.6397021065982,-26.923115104950966
85.0254,85.0254,203.0,223.53087119052577,222.68224853797858,-61.97087119052577
85.0449,85.0449,218.0,223.57896105530946,222.7250430834345,-47.01896105530946
85.0644,85.0644,239.0,223.62713747736356,222.76786618351304,-26.06713747736356
85.0838,85.0838,234.0,223.67515645352344,222.81049769285434,-31.11515645352344
85.1033,85.1033,225.0,223.72351216728393,222.85337678853233,-40.163512167283926
85.1227,85.1227,210.0,223.77170767563825,222.89606336321293,-55.21170767563825
85.1422,85.1422,224.0,223.82024287827855,222.93899715979748,-41.26024287827855
85.1616,85.1616,223.0,223.86861936982996,222.98173750807155,-42.308619369829955
85.1811,85.1811,240.0,223.91733647745178,223.02472470344358,-25.35733647745178
85.2006,85.2006,232.0,223.96614370002717,223.06773817454254,-33.40614370002717
85.22,85.22,242.0,224.01479431896993,223.110556810772,-23.45479431896993
85.2395,85.2395,230.0,224.06378901221913,223.15362171183452,-35.50378901221913
85.2589,85.2589,231.0,224.1126242173997,223.19649085822417,-34.55262421739971
85.2784,85.2784,232.0,224.1618069840387,223.2396058684988,-33.60180698403869
85.2978,85.2978,228.0,224.21083174510193,223.28252420735512,-37.650831745101925
85.3173,85.3173,202.0,224.2602029264775,223.32568799861838,-63.70020292647749
85.3368,85.3368,229.0,224.30967311931403,223.3688757409365,-36.749673119314025
85.3562,85.3562,210.0,224.35898596924676,223.41186544135047,-55.79898596924676
85.3757,85.3757,217.0,224.40865102042343,223.4550999565563,-48.84865102042343
85.3951,85.3951,225.0,224.45815824132077,223.49813552090015,-40.89815824132077
85.4146,85.4146,222.0,224.50802056164693,223.54141546202248,-43.94802056164693
85.434,85.434,217.0,224.55772867477913,223.5844955464943,-48.997728674779125
85.4535,85.4535,232.0,224.60779100472772,223.62781955904367,-34.04779100472771
85.473,85.473,223.0,224.65795692846484,223.67116515191555,-43.09795692846484
85.4924,85.4924,226.0,224.70796974250044,223.71430953431064,-40.147969742500436
85.5119,85.5119,225.0,224.75834330032131,223.75769715098923,-41.19834330032131
85.5313,85.5313,220.0,224.8085599742458,223.80088265947015,-46.24855997424581
85.5508,85.5508,256.0,224.85914378643588,223.84431092660287,-10.299143786435877
85.5702,85.5702,204.0,224.90957255814376,223.88753619109866,-62.34957255814376
85.5897,85.5897,215.0,224.9603706112623,223.93100372776848,-51.400370611262304
85.6091,85.6091,240.0,225.01101610067695,223.97426737067605,-26.451016100676952
85.6286,85.6286,211.0,225.0620323396718,224.0177727883883,-55.502032339671786
85.6481,85.6481,211.0,225.11315708596413,224.06129667045985,-55.55315708596413
85.6675,85.6675,227.0,225.16413332982012,224.10461532722854,-39.604133329820115
85.687,85.687,254.0,225.2154854619226,224.1481749915595,-12.65548546192261
85.7064,85.7064,217.0,225.2666860815669,224.191528547893,-49.706686081566886
85.7259,85.7259,229.0,225.31826793011595,224.23512258697738,-37.75826793011595
85.7453,85.7453,249.0,225.36970090617177,224.27850963879686,-17.80970090617177
85.7648,85.7648,246.0,225.4215169069165,224.32213663750494,-20.861516906916506
85.7843,85.7843,215.0,225.47344966630035,224.36577962350023,-51.91344966630035
85.8037,85.8037,229.0,225.52523853298206,224.40921430870563,-37.965238532982056
85.8232,85.8232,234.0,225.5774162241858,224.452888115468,-33.01741622418581
85.8426,85.8426,251.0,225.62944719490636,224.49635275088843,-16.06944719490636
85.8621,85.8621,251.0,225.68187151373493,224.54005594416134,-16.12187151373493
85.8815,85.8815,212.0,225.73415471948272,224.58354909908172,-55.174154719482715
85.901,85.901,223.0,225.78683099519975,224.6272802369388,-44.22683099519975
85.9205,85.9205,206.0,225.83963849400425,224.67102483801952,-61.279638494004246
85.9399,85.9399,205.0,225.89230754125632,224.7145581058387,-62.33230754125631
85.9594,85.9594,223.0,225.94537604472305,224.75832847233104,-44.385376044723046
85.9788,85.9788,250.0,225.99830884284034,224.80188664755332,-17.438308842840343
85.9983,85.9983,230.0,226.05165038675406,224.8456813182885,-37.49165038675406
86.0177,86.0177,195.0,226.10485281912574,224.88926294340186,-72.54485281912574
86.0372,86.0372,227.0,226.1584710501542,224.93308044949544,-40.59847105015419
86.0567,86.0567,224.0,226.21222920053773,224.97690884747422,-43.65222920053773
86.0761,86.0761,216.0,226.26585662401178,225.02052292414305,-51.70585662401177
86.0956,86.0956,224.0,226.31990062878478,225.06437193774906,-43.75990062878478
86.115,86.115,218.0,226.37381691434538,225.10800578498427,-49.81381691434538
86.1345,86.1345,214.0,226.4281603548345,225.15187392597542,-53.86816035483449
86.1539,86.1539,226.0,226.482372845405,225.19552605930724,-41.92237284540499
86.1734,86.1734,216.0,226.53701898264413,225.23941183167923,-51.977018982644125
86.1929,86.1929,236.0,226.5918224123182,225.28330587703957,-32.031822412318206
86.2123,86.2123,213.0,226.64649891167969,225.3269826588826,-55.08649891167968
86.2318,86.2318,211.0,226.70162021649702,225.37089207509172,-57.14162021649702
86.2512,86.2512,241.0,226.75661968286664,225.41458339607692,-27.19661968286664
86.2707,86.2707,219.0,226.8120677977154,225.45850666765767,-49.2520677977154
86.2901,86.2901,243.0,226.86739549167137,225.50221101619707,-25.30739549167137
86.3096,86.3096,250.0,226.92317921564546,225.54614661986392,-18.36317921564546
86.3291,86.3291,234.0,226.97913745158962,225.59008782978034,-34.41913745158962
86.3485,86.3485,224.0,227.03498036440854,225.63380888124107,-44.47498036440854
86.368,86.368,241.0,227.09129198578958,225.67776012166811,-27.53129198578958
86.3874,86.3874,196.0,227.14749434105983,225.721490385697,-72.58749434105982
86.4069,86.4069,192.0,227.2041706006741,225.76545011376092,-76.6441706006741
86.4263,86.4263,222.0,227.26073741092674,225.8091880514909,-46.700737410926735
86.4458,86.4458,221.0,227.3177903502446,225.85315471646365,-47.75779035024459
86.4653,86.4653,211.0,227.3750370927568,225.89712427282174,-57.815037092756796
86.4847,86.4847,176.0,227.43218225063976,225.94087082449295,-92.87218225063975
86.5042,86.5042,207.0,227.48982301020487,225.98484497489844,-61.92982301020487
86.5236,86.5236,220.0,227.54737372006417,226.02859531685112,-48.98737372006417
86.5431,86.5431,238.0,227.60542126291963,226.07257249087212,-31.045421262919632
86.5625,86.5625,208.0,227.66338495354637,226.11632505679964,-61.10338495354637
86.582,86.582,213.0,227.72186183083068,226.16030367610378,-56.161861830830674
86.6015,86.6015,260.0,227.78055686818945,226.2042824235204,-9.220556868189448
86.6209,86.6209,233.0,227.83916840129208,226.24803537017434,-36.27916840129208
86.6404,86.6404,221.0,227.89830918159242,226.2920131784843,-48.33830918159242
86.6598,86.6598,211.0,227.95737377015666,226.335764396858,-58.39737377015666
86.6793,86.6793,226.0,228.01698091789513,226.37973966790992,-43.45698091789512
86.6987,86.6987,238.0,228.07651939282383,226.42348756409626,-31.516519392823824
86.7182,86.7182,199.0,228.13660828559094,226.46745869179216,-70.57660828559094
86.7377,86.7377,234.0,228.19693987716926,226.51142713563522,-35.636939877169254
86.7571,86.7571,244.0,228.2572186312859,226.55516703425374,-25.697218631285892
86.7766,86.7766,245.0,228.31806596849265,226.5991289085801,-24.758065968492645
86.796,86.796,196.0,228.37885822116078,226.64286146351887,-73.81885822116078
86.8155,86.8155,215.0,228.44023569885886,226.68681514229607,-54.880235698858854
86.8349,86.8349,226.0,228.50156961479843,226.7305387318869,-43.941569614798425
86.8544,86.8544,230.0,228.56349847026317,226.77448258108964,-40.00349847026317
86.8739,86.8739,234.0,228.62570565337998,226.81842088549848,-36.06570565337998
86.8933,86.8933,237.0,228.68788840246407,226.8621279533034,-33.127888402464066
86.9128,86.9128,226.0,228.7506878799218,226.9060539599638,-44.190687879921796
86.9322,86.9322,222.0,228.81346123573397,226.94974797128907,-48.253461235733965
86.9517,86.9517,242.0,228.87686817274593,226.99366002612598,-28.316868172745927
86.9711,86.9711,230.0,228.94026825782922,227.0373393313819,-40.380268257829215
86.9906,86.9906,225.0,229.00430712831786,227.08123577228133,-45.44430712831786
87.0101,87.0101,217.0,229.06868245870092,227.1251237581866,-53.50868245870092
87.0295,87.0295,195.0,229.13306066085582,227.16877787066966,-75.57306066085582
87.049,87.049,219.0,229.19811407862508,227.21264773220773,-51.63811407862508
87.0684,87.0684,199.0,229.263174321106,227.2562829774485,-71.70317432110599
87.0879,87.0879,237.0,229.32893599714683,227.30013303234014,-33.768935997146826
87.1073,87.1073,228.0,229.39471912149986,227.34374773266632,-42.83471912149986
87.1268,87.1268,222.0,229.461220846606,227.38757629054732,-48.90122084660601
87.1463,87.1463,244.0,229.52810293200451,227.43139343369106,-26.968102932004513
87.1657,87.1657,236.0,229.59503746211539,227.47497412264465,-35.03503746211538
87.1852,87.1852,231.0,229.66270602680106,227.51876721584972,-40.10270602680106
87.2046,87.2046,225.0,229.73044303726692,227.56232312827277,-46.17044303726692
87.2241,87.2241,241.0,229.79894881210114,227.6060904608944,-30.238948812101142
87.2435,87.2435,230.0,229.8675239907363,227.64961989087152,-41.307523990736286
87.263,87.263,227.0,229.93689799373198,227.69335974413377,-44.37689799373197
87.2825,87.2825,225.0,230.0067189715685,227.73708517308958,-46.44671897156849
87.3019,87.3019,206.0,230.07664681982857,227.78057162463634,-65.51664681982857
87.3214,87.3214,217.0,230.1473936418499,227.824266978564,-54.5873936418499
87.3408,87.3408,234.0,230.2182673333446,227.8677226452039,-37.65826733334461
87.3603,87.3603,220.0,230.29000180510272,227.9113861849315,-51.73000180510272
87.3797,87.3797,204.0,230.36186577897564,227.95480933234546,-67.80186577897564
87.3992,87.3992,231.0,230.43462308400942,227.99843931052382,-40.874623084009414
87.4187,87.4187,215.0,230.50791821335102,228.04205180471678,-56.94791821335102
87.4381,87.4381,213.0,230.58137385416094,228.08542285734026,-59.02137385416094
87.4576,87.4576,216.0,230.65577551109862,228.12899915133204,-56.09577551109862
87.477,87.477,221.0,230.7303667122134,228.17233331102173,-51.170366712213394
87.4965,87.4965,204.0,230.80593206170636,228.21587163695168,-68.24593206170636
87.5159,87.5159,200.0,230.88169927364467,228.25916714082408,-72.32169927364467
87.5354,87.5354,215.0,230.95849026411932,228.30266572260828,-57.39849026411932
87.5549,87.5549,218.0,231.0359194377952,228.34614371033524,-54.4759194377952
87.5743,87.5743,247.0,231.1135938680029,228.38937785290994,-25.553593868002906
87.5938,87.5938,199.0,231.1923435057125,228.43281341461355,-73.6323435057125
87.6132,87.6132,225.0,231.27138434943848,228.4760044560143,-47.711384349438475
87.6327,87.6327,211.0,231.35152338560823,228.51939579498375,-61.79152338560823
87.6521,87.6521,264.0,231.4319880177287,228.56254194360184,-8.871988017728711
87.6716,87.6716,203.0,231.51361577230315,228.60588725485707,-69.95361577230315
87.6911,87.6911,215.0,231.59601377858957,228.64920881130644,-58.03601377858956
87.7105,87.7105,227.0,231.67876570703723,228.69228418112814,-46.11876570703723
87.73,87.73,216.0,231.76276076285973,228.73555698451742,-57.202760762859725
87.7494,87.7494,225.0,231.84716636114968,228.77858294414912,-48.28716636114967
87.7689,87.7689,239.0,231.9328461847307,228.82180516875596,-34.37284618473069
87.7883,87.7883,246.0,232.01898099827804,228.86477989770316,-27.458980998278037
87.8078,87.8078,212.0,232.10647011020367,228.9079497094896,-61.54647011020367
87.8273,87.8273,224.0,232.1948812208058,228.9510925547616,-49.634881220805795
87.8467,87.8467,234.0,232.2838139714085,228.99398693557742,-39.723813971408504
87.8662,87.8662,211.0,232.3741985256721,229.03707459897268,-62.81419852567211
87.8856,87.8856,207.0,232.46512465147217,229.079913159244,-66.90512465147216
87.9051,87.9051,228.0,232.55758493051312,229.1229437858669,-45.99758493051311
87.9245,87.9245,213.0,232.65064983874902,229.16572467605278,-61.090649838749016
87.944,87.944,235.0,232.74531371095802,229.20869640264618,-39.18531371095801
87.9635,87.9635,213.0,232.84111389743234,229.25163789977276,-61.281113897432334
87.9829,87.9829,235.0,232.9376244779704,229.2943287198117,-39.377624477970386
88.0024,88.0024,251.0,233.03585923132474,229.33720850389923,-23.475859231324733
88.0218,88.0218,215.0,233.13483448559433,229.37983699113815,-59.57483448559432
88.0413,88.0413,218.0,233.2356316079262,229.42265317795653,-56.67563160792619
88.0607,88.0607,203.0,233.33726601640132,229.46521745364728,-71.77726601640131
88.0802,88.0802,259.0,233.44078557185202,229.50796815055847,-15.880785571852016
88.0997,88.0997,231.0,233.5457670770537,229.5506853035237,-43.98576707705371
88.1191,88.1191,208.0,233.65168491215636,229.5931496335263,-67.09168491215635
88.1386,88.1386,235.0,233.7596817061192,229.63579843937922,-40.19968170611921
88.158,88.158,210.0,233.86868341143503,229.67819382186275,-65.30868341143503
88.1775,88.1775,236.0,233.9798909129858,229.72077236687707,-39.41989091298581
88.1969,88.1969,264.0,234.09222905491484,229.76309689372547,-11.532229054914836
88.2164,88.2164,229.0,234.2068612540576,229.80560325572085,-46.6468612540576
88.2359,88.2359,223.0,234.32332501572745,229.84807270748064,-52.763325015727446
88.2553,88.2553,222.0,234.44107386911446,229.89028725872973,-53.88107386911446
88.2748,88.2748,231.0,234.56133079614435,229.93268162582743,-45.001330796144345
88.2942,88.2942,216.0,234.68299629502846,229.97482051181225,-60.12299629502846
88.3137,88.3137,203.0,234.80736947660301,230.0171378508639,-73.24736947660301
88.3331,88.3331,237.0,234.9332263068549,230.05919913393976,-39.37322630685489
88.3526,88.3526,239.0,235.06198510620652,230.1014374930612,-37.50198510620652
88.372,88.372,229.0,235.19238503878702,230.14341922712052,-47.63238503878702
88.3915,88.3915,233.0,235.32585749789146,230.18557664591424,-43.76585749789146
88.411,88.411,224.0,235.46178987896715,230.22769275016273,-52.90178987896715
88.4304,88.4304,240.0,235.59962839148034,230.26955138591507,-37.039628391480335
88.4499,88.4499,228.0,235.74085883236972,230.31158359070656,-49.18085883236972
88.4693,88.4693,235.0,235.88410702311023,230.35335777252675,-42.32410702311023
88.4888,88.4888,232.0,236.0309973735691,230.39530409611183,-45.470997373569105
88.5082,88.5082,235.0,236.18014680151947,230.43699184815705,-42.62014680151947
88.5277,88.5277,227.0,236.3331330420609,230.47885030022672,-50.77313304206089
88.5472,88.5472,208.0,236.48941254012573,230.52066395197852,-69.92941254012572
88.5666,88.5666,243.0,236.64824912504318,230.56221821980475,-35.08824912504318
88.5861,88.5861,207.0,236.81141619191357,230.6039409959197,-71.25141619191356
88.6055,88.6055,218.0,236.9773524487957,230.64540385447847,-60.4173524487957
88.625,88.625,220.0,237.1479655169211,230.6870337431802,-58.58796551692109
88.6444,88.6444,214.0,237.32167852177474,230.72840318673298,-64.76167852177474
88.6639,88.6639,232.0,237.50035099815264,230.76993816763962,-46.94035099815264
88.6834,88.6834,238.0,237.68337570887823,230.81142480971405,-41.12337570887823
88.7028,88.7028,238.0,237.8699651491756,230.8526502259907,-41.30996514917561
88.7223,88.7223,240.0,238.06212702022157,230.89403891091382,-39.502127020221565
88.7417,88.7417,226.0,238.2582269806988,230.93516585771306,-53.69822698069879
88.7612,88.7612,236.0,238.4604460726088,230.97645454352033,-43.90044607260879
88.7806,88.7806,235.0,238.66689343847835,231.01748098504711,-45.10689343847835
88.8001,88.8001,251.0,238.8800249268976,231.0586676211221,-29.320024926897588
88.8196,88.8196,233.0,239.0989829526259,231.09980232682517,-47.5389829526259
88.839,88.839,251.0,239.3229314963447,231.14067404002907,-29.76293149634469
88.8585,88.8585,227.0,239.5543251060254,231.18170360116653,-53.9943251060254
88.8779,88.8779,232.0,239.7912571065712,231.2224696792459,-49.231257106571206
88.8974,88.8974,258.0,240.0364158998123,231.26339202350326,-23.47641589981231
88.9168,88.9168,262.0,240.2875662166215,231.3040504004459,-19.72756621662151
88.9363,88.9363,203.0,240.5477431720039,231.34486344681085,-78.98774317200389
88.9558,88.9558,233.0,240.81604684777633,231.38562091795535,-49.25604684777633
88.9752,88.9752,217.0,241.09135284367002,231.42611370669405,-65.53135284367002
88.9947,88.9947,219.0,241.3770528773061,231.46675873939319,-63.81705287730611
89.0141,89.0141,209.0,241.67060993866392,231.50713862136038,-74.11060993866391
89.0336,89.0336,245.0,241.97553003485663,231.54766911278833,-38.41553003485663
89.053,89.053,225.0,242.28912525573992,231.58793399159396,-58.729125255739916
89.0725,89.0725,244.0,242.61529227781165,231.62834783018093,-40.055292277811645
89.092,89.092,249.0,242.95301850849197,231.6687023951066,-35.39301850849196
89.1114,89.1114,243.0,243.3009895240676,231.7087906661484,-41.7409895240676
89.1309,89.1309,239.0,243.66359017099867,231.749025391718,-46.10359017099867
89.1503,89.1503,226.0,244.03783510696272,231.78899337777892,-59.477835106962715
89.1698,89.1698,231.0,244.4280921200497,231.82910613049378,-54.86809212004971
89.1892,89.1892,237.0,244.83147900534988,231.86895170464535,-49.271479005349875
89.2087,89.2087,216.0,245.25288298831288,231.90894034221668,-70.69288298831287
89.2282,89.2282,221.0,245.69120589517672,231.94886595381024,-66.13120589517672
89.2476,89.2476,226.0,246.144952772439,231.9885237401146,-61.58495277243901
89.2671,89.2671,233.0,246.62005352694976,232.0283220038449,-55.06005352694976
89.2865,89.2865,253.0,247.11282375550306,232.06785201983405,-35.552823755503056
89.306,89.306,247.0,247.6292353037765,232.10752077136814,-42.06923530377651
89.3254,89.3254,227.0,248.1657616910627,232.1469208594144,-62.605761691062696
89.3449,89.3449,232.0,248.7291705052623,232.18645792558303,-58.16917050526229
89.3644,89.3644,246.0,249.31832924451083,232.22592815929812,-44.75832924451083
89.3838,89.3838,258.0,249.9314649937163,232.26512911804562,-33.3714649937163
89.4033,89.4033,263.0,250.57715523065755,232.3044643872285,-29.01715523065755
89.4227,89.4227,226.0,251.25033052562026,232.34352998263898,-66.69033052562025
89.4422,89.4422,240.0,251.9604198827527,232.38272809196073,-53.400419882752686
89.4616,89.4616,276.0,252.70227501406436,232.42165613554653,-18.142275014064353
89.4811,89.4811,243.0,253.48601525580008,232.46071488079588,-51.92601525580008
89.5006,89.5006,241.0,254.31032918047177,232.49970293267336,-54.750329180471766
89.52,89.52,244.0,255.17427594736998,232.53842034329622,-52.614275947369975
89.5395,89.5395,250.0,256.08962945595925,232.57726570524508,-47.52962945595925
89.5589,89.5589,254.0,257.0502304351617,232.61584005125883,-44.49023043516172
89.5784,89.5784,253.0,258.07024560184095,232.65454049679278,-46.51024560184095
89.5978,89.5978,241.0,259.1434008831366,232.69296955868924,-59.58340088313662
89.6173,89.6173,234.0,260.2845072171779,232.7315228523935,-67.72450721717792
89.6368,89.6368,250.0,261.4942018633328,232.7700015370812,-52.93420186333282
89.6562,89.6562,260.0,262.7707577196217,232.80820829929343,-44.21075771962171
89.6757,89.6757,224.0,264.13319095745436,232.84653645936328,-81.57319095745436
89.6951,89.6951,245.0,265.57357479998427,232.88459234688153,-62.01357479998427
89.7146,89.7146,261.0,267.11454437670375,232.92276772452828,-47.554544376703745
89.734,89.734,258.0,268.7480379834829,232.96067048666325,-52.1880379834829
89.7535,89.7535,272.0,270.4980995289525,232.99869081510715,-39.93809952895248
89.773,89.773,242.0,272.367466050676,233.0366325638804,-71.807466050676
89.7924,89.7924,234.0,274.3550331149799,233.07430119570773,-81.7950331149799
89.8119,89.8119,247.0,276.4921269788648,233.1120844753154,-70.9321269788648
89.8313,89.8313,240.0,278.767843958446,233.1495943129887,-80.207843958446
89.8508,89.8508,253.0,281.22031216428155,233.18721683414523,-69.66031216428155
89.8702,89.8702,246.0,283.8366339838865,233.22456559563318,-79.27663398388648
89.8897,89.8897,240.0,286.66045768953643,233.2620250600323,-88.10045768953643
89.9092,89.9092,260.0,289.69401953820966,233.29940191881343,-71.13401953820966
89.9286,89.9286,240.0,292.9381902554567,233.33650455462396,-94.37819025545667
89.9481,89.9481,273.0,296.4421549450197,233.3737148892681,-64.88215494501969
89.9675,89.9675,254.0,300.19246257890813,233.41065070152646,-87.63246257890813
89.987,89.987,287.0,304.2457397647865,233.44769219110603,-58.68573976478649
90.0064,90.0064,250.0,308.57913267434105,233.48445886627854,-100.01913267434105
90.0259,90.0259,238.0,313.2593537519824,233.52132918079917,-116.69935375198241
90.0454,90.0454,253.0,318.28316173050683,233.55811280817815,-106.72316173050683
90.0648,90.0648,261.0,323.636867972058,233.59462119671224,-104.07686797205798
90.0843,90.0843,298.0,329.3924819427526,233.63123013399328,-72.83248194275262
90.1037,90.1037,246.0,335.4981988688062,233.66756355907674,-130.93819886880618
90.1232,90.1232,275.0,342.0178063474083,233.703995453529,-108.45780634740828
90.1426,90.1426,268.0,348.8743428037966,233.74015156996472,-122.31434280379659
90.1621,90.1621,298.0,356.1211711947086,233.77640405974418,-99.5611711947086
90.1816,90.1816,303.0,363.68578607889003,233.8125657249982,-102.12578607889003
90.201,90.201,296.0,371.4679151866087,233.8484512273989,-116.9079151866087
90.2205,90.2205,305.0,379.4734712960468,233.8844299250393,-115.9134712960468
90.2399,90.2399,305.0,387.51528328425337,233.92013221302778,-123.95528328425337
90.2594,90.2594,308.0,395.5468474012579,233.95592555835873,-128.98684740125788
90.2788,90.2788,298.0,403.33201527272973,233.99144225491386,-146.77201527272973
90.2983,90.2983,289.0,410.7867827299432,234.0270478540805,-163.22678272994318
90.3178,90.3178,293.0,417.68705690698596,234.06255843519432,-166.12705690698596
90.3372,90.3372,345.0,423.8251411781405,234.09779202303747,-120.26514117814048
90.3567,90.3567,302.0,429.1070004317162,234.1331112469017,-168.54700043171619
90.3761,90.3761,373.0,433.35472963717484,234.16815325774527,-101.79472963717484
90.3956,90.3956,343.0,436.5297465052839,234.20327870753763,-134.96974650528392
90.415,90.415,329.0,438.5728621243194,234.23812673237597,-151.01286212431938
90.4345,90.4345,358.0,439.5352819184036,234.273055982069,-122.9752819184036
90.454,90.454,331.0,439.4803246563342,234.30788596375487,-149.92032465633417
90.4734,90.4734,387.0,438.53060999911963,234.3424382170794,-92.97060999911963
90.4929,90.4929,405.0,436.8108599294334,234.37706833919393,-73.25085992943337
90.5123,90.5123,379.0,434.4795398415042,234.41142054074334,-96.91953984150422
90.5318,90.5318,414.0,431.634232586856,234.4458483541763,-59.074232586856
90.5512,90.5512,410.0,428.4068100415442,234.47999806279952,-59.84681004154419
90.5707,90.5707,410.0,424.84018476500785,234.51422110918932,-56.280184765007846
90.5902,90.5902,432.0,420.99172050598486,234.54834058090722,-30.431720505984856
90.6096,90.6096,514.0,416.88697138115674,234.58218168624532,55.67302861884326
90.6291,90.6291,455.0,412.48143426069606,234.61609268281887,1.07856573930394
90.6485,90.6485,539.0,407.80191978831897,234.64972514885537,89.75808021168103
90.668,90.668,509.0,402.7765073948174,234.6834251887248,64.78349260518263
90.6874,90.6874,505.0,397.4503704664028,234.71684654200274,66.10962953359723
90.7069,90.7069,604.0,391.7787815320928,234.7503331343109,170.7812184679072
90.7264,90.7264,605.0,385.8191928621275,234.78371178828849,177.74080713787248
90.7458,90.7458,581.0,379.6486926979476,234.81681153669584,159.91130730205242
90.7653,90.7653,587.0,373.2708991384487,234.84997298613916,172.28910086155128
90.7847,90.7847,574.0,366.8268692413701,234.88285539440506,165.7331307586299
90.8042,90.8042,634.0,360.327674601106,234.91579712514346,232.23232539889398
90.8236,90.8236,575.0,353.91263555900474,234.94845968734424,179.64736444099526
90.8431,90.8431,591.0,347.588252037399,234.98117917586353,201.971747962601
90.8626,90.8626,593.0,341.4416945117397,235.0137863051163,210.11830548826032
90.882,90.882,558.0,335.5510052457428,235.04611409020222,181.00899475425723
90.9015,90.9015,647.0,329.8870677138357,235.07849517114857,275.6729322861643
90.9209,90.9209,593.0,324.53294416406396,235.11059680137717,227.02705583593604
90.9404,90.9404,562.0,319.44177392819495,235.14274928707405,201.11822607180505
90.9598,90.9598,597.0,314.6725444962383,235.17462222389426,240.88745550376171
90.9793,90.9793,512.0,310.17313465348957,235.20654355800875,160.38686534651043
90.9988,90.9988,521.0,305.9635492720205,235.2383480543599,173.59645072797952
91.0182,91.0182,545.0,302.04978393678573,235.26987287031778,201.51021606321427
91.0377,91.0377,489.0,298.38164226374033,235.30144235964266,149.17835773625967
91.0571,91.0571,576.0,294.9812144130169,235.33273209158867,239.5787855869831
91.0766,91.0766,514.0,291.7980170502459,235.36406399401022,180.7619829497541
91.096,91.096,509.0,288.8504934647739,235.39511607060535,178.70950653522613
91.1155,91.1155,474.0,286.09277223962,235.42620779681053,146.46722776038
91.135,91.135,469.0,283.5269845526991,235.45717814891123,144.0330154473009
91.1544,91.1544,447.0,281.1491850775316,235.4878685885485,124.41081492246838
91.1739,91.1739,421.0,278.9235274421143,235.51859485938982,100.63647255788572
91.1933,91.1933,417.0,276.8596600972514,235.54904117085954,98.70033990274862
91.2128,91.2128,418.0,274.92454967688957,235.5795207474689,101.63545032311043
91.2322,91.2322,384.0,273.1279116039648,235.6097203264833,69.43208839603523
91.2517,91.2517,371.0,271.4414431049004,235.63995058640617,58.11855689509963
91.2711,91.2711,404.0,269.87234476598286,235.66990081923754,92.68765523401714
91.2906,91.2906,384.0,268.39723264060547,235.6998791305241,74.16276735939454
91.3101,91.3101,358.0,267.0158125720593,235.7297301503022,49.5441874279407
91.3295,91.3295,341.0,265.7279037178729,235.75930111518372,33.83209628212711
91.349,91.349,338.0,264.51326515936734,235.78889621716107,32.046734840632666
91.3684,91.3684,320.0,263.3790622653274,235.8182112567584,15.180937734672625
91.3879,91.3879,304.0,262.30720335380147,235.84754778517728,0.2527966461985329
91.4073,91.4073,284.0,261.30424606882,235.87660425260742,-18.74424606882002
91.4268,91.4268,303.0,260.3550095711579,235.9056795421688,1.204990428842109
91.4463,91.4463,303.0,259.4609234087722,235.93462287060666,2.0990765912277993
91.4657,91.4657,302.0,258.6216863332946,235.96328615690007,1.938313666705426
91.4852,91.4852,319.0,257.82574299285784,235.99196422716267,19.734257007142162
91.5046,91.5046,276.0,257.07761270297925,236.0203622790559,-22.51761270297925
91.5241,91.5241,279.0,256.36655100291176,236.04877240192087,-18.80655100291176
91.5435,91.5435,269.0,255.69730281131737,236.07690253921498,-28.13730281131737
91.563,91.563,282.0,255.0602513694887,236.10504201587256,-14.500251369488694
91.5825,91.5825,280.0,254.45683637530337,236.13304480301574,-15.896836375303366
91.6019,91.6019,257.0,253.88734288807785,236.16076767086338,-38.32734288807785
91.6214,91.6214,282.0,253.34436500722026,236.1884957420855,-12.78436500722026
91.6408,91.6408,244.0,252.83135428964368,236.2159439495674,-50.27135428964368
91.6603,91.6603,245.0,252.3413182467967,236.24339458202007,-48.7813182467967
91.6797,91.6797,291.0,251.87785927094038,236.2705654154605,-2.3178592709403745
91.6992,91.6992,278.0,251.43472658779922,236.29773587666162,-14.874726587799216
91.7187,91.7187,275.0,251.01284169657856,236.32476486089843,-17.45284169657856
91.7381,91.7381,247.0,250.6131281310492,236.351514160615,-45.05312813104919
91.7576,91.7576,253.0,250.23019201235675,236.37825885324835,-38.67019201235675
91.777,91.777,255.0,249.86698825643185,236.40472394922134,-36.30698825643185
91.7965,91.7965,243.0,249.51866404962814,236.4311815936151,-47.95866404962814
91.8159,91.8159,244.0,249.18804786464474,236.45735973853155,-46.62804786464474
91.8354,91.8354,273.0,248.8705767444412,236.48352756836985,-17.310576744441192
91.8549,91.8549,262.0,248.5673161936013,236.50954907445126,-28.007316193601298
91.8743,91.8743,236.0,248.2789963985478,236.53529124455434,-53.7189963985478
91.8938,91.8938,264.0,248.00191569185708,236.5610187648476,-25.441915691857076
91.9132,91.9132,263.0,247.73811549868324,236.58646706985445,-26.17811549868324
91.9327,91.9327,207.0,247.48447447388807,236.61189781377433,-81.92447447388807
91.9521,91.9521,242.0,247.24285723276728,236.63704947257398,-46.682857232767276
91.9716,91.9716,292.0,247.0102374615857,236.66218063980938,3.5497625384143134
91.9911,91.9911,248.0,246.78739946672232,236.68716057686927,-40.22739946672232
92.0105,92.0105,248.0,246.57496986772207,236.7118616421091,-40.01496986772207
92.03,92.03,268.0,246.37028420668432,236.73653778012857,-19.810284206684315
92.0494,92.0494,251.0,246.17491608566476,236.76093520038214,-36.61491608566476
92.0689,92.0689,252.0,245.98662172618845,236.78530471466524,-35.42662172618844
92.0883,92.0883,236.0,245.80683115431233,236.80939567486286,-51.24683115431233
92.1078,92.1078,227.0,245.63334706305463,236.83345573094167,-60.07334706305463
92.1273,92.1273,229.0,245.46685388325383,236.8573595905167,-57.90685388325383
92.1467,92.1467,263.0,245.30775251891941,236.88098515990688,-23.747752518919413
92.1662,92.1662,217.0,245.15411503885215,236.90457528755604,-69.59411503885215
92.1856,92.1856,246.0,245.0072799107812,236.92788731296983,-40.44727991078119
92.2051,92.2051,220.0,244.86541730733413,236.951160849725,-66.30541730733412
92.2245,92.2245,224.0,244.72977193557514,236.9741564819735,-62.16977193557514
92.244,92.244,243.0,244.5986705679927,236.99711055904845,-43.03867056799271
92.2635,92.2635,228.0,244.4726620061273,237.01990341309832,-57.912662006127306
92.2829,92.2829,246.0,244.35206864851432,237.04241867794556,-39.79206864851432
92.3024,92.3024,250.0,244.23545502759256,237.0648877469855,-35.67545502759256
92.3218,92.3218,239.0,244.1238624783674,237.08707944920374,-46.56386247836741
92.3413,92.3413,257.0,244.01594594271955,237.10922183983192,-28.455945942719552
92.3607,92.3607,239.0,243.9125837203544,237.13108709595215,-46.3525837203544
92.3802,92.3802,227.0,243.8126466374536,237.15289990490254,-58.25264663745361
92.3997,92.3997,241.0,243.71643149119683,237.17454640382988,-44.15643149119683
92.4191,92.4191,231.0,243.62430261686734,237.19591613576466,-54.06430261686734
92.4386,92.4386,227.0,243.53514190490233,237.21722867583387,-57.97514190490233
92.458,92.458,230.0,243.44976749836832,237.23826470626184,-54.889767498368315
92.4775,92.4775,249.0,243.3671526482148,237.25924035947588,-35.80715264821481
92.4969,92.4969,244.0,243.28798239630814,237.2799397704873,-40.727982396308136
92.5164,92.5164,238.0,243.2114075695744,237.30057559893882,-46.65140756957439
92.5359,92.5359,242.0,243.1376804082274,237.32103996960956,-42.577680408227394
92.5553,92.5553,197.0,243.0670275133581,237.34122851861594,-87.50702751335811
92.5748,92.5748,246.0,242.99866432679403,237.36134863525066,-38.438664326794026
92.5942,92.5942,248.0,242.93322548834882,237.38119322308472,-36.37322548834882
92.6137,92.6137,226.0,242.8698705168766,237.4009661229297,-58.3098705168766
92.6331,92.6331,254.0,242.80921110595511,237.42046379708026,-30.249211105955112
92.6526,92.6526,206.0,242.75051646287773,237.4398865074254,-78.19051646287772
92.6721,92.6721,214.0,242.69405429178065,237.45913255118842,-70.13405429178064
92.6915,92.6915,227.0,242.63997538087193,237.47810384363464,-57.07997538087193
92.711,92.711,239.0,242.58771638912606,237.4969952162887,-45.027716389126056
92.7304,92.7304,234.0,242.53769516323499,237.51561216654667,-49.97769516323498
92.7499,92.7499,236.0,242.4893358632831,237.53414587041985,-47.929335863283086
92.7693,92.7693,225.0,242.44309421447034,237.55240549121635,-58.88309421447033
92.7888,92.7888,242.0,242.3984261711735,237.57057851863414,-41.838426171173495
92.8083,92.8083,231.0,242.35549836503355,237.58856960934173,-52.79549836503355
92.8277,92.8277,233.0,242.31448781537074,237.60628714601012,-50.75448781537074
92.8472,92.8472,240.0,242.27490213086622,237.62391302607514,-43.71490213086622
92.8666,92.8666,234.0,242.23711452817682,237.64126571762648,-49.677114528176816
92.8861,92.8861,225.0,242.20067020410755,237.6585233542974,-58.64067020410755
92.9055,92.9055,223.0,242.1659254124938,237.6755081785356,-60.605925412493804
92.925,92.925,231.0,242.13246443442196,237.69239452901198,-52.57246443442196
92.9445,92.9445,231.0,242.10041402379187,237.70909361103952,-52.54041402379187
92.9639,92.9639,224.0,242.06991206485887,237.72552046515702,-59.50991206485887
92.9834,92.9834,245.0,242.04060228574357,237.74184367398237,-38.48060228574357
93.0028,93.0028,253.0,242.01272881775375,237.75789505757845,-30.45272881775375
93.0223,93.0223,243.0,241.98599176709735,237.7738393252088,-40.425991767097344
93.0417,93.0417,248.0,241.96065635740752,237.789512181004,-35.40065635740751
93.0612,93.0612,263.0,241.93638464262068,237.8050744293516,-20.37638464262068
93.0807,93.0807,244.0,241.91329748556615,237.82044401561805,-39.353297485566145
93.1001,93.1001,222.0,241.8914990401124,237.83554283088606,-61.33149904011239
93.1196,93.1196,230.0,241.87072281497183,237.8505257577991,-53.310722814971825
93.139,93.139,209.0,241.85113844810482,237.8652383541032,-74.29113844810482
93.1585,93.1585,248.0,241.83256522837956,237.8798315182673,-35.27256522837956
93.1779,93.1779,246.0,241.81514132171637,237.89415480308398,-37.255141321716366
93.1974,93.1974,246.0,241.79866770016713,237.90835509096263,-37.23866770016713
93.2169,93.2169,223.0,241.78322249919125,237.92235726095006,-60.22322249919125
93.2363,93.2363,230.0,241.7688853413034,237.93609024957507,-53.208885341303386
93.2558,93.2558,245.0,241.7554522132075,237.94969484990094,-38.19545221320749
93.2752,93.2752,243.0,241.74306523619998,237.96303074751896,-40.18306523619998
93.2947,93.2947,210.0,241.7315801491915,237.97623463922335,-73.1715801491915
93.3141,93.3141,210.0,241.72110900043936,237.98917031790594,-73.16110900043935
93.3336,93.3336,226.0,241.71151473917243,238.00197035184203,-57.15151473917243
93.3531,93.3531,232.0,241.70287593371012,238.01456674961642,-51.142875933710116
93.3725,93.3725,251.0,241.69519524922657,238.02689569033987,-32.13519524922657
93.392,93.392,232.0,241.68838565066378,238.03908348342188,-51.12838565066377
93.4114,93.4114,233.0,241.68252160880664,238.0510043369319,-50.122521608806636
93.4309,93.4309,226.0,241.67753097855476,238.0627803506359,-57.117530978554754
93.4503,93.4503,234.0,241.67346597168336,238.0742899534386,-49.113465971683354
93.4698,93.4698,240.0,241.6702691090867,238.08565100284585,-43.11026910908669
93.4893,93.4893,229.0,241.6679883868223,238.09680283507643,-54.107988386822285
93.5087,93.5087,240.0,241.6666071777467,238.10768907120524,-43.106607177746696
93.5282,93.5282,262.0,241.66610132787065,238.1184211384246,-21.106101327870647
93.5476,93.5476,246.0,241.66651060329843,238.12888816640768,-37.10651060329843
93.5671,93.5671,242.0,241.66782315778102,238.139197258043,-41.10782315778101
93.5865,93.5865,235.0,241.67001402754474,238.14924187866032,-48.110014027544736
93.606,93.606,217.0,241.6731497883919,238.15912477385936,-66.1131497883919
93.6255,93.6255,243.0,241.6772051820189,238.16879280783925,-40.11720518201889
93.6449,93.6449,250.0,241.6821556410673,238.17819724527575,-33.12215564106731
93.6644,93.6644,248.0,241.68806480850597,238.187434228072,-35.12806480850597
93.6838,93.6838,270.0,241.6949115408449,238.196408211142,-13.13491154084491
93.7033,93.7033,240.0,241.70274428054265,238.2052108961331,-43.142744280542644
93.7227,93.7227,236.0,241.71150482284497,238.21375118972978,-47.15150482284497
93.7422,93.7422,238.0,241.72131009912908,238.22211631996865,-45.16131009912908
93.7617,93.7617,223.0,241.73213495445248,238.23026088163442,-60.172134954452474
93.7811,93.7811,228.0,241.74391276942305,238.23814398690683,-55.183912769423046
93.8006,93.8006,248.0,241.75682558522143,238.24584608479762,-35.19682558522143
93.82,93.82,241.0,241.77074192475894,238.25328736363178,-42.210741924758935
93.8395,93.8395,243.0,241.7858230633545,238.2605437149158,-40.22582306335451
93.8589,93.8589,240.0,241.80194999319264,238.26753989615727,-43.241949993192634
93.8784,93.8784,216.0,241.81932339380486,238.27434720763102,-67.25932339380486
93.8979,93.8979,236.0,241.83789556721757,238.28092817958319,-47.27789556721757
93.9173,93.9173,242.0,241.85757147316454,238.2872499778756,-41.29757147316454
93.9368,93.9368,238.0,241.8786333503682,238.29337694647697,-45.3186333503682
93.9562,93.9562,225.0,241.90088236324144,238.29924541984573,-58.340882363241434
93.9757,93.9757,234.0,241.9245646356602,238.3049150658927,-49.3645646356602
93.9951,93.9951,239.0,241.94953574893157,238.31032690697515,-44.389535748931564
94.0146,94.0146,223.0,241.97606912309644,238.31553590084633,-60.416069123096435
94.034,94.034,238.0,242.003926144383,238.32048779190902,-45.443926144383
94.0535,94.0535,216.0,242.03349636729874,238.32523279355203,-67.47349636729874
94.073,94.073,228.0,242.06467306786695,238.3297439425982,-55.504673067866946
94.0924,94.0924,265.0,242.09734349539877,238.33399906539577,-18.537343495398773
94.1119,94.1119,243.0,242.13190025154154,238.3380411882285,-40.571900251541535
94.1313,94.1313,237.0,242.16810925758455,238.34182801690923,-46.608109257584545
94.1508,94.1508,255.0,242.20637549035737,238.34539774732755,-28.64637549035737
94.1702,94.1702,217.0,242.24638336935422,238.34871292774326,-66.68638336935422
94.1897,94.1897,218.0,242.2886673633903,238.35180688906937,-65.72866736339029
94.2092,94.2092,248.0,242.33310696240017,238.3546610804332,-35.77310696240016
94.2286,94.2286,254.0,242.37952418437348,238.35726186170757,-29.819524184373478
94.2481,94.2481,270.0,242.42856230051265,238.35963519492176,-13.86856230051265
94.2675,94.2675,257.0,242.47980649027386,238.36175589254935,-26.919806490273857
94.287,94.287,253.0,242.5338851717656,238.36364496467218,-30.973885171765602
94.3064,94.3064,232.0,242.59037911196336,238.36528218792924,-52.030379111963356
94.3259,94.3259,244.0,242.65003602722587,238.3666835854958,-40.090036027225864
94.3454,94.3454,237.0,242.7127060761396,238.36783923120834,-47.152706076139594
94.3648,94.3648,230.0,242.77816492618237,238.3687442321917,-54.21816492618237
94.3843,94.3843,233.0,242.84732873178808,238.36940705897612,-51.28732873178808
94.4037,94.4037,239.0,242.9196400273065,238.3698200585206,-45.35964002730651
94.4232,94.4232,231.0,242.99597440908187,238.3699866265327,-53.435974409081865
94.4426,94.4426,228.0,243.07587305371953,238.36990419717839,-56.51587305371953
94.4621,94.4621,249.0,243.16031240786194,238.36957105600462,-35.600312407861935
94.4816,94.4816,229.0,243.24914284827946,238.3689861162758,-55.68914284827946
94.501,94.501,262.0,243.34209550510025,238.3681534484144,-22.782095505100244
94.5205,94.5205,265.0,243.4404864188311,238.36706359957097,-19.88048641883111
94.5399,94.5399,242.0,243.5435625417526,238.36572688365393,-42.983562541752605
94.5594,94.5594,235.0,243.65265877640957,238.36412864878773,-50.092658776409564
94.5788,94.5788,251.0,243.76712255355318,238.36228442045842,-34.20712255355318
94.5983,94.5983,230.0,243.88841729791196,238.36017431204584,-55.328417297911955
94.6178,94.6178,222.0,244.0163822753208,238.35780629328397,-63.456382275320806
94.6372,94.6372,241.0,244.15072892096583,238.35519361626882,-44.59072892096583
94.6567,94.6567,226.0,244.29338603862462,238.35230846823237,-59.733386038624616
94.6761,94.6761,248.0,244.44328561457775,238.34917956715762,-37.883285614577744
94.6956,94.6956,241.0,244.6026590545834,238.345773775713,-45.042659054583396
94.715,94.715,225.0,244.77042165032532,238.3421251491645,-61.210421650325316
94.7345,94.7345,279.0,244.9488876391163,238.33819518951663,-7.388887639116291
94.754,94.754,255.0,245.1378937287804,238.3340011423488,-31.577893728780396
94.7734,94.7734,249.0,245.3373245921405,238.32956566214548,-37.7773245921405
94.7929,94.7929,222.0,245.549919953527,238.32484213500427,-64.989919953527
94.8123,94.8123,214.0,245.774324183373,238.31987812478752,-73.21432418337301
94.8318,94.8318,226.0,246.01400178206273,238.31462156615234,-61.45400178206273
94.8512,94.8512,238.0,246.26748746849808,238.3091254872898,-49.70748746849807
94.8707,94.8707,223.0,246.53832038783335,238.30333233493246,-64.97832038783335
94.8902,94.8902,259.0,246.82680129652647,238.29726885222453,-29.266801296526467
94.9096,94.9096,217.0,247.13254782771173,238.29096731910366,-71.57254782771173
94.9291,94.9291,223.0,247.46008990443082,238.28436187461907,-65.90008990443081
94.9485,94.9485,249.0,247.80753250377975,238.27751937501858,-40.24753250377975
94.968,94.968,248.0,248.1804365171641,238.27036837968825,-41.62043651716411
94.9874,94.9874,269.0,248.57668720695943,238.26298133759693,-21.016687206959432
95.0069,95.0069,238.0,249.00213218791694,238.25528119159807,-52.44213218791694
95.0264,95.0264,234.0,249.4573294337325,238.24730440647477,-56.897329433732494
95.0458,95.0458,251.0,249.94187728880982,238.2390931130421,-40.38187728880982
95.0653,95.0653,259.0,250.46305283577436,238.2305617526689,-32.90305283577436
95.0847,95.0847,259.0,251.01806622757232,238.22179692521536,-33.45806622757232
95.1042,95.1042,241.0,251.61570167105762,238.21270736281338,-52.05570167105762
95.1236,95.1236,232.0,252.25227403052443,238.2033853877882,-61.69227403052443
95.1431,95.1431,230.0,252.9378756685662,238.19373398577838,-64.37787566856619
95.1626,95.1626,223.0,253.6721927580247,238.18379956964318,-72.11219275802469
95.182,95.182,251.0,254.45425195748246,238.1736343488699,-44.89425195748245
95.2015,95.2015,236.0,255.29476532713176,238.16313261177635,-60.734765327131754
95.2209,95.2209,258.0,256.1889473338249,238.15240115780335,-39.6289473338249
95.2404,95.2404,230.0,257.1481786516748,238.14132843510092,-68.58817865167481
95.2598,95.2598,263.0,258.164624887057,238.13002709667722,-36.604624887057014
95.2793,95.2793,240.0,259.25127181959385,238.1183797128693,-60.69127181959385
95.2988,95.2988,209.0,260.40350393358045,238.1064428734248,-92.84350393358045
95.3182,95.3182,239.0,261.6140952436634,238.0942790966777,-64.05409524366343
95.3377,95.3377,254.0,262.89459869606355,238.08176205776536,-50.33459869606355
95.3571,95.3571,227.0,264.22779346886193,238.06901921643953,-78.66779346886193
95.3766,95.3766,262.0,265.6207575567976,238.05591827537592,-45.060757556797626
95.396,95.396,243.0,267.05017095789736,238.0425926803595,-65.49017095789736
95.4155,95.4155,276.0,268.51924721353294,238.02890412356888,-33.95924721353293
95.435,95.435,251.0,270.00441905243684,238.01491960283658,-60.44441905243684
95.4544,95.4544,261.0,271.4780327572933,238.0007121779083,-51.918032757293304
95.4739,95.4739,238.0,272.9335421950757,237.9861344458324,-76.37354219507569
95.4933,95.4933,235.0,274.329995281622,237.9713349921836,-80.76999528162202
95.5128,95.5128,253.0,275.6535526949513,237.9561603078861,-64.09355269495131
95.5322,95.5322,243.0,276.8629307565766,237.94076509838337,-75.30293075657659
95.5517,95.5517,242.0,277.9440682454081,237.92498971004798,-77.38406824540812
95.5712,95.5712,240.0,278.86638544945254,237.90891178238857,-80.30638544945253
95.5906,95.5906,243.0,279.60779436888765,237.8926151515278,-78.04779436888765
95.6101,95.6101,250.0,280.1649140883162,237.87593086671714,-71.6049140883162
95.6295,95.6295,237.0,280.5276268462657,237.8590291096687,-84.96762684626572
95.649,95.649,237.0,280.7043979109085,237.84173468847285,-85.14439791090848
95.6684,95.6684,244.0,280.7040145379337,237.82422403992103,-78.14401453793369
95.6879,95.6879,241.0,280.543492154905,237.8063156921215,-80.98349215490498
95.7074,95.7074,251.0,280.24275546588524,237.78809816225467,-70.68275546588524
95.7268,95.7268,262.0,279.8273372995065,237.7696663001965,-59.267337299506494
95.7463,95.7463,241.0,279.3128343066733,237.7508291328735,-79.75283430667332
95.7657,95.7657,238.0,278.72356518860613,237.73177891327254,-82.16356518860613
95.7852,95.7852,230.0,278.06758308014423,237.71231829074188,-89.50758308014423
95.8046,95.8046,228.0,277.3616829433754,237.6926459099395,-90.8016829433754
95.8241,95.8241,241.0,276.60396363440316,237.672558003419,-77.04396363440316
95.8436,95.8436,281.0,275.8004540677288,237.65215420444395,-36.24045406772882
95.863,95.863,259.0,274.95261016084265,237.63154061643968,-57.39261016084265
95.8825,95.8825,249.0,274.04949050466104,237.6105037646407,-66.48949050466103
95.9019,95.9019,247.0,273.09748328864447,237.58925845328807,-67.53748328864447
95.9214,95.9214,256.0,272.08408917389477,237.56758469223456,-57.524089173894765
95.9408,95.9408,275.0,271.0201758721337,237.54570381537133,-37.460175872133675
95.9603,95.9603,251.0,269.89821790030976,237.52338927755596,-60.33821790030976
95.9798,95.9798,277.0,268.7297874025325,237.500752068971,-33.169787402532506
95.9992,95.9992,291.0,267.528948230071,237.47790978881895,-17.96894823007102
96.0187,96.0187,274.0,266.2948073537949,237.45462597641395,-33.734807353794906
96.0381,96.0381,273.0,265.0522279576226,237.4311384720948,-33.49222795762262
96.0576,96.0576,298.0,263.7997363764277,237.4072041605986,-7.239736376427686
96.077,96.077,269.0,262.5625313426071,237.3830675512858,-35.002531342607085
96.0965,96.0965,274.0,261.3385949039113,237.35847883430452,-28.778594903911312
96.116,96.116,296.0,260.14318492043526,237.3335606000273,-5.583184920435258
96.1354,96.1354,303.0,258.9898968655882,237.30844218810265,2.570103134411795
96.1549,96.1549,299.0,257.8732341511466,237.28286366281552,-0.31323415114661657
96.1743,96.1743,292.0,256.80811286126857,237.2570863903293,-6.248112861268567
96.1938,96.1938,315.0,255.78630352135684,237.2308436397591,17.77369647864316
96.2132,96.2132,318.0,254.82007981926574,237.20440358705974,21.73992018073426
96.2327,96.2327,321.0,253.8990567862953,237.1774926657644,25.660943213704712
96.2522,96.2522,309.0,253.02814900534537,237.15024531215207,14.531850994654633
96.2716,96.2716,295.0,252.21036418245748,237.12280285343715,1.34963581754252
96.2911,96.2911,286.0,251.43546350979054,237.09488138486572,-6.875463509790535
96.3105,96.3105,276.0,250.70915270404723,237.0667662930565,-16.149152704047225
96.33,96.33,285.0,250.02205186543802,237.03816673608932,-6.4620518654380135
96.3494,96.3494,293.0,249.3790276900959,237.0093750525486,2.1809723099040923
96.3689,96.3689,257.0,248.77061032405365,236.98009342253377,-33.21061032405365
96.3884,96.3884,244.0,248.198080515654,236.95046837640305,-45.638080515653996
96.4078,96.4078,233.0,247.66188815466674,236.92065347851758,-56.10188815466674
96.4273,96.4273,269.0,247.15419155113972,236.8903403561538,-19.594191551139716
96.4467,96.4467,265.0,246.67792902238978,236.8598389159404,-23.117929022389774
96.4662,96.4662,285.0,246.22637225055797,236.82883370458185,-2.66637225055797
96.4856,96.4856,306.0,245.80235414927338,236.79764172425698,18.757645850726618
96.5051,96.5051,245.0,245.39941366964538,236.76594039988063,-41.83941366964538
96.5246,96.5246,318.0,245.01828049908718,236.7338886065277,31.54171950091282
96.544,96.544,262.0,244.65931096261312,236.70165239775898,-24.099310962613117
96.5635,96.5635,275.0,244.31711407222085,236.6688984290088,-10.757114072220844
96.5829,96.5829,275.0,243.99395693907982,236.6359616314151,-10.43395693907982
96.6024,96.6024,257.0,243.68540968861132,236.60250143501935,-28.125409688611313
96.6218,96.6218,265.0,243.39333515685883,236.56886001151008,-19.833335156858823
96.6413,96.6413,264.0,243.1136833398399,236.53468952391304,-20.553683339839893
96.6608,96.6608,263.0,242.84703723344978,236.5001614451338,-21.28703723344978
96.6802,96.6802,232.0,242.5938408447382,236.46545457246705,-52.033840844738194
96.6997,96.6997,262.0,242.35048025267298,236.43021008067058,-21.790480252672978
96.7191,96.7191,274.0,242.1187943291769,236.39478843485568,-9.55879432917689
96.7386,96.7386,253.0,241.89566173133616,236.35882343814566,-30.33566173133616
96.758,96.758,278.0,241.68264071143292,236.3226829426243,-5.122640711432922
96.7775,96.7775,254.0,241.4770056792542,236.28599333775074,-28.917005679254203
96.7969,96.7969,279.0,241.28034357411795,236.24912990466285,-3.7203435741179476
96.8164,96.8164,248.0,241.08998154502922,236.21171157700917,-34.529981545029216
96.8359,96.8359,248.0,240.90653048440797,236.17392639946073,-34.346530484407964
96.8553,96.8553,251.0,240.73044732772865,236.13596993074927,-31.170447327728652
96.8748,96.8748,252.0,240.55949625438885,236.09744983183646,-29.999496254388845
96.8942,96.8942,237.0,240.39498824569915,236.0587601510784,-44.83498824569915
96.9137,96.9137,238.0,240.23493141218674,236.01950098769555,-43.67493141218674
96.9331,96.9331,250.0,240.0806648941264,235.98007396735645,-31.520664894126384
96.9526,96.9526,221.0,239.93020163015242,235.94007158498525,-60.37020163015242
96.9721,96.9721,234.0,239.78410598660403,235.89969507095344,-47.22410598660403
96.9915,96.9915,262.0,239.64286095791277,235.85915331886565,-19.08286095791277
97.011,97.011,246.0,239.50468942012864,235.81802732727056,-34.94468942012864
97.0304,97.0304,254.0,239.37080236417182,235.77673786168407,-26.81080236417182
97.0499,97.0499,245.0,239.23964484644534,235.73485820940272,-35.67964484644534
97.0693,97.0693,227.0,239.11231929098167,235.6928168629481,-53.55231929098167
97.0888,97.0888,260.0,238.9873219860249,235.65017935539876,-20.427321986024907
97.1083,97.1083,256.0,238.86514967415005,235.6071603641466,-24.305149674150044
97.1277,97.1277,252.0,238.74627021724032,235.56398238042866,-28.18627021724032
97.1472,97.1472,242.0,238.62924510274908,235.5201992151005,-38.06924510274908
97.1666,97.1666,213.0,238.51516621126817,235.47625887675727,-66.95516621126816
97.1861,97.1861,231.0,238.40272049970554,235.4317073140514,-48.842720499705536
97.2055,97.2055,238.0,238.29290112496741,235.38700041371786,-41.73290112496741
97.225,97.225,219.0,238.18448569029465,235.34167621882776,-60.62448569029465
97.2445,97.2445,222.0,238.07793773162533,235.29596311763257,-57.517937731625324
97.2639,97.2639,265.0,237.9736628372186,235.2500974642868,-14.413662837218595
97.2834,97.2834,210.0,237.87048209395118,235.2036053516237,-69.31048209395118
97.3028,97.3028,214.0,237.76937364706842,235.156962562289,-65.20937364706842
97.3223,97.3223,233.0,237.66920612060477,235.10968717451613,-46.10920612060477
97.3417,97.3417,266.0,237.57089752173295,235.0622630016711,-13.010897521732943
97.3612,97.3612,200.0,237.47337686003436,235.01420006359547,-78.91337686003436
97.3807,97.3807,243.0,237.37709581862973,234.96574072576914,-35.817095818629724
97.4001,97.4001,233.0,237.2824174088301,234.9171354730843,-45.7224174088301
97.4196,97.4196,230.0,237.18833081774324,234.86788214495343,-48.62833081774323
97.439,97.439,250.0,237.09574565027623,234.8184848341163,-28.535745650276226
97.4585,97.4585,236.0,237.00361796408419,234.76843321153734,-42.44361796408418
97.4779,97.4779,234.0,236.9128439667674,234.71823955470956,-44.35284396676741
97.4974,97.4974,251.0,236.82245148090792,234.6673853219415,-27.262451480907913
97.5169,97.5169,251.0,236.73284599139305,234.6161271248506,-27.172845991393046
97.5363,97.5363,212.0,236.64441815049784,234.56472984943184,-66.08441815049784
97.5558,97.5558,223.0,236.55622524922856,234.5126625411896,-54.99622524922856
97.5752,97.5752,219.0,236.46913699898258,234.4604581440929,-58.909136998982575
97.5947,97.5947,245.0,236.38218693989793,234.40757737989247,-32.82218693989793
97.6141,97.6141,239.0,236.2962430290744,234.3545615328019,-38.73624302907439
97.6336,97.6336,222.0,236.2103818164652,234.300862956193,-55.6503818164652
97.6531,97.6531,226.0,236.1249985332562,234.24675277927847,-51.56499853325619
97.6725,97.6725,234.0,236.04049593423971,234.1925105620778,-43.48049593423971
97.692,97.692,242.0,235.95598265123138,234.13757601058956,-35.39598265123138
97.7114,97.7114,243.0,235.87228296925582,234.08251146626057,-34.31228296925582
97.7309,97.7309,265.0,235.7885005694262,234.02674815456686,-12.228500569426188
97.7503,97.7503,245.0,235.70547182335773,233.97085691415518,-32.145471823357724
97.7698,97.7698,246.0,235.62231602961907,233.91426044493488,-31.06231602961907
97.7893,97.7893,240.0,235.53942284651134,233.85724466773257,-36.97942284651134
97.8087,97.8087,227.0,235.45719426746953,233.80010409207907,-49.89719426746953
97.8282,97.8282,239.0,235.3747747450401,233.74224853373943,-37.8147747450401
97.8476,97.8476,232.0,235.29295928207182,233.6842702830197,-44.73295928207182
97.8671,97.8671,232.0,235.21089787849354,233.62557051692474,-44.65089787849354
97.8865,97.8865,226.0,235.1294152802428,233.56675018138543,-50.569415280242794
97.906,97.906,232.0,235.04763680875013,233.50720176918162,-44.487636808750125
97.9255,97.9255,250.0,234.9659692573195,233.44722626934197,-26.405969257319498
97.9449,97.9449,219.0,234.88481336605264,233.38713341897196,-57.32481336605264
97.9644,97.9644,221.0,234.80331736106885,233.32630258772474,-55.24331736106885
97.9838,97.9838,249.0,234.7222870157738,233.2653565713006,-27.162287015773785
98.0033,98.0033,242.0,234.6408805872663,233.20366594088006,-34.08088058726631
98.0227,98.0227,250.0,234.55992113219668,233.14186230768868,-25.999921132196675
98.0422,98.0422,229.0,234.47854476228227,233.07930739854734,-46.918544762282266
98.0617,98.0617,251.0,234.39716099829437,233.01631754985576,-24.837160998294365
98.0811,98.0811,231.0,234.31617785752377,232.95321800694302,-44.75617785752377
98.1006,98.1006,225.0,234.2347357043371,232.88935713230148,-50.67473570433711
98.12,98.12,227.0,234.15365943248813,232.82538878873402,-48.593659432488124
98.1395,98.1395,215.0,234.07210722382783,232.76065237906752,-60.512107223827826
98.1589,98.1589,221.0,233.99089797451862,232.695810743012,-54.430897974518615
98.1784,98.1784,232.0,233.90917989174056,232.63019427741764,-43.34917989174056
98.1979,98.1979,220.0,233.82736278766274,232.56413494781427,-55.267362787662734
98.2173,98.2173,209.0,233.74585982486886,232.49797379100022,-66.18585982486886
98.2368,98.2368,256.0,233.66381099546007,232.43102759606688,-19.103810995460066
98.2562,98.2562,261.0,233.58204961517538,232.36398185982247,-14.022049615175376
98.2757,98.2757,218.0,233.49973234321078,232.2961442490135,-56.93973234321078
98.2951,98.2951,256.0,233.4176784846474,232.2282094002241,-18.85767848464741
98.3146,98.3146,213.0,233.33504152252038,232.15947581111956,-61.77504152252038
98.3341,98.3341,229.0,233.25223294120357,232.0902913607197,-45.69223294120357
98.3535,98.3535,298.0,233.16967475088495,232.02101316314364,23.39032524911505
98.373,98.373,248.0,233.08649753106616,231.95092586263075,-26.526497531066155
98.3924,98.3924,228.0,233.00355200137273,231.8807471621108,-46.44355200137272
98.4119,98.4119,234.0,232.91997581117835,231.80975241930682,-40.359975811178344
98.4313,98.4313,233.0,232.83661228864068,231.73866864128675,-41.27661228864068
98.4508,98.4508,239.0,232.7525989899136,231.6667618520934,-35.19259898991359
98.4703,98.4703,241.0,232.66835872706824,231.5943961312073,-33.108358727068236
98.4897,98.4897,263.0,232.5843160687069,231.5219449585366,-11.024316068706895
98.5092,98.5092,239.0,232.49959566708029,231.4486602567858,-34.93959566708028
98.5286,98.5286,264.0,232.41506464180833,231.37529251235748,-9.855064641808326
98.5481,98.5481,243.0,232.3298386911949,231.30108419577004,-30.769838691194906
98.5675,98.5675,221.0,232.2447868826665,231.22679526342526,-52.68478688266649
98.587,98.587,230.0,232.15903058830997,231.15165868606303,-43.59903058830997
98.6065,98.6065,223.0,232.0729988731133,231.07605503321605,-50.512998873113304
98.6259,98.6259,219.0,231.98712577943675,231.00037444167654,-54.42712577943675
98.6454,98.6454,211.0,231.90052332650023,230.92383553067916,-62.34052332650023
98.6648,98.6648,245.0,231.8140767095723,230.84722215270517,-28.254076709572303
98.6843,98.6843,258.0,231.7268836985459,230.7697433076301,-15.166883698545888
98.7037,98.7037,214.0,231.63983434680173,230.69219248529973,-59.07983434680173
98.7232,98.7232,239.0,231.5520319486978,230.61376901820725,-33.992031948697786
98.7427,98.7427,242.0,231.46391126310326,230.53487025815983,-30.903911263103254
98.7621,98.7621,254.0,231.37592357432774,230.45590329256595,-18.81592357432774
98.7816,98.7816,217.0,231.2871590974461,230.37605284998278,-55.727159097446105
98.801,98.801,239.0,231.1985255394075,230.29613673685208,-33.63852553940751
98.8205,98.8205,241.0,231.10909871977427,230.21532989368916,-31.549098719774264
98.8399,98.8399,247.0,231.019794177078,230.13445993317583,-25.45979417707801
98.8594,98.8594,245.0,230.9296882155437,230.05269195933047,-27.369688215543704
98.8789,98.8789,227.0,230.83923265262726,229.9704404010983,-45.27923265262726
98.8983,98.8983,257.0,230.7488902537256,229.8881295928832,-15.188890253725589
98.9178,98.9178,237.0,230.65772856252525,229.80490978006503,-35.09772856252525
98.9372,98.9372,223.0,230.56667657045665,229.72163331622255,-49.00667657045665
98.9567,98.9567,235.0,230.4747902566323,229.63744048849588,-36.9147902566323
98.9761,98.9761,213.0,230.3830111924656,229.55319362709585,-58.8230111924656
98.9956,98.9956,231.0,230.290385717802,229.46802301203357,-40.730385717801994
99.0151,99.0151,244.0,230.19738340989346,229.38236044690777,-27.63738340989346
99.0345,99.0345,241.0,230.10448132021378,229.29664781215362,-30.544481320213777
99.054,99.054,219.0,230.01071877011177,229.21000027216084,-52.45071877011176
99.0734,99.0734,249.0,229.91705035972961,229.12330532613805,-22.357050359729612
99.0929,99.0929,247.0,229.82250989987102,229.03566800851615,-24.26250989987102
99.1123,99.1123,226.0,229.7280649291458,228.94798596704945,-45.1680649291458
99.1318,99.1318,210.0,229.63273391537282,228.85935405688514,-61.07273391537282
99.1513,99.1513,263.0,229.53700193126315,228.77022175645214,-7.977001931263146
99.1707,99.1707,248.0,229.4413610505885,228.68104879392027,-22.88136105058851
99.1902,99.1902,222.0,229.34481906751896,228.5909146495434,-48.78481906751895
99.2096,99.2096,219.0,229.2483633906146,228.50074257198838,-51.6883633906146
99.2291,99.2291,242.0,229.1509980573267,228.40960173830405,-28.590998057326686
99.2485,99.2485,248.0,229.0537201466594,228.3184257191447,-22.4937201466594
99.268,99.268,239.0,228.95551972568316,228.2262733385923,-31.395519725683158
99.2875,99.2875,236.0,228.85689585695636,228.13361205275396,-34.296895856956354
99.3069,99.3069,243.0,228.75835685900776,228.0409197419152,-27.19835685900776
99.3264,99.3264,201.0,228.65887987092063,227.94723959369443,-69.09887987092063
99.3458,99.3458,224.0,228.55948391383086,227.85353121540223,-45.99948391383086
99.3653,99.3653,252.0,228.459143299507,227.75882731667275,-17.89914329950699
99.3847,99.3847,233.0,228.35888318931615,227.6640980017792,-36.79888318931614
99.4042,99.4042,229.0,228.25766623582027,227.5683654521714,-40.697666235820265
99.4237,99.4237,230.0,228.15600605704856,227.472115407165,-39.596006057048555
99.4431,99.4431,226.0,228.05442668116567,227.37584420622986,-43.49442668116566
99.4626,99.4626,209.0,227.95187472242648,227.2785581304758,-60.39187472242648
99.482,99.482,251.0,227.8494014795225,227.18125376041817,-18.289401479522496
99.5015,99.5015,245.0,227.74594847960316,227.08292672286555,-24.185948479603155
99.5209,99.5209,258.0,227.64257198519323,226.98458427181058,-11.082571985193226
99.5404,99.5404,240.0,227.53820568993424,226.88521132911922,-28.978205689934242
99.5598,99.5598,216.0,227.43391847362642,226.78582587295926,-52.87391847362642
99.5793,99.5793,238.0,227.3286297054962,226.68540206948666,-30.76862970549621
99.5988,99.5988,242.0,227.222875051742,226.58444961629962,-26.66287505174199
99.6182,99.6182,233.0,227.11719905987638,226.48348903965604,-35.55719905987638
99.6377,99.6377,243.0,227.0105078891027,226.38147826272663,-25.45050788910271
99.6571,99.6571,256.0,226.90389368299512,226.27946231072787,-12.343893682995116
99.6766,99.6766,247.0,226.79625607700675,226.17638822358396,-21.236256077006743
99.696,99.696,231.0,226.68869789712437,226.07331192918855,-37.12869789712437
99.7155,99.7155,231.0,226.5801049429632,225.96916953300934,-37.0201049429632
99.735,99.735,232.0,226.47102994518818,225.86448972429994,-35.911029945188176
99.7544,99.7544,223.0,226.36203478300158,225.75981220048723,-44.802034783001574
99.7739,99.7739,253.0,226.2519908443418,225.65405655487223,-14.691990844341802
99.7933,99.7933,229.0,226.14202571774632,225.5483062108222,-38.58202571774632
99.8128,99.8128,251.0,226.0310048862981,225.4414696985358,-16.47100488629809
99.8322,99.8322,271.0,225.92006404998287,225.33464152411247,3.639935950017133
99.8517,99.8517,220.0,225.8080566528052,225.22671910299448,-47.24805665280519
99.8712,99.8712,204.0,225.6955515714555,225.11825043050337,-63.135551571455494
99.8906,99.8906,222.0,225.5831289982224,225.0097946912062,-45.023128998222404
99.9101,99.9101,236.0,225.4696251542664,224.90023251686134,-30.909625154266394
99.9295,99.9295,238.0,225.35620372075084,224.79068636135767,-28.79620372075084
99.949,99.949,223.0,225.24169376583103,224.6800256119383,-43.68169376583103
99.9684,99.9684,228.0,225.1272662001572,224.56938398683707,-38.567266200157206
99.9879,99.9879,257.0,225.01174019519172,224.45761957668154,-9.451740195191718
100.0074,100.0074,246.0,224.89570282422682,224.3453,-20.335702824226814
