"limits",30.0009,100.0074
"peaks",43.892469995798386,50.97404683182233,75.01950488096622,91.02347741265484
"masked X","X","obs","calc","bkg","diff"
30.0009,30.0009,197.0,186.00365555710545,185.9046,-10.823655557105447
30.0204,30.0204,212.0,186.11109745383627,186.01176295975083,4.068902546163734
30.0398,30.0398,222.0,186.21786150514794,186.11824835195276,13.962138494852063
30.0593,30.0593,199.0,186.32504835845415,186.22515393353044,-9.145048358454154
30.0787,30.0787,200.0,186.43155867032647,186.33138320682966,-8.251558670326467
30.0982,30.0982,189.0,186.53849044511412,186.4380312889046,-19.35849044511412
30.1177,30.1177,240.0,186.6452942631557,186.54455024526223,31.534705736844295
30.1371,30.1371,210.0,186.75142345259525,186.65039478700984,1.4285765474047523
30.1566,30.1566,184.0,186.85797203630287,186.75665606569197,-24.67797203630287
30.176,30.176,191.0,186.96384721013428,186.86224419320465,-17.783847210134276
30.1955,30.1955,224.0,187.07014047221708,186.96824767817523,15.109859527782923
30.2149,30.2149,230.0,187.17576157354003,187.07357927706227,21.00423842645997
30.2344,30.2344,166.0,187.28179941923568,187.1793248543955,-43.10179941923568
30.2539,30.2539,209.0,187.38770917025366,187.2849411042016,-0.20770917025365776
30.2733,30.2733,195.0,187.49294868199124,187.38988737024016,-14.312948681991237
30.2928,30.2928,187.0,187.5986028782862,187.49524554532786,-22.418602878286187
30.3122,30.3122,221.0,187.70358811083432,187.59993500579375,11.476411889165682
30.3317,30.3317,224.0,187.808986707621,187.70503499749958,14.371013292379011
30.3511,30.3511,190.0,187.91371760501985,187.80946754533042,-19.733717605019855
30.3706,30.3706,212.0,188.01886045740562,187.91430924708868,2.161139542594377
30.3901,30.3901,231.0,188.1238751252438,188.01902143243868,21.056124874756186
30.4095,30.4095,220.0,188.22822399484502,188.12306808464623,9.951776005154976
30.429,30.429,217.0,188.33298286762636,188.22752182399364,6.847017132373644
30.4484,30.4484,193.0,188.43707719451,188.33131130489534,-17.25707719451001
30.4679,30.4679,214.0,188.54158014854244,188.4355064969055,3.638419851457563
30.4873,30.4873,218.0,188.6454199127792,188.53903870672417,7.534580087220796
30.5068,30.5068,201.0,188.74966689352797,188.64297525214758,-9.569666893527973
30.5263,30.5263,216.0,188.85378559354814,188.74678210513395,5.326214406451861
30.5457,30.5457,185.0,188.957242952425,188.8499278948472,-25.77724295242499
30.5652,30.5652,206.0,189.0611055819756,188.95347595615226,-4.881105581975596
30.5846,30.5846,208.0,189.16430817922304,189.0563642342792,-2.984308179223042
30.6041,30.6041,213.0,189.26791466022382,189.15965340985312,1.9120853397761763
30.6235,30.6235,205.0,189.37086244163297,189.26228408385785,-6.190862441632966
30.643,30.643,232.0,189.47421278750622,189.3653142817239,20.70578721249378
30.6625,30.6625,190.0,189.57743466384608,189.4682146238994,-21.397434663846077
30.6819,30.6819,198.0,189.6799997706635,189.570458391381,-13.4999997706635
30.7014,30.7014,184.0,189.78296540003322,189.67309962164865,-27.60296540003322
30.7208,30.7208,193.0,189.88527551008838,189.77508556256328,-18.705275510088377
30.7403,30.7403,205.0,189.98798483761877,189.87746759411476,-6.807984837618768
30.7597,30.7597,199.0,190.09003992306404,189.9791956231244,-12.91003992306404
30.7792,30.7792,186.0,190.19249290872182,190.0813183712117,-26.012492908721818
30.7987,30.7987,190.0,190.29481732858756,190.18331111305332,-22.114817328587556
30.8181,30.8181,225.0,190.39648946971798,190.2846517869577,12.783510530282022
30.8376,30.8376,185.0,190.49855746905487,190.38638512196417,-27.318557469054873
30.857,30.857,218.0,190.5999744577342,190.48746767946852,5.580025542265808
30.8765,30.8765,214.0,190.70178601442188,190.58894152802904,1.4782139855781153
30.8959,30.8959,215.0,190.8029478331509,190.68976589094984,2.37705216684909
30.9154,30.9154,196.0,190.90450282171764,190.79098017550137,-16.724502821717643
30.9349,30.9349,198.0,191.00592922473382,190.89206431587402,-14.82592922473382
30.9543,30.9543,200.0,191.10670787341928,190.99250091271404,-12.926707873419282
30.9738,30.9738,232.0,191.2078777266573,191.09332537647015,18.9721222733427
30.9932,30.9932,189.0,191.30840109219812,191.19350359207235,-24.128401092198125
31.0127,31.0127,157.0,191.40931431681318,191.29406830675492,-56.22931431681318
31.0321,31.0321,199.0,191.50958238243328,191.39398807004673,-14.32958238243328
31.0516,31.0516,184.0,191.61023892077924,191.494292965234,-29.43023892077924
31.0711,31.0711,205.0,191.710766869555,191.59446759085415,-8.530766869554988
31.0905,31.0905,220.0,191.8106515703928,191.69399921446745,6.369348429607207
31.11,31.11,198.0,191.91092280764354,191.79391391868253,-15.730922807643545
31.1294,31.1294,202.0,192.0105521322617,191.89318692106312,-11.830552132261694
31.1489,31.1489,214.0,192.11056665013072,191.99284163852604,0.06943334986927852
31.1683,31.1683,189.0,192.2099405504936,192.0918559556687,-25.0299405504936
31.1878,31.1878,200.0,192.30969833995323,192.1912506230553,-14.12969833995323
31.2073,31.2073,181.0,192.4093274237287,192.29051490795476,-33.22932742372871
31.2267,31.2267,204.0,192.5083178815676,192.38914074897048,-10.328317881567592
31.2462,31.2462,226.0,192.60769018078884,192.48814489251575,11.572309819211164
31.2656,31.2656,200.0,192.70642516527823,192.5865118969942,-14.526425165278233
31.2851,31.2851,171.0,192.80554070151243,192.68525584090472,-43.62554070151243
31.3045,31.3045,226.0,192.9040201971918,192.7833639518646,11.275979802808187
31.324,31.324,226.0,193.00287898762846,192.8818476398699,11.177121012371536
31.3435,31.3435,181.0,193.10160897185216,192.98020084485927,-33.92160897185216
31.3629,31.3629,185.0,193.19970491072638,193.0779201801642,-30.019704910726382
31.3824,31.3824,212.0,193.2981781099618,193.17601304853682,-3.1181781099618107
31.4018,31.4018,185.0,193.3960185635791,193.2734733565381,-30.216018563579105
31.4213,31.4213,187.0,193.494234971283,193.37130583703592,-28.314234971282993
31.4407,31.4407,239.0,193.59181994074498,193.46850706773256,23.588180059255016
31.4602,31.4602,200.0,193.6897794789117,193.5660791110952,-15.509779478911703
31.4797,31.4797,192.0,193.78761029192881,193.66352058322795,-23.607610291928815
31.4991,31.4991,180.0,193.88481165254709,193.76033277543303,-35.704811652547086
31.5186,31.5186,220.0,193.98238568870556,193.85751374021967,4.197614311294437
31.538,31.538,162.0,194.07933154141222,193.9540667387404,-53.89933154141222
31.5575,31.5575,197.0,194.17664872449376,194.05098715190175,-18.99664872449376
31.5769,31.5769,204.0,194.27333909968445,194.14728091367385,-12.09333909968445
31.5964,31.5964,185.0,194.37039940655845,194.24394073291583,-31.19039940655845
31.6159,31.6159,197.0,194.46733107200214,194.3404699049517,-19.28733107200214
31.6353,31.6353,219.0,194.56363785471268,194.43637440185861,2.6163621452873187
31.6548,31.6548,182.0,194.6603126959597,194.53264292019912,-34.480312695959704
31.6742,31.6742,209.0,194.75636401385793,194.62828808127418,-7.576364013857933
31.6937,31.6937,189.0,194.85278202869722,194.72429590857524,-27.67278202869722
31.7131,31.7131,220.0,194.94857786158187,194.81968169764764,3.2314221384181323
31.7326,31.7326,195.0,195.04473911684696,194.91542879853768,-21.864739116846955
31.7521,31.7521,209.0,195.14077168922393,195.0110451884064,-7.960771689223925
31.7715,31.7715,187.0,195.23618402694063,195.10604152247384,-30.056184026940635
31.791,31.791,205.0,195.33195980630637,195.20139713652495,-12.151959806306373
31.8104,31.8104,180.0,195.42711676555453,195.29613401669405,-37.24711676555453
31.8299,31.8299,209.0,195.52263579811003,195.39122882447467,-8.342635798110031
31.8493,31.8493,198.0,195.65038143828187,195.48570622142427,-19.47038143828187
31.8688,31.8688,220.0,195.74571073493289,195.58054019444165,2.4342892650671146
31.8883,31.8883,167.0,195.84091151559383,195.6752434047069,-50.66091151559383
31.9077,31.9077,204.0,195.9354966283811,195.76933119251717,-13.755496628381088
31.9272,31.9272,190.0,196.0304411804154,195.86377352891614,-27.85044118041541
31.9466,31.9466,234.0,196.1247714095694,195.9576017686901,16.055228590430595
31.9661,31.9661,186.0,196.2194597247268,196.05178320761752,-32.03945972472679
31.9855,31.9855,234.0,196.32995812953612,196.14535187684024,15.850041870463876
32.005,32.005,217.0,196.42442371347516,196.2392723966385,-1.2444237134751646
32.0245,32.0245,179.0,196.51876103024196,196.3330621139612,-39.33876103024196
32.0439,32.0439,188.0,196.61248723774125,196.4262410556866,-30.43248723774125
32.0634,32.0634,192.0,196.70656869260586,196.51976982501503,-26.526568692605856
32.0828,32.0828,197.0,196.80004031479217,196.61268914834218,-21.62004031479217
32.1023,32.1023,197.0,196.89386586730612,196.70595695287489,-21.71386586730612
32.1217,32.1217,200.0,196.9870829939474,196.79861664205166,-18.80708299394741
32.1412,32.1412,198.0,197.08065270730884,196.89162346692225,-20.900652707308844
32.1607,32.1607,183.0,197.17409421888283,196.9844994615246,-35.99409421888283
32.1801,32.1801,195.0,197.2669293067258,197.07676934039384,-24.086929306725814
32.1996,32.1996,212.0,197.36011510289075,197.16938433664123,-7.1801151028907455
32.219,32.219,209.0,197.45269580350566,197.26139455037415,-10.272695803505663
32.2385,32.2385,190.0,197.54562589675913,197.35374853822523,-29.365625896759134
32.2579,32.2579,193.0,197.6379522382107,197.44549907778872,-26.457952238210687
32.2774,32.2774,203.0,197.73062673418562,197.53759204912484,-16.55062673418562
32.2969,32.2969,201.0,197.82317312999433,197.6295541742538,-18.64317312999433
32.3163,32.3163,212.0,197.91511780840517,197.72091485601842,-7.735117808405171
32.3358,32.3358,185.0,198.00740861554775,197.8126159560461,-34.827408615547746
32.3552,32.3552,193.0,198.09909913197424,197.90371694940765,-26.919099131974242
32.3747,32.3747,191.0,198.19113451295735,197.99515702100882,-29.011134512957348
32.3941,32.3941,205.0,198.2825708633799,198.08599832360989,-15.102570863379903
32.4136,32.4136,208.0,198.37435092366846,198.1771773653698,-12.194350923668459
32.4331,32.4331,214.0,198.466002924586,198.268225556761,-6.286002924586008
32.4525,32.4525,189.0,198.5570579587558,198.35867698916192,-31.377057958755792
32.472,32.472,183.0,198.6484547033245,198.44946415216643,-37.46845470332449
32.4914,32.4914,164.0,198.73925584224898,198.53965589621652,-56.55925584224898
32.5109,32.5109,195.0,198.83039740297409,198.63018203418167,-25.650397402974086
32.5303,32.5303,210.0,198.9209446753106,198.72011409415563,-10.740944675310608
32.5498,32.5498,185.0,199.01183115043335,198.81037921232678,-35.83183115043335
32.5693,32.5693,195.0,199.10258970866423,198.90051348766795,-25.922589708664226
32.5887,32.5887,184.0,199.1927560215212,198.99005569990197,-37.012756021521206
32.6082,32.6082,218.0,199.28325971735526,199.07992896687892,-3.1032597173552645
32.6276,32.6276,203.0,199.3731724087819,199.16921151398083,-18.193172408781898
32.6471,32.6471,203.0,199.46342116780355,199.25882378256978,-18.283421167803546
32.6665,32.6665,187.0,199.55308032224414,199.3478466754029,-34.37308032224414
32.686,32.686,203.0,199.64307425870172,199.43719795746551,-18.463074258701717
32.7055,32.7055,206.0,199.7329405241368,199.52641841586043,-15.552940524136808
32.7249,32.7249,195.0,199.82221922179687,199.61505151804633,-26.64221922179687
32.7444,32.7444,218.0,199.9118308674455,199.70401101125418,-3.7318308674455025
32.7638,32.7638,203.0,200.00085627563755,199.79238449454104,-18.820856275637546
32.7833,32.7833,204.0,200.0902133097689,199.88108303912313,-17.9102133097689
32.8027,32.8027,194.0,200.17898557758724,199.96919692091927,-27.99898557758724
32.8222,32.8222,205.0,200.26808815891619,200.05763453530986,-17.088088158916186
32.8416,32.8416,179.0,200.35660729033606,200.14548883488504,-43.17660729033606
32.8611,32.8611,173.0,200.44545561649304,200.2336655393873,-49.265455616493036
32.8806,32.8806,193.0,200.53417641161332,200.32171146181093,-29.354176411613317
32.9,32.9,179.0,200.62231584034382,200.40917609465203,-43.44231584034382
32.9195,32.9195,200.0,200.71078245284372,200.49696114116995,-22.530782452843717
32.9389,32.9389,194.0,200.79866906862233,200.5841662481168,-28.61866906862233
32.9584,32.9584,208.0,200.88688169857585,200.67169044369197,-14.706881698575849
32.9778,32.9778,200.0,200.97451558096432,200.75863605050336,-22.794515580964323
32.9973,32.9973,175.0,201.0624742160076,200.8458994219555,-47.88247421600759
33.0168,33.0168,198.0,201.15030564479645,200.9330320567699,-24.970305644796447
33.0362,33.0362,162.0,201.23756044320453,201.01958813223746,-61.05756044320453
33.0557,33.0557,205.0,201.3251381326009,201.1064599866708,-18.1451381326009
33.0751,33.0751,192.0,201.41214048288492,201.1927566345062,-31.232140482884923
33.0946,33.0946,199.0,201.49946458951402,201.27936774000662,-24.31946458951402
33.114,33.114,189.0,201.58621475021332,201.36540499241448,-34.406214750213316
33.1335,33.1335,193.0,201.67328529016854,201.4517553822741,-30.493285290168537
33.153,33.153,199.0,201.7602288769813,201.53797509230816,-24.5802288769813
33.1724,33.1724,185.0,201.8466005524267,201.62362298264347,-38.66660055242671
33.1919,33.1919,205.0,201.93329087647663,201.70958203047255,-18.753290876476633
33.2113,33.2113,196.0,202.019410626634,201.79497061395148,-27.839410626634
33.2308,33.2308,192.0,202.10584776425847,201.88066903746497,-31.92584776425847
33.2502,33.2502,201.0,202.19171579142002,201.96579835269415,-23.011715791420023
33.2697,33.2697,215.0,202.2778999498946,202.05123619161307,-9.09789994989459
33.2892,33.2892,189.0,202.36395734967928,202.13654341881332,-35.18395734967928
33.3086,33.3086,178.0,202.4494476723565,202.22128357489322,-46.26944767235651
33.3281,33.3281,188.0,202.53525227484442,202.30633028056275,-36.355252274844425
33.3475,33.3475,189.0,202.6204912219143,202.39081127292312,-35.44049122191431
33.367,33.367,190.0,202.70604319810133,202.47559750134897,-34.52604319810133
33.3864,33.3864,174.0,202.79103086188366,202.55981937495505,-50.611030861883656
33.4059,33.4059,191.0,202.87633047874928,202.6443451722434,-33.69633047874928
33.4254,33.4254,189.0,202.96150350328094,202.72874043713728,-35.78150350328094
33.4448,33.4448,198.0,203.0461143764584,202.81257338794086,-26.866114376458405
33.4643,33.4643,187.0,203.13103515415375,202.89670829432362,-37.95103515415375
33.4837,33.4837,189.0,203.21539514425893,202.98028224675318,-36.035395144258935
33.5032,33.5032,203.0,203.3000639992662,203.06415684526542,-22.1200639992662
33.5226,33.5226,201.0,203.38417326383515,203.14747185060133,-24.204173263835152
33.5421,33.5421,202.0,203.46859025855613,203.23108619369057,-23.288590258556134
33.5616,33.5616,200.0,203.5528809114069,203.31457009485098,-25.372880911406902
33.581,33.581,195.0,203.63661426592685,203.3974964469257,-30.456614265926852
33.6005,33.6005,187.0,203.72065343229823,203.48072017478597,-38.540653432298235
33.6199,33.6199,191.0,203.8041364874954,203.5633877158887,-34.62413648749541
33.6394,33.6394,193.0,203.88792427409098,203.6463513274,-32.70792427409098
33.6588,33.6588,207.0,203.97115731127235,203.72876011508242,-18.79115731127235
33.6783,33.6783,190.0,204.05469375398616,203.81146366898977,-35.87469375398616
33.6978,33.6978,205.0,204.13810438575385,203.8940368824977,-20.95810438575385
33.7172,33.7172,200.0,204.22096237911384,203.976057319426,-26.040962379113843
33.7367,33.7367,177.0,204.3041220996877,204.058370566884,-49.1241220996877
33.7561,33.7561,188.0,204.38673051177972,204.1401324021462,-38.20673051177972
33.7756,33.7756,190.0,204.46963943185253,204.22218574677146,-36.28963943185253
33.795,33.795,181.0,204.55199854769276,204.30368904414726,-45.37199854769276
33.8145,33.8145,165.0,204.6346568192348,204.38548255093886,-61.454656819234806
33.834,33.834,229.0,204.71718972451438,204.467145829848,2.462810275485616
33.8534,33.8534,198.0,204.79917481950628,204.54826111171377,-28.619174819506277
33.8729,33.8729,178.0,204.88145735468316,204.62966465370852,-48.701457354683164
33.8923,33.8923,178.0,204.9631936684042,204.7105215649656,-48.78319366840419
33.9118,33.9118,203.0,205.04522614601865,204.7916654394859,-23.86522614601865
33.9312,33.9312,195.0,205.1267137853492,204.87226405009847,-31.94671378534921
33.9507,33.9507,195.0,205.20849657302938,204.9531483283534,-32.02849657302938
33.9702,33.9702,205.0,205.29015409742138,205.03390250215327,-22.11015409742138
33.9896,33.9896,202.0,205.37126885706647,205.11411346500822,-25.19126885706647
34.0091,34.0091,174.0,205.45267700369524,205.1946081527618,-53.27267700369524
34.0285,34.0285,206.0,205.5335436284337,205.27456099766462,-21.353543628433705
34.048,34.048,158.0,205.6147025305293,205.35479627499055,-69.43470253052931
34.0674,34.0674,202.0,205.6953212868113,205.43449107804648,-25.515321286811293
34.0869,34.0869,209.0,205.77623116860855,205.51446702232016,-18.596231168608547
34.1064,34.1064,214.0,205.85701625378778,205.59431299640022,-13.677016253787777
34.1258,34.1258,218.0,205.93726334848074,205.6736205517303,-9.757263348480741
34.1453,34.1453,226.0,206.01779981927962,205.75320731221123,-1.837799819279617
34.1647,34.1647,214.0,206.0977996245069,205.83225702369268,-13.917799624506905
34.1842,34.1842,206.0,206.1780877081882,205.91158465232817,-21.9980877081882
34.2036,34.2036,197.0,206.2578404966184,205.9903766021636,-31.0778404966184
34.2231,34.2231,210.0,206.33788035093644,206.06944518245183,-18.157880350936445
34.2426,34.2426,221.0,206.41779596038012,206.14838393756472,-7.237795960380119
34.262,34.262,203.0,206.49717841396182,206.22678907175677,-25.31717841396182
34.2815,34.2815,207.0,206.57684619353142,206.3054689071438,-21.396846193531424
34.3009,34.3009,203.0,206.65598226534948,206.38361649288498,-25.47598226534948
34.3204,34.3204,178.0,206.73540247677192,206.4620374963912,-50.555402476771924
34.3398,34.3398,213.0,206.81429248639455,206.53992762193803,-15.63429248639455
34.3593,34.3593,197.0,206.8934653997586,206.61808988314044,-31.71346539975861
34.3788,34.3788,194.0,206.97251464284267,206.69612247486606,-34.79251464284267
34.3982,34.3982,214.0,207.0510355715765,206.77362624867408,-14.871035571576506
34.4177,34.4177,207.0,207.1298378342933,206.8514002358199,-21.949837834293312
34.4371,34.4371,193.0,207.20811344302263,206.9286467777169,-36.028113443022626
34.4566,34.4566,190.0,207.28666910198172,207.0061622541756,-39.106669101981716
34.476,34.476,184.0,207.36469952950668,207.08315165842848,-45.18469952950668
34.4955,34.4955,202.0,207.44300904571566,207.16040871981218,-27.263009045715656
34.515,34.515,226.0,207.5211951513057,207.23753627802114,-3.3411951513057048
34.5344,34.5344,185.0,207.5988580734652,207.3141398260327,-44.41885807346521
34.5539,34.5539,200.0,207.6767983594669,207.39100911592772,-29.496798359466887
34.5733,34.5733,223.0,207.75421677860106,207.46735576955768,-6.574216778601063
34.5928,34.5928,196.0,207.83191158653997,207.5439668910353,-33.651911586539974
34.6122,34.6122,186.0,207.90908587350822,207.6200567505174,-43.72908587350822
34.6317,34.6317,206.0,207.9865355004309,207.69640980518102,-23.806535500430904
34.6512,34.6512,225.0,208.06386220557948,207.77263353349858,-4.883862205579483
34.6706,34.6706,212.0,208.14067058006546,207.8483380636014,-17.96067058006546
34.6901,34.6901,222.0,208.21775258214254,207.92430388083724,-8.037752582142538
34.7095,34.7095,213.0,208.29431762985294,207.99975187492512,-17.11431762985294
34.729,34.729,221.0,208.37115525178015,208.075459886936,-9.191155251780152
34.7484,34.7484,217.0,208.4474772680485,208.1506514511661,-13.267477268048488
34.7679,34.7679,198.0,208.5240707325997,208.22610176550305,-32.34407073259971
34.7874,34.7874,218.0,208.60412350700597,208.3014229407726,-12.424123507005966
34.8068,34.8068,219.0,208.68008386687143,208.37622973362087,-11.500083866871428
34.8263,34.8263,196.0,208.7563139675741,208.45129337585436,-34.5763139675741
34.8457,34.8457,210.0,208.83203211500785,208.52584401173925,-20.65203211500785
34.8652,34.8652,197.0,208.90801902879537,208.60065023270982,-33.728019028795366
34.8846,34.8846,209.0,208.98349530965163,208.6749448236682,-21.80349530965163
34.9041,34.9041,188.0,209.05923917381796,208.74949373683071,-42.87923917381796
34.9236,34.9236,190.0,209.1348616061604,208.82391370857752,-40.9548616061604
34.943,34.943,193.0,209.2099754952425,208.8978241170584,-38.0299754952425
34.9625,34.9625,207.0,209.2853553913931,208.97198695447503,-24.105355391393097
34.9819,34.9819,207.0,209.3602284680103,209.04564160557655,-24.18022846801029
35.0014,35.0014,204.0,209.43611719468873,209.11954742630863,-27.256117194688734
35.0208,35.0208,195.0,209.51075007200745,209.19294643790403,-36.330750072007454
35.0403,35.0403,215.0,209.58564689773937,209.26659536126667,-16.405646897739366
35.0598,35.0598,213.0,209.66221251770563,209.3401155511616,-18.482212517705626
35.0792,35.0792,211.0,209.7364862681413,209.41313099986175,-20.556486268141306
35.0987,35.0987,216.0,209.8110223199702,209.4863944746393,-15.631022319970192
35.1181,35.1181,200.0,209.88505634513888,209.55915458592426,-31.70505634513888
35.1376,35.1376,223.0,209.95935179400857,209.63216146905907,-8.77935179400857
35.157,35.157,169.0,210.03314661217456,209.7046663665946,-62.85314661217456
35.1765,35.1765,190.0,210.1072018241596,209.77741678321803,-41.9272018241596
35.196,35.196,243.0,210.18113669535632,209.85003868454126,10.998863304643685
35.2154,35.2154,209.0,210.25457317328627,209.92216066921327,-23.074573173286275
35.2349,35.2349,221.0,210.3282684593602,209.9945262949858,-11.148268459360203
35.2543,35.2543,225.0,210.40146670847287,210.06639338243423,-7.221466708472867
35.2738,35.2738,196.0,210.4749228364631,210.13850286191587,-36.294922836463094
35.2932,35.2932,222.0,210.54788339694147,210.21011518155598,-10.367883396941473
35.3127,35.3127,213.0,210.62147595604605,210.2819686456506,-19.441475956046055
35.3322,35.3322,233.0,210.69457391962737,210.3536938227553,0.48542608037262625
35.3516,35.3516,198.0,210.76717860049743,210.4249239097839,-34.58717860049743
35.3711,35.3711,235.0,210.84003848640413,210.49639327110526,2.339961513595874
35.3905,35.3905,227.0,210.9124063909732,210.56736892117738,-5.732406390973189
35.41,35.41,209.0,210.98502864792408,210.63858260171648,-23.805028647924082
35.4294,35.4294,221.0,211.05716031350633,210.7093039499531,-11.87716031350633
35.4489,35.4489,229.0,211.1295451602906,210.7802620863428,-3.9495451602906044
35.4684,35.4684,219.0,211.20181152647476,210.8510921741189,-14.021811526474757
35.4878,35.4878,201.0,211.2735894609506,210.92143199998765,-32.093589460950604
35.5073,35.5073,228.0,211.34561911887286,210.9920067517952,-5.165619118872861
35.5267,35.5267,239.0,211.41716209447716,211.06209262089754,5.7628379055228365
35.5462,35.5462,201.0,211.48895575913002,211.1324121774352,-32.30895575913002
35.5656,35.5656,238.0,211.5602640501223,211.20224423055416,4.6197359498777
35.5851,35.5851,225.0,211.63182223775385,211.27230873413995,-8.451822237753852
35.6045,35.6045,223.0,211.70289639802652,211.34188711366784,-10.522896398026525
35.624,35.624,217.0,211.77421963896845,211.41169670823552,-16.594219638968447
35.6435,35.6435,196.0,211.84542507581503,211.48137857531373,-37.66542507581503
35.6629,35.6629,207.0,211.91614877365527,211.55057638926556,-26.736148773655266
35.6824,35.6824,192.0,211.98712005258963,211.62000356643694,-41.80712005258963
35.7018,35.7018,206.0,212.05761097155943,211.68894806998452,-27.877610971559427
35.7213,35.7213,206.0,212.12834855848863,211.75812070520846,-27.948348558488625
35.7407,35.7407,205.0,212.19860721146898,211.8268120463504,-29.018607211468982
35.7602,35.7602,221.0,212.2691114113953,211.89573028918937,-13.0891114113953
35.7797,35.7797,210.0,212.3394990565629,211.96452106563376,-24.159499056562886
35.7991,35.7991,217.0,212.4094100840948,212.0328326191337,-17.229410084094788
35.8186,35.8186,220.0,212.4795652514273,212.10136923073165,-14.299565251427289
35.838,35.838,230.0,212.54924535463292,212.1694279989811,-4.369245354632916
35.8575,35.8575,214.0,212.6191687012325,212.2377105992896,-20.439168701232497
35.8769,35.8769,195.0,212.68861851481927,212.30551673584986,-39.50861851481927
35.8964,35.8964,235.0,212.75831060198556,212.37354548001653,0.4216893980144434
35.9159,35.9159,219.0,212.8278871289867,212.44144702869716,-15.647887128986703
35.9353,35.9353,209.0,212.89699207575615,212.5088741847896,-25.716992075756146
35.9548,35.9548,229.0,212.96633823678894,212.57652211322826,-5.786338236788943
35.9742,35.9742,215.0,213.03521431377547,212.64369702864624,-19.85521431377547
35.9937,35.9937,196.0,213.10433061843298,212.71109149595395,-38.92433061843298
36.0131,36.0131,195.0,213.17297840986564,212.77801432977787,-39.992978409865636
36.0326,36.0326,216.0,213.24186568194474,212.8451554966437,-19.061865681944745
36.0521,36.0521,185.0,213.31063837272978,212.91216974866896,-50.130638372729784
36.0715,36.0715,218.0,213.3789446162746,212.97871443821023,-17.198944616274595
36.091,36.091,194.0,213.44748898122504,213.04547563398913,-41.267488981225036
36.1104,36.1104,200.0,213.51556864068368,213.1117686467018,-35.33556864068368
36.1299,36.1299,232.0,213.58388546908793,213.17827695085555,-3.403885469087932
36.1493,36.1493,209.0,213.65173901035737,213.2443184512957,-26.471739010357375
36.1688,36.1688,215.0,213.71982911229344,213.31057403001094,-20.53982911229344
36.1883,36.1883,196.0,213.78780561091557,213.37670298419113,-39.60780561091557
36.2077,36.2077,196.0,213.85532109471615,213.4423672053164,-39.675321094716146
36.2272,36.2272,188.0,213.92307174781402,213.50824368648378,-47.74307174781402
36.2466,36.2466,191.0,213.99036298453433,213.57365681374372,-44.81036298453433
36.2661,36.2661,215.0,214.0578884824496,213.63928099198574,-20.877888482449613
36.2855,36.2855,204.0,214.12495600389138,213.70444319536864,-31.944956003891384
36.305,36.305,210.0,214.19225720735503,213.76981524232596,-26.012257207355027
36.3245,36.3245,190.0,214.25944585580217,213.83506096463714,-46.07944585580217
36.3439,36.3439,189.0,214.32617909544106,213.8998467822266,-47.14617909544106
36.3634,36.3634,220.0,214.39314462750266,213.9648406338431,-16.213144627502665
36.3828,36.3828,199.0,214.45965592946038,214.0293759594956,-37.27965592946038
36.4023,36.4023,235.0,214.5263987779441,214.0941181159276,-1.3463987779441098
36.4217,36.4217,214.0,214.5926891209733,214.15840312502002,-22.41268912097329
36.4412,36.4412,206.0,214.65921021976908,214.22289376331833,-30.47921021976908
36.4607,36.4607,191.0,214.72562049009073,214.28725838636586,-45.545620490090734
36.4801,36.4801,176.0,214.7915802797856,214.35116793151116,-60.61158027978559
36.4996,36.4996,187.0,214.85776997143535,214.4152813051138,-49.677769971435346
36.519,36.519,208.0,214.9235106551481,214.4789409790631,-28.743510655148107
36.5385,36.5385,189.0,214.98948041994188,214.54280328410988,-47.809480419941885
36.5579,36.5579,210.0,215.05500284060264,214.60621326758516,-26.87500284060264
36.5774,36.5774,212.0,215.12075369299706,214.66982468649326,-24.940753692997056
36.5969,36.5969,219.0,215.18639524953753,214.73331040897574,-18.006395249537526
36.6163,36.6163,209.0,215.2515914946793,214.79634587844646,-28.071591494679303
36.6358,36.6358,193.0,215.31701509343657,214.8595809915121,-44.13701509343657
36.6552,36.6552,246.0,215.38199531852314,214.92236722918815,8.798004681476861
36.6747,36.6747,210.0,215.44720211622192,214.9853519190611,-27.267202116221917
36.6941,36.6941,191.0,215.51196699567572,215.04788911096603,-46.33196699567572
36.7136,36.7136,200.0,215.57695817612068,215.1106235653861,-37.396958176120684
36.7331,36.7331,206.0,215.64184108707548,215.17323265155886,-31.461841087075477
36.7525,36.7525,201.0,215.706284550574,215.235396307269,-36.526284550574
36.772,36.772,200.0,215.77095302680723,215.2977554426781,-37.590953026807234
36.7914,36.7914,217.0,215.83518369899917,215.3596705245028,-20.655183698999174
36.8109,36.8109,213.0,215.8996386462884,215.42177990066378,-24.719638646288395
36.8303,36.8303,193.0,215.9636571337735,215.48344659988464,-44.783657133773495
36.8498,36.8498,197.0,216.0278995854702,215.54530640981636,-40.84789958547021
36.8693,36.8693,205.0,216.09203548367483,215.60704118895512,-32.912035483674835
36.8887,36.8887,206.0,216.1557377231986,215.66833535742958,-31.9757377231986
36.9082,36.9082,194.0,216.2196628098754,215.72982086292993,-44.03966280987539
36.9276,36.9276,211.0,216.28315535449778,215.7908671337836,-27.10315535449778
36.9471,36.9471,223.0,216.34687043335097,215.85210356240873,-15.166870433350972
36.9665,36.9665,199.0,216.41015455106972,215.91290213213782,-39.230154551069724
36.986,36.986,213.0,216.47366043682382,215.97388968214162,-25.29366043682382
37.0055,37.0055,238.0,216.53706210636233,216.0347525480064,-0.3570621063623278
37.0249,37.0249,175.0,216.60003521249945,216.0951796198473,-63.42003521249945
37.0444,37.0444,217.0,216.66322958865734,216.15579390751765,-21.483229588657345
37.0638,37.0638,236.0,216.72599699446104,216.2159737762056,-2.545996994461042
37.0833,37.0833,208.0,216.78898489890767,216.2763396876487,-30.60898489890767
37.1027,37.1027,170.0,216.8515477484948,216.3362725548509,-68.67154774849479
37.1222,37.1222,198.0,216.91433063353205,216.39639029351204,-40.734330633532046
37.1417,37.1417,220.0,216.9770112930672,216.4563837038106,-18.797011293067193
37.1611,37.1611,207.0,217.03926904011252,216.51594613316382,-31.859269040112515
37.1806,37.1806,199.0,217.1017462358909,216.57569167887766,-39.921746235890886
37.2,37.2,201.0,217.16380261714593,216.6350076175965,-37.98380261714593
37.2195,37.2195,208.0,217.226077496419,216.69450550585287,-31.04607749641901
37.2389,37.2389,241.0,217.28793337519522,216.75357516073205,1.8920666248047766
37.2584,37.2584,197.0,217.35000772525686,216.81282560012409,-42.17000772525686
37.2779,37.2779,174.0,217.4119818130627,216.87195207597577,-65.2319818130627
37.2973,37.2973,207.0,217.47353915998445,216.93065237999735,-32.293539159984455
37.3168,37.3168,213.0,217.53531414597862,216.98953172288657,-26.355314145978618
37.3362,37.3362,236.0,217.59667432724234,217.0479862666907,-3.4166743272423403
37.3557,37.3557,207.0,217.65825209399594,217.1066186888611,-32.47825209399594
37.3751,37.3751,205.0,217.71941620295237,217.16482768432635,-34.539416202952374
37.3946,37.3946,201.0,217.78079787122252,217.22321339947482,-38.60079787122252
37.4141,37.4141,192.0,217.8420815610391,217.28147552487437,-47.662081561039095
37.4335,37.4335,218.0,217.9029542410072,217.3393162831971,-21.722954241007194
37.453,37.453,185.0,217.96404400901923,217.39733202511562,-54.78404400901923
37.4724,37.4724,234.0,218.0247243347505,217.45492777138367,-5.844724334750488
37.4919,37.4919,198.0,218.0856216226282,217.5126973471375,-41.905621622628196
37.5113,37.5113,231.0,218.14611119526262,217.57004829827002,-8.96611119526262
37.5308,37.5308,186.0,218.2068171655027,217.62757192661624,-54.02681716550271
37.5503,37.5503,215.0,218.26742807541345,217.68497234789723,-25.08742807541345
37.5697,37.5697,216.0,218.3276339900032,217.7419562020968,-24.147633990003193
37.5892,37.5892,213.0,218.38805627636535,217.79911100708432,-27.208056276365348
37.6086,37.6086,233.0,218.4480753301424,217.85585061498577,-7.268075330142388
37.6281,37.6281,195.0,218.50831015897634,217.9127600260251,-45.32831015897634
37.6475,37.6475,187.0,218.56814386431583,217.96925560954432,-53.38814386431583
37.667,37.667,231.0,218.62819338245586,218.02591985040905,-9.448193382455862
37.6865,37.6865,225.0,218.68815078861275,218.08246127570771,-15.508150788612745
37.7059,37.7059,226.0,218.7477093761558,218.13859092876945,-14.567709376155797
37.7254,37.7254,205.0,218.80748347871335,218.19488752251527,-35.62748347871335
37.7448,37.7448,229.0,218.86686126545067,218.2507737124765,-11.686861265450666
37.7643,37.7643,197.0,218.92645417327213,218.30682570199986,-43.746454173272134
37.7837,37.7837,240.0,218.9856525388993,218.36246865572983,-0.8056525388993023
37.8032,37.8032,223.0,219.04506655754938,218.418276269777,-17.865066557549376
37.8227,37.8227,241.0,219.10439125190555,218.47396146849596,0.07560874809444584
37.8421,37.8421,206.0,219.16332399973348,218.52923968428115,-34.98332399973348
37.8616,37.8616,203.0,219.22247191267,218.58468085358763,-38.04247191266999
37.881,37.881,214.0,219.28123006929766,218.63971640675868,-27.101230069297664
37.9005,37.9005,215.0,219.34020399118495,218.69491377892453,-26.16020399118495
37.9199,37.9199,224.0,219.39878921717403,218.74970690126062,-17.218789217174027
37.9394,37.9394,219.0,219.45759081356252,218.80466070996087,-22.27759081356252
37.9589,37.9589,197.0,219.5163063754536,218.85949251223286,-44.33630637545361
37.9783,37.9783,202.0,219.5746363619614,218.9139221149452,-39.39463636196141
37.9978,37.9978,197.0,219.63318281490882,218.9685107071916,-44.45318281490882
38.0172,38.0172,195.0,219.691345347767,219.0226984649126,-46.511345347767
38.0367,38.0367,207.0,219.7497247763613,219.07704408430303,-34.56972477636129
38.0561,38.0561,229.0,219.8077221098176,219.1309902336782,-12.627722109817604
38.0756,38.0756,201.0,219.86593629095836,219.18509311877293,-40.68593629095836
38.0951,38.0951,195.0,219.92406883887656,219.23907441492426,-46.744068838876565
38.1145,38.1145,209.0,219.98182247865367,219.29265828857623,-32.80182247865367
38.134,38.134,214.0,220.0397937687141,219.34639721118245,-27.859793768714106
38.1534,38.1534,210.0,220.09738811419652,219.39974007444994,-31.91738811419652
38.1729,38.1729,232.0,220.15520000446762,219.45323686553442,-9.975200004467617
38.1923,38.1923,176.0,220.21263763234742,219.50633895988582,-66.03263763234742
38.2118,38.2118,209.0,220.27029265765492,219.5595938628504,-33.09029265765492
38.2313,38.2313,222.0,220.3278709270972,219.612727602865,-20.147870927097195
38.2507,38.2507,204.0,220.38507736757904,219.66546869074452,-38.205077367579044
38.2702,38.2702,219.0,220.44250262892956,219.7183609106346,-23.26250262892956
38.2896,38.2896,236.0,220.49955877468417,219.77086183956817,-6.319558774684175
38.3091,38.3091,221.0,220.55683406152093,219.82351278616744,-21.37683406152093
38.3285,38.3285,212.0,220.61374205676668,219.87577380240253,-30.433742056766683
38.348,38.348,183.0,220.67087031772826,219.92818372391037,-59.49087031772826
38.3675,38.3675,221.0,220.72792615166202,219.98047291689315,-21.54792615166202
38.3869,38.3869,213.0,220.78461752116857,220.0323742210299,-29.60461752116857
38.4064,38.4064,227.0,220.84153013857986,220.08442276409593,-15.661530138579856
38.4258,38.4258,207.0,220.89808083052404,220.13608477740434,-35.71808083052404
38.4453,38.4453,222.0,220.95485381506356,220.1878929221538,-20.774853815063558
38.4647,38.4647,219.0,221.01126701024307,220.2393158956173,-23.831267010243074
38.4842,38.4842,228.0,221.0679034247781,220.2908838950034,-14.88790342477811
38.5036,38.5036,181.0,221.12418245600387,220.34206808094999,-61.944182456003865
38.5231,38.5231,216.0,221.18068480742062,220.3933961892759,-27.00068480742062
38.5426,38.5426,196.0,221.23712196018573,220.4446041398417,-47.05712196018573
38.562,38.562,232.0,221.29320513653556,220.49543031428962,-11.113205136535562
38.5815,38.5815,209.0,221.34951405929274,220.54639875810312,-34.169514059292744
38.6009,38.6009,212.0,221.40547127716852,220.59698678204296,-31.225471277168516
38.6204,38.6204,236.0,221.46165457489127,220.6477159767677,-7.28165457489127
38.6398,38.6398,216.0,221.51748978849068,220.6980661072073,-27.33748978849068
38.6593,38.6593,181.0,221.5735521002828,220.7485563118441,-62.3935521002828
38.6788,38.6788,207.0,221.62955495199557,220.79892681212868,-36.44955495199557
38.6982,38.6982,238.0,221.68521264843812,220.84892028200312,-5.505212648438125
38.7177,38.7177,231.0,221.74109978141604,220.89905218353678,-12.56109978141604
38.7371,38.7371,265.0,221.79664471431704,220.94880840857084,21.38335528568296
38.7566,38.7566,268.0,221.85242022733848,220.99870197368352,24.327579772661515
38.776,38.776,238.0,221.9078556461077,221.04822121552138,-5.727855646107692
38.7955,38.7955,245.0,221.96352371453204,221.0978767078679,1.2164762854679552
38.815,38.815,256.0,222.01913924182878,221.14741295744943,12.160860758171218
38.8344,38.8344,271.0,222.07441915506428,221.196576914026,27.105580844935723
38.8539,38.8539,236.0,222.12993360968605,221.24587548914178,-7.949933609686049
38.8733,38.8733,252.0,222.18511457665932,221.29480312272432,7.994885423340683
38.8928,38.8928,241.0,222.24053247500586,221.34386429032705,-3.0605324750058642
38.9122,38.9122,238.0,222.2956195319213,221.3925558671524,-6.11561953192129
38.9317,38.9317,228.0,222.3509457359276,221.44137989550694,-16.17094573592761
38.9512,38.9512,273.0,222.40622703391386,221.49008515078629,28.773772966086135
38.9706,38.9706,272.0,222.46118232180785,221.53842284179584,27.718817678192146
38.9901,38.9901,226.0,222.51637891816708,221.5868913630253,-18.336378918167078
39.0095,39.0095,276.0,222.5712520999312,221.63499366891327,31.6087479000688
39.029,39.029,246.0,222.6263696469894,221.68322572762443,1.553630353010611
39.0484,39.0484,241.0,222.68116622579473,221.73109291917697,-3.5011662257947265
39.0679,39.0679,246.0,222.7362091169382,221.77908878820116,1.4437908830618014
39.0874,39.0874,271.0,222.79121652870714,221.82696636186566,26.38878347129286
39.1068,39.1068,257.0,222.84590889426076,221.8744810909606,12.33409110573924
39.1263,39.1263,243.0,222.90085029595716,221.9221228869685,-1.720850295957156
39.1457,39.1457,229.0,222.95547942778433,221.96940318468808,-15.775479427784326
39.1652,39.1652,201.0,223.01036077431706,222.01680947910623,-43.830360774317064
39.1846,39.1846,215.0,223.06493276486046,222.0638556207424,-29.88493276486046
39.2041,39.2041,206.0,223.11976049232644,222.11102669092477,-38.939760492326435
39.2236,39.2236,209.0,223.17456292754795,222.15807995141188,-35.99456292754795
39.243,39.243,209.0,223.22906147356983,222.2047750776327,-36.04906147356983
39.2625,39.2625,216.0,223.28381920586193,222.2515935326808,-29.10381920586193
39.2819,39.2819,227.0,223.33827710296904,222.29805519699391,-18.158277102969045
39.3014,39.3014,215.0,223.39299707758883,222.34463912716137,-30.21299707758883
39.3208,39.3208,202.0,223.4474201605044,222.39086760932085,-43.26742016050441
39.3403,39.3403,236.0,223.50210949138338,222.43721729644054,-9.32210949138338
39.3598,39.3598,183.0,223.5567864567824,222.48344966740166,-62.37678645678239
39.3792,39.3792,191.0,223.61117154870158,222.52932860464318,-54.43117154870158
39.3987,39.3987,214.0,223.66582794442644,222.57532715805402,-31.48582794442644
39.4181,39.4181,239.0,223.72019697712952,222.62097361842456,-6.5401969771295185
39.4376,39.4376,214.0,223.77484168135658,222.66673863929114,-31.594841681356577
39.457,39.457,236.0,223.82920326678845,222.71215290696338,-9.649203266788454
39.4765,39.4765,255.0,223.88384339741052,222.75768468155385,9.296156602589484
39.496,39.496,222.0,223.9384846903042,222.80309964131777,-23.758484690304194
39.5154,39.5154,202.0,223.9928491988492,222.848165857796,-43.8128491988492
39.5349,39.5349,202.0,224.04749916337786,222.89334800341632,-43.867499163377865
39.5543,39.5543,208.0,224.10187705479032,222.93818274347686,-37.92187705479032
39.5738,39.5738,203.0,224.15654460575706,222.9831323643636,-42.97654460575706
39.5932,39.5932,216.0,224.21094434813034,223.0277359165542,-30.03094434813034
39.6127,39.6127,211.0,224.26563876666785,223.07245330336693,-35.08563876666785
39.6322,39.6322,213.0,224.32035046934743,223.1170543844037,-33.14035046934743
39.6516,39.6516,192.0,224.3748019504509,223.16131140212198,-54.19480195045089
39.6711,39.6711,204.0,224.42955532547037,223.20568068778667,-42.249555325470375
39.6905,39.6905,209.0,224.48405302743427,223.2497072448046,-37.30405302743427
39.71,39.71,221.0,224.53885884460217,223.29384502886742,-25.358858844602175
39.7294,39.7294,247.0,224.59341433992023,223.33764141806458,0.5865856600797699
39.7489,39.7489,235.0,224.64828315042402,223.38154799553283,-11.468283150424021
39.7684,39.7684,211.0,224.70318851502518,223.42533878391745,-35.523188515025176
39.7878,39.7878,230.0,224.7578504280425,223.4687901781328,-16.577850428042503
39.8073,39.8073,200.0,224.81283575374988,223.51235020512843,-46.63283575374988
39.8267,39.8267,239.0,224.86758478414396,223.55557216947287,-7.687584784143958
39.8462,39.8462,184.0,224.92266293775705,223.59890173316617,-62.74266293775705
39.8656,39.8656,222.0,224.97750999966934,223.64189456480722,-24.797509999669337
39.8851,39.8851,208.0,225.0326939476939,223.68499396450952,-38.8526939476939
39.9046,39.9046,217.0,225.08793683155852,223.72797809938567,-29.907936831558523
39.924,39.924,206.0,225.14295636332693,223.7706274980755,-40.96295636332693
39.9435,39.9435,218.0,225.19832434481003,223.8133819206042,-29.018324344810033
39.9629,39.9629,199.0,225.25347684195958,223.85580293521187,-48.07347684195958
39.9824,39.9824,210.0,225.30898534913746,223.89832794775245,-37.12898534913746
40.0018,40.0018,219.0,225.36428558256168,223.9405208796902,-28.184285582561678
40.0213,40.0213,227.0,225.41994984471592,223.9828167858142,-20.239949844715916
40.0408,40.0408,215.0,225.4756981957665,224.0249979588578,-32.29569819576651
40.0602,40.0602,198.0,225.53124828841726,224.06684904218633,-49.35124828841726
40.0797,40.0797,206.0,225.5871765552913,224.10880156682924,-41.40717655529131
40.0991,40.0991,217.0,225.64291497213577,224.15042532667138,-30.46291497213577
40.1186,40.1186,201.0,225.69904019311426,224.19214950950203,-46.51904019311426
40.138,40.138,211.0,225.7549827797816,224.23354625147118,-36.574982779781614
40.1575,40.1575,212.0,225.81132321619233,224.27504240027736,-35.631323216192335
40.177,40.177,193.0,225.86777869263562,224.31642435516045,-54.687778692635625
40.1964,40.1964,209.0,225.92406464724024,224.35748085494484,-38.74406464724024
40.2159,40.2159,216.0,225.9807641055278,224.39863524012608,-31.80076410552781
40.2353,40.2353,215.0,226.03730224541198,224.43946549167472,-32.85730224541198
40.2548,40.2548,235.0,226.09426607474887,224.48039261792775,-12.914266074748873
40.2742,40.2742,230.0,226.15107903389773,224.5209969310114,-17.97107903389773
40.2937,40.2937,214.0,226.2083291780673,224.5616971102969,-34.02832917806729
40.3132,40.3132,205.0,226.26573188960606,224.602283642151,-43.08573188960606
40.3326,40.3326,225.0,226.32299614808403,224.64254934132828,-23.14299614808403
40.3521,40.3521,223.0,226.3807206004625,224.68290939677846,-25.200720600462496
40.3715,40.3715,196.0,226.43831624594569,224.72294993747278,-52.258316245945686
40.391,40.391,243.0,226.49638471602836,224.76308383143396,-5.3163847160283595
40.4104,40.4104,216.0,226.55433755612452,224.80289952753017,-32.37433755612452
40.4299,40.4299,206.0,226.61277777630858,224.84280757609204,-42.432777776308576
40.4494,40.4494,212.0,226.67141619479213,224.8826025309723,-36.49141619479213
40.4688,40.4688,234.0,226.72995437907952,224.92208126306548,-14.549954379079516
40.4883,40.4883,216.0,226.78900461388193,224.96165084928538,-32.60900461388193
40.5077,40.5077,220.0,226.8479697432356,225.00090552699825,-28.66796974323561
40.5272,40.5272,230.0,226.9074637448493,225.0402500635704,-18.72746374484931
40.5466,40.5466,214.0,226.96688659823894,225.0792810048584,-34.786886598238944
40.5661,40.5661,235.0,227.02685573443696,225.11840081195774,-13.846855734436964
40.5856,40.5856,200.0,227.0870756700617,225.1574080863064,-48.907075670061694
40.605,40.605,217.0,227.14724514764404,225.19610373489093,-31.967245147644043
40.6245,40.6245,202.0,227.20799165316552,225.23488676261528,-47.02799165316552
40.6439,40.6439,226.0,227.26870384104276,225.27335947511983,-23.088703841042765
40.6634,40.6634,222.0,227.3300138180366,225.31191857928656,-27.150013818036605
40.6828,40.6828,226.0,227.3913042890342,225.35016867769335,-23.211304289034196
40.7023,40.7023,240.0,227.45321616617665,225.38850418251883,-9.273216166176645
40.7218,40.7218,221.0,227.51544701507126,225.42672772262884,-28.33544701507126
40.7412,40.7412,238.0,227.5776820167346,225.46464422079922,-11.3976820167346
40.7607,40.7607,207.0,227.64057700399616,225.50264465046047,-42.46057700399616
40.7801,40.7801,208.0,227.70349599948952,225.5403393448962,-41.52349599948952
40.7996,40.7996,242.0,227.76710236374362,225.57811699118548,-7.587102363743618
40.819,40.819,222.0,227.830751392578,225.6155902078523,-27.65075139257801
40.8385,40.8385,203.0,227.89511437766237,225.65314539898387,-46.71511437766237
40.858,40.858,195.0,227.9598773390622,225.69058920046268,-54.77987733906219
40.8774,40.8774,210.0,228.02471660098564,225.72773053029886,-39.84471660098564
40.8969,40.8969,204.0,228.09031795346004,225.7649523714907,-45.910317953460044
40.9163,40.9163,203.0,228.1560170221001,225.80187304383023,-46.97601702210009
40.9358,40.9358,224.0,228.22250901325282,225.8388732557783,-26.04250901325282
40.9552,40.9552,236.0,228.28912735158238,225.875573600527,-14.10912735158238
40.9747,40.9747,262.0,228.3565725425876,225.9123525153995,11.8234274574124
40.9942,40.9942,210.0,228.42452322614488,225.94902062263284,-40.244523226144885
41.0136,41.0136,213.0,228.49263599318758,225.98539081466652,-37.31263599318758
41.0331,41.0331,230.0,228.56163619581847,226.02183812560762,-20.381636195818466
41.0525,41.0525,219.0,228.63083001985677,226.05798882012314,-31.450830019856774
41.072,41.072,214.0,228.7009491286791,226.09421566973796,-36.5209491286791
41.0914,41.0914,228.0,228.77129680482798,226.13014720053746,-22.591296804827984
41.1109,41.1109,220.0,228.84262074806142,226.16615392490448,-30.66262074806142
41.1304,41.1304,225.0,228.9145731143764,226.2020504305199,-25.734573114376396
41.1498,41.1498,210.0,228.98680181846933,226.2376535632011,-40.80680181846933
41.1693,41.1693,234.0,229.0600740639935,226.27333045019896,-16.88007406399351
41.1887,41.1887,218.0,229.13366338439053,226.30871525892837,-32.95366338439053
41.2082,41.2082,181.0,229.2083557191101,226.34417286615366,-70.0283557191101
41.2276,41.2276,237.0,229.28339906538906,226.3793396885863,-14.103399065389063
41.2471,41.2471,200.0,229.3595992664321,226.41457835598385,-51.1795992664321
41.2665,41.2665,220.0,229.43620025329844,226.44952753086702,-31.256200253298438
41.286,41.286,221.0,229.51400865110938,226.48454759947802,-30.33400865110938
41.3055,41.3055,247.0,229.592679745132,226.51945821639245,-4.412679745131989
41.3249,41.3249,224.0,229.671816041013,226.5540812786062,-27.49181604101299
41.3444,41.3444,200.0,229.75227482374467,226.58877381078466,-51.57227482374467
41.3638,41.3638,215.0,229.83325102698697,226.62318007751293,-36.65325102698697
41.3833,41.3833,219.0,229.91562085275345,226.657654868723,-32.73562085275345
41.4027,41.4027,222.0,229.99856719558886,226.69184468251004,-29.818567195588862
41.4222,41.4222,202.0,230.08298167764133,226.72610207760314,-49.90298167764133
41.4417,41.4417,213.0,230.16848676054406,226.76025062531014,-38.988486760544056
41.4611,41.4611,216.0,230.25465892493165,226.79411612697737,-36.07465892493165
41.4806,41.4806,224.0,230.342435395078,226.82804779831477,-28.162435395078013
41.5,41.5,200.0,230.43095149366937,226.86169770854747,-52.25095149366937
41.5195,41.5195,213.0,230.52116306113396,226.89541285106185,-39.34116306113396
41.5389,41.5389,187.0,230.61219376835737,226.92884751615773,-65.43219376835737
41.5584,41.5584,218.0,230.70503538082642,226.96234647846697,-34.52503538082642
41.5779,41.5779,227.0,230.79925779062353,226.99573720432232,-25.61925779062353
41.5973,41.5973,221.0,230.89441928235271,227.0288493775774,-31.714419282352715
41.6168,41.6168,188.0,230.99155476788363,227.06202444860614,-64.81155476788362
41.6362,41.6362,225.0,231.0897276766925,227.094922247565,-27.90972767669249
41.6557,41.6557,242.0,231.19001436211533,227.12788201504895,-11.010014362115335
41.6751,41.6751,220.0,231.2914278631014,227.16056578971913,-33.111427863101405
41.6946,41.6946,239.0,231.39509022690055,227.1933106059989,-14.21509022690055
41.7141,41.7141,235.0,231.50053726757477,227.22594780330184,-18.32053726757477
41.7335,41.7335,223.0,231.6072936136545,227.25831092591093,-30.42729361365449
41.753,41.753,242.0,231.71653801952257,227.29073370295373,-11.536538019522574
41.7724,41.7724,227.0,231.82720502433185,227.3228836813397,-26.647205024331846
41.7919,41.7919,231.0,231.94053413296453,227.3550923930956,-22.76053413296453
41.8113,41.8113,213.0,232.05542517450948,227.3870295809324,-40.87542517450948
41.8308,41.8308,228.0,232.17316268893595,227.4190245834211,-25.993162688935946
41.8503,41.8503,217.0,232.29323782560428,227.45091259087806,-37.11323782560428
41.8697,41.8697,252.0,232.41512302784201,227.48253098570544,-2.2351230278420147
41.8892,41.8892,220.0,232.54018332360937,227.51420582033901,-34.36018332360937
41.9086,41.9086,225.0,232.66721513058883,227.54561231379896,-29.48721513058883
41.9281,41.9281,218.0,232.79765489943904,227.57707433423,-36.61765489943904
41.9475,41.9475,231.0,232.93026803934018,227.60826928361922,-23.750268039340177
41.967,41.967,255.0,233.06654188796688,227.63951884950274,0.11345811203312195
41.9865,41.9865,252.0,233.20595345576706,227.67066205069122,-3.025953455767059
42.0059,42.0059,201.0,233.34786226775054,227.7015400851657,-54.16786226775054
42.0254,42.0254,193.0,233.49389200137873,227.73247137368446,-62.313892001378726
42.0448,42.0448,215.0,233.64268009458004,227.7631387622773,-40.462680094580044
42.0643,42.0643,233.0,233.79591591930912,227.79385850035138,-22.615915919309124
42.0837,42.0837,232.0,233.9522026113702,227.82431560393852,-23.77220261137021
42.1032,42.1032,226.0,234.11333582814007,227.85482415481434,-29.933335828140066
42.1227,42.1227,244.0,234.27867783995273,227.88522697764617,-12.098677839952735
42.1421,42.1421,211.0,234.4475403594308,227.91536906322776,-45.267540359430804
42.1616,42.1616,221.0,234.62186835963956,227.9455612461076,-35.441868359639564
42.181,42.181,248.0,234.80010248077414,227.97549395377095,-8.620102480774143
42.2005,42.2005,210.0,234.98432192359084,228.00547586248405,-46.80432192359084
42.2199,42.2199,232.0,235.17283541511847,228.03519955664098,-24.99283541511847
42.2394,42.2394,236.0,235.36788447179805,228.06497155798152,-21.18788447179805
42.2589,42.2589,226.0,235.56871704487185,228.094638474167,-31.388717044871846
42.2783,42.2783,243.0,235.77463945134627,228.124049065813,-14.594639451346275
42.2978,42.2978,206.0,235.98798673097747,228.1535066271749,-51.80798673097747
42.3172,42.3172,235.0,236.20694039453338,228.18270912119152,-23.026940394533376
42.3367,42.3367,221.0,236.43411668374503,228.21195769703164,-37.25411668374503
42.3561,42.3561,210.0,236.66749974724624,228.24095246132285,-48.48749974724624
42.3756,42.3756,236.0,236.9099203186982,228.26999242193935,-22.7299203186982
42.3951,42.3951,242.0,237.16057773756015,228.2989279464507,-16.980577737560147
42.4145,42.4145,255.0,237.41859251938104,228.32761154208245,-4.2385925193810365
42.434,42.434,229.0,237.68711986984175,228.3563390091562,-30.507119869841752
42.4534,42.4534,207.0,237.9638419042081,228.38481579962033,-52.783841904208096
42.4729,42.4729,233.0,238.25219509358573,228.41333558203104,-27.072195093585727
42.4923,42.4923,224.0,238.54976223422022,228.44160593868034,-36.369762234220225
42.5118,42.5118,249.0,238.8602285375,228.46991841018644,-11.680228537500007
42.5313,42.5313,254.0,239.18281666540898,228.49812710072155,-7.002816665408979
42.5507,42.5507,238.0,239.51639339408638,228.52608824069077,-23.33639339408638
42.5702,42.5702,275.0,239.86521479243126,228.55409018327873,13.31478520756874
42.5896,42.5896,235.0,240.22647658340696,228.58184582256263,-27.046476583406964
42.6091,42.6091,299.0,240.60477887851798,228.60964139340692,36.57522112148202
42.6285,42.6285,266.0,240.99722059198766,228.6371919067635,3.182779408012344
42.648,42.648,271.0,241.40889712550822,228.6647814830391,7.771102874491781
42.6675,42.6675,249.0,241.8388620131123,228.69226793948528,-14.658862013112305
42.6869,42.6869,281.0,242.28597994952278,228.71951120604044,16.894020050477216
42.7064,42.7064,287.0,242.7560605377701,228.74679223598105,22.42393946222989
42.7258,42.7258,269.0,243.24588810343667,228.77383131820142,3.93411189656333
42.7453,42.7453,270.0,243.761777094406,228.8009073012253,4.418222905594
42.7647,42.7647,277.0,244.3001971360766,228.82774257723057,10.879802863923395
42.7842,42.7842,270.0,244.8685349578478,228.8546138938853,3.3114650421522
42.8037,42.8037,282.0,245.4658251129235,228.8813827577829,14.714174887076489
42.8231,42.8231,252.0,246.09120629245882,228.90791277453587,-15.911206292458822
42.8426,42.8426,259.0,246.75312585393496,228.9344775451675,-9.573125853934961
42.862,42.862,289.0,247.4474825878416,228.96080470565195,19.73251741215841
42.8815,42.8815,217.0,248.18427514662716,228.98716576594805,-53.00427514662716
42.9009,42.9009,249.0,248.95879083992276,229.01329045160182,-21.778790839922756
42.9204,42.9204,270.0,249.78250712613095,229.03944818543897,-1.602507126130952
42.9399,42.9399,280.0,250.6550945748267,229.06550413944515,7.524905425173294
42.9593,42.9593,247.0,251.57589767590727,229.09132557083743,-26.39589767590727
42.9788,42.9788,252.0,252.55899022426263,229.11717877646214,-22.37899022426263
42.9982,42.9982,255.0,253.5989932916579,229.14279869121555,-20.418993291657905
43.0177,43.0177,263.0,254.71234709853334,229.168449534687,-13.532347098533343
43.0371,43.0371,255.0,255.8936030729874,229.19386831751407,-22.71360307298739
43.0566,43.0566,245.0,257.1617861053495,229.2193171859942,-33.98178610534951
43.0761,43.0761,271.0,258.5190108757982,229.24466495334644,-9.339010875798188
43.0955,43.0955,257.0,259.9657467399562,229.2697825041157,-24.785746739956217
43.115,43.115,248.0,261.5268096121413,229.29492887946276,-35.34680961214128
43.1344,43.1344,218.0,263.1968376753125,229.3198462646339,-67.0168376753125
43.1539,43.1539,243.0,265.00493171217505,229.34479163745794,-43.82493171217505
43.1733,43.1733,281.0,266.9471705226603,229.36950924497447,-7.767170522660315
43.1928,43.1928,256.0,269.0581937132087,229.39425400567902,-34.87819371320871
43.2123,43.2123,272.0,271.3470383297966,229.41889834965914,-21.16703832979659
43.2317,43.2317,263.0,273.8206058833779,229.44331676430568,-32.64060588337788
43.2512,43.2512,272.0,276.52725376144207,229.46776108399538,-26.34725376144207
43.2706,43.2706,262.0,279.46725085005664,229.49198069534307,-39.287250850056644
43.2901,43.2901,292.0,282.70026186082737,229.5162253834348,-12.520261860827368
43.3095,43.3095,279.0,286.2297459273187,229.5402465826148,-29.049745927318675
43.329,43.329,263.0,290.1343035279657,229.56429203270983,-48.9543035279657
43.3485,43.3485,267.0,294.4443159611052,229.58823775610745,-49.26431596110519
43.3679,43.3679,301.0,299.1944791159924,229.6119618183606,-20.01447911599241
43.3874,43.3874,306.0,304.49949036991615,229.63570889636787,-20.319490369916146
43.4068,43.4068,286.0,310.38745433034126,229.65923552872775,-46.20745433034126
43.4263,43.4263,279.0,317.01723088839435,229.68278435720376,-59.83723088839435
43.4457,43.4457,315.0,324.4357196789107,229.70611395394556,-31.255719678910687
43.4652,43.4652,297.0,332.8627021623016,229.72946492964553,-57.68270216230162
43.4847,43.4847,342.0,342.43240543095567,229.7527168742217,-22.25240543095567
43.5041,43.5041,328.0,353.2957026995178,229.7757514065064,-47.11570269951779
43.5236,43.5236,319.0,365.8171928603278,229.7988060956246,-68.63719286032779
43.543,43.543,351.0,380.166412159184,229.82164458237537,-50.986412159184006
43.5625,43.5625,378.0,396.85816472059565,229.84450241501736,-40.67816472059565
43.5819,43.5819,395.0,416.1493900411283,229.86714525360998,-42.9693900411283
43.6014,43.6014,394.0,438.7451848315069,229.88980662964124,-66.56518483150688
43.6209,43.6209,447.0,465.1556088385613,229.91236967559254,-39.97560883856131
43.6403,43.6403,496.0,495.8682094068814,229.93471953849553,-21.68820940688142
43.6598,43.6598,492.0,531.924316892248,229.95708672980012,-61.744316892248044
43.6792,43.6792,505.0,573.6605793352181,229.97924194233005,-90.48057933521812
43.6987,43.6987,562.0,622.101485732953,230.00141368104875,-81.92148573295304
43.7181,43.7181,591.0,677.0539058597728,230.02337464363833,-107.87390585977283
43.7376,43.7376,627.0,738.678323028616,230.0453513327032,-133.49832302861597
43.7571,43.7571,631.0,805.2392725765395,230.06723039812482,-196.0592725765395
43.7765,43.7765,729.0,873.2671019062614,230.08890048986143,-166.08710190626135
43.796,43.796,794.0,938.5324156031247,230.1105851121735,-166.3524156031247
43.8154,43.8154,833.0,994.2037186249656,230.1320619593469,-183.02371862496562
43.8349,43.8349,912.0,1034.8184283006617,230.15355254364556,-144.6384283006617
43.8543,43.8543,996.0,1056.2617909792975,230.17483654970204,-82.08179097929752
43.8738,43.8738,1042.0,1058.5645536152597,230.1961335019421,-38.384553615259684
43.8933,43.8933,1010.0,1044.3277162623983,230.21733354229212,-56.147716262398326
43.9127,43.9127,1045.0,1017.4618532833429,230.2383287981723,5.718146716657138
43.9322,43.9322,1070.0,980.5581950207285,230.2593358175226,67.62180497927153
43.9516,43.9516,1091.0,935.6159979323381,230.2801392451462,133.56400206766187
43.9711,43.9711,1014.0,883.4782041583761,230.30095365158434,108.70179584162389
43.9905,43.9905,1046.0,826.632877382341,230.3215656573676,197.547122617659
44.01,44.01,898.0,767.2747212072311,230.34218785982756,108.90527879276891
44.0295,44.0295,868.0,708.7230591728385,230.36271386739028,137.45694082716153
44.0489,44.0489,841.0,653.7536873016575,230.3830392592854,165.42631269834254
44.0684,44.0684,768.0,603.3817714530722,230.4033736783778,142.79822854692776
44.0878,44.0878,723.0,558.8288990326312,230.42350866866718,142.35110096736884
44.1073,44.1073,673.0,519.6688963670234,230.44365191032446,131.51110363297659
44.1267,44.1267,603.0,485.9468265782515,230.46359690835084,95.23317342174852
44.1462,44.1462,587.0,456.78518942451325,230.48354938444228,108.39481057548676
44.1656,44.1656,523.0,431.8728913529122,230.5033048003762,69.30710864708783
44.1851,44.1851,529.0,410.3788596957904,230.5230669236013,96.80114030420958
44.2046,44.2046,465.0,391.90573189771055,230.5427337812764,51.27426810228945
44.224,44.224,469.0,376.0583919001227,230.56220535232265,71.12160809987734
44.2435,44.2435,431.0,362.27926749709036,230.58168247826225,46.90073250290964
44.2629,44.2629,420.0,350.36650071493875,230.60096549677118,47.81349928506125
44.2824,44.2824,372.0,339.9179945059899,230.62025330573624,10.262005494010104
44.3018,44.3018,371.0,330.80474958886475,230.6393481847489,18.375250411135248
44.3213,44.3213,368.0,322.7353144191404,230.65844709231777,23.444685580859577
44.3408,44.3408,361.0,315.5983212232349,230.67745146301678,23.581678776765095
44.3602,44.3602,315.0,309.28785849266495,230.69626466825264,-16.107858492664953
44.3797,44.3797,311.0,303.62672992535806,230.7150807629853,-14.446729925358063
44.3991,44.3991,331.0,298.58026258672635,230.73370686540557,10.599737413273651
44.4186,44.4186,315.0,294.01775654112254,230.75233510178043,-0.8377565411225376
44.438,44.438,326.0,289.9219970186352,230.7707745172531,14.258002981364818
44.4575,44.4575,286.0,286.19465089944515,230.7892153136839,-22.01465089944515
44.477,44.477,333.0,282.81076470023646,230.80756230691244,28.369235299763538
44.4964,44.4964,258.0,279.7450064540561,230.825722234579,-43.565006454056125
44.5159,44.5159,274.0,276.9309613035154,230.84388241752632,-24.750961303515403
44.5353,44.5353,283.0,274.36871748733455,230.86185670194257,-13.18871748733455
44.5548,44.5548,273.0,272.0056952112401,230.87983049502142,-20.825695211240095
44.5742,44.5742,287.0,269.8437542100914,230.89761955483888,-4.6637542100913905
44.5937,44.5937,273.0,267.84175430309347,230.9154073792546,-16.661754303093467
44.6132,44.6132,256.0,265.9931432125875,230.933102139046,-31.813143212587484
44.6326,44.6326,268.0,264.29200118614574,230.95061391165893,-18.11200118614574
44.6521,44.6521,268.0,262.7072478889303,230.96812333661754,-16.527247888930283
44.6715,44.6715,267.0,261.2434021272361,230.98545093523668,-16.063402127236095
44.691,44.691,238.0,259.875432402061,231.00277544853537,-43.695432402060995
44.7104,44.7104,271.0,258.607515055397,231.01991929455218,-9.427515055397016
44.7299,44.7299,286.0,257.4188883336817,231.03705932014415,6.761111666318293
44.7494,44.7494,246.0,256.30857504295284,231.05410702452357,-32.12857504295284
44.7688,44.7688,251.0,255.27541131354556,231.0709757983398,-26.09541131354556
44.7883,44.7883,249.0,254.30265638136527,231.08783965294455,-27.122656381365267
44.8077,44.8077,235.0,253.39504763220646,231.10452573156238,-40.215047632206456
44.8272,44.8272,264.0,252.5384166256533,231.12120616228194,-10.358416625653298
44.8466,44.8466,233.0,251.7372138004554,231.13770996978914,-40.55721380045541
44.8661,44.8661,267.0,250.9791780859414,231.1542074032808,-5.7991780859414135
44.8856,44.8856,250.0,250.2651707938504,231.17061326372874,-22.085170793850388
44.905,44.905,244.0,249.5952372480495,231.1868442282126,-27.4152372480495
44.9245,44.9245,245.0,248.95951909405161,231.20306773340081,-25.779519094051615
44.9439,44.9439,219.0,248.36185266818754,231.2191174908681,-51.18185266818754
44.9634,44.9634,273.0,247.79356481045951,231.2351590693587,3.386435189540485
44.9828,44.9828,239.0,247.2584133868691,231.2510280465501,-30.07841338686911
45.0023,45.0023,235.0,246.74873444781397,231.26688812766076,-33.56873444781397
45.0218,45.0218,241.0,246.26551481462585,231.2826573885766,-27.085514814625846
45.0412,45.0412,255.0,245.80927640163944,231.29825576586666,-12.629276401639437
45.0607,45.0607,229.0,245.37367900928365,231.3138441753412,-38.19367900928365
45.0801,45.0801,228.0,244.96185003675856,231.32926284303056,-38.78185003675856
45.0996,45.0996,213.0,244.56812444328773,231.344670832255,-53.38812444328773
45.119,45.119,233.0,244.19528782505958,231.3599102196936,-33.01528782505958
45.1385,45.1385,240.0,243.83845330963712,231.3751382206021,-25.658453309637117
45.158,45.158,250.0,243.49834465029997,231.39027615876816,-15.31834465029997
45.1774,45.1774,217.0,243.17572982114743,231.40524720314338,-47.99572982114743
45.1969,45.1969,243.0,242.86627780655496,231.42020580283682,-21.686277806554962
45.2163,45.2163,256.0,242.57240002533004,231.43499864410882,-8.39240002533004
45.2358,45.2358,243.0,242.29022195035222,231.44977833910625,-21.11022195035222
45.2552,45.2552,218.0,242.02192657418468,231.46439340919088,-45.841926574184676
45.2747,45.2747,242.0,241.7640538618873,231.4789946339993,-21.584053861887305
45.2942,45.2942,224.0,241.51733194043632,231.49350655804417,-39.33733194043632
45.3136,45.3136,249.0,241.2824185458212,231.5078555553904,-14.102418545821202
45.3331,45.3331,216.0,241.0562908400571,231.52218966292864,-46.8762908400571
45.3525,45.3525,219.0,240.84076583320115,231.53636197259843,-43.66076583320115
45.372,45.372,222.0,240.63312976924752,231.55051869994813,-40.45312976924752
45.3914,45.3914,246.0,240.43504612744763,231.56451475637974,-16.255046127447635
45.4109,45.4109,218.0,240.2440218264413,231.57849454057697,-44.0640218264413
45.4304,45.4304,235.0,240.06074449511016,231.59238579043938,-26.880744495110157
45.4498,45.4498,253.0,239.88570425794174,231.60611805771592,-8.70570425794174
45.4693,45.4693,239.0,239.7167375369461,231.61983302188167,-22.536737536946113
45.4887,45.4887,247.0,239.5552373531419,231.63339012568548,-14.375237353141905
45.5082,45.5082,199.0,239.39920632895314,231.64692924297046,-62.21920632895314
45.5276,45.5276,228.0,239.24999580914616,231.66031162021852,-33.06999580914616
45.5471,45.5471,228.0,239.10575840633038,231.67367533014414,-32.92575840633038
45.5666,45.5666,225.0,238.9670329175731,231.68695127653677,-35.78703291757311
45.586,45.586,207.0,238.83422531425626,231.70007216124264,-53.65422531425626
45.6055,45.6055,228.0,238.70571851878572,231.7131733614394,-32.525718518785716
45.6249,45.6249,228.0,238.58264680592933,231.72612061550075,-32.40264680592933
45.6444,45.6444,208.0,238.4634962814331,231.73904751077157,-52.283496281433095
45.6638,45.6638,235.0,238.34932750235023,231.75182157354064,-25.169327502350235
45.6833,45.6833,215.0,238.2387530641868,231.76457460584848,-45.058753064186796
45.7028,45.7028,219.0,238.13220787254514,231.7772406497215,-40.95220787254514
45.7222,45.7222,258.0,238.0300276572323,231.78975552936203,-1.850027657232296
45.7417,45.7417,219.0,237.93098739894435,231.80224837507757,-40.75098739894435
45.7611,45.7611,226.0,237.83598500744134,231.81459116537388,-33.65598500744134
45.7806,45.7806,231.0,237.7438743553896,231.82691125661228,-28.563874355389608
45.8,45.8,217.0,237.65547701891703,231.83908239930838,-42.475477018917026
45.8195,45.8195,244.0,237.56974798222822,231.8512301804303,-15.389747982228222
45.839,45.839,206.0,237.4870095481464,231.86329175243503,-53.307009548146404
45.8584,45.8584,246.0,237.40757508669333,231.87520603398826,-13.227575086693328
45.8779,45.8779,228.0,237.3304984950489,231.8870959642584,-31.150498495048886
45.8973,45.8973,259.0,237.25647202593993,231.8988397060875,-0.0764720259399283
45.9168,45.9168,238.0,237.18462948686746,231.91055844067,-21.004629486867465
45.9362,45.9362,230.0,237.11560758740427,231.92213208686712,-28.93560758740427
45.9557,45.9557,208.0,237.04859598027892,231.93368007247673,-50.86859598027892
45.9752,45.9752,227.0,236.9838852473445,231.94514263242934,-31.80388524734449
45.9946,45.9946,227.0,236.92801733826687,231.95646175181253,-31.74801733826687
46.0141,46.0141,247.0,236.86765175107823,231.9677542346849,-11.687651751078228
46.0335,46.0335,235.0,236.80963296297182,231.97890437213124,-23.62963296297182
46.053,46.053,239.0,236.75328350540698,231.99002722629305,-19.573283505406984
46.0724,46.0724,226.0,236.69913137647524,232.00100882819953,-32.51913137647524
46.0919,46.0919,227.0,236.64653250028866,232.01196250267571,-31.466532500288658
46.1114,46.1114,238.0,236.5957346182175,232.0228315390212,-20.415734618217506
46.1308,46.1308,242.0,236.54688855760696,232.0335609605571,-16.366888557606963
46.1503,46.1503,237.0,236.49946449764195,232.0442614925546,-21.319464497641953
46.1697,46.1697,229.0,236.45387915557004,232.0548234979561,-29.273879155570036
46.1892,46.1892,211.0,236.40960244605844,232.0653559762545,-47.22960244605844
46.2086,46.2086,203.0,236.37021258386545,232.07575101417956,-55.19021258386545
46.2281,46.2281,215.0,236.3289015406249,232.0861158900704,-43.14890154062491
46.2476,46.2476,230.0,236.289006511026,232.09639691934584,-28.109006511026003
46.267,46.267,216.0,236.25066971901265,232.10654213522938,-42.07066971901265
46.2865,46.2865,230.0,236.21344816037913,232.11665624081422,-28.03344816037913
46.3059,46.3059,228.0,236.1776972967279,232.12663561422818,-29.9976972967279
46.3254,46.3254,215.0,236.1430010051779,232.13658324900655,-42.963001005177894
46.3448,46.3448,232.0,236.10968031058565,232.14639723082664,-25.929680310585645
46.3643,46.3643,225.0,236.0773566546174,232.15617884831303,-32.897356654617404
46.3838,46.3838,260.0,236.04615999492967,232.16587741461169,2.133840005070333
46.4032,46.4032,205.0,236.0162238592204,232.1754439443761,-52.83622385922039
46.4227,46.4227,209.0,235.9871972223587,232.18497717541328,-48.8071972223587
46.4421,46.4421,273.0,235.95935383458666,232.1943794440832,15.220646165413335
46.4616,46.4616,234.0,235.93237552663817,232.20374779493466,-23.75237552663817
46.481,46.481,221.0,235.90650832444788,232.21298625555985,-36.726508324447884
46.5005,46.5005,238.0,235.8814558270122,232.2221901819191,-19.70145582701219
46.52,46.52,251.0,235.85733512994966,232.23131185635384,-6.677335129949661
46.5394,46.5394,218.0,235.83423322870436,232.24030524633747,-39.65423322870436
46.5589,46.5589,209.0,235.81189940074785,232.2492631815584,-48.63189940074785
46.5783,46.5783,257.0,235.79051971427592,232.25809389938044,-0.6105197142759167
46.5978,46.5978,242.0,235.76987082148239,232.2668885526113,-15.589870821482386
46.6172,46.6172,237.0,235.75013368203253,232.27555705345208,-20.570133682032527
46.6367,46.6367,227.0,235.73108460845253,232.28418888252162,-30.551084608452534
46.6562,46.6562,247.0,235.71281322594686,232.29273926268868,-10.53281322594686
46.6756,46.6756,251.0,235.69537857641038,232.30116508550122,-6.515378576410377
46.6951,46.6951,257.0,235.67859719256015,232.30955332996774,-0.49859719256014756
46.7145,46.7145,265.0,235.66261487013858,232.31781807695694,7.517385129861417
46.734,46.734,258.0,235.64724739526702,232.3260446450506,0.532752604732984
46.7534,46.7534,254.0,235.63264785684717,232.33414877348386,-3.4526478568471717
46.7729,46.7729,231.0,235.6186402366918,232.3422141251251,-26.43864023669179
46.7924,46.7924,241.0,235.6052955366751,232.35019883456792,-16.4252955366751
46.8118,46.8118,251.0,235.592655888564,232.35806268855683,-6.412655888563997
46.8313,46.8313,268.0,235.5805767465666,232.36588687312457,10.599423253433393
46.8507,46.8507,271.0,235.56917838510878,232.37359125488146,13.610821614891215
46.8702,46.8702,263.0,235.55832171437783,232.38125537596207,5.621678285622174
46.8896,46.8896,275.0,235.54811325517682,232.38880074479786,17.631886744823184
46.9091,46.9091,238.0,235.5384339959629,232.39630526435977,-19.35843399596289
46.9285,46.9285,258.0,235.52937099437852,232.4036920801612,0.6506290056214752
46.948,46.948,277.0,235.5208194040842,232.41103746074958,19.659180595915807
46.9675,46.9675,287.0,235.51282057144584,232.41830324153176,29.667179428554157
46.9869,46.9869,256.0,235.50540056770004,232.42545288870872,-1.3254005677000364
47.0064,47.0064,283.0,235.49848042803146,232.43256022600497,25.681519571968543
47.0258,47.0258,302.0,235.4921097529931,232.4395524729528,44.68789024700691
47.0453,47.0453,275.0,235.48622828863688,232.44650183073557,17.69377171136312
47.0647,47.0647,252.0,235.48088082448376,232.45333713932854,-5.300880824483762
47.0842,47.0842,294.0,235.4760053751352,232.4601289821346,36.7039946248648
47.1037,47.1037,299.0,235.47162827092185,232.4668420399658,41.708371729078145
47.1231,47.1231,297.0,235.46775411898614,232.47344260773366,39.712245881013864
47.1426,47.1426,288.0,235.4643478454173,232.47999884904226,30.715652154582692
47.162,47.162,278.0,235.46143031691474,232.4864436361776,20.718569683085256
47.1815,47.1815,290.0,235.45896548747749,232.49284352689645,32.721034512522515
47.2009,47.2009,262.0,235.45698155663894,232.49913299721757,4.723018443361063
47.2204,47.2204,264.0,235.45544424790356,232.50537700383128,6.7245557520964425
47.2399,47.2399,256.0,235.4543695637165,232.51154304373105,-1.2743695637165118
47.2593,47.2593,278.0,235.45374852764593,232.51760021124537,20.726251472354072
47.2788,47.2788,241.0,235.4535698506,232.52361106839487,-16.27356985059999
47.2982,47.2982,234.0,235.4538410211479,232.52951408162565,-23.273841021147895
47.3177,47.3177,220.0,235.45455152810658,232.5353702238743,-37.27455152810658
47.3371,47.3371,224.0,235.4556994588736,232.5411195485404,-33.275699458873596
47.3566,47.3566,241.0,235.457290953859,232.546821444277,-16.277290953859
47.3761,47.3761,210.0,235.45931725988365,232.55244619491367,-47.27931725988365
47.3955,47.3955,235.0,235.46176475663023,232.55796566478114,-22.28176475663023
47.415,47.415,228.0,235.46465570271232,232.5634368730957,-29.28465570271232
47.4344,47.4344,216.0,235.467960155319,232.56880382162862,-41.28796015531899
47.4539,47.4539,262.0,235.47171553853542,232.57412195734338,4.708284461464579
47.4733,47.4733,228.0,235.47587385638647,232.5793368521175,-29.29587385638647
47.4928,47.4928,247.0,235.480487249208,232.58450238548153,-10.300487249208011
47.5123,47.5123,246.0,235.48552679846813,232.58959159863574,-11.30552679846813
47.5317,47.5317,244.0,235.49096735042843,232.59457909638098,-13.310967350428434
47.5512,47.5512,249.0,235.4968696159076,232.59951641414395,-8.3168696159076
47.5706,47.5706,209.0,235.50316752914313,232.60435302995094,-48.32316752914313
47.5901,47.5901,215.0,235.50992976455245,232.60913892387404,-42.32992976455245
47.6095,47.6095,202.0,235.5170877769357,232.6138251271323,-55.33708777693571
47.629,47.629,233.0,235.52471521194067,232.61846006928116,-24.344715211940674
47.6485,47.6485,236.0,235.53278588468794,232.6230195193097,-21.35278588468794
47.6679,47.6679,215.0,235.54124713668594,232.62748079284123,-42.36124713668594
47.6874,47.6874,240.0,235.55019903245733,232.63189000075886,-17.37019903245733
47.7068,47.7068,243.0,235.55954509980756,232.63620203804376,-14.379545099807565
47.7263,47.7263,228.0,235.56938471598852,232.6404614771872,-29.38938471598852
47.7457,47.7457,239.0,235.5796293021257,232.64462474938495,-18.39962930212571
47.7652,47.7652,244.0,235.5903762049141,232.64873489359263,-13.410376204914094
47.7847,47.7847,221.0,235.60159016710372,232.65277037689214,-36.42159016710372
47.8041,47.8041,243.0,235.61320568620624,232.65671119596917,-14.433205686206243
47.8236,47.8236,245.0,235.62535168254445,232.66059809663426,-12.445351682544448
47.843,47.843,198.0,235.63790667832538,232.66439133129904,-59.45790667832538
47.8625,47.8625,249.0,235.65100527436985,232.66813012440824,-8.471005274369851
47.8819,47.8819,244.0,235.6645208936064,232.67177624754666,-13.484520893606408
47.9014,47.9014,251.0,235.67860258915232,232.6753674086675,-6.49860258915232
47.9209,47.9209,245.0,235.69318338627266,232.67888474313793,-12.513183386272665
47.9403,47.9403,269.0,235.70819237435256,232.6823108988366,11.471807625647436
47.9598,47.9598,249.0,235.72378991053233,232.6856813161925,-8.543789910532332
47.9792,47.9792,271.0,235.73983034927375,232.6889615453037,13.440169650726254
47.9987,47.9987,280.0,235.7564841033238,232.69218552232127,22.4235158966762
48.0181,48.0181,280.0,235.773585409996,232.69532029941388,22.406414590003997
48.0376,48.0376,302.0,235.79132810719804,232.69839831334602,44.38867189280196
48.0571,48.0571,265.0,235.80962494588366,232.70140333785469,7.370375054116344
48.0765,48.0765,264.0,235.82839338232208,232.70432064203465,6.351606617677923
48.096,48.096,277.0,235.84784063809298,232.7071804208385,19.332159361907024
48.1154,48.1154,277.0,235.86776999536318,232.70995346209384,19.312230004636824
48.1349,48.1349,299.0,235.88840849866943,232.71266847362318,41.291591501330565
48.1543,48.1543,274.0,235.90954751711547,232.71529772816203,16.27045248288453
48.1738,48.1738,289.0,235.93141824393533,232.71786845131146,31.248581756064674
48.1933,48.1933,275.0,235.95393290508287,232.72036702515646,17.226067094917134
48.2127,48.2127,287.0,235.97698038308295,232.72278130992734,29.203019616917054
48.2322,48.2322,236.0,236.0008174682508,232.72513631521406,-21.8208174682508
48.2516,48.2516,250.0,236.0252065006427,232.7274080064087,-7.845206500642696
48.2711,48.2711,242.0,236.0504218144301,232.72961992317775,-15.87042181443011
48.2905,48.2905,237.0,236.07621466394752,232.7317494986002,-20.896214663947525
48.31,48.31,253.0,236.10286868855545,232.73381880734414,-4.922868688555447
48.3295,48.3295,261.0,236.130277234058,232.73581680971813,3.0497227659419863
48.3489,48.3489,199.0,236.15830594118873,232.7377339269059,-58.97830594118873
48.3684,48.3684,242.0,236.18726799011307,232.7395900434518,-16.00726799011307
48.3878,48.3878,210.0,236.21687957285639,232.7413662419449,-48.036879572856385
48.4073,48.4073,229.0,236.24746880706385,232.74308095426989,-29.067468807063854
48.4267,48.4267,248.0,236.27874561074182,232.74471671342476,-10.098745610741823
48.4462,48.4462,213.0,236.3110583737368,232.74629050357552,-45.13105837373681
48.4657,48.4657,223.0,236.3442685987881,232.74779383302956,-35.16426859878809
48.4851,48.4851,245.0,236.37821886789598,232.7492196536429,-13.198218867895982
48.5046,48.5046,214.0,236.41328564544185,232.75058278542946,-44.233285645441846
48.524,48.524,225.0,236.44914028394547,232.75186936761057,-33.26914028394547
48.5435,48.5435,244.0,236.48618204939953,232.75309278485963,-14.306182049399531
48.5629,48.5629,220.0,236.5240513075898,232.75424060947375,-38.34405130758979
48.5824,48.5824,226.0,236.56318061266006,232.75532479574244,-32.38318061266006
48.6019,48.6019,202.0,236.60339214681827,232.75633936964948,-56.423392146818266
48.6213,48.6213,239.0,236.64451637483174,232.75727978334643,-19.46451637483174
48.6408,48.6408,219.0,236.6870098497848,232.75815585302382,-39.5070098497848
48.6602,48.6602,238.0,236.7304681361259,232.7589587137794,-20.550468136125893
48.6797,48.6797,263.0,236.77538541615914,232.7596967638363,4.404614583840861
48.6991,48.6991,202.0,236.82132549663464,232.76036255398114,-56.64132549663464
48.7186,48.7186,242.0,236.86881522956205,232.7609630694412,-16.688815229562046
48.7381,48.7381,223.0,236.91764456629662,232.76149482345988,-35.737644566296616
48.7575,48.7575,225.0,236.9676202037944,232.7619557380141,-33.78762020379441
48.777,48.777,241.0,237.019291360058,232.76235068636507,-17.83929136005799
48.7964,48.7964,208.0,237.07217249805578,232.76267573854489,-50.89217249805578
48.8159,48.8159,201.0,237.12687026447406,232.76293436727266,-57.946870264474065
48.8353,48.8353,214.0,237.1828607932081,232.7631240408305,-45.00286079320811
48.8548,48.8548,232.0,237.24077931746527,232.76324683638165,-27.06077931746527
48.8743,48.8743,258.0,237.30041070597952,232.76330172391988,-1.1204107059795163
48.8937,48.8937,221.0,237.36148254741443,232.7632890646873,-38.181482547414426
48.9132,48.9132,229.0,237.42470042475932,232.76320885009073,-30.244700424759323
48.9326,48.9326,235.0,237.4894633875958,232.7630620239743,-24.309463387595805
48.9521,48.9521,208.0,237.5565127673323,232.76284719467907,-51.376512767332294
48.9715,48.9715,220.0,237.6252383629081,232.76256668680952,-39.44523836290811
48.991,48.991,259.0,237.69642677122155,232.76221773064128,-0.5164267712215533
49.0105,49.0105,220.0,237.76980607011365,232.76180172232017,-39.589806070113646
49.0299,49.0299,224.0,237.84505230198812,232.7613214317051,-35.66505230198812
49.0494,49.0494,231.0,237.9230311843867,232.76077202959985,-28.7430311843867
49.0688,49.0688,214.0,238.00304247901616,232.76015927236293,-45.82304247901616
49.0883,49.0883,241.0,238.08600735571602,232.75947696525745,-18.90600735571602
49.1077,49.1077,215.0,238.1711637415894,232.75873222786404,-44.991163741589396
49.1272,49.1272,232.0,238.25951226067153,232.75791750491948,-28.079512260671528
49.1467,49.1467,218.0,238.35070163340177,232.7570365880368,-42.17070163340177
49.1661,49.1661,234.0,238.44439712273606,232.75609462495885,-26.264397122736064
49.1856,49.1856,214.0,238.54163406781717,232.7550820273072,-46.36163406781717
49.205,49.205,212.0,238.64159277654804,232.75400930248813,-48.46159277654804
49.2245,49.2245,260.0,238.74541817890372,232.75286551415567,-0.5654181789037196
49.2439,49.2439,239.0,238.85218054100585,232.75166251535214,-21.67218054100585
49.2634,49.2634,219.0,238.9631529633219,232.75038802679148,-41.7831529633219
49.2829,49.2829,215.0,239.0779075517668,232.74904820478554,-45.8979075517668
49.3023,49.3023,224.0,239.19604613318586,232.7476505441456,-37.01604613318586
49.3218,49.3218,244.0,239.31893865381704,232.74618075889728,-17.138938653817043
49.3412,49.3412,205.0,239.4455032139333,232.74465404586357,-56.26550321393331
49.3607,49.3607,243.0,239.57726504472865,232.7430547887214,-18.39726504472865
49.3801,49.3801,211.0,239.7130461686604,232.74139951229816,-50.53304616866041
49.3996,49.3996,240.0,239.85447501513366,232.73967127496275,-21.67447501513366
49.4191,49.4191,220.0,240.00112401492137,232.73787856687585,-41.821124014921374
49.4385,49.4385,238.0,240.1524188355693,232.7360311990229,-23.972418835569307
49.458,49.458,253.0,240.31021324547945,232.73411024957846,-9.130213245479446
49.4774,49.4774,231.0,240.4731215666799,232.73213554299315,-31.293121566679908
49.4969,49.4969,219.0,240.64312970177951,232.73008684475639,-43.463129701779515
49.5163,49.5163,231.0,240.8188233910384,232.72798528964714,-31.638823391038393
49.5358,49.5358,267.0,241.00234927305033,232.72580933552274,4.177650726949672
49.5553,49.5553,250.0,241.19317743183947,232.72356977546522,-13.013177431839473
49.5747,49.5747,251.0,241.39060828733315,232.72127870566248,-12.210608287333152
49.5942,49.5942,226.0,241.59709308561125,232.71891263033734,-37.41709308561125
49.6136,49.6136,238.0,241.81100133080002,232.71649593962533,-25.631001330800025
49.6331,49.6331,222.0,242.03487660545824,232.7140038427706,-41.85487660545824
49.6525,49.6525,227.0,242.26701711304807,232.71146202251856,-37.08701711304807
49.672,49.672,219.0,242.51029369642112,232.70884439819935,-45.330293696421116
49.6914,49.6914,225.0,242.7627522672485,232.70617794009985,-39.58275226724849
49.7109,49.7109,246.0,243.0276410617559,232.7034352827046,-18.8476410617559
49.7304,49.7304,230.0,243.30422490094656,232.70063013419235,-35.124224900946565
49.7498,49.7498,253.0,243.59180183528122,232.6977774830072,-12.411801835281217
49.7693,49.7693,237.0,243.8940210104775,232.69484804423635,-28.714021010477502
49.7887,49.7887,246.0,244.20855150761938,232.6918719864608,-20.028551507619376
49.8082,49.8082,224.0,244.53955081509162,232.68881875261297,-42.359550815091616
49.8276,49.8276,245.0,244.88445060650724,232.68571978104427,-21.704450606507244
49.8471,49.8471,242.0,245.24781893872884,232.6825432476121,-25.06781893872884
49.8666,49.8666,244.0,245.6290605965282,232.6793050924485,-23.449060596528206
49.886,49.886,237.0,246.02716144336773,232.6760225181385,-30.84716144336773
49.9055,49.9055,247.0,246.44755968999183,232.67266180784225,-21.267559689991835
49.9249,49.9249,253.0,246.88717861419957,232.66925755370488,-15.70717861419957
49.9444,49.9444,244.0,247.35204662337745,232.66577478453038,-25.172046623377447
49.9638,49.9638,272.0,247.83903145211335,232.66224934442414,2.3409685478866535
49.9833,49.9833,210.0,248.35490279372468,232.6586450129245,-60.17490279372468
50.0028,50.0028,235.0,248.89911319197483,232.65497993095104,-35.719113191974834
50.0222,50.0222,248.0,249.4706018256083,232.65127348402592,-23.2906018256083
50.0417,50.0417,233.0,250.0775398128007,232.64748758574748,-38.897539812800694
50.0611,50.0611,245.0,250.71634429649077,232.64366118941905,-27.536344296490775
50.0806,50.0806,273.0,251.3959361717217,232.63975497211925,-0.215936171721701
50.1,50.1,252.0,252.11261074344623,232.6358091212637,-21.932610743446226
50.1195,50.1195,263.0,252.87689584854775,232.63178308251216,-11.696895848547747
50.139,50.139,227.0,253.68868168439468,232.62769716633986,-48.50868168439468
50.1584,50.1584,262.0,254.5476933077673,232.62357290993705,-14.367693307767304
50.1779,50.1779,242.0,255.46665228569844,232.61936791983598,-35.286652285698445
50.1973,50.1973,235.0,256.44137571140294,232.61512544796264,-43.26137571140294
50.2168,50.2168,246.0,257.48711210550573,232.6108018822019,-33.30711210550573
50.2362,50.2362,266.0,258.59896192256826,232.60644169070832,-14.418961922568265
50.2557,50.2557,260.0,259.79525509205484,232.6020000478305,-21.615255092054845
50.2752,50.2752,280.0,261.0773993339533,232.5974994023034,-2.897399333953281
50.2946,50.2946,247.0,262.44693927830707,232.59296341165458,-37.26693927830707
50.3141,50.3141,256.0,263.92707662953035,232.58834543797053,-29.747076629530348
50.3335,50.3335,261.0,265.51286244739697,232.58369296914015,-26.33286244739697
50.353,50.353,245.0,267.2327389355574,232.57895816650978,-44.05273893555739
50.3724,50.3724,256.0,269.08183153404826,232.57418971627882,-34.90183153404826
50.3919,50.3919,291.0,271.0943609012586,232.56933858417386,-1.914360901258597
50.4114,50.4114,286.0,273.2788076647572,232.564429325833,-9.09880766475721
50.4308,50.4308,263.0,275.64168032733016,232.5594876877305,-34.461680327330164
50.4503,50.4503,275.0,278.2302700994265,232.55446285024658,-25.05027009942649
50.4697,50.4697,306.0,281.0429679503315,232.54940647445554,3.1370320496684982
50.4892,50.4892,298.0,284.1386375678325,232.5442665579372,-7.958637567832518
50.5086,50.5086,285.0,287.5208791182763,232.5390959421255,-24.3408791182763
50.5281,50.5281,300.0,291.26265401054184,232.53384144692996,-13.082654010541837
50.5476,50.5476,288.0,295.3964258750245,232.52852970347675,-29.216425875024477
50.567,50.567,306.0,299.9510028386394,232.52318851574006,-15.771002838639397
50.5865,50.5865,340.0,305.0377535392262,232.51776294524697,13.142246460773826
50.6059,50.6059,304.0,310.6814547824437,232.51230876336606,-28.501454782443723
50.6254,50.6254,324.0,317.02569911854846,232.50676986679588,-14.84569911854846
50.6448,50.6448,353.0,324.1121449172704,232.50120318928228,7.067855082729572
50.6643,50.6643,379.0,332.1358615443984,232.4955514678337,25.04413845560162
50.6838,50.6838,395.0,341.20498384283695,232.48984337759398,31.975016157163047
50.7032,50.7032,370.0,351.4360645688334,232.48410874853616,-3.256064568833388
50.7227,50.7227,387.0,363.1227630677017,232.4782885862955,2.0572369322982738
50.7421,50.7421,399.0,376.3727905384601,232.47244270953692,0.8072094615399052
50.7616,50.7616,429.0,391.5758626685688,232.46651097706862,15.604137331431211
50.781,50.781,460.0,408.8555041186949,232.46055435192096,29.32449588130509
50.8005,50.8005,467.0,428.7009567623598,232.45451155122157,16.479043237640205
50.82,50.82,531.0,451.34072236853183,232.44841326260902,57.83927763146817
50.8394,50.8394,571.0,476.94259903049834,232.44229131050307,72.23740096950166
50.8589,50.8589,620.0,506.00914807366127,232.4360827077113,92.17085192633874
50.8783,50.8783,647.0,538.3339991098578,232.42985125709487,86.8460008901422
50.8978,50.8978,669.0,574.1011824142561,232.42353284266392,73.07881758574393
50.9172,50.9172,679.0,612.3772748391341,232.41719239360503,44.80272516086591
50.9367,50.9367,725.0,652.4295150228671,232.41076467028566,50.75048497713288
50.9562,50.9562,786.0,692.2553746730591,232.4042823412655,71.92462532694088
50.9756,50.9756,879.0,729.202068418082,232.39777919381092,127.97793158191797
50.9951,50.9951,807.0,760.8687861470729,232.39118831106302,24.31121385292709
51.0145,51.0145,853.0,784.4051217772353,232.38457741688245,46.77487822276469
51.034,51.034,768.0,798.461238991867,232.3778784836696,-52.28123899186705
51.0534,51.0534,776.0,802.6403443111602,232.37116034354426,-48.46034431116022
51.0729,51.0729,809.0,797.986123244845,232.36435386332755,-10.806123244844976
51.0924,51.0924,782.0,786.0872626976366,232.35749366088055,-25.90726269763656
51.1118,51.1118,726.0,768.6196952402667,232.3506154546698,-64.43969524026664
51.1313,51.1313,652.0,746.4759525891349,232.34364846142276,-116.29595258913486
51.1507,51.1507,634.0,720.459422214276,232.3366642627125,-108.27942221427594
51.1702,51.1702,619.0,690.7944119146198,232.32959098260739,-93.61441191461978
51.1896,51.1896,602.0,658.4593922045827,232.32250129284827,-78.27939220458273
51.2091,51.2091,554.0,624.1855347600822,232.31532223001295,-92.00553476008218
51.2286,51.2286,507.0,589.4270352302699,232.30809032959877,-104.24703523026989
51.248,51.248,492.0,555.6257830541979,232.30084320958355,-85.44578305419788
51.2675,51.2675,458.0,523.4364368971893,232.29350628362027,-87.2564368971893
51.2869,51.2869,450.0,493.8446215186698,232.28615492762162,-65.66462151866978
51.3064,51.3064,425.0,466.8718590305889,232.27871348068672,-63.691859030588894
51.3258,51.3258,379.0,442.86097035003615,232.2712583907812,-85.68097035003615
51.3453,51.3453,355.0,421.4564561782063,232.26371292762533,-88.27645617820627
51.3648,51.3648,354.0,402.58982840634997,232.25611551264637,-70.40982840634996
51.3842,51.3842,362.0,386.0885939942949,232.2485056316043,-45.90859399429491
51.4037,51.4037,326.0,371.5231753157668,232.24080495849725,-67.34317531576681
51.4231,51.4231,317.0,358.79475436827005,232.23309260012493,-63.61475436827005
51.4426,51.4426,310.0,347.5411307413007,232.225289174059,-59.36113074130072
51.462,51.462,308.0,337.67638754604127,232.21747484101545,-51.49638754604127
51.4815,51.4815,288.0,328.91630326421597,232.20956916732047,-62.73630326421597
51.501,51.501,288.0,321.15748845855114,232.2016124285855,-54.97748845855114
51.5204,51.5204,285.0,314.29708375854364,232.19364594658634,-51.117083758543636
51.5399,51.5399,292.0,308.14748161322507,232.18558771916125,-37.96748161322507
51.5593,51.5593,283.0,302.674671953448,232.17752052046987,-41.49467195344801
51.5788,51.5788,260.0,297.73660946513553,232.16936131007168,-59.55660946513553
51.5982,51.5982,276.0,293.3116783578449,232.1611938978859,-39.131678357844926
51.6177,51.6177,239.0,289.29408869837084,232.15293421037998,-72.11408869837084
51.6372,51.6372,257.0,285.6529566532145,232.14462434556802,-50.47295665321452
51.6566,51.6566,249.0,282.3606343078695,232.13630742944025,-55.180634307869475
51.6761,51.6761,253.0,279.34364485914364,232.1278978472398,-48.16364485914364
51.6955,51.6955,260.0,276.6006605572542,232.11948197689023,-38.42066055725417
51.715,51.715,265.0,274.07426257453574,232.11097318352242,-30.894262574535738
51.7344,51.7344,249.0,271.7656365516438,232.10245886264426,-44.58563655164381
51.7539,51.7539,246.0,269.62930852156404,232.09385136446622,-45.44930852156404
51.7734,51.7734,247.0,267.65851359037936,232.08519457758996,-42.47851359037936
51.7928,51.7928,250.0,265.84611911196936,232.07653340038726,-37.66611911196936
51.8123,51.8123,246.0,264.1586350927854,232.06777866913473,-39.9786350927854
51.8317,51.8317,238.0,262.60061734118807,232.05902030186056,-46.42061734118807
51.8512,51.8512,262.0,261.14465361647757,232.05016813291329,-20.96465361647757
51.8706,51.8706,223.0,259.79572701312605,232.04131307971275,-58.615727013126055
51.8901,51.8901,251.0,258.53080691568255,232.03236397987575,-29.350806915682547
51.9096,51.9096,223.0,257.3494150877498,232.02336648074547,-56.169415087749776
51.929,51.929,274.0,256.24967913256563,232.01436722121306,-4.069679132565632
51.9485,51.9485,238.0,255.21386808010652,232.00527355227607,-39.03386808010652
51.9679,51.9679,248.0,254.24693863708725,231.99617886835023,-28.066938637087254
51.9874,51.9874,236.0,253.33362367842807,231.98698953670464,-39.15362367842807
52.0068,52.0068,233.0,252.47889358057375,231.9777999329387,-41.298893580573754
52.0263,52.0263,221.0,251.66961507397457,231.96851544579383,-52.48961507397457
52.0458,52.0458,225.0,250.9064682352306,231.95918344948103,-47.72646823523059
52.0652,52.0652,238.0,250.18961425982522,231.94985229152215,-34.00961425982522
52.0847,52.0847,233.0,249.50841420054667,231.94042590137636,-38.32841420054667
52.1041,52.1041,221.0,248.867195912936,231.93100108607726,-49.68719591293601
52.1236,52.1236,238.0,248.25657212724468,231.92148080956952,-32.07657212724468
52.143,52.143,217.0,247.68059749479775,231.91196284184835,-52.50059749479775
52.1625,52.1625,233.0,247.13108561880404,231.90234918654838,-35.951085618804036
52.182,52.182,236.0,246.6090522700085,231.89268891284945,-32.429052270008505
52.2014,52.2014,231.0,246.11517874326776,231.8830320449918,-36.93517874326776
52.2209,52.2209,204.0,245.6426205978424,231.8732791546846,-63.46262059784241
52.2403,52.2403,217.0,245.1948094335591,231.86353039776282,-50.0148094335591
52.2598,52.2598,257.0,244.76565013561813,231.85368539864757,-9.585650135618131
52.2792,52.2792,253.0,244.35822748290704,231.84384525790105,-13.17822748290704
52.2987,52.2987,246.0,243.96712788278538,231.8339086578642,-19.787127882785377
52.3182,52.3182,232.0,243.59334537488292,231.8239263307641,-33.413345374882915
52.3376,52.3376,203.0,243.23771952080128,231.81394994562638,-62.05771952080128
52.3571,52.3571,244.0,242.89557585167142,231.80387678024056,-20.715575851671424
52.3765,52.3765,246.0,242.56952956588853,231.79381027538523,-18.38952956588853
52.396,52.396,207.0,242.25538872631225,231.78364677979937,-57.07538872631225
52.4154,52.4154,218.0,241.95562665180984,231.77349066074356,-45.77562665180984
52.4349,52.4349,228.0,241.66639235983007,231.76323734311708,-35.48639235983007
52.4544,52.4544,233.0,241.3886700567682,231.75293919025304,-30.208670056768206
52.4738,52.4738,207.0,241.1231309663767,231.74264948401128,-55.94313096637669
52.4933,52.4933,225.0,240.86645312908604,231.73226227212876,-37.68645312908604
52.5127,52.5127,236.0,240.62074621949353,231.72188421643392,-26.440746219493526
52.5322,52.5322,237.0,240.3829309277338,231.7114084538604,-25.20293092773381
52.5516,52.5516,228.0,240.1550357060666,231.70094255446386,-33.9750357060666
52.5711,52.5711,224.0,239.9342091661119,231.69037874958778,-37.75420916611191
52.5905,52.5905,210.0,239.72235554202032,231.6798255123,-51.542355542020324
52.61,52.61,204.0,239.51687579887513,231.66917417356711,-57.336875798875134
52.6295,52.6295,211.0,239.31849964051088,231.6584791467327,-50.13849964051088
52.6489,52.6489,253.0,239.12786210796747,231.6477957401639,-7.947862107967474
52.6684,52.6684,217.0,238.94264422302106,231.63701394289512,-43.76264422302106
52.6878,52.6878,235.0,238.76448799533503,231.62624446384564,-25.58448799533503
52.7073,52.7073,228.0,238.59124951044996,231.61537640471641,-32.411249510449956
52.7267,52.7267,235.0,238.42442945512437,231.60452135917484,-25.24442945512437
52.7462,52.7462,231.0,238.26205092379246,231.59356754680394,-29.08205092379246
52.7657,52.7657,230.0,238.10473660317038,231.58257093898888,-29.92473660317038
52.7851,52.7851,233.0,237.95306118603028,231.5715883838495,-26.773061186030283
52.8046,52.8046,235.0,237.8052290606125,231.56050678645133,-24.625229060612504
52.824,52.824,220.0,237.66254804236658,231.54943993062196,-39.48254804236658
52.8435,52.8435,224.0,237.52335421427986,231.53827385235633,-35.34335421427986
52.8629,52.8629,203.0,237.38890153842826,231.52712320196036,-56.20890153842826
52.8824,52.8824,221.0,237.2576126242215,231.51587315157516,-38.07761262422151
52.9019,52.9019,193.0,237.13005958486775,231.504581198641,-65.95005958486774
52.9213,52.9213,237.0,237.0066931552742,231.49330569903873,-21.826693155274207
52.9408,52.9408,241.0,236.88609343502952,231.4819305378141,-17.706093435029523
52.9602,52.9602,203.0,236.76936562241718,231.47057250973,-55.58936562241718
52.9797,52.9797,250.0,236.6551555949276,231.45911464902838,-8.475155594927607
52.9991,52.9991,241.0,236.54453796158472,231.447674598677,-17.364537961584723
53.0186,53.0186,213.0,236.43622529255916,231.43613454733196,-45.25622529255916
53.0381,53.0381,221.0,236.3307178295778,231.424553486494,-37.15071782957779
53.0575,53.0575,197.0,236.22838282745795,231.41299124780738,-61.04838282745795
53.077,53.077,224.0,236.1280881388133,231.40132876025984,-33.9480881388133
53.0964,53.0964,232.0,236.03076214294296,231.38968576556445,-25.850762142942962
53.1159,53.1159,220.0,235.93529339859955,231.37794236017504,-37.755293398599555
53.1353,53.1353,221.0,235.84259337758576,231.36621911573317,-36.66259337758576
53.1548,53.1548,241.0,235.75161309898246,231.35439530137717,-16.57161309898246
53.1743,53.1743,225.0,235.66274755299006,231.34253137066838,-32.482747552990055
53.1937,53.1937,227.0,235.57636541683559,231.3306885990131,-30.396365416835586
53.2132,53.2132,203.0,235.49149032640076,231.3187450233107,-54.311490326400765
53.2326,53.2326,223.0,235.40894111312056,231.30682326823234,-34.22894111312056
53.2521,53.2521,224.0,235.3277913134059,231.2948005564145,-33.1477913134059
53.2715,53.2715,183.0,235.24880450356395,231.28280032417948,-74.06880450356394
53.291,53.291,218.0,235.17110504281416,231.27069898511937,-38.99110504281416
53.3105,53.3105,238.0,235.09504023148702,231.2585584228541,-18.91504023148702
53.3299,53.3299,206.0,235.02094574160083,231.2464413245495,-50.84094574160083
53.3494,53.3494,250.0,234.9479961382293,231.23422289898846,-6.767996138229314
53.3688,53.3688,241.0,234.87688451336712,231.22202858980665,-15.696884513367117
53.3883,53.3883,226.0,234.8068279260035,231.20973280979464,-30.626827926003507
53.4077,53.4077,213.0,234.73850103407665,231.1974617959628,-43.55850103407665
53.4272,53.4272,195.0,234.67114434630818,231.18508917032725,-61.49114434630818
53.4467,53.4467,209.0,234.60508503875255,231.17267821456477,-47.42508503875255
53.4661,53.4661,216.0,234.54059123998846,231.16029299560037,-40.36059123998846
53.4856,53.4856,213.0,234.47698172244014,231.1478059580686,-43.296981722440144
53.505,53.505,195.0,234.4148450306319,231.1353453005807,-61.23484503063191
53.5245,53.5245,213.0,234.35351688213473,231.12278269004747,-43.17351688213473
53.5439,53.5439,239.0,234.29358963719406,231.11024710018037,-17.11358963719406
53.5634,53.5634,243.0,234.23440219420317,231.09760942538364,-13.05440219420317
53.5829,53.5829,206.0,234.17625078040848,231.08493431339193,-49.99625078040848
53.6023,53.6023,235.0,234.11937309935496,231.07228717889367,-20.93937309935496
53.6218,53.6218,226.0,234.06316380521417,231.05953776633478,-29.883163805214174
53.6412,53.6412,199.0,234.00816899499162,231.0468169653222,-56.82816899499162
53.6607,53.6607,229.0,233.95378603817718,231.03399376084317,-26.773786038177185
53.6801,53.6801,197.0,233.90055680166648,231.02119979933417,-58.72055680166648
53.6996,53.6996,227.0,233.84790038717637,231.00830331153944,-28.667900387176367
53.7191,53.7191,218.0,233.79606559111093,230.99537027925888,-37.61606559111093
53.7385,53.7385,211.0,233.74529044861566,230.9824674329559,-44.56529044861566
53.758,53.758,192.0,233.69502184698433,230.96946188083254,-63.51502184698433
53.7774,53.7774,211.0,233.6457621852245,230.95648713952744,-44.4657621852245
53.7969,53.7969,203.0,233.59697772499678,230.9434095760438,-52.41697772499678
53.8163,53.8163,225.0,233.54914603068718,230.93036344558453,-30.369146030687183
53.8358,53.8358,209.0,233.50175300917437,230.91721437916812,-46.321753009174365
53.8553,53.8553,239.0,233.45502475103962,230.90402966067512,-16.275024751039616
53.8747,53.8747,203.0,233.4091851870291,230.89087730436586,-52.229185187029096
53.8942,53.8942,226.0,233.36373898043635,230.8776218461237,-29.183738980436353
53.9136,53.9136,209.0,233.31912813348828,230.86439936567518,-46.13912813348828
53.9331,53.9331,214.0,233.27489000350843,230.85107367595802,-41.09489000350843
53.9525,53.9525,231.0,233.2314468586327,230.83778157700485,-24.051446858632694
53.972,53.972,182.0,233.18834240782422,230.82438616401942,-73.00834240782422
53.9915,53.9915,206.0,233.1457870767823,230.81095599099027,-48.96578707678231
54.0109,54.0109,228.0,233.10397250455833,230.7975603240091,-26.92397250455833
54.0304,54.0304,224.0,233.06246641586995,230.78406119054037,-30.88246641586995
54.0498,54.0498,212.0,233.0216667299122,230.7705971694811,-42.8416667299122
54.0693,54.0693,239.0,232.98114684247616,230.757029583595,-15.801146842476165
54.0887,54.0887,240.0,232.94130832914271,230.74349771383524,-14.761308329142715
54.1082,54.1082,235.0,232.9017236304928,230.7298621834739,-19.721723630492797
54.1277,54.1277,218.0,232.8625966107503,230.7161927846483,-36.6825966107503
54.1471,54.1471,216.0,232.8241008349981,230.7025600033319,-38.64410083499809
54.1666,54.1666,197.0,232.78583463856674,230.68882342243919,-57.60583463856674
54.186,54.186,237.0,232.74817879279612,230.67512405615173,-17.568178792796125
54.2055,54.2055,228.0,232.71073026699318,230.66132080091828,-26.53073026699318
54.2249,54.2249,231.0,232.673868810884,230.64755535473694,-23.49386881088399
54.2444,54.2444,246.0,232.63720153653378,230.63368593279668,-8.45720153653378
54.2639,54.2639,212.0,232.60090802046136,230.61978353344145,-42.42090802046136
54.2833,54.2833,244.0,232.56516346844333,230.60591983059544,-10.38516346844333
54.3028,54.3028,236.0,232.529586986378,230.5919520264552,-18.349586986378007
54.3222,54.3222,218.0,232.49453981413566,230.5780235066386,-36.314539814135664
54.3417,54.3417,242.0,232.45964977347433,230.5639908051003,-12.279649773474326
54.3611,54.3611,222.0,232.42526183955323,230.5499979730463,-32.24526183955323
54.3806,54.3806,217.0,232.39102256309587,230.53590088139177,-37.211022563095874
54.4001,54.4001,221.0,232.35709169064256,230.5217717027647,-33.17709169064256
54.4195,54.4195,249.0,232.3236404618978,230.50768326712972,-5.14364046189781
54.439,54.439,220.0,232.29031416925372,230.49349045975632,-34.11031416925372
54.4584,54.4584,243.0,232.25744375130242,230.47933897389242,-11.077443751302418
54.4779,54.4779,204.0,232.224691798857,230.46508304477626,-50.04469179885701
54.4973,54.4973,214.0,232.1923783309352,230.45086901302906,-40.01237833093521
54.5168,54.5168,226.0,232.16016819479083,230.43655046905621,-27.980168194790828
54.5363,54.5363,209.0,232.12822243682936,230.42220072786967,-44.94822243682936
54.5557,54.5557,230.0,232.09669211227398,230.40789374358818,-23.916692112273985
54.5752,54.5752,217.0,232.06525404476153,230.39348214829718,-36.88525404476153
54.5946,54.5946,240.0,232.03421659503468,230.37911387911714,-13.854216595034679
54.6141,54.6141,207.0,232.0032579968108,230.36464093629831,-46.82325799681079
54.6335,54.6335,219.0,231.97269034508622,230.35021188613428,-34.79269034508622
54.653,54.653,230.0,231.94218992483124,230.3356781022342,-23.76218992483124
54.6725,54.6725,229.0,231.911914404277,230.32111401011866,-24.731914404277013
54.6919,54.6919,201.0,231.88200891830002,230.30659465620127,-52.70200891830002
54.7114,54.7114,233.0,231.85216021291856,230.29197048307338,-20.672160212918563
54.7308,54.7308,224.0,231.82267049529634,230.27739160802412,-29.642670495296336
54.7503,54.7503,242.0,231.79322870155426,230.26270785998975,-11.613228701554256
54.7697,54.7697,205.0,231.76413576254967,230.24806996724857,-48.58413576254967
54.7892,54.7892,207.0,231.73508545667462,230.23332715027098,-46.555085456674625
54.8087,54.8087,231.0,231.70622276759215,230.21855491323905,-22.526222767592152
54.8281,54.8281,243.0,231.67769150359777,230.20382936303082,-10.497691503597771
54.8476,54.8476,208.0,231.64919098317975,230.18899881637563,-45.46919098317975
54.867,54.867,225.0,231.62101289149123,230.17421550708622,-28.441012891491233
54.8865,54.8865,218.0,231.59286129315055,230.15932715639903,-35.41286129315055
54.9059,54.9059,222.0,231.56501856387482,230.14448659095027,-31.385018563874816
54.9254,54.9254,220.0,231.53719949545405,230.1295409416674,-33.35719949545405
54.9449,54.9449,220.0,231.5095379629067,230.11456675957723,-33.329537962906706
54.9643,54.9643,208.0,231.4821755560871,230.09964118022435,-45.3021755560871
54.9838,54.9838,226.0,231.45482560305814,230.08461045804378,-27.27482560305814
55.0032,55.0032,204.0,231.42776252482344,230.06962887979188,-49.247762524823436
55.0227,55.0227,242.0,231.40070953082687,230.054542122554,-11.220709530826873
55.0421,55.0421,226.0,231.3739352135202,230.03950504776333,-27.193935213520213
55.0616,55.0616,223.0,231.3471635461972,230.02436276033356,-30.16716354619721
55.0811,55.0811,229.0,231.3205279048705,230.00919282635272,-24.14052790487049
55.1005,55.1005,215.0,231.29416365290007,229.99407337826887,-38.11416365290007
55.12,55.12,215.0,231.26779465854665,229.9788486717211,-38.08779465854665
55.1394,55.1394,214.0,231.2416880918877,229.96367498289956,-39.06168809188771
55.1589,55.1589,206.0,231.2155718916416,229.94839600821595,-47.03557189164159
55.1783,55.1783,214.0,231.1897118490771,229.9331685804118,-39.0097118490771
55.1978,55.1978,235.0,231.16383751565567,229.9178358418433,-17.983837515655672
55.2173,55.2173,231.0,231.13808302751403,229.9024763419124,-21.95808302751403
55.2367,55.2367,208.0,231.11257294264135,229.88716917824505,-44.93257294264135
55.2562,55.2562,184.0,231.08704414837084,229.87175667110816,-68.90704414837083
55.2756,55.2756,195.0,231.06175632237705,229.85639702269128,-57.88175632237705
55.2951,55.2951,193.0,231.0364443995039,229.84093201213372,-59.85644439950389
55.3145,55.3145,228.0,231.01136837693178,229.8255203800737,-24.831368376931785
55.334,55.334,204.0,230.98626659221551,229.81000336968827,-48.806266592215515
55.3534,55.3534,222.0,230.96139212418228,229.79454025489832,-30.781392124182283
55.3729,55.3729,213.0,230.9364909166947,229.77897174808157,-39.75649091669471
55.3924,55.3924,221.0,230.91168453041618,229.76337761621727,-31.73168453041618
55.4118,55.4118,223.0,230.8871008034799,229.74783815122728,-29.70710080347991
55.4313,55.4313,231.0,230.86248316340308,229.73219327829796,-21.682483163403084
55.4507,55.4507,228.0,230.83808059131115,229.71660358263526,-24.658080591311155
55.4702,55.4702,202.0,230.81364370727394,229.70090847153168,-50.63364370727394
55.4896,55.4896,220.0,230.7894168224212,229.6852690454048,-32.6094168224212
55.5091,55.5091,218.0,230.76515089205645,229.6695241988092,-34.585150892056454
55.5286,55.5286,226.0,230.74096802222772,229.65375460962625,-26.56096802222772
55.548,55.548,212.0,230.71699158364487,229.63804146259994,-40.53699158364487
55.5675,55.5675,233.0,230.69297184316235,229.62222289219503,-19.512971843162354
55.5869,55.5869,208.0,230.6691532243674,229.60646126494484,-44.48915322436739
55.6064,55.6064,239.0,230.6452884179872,229.59059421546306,-13.465288417987189
55.6258,55.6258,234.0,230.6216211901618,229.57478460744935,-18.44162119016179
55.6453,55.6453,216.0,230.59790484159458,229.55886958081462,-36.417904841594584
55.6648,55.6648,225.0,230.5742621315327,229.54293069273288,-27.39426213153269
55.6842,55.6842,220.0,230.55081099477326,229.52704998918782,-32.37081099477326
55.7037,55.7037,223.0,230.52730789305338,229.51106387706142,-29.347307893053376
55.7231,55.7231,217.0,230.50399354484375,229.4951364410674,-35.32399354484375
55.7426,55.7426,243.0,230.4806244982663,229.47910360625184,-9.300624498266309
55.762,55.762,223.0,230.4574412573768,229.46312993647757,-29.277441257376786
55.7815,55.7815,223.0,230.43420271486883,229.44705088009485,-29.254202714868832
55.801,55.801,219.0,230.4110266193935,229.43094884200886,-33.23102661939351
55.8204,55.8204,254.0,230.38803071411596,229.41490669790997,1.7919692858840435
55.8399,55.8399,226.0,230.36497574674306,229.39875919013755,-26.184975746743056
55.8593,55.8593,211.0,230.3420986040349,229.3826720585383,-41.1620986040349
55.8788,55.8788,211.0,230.3191616226375,229.36647958160185,-41.139161622637495
55.8982,55.8982,229.0,230.29639741698458,229.35034796033577,-23.116397416984576
55.9177,55.9177,231.0,230.2735734419706,229.33411101451136,-21.093573441970598
55.9372,55.9372,260.0,230.2508025290661,229.31785196525396,7.929197470933893
55.9566,55.9566,222.0,230.22820233680193,229.30165448647986,-30.04820233680193
55.9761,55.9761,216.0,230.205537379219,229.2853517189222,-36.02553737921901
55.9955,55.9955,214.0,230.1830405440324,229.26911099461768,-38.003040544032395
56.015,56.015,254.0,230.16047836104477,229.25276500840502,2.019521638955233
56.0344,56.0344,226.0,230.1380807758252,229.23648153552494,-25.958080775825188
56.0539,56.0539,234.0,230.1156160814395,229.220092830044,-17.9356160814395
56.0734,56.0734,245.0,230.09319848248606,229.20368289785014,-6.9131984824860595
56.0928,56.0928,256.0,230.07094295312615,229.1873361796597,4.1090570468738505
56.1123,56.1123,246.0,230.0486185986606,229.17088427742632,-5.868618598660596
56.1317,56.1317,206.0,230.02645331273817,229.15449605254437,-45.84645331273817
56.1512,56.1512,249.0,230.00421747484006,229.13800267899606,-2.8242174748400615
56.1706,56.1706,225.0,229.9821388406155,229.12157344345516,-26.802138840615505
56.1901,56.1901,220.0,229.95998800434748,229.10503909704536,-31.77998800434748
56.2096,56.2096,206.0,229.93787968221525,229.0884843990157,-45.757879682215254
56.229,56.229,210.0,229.91592502555278,229.0719945255144,-41.73592502555278
56.2485,56.2485,209.0,229.89389709019642,229.05539960242749,-42.71389709019642
56.2679,56.2679,234.0,229.87202132041375,229.0388699577902,-17.69202132041375
56.2874,56.2874,206.0,229.8500706441034,229.0222353074061,-45.6700706441034
56.3068,56.3068,221.0,229.82827068097674,229.0056663866995,-30.648270680976744
56.3263,56.3263,234.0,229.8063956919064,228.98899250649475,-17.626395691906403
56.3458,56.3458,247.0,229.78455670410608,228.97229914805936,-4.604556704106081
56.3652,56.3652,235.0,229.76286549835106,228.95567219166585,-16.58286549835106
56.3847,56.3847,220.0,229.74109692421095,228.93894034972388,-31.56109692421095
56.4041,56.4041,230.0,229.71947477709892,228.92227535431388,-21.539474777098924
56.4236,56.4236,205.0,229.6977743929628,228.9055055256171,-46.5177743929628
56.443,56.443,216.0,229.67621875473782,228.88880298524813,-35.49621875473782
56.4625,56.4625,216.0,229.65458477820962,228.87199566625222,-35.474584778209625
56.482,56.482,259.0,229.632982540715,228.85516974063438,7.547017459284994
56.5014,56.5014,216.0,229.61152245367228,228.83841176154687,-35.43152245367228
56.5209,56.5209,225.0,229.58998257747726,228.82154909038815,-26.40998257747726
56.5403,56.5403,207.0,229.5685825340485,228.80475480081554,-44.38858253404849
56.5598,56.5598,231.0,229.54710302329286,228.78785587981574,-20.367103023292863
56.5792,56.5792,217.0,229.52576184224833,228.7710257727626,-34.34576184224833
56.5987,56.5987,205.0,229.50433944511812,228.75409109731308,-46.32433944511812
56.6182,56.6182,191.0,229.4829449878698,228.7371386849928,-60.302944987869786
56.6376,56.6376,236.0,229.46168830228928,228.72025573065545,-15.281688302289275
56.6571,56.6571,223.0,229.44034924242794,228.70326830702209,-28.260349242427942
56.6765,56.6765,221.0,229.41914600812746,228.6863507669903,-30.239146008127456
56.696,56.696,227.0,229.39785957163681,228.6693288266478,-24.217859571636815
56.7154,56.7154,228.0,229.3767076892146,228.65237719283,-23.196707689214612
56.7349,56.7349,231.0,229.3554723325891,228.63532123006152,-20.175472332589102
56.7544,56.7544,237.0,229.33426204936387,228.61824839823953,-14.154262049363872
56.7738,56.7738,238.0,229.3131849285058,228.60124650280883,-13.133184928505791
56.7933,56.7933,238.0,229.29202286337062,228.58414039001028,-13.112022863370619
56.8127,56.8127,260.0,229.2709930692531,228.56710562978293,8.90900693074689
56.8322,56.8322,217.0,229.24987754111433,228.54996672947226,-34.06987754111433
56.8516,56.8516,239.0,229.2288934688768,228.53289959521672,-12.048893468876805
56.8711,56.8711,245.0,229.2078231854111,228.5157284005251,-6.027823185411087
56.8906,56.8906,248.0,229.18677594584767,228.4985412025862,-3.0067759458476715
56.91,56.91,234.0,229.16585746180232,228.48142638639774,-16.98585746180232
56.9295,56.9295,235.0,229.14485261660923,228.46420763377444,-15.964852616609228
56.9489,56.9489,246.0,229.12397656565318,228.4470616696416,-4.94397656565318
56.9684,56.9684,232.0,229.10301304715662,228.4298118546151,-18.923013047156623
56.9878,56.9878,249.0,229.08217770753234,228.41263523212302,-1.9021777075323385
57.0073,57.0073,235.0,229.06125494219765,228.39535484662872,-15.88125494219765
57.0268,57.0268,221.0,229.04035177821223,228.3780593216058,-29.860351778212227
57.0462,57.0462,244.0,229.0195750425915,228.36083759064033,-6.839575042591498
57.0657,57.0657,235.0,228.99870991207214,228.3435122330275,-15.818709912072144
57.0851,57.0851,224.0,228.9779708218719,228.32626106677225,-26.797970821871907
57.1046,57.1046,223.0,228.95714329208346,228.30890636762382,-27.77714329208346
57.124,57.124,255.0,228.93644000942282,228.291626254437,4.243559990577175
57.1435,57.1435,219.0,228.91564885386828,228.27424270444894,-31.735648853868277
57.163,57.163,203.0,228.89487452695906,228.2568448764863,-47.71487452695906
57.1824,57.1824,250.0,228.87422430173214,228.2395222218364,-0.6942243017321417
57.2019,57.2019,239.0,228.8534847896466,228.22209627902777,-11.673484789646587
57.2213,57.2213,244.0,228.83286825559097,228.20474589739248,-6.652868255590967
57.2408,57.2408,236.0,228.81216192833134,228.1872923295214,-14.632161928331335
57.2602,57.2602,253.0,228.79157812930805,228.1699147079885,2.3884218706919498
57.2797,57.2797,206.0,228.77090382376656,228.1524340044677,-44.59090382376656
57.2992,57.2992,238.0,228.7502459423936,228.13493988228507,-12.570245942393605
57.3186,57.3186,220.0,228.72970884638914,228.11752227962162,-30.549708846389144
57.3381,57.3381,235.0,228.70908225683834,228.10000175583298,-15.529082256838343
57.3575,57.3575,226.0,228.68857580390582,228.08255812998598,-24.50857580390582
57.377,57.377,215.0,228.6679788259495,228.06501169306037,-35.48797882594949
57.3964,57.3964,235.0,228.64750219372294,228.04754252980362,-15.467502193722943
57.4159,57.4159,220.0,228.62693466096806,228.02997066782677,-30.44693466096806
57.4354,57.4354,221.0,228.6063812530304,228.01238624418295,-29.426381253030407
57.4548,57.4548,239.0,228.58594749292277,227.99487965322146,-11.40594749292277
57.4743,57.4743,189.0,228.5654220260449,227.97727053655453,-61.3854220260449
57.4937,57.4937,223.0,228.54501579195286,227.95973962155625,-27.365015791952864
57.5132,57.5132,199.0,228.52451771779175,227.94210629897702,-51.34451771779175
57.5326,57.5326,241.0,228.5041384627059,227.92455154435848,-9.324138462705896
57.5521,57.5521,212.0,228.4836674382162,227.90689450258196,-38.3036674382162
57.5716,57.5716,209.0,228.46320932585206,227.88922575373834,-41.28320932585206
57.591,57.591,211.0,228.44286916614672,227.87163611770544,-39.26286916614672
57.6105,57.6105,209.0,228.4224365907819,227.85394437961133,-41.2424365907819
57.6299,57.6299,232.0,228.40212165088175,227.83633211388118,-18.222121650881753
57.6494,57.6494,234.0,228.38171452277012,227.81861787224554,-16.201714522770125
57.6688,57.6688,197.0,228.36142422800842,227.8009834598336,-53.18142422800842
57.6883,57.6883,245.0,228.34104141551197,227.7832471999569,-5.161041415511967
57.7078,57.7078,226.0,228.32067050360678,227.76550008514138,-24.140670503606778
57.7272,57.7272,240.0,228.30041618445924,227.74783333024115,-10.120416184459238
57.7467,57.7467,231.0,228.2800693140294,227.73006492498442,-19.10006931402939
57.7661,57.7661,249.0,228.259837851771,227.71237722976676,-1.0798378517710105
57.7856,57.7856,214.0,228.2395144227483,227.694588018332,-36.0595144227483
57.805,57.805,211.0,228.2193059545492,227.67687986436786,-39.039305954549214
57.8245,57.8245,202.0,228.19900477149855,227.6590703305974,-48.01900477149855
57.844,57.844,205.0,228.17871455015833,227.64125079146788,-44.99871455015833
57.8634,57.8634,211.0,228.15853973963326,227.62351282634864,-38.978539739633256
57.8829,57.8829,217.0,228.1382719335361,227.60567369047055,-32.95827193353609
57.9023,57.9023,215.0,228.11811874476388,227.58791646930158,-34.93811874476388
57.9218,57.9218,235.0,228.09787242046653,227.57005821944873,-14.91787242046653
57.9412,57.9412,219.0,228.0777405633055,227.55228222231287,-30.897740563305497
57.9607,57.9607,210.0,228.0575151667144,227.53440534082551,-39.87751516671441
57.9802,57.9802,225.0,228.03730086154587,227.51651930093385,-24.857300861545873
57.9996,57.9996,206.0,228.01720008943946,227.49871601615413,-43.837200089439456
58.0191,58.0191,220.0,227.9970060704554,227.48081206793677,-29.8170060704554
58.0385,58.0385,225.0,227.97692587505549,227.4629912061106,-24.796925875055486
58.058,58.058,227.0,227.95675202524276,227.4450698308081,-22.776752025242764
58.0774,58.0774,202.0,227.93669188328698,227.42723187048668,-47.75669188328698
58.0969,58.0969,211.0,227.91653831118003,227.40929354889371,-38.736538311180034
58.1163,58.1163,230.0,227.8964980031774,227.39143896818288,-19.716498003177414
58.1358,58.1358,223.0,227.87636402168368,227.3734841806445,-26.696364021683685
58.1553,58.1553,219.0,227.85623976029814,227.35552131957422,-30.676239760298138
58.1747,58.1747,227.0,227.83622854076287,227.3376426836095,-22.656228540762875
58.1942,58.1942,218.0,227.81612390302584,227.31966407687707,-31.63612390302584
58.2136,58.2136,217.0,227.79613145151066,227.30177001442829,-32.61613145151066
58.2331,58.2331,246.0,227.77604611860852,227.2837761412389,-3.5960461186085197
58.2525,58.2525,217.0,227.75607270288015,227.26586712882448,-32.57607270288015
58.272,58.272,185.0,227.73600587089658,227.24785846792133,-64.55600587089657
58.2915,58.2915,207.0,227.71594852551976,227.22984257415237,-42.535948525519764
58.3109,58.3109,238.0,227.69600328312345,227.21191201125876,-11.516003283123446
58.3304,58.3304,237.0,227.67596437909648,227.1938820476309,-12.495964379096485
58.3498,58.3498,205.0,227.65603753992946,227.17593772465167,-44.47603753992946
58.3693,58.3693,211.0,227.63601686149298,227.15789416873676,-38.45601686149298
58.3887,58.3887,240.0,227.61610819798437,227.1399365605592,-9.436108197984375
58.4082,58.4082,219.0,227.5961057803373,227.12187988945476,-30.416105780337297
58.4277,58.4277,236.0,227.57611284881136,227.10381682327332,-13.396112848811363
58.4471,58.4471,224.0,227.5562311654982,227.0858401608178,-25.37623116549819
58.4666,58.4666,220.0,227.536256012709,227.06776469480752,-29.356256012709004
58.486,58.486,239.0,227.5163923097367,227.04977593289965,-10.336392309736688
58.5055,58.5055,228.0,227.49643487097273,227.03168854295552,-21.316434870972735
58.5249,58.5249,220.0,227.47658889840227,227.01368815480805,-29.29658889840227
58.5444,58.5444,218.0,227.45664953150748,226.99558931633808,-31.27664953150748
58.5639,58.5639,224.0,227.43671898346673,226.97748491762553,-25.256718983466733
58.5833,58.5833,201.0,227.41689946062758,226.9594679625991,-48.236899460627576
58.6028,58.6028,218.0,227.39698643594897,226.94135282816163,-31.216986435948975
58.6222,58.6222,213.0,227.37718445002832,226.9233254283985,-36.197184450028324
58.6417,58.6417,241.0,227.35728924794964,226.90520003241048,-8.177289247949638
58.6611,58.6611,196.0,227.3375044989192,226.88716265940525,-53.1575044989192
58.6806,58.6806,216.0,227.31762694908537,226.8690274755414,-33.137626949085366
58.7001,58.7001,208.0,227.29775780260246,226.85088756323842,-41.11775780260246
58.7195,58.7195,233.0,227.2779994554371,226.83283610172214,-16.09799945543711
58.739,58.739,211.0,227.2581479504581,226.81468711171877,-38.078147950458096
58.7584,58.7584,202.0,227.2384067383263,226.79662685411162,-47.05840673832629
58.7779,58.7779,249.0,227.21857274983446,226.77846925881772,-0.038572749834465014
58.7973,58.7973,229.0,227.19884901944758,226.7604006748526,-20.01884901944758
58.8168,58.8168,228.0,227.17903240292284,226.742234946166,-20.999032402922843
58.8363,58.8363,257.0,227.159224539519,226.72406531773598,8.020775460481012
58.8557,58.8557,216.0,227.1395266093971,226.70598511436796,-32.95952660939711
58.8752,58.8752,216.0,227.11973636948625,226.68780806002948,-32.93973636948625
58.8946,58.8946,201.0,227.10005592021778,226.66972070299389,-47.920055920217784
58.9141,58.9141,220.0,227.08028288786298,226.6515366933487,-28.90028288786298
58.9335,58.9335,190.0,227.06061998048477,226.6334426505734,-58.880619980484774
58.953,58.953,227.0,227.04086417959047,226.6152521556986,-21.86086417959047
58.9725,58.9725,203.0,227.0211174530236,226.59705858659134,-45.84111745302361
58.9919,58.9919,225.0,227.0014806072897,226.57895538403275,-23.821480607289693
59.0114,59.0114,201.0,226.98175132537378,226.56075603442332,-47.80175132537378
59.0308,59.0308,224.0,226.96213194308422,226.54264731424576,-24.782131943084217
59.0503,59.0503,237.0,226.94242010747254,226.52444265288398,-11.762420107472543
59.0697,59.0697,206.0,226.92281825571928,226.50632888116664,-42.74281825571928
59.0892,59.0892,205.0,226.90312423260295,226.48811937626513,-43.72312423260295
59.1087,59.1087,226.0,226.88343894599046,226.4699076193808,-22.703438945990463
59.1281,59.1281,221.0,226.8638635453748,226.4517871377824,-27.683863545374813
59.1476,59.1476,206.0,226.84419591109528,226.43357123926324,-42.664195911095284
59.167,59.167,220.0,226.82463815489828,226.41544686956738,-28.64463815489828
59.1865,59.1865,215.0,226.80498851394037,226.39722729626752,-33.62498851394037
59.2059,59.2059,226.0,226.78544835084395,226.37909950266118,-22.60544835084395
59.2254,59.2254,212.0,226.76581663028549,226.36087672088513,-36.585816630285485
59.2449,59.2449,241.0,226.74619387632168,226.34265250603767,-7.566193876321684
59.2643,59.2643,215.0,226.72668077199904,226.32452044250635,-33.54668077199904
59.2838,59.2838,235.0,226.70707614024084,226.3062937181994,-13.527076140240844
59.3032,59.3032,240.0,226.6875808340703,226.2881593894126,-8.507580834070303
59.3227,59.3227,247.0,226.66799455603942,226.2699306205608,-1.4879945560394177
59.3421,59.3421,236.0,226.64851747865723,226.25179448876983,-12.468517478657226
59.3616,59.3616,241.0,226.62894919101126,226.23356413972581,-7.448949191011259
59.3811,59.3811,230.0,226.60939006542233,226.21533317310679,-18.429390065422332
59.4005,59.4005,208.0,226.58994058165652,226.19719520117198,-40.40994058165652
59.42,59.42,224.0,226.57040014051046,226.1789633504236,-24.390400140510458
59.4394,59.4394,210.0,226.55096908327673,226.16082472924336,-38.37096908327673
59.4589,59.4589,218.0,226.53144718075455,226.14259245729698,-30.351447180754555
59.4783,59.4783,217.0,226.51203463279288,226.12445364714344,-31.332034632792876
59.4978,59.4978,223.0,226.4925314839618,226.10622141635602,-25.312531483961813
59.5173,59.5173,237.0,226.47303798594606,226.08798937999833,-11.293037985946064
59.5367,59.5367,185.0,226.45365365640717,226.06985114907846,-63.27365365640717
59.5562,59.5562,191.0,226.43417894909453,226.05161984692302,-57.25417894909453
59.5756,59.5756,219.0,226.41481370916566,226.03348257578352,-29.234813709165657
59.5951,59.5951,231.0,226.39535807899432,226.01525246873487,-17.21535807899432
59.6145,59.6145,214.0,226.37601195493548,225.9971166156251,-34.19601195493548
59.634,59.634,216.0,226.3565758004015,225.97888816400064,-32.17657580040149
59.6535,59.6535,225.0,226.33714938760173,225.96066071524214,-23.157149387601727
59.6729,59.6729,199.0,226.3178322919544,225.94252785011105,-49.1378322919544
59.6924,59.6924,217.0,226.29842535261076,225.92430274673487,-31.118425352610764
59.7118,59.7118,222.0,226.2791278840993,225.90617244327325,-26.099127884099296
59.7313,59.7313,243.0,226.25974085057175,225.88795014411326,-5.079740850571746
59.7507,59.7507,214.0,226.2404629470053,225.86982285850416,-34.06046294700531
59.7702,59.7702,218.0,226.22109594827793,225.85160382179455,-30.041095948277935
59.7897,59.7897,225.0,226.20173883801132,225.83338659274176,-23.021738838011323
59.8091,59.8091,255.0,226.18249113758145,225.81526469299516,6.997508862418549
59.8286,59.8286,220.0,226.1631542045239,225.79705141320002,-27.983154204523892
59.848,59.848,217.0,226.14392675782645,225.77893366972296,-30.96392675782645
59.8675,59.8675,242.0,226.12461047326934,225.76072479590476,-5.944610473269343
59.8869,59.8869,214.0,226.10540344159025,225.74261166277057,-33.925403441590255
59.9064,59.9064,226.0,226.08610775703417,225.72440765103676,-21.90610775703417
59.9259,59.9259,231.0,226.0668225656729,225.7062062480286,-16.886822565672908
59.9453,59.9453,234.0,226.04764646325634,225.6881008875505,-13.867646463256342
59.9648,59.9648,222.0,226.02838226191164,225.6699050302173,-25.848382261911645
59.9842,59.9842,225.0,226.00922729874526,225.65180541316747,-22.82922729874526
60.0037,60.0037,214.0,225.98998421877218,225.63361555607042,-33.80998421877218
60.0231,60.0231,251.0,225.97085046522434,225.6155221343686,3.209149534775655
60.0426,60.0426,222.0,225.95162870430983,225.5973387314445,-25.771628704309826
60.0621,60.0621,230.0,225.9324179044575,225.5791587345159,-17.75241790445751
60.0815,60.0815,252.0,225.91331623792286,225.5610754609452,4.266683762077143
60.101,60.101,199.0,225.8941273298871,225.54290259849788,-48.71412732988711
60.1204,60.1204,218.0,225.87504757720373,225.52482664792015,-29.69504757720373
60.1399,60.1399,246.0,225.85588037622617,225.50666137231326,-1.6758803762261678
60.1593,60.1593,227.0,225.83682265988315,225.48859319445154,-20.656822659883154
60.1788,60.1788,255.0,225.81767789431754,225.47043595740746,7.362322105682459
60.1983,60.1983,258.0,225.79854422812411,225.4522829197532,10.381455771875885
60.2177,60.2177,224.0,225.77951994872438,225.43422725394996,-23.599519948724385
60.2372,60.2372,267.0,225.76040887270506,225.41608293181892,19.419591127294943
60.2566,60.2566,239.0,225.74140721025006,225.39803616082713,-8.56140721025006
60.2761,60.2761,260.0,225.7223189381319,225.37990100433285,12.457681061868094
60.2955,60.2955,242.0,225.70334016113003,225.36186357563525,-5.5233401611300295
60.315,60.315,233.0,225.68427515287897,225.34373803424188,-14.504275152878968
60.3345,60.3345,234.0,225.66522172255716,225.32561748168015,-13.485221722557164
60.3539,60.3539,237.0,225.64627775380833,225.30759491719203,-10.466277753808335
60.3734,60.3734,250.0,225.62724788982484,225.28948465327804,2.552752110175156
60.3928,60.3928,243.0,225.60832722906054,225.27147254752126,-4.428327229060535
60.4123,60.4123,233.0,225.58932116517357,225.25337302007912,-14.409321165173573
60.4317,60.4317,231.0,225.57042437911346,225.23537181825256,-16.390424379113462
60.4512,60.4512,227.0,225.5514422179474,225.21728347444454,-20.371442217947397
60.4707,60.4707,204.0,225.53247210791898,225.19920090488077,-43.35247210791898
60.4901,60.4901,234.0,225.51361151437555,225.18121690740955,-13.333611514375555
60.5096,60.5096,234.0,225.49466598046857,225.16314619154736,-13.314665980468568
60.529,60.529,227.0,225.47582964412464,225.14517420867645,-20.295829644124645
60.5485,60.5485,226.0,225.45690888504106,225.12711579200683,-21.27690888504106
60.5679,60.5679,234.0,225.43809731500514,225.1091562666076,-13.258097315005138
60.5874,60.5874,210.0,225.41920138373106,225.09111059394718,-37.239201383731064
60.6069,60.6069,202.0,225.40031812978663,225.07307147683753,-45.22031812978663
60.6263,60.6263,239.0,225.38154421720992,225.05513148370557,-8.201544217209921
60.6458,60.6458,231.0,225.36268624418213,225.03710577712764,-16.18268624418213
60.6652,60.6652,245.0,225.34393773177874,225.0191793462615,-2.163937731778738
60.6847,60.6847,220.0,225.32510538247143,225.00116749332926,-27.145105382471435
60.7041,60.7041,195.0,225.30638255786323,224.98325506522946,-52.12638255786323
60.7236,60.7236,218.0,225.2875762441105,224.96525750837017,-29.10757624411051
60.7431,60.7431,255.0,225.2687830114258,224.94726728418544,7.911216988574203
60.7625,60.7625,217.0,225.2500992289294,224.92937670380215,-30.0700992289294
60.782,60.782,228.0,225.23133235787998,224.91140143860224,-19.05133235787998
60.8014,60.8014,216.0,225.2126750421533,224.89352595979454,-31.032675042153308
60.8209,60.8209,223.0,225.19393480917924,224.8755660942728,-24.01393480917924
60.8403,60.8403,208.0,225.17530413015794,224.85770615512664,-38.99530413015794
60.8598,60.8598,237.0,225.15659105499475,224.8397621292771,-9.97659105499475
60.8793,60.8793,229.0,225.13789143161722,224.82182620896634,-17.95789143161722
60.8987,60.8987,224.0,225.11930135590814,224.80399042029455,-22.939301355908135
60.9182,60.9182,245.0,225.10062912437047,224.78607099889157,-1.9206291243704712
60.9376,60.9376,230.0,225.08206654399703,224.7682518425969,-16.90206654399703
60.9571,60.9571,211.0,225.0634221351578,224.75034935833065,-35.883422135157794
60.9765,60.9765,211.0,225.044887240514,224.73254727004115,-35.86488724051399
60.996,60.996,228.0,225.0262708447691,224.7146621604287,-18.8462708447691
61.0154,61.0154,218.0,225.00776391707132,224.6968775750623,-28.827763917071316
61.0349,61.0349,199.0,224.98917583042942,224.6790102769053,-47.80917583042942
61.0544,61.0544,241.0,224.97060209143447,224.6611520715069,-5.790602091434472
61.0738,61.0738,220.0,224.95213789500266,224.64339457804746,-26.772137895002665
61.0933,61.0933,201.0,224.9335929323992,224.62555483851725,-45.753592932399194
61.1127,61.1127,246.0,224.9151574560302,224.6078159327025,-0.735157456030187
61.1322,61.1322,196.0,224.89664154294059,224.5899950940369,-50.716641542940586
61.1516,61.1516,247.0,224.87823521169722,224.57227520827084,0.3017647883027834
61.1711,61.1711,193.0,224.85974864749903,224.55447370473834,-53.67974864749903
61.1906,61.1906,204.0,224.84127715070048,224.5366820568046,-42.66127715070048
61.21,61.21,250.0,224.82291506984598,224.51899153583656,3.3570849301540235
61.2295,61.2295,229.0,224.80447334033073,224.5012198736223,-17.62447334033073
61.2489,61.2489,224.0,224.7861411895268,224.4835494510819,-22.606141189526802
61.2684,61.2684,233.0,224.76772972114307,224.46579820701905,-13.58772972114307
61.2878,61.2878,205.0,224.74942764149162,224.44814831275292,-41.56942764149162
61.3073,61.3073,237.0,224.73104669982988,224.43041791853315,-9.551046699829875
61.3268,61.3268,236.0,224.71268108497293,224.41269813824042,-10.532681084972928
61.3462,61.3462,205.0,224.69442505235045,224.3950798682202,-41.514425052350454
61.3657,61.3657,226.0,224.67609038911453,224.37738158446476,-20.496090389114535
61.3851,61.3851,211.0,224.65786551313676,224.3597849146464,-35.477865513136756
61.4046,61.4046,223.0,224.63956219648776,224.34210855725206,-23.45956219648776
61.424,61.424,228.0,224.62136836372707,224.32453391488116,-18.441368363727072
61.4435,61.4435,204.0,224.60309687356235,224.30687991291884,-42.42309687356235
61.463,61.463,224.0,224.5848411549956,224.2892372786233,-22.404841154995587
61.4824,61.4824,234.0,224.56669510715471,224.27169650627434,-12.386695107154715
61.5019,61.5019,216.0,224.5484716541148,224.25407687014723,-30.368471654114792
61.5213,61.5213,209.0,224.5303577339858,224.2365591906131,-37.350357733985796
61.5408,61.5408,229.0,224.51216662378704,224.2189629798264,-17.33216662378704
61.5602,61.5602,243.0,224.49408523484337,224.20146881770816,-3.3140852348433683
61.5797,61.5797,237.0,224.4759269276859,224.18389645866844,-9.29592692768589
61.5992,61.5992,218.0,224.45778529422773,224.16633621636979,-28.277785294227733
61.6186,61.6186,209.0,224.4397530667033,224.1488781561487,-37.259753066703304
61.6381,61.6381,221.0,224.42164481444448,224.13134240430992,-25.241644814444477
61.6575,61.6575,222.0,224.403645941743,224.11390892020296,-24.22364594174301
61.677,61.677,197.0,224.3855711810268,224.09639808330044,-49.20557118102679
61.6964,61.6964,206.0,224.36760598726337,224.07898959722067,-40.187605987263375
61.7159,61.7159,223.0,224.34956526045676,224.0615040989528,-23.169565260456757
61.7354,61.7354,216.0,224.33154157443778,224.04403146175798,-30.15154157443778
61.7548,61.7548,201.0,224.31362746837294,224.02666129532113,-45.13362746837294
61.7743,61.7743,224.0,224.29563824616545,224.00921463138476,-22.115638246165453
61.7937,61.7937,247.0,224.2777585907945,223.9918705148954,0.9022414092055087
61.8132,61.8132,202.0,224.25980416536538,223.97445024595436,-44.07980416536538
61.8326,61.8326,227.0,224.24195933086145,223.95713259859397,-19.06195933086145
61.8521,61.8521,224.0,224.2240401126189,223.93973914559476,-22.044040112618895
61.8716,61.8716,220.0,224.20613860141006,223.9223592931817,-26.02613860141006
61.891,61.891,180.0,224.18834663747202,223.90508216885178,-66.00834663747202
61.9105,61.9105,205.0,224.1704808374549,223.88772976284955,-40.9904808374549
61.9299,61.9299,229.0,224.1527243950804,223.870480152682,-16.972724395080412
61.9494,61.9494,210.0,224.13489445709507,223.8531556120444,-35.95489445709507
61.9688,61.9688,223.0,224.11717420952365,223.83593393244553,-22.937174209523654
61.9883,61.9883,219.0,224.09938067246827,223.8186376753235,-26.91938067246827
62.0078,62.0078,219.0,224.081605450199,223.80135575340472,-26.901605450198993
62.0272,62.0272,209.0,224.06393973571082,223.78417678563693,-36.88393973571082
62.0467,62.0467,199.0,224.04620142716183,223.76692377348218,-46.86620142716183
62.0661,62.0661,231.0,224.0285724645989,223.7497737743208,-14.84857246459891
62.0856,62.0856,216.0,224.0108714003954,223.73255008805688,-29.830871400395388
62.105,62.105,234.0,223.99327966925182,223.71542947108975,-11.81327966925182
62.1245,62.1245,203.0,223.97561606382268,223.6982355260282,-42.795616063822685
62.144,62.144,221.0,223.95797134718578,223.68105664581475,-24.777971347185776
62.1634,62.1634,213.0,223.94043621272615,223.6639809146633,-32.760436212726155
62.1829,62.1829,236.0,223.92282958198203,223.64683239761447,-9.74282958198203
62.2023,62.2023,183.0,223.90533234847527,223.62978707959047,-62.72533234847527
62.2218,62.2218,233.0,223.88776420557355,223.6126693389625,-12.707764205573547
62.2412,62.2412,210.0,223.87030536086945,223.59565484479157,-35.69030536086945
62.2607,62.2607,236.0,223.8527758879127,223.57856829301278,-9.672775887912714
62.2802,62.2802,216.0,223.83526610435857,223.56149753067754,-29.655266104358567
62.2996,62.2996,188.0,223.8178655276275,223.54453008126237,-57.637865527627504
62.3191,62.3191,218.0,223.8003949451266,223.52749112538677,-27.620394945126613
62.3385,62.3385,219.0,223.78303367194277,223.5105555235444,-26.603033671942775
62.358,62.358,236.0,223.76560276967734,223.49354878447028,-9.585602769677344
62.3774,62.3774,209.0,223.74828099893716,223.47664543802065,-36.56828099893716
62.3969,62.3969,227.0,223.73089000251755,223.45967132524953,-18.550890002517555
62.4164,62.4164,229.0,223.71351927245053,223.4427137213912,-16.533519272450526
62.4358,62.4358,211.0,223.6962576882214,223.42585956336416,-34.51625768822141
62.4553,62.4553,236.0,223.67892735970972,223.4089351990016,-9.498927359709718
62.4747,62.4747,226.0,223.66170628179498,223.3921143127647,-19.481706281794978
62.4942,62.4942,230.0,223.64441692332068,223.3752235952818,-15.464416923320677
62.5136,62.5136,208.0,223.62723656602478,223.35843638570586,-37.44723656602478
62.5331,62.5331,199.0,223.60998846454325,223.3415797216334,-46.42998846454325
62.5526,62.5526,233.0,223.59276101853652,223.32474028074006,-12.412761018536521
62.572,62.572,237.0,223.5756427270611,223.30800438775137,-8.395642727061109
62.5915,62.5915,226.0,223.5584570235066,223.29119960897808,-19.378457023506606
62.6109,62.6109,216.0,223.54138053374464,223.27449840161654,-29.361380533744644
62.6304,62.6304,195.0,223.5242369429841,223.25772868934527,-50.34423694298409
62.6498,62.6498,236.0,223.50720245283784,223.24106256948903,-9.327202452837845
62.6693,62.6693,225.0,223.49010136063487,223.22432832723624,-20.310101360634867
62.6888,62.6888,224.0,223.47302175690973,223.20761201714913,-21.29302175690973
62.7082,62.7082,240.0,223.4560509266773,223.19099932631386,-5.276050926677307
62.7277,62.7277,231.0,223.43901435854227,223.17431909040596,-14.259014358542267
62.7471,62.7471,227.0,223.42208657579596,223.15774248850212,-18.24208657579596
62.7666,62.7666,222.0,223.40509328351308,223.1410987281097,-23.225093283513083
62.786,62.786,218.0,223.38820884161396,223.1245586139793,-27.20820884161396
62.8055,62.8055,208.0,223.37125922405463,223.10795172956065,-37.191259224054626
62.825,62.825,257.0,223.35433168390938,223.0913634809379,11.82566831609062
62.8444,62.8444,233.0,223.33751296296202,223.07487889230242,-12.157512962962024
62.8639,62.8639,244.0,223.32062963698172,223.05832811919967,-1.1406296369817213
62.8833,62.8833,201.0,223.30385504211674,223.04188101211489,-44.12385504211674
62.9028,62.9028,202.0,223.28701636854473,223.025368112779,-43.10701636854473
62.9222,62.9222,217.0,223.27028636471644,223.00895888300707,-28.09028636471644
62.9417,62.9417,219.0,223.25349267087924,222.99248425479442,-26.07349267087924
62.9612,62.9612,218.0,223.2367215975087,222.97602896057467,-27.056721597508705
62.9806,62.9806,204.0,223.2200591738636,222.95967733658318,-41.040059173863604
63.0001,63.0001,194.0,223.2033335994649,222.94326090835264,-51.02333359946491
63.0195,63.0195,193.0,223.18671661548535,222.9269481476936,-52.00671661548535
63.039,63.039,208.0,223.1700368868557,222.91057098056604,-36.99003688685571
63.0584,63.0584,218.0,223.153465818026,222.89429747587823,-26.973465818026007
63.0779,63.0779,205.0,223.13683231393102,222.87795996406447,-39.956832313931024
63.0974,63.0974,236.0,223.12022216810527,222.86164247893046,-8.940222168105272
63.1168,63.1168,206.0,223.10372045938138,222.8454286438914,-38.92372045938138
63.1363,63.1363,220.0,223.08715712078342,222.82915140419118,-24.907157120783417
63.1557,63.1557,188.0,223.07070200082381,222.81297780327637,-56.890702000823815
63.1752,63.1752,229.0,223.05418584278635,222.79674120094685,-15.874185842786353
63.1946,63.1946,229.0,223.03777789267443,222.78060822362824,-15.857777892674427
63.2141,63.2141,213.0,223.02130911826077,222.764412649691,-31.841309118260774
63.2336,63.2336,215.0,223.00486425108758,222.74823778953345,-29.824864251087583
63.253,63.253,223.0,222.98852767154875,222.73216652908584,-21.808527671548752
63.2725,63.2725,251.0,222.9721309171558,222.7160332826289,6.207869082844205
63.2919,63.2919,202.0,222.95584227383452,222.70000361595498,-42.77584227383452
63.3114,63.3114,216.0,222.93949392215853,222.68391237191491,-28.759493922158534
63.3308,63.3308,212.0,222.92325356285056,222.6679246852764,-32.74325356285056
63.3503,63.3503,218.0,222.90695396188838,222.65187583144157,-26.726953961888377
63.3698,63.3698,234.0,222.89067895392395,222.6358483728229,-10.710678953923953
63.3892,63.3892,222.0,222.87451186381332,222.61992443340284,-22.694511863813325
63.4087,63.4087,221.0,222.85828614903662,222.60393994542048,-23.678286149036616
63.4281,63.4281,204.0,222.84216830443768,222.58805894812897,-40.66216830443768
63.4476,63.4476,214.0,222.82599229380793,222.57211781623485,-30.64599229380793
63.467,63.467,211.0,222.80992399083772,222.55628014407978,-33.62992399083772
63.4865,63.4865,234.0,222.79379789902111,222.54038275278543,-10.613797899021115
63.506,63.506,210.0,222.77769719119945,222.52450743240317,-34.59769719119945
63.5254,63.5254,227.0,222.7617040530235,222.5087355207104,-17.581704053023493
63.5449,63.5449,214.0,222.74565382706626,222.49290451641608,-30.565653827066264
63.5643,63.5643,206.0,222.7297112284736,222.4771768837596,-38.549711228473605
63.5838,63.5838,208.0,222.71371198302694,222.46139057769693,-36.53371198302694
63.6032,63.6032,217.0,222.6978201805706,222.44570760378733,-27.517820180570602
63.6227,63.6227,231.0,222.68187225735787,222.42996637714728,-13.501872257357867
63.6422,63.6422,219.0,222.66595013948097,222.41424789129815,-25.48595013948097
63.6616,63.6616,230.0,222.650135430138,222.39863267376234,-14.470135430137994
63.6811,63.6811,197.0,222.63426512441146,222.38295983781532,-47.45426512441146
63.7005,63.7005,221.0,222.61850230402953,222.36739022462416,-23.438502304029534
63.72,63.72,213.0,222.60268422935434,222.3517634173711,-31.42268422935434
63.7394,63.7394,194.0,222.58697343008302,222.33623978489422,-50.40697343008302
63.7589,63.7589,228.0,222.57120801718887,222.32065938416181,-16.391208017188866
63.7783,63.7783,207.0,222.55554972326405,222.30518210780664,-37.37554972326405
63.7978,63.7978,222.0,222.5398372257915,222.2896484904524,-22.3598372257915
63.8173,63.8173,222.0,222.52415145313677,222.27413846642153,-22.344151453136767
63.8367,63.8367,207.0,222.50857264763147,222.25873148656993,-37.32857264763147
63.8562,63.8562,213.0,222.49294036089242,222.24326880986106,-31.31294036089242
63.8756,63.8756,207.0,222.47741500358364,222.22790912089587,-37.297415003583644
63.8951,63.8951,203.0,222.46183656200628,222.21249416592752,-41.28183656200628
63.9145,63.9145,218.0,222.44636495125286,222.19718213985928,-26.26636495125286
63.934,63.934,246.0,222.43084072634028,222.18181528006846,1.7491592736597212
63.9535,63.9535,208.0,222.4153439350623,222.16647266989577,-36.23534393506231
63.9729,63.9729,226.0,222.3999537518376,222.1512328957685,-18.219953751837586
63.9924,63.9924,233.0,222.3845116752526,222.1359389395584,-11.204511675252611
64.0118,64.0118,238.0,222.36917620116537,222.12074775454187,-6.189176201165374
64.0313,64.0313,231.0,222.353789307683,222.10550282326102,-13.173789307683002
64.0507,64.0507,223.0,222.33850880183667,222.0903605959254,-21.158508801836668
64.0702,64.0702,212.0,222.3231774674912,222.0751650595465,-32.143177467491206
64.0897,64.0897,243.0,222.3078740435017,222.05999442301092,-1.1278740435016985
64.1091,64.1091,229.0,222.29267696317666,222.04492638496973,-15.11267696317666
64.1286,64.1286,245.0,222.27742955156742,222.0298056968967,0.9025704484325772
64.148,64.148,206.0,222.26228852308134,222.01478753409043,-38.08228852308134
64.1675,64.1675,221.0,222.2470975750471,221.99971716195103,-23.067097575047093
64.1869,64.1869,260.0,222.2320127241548,221.98474923946603,15.9479872758452
64.2064,64.2064,231.0,222.21687871551532,221.96972954972478,-13.036878715515321
64.2259,64.2259,249.0,222.20177328159193,221.9547354039059,4.978226718408074
64.2453,64.2453,228.0,222.18677365532878,221.93984358975598,-16.00677365532878
64.2648,64.2648,227.0,222.17172558955755,221.92490067460577,-16.991725589557554
64.2842,64.2842,275.0,222.15678337222326,221.91006000956241,31.02321662777674
64.3037,64.3037,242.0,222.14179296357713,221.8951686890126,-1.9617929635771318
64.3231,64.3231,228.0,222.12690832113958,221.88037953463476,-15.946908321139581
64.3426,64.3426,234.0,222.111976031476,221.86554017159804,-9.93197603147599
64.3621,64.3621,228.0,222.0970730068209,221.8507269903398,-15.917073006820893
64.3815,64.3815,221.0,222.08227550675747,221.836015844796,-22.90227550675747
64.401,64.401,238.0,222.0674312104811,221.8212551639656,-5.88743121048109
64.4204,64.4204,261.0,222.05269228611954,221.8065964289952,17.127307713880462
64.4399,64.4399,242.0,222.03790694275503,221.7918886089412,-1.8579069427550294
64.4593,64.4593,224.0,222.02322695366718,221.77728264253213,-19.843226953667177
64.4788,64.4788,203.0,222.00850104450555,221.76262804257175,-40.82850104450555
64.4983,64.4983,214.0,221.9938050040937,221.74800025594593,-29.8138050040937
64.5177,64.5177,241.0,221.9792141165374,221.7334741800996,-2.7992141165374065
64.5372,64.5372,210.0,221.9645780310559,221.7189001510606,-33.78457803105591
64.5566,64.5566,256.0,221.9500469668713,221.70442773469716,12.229953033128702
64.5761,64.5761,222.0,221.93547115767734,221.68990781996678,-21.75547115767734
64.5955,64.5955,207.0,221.9210003605742,221.67548941745966,-36.7410003605742
64.615,64.615,235.0,221.90648530064578,221.66102397271572,-8.726485300645784
64.6345,64.6345,235.0,221.89200079035783,221.64658596648596,-8.712000790357827
64.6539,64.6539,218.0,221.877621002591,221.6322493172711,-25.697621002591013
64.6734,64.6734,209.0,221.86319779853093,221.6178663130339,-34.683197798530934
64.6928,64.6928,218.0,221.8488790656735,221.60358455950157,-25.668879065673487
64.7123,64.7123,230.0,221.83451745275724,221.58925691030808,-13.65451745275724
64.7317,64.7317,221.0,221.8202603029781,221.5750304031739,-22.640260302978113
64.7512,64.7512,215.0,221.8059606116747,221.56075846101885,-28.625960611674692
64.7707,64.7707,219.0,221.7916921396755,221.5465145761042,-24.61169213967549
64.7901,64.7901,246.0,221.77752801821066,221.53237166576383,2.40247198178934
64.8096,64.8096,215.0,221.7633221095385,221.51818401434093,-28.583322109538507
64.829,64.829,240.0,221.74922035415318,221.50409722302092,-3.569220354153181
64.8485,64.8485,244.0,221.7350774175926,221.48996615442653,0.44492258240739346
64.8679,64.8679,244.0,221.72103840212813,221.47593582914087,0.45896159787186974
64.8874,64.8874,211.0,221.70695875972964,221.46186169164287,-32.526958759729645
64.9069,64.9069,223.0,221.69291097202324,221.4478162235814,-20.512910972023242
64.9263,64.9263,214.0,221.6789669818739,221.4338713191344,-29.498966981873913
64.9458,64.9458,223.0,221.66498296954825,221.41988330300416,-20.48498296954825
64.9652,64.9652,244.0,221.6511027150118,221.40599572790077,0.5288972849881972
64.9847,64.9847,243.0,221.63718298823107,221.39206550928043,-0.45718298823107517
65.0041,65.0041,190.0,221.62336674006028,221.37823560678964,-53.44336674006028
65.0236,65.0236,212.0,221.60951156979687,221.3643635301766,-31.429511569796865
65.0431,65.0431,232.0,221.5956890821661,221.35052072858915,-11.415689082166104
65.0625,65.0625,238.0,221.5819697201748,221.3367780512964,-5.401969720174812
65.082,65.082,234.0,221.5682123018484,221.32299390686686,-9.388212301848405
65.1014,65.1014,230.0,221.55455800287328,221.3093097560741,-13.374558002873279
65.1209,65.1209,230.0,221.540866184523,221.29558461057928,-13.360866184522997
65.1403,65.1403,208.0,221.52727721331786,221.28195932576696,-35.34727721331786
65.1598,65.1598,249.0,221.5136512603284,221.26829351988997,5.666348739671598
65.1793,65.1793,219.0,221.50005847602776,221.25465758794397,-24.32005847602776
65.1987,65.1987,239.0,221.48656841611336,221.2411213127748,-4.3065684161133575
65.2182,65.2182,236.0,221.47304214067753,221.2275452298474,-7.293042140677535
65.2376,65.2376,210.0,221.45961846715835,221.21406866501536,-33.27961846715835
65.2571,65.2571,232.0,221.44615897667538,221.2005527690377,-11.266158976675378
65.2765,65.2765,240.0,221.43280190105062,221.18713625019126,-3.252801901050624
65.296,65.296,210.0,221.41940975845964,221.17368087798837,-33.23940975845964
65.3155,65.3155,209.0,221.40605140997673,221.16025597186135,-34.226051409976726
65.3349,65.3349,229.0,221.39279520493125,221.14693022696017,-14.212795204931247
65.3544,65.3544,232.0,221.37950464065153,221.13356634819317,-11.199504640651533
65.3738,65.3738,204.0,221.3663161064308,221.12030148399464,-39.18631610643079
65.3933,65.3933,224.0,221.3530937210993,221.10699896662956,-19.1730937210993
65.4127,65.4127,227.0,221.33997321036045,221.0937953149065,-16.159973210360455
65.4322,65.4322,234.0,221.32681941325924,221.08055449186645,-9.146819413259244
65.4517,65.4517,216.0,221.31370008030174,221.06734472020992,-27.133700080301743
65.4711,65.4711,241.0,221.3006823475077,221.05423358636244,-2.120682347507689
65.4906,65.4906,205.0,221.28763222890376,221.04108600673496,-38.10763222890376
65.51,65.51,220.0,221.27468348470893,221.02803691033168,-23.09468348470893
65.5295,65.5295,188.0,221.26170280440292,221.0149518528421,-55.081702804402916
65.5489,65.5489,218.0,221.24882344309017,221.0019651217367,-25.068823443090174
65.5684,65.5684,223.0,221.23591270204827,220.9889429153626,-20.055912702048268
65.5879,65.5879,215.0,221.2230370602482,220.9759523387655,-28.043037060248203
65.6073,65.6073,235.0,221.21026251155607,220.96305984886538,-8.030262511556067
65.6268,65.6268,235.0,221.19745737201444,220.9501326151409,-8.01745737201444
65.6462,65.6462,214.0,221.18475307426792,220.93730330565006,-29.004753074267917
65.6657,65.6657,204.0,221.17201880394538,220.9244397409302,-38.99201880394538
65.6851,65.6851,201.0,221.15938522431108,220.9116739357397,-41.97938522431108
65.7046,65.7046,241.0,221.14672214659657,220.89887436501274,-1.9667221465965739
65.7241,65.7241,177.0,221.13409496006312,220.88610699546547,-65.95409496006312
65.7435,65.7435,237.0,221.12156819651253,220.8734371339806,-5.941568196512527
65.763,65.763,238.0,221.10901286549645,220.86073424417066,-4.929012865496453
65.7824,65.7824,230.0,221.09655768383826,220.8481286921314,-12.916557683838256
65.8019,65.8019,213.0,221.08407446961795,220.83549060417045,-29.904074469617946
65.8213,65.8213,241.0,221.07169142821868,220.82294968146167,-1.8916914282186852
65.8408,65.8408,239.0,221.05928079613145,220.81037671630475,-3.8792807961314466
65.8603,65.8603,227.0,221.04690671297715,220.79783651666247,-15.866906712977148
65.8797,65.8797,203.0,221.03463245683054,220.7853932191015,-39.85463245683054
65.8992,65.8992,234.0,221.02233152841765,220.7729186219296,-8.842331528417652
65.9186,65.9186,210.0,221.0101302961875,220.76054074876942,-32.8301302961875
65.9381,65.9381,217.0,220.99790291831246,220.74813207211506,-25.817902918312463
65.9575,65.9575,224.0,220.98577501398523,220.73581993919078,-18.805775013985233
65.977,65.977,220.0,220.97362161102018,220.7234774999323,-22.79362161102018
65.9965,65.9965,223.0,220.96150540226498,220.71116838337898,-19.781505402264976
66.0159,66.0159,232.0,220.9494885004134,220.69895553575782,-10.769488500413395
66.0354,66.0354,254.0,220.93744681542742,220.68671313012277,11.242553184572579
66.0548,66.0548,237.0,220.92550414925196,220.67456680762396,-5.745504149251964
66.0743,66.0743,191.0,220.9135374384735,220.66239142684628,-51.7335374384735
66.0937,66.0937,218.0,220.90166954353785,220.6503119412118,-24.72166954353785
66.1132,66.1132,211.0,220.88977807394767,220.6382038980492,-31.709778073947668
66.1327,66.1327,194.0,220.87792469426842,220.62612972756116,-48.697924694268416
66.1521,66.1521,224.0,220.8661697100154,220.61415116586934,-18.686169710015413
66.1716,66.1716,224.0,220.85439215028433,220.60214480030916,-18.674392150284326
66.191,66.191,220.0,220.84271292624345,220.59023385007535,-22.66271292624345
66.2105,66.2105,243.0,220.831011770908,220.5782955992304,0.3489882290920079
66.2299,66.2299,233.0,220.81940861375196,220.56645256805976,-9.63940861375196
66.2494,66.2494,215.0,220.80778405861162,220.55458274052344,-27.627784058611617
66.2689,66.2689,201.0,220.79619820340943,220.54274732833304,-41.61619820340943
66.2883,66.2883,183.0,220.7847101636595,220.5310068380001,-59.6047101636595
66.3078,66.3078,235.0,220.77320157480912,220.51924031015585,-7.593201574809122
66.3272,66.3272,226.0,220.76179063814251,220.5075685030782,-16.581790638142515
66.3467,66.3467,231.0,220.7503597648283,220.49587116517188,-11.57035976482829
66.3661,66.3661,209.0,220.73902631705192,220.48426834477448,-33.559026317051924
66.3856,66.3856,205.0,220.72767365708458,220.4726405011913,-37.54767365708458
66.4051,66.4051,208.0,220.71636028231086,220.4610476082507,-34.53636028231086
66.4245,66.4245,233.0,220.70514400113584,220.44954892361287,-9.525144001135835
66.444,66.444,217.0,220.69390929289082,220.43802597969201,-25.513909292890823
66.4634,66.4634,196.0,220.68277170566162,220.42659703541602,-46.50277170566162
66.4829,66.4829,195.0,220.6716161514619,220.4151443418674,-47.491616151461905
66.5023,66.5023,232.0,220.66055739403814,220.40378543715443,-10.480557394038136
66.5218,66.5218,217.0,220.649481463984,220.3924032941116,-25.46948146398399
66.5413,66.5413,215.0,220.63844560893838,220.38105662955633,-27.458445608938383
66.5607,66.5607,218.0,220.62750601992047,220.36980343332263,-24.447506019920475
66.5802,66.5802,235.0,220.616550409944,220.35852776756306,-7.436550409944012
66.5996,66.5996,201.0,220.60569089304943,220.3473453539547,-41.42569089304943
66.6191,66.6191,207.0,220.59481578523244,220.3361409840602,-35.41481578523244
66.6385,66.6385,210.0,220.58403671111455,220.32502964801103,-32.40403671111455
66.658,66.658,224.0,220.57324264618308,220.31389686981953,-18.393242646183076
66.6774,66.6774,198.0,220.56254435377198,220.30285690503663,-44.38254435377198
66.6969,66.6969,232.0,220.55183170882069,220.29179601315144,-10.371831708820686
66.7164,66.7164,212.0,220.54116004294661,220.28077126728488,-30.361160042946615
66.7358,66.7358,220.0,220.53058386717302,220.26983899989725,-22.35058386717302
66.7553,66.7553,225.0,220.5199943257807,220.25888658029393,-17.339994325780687
66.7747,66.7747,221.0,220.5095000254029,220.24802641342254,-21.3295000254029
66.7942,66.7942,201.0,220.4989930182724,220.23714661158115,-41.31899301827239
66.8136,66.8136,238.0,220.48858086125824,220.22635883460993,-4.308580861258243
66.8331,66.8331,248.0,220.47815681729233,220.21555194078186,5.70184318270767
66.8526,66.8526,188.0,220.4677743974935,220.20478170349776,-54.287774397493514
66.872,66.872,212.0,220.45748672134073,220.19410314503745,-30.27748672134073
66.8915,66.8915,214.0,220.44718786729376,220.18340624916692,-28.267187867293764
66.9109,66.9109,184.0,220.43698368452274,220.17280079898856,-58.256983684522744
66.9304,66.9304,189.0,220.4267687889012,220.16217753164727,-53.2467687889012
66.9498,66.9498,222.0,220.41664834476367,220.15164547476792,-20.236648344763672
66.9693,66.9693,209.0,220.4065179885174,220.14109612181164,-33.22651798851741
66.9888,66.9888,216.0,220.39643019097213,220.13058392822097,-26.216430190972126
67.0082,67.0082,231.0,220.38643631508856,220.12016258801432,-11.20643631508856
67.0277,67.0277,205.0,220.37643357177214,220.10972473558644,-37.19643357177214
67.0471,67.0471,221.0,220.36652460280456,220.0993774960837,-21.18652460280456
67.0666,67.0666,214.0,220.35660744089063,220.0890142675076,-28.176607440890628
67.086,67.086,238.0,220.3467838754162,220.0787414093154,-4.166783875416208
67.1055,67.1055,210.0,220.3369527799688,220.06845308600754,-32.15695277996881
67.125,67.125,219.0,220.32716487417244,220.05820241710606,-23.14716487417244
67.1444,67.1444,216.0,220.31747026380037,220.048041750566,-26.137470263800374
67.1639,67.1639,224.0,220.3077691136505,220.03786640702253,-18.127769113650494
67.1833,67.1833,222.0,220.2981610299443,220.02778081811206,-20.11816102994431
67.2028,67.2028,234.0,220.28854701595213,220.01768107814488,-8.108547015952134
67.2222,67.2222,216.0,220.2790258434772,220.00767084301685,-26.0990258434772
67.2417,67.2417,195.0,220.26949942681577,219.99764698355946,-47.08949942681577
67.2612,67.2612,233.0,220.26001713292106,219.98766126569186,-9.080017132921064
67.2806,67.2806,227.0,220.2506273393049,219.97776467378418,-15.070627339304913
67.3001,67.3001,220.0,220.2412334589987,219.9678552497623,-22.061233458998693
67.3195,67.3195,213.0,220.23193174463157,219.95803469676127,-29.051931744631567
67.339,67.339,198.0,220.22262649372334,219.94820184028916,-44.04262649372334
67.3584,67.3584,229.0,220.21341350703068,219.93845759785037,-13.03341350703068
67.3779,67.3779,209.0,220.20419755562588,219.9287015813347,-33.02419755562588
67.3974,67.3974,216.0,220.19502660927625,219.91898418565813,-26.015026609276255
67.4168,67.4168,218.0,220.1859473593843,219.90935501436772,-24.0059473593843
67.4363,67.4363,216.0,220.17686646727222,219.89971486516401,-25.99686646727222
67.4557,67.4557,191.0,220.16787682313068,219.89016267825644,-50.987876823130684
67.4752,67.4752,201.0,220.15888643941264,219.88060004467175,-40.97888643941264
67.4946,67.4946,220.0,220.14998722480232,219.87112510926164,-21.969987224802317
67.5141,67.5141,211.0,220.14108770860506,219.86164025913195,-30.961087708605056
67.5336,67.5336,240.0,220.1322339093772,219.85219450107974,-1.9522339093771919
67.553,67.553,190.0,220.12347129351332,219.84283604087727,-51.94347129351332
67.5725,67.5725,223.0,220.11470923417463,219.83346846591138,-18.934709234174626
67.5919,67.5919,216.0,220.1060379768379,219.82418791961462,-25.92603797683791
67.6114,67.6114,176.0,220.09736821223777,219.81489879227934,-65.91736821223776
67.6308,67.6308,199.0,220.08878900059523,219.80569642241846,-42.90878900059523
67.6503,67.6503,240.0,220.08021198630158,219.79648600593566,-1.9002119863015778
67.6698,67.6698,224.0,220.0716816197775,219.78731514468083,-17.891681619777508
67.6892,67.6892,227.0,220.06324143088554,219.77823062998922,-14.88324143088554
67.7087,67.7087,184.0,220.05480462492815,219.76913887226735,-57.87480462492815
67.7281,67.7281,205.0,220.04645778685054,219.7601331848985,-36.86645778685054
67.7476,67.7476,227.0,220.0381150702364,219.7511207906083,-14.858115070236387
67.767,67.767,208.0,220.02986202918177,219.74219418846445,-33.84986202918177
67.7865,67.7865,208.0,220.02161379090413,219.73326141616974,-33.84161379090413
67.806,67.806,230.0,220.0134132368555,219.72436865408898,-11.833413236855513
67.8254,67.8254,211.0,220.00530210417367,219.71556126274973,-30.825302104173666
67.8449,67.8449,225.0,219.9971969558759,219.70674850832847,-16.817196955875893
67.8643,67.8643,210.0,219.98918096998125,219.69802084147088,-31.80918096998125
67.8838,67.8838,230.0,219.98117181629067,219.68928834991857,-11.801171816290669
67.9032,67.9032,215.0,219.97325151764835,219.68064066077343,-26.79325151764835
67.9227,67.9227,244.0,219.96533874081288,219.67198868595213,2.2146612591871175
67.9422,67.9422,217.0,219.95747457548546,219.66337716808934,-24.777474575485464
67.9616,67.9616,195.0,219.94969906415594,219.654850020829,-46.76969906415594
67.9811,67.9811,229.0,219.94193216869405,219.64631939827902,-12.761932168694052
68.0005,68.0005,229.0,219.9342539784299,219.6378728562487,-12.754253978429894
68.02,68.02,213.0,219.9265850202042,219.62942337948795,-28.746585020204186
68.0394,68.0394,202.0,219.9190043585168,219.6210576912036,-39.73900435851679
68.0589,68.0589,227.0,219.91143399901978,219.61268960934856,-14.731433999019778
68.0784,68.0784,237.0,219.90391330180177,219.6043624228786,-4.723913301801765
68.0978,68.0978,212.0,219.89648041534596,219.5961185827752,-29.716480415345963
68.1173,68.1173,212.0,219.8890590083016,219.587873162645,-29.709059008301587
68.1367,68.1367,205.0,219.88172533625283,219.57971079195713,-36.70172533625283
68.1562,68.1562,208.0,219.87440395887407,219.5715473838662,-33.69440395887407
68.1756,68.1756,227.0,219.86717009335746,219.5634667263513,-14.687170093357459
68.1951,68.1951,213.0,219.85994944290104,219.555385574627,-28.67994944290104
68.2146,68.2146,228.0,219.85277930171083,219.54734574831932,-13.672779301710825
68.234,68.234,217.0,219.84569641968113,219.53938822026888,-24.665696419681133
68.2535,68.2535,225.0,219.8386279391139,219.53143101454833,-16.658627939113906
68.2729,68.2729,214.0,219.83164647469147,219.52355580338366,-27.651646474691468
68.2924,68.2924,218.0,219.82468020527105,219.51568145912915,-23.64468020527105
68.3118,68.3118,214.0,219.8178007011798,219.50788880380557,-27.637800701179806
68.3313,68.3313,231.0,219.81093735432472,219.50009756051148,-10.630937354324722
68.3508,68.3508,233.0,219.80412563644282,219.49234806419398,-8.62412563644282
68.3702,68.3702,199.0,219.797400510189,219.48467979437692,-42.61740051018899
68.3897,68.3897,218.0,219.79069274244512,219.47701375596105,-23.610692742445117
68.4091,68.4091,219.0,219.78407123694421,219.46942863363225,-22.604071236944215
68.4286,68.4286,199.0,219.77746793126258,219.46184628913272,-42.59746793126258
68.448,68.448,208.0,219.77095098723464,219.45434454840208,-33.59095098723464
68.4675,68.4675,212.0,219.7644529211184,219.44684613243643,-29.58445292111839
68.487,68.487,231.0,219.758007933095,219.43938987645893,-10.578007933095002
68.5064,68.5064,240.0,219.75164878693948,219.43201375180655,-1.571648786939484
68.5259,68.5259,219.0,219.7453101844215,219.4246417739593,-22.5653101844215
68.5453,68.5453,238.0,219.73905709312467,219.4173496103776,-3.5590570931246717
68.5648,68.5648,218.0,219.7328253519436,219.41006214176733,-23.552825351943603
68.5842,68.5842,240.0,219.72667931074528,219.40285416847712,-1.546679310745283
68.6037,68.6037,228.0,219.72055520571777,219.39565143880083,-13.540555205717773
68.6232,68.6232,206.0,219.71448548170733,219.38849127349891,-35.53448548170733
68.6426,68.6426,220.0,219.708501284148,219.38141012115966,-21.528501284148014
68.6621,68.6621,220.0,219.702540466556,219.37433503697753,-21.522540466556002
68.6815,68.6815,212.0,219.6966647333389,219.36733864211905,-29.516664733338907
68.701,68.701,217.0,219.69081372505477,219.36034886521165,-24.510813725054767
68.7204,68.7204,220.0,219.6850475866149,219.35343745212205,-21.5050475866149
68.7399,68.7399,212.0,219.6793070249819,219.34653320722208,-29.49930702498191
68.7594,68.7594,232.0,219.67362206407623,219.33967192238072,-9.493622064076227
68.7788,68.7788,210.0,219.64756880601914,219.332888509187,-31.467568806019138
68.7983,68.7983,188.0,219.64202744410215,219.32611309106267,-53.462027444102155
68.8177,68.8177,218.0,219.63657035441923,219.31941521443485,-23.456570354419235
68.8372,68.8372,225.0,219.63114150612205,219.31272588418696,-16.45114150612205
68.8566,68.8566,224.0,219.62579662930796,219.3061137634371,-17.445796629307956
68.8761,68.8761,247.0,219.61024030158615,219.2995107407904,5.569759698413854
68.8956,68.8956,224.0,219.60499780699413,219.29295106510764,-17.424997806994135
68.915,68.915,243.0,219.59983904930797,219.286468097042,1.5801609506920258
68.9345,68.9345,243.0,219.59471101497488,219.27999505612812,1.585288985025123
68.9539,68.9539,215.0,219.58966649918023,219.27359838623622,-26.409666499180226
68.9734,68.9734,241.0,219.58465397204802,219.26721219621132,-0.4046539720480169
68.9928,68.9928,242.0,219.57972468645465,219.2609020387857,0.600275313545346
69.0123,69.0123,227.0,219.5748282252658,219.25460291432276,-14.394828225265805
69.0318,69.0318,211.0,219.56999059173677,219.24834751487361,-30.38999059173677
69.0512,69.0512,223.0,219.56523610245543,219.24216763653507,-18.38523610245543
69.0707,69.0707,219.0,219.56051631609847,219.23599962220794,-22.380516316098472
69.0901,69.0901,225.0,219.5558795175206,219.22990678602147,-16.375879517520595
69.1096,69.1096,227.0,219.55127821138174,219.22382636785355,-14.371278211381743
69.129,69.129,219.0,219.54675997912238,219.21782078304847,-22.366759979122385
69.1485,69.1485,226.0,219.5422785807805,219.2118281706171,-15.362278580780504
69.168,69.168,215.0,219.5378577251835,219.20587965231698,-26.3578577251835
69.1874,69.1874,220.0,219.53351952177377,219.20000544638785,-21.35351952177377
69.2069,69.2069,238.0,219.52921971373394,219.19414504571108,-3.3492197137339375
69.2263,69.2263,197.0,219.52500304227084,219.18835860813027,-44.34500304227084
69.2458,69.2458,231.0,219.52082559828006,219.18258653098738,-10.340825598280055
69.2652,69.2652,240.0,219.51673096320036,219.17688806587753,-1.3367309632003597
69.2847,69.2847,211.0,219.51267719019634,219.17120451670652,-30.332677190196343
69.3042,69.3042,212.0,219.50868560595663,219.16556542177509,-29.32868560595663
69.3236,69.3236,212.0,219.5047766580571,219.159999408487,-29.324776658057097
69.3431,69.3431,193.0,219.50091044627058,219.15444914567533,-48.32091044627058
69.3625,69.3625,228.0,219.4971268274335,219.1489716089975,-13.317126827433505
69.382,69.382,203.0,219.49338700095385,219.1435103790456,-38.313387000953846
69.4014,69.4014,225.0,219.48972959671576,219.13812151795042,-16.309729596715762
69.4209,69.4209,219.0,219.48611753912007,219.13274952011335,-22.306117539120073
69.4403,69.4403,221.0,219.48258772188962,219.1274495320942,-20.302587721889616
69.4598,69.4598,211.0,219.47910422265085,219.12216696413876,-30.299104222650847
69.4793,69.4793,264.0,219.4756859932559,219.11692930002158,22.704314006744106
69.4987,69.4987,220.0,219.47235005923474,219.11176310340764,-21.292350059234742
69.5182,69.5182,238.0,219.46906248980596,219.10661516327426,-3.289062489805964
69.5376,69.5376,236.0,219.46585770556257,219.10153832722435,-5.28585770556257
69.5571,69.5571,220.0,219.4627022737753,219.096480305103,-21.282702273775307
69.5765,69.5765,233.0,219.45962935299605,219.09149302190434,-8.279629352996047
69.596,69.596,220.0,219.45660764721472,219.08652511032273,-21.276607647214725
69.6155,69.6155,244.0,219.45365359165268,219.08160244180786,2.726346408347318
69.6349,69.6349,216.0,219.45078172589217,219.0767499607488,-25.27078172589217
69.6544,69.6544,194.0,219.44796305157965,219.07191768898664,-47.26796305157965
69.6738,69.6738,209.0,219.44522730439238,219.06715523519026,-32.265227304392376
69.6933,69.6933,246.0,219.44254582694936,219.06241354893865,4.737454173050644
69.7127,69.7127,239.0,219.4399468053037,219.05774130944258,-2.2599468053036915
69.7322,69.7322,211.0,219.4374044618958,219.05309039594607,-30.257404461895796
69.7517,69.7517,235.0,219.43493183094992,219.04848505548347,-6.254931830949921
69.7711,69.7711,234.0,219.43254201686486,219.04394860126675,-7.252542016864858
69.7906,69.7906,217.0,219.43021079443847,219.03943431181753,-24.250210794438466
69.81,69.81,256.0,219.42796239244103,219.0349885331271,14.752037607558968
69.8295,69.8295,255.0,219.4257739850658,219.03056547813492,13.754226014934197
69.8489,69.8489,211.0,219.423668388265,219.0262105567151,-30.243668388265014
69.8684,69.8684,200.0,219.42162475547426,219.0218789180978,-41.241624755474255
69.8879,69.8879,248.0,219.41965381837778,219.01759317314315,6.760346181622218
69.9073,69.9073,228.0,219.4177661515294,219.01337499231914,-13.237766151529406
69.9268,69.9268,221.0,219.4159426967867,219.00918093397726,-20.235942696786687
69.9462,69.9462,236.0,219.41420245031497,219.0050540583556,-5.234202450314974
69.9657,69.9657,219.0,219.41252837610608,219.00095186471208,-22.23252837610608
69.9851,69.9851,217.0,219.41093749818003,218.99691647070048,-24.230937498180033
70.0046,70.0046,206.0,219.40941406136307,218.99290631830266,-35.229414061363066
70.0241,70.0241,201.0,219.40796733884815,218.98894237078125,-40.22796733884815
70.0435,70.0435,217.0,219.40660433260663,218.98504464462968,-24.226604332606634
70.063,70.063,238.0,219.4053119991586,218.98117300050578,-3.225311999158613
70.0824,70.0824,238.0,219.40410340542348,218.97736719049288,-3.2241034054234845
70.1019,70.1019,211.0,219.40296681728455,218.97358802245031,-30.22296681728455
70.1213,70.1213,224.0,219.40191528622046,218.96987429960345,-17.221915286220458
70.1408,70.1408,241.0,219.40093696985846,218.96618777877535,-0.22093696985846378
70.1603,70.1603,212.0,219.4000396090674,218.96254776454575,-29.220039609067392
70.1797,70.1797,228.0,219.39922678096195,218.95897260854218,-13.219226780961954
70.1992,70.1992,241.0,219.39849088968901,218.955425495527,-0.21849088968901498
70.2186,70.2186,217.0,219.3978408325767,218.95194284770616,-24.21784083257669
70.2381,70.2381,208.0,219.39726904909617,218.94848880314382,-33.21726904909617
70.2575,70.2575,215.0,219.3967834394965,218.94509882910916,-26.21678343949649
70.277,70.277,209.0,219.3963789837416,218.9417380186748,-32.21637898374161
70.2965,70.2965,222.0,219.39605884766078,218.93842400699236,-19.216058847660783
70.3159,70.3159,215.0,219.39582561971716,218.9351734702747,-26.215825619717158
70.3354,70.3354,239.0,219.3956762410365,218.93195293850272,-2.215676241036512
70.3548,70.3548,213.0,219.39561371606717,218.92879548296705,-28.215613716067175
70.3743,70.3743,215.0,219.3956381916674,218.92566859285472,-26.215638191667388
70.3937,70.3937,222.0,219.39574972956342,218.9226043786374,-19.21574972956342
70.4132,70.4132,206.0,219.39595082884685,218.91957129035805,-35.21595082884685
70.4327,70.4327,249.0,219.396240951303,218.9165852833388,7.783759048696986
70.4521,70.4521,215.0,219.39661926460167,218.91366134817355,-26.21661926460167
70.4716,70.4716,230.0,219.39709054265143,218.91076938048664,-11.217090542651427
70.491,70.491,210.0,219.39765048102547,218.90793908030574,-31.217650481025466
70.5105,70.5105,238.0,219.39830612690977,218.9051413081675,-3.2183061269097735
70.5299,70.5299,241.0,219.3990507728488,218.90240479759643,-0.21905077284879582
70.5494,70.5494,226.0,219.39989320107185,218.8997013756346,-15.219893201071848
70.5689,70.5689,232.0,219.40083118603673,218.8970453077188,-9.220831186036726
70.5883,70.5883,219.0,219.40185975936993,218.89444988896764,-22.221859759369927
70.6078,70.6078,235.0,219.40299033058523,218.8918884003789,-6.222990330585226
70.6272,70.6272,222.0,219.4042120676775,218.88938715106508,-19.22421206767749
70.6467,70.6467,229.0,219.40553854767276,218.88692039244282,-12.225538547672762
70.6661,70.6661,209.0,219.40695733621888,218.88451346163745,-32.22695733621888
70.6856,70.6856,216.0,219.40848453989477,218.88214158202035,-25.228484539894772
70.7051,70.7051,215.0,219.41011322217966,218.87981731943634,-26.23011322217966
70.7245,70.7245,227.0,219.411835313516,218.87755226402254,-14.231835313516008
70.744,70.744,208.0,219.4136696361114,218.87532310117973,-33.233669636111394
70.7634,70.7634,202.0,219.4155996272046,218.8731527301545,-39.235599627204614
70.7829,70.7829,223.0,219.4176443363709,218.87101881207192,-18.2376443363709
70.8023,70.8023,236.0,219.41978504687398,218.86894326890845,-5.239785046873983
70.8218,70.8218,235.0,219.42204495993914,218.8669047389918,-6.242044959939143
70.8413,70.8413,229.0,219.42441390237136,218.86491407921946,-12.244413902371356
70.8607,70.8607,199.0,219.42688140126694,218.8629811655945,-42.24688140126694
70.8802,70.8802,206.0,219.4294721794119,218.861086106244,-35.2494721794119
70.8996,70.8996,244.0,219.43216205239546,218.8592483723045,2.7478379476045447
70.9191,70.9191,207.0,219.43498009133995,218.8574490527307,-34.25498009133995
70.9385,70.9385,208.0,219.43789821799825,218.8557066363085,-33.25789821799825
70.958,70.958,244.0,219.44094864970904,218.85400319424014,2.739051350290957
70.9775,70.9775,219.0,219.44411669295204,218.85234786547494,-22.264116692952037
70.9969,70.9969,208.0,219.4473874336803,218.85074880308463,-33.26738743368029
71.0164,71.0164,214.0,219.4507962711169,218.8491895555351,-27.2707962711169
71.0358,71.0358,224.0,219.45430894988638,218.84768614832063,-17.274308949886382
71.0553,71.0553,231.0,219.45796439288225,218.84622311563348,-10.277964392882247
71.0747,71.0747,192.0,219.4617250479225,218.84481549574184,-49.2817250479225
71.0942,71.0942,239.0,219.4656318495731,218.84344880992552,-2.2856318495731003
71.1137,71.1137,227.0,219.46966805929384,218.8421304705419,-14.289668059293838
71.1331,71.1331,238.0,219.47381279330685,218.84086689929313,-3.2938127933068486
71.1526,71.1526,216.0,219.4781116250543,218.83964510187894,-25.29811162505431
71.172,71.172,213.0,219.4825205241325,218.83847764133742,-28.302520524132497
71.1915,71.1915,261.0,219.48708740749814,218.83735251378775,19.692912592501862
71.2109,71.2109,210.0,219.49176862997777,218.83628129037197,-31.31176862997777
71.2304,71.2304,219.0,219.49661187149516,218.83525295893105,-22.316611871495162
71.2499,71.2499,227.0,219.5015970358556,218.8342731969462,-14.32159703585561
71.2693,71.2693,218.0,219.50669865836335,218.83334668667317,-23.326698658363348
71.2888,71.2888,221.0,219.5119723614482,218.83246390721843,-20.331972361448187
71.3082,71.3082,216.0,219.51736454758606,218.83163394307272,-25.337364547586056
71.3277,71.3277,229.0,219.52293351562744,218.83084826824773,-12.342933515627443
71.3471,71.3471,210.0,219.52862474132857,218.8301149708758,-31.34862474132857
71.3666,71.3666,206.0,219.5344993542413,218.82942652111683,-35.35449935424129
71.3861,71.3861,230.0,219.54052959837014,218.8287868536545,-11.360529598370142
71.4055,71.4055,210.0,219.54668795522426,218.8281989035852,-31.366687955224258
71.425,71.425,242.0,219.5530372429188,218.82765663886735,0.6269627570811949
71.4444,71.4444,226.0,219.55951661891166,218.82716565008172,-15.379516618911659
71.4639,71.4639,223.0,219.56619555963866,218.82672090436873,-18.386195559638658
71.4833,71.4833,214.0,219.57300748176712,218.82632699169778,-27.39300748176712
71.5028,71.5028,201.0,219.58002649928903,218.82597987957422,-40.400026499289034
71.5223,71.5223,216.0,219.58721851774993,218.8256817523283,-25.407218517749932
71.5417,71.5417,229.0,219.59454989588332,218.82543379055113,-12.414549895883319
71.5612,71.5612,216.0,219.6020990474491,218.82523346576457,-25.422099047449088
71.5806,71.5806,199.0,219.60979090874253,218.82508286001124,-42.429790908742525
71.6001,71.6001,227.0,219.61770918570176,218.82498044806147,-14.437709185701756
71.6195,71.6195,225.0,219.625773820461,218.824927307304,-16.445773820461007
71.639,71.639,214.0,219.63407188987986,218.82492291688013,-27.454071889879863
71.6585,71.6585,220.0,219.6425670003067,218.82496770357832,-21.462567000306713
71.6779,71.6779,211.0,219.65121669430152,218.8250610865083,-30.471216694301525
71.6974,71.6974,227.0,219.66011367215165,218.82520405472818,-14.480113672151653
71.7168,71.7168,224.0,219.66916973683033,218.82539516785369,-17.489169736830327
71.7363,71.7363,240.0,219.6784839018044,218.82563642204576,-1.4984839018044127
71.7557,71.7557,214.0,219.68796207652494,218.82592536843632,-27.50796207652494
71.7752,71.7752,215.0,219.69770683790236,218.82626501135059,-26.51770683790236
71.7947,71.7947,216.0,219.70767537218063,218.82665401321827,-25.52767537218063
71.8141,71.8141,202.0,219.71781756153942,218.82709002506368,-39.53781756153942
71.8336,71.8336,217.0,219.7282425626711,218.82757756670944,-24.548242562671113
71.853,71.853,206.0,219.73885063478718,218.82811166220117,-35.558850634787184
71.8725,71.8725,230.0,219.74975129858385,218.82869784210504,-11.569751298583846
71.8919,71.8919,222.0,219.76084028631055,218.82933011836656,-19.580840286310554
71.9114,71.9114,224.0,219.772236993598,218.8300150332955,-17.592236993598
71.9309,71.9309,235.0,219.7838902353468,218.83074947851935,-6.603890235346803
71.9503,71.9503,222.0,219.7957414533366,218.83152933074805,-19.615741453336604
71.9698,71.9698,221.0,219.80791910056553,218.8323626530472,-20.627919100565528
71.9892,71.9892,229.0,219.82030506362472,218.8332409214998,-12.640305063624716
72.0087,72.0087,222.0,219.83303286565427,218.83417321334022,-19.653032865654275
72.0281,72.0281,240.0,219.84597671673868,218.83514998915044,-1.665976716738676
72.0476,72.0476,230.0,219.8592785902196,218.83618134127244,-11.679278590219589
72.0671,72.0671,224.0,219.8728750670381,218.83726238446394,-17.69287506703811
72.0865,72.0865,189.0,219.8867034590645,218.8383872152699,-52.70670345906451
72.106,72.106,225.0,219.90091368153477,218.83956745172188,-16.720913681534775
72.1254,72.1254,231.0,219.9153662642376,218.84079101030355,-10.735366264237605
72.1449,72.1449,229.0,219.93021728176248,218.84207052642398,-12.750217281762481
72.1643,72.1643,199.0,219.94532134514998,218.84339289788198,-42.76532134514998
72.1838,72.1838,232.0,219.96084453644815,218.8447717783408,-9.78084453644815
72.2032,72.2032,220.0,219.9766322130775,218.84619304604476,-21.796632213077494
72.2227,72.2227,233.0,219.9928566591122,218.84767137376983,-8.812856659112192
72.2422,72.2422,206.0,220.00944851856335,218.84919958360948,-35.829448518563346
72.2616,72.2616,231.0,220.02632628723757,218.8507694755286,-10.846326287237567
72.2811,72.2811,210.0,220.04367619181144,218.8523972538549,-31.863676191811443
72.3005,72.3005,227.0,220.06132627030624,218.85406624294748,-14.88132627030624
72.32,72.32,224.0,220.079469342095,218.85579366831595,-17.899469342094996
72.3394,72.3394,237.0,220.09793124436754,218.85756183186263,-4.917931244367544
72.3589,72.3589,237.0,220.11691370510306,218.85938898107455,-4.936913705103059
72.3784,72.3784,241.0,220.13633392213745,218.8612661487359,-0.9563339221374534
72.3978,72.3978,220.0,220.15609704013386,218.8631833427075,-21.97609704013386
72.4173,72.4173,253.0,220.17642004699462,218.86516034621133,11.003579953005378
72.4367,72.4367,196.0,220.19710916724992,218.86717690027953,-46.01710916724992
72.4562,72.4562,219.0,220.2183905106869,218.86925381202343,-23.038390510686902
72.4756,72.4756,218.0,220.240057379777,218.87136979733623,-24.060057379777
72.4951,72.4951,242.0,220.26235040910916,218.873546687951,-0.0823504091091607
72.5146,72.5146,239.0,220.2851680238808,218.875773722531,-3.1051680238808004
72.534,72.534,256.0,220.30840890512508,218.87803911224304,13.871591094874923
72.5535,72.5535,235.0,220.332328548304,218.88036622840588,-7.152328548303991
72.5729,72.5729,219.0,220.3566969659895,218.88273121961134,-23.1766969659895
72.5924,72.5924,206.0,220.38178191262276,218.88515848355286,-36.20178191262276
72.6118,72.6118,216.0,220.40734274827133,218.8876231412236,-26.227342748271333
72.6313,72.6313,239.0,220.43366155674977,218.89015061736058,-3.253661556749769
72.6508,72.6508,224.0,220.4606313691796,218.89272835208257,-18.280631369179595
72.6702,72.6702,222.0,220.48812657066554,218.89534275566263,-20.308126570665543
72.6897,72.6897,251.0,220.51645097226358,218.8980207959392,8.663549027736416
72.7091,72.7091,221.0,220.54533477467052,218.9007350207307,-21.365334774670522
72.7286,72.7286,243.0,220.57510310371882,218.90351342651235,0.6048968962811827
72.748,72.748,242.0,220.60546744568487,218.9063275312675,-0.42546744568486616
72.7675,72.7675,221.0,220.63676753897727,218.90920636071297,-21.456767538977267
72.787,72.787,237.0,220.6688796710863,218.91213555239074,-5.488879671086302
72.8064,72.8064,203.0,220.70165481551396,218.91509971187213,-39.52165481551396
72.8259,72.8259,223.0,220.73546489643516,218.91812941115455,-19.55546489643516
72.8453,72.8453,202.0,220.76998452936178,218.92119358973426,-40.58998452936178
72.8648,72.8648,217.0,220.80560266013873,218.92432385028243,-25.625602660138732
72.8842,72.8842,211.0,220.84198926825462,218.92748810044955,-31.661989268254622
72.9037,72.9037,238.0,220.8795540366176,218.93071897412065,-4.699554036617606
72.9232,72.9232,242.0,220.9181477656726,218.934000302622,-0.7381477656725863
72.9426,72.9426,224.0,220.95759436337838,218.9373148834105,-18.777594363378377
72.9621,72.9621,257.0,220.99834171824088,218.94069689949131,14.18165828175912
72.9815,72.9815,261.0,221.0400164317209,218.94411167528153,18.139983568279114
73.001,73.001,223.0,221.0830912976597,218.94759442627029,-19.903091297659707
73.0204,73.0204,225.0,221.12716722019272,218.95110944324458,-17.947167220192718
73.0399,73.0399,227.0,221.17274455357935,218.95469297465283,-15.99274455357935
73.0594,73.0594,224.0,221.21964439053778,218.958327042363,-19.03964439053778
73.0788,73.0788,217.0,221.26767464127775,218.9619926327032,-26.08767464127775
73.0983,73.0983,210.0,221.3173856807625,218.9657275457398,-33.1373856807625
73.1177,73.1177,233.0,221.3683221107545,218.9694934848491,-10.188322110754491
73.1372,73.1372,217.0,221.42106894356613,218.97332928416373,-26.241068943566127
73.1566,73.1566,249.0,221.47514518944274,218.97719561187438,5.704854810557258
73.1761,73.1761,217.0,221.5311750508054,218.9811323365895,-26.351175050805388
73.1956,73.1956,253.0,221.58896449541737,218.98511966787527,9.591035504582628
73.215,73.215,214.0,221.64827100264714,218.98913677831698,-29.468271002647136
73.2345,73.2345,210.0,221.70978493036372,218.99322509029471,-33.529784930363725
73.2539,73.2539,213.0,221.77295315656437,218.99734268098467,-30.59295315656437
73.2734,73.2734,209.0,221.8385259584526,219.0015320081855,-34.65852595845261
73.2928,73.2928,228.0,221.90590705498684,219.00575011256225,-15.725907054986841
73.3123,73.3123,232.0,221.97589197082698,219.0100404876757,-11.795891970826979
73.3318,73.3318,253.0,222.04825576945652,219.01438152834885,9.131744230543482
73.3512,73.3512,237.0,222.1227041280422,219.01875059121363,-6.9427041280421875
73.3707,73.3707,242.0,222.20013524131699,219.02319272540973,-2.0201352413169857
73.3901,73.3901,219.0,222.27985743602184,219.02766237756126,-25.099857436021843
73.4096,73.4096,235.0,222.3628278507668,219.03220563334733,-9.182827850766792
73.429,73.429,230.0,222.44834119170315,219.03677590178677,-14.26834119170315
73.4485,73.4485,233.0,222.5374273025671,219.0414203053756,-11.357427302567096
73.468,73.468,220.0,222.62981010409297,219.04611542215667,-24.44981010409297
73.4874,73.4874,229.0,222.72513817863558,219.05083679100423,-15.545138178635575
73.5069,73.5069,228.0,222.82457640579145,219.05563309145157,-16.644576405791447
73.5263,73.5263,227.0,222.92730216411707,219.06045513603124,-17.747302164117066
73.5458,73.5458,198.0,223.03457697174233,219.06535264170395,-46.854576971742325
73.5652,73.5652,228.0,223.14550541005346,219.07027538253615,-16.96550541005346
73.5847,73.5847,228.0,223.26145998501315,219.0752741131267,-17.081459985013147
73.6042,73.6042,215.0,223.38211022872588,219.0803235931086,-30.20211022872588
73.6236,73.6236,205.0,223.50708038242345,219.0853975422032,-40.32708038242345
73.6431,73.6431,197.0,223.6379402545302,219.0905482731539,-48.45794025453021
73.6625,73.6625,197.0,223.77363467261893,219.0957229616805,-48.593634672618926
73.682,73.682,220.0,223.91588534440677,219.1009749586075,-25.735885344406775
73.7014,73.7014,218.0,224.0635639667658,219.1062504005622,-27.8835639667658
73.7209,73.7209,248.0,224.21858957045052,219.1116036765937,1.9614104295494812
73.7404,73.7404,225.0,224.38056738008427,219.11700772670554,-21.200567380084273
73.7598,73.7598,202.0,224.54907646892693,219.12243445048247,-44.36907646892693
73.7793,73.7793,223.0,224.72631501609084,219.1279397958717,-23.546315016090837
73.7987,73.7987,237.0,224.9109341918203,219.1334672998827,-9.730934191820303
73.8182,73.8182,199.0,225.10540935247226,219.13907394896128,-47.925409352472265
73.8376,73.8376,235.0,225.30827013952805,219.14470224063464,-12.128270139528048
73.8571,73.8571,247.0,225.5222439703882,219.1504101999228,-0.3422439703881892
73.8766,73.8766,186.0,225.74703121739972,219.1561689463936,-61.56703121739972
73.896,73.896,195.0,225.9820817649777,219.1619485589258,-52.80208176497769
73.9155,73.9155,209.0,226.23066320469454,219.16780862183523,-39.05066320469454
73.9349,73.9349,218.0,226.49102442099337,219.17368903235317,-30.31102442099337
73.9544,73.9544,238.0,226.76680212265725,219.17965041347418,-10.586802122657254
73.9738,73.9738,205.0,227.0562213038457,219.18563162279497,-43.87622130384569
73.9933,73.9933,207.0,227.36339418695127,219.19169432199604,-42.18339418695127
74.0128,74.0128,233.0,227.6880920018128,219.1978078098182,-16.508092001812805
74.0322,74.0322,243.0,228.0297862360527,219.20394034428233,-6.849786236052701
74.0517,74.0517,236.0,228.39348354860553,219.2101551464041,-14.21348354860553
74.0711,74.0711,246.0,228.77717221867803,219.21638847340324,-4.597172218678033
74.0906,74.0906,214.0,229.1863554907702,219.22270458491462,-37.00635549077021
74.11,74.11,252.0,229.61895427097073,219.22903869861088,0.5610457290292672
74.1295,74.1295,228.0,230.08151669328578,219.23545611268497,-23.901516693285778
74.149,74.149,227.0,230.57416163264227,219.24192430507824,-25.394161632642273
74.1684,74.1684,233.0,231.09693676529852,219.24840971322143,-19.916936765298523
74.1879,74.1879,232.0,231.6578241677635,219.25497919432175,-21.477824167763494
74.2073,74.2073,208.0,232.254412879427,219.26156536619416,-46.07441287942701
74.2268,74.2268,212.0,232.89639181560977,219.26823612436485,-42.716391815609775
74.2462,74.2462,252.0,233.5809488994105,219.27492304743012,-3.400948899410487
74.2657,74.2657,223.0,234.3196120042694,219.28169506910513,-33.1396120042694
74.2852,74.2852,253.0,235.11353557456445,219.28851784698014,-3.933535574564452
74.3046,74.3046,230.0,235.96370540912665,219.29535599858642,-27.783705409126647
74.3241,74.3241,227.0,236.8847917052649,219.30228001596922,-31.70479170526489
74.3435,74.3435,234.0,237.8736535879421,219.30921887899146,-25.6936535879421
74.363,74.363,237.0,238.94790114794617,219.3162441174749,-23.76790114794617
74.3824,74.3824,247.0,240.104123081197,219.32328367263483,-14.924123081197003
74.4019,74.4019,245.0,241.36302564909187,219.33041011187004,-18.183025649091867
74.4214,74.4214,235.0,242.72884702134448,219.33758727329203,-29.54884702134448
74.4408,74.4408,221.0,244.20389401802476,219.34477795564865,-45.023894018024755
74.4603,74.4603,208.0,245.8151606440329,219.3520562836193,-59.63516064403289
74.4797,74.4797,245.0,247.5580039776936,219.3593476014188,-24.378003977693602
74.4992,74.4992,245.0,249.46369859640095,219.36672707071682,-26.283698596400946
74.5186,74.5186,258.0,251.5273927727175,219.37411899789555,-15.347392772717491
74.5381,74.5381,203.0,253.78377531829926,219.38159958134528,-72.60377531829926
74.5576,74.5576,219.0,256.23856961902436,219.38913084099784,-59.05856961902436
74.577,74.577,235.0,258.89152880317675,219.3966737583618,-45.711528803176755
74.5965,74.5965,241.0,261.78349325329714,219.40430608769088,-42.60349325329714
74.6159,74.6159,275.0,264.8972263737039,219.41194954071238,-11.717226373703916
74.6354,74.6354,228.0,268.2707982432735,219.4196829076387,-62.090798243273476
74.6548,74.6548,242.0,271.8730183200036,219.42742686342524,-51.69301832000361
74.6743,74.6743,256.0,275.73539600093227,219.43526123390282,-41.55539600093227
74.6938,74.6938,232.0,279.82238294901185,219.44314622255155,-69.64238294901185
74.7132,74.7132,248.0,284.08264436689365,219.4510409956159,-57.90264436689365
74.7327,74.7327,290.0,288.50972079565076,219.45902693300272,-20.329720795650765
74.7521,74.7521,264.0,292.99225398359283,219.46702211797492,-50.81225398359283
74.7716,74.7716,252.0,297.4873656547678,219.4751089651189,-67.3073656547678
74.791,74.791,312.0,301.8399914575243,219.48320452223385,-11.65999145752432
74.8105,74.8105,308.0,305.9715023574969,219.49139223817483,-19.79150235749689
74.83,74.83,285.0,309.7261502896719,219.49963050213103,-46.54615028967192
74.8494,74.8494,249.0,312.963168351313,219.50787666749164,-85.78316835131301
74.8689,74.8689,301.0,315.60913450986743,219.51621573502808,-36.42913450986743
74.8883,74.8883,288.0,317.5632631957169,219.52456216442974,-51.3832631957169
74.9078,74.9078,279.0,318.8127181480007,219.53300198962015,-61.63271814800073
74.9272,74.9272,301.0,319.3543774625282,219.54144863638174,-40.17437746252819
74.9467,74.9467,295.0,319.242045842424,219.54998917130806,-46.06204584242398
74.9662,74.9662,298.0,318.5429484590493,219.55858017189246,-42.362948459049285
74.9856,74.9856,329.0,317.3501317993596,219.5671771815141,-10.170131799359588
75.0051,75.0051,290.0,315.72877208700527,219.57586881614836,-47.54877208700527
75.0245,75.0245,294.0,313.76186265168985,219.584565917675,-41.58186265168985
75.044,75.044,322.0,311.4751576325546,219.5933581334436,-11.295157632554613
75.0634,75.0634,345.0,308.9182972436936,219.60215527323456,14.261702756306413
75.0829,75.0829,334.0,306.0846773227054,219.61104801521788,6.095322677294625
75.1023,75.1023,307.0,303.0151938741482,219.6199451376368,-17.835193874148224
75.1218,75.1218,319.0,299.6973040926003,219.62893834890733,-2.517304092600291
75.1413,75.1413,305.0,296.17705462239553,219.63798190190747,-12.997054622395531
75.1607,75.1607,310.0,292.51451121179605,219.64702901793763,-4.334511211796048
75.1802,75.1802,256.0,288.7267847737018,219.65617295098312,-54.54678477370181
75.1996,75.1996,292.0,284.91045476893174,219.6653199017167,-14.730454768931743
75.2191,75.2191,314.0,281.08598549542336,219.6745641528424,11.094014504576641
75.2385,75.2385,292.0,277.3475492009156,219.6838108756276,-7.16754920091558
75.258,75.258,313.0,273.7029168956224,219.69315538084817,17.477083104377577
75.2775,75.2775,311.0,270.2093341016185,219.70255011726596,18.97066589838152
75.2969,75.2969,275.0,266.90908041816584,219.71194650432784,-13.729080418165843
75.3164,75.3164,264.0,263.7843808038839,219.72144139497917,-21.604380803883892
75.3358,75.3358,294.0,260.87504151066605,219.7309373885659,11.304958489333949
75.3553,75.3553,280.0,258.1518659955656,219.74053236439667,0.028134004434427595
75.3747,75.3747,275.0,255.6396027501595,219.7501278947975,-2.4596027501594975
75.3942,75.3942,279.0,253.30447587872965,219.7598228847206,3.8755241212703524
75.4137,75.4137,281.0,251.15022135701895,219.76956798285494,8.02977864298105
75.4331,75.4331,264.0,249.17504176627136,219.77931281109272,-6.995041766271363
75.4526,75.4526,246.0,247.34742011588145,219.78915781277314,-23.16742011588145
75.472,75.472,270.0,245.67398218419038,219.79900199458723,2.5060178158096207
75.4915,75.4915,267.0,244.12586868126652,219.8089468236266,1.054131318733475
75.5109,75.5109,238.0,242.70783538783894,219.81889028220363,-26.52783538783894
75.5304,75.5304,225.0,241.3950554489349,219.82893486036954,-38.2150554489349
75.5499,75.5499,257.0,240.18524735339219,219.83902941123057,-5.0052473533921855
75.5693,75.5693,252.0,239.07480937854262,219.8491217638709,-8.894809378542625
75.5888,75.5888,225.0,238.04402005616774,219.8593159425614,-34.86402005616774
75.6082,75.6082,243.0,237.0958665487066,219.86950737090703,-15.915866548706596
75.6277,75.6277,248.0,236.21388163402875,219.8798010940633,-10.033881634028752
75.6471,75.6471,229.0,235.40081049675484,219.89009151415482,-28.220810496754844
75.6666,75.6666,237.0,234.642588076891,219.9004846963553,-19.462588076891002
75.6861,75.6861,227.0,233.93832040608987,219.9109277031278,-28.758320406089872
75.7055,75.7055,231.0,233.28677220876887,219.9213665759462,-24.106772208768867
75.725,75.725,254.0,232.67692215531542,219.9319089096494,-0.49692215531542416
75.7444,75.7444,244.0,232.11126936956262,219.94244655522735,-9.93126936956262
75.7639,75.7639,266.0,231.58054063613938,219.95308812527716,12.599459363860625
75.7833,75.7833,260.0,231.0870970790126,219.96372445246564,7.092902920987392
75.8028,75.8028,251.0,230.62298145597669,219.9744651662076,-1.4429814559766854
75.8223,75.8223,256.0,230.18838782259772,219.9852555437147,3.9916121774022812
75.8417,75.8417,236.0,229.78296506215784,219.99603984450212,-15.602965062157843
75.8612,75.8612,286.0,229.40043467719673,220.00692922270585,34.77956532280327
75.8806,75.8806,230.0,229.0427923953898,220.01781196807983,-20.862792395389796
75.9001,75.9001,213.0,228.7047098728857,220.02880024913188,-37.5247098728857
75.9195,75.9195,237.0,228.38804787082756,220.03978134071025,-13.208047870827563
75.939,75.939,243.0,228.08810798656395,220.0508684246796,-6.908107986563955
75.9585,75.9585,220.0,227.80525305356866,220.06200499884656,-29.625253053568663
75.9779,75.9779,220.0,227.53958487381604,220.07313354687577,-29.35958487381604
75.9974,75.9974,238.0,227.2873321493686,220.08436877001674,-11.10733214936861
76.0168,76.0168,207.0,227.0500576215748,220.0955954090799,-41.87005762157481
76.0363,76.0363,248.0,226.82439246241867,220.10692917603865,-0.6443924624186721
76.0557,76.0557,255.0,226.61178026470006,220.118253800477,6.568219735299941
76.0752,76.0752,210.0,226.40931329297305,220.12968600400217,-38.22931329297305
76.0947,76.0947,217.0,226.21736418800705,220.14116751132013,-31.037364188007054
76.1141,76.1141,223.0,226.03618497715277,220.15263903681205,-24.856184977152772
76.1336,76.1336,206.0,225.86329571668347,220.16421881573967,-41.68329571668347
76.153,76.153,223.0,225.6998860074635,220.17578805318098,-24.519886007463505
76.1725,76.1725,258.0,225.54379916315952,220.1874659912104,10.63620083684048
76.1919,76.1919,220.0,225.39612958673433,220.19913282762212,-27.216129586734333
76.2114,76.2114,214.0,225.2549061965062,220.21090881013788,-33.0749061965062
76.2309,76.2309,215.0,225.1204769700209,220.2227338971274,-31.94047697002089
76.2503,76.2503,250.0,224.9931307601798,220.23454704071773,3.18686923982019
76.2698,76.2698,236.0,224.87117663570842,220.2464699961577,-10.691176635708423
76.2892,76.2892,218.0,224.75553092221475,220.2583804469284,-28.575530922214746
76.3087,76.3087,233.0,224.64468782630502,220.2704011509156,-13.464687826305017
76.3281,76.3281,263.0,224.53948735908656,220.28240878852426,16.640512640913435
76.3476,76.3476,218.0,224.4385949596129,220.29452711903525,-28.258594959612914
76.3671,76.3671,205.0,224.3423029719856,220.30669434171017,-41.16230297198559
76.3865,76.3865,214.0,224.2508289760606,220.31884765391564,-32.070828976060604
76.406,76.406,227.0,224.16300724258048,220.33111231593372,-18.983007242580477
76.4254,76.4254,202.0,224.07952530183377,220.34336250471395,-43.89952530183377
76.4449,76.4449,242.0,223.9993442228939,220.3557244787328,-3.8193442228939105
76.4643,76.4643,191.0,223.9230980893307,220.3680714163381,-54.743098089330694
76.4838,76.4838,236.0,223.84982754114785,220.38053057288272,-9.669827541147846
76.5033,76.5033,221.0,223.77976888466983,220.39303839621374,-24.599768884669835
76.5227,76.5227,225.0,223.7131009192666,220.40553033689878,-20.533100919266595
76.5422,76.5422,246.0,223.6490078392955,220.41813514436444,0.5309921607044927
76.5616,76.5616,237.0,223.58800779244228,220.43072350502945,-8.408007792442284
76.5811,76.5811,229.0,223.52934457010048,220.44342516180447,-16.349344570100477
76.6005,76.6005,260.0,223.47348859230024,220.45610980724896,14.706511407699757
76.62,76.62,204.0,223.41977353294106,220.46890817636304,-41.239773532941065
76.6395,76.6395,228.0,223.36837287905277,220.4817549737414,-17.18837287905277
76.6589,76.6589,215.0,223.31943655767338,220.4945839115844,-30.139436557673385
76.6784,76.6784,221.0,223.2723557646371,220.5075272116345,-24.092355764637098
76.6978,76.6978,244.0,223.22753874798758,220.5204520867212,-1.0475387479875806
76.7173,76.7173,219.0,223.18443187271734,220.53349174709115,-26.00443187271734
76.7367,76.7367,219.0,223.1433955550454,220.54651241672676,-25.963395555045402
76.7562,76.7562,223.0,223.10392901513683,220.55964829290707,-21.923929015136828
76.7757,76.7757,248.0,223.06617243009484,220.57283234560833,3.113827569905162
76.7951,76.7951,248.0,223.03024967815895,220.58599655756828,3.149750321841047
76.8146,76.8146,231.0,222.99571902110208,220.5992766050708,-13.815719021102076
76.834,76.834,220.0,222.96287160830698,220.61253624524414,-24.782871608306984
76.8535,76.8535,222.0,222.9313094428581,220.62591213762562,-22.751309442858094
76.8729,76.8729,225.0,222.90129864768303,220.63926705577995,-19.721298647683035
76.8924,76.8924,231.0,222.87248322835637,220.65273864094806,-13.692483228356373
76.9119,76.9119,245.0,222.84496921706747,220.66625813759586,0.3350307829325274
76.9313,76.9313,214.0,222.81883686638687,220.67975580837853,-30.638836866386875
76.9508,76.9508,210.0,222.79377068900004,220.6933707653963,-34.61377068900004
76.9702,76.9702,215.0,222.7699827263187,220.70696332891583,-29.589982726318688
76.9897,76.9897,226.0,222.74719145054385,220.72067358876726,-18.567191450543852
77.0091,77.0091,227.0,222.72558944125132,220.73436088720987,-17.545589441251316
77.0286,77.0286,221.0,222.70491021676813,220.74816629017596,-23.524910216768127
77.0481,77.0481,242.0,222.68524174530546,220.76201932620543,-2.5052417453054616
77.0675,77.0675,231.0,222.6666360985073,220.77584854773005,-13.486636098507297
77.087,77.087,218.0,222.6488689578697,220.7897964829844,-26.468868957869695
77.1064,77.1064,240.0,222.6320924139205,220.80372003517067,-4.452092413920504
77.1259,77.1259,251.0,222.61609880748122,220.81776270445556,6.563901192518777
77.1453,77.1453,220.0,222.60103107388073,220.83178042186492,-24.421031073880734
77.1648,77.1648,228.0,222.5867030187895,220.84591765779112,-16.406703018789507
77.1843,77.1843,192.0,222.57316597611106,220.86010223491292,-52.39316597611106
77.2037,77.2037,231.0,222.56046001279825,220.87426100577858,-13.380460012798245
77.2232,77.2232,254.0,222.54842586109618,220.8885398941129,9.631574138903822
77.2426,77.2426,212.0,222.53717058061315,220.90279240681383,-32.35717058061315
77.2621,77.2621,214.0,222.52655292372035,220.91716543346504,-30.346552923720346
77.2815,77.2815,235.0,222.5166596688751,220.9315115148944,-9.336659668875093
77.301,77.301,235.0,222.50736796106094,220.94597850475884,-9.327367961060936
77.3205,77.3205,243.0,222.4987092119996,220.96049253042258,-1.3187092119995967
77.3399,77.3399,228.0,222.49070921691867,220.97497875537454,-16.310709216918674
77.3594,77.3594,230.0,222.48326545136996,220.98958647721838,-14.30326545136996
77.3788,77.3788,241.0,222.47643511383868,221.00416582827586,-3.296435113838676
77.3983,77.3983,236.0,222.47012951591938,221.01886706565864,-8.290129515919382
77.4177,77.4177,233.0,222.464402344171,221.03353936200287,-11.284402344170992
77.4372,77.4372,235.0,222.4591762288956,221.04833393206317,-9.279176228895587
77.4567,77.4567,241.0,222.45446813031168,221.0631752189214,-3.274468130311682
77.4761,77.4761,210.0,222.45028302618053,221.07798670831764,-34.27028302618053
77.4956,77.4956,244.0,222.44656343824175,221.09292104915,-0.26656343824175366
77.515,77.515,230.0,222.44333418107047,221.10782502186615,-14.26333418107047
77.5345,77.5345,212.0,222.44055110550332,221.1228522282423,-32.26055110550332
77.5539,77.5539,215.0,222.43823032750095,221.13784849570428,-29.258230327500947
77.5734,77.5734,224.0,222.43633291651784,221.15296837696127,-20.25633291651784
77.5929,77.5929,207.0,222.4348655579354,221.16813464233292,-37.25486555793541
77.6123,77.6123,219.0,222.43381855048375,221.18326911161063,-25.25381855048375
77.6318,77.6318,208.0,222.4331701731683,221.19852776142375,-36.25317017316829
77.6512,77.6512,215.0,222.43291810944638,221.21375404402752,-29.252918109446377
77.6707,77.6707,234.0,222.43304722381745,221.22910488201907,-10.253047223817454
77.6901,77.6901,209.0,222.433550711984,221.24442278157588,-35.253550711984
77.7096,77.7096,230.0,222.43442312416053,221.2598656092375,-14.254423124160532
77.7291,77.7291,225.0,222.43565231708794,221.27535447457151,-19.255652317087943
77.7485,77.7485,215.0,222.43722231102234,221.29080954371352,-29.25722231102234
77.768,77.768,209.0,222.4391386109694,221.30639009647672,-35.259138610969394
77.7874,77.7874,227.0,222.4413771782207,221.3219362815903,-17.261377178220705
77.8069,77.8069,220.0,222.44395189583838,221.33760831764295,-24.26395189583838
77.8263,77.8263,225.0,222.4468263053925,221.35324541451263,-19.266826305392506
77.8458,77.8458,238.0,222.45002738259092,221.36900872745727,-6.270027382590918
77.8652,77.8652,220.0,222.4535127788053,221.38473652961974,-24.273512778805305
77.8847,77.8847,230.0,222.45731157001853,221.40059091079777,-14.277311570018533
77.9042,77.9042,232.0,222.46140094281623,221.41649086392104,-12.281400942816227
77.9236,77.9236,232.0,222.4657504902327,221.43235444802622,-12.285750490232694
77.9431,77.9431,244.0,222.47039889086204,221.44834515187327,-0.2903988908620434
77.9625,77.9625,237.0,222.47529224693332,221.46429891498113,-7.295292246933322
77.982,77.982,231.0,222.48047644032746,221.4803801552216,-13.300476440327465
78.0014,78.0014,227.0,222.485892734712,221.4964238829704,-17.305892734711996
78.0209,78.0209,187.0,222.49158963863422,221.51259544300044,-57.311589638634224
78.0404,78.0404,237.0,222.49753763564348,221.5288121967981,-7.3175376356434825
78.0598,78.0598,223.0,222.50369737099288,221.5449905797028,-21.323697370992882
78.0793,78.0793,244.0,222.51012739939273,221.5612973238287,-0.3301273993927296
78.0987,78.0987,246.0,222.5167575806602,221.57756512527374,1.6632424193398023
78.1182,78.1182,215.0,222.52365028309956,221.59396163742093,-29.343650283099556
78.1376,78.1376,209.0,222.53073259710573,221.6103186351026,-35.350732597105726
78.1571,78.1571,199.0,222.53807235874697,221.62680469067809,-45.35807235874697
78.1766,78.1766,244.0,222.5456284447618,221.64333554783258,-0.36562844476180345
78.196,78.196,218.0,222.5533572941787,221.65982603213735,-26.37335729417871
78.2155,78.2155,214.0,222.56133309214445,221.67644609124144,-30.38133309214445
78.2349,78.2349,188.0,222.56947263245095,221.69302520576286,-56.38947263245095
78.2544,78.2544,226.0,222.57785495724542,221.70973423648934,-18.39785495724542
78.2738,78.2738,220.0,222.58639015756742,221.7264017509382,-24.406390157567422
78.2933,78.2933,200.0,222.59516165420692,221.74319952066122,-44.41516165420692
78.3128,78.3128,240.0,222.60412452594144,221.76004168568673,-4.424124525941444
78.3322,78.3322,226.0,222.6132275727319,221.7768414762511,-18.433227572731887
78.3517,78.3517,242.0,222.6225610285826,221.7937720267114,-2.4425610285825954
78.3711,78.3711,226.0,222.63202581349503,221.8106596311549,-18.452025813495034
78.3906,78.3906,231.0,222.64171633392687,221.82767832865872,-13.461716333926866
78.41,78.41,222.0,222.6515299831438,221.84465350866338,-22.471529983143803
78.4295,78.4295,221.0,222.66156601029857,221.86176011250808,-23.48156601029857
78.449,78.449,224.0,222.67177143599426,221.87891069121437,-20.49177143599426
78.4684,78.4684,213.0,222.68208804895207,221.89601689462322,-31.502088048952068
78.4879,78.4879,230.0,222.69262217991573,221.91325501396,-14.51262217991573
78.5073,78.5073,237.0,222.70326167258608,221.93044818674457,-7.523261672586081
78.5268,78.5268,232.0,222.71411374347534,221.94777360021266,-12.534113743475338
78.5462,78.5462,207.0,222.7250648305904,221.9650534959825,-37.54506483059041
78.5657,78.5657,225.0,222.73622468257184,221.98246595475916,-19.556224682571845
78.5852,78.5852,206.0,222.74753653682453,221.999921953715,-38.56753653682453
78.6046,78.6046,211.0,222.75893776953566,222.0173315777452,-33.57893776953566
78.6241,78.6241,211.0,222.7705436873735,222.03487424408473,-33.590543687373504
78.6435,78.6435,226.0,222.78223360291562,222.0523699646687,-18.602233602915625
78.663,78.663,215.0,222.79412478746374,222.0699990437412,-29.614124787463744
78.6824,78.6824,202.0,222.80609480869668,222.0875806063724,-42.626094808696685
78.7019,78.7019,236.0,222.81826447515135,222.10529584119098,-8.638264475151352
78.7214,78.7214,248.0,222.8305699866762,222.12305416718803,3.34943001332379
78.7408,78.7408,223.0,222.84294524126398,222.14076412027484,-21.662945241263976
78.7603,78.7603,200.0,222.8555165869621,222.15860821181303,-44.6755165869621
78.7797,78.7797,223.0,222.868153328228,222.17640336016075,-21.688153328228005
78.7992,78.7992,226.0,222.88098369234123,222.19433295439404,-18.700983692341232
78.8186,78.8186,207.0,222.89387412815233,222.21221303533667,-37.713874128152334
78.8381,78.8381,201.0,222.90695587562377,222.23022786707025,-43.726955875623766
78.8576,78.8576,222.0,222.9201608427231,222.24828532658685,-22.740160842723107
78.877,78.877,223.0,222.93341979481562,222.26629241729023,-21.75341979481562
78.8965,78.8965,233.0,222.9468674160923,222.28443471175652,-11.766867416092289
78.9159,78.9159,228.0,222.9603632351607,222.30252606780468,-16.780363235160713
78.9354,78.9354,217.0,222.974046630415,222.32075292613547,-27.79404663041499
78.9548,78.9548,224.0,222.9877747653776,222.3389282766594,-20.807774765377594
78.9743,78.9743,198.0,223.00168783850427,222.35723942540832,-46.82168783850427
78.9938,78.9938,196.0,223.0157134168727,222.375592724073,-48.8357134168727
79.0132,79.0132,246.0,223.0297786110315,222.39389366054417,1.1502213889684967
79.0327,79.0327,216.0,223.0440266488345,222.41233083466486,-28.86402664883449
79.0521,79.0521,241.0,223.05830968043327,222.43071507778913,-3.8783096804332686
79.0716,79.0716,222.0,223.07277364831555,222.44923584799798,-22.892773648315547
79.091,79.091,238.0,223.08726946410053,222.4677031186597,-6.90726946410053
79.1105,79.1105,233.0,223.10194440728566,222.48630720321492,-11.921944407285658
79.13,79.13,247.0,223.1167241735814,222.50495294527008,2.063275826418611
79.1494,79.1494,234.0,223.13153021717508,222.523544334718,-10.951530217175083
79.1689,79.1689,207.0,223.1465140371869,222.54227296368038,-37.966514037186904
79.1883,79.1883,222.0,223.1615206339213,222.56094667216163,-22.9815206339213
79.2078,79.2078,215.0,223.17670410149648,222.5797579003367,-29.996704101496483
79.2272,79.2272,200.0,223.19190773706777,222.59851364044556,-45.011907737067766
79.2467,79.2467,199.0,223.20728701775192,222.61740717775254,-46.027287017751924
79.2662,79.2662,227.0,223.22276240472726,222.63634186551832,-18.042762404727263
79.2856,79.2856,232.0,223.23825298480364,222.655220213676,-13.058252984803637
79.3051,79.3051,204.0,223.2539177690767,222.6742367705917,-41.07391776907671
79.3245,79.3245,210.0,223.26959515339516,222.69319642108255,-35.08959515339516
79.344,79.344,232.0,223.28544569131182,222.71229455108335,-13.105445691311822
79.3634,79.3634,228.0,223.30130523485377,222.73133520816802,-17.12130523485377
79.3829,79.3829,236.0,223.31733763963985,222.75051461279028,-9.137337639639846
79.4024,79.4024,208.0,223.33345958025643,222.76973464612817,-37.15345958025643
79.4218,79.4218,207.0,223.3495872438491,222.78889635671928,-38.1695872438491
79.4413,79.4413,215.0,223.3658853743977,222.80819721208817,-30.185885374397692
79.4607,79.4607,228.0,223.38218695613975,222.82743917907948,-17.202186956139748
79.4802,79.4802,217.0,223.39865881155475,222.8468205520004,-28.218658811554754
79.4996,79.4996,248.0,223.4151310770748,222.8661424712754,2.76486892292521
79.5191,79.5191,220.0,223.43177260477427,222.8856040548583,-25.251772604774267
79.5386,79.5386,202.0,223.44849848379934,222.90510573063477,-43.26849848379934
79.558,79.558,239.0,223.46522060079056,222.92454710483997,-6.285220600790559
79.5775,79.5775,232.0,223.48211183813723,222.94412852601377,-13.302111838137229
79.5969,79.5969,213.0,223.49899745877687,222.96364908130096,-32.31899745877687
79.6164,79.6164,197.0,223.51605092428719,222.98330993493533,-48.336050924287186
79.6358,79.6358,211.0,223.53309669741253,223.0029093587674,-34.35309669741253
79.6553,79.6553,238.0,223.55030952519007,223.02264932950183,-7.370309525190073
79.6748,79.6748,242.0,223.56760181285483,223.04242884105213,-3.3876018128548324
79.6942,79.6942,206.0,223.584883043612,223.06214607697552,-39.404883043611996
79.7137,79.7137,210.0,223.58766138547696,223.0820042276215,-35.40766138547696
79.7331,79.7331,226.0,223.60511586999164,223.10179953977115,-19.425115869991636
79.7526,79.7526,222.0,223.6227361471993,223.12173600807444,-23.442736147199305
79.772,79.772,228.0,223.64034158193175,223.14160907544903,-17.46034158193175
79.7915,79.7915,203.0,223.65811279897153,223.16162353753515,-42.47811279897153
79.811,79.811,233.0,223.67595843207548,223.18167697412693,-12.495958432075476
79.8304,79.8304,212.0,223.69378567397825,223.20166616626258,-33.513785673978255
79.8499,79.8499,230.0,223.70444378576013,223.22179710582728,-15.524443785760134
79.8693,79.8693,222.0,223.72242627582847,223.2418632396435,-23.54242627582847
79.8888,79.8888,205.0,223.7405731250215,223.26207135219735,-40.56057312502151
79.9082,79.9082,221.0,223.7586983512866,223.28221409818505,-24.578698351286597
79.9277,79.9277,212.0,223.776988023113,223.30249905129583,-33.596988023113006
79.9472,79.9472,214.0,223.79534816951337,223.32282239759292,-31.615348169513375
79.9666,79.9666,222.0,223.81368368837997,223.34307953629124,-23.633683688379968
79.9861,79.9861,236.0,223.83218321381884,223.36347921946412,-9.652183213818837
80.0055,80.0055,228.0,223.85065599799478,223.38381213545492,-17.67065599799478
80.025,80.025,221.0,223.86929287958097,223.40428781693083,-24.689292879580968
80.0444,80.0444,227.0,223.88790158187496,223.42469617215383,-18.707901581874957
80.0639,80.0639,210.0,223.90667359205983,223.4452475108989,-35.72667359205983
80.0834,80.0834,232.0,223.92551244117413,223.46583664642492,-13.745512441174135
80.1028,80.1028,224.0,223.9443211652849,223.48635761735915,-21.76432116528489
80.1223,80.1223,229.0,223.96329298475564,223.50702189353638,-16.78329298475564
80.1417,80.1417,210.0,223.9822326617041,223.52761744738027,-35.8022326617041
80.1612,80.1612,245.0,224.00133492680766,223.5483565170031,-0.8213349268076584
80.1806,80.1806,197.0,224.02040362837727,223.56902630710164,-48.84040362837727
80.2001,80.2001,228.0,224.03963494497407,223.58983982049094,-17.85963494497407
80.2196,80.2196,200.0,224.0589305168008,223.61069051909305,-45.878930516800814
80.239,80.239,241.0,224.07819000662354,223.6314711027257,-4.898190006623544
80.2585,80.2585,218.0,224.09761188574154,223.65239571547374,-27.917611885741543
80.2779,80.2779,225.0,224.11699631064167,223.67324965748605,-20.936996310641668
80.2974,80.2974,231.0,224.13654295581125,223.69424782849794,-14.956542955811251
80.3168,80.3168,193.0,224.15605103143213,223.71517477359666,-52.97605103143213
80.3363,80.3363,228.0,224.1757207817222,223.73624614450415,-17.99572078172219
80.3558,80.3558,242.0,224.19545211369655,223.75735407381674,-4.015452113696547
80.3752,80.3752,208.0,224.2151425812877,223.77838994486595,-38.035142581287694
80.3947,80.3947,223.0,224.2349948587146,223.79957053138534,-23.0549948587146
80.4141,80.4141,242.0,224.25480487606185,223.8206785059848,-4.0748048760618545
80.4336,80.4336,210.0,224.27477682735676,223.84193138510867,-36.09477682735676
80.453,80.453,216.0,224.29470490950598,223.8631110992833,-30.11470490950598
80.4725,80.4725,215.0,224.3147949738702,223.88443590391057,-31.134794973870193
80.492,80.492,234.0,224.33494358040653,223.90579662481883,-12.154943580406531
80.5114,80.5114,233.0,224.35504697214694,223.92708335172495,-13.175046972146937
80.5309,80.5309,219.0,224.37531150829224,223.94851544231403,-27.195311508292242
80.5503,80.5503,217.0,224.3955296692014,223.96987298748905,-29.21552966920141
80.5698,80.5698,209.0,224.41590931829583,223.99137607439243,-37.23590931829583
80.5892,80.5892,222.0,224.43624103330833,224.01280406513592,-24.256241033308335
80.6087,80.6087,249.0,224.4567338340186,224.03437777247603,2.723266165981407
80.6281,80.6281,233.0,224.4771780617809,224.05587583358735,-13.297178061780905
80.6476,80.6476,255.0,224.49778313720344,224.07751978297193,8.682216862796558
80.6671,80.6671,216.0,224.51844434125653,224.0991988004904,-30.338444341256526
80.6865,80.6865,214.0,224.53905458059933,224.12080134726557,-32.35905458059933
80.706,80.706,251.0,224.55982617748157,224.14255003402434,4.6201738225184315
80.7254,80.7254,244.0,224.58054553720095,224.1642217017134,-2.400545537200948
80.7449,80.7449,200.0,224.6014262607214,224.1860396730145,-46.42142626072141
80.7643,80.7643,232.0,224.6222539672377,224.20778007763573,-14.442253967237697
80.7838,80.7838,240.0,224.64324266687441,224.2296669462541,-6.4632426668744145
80.8033,80.8033,233.0,224.6642854361294,224.25158820558678,-13.484285436129404
80.8227,80.8227,198.0,224.68527328735988,224.2734310774895,-48.50527328735988
80.8422,80.8422,234.0,224.70642244759628,224.29542064805133,-12.526422447596282
80.8616,80.8616,227.0,224.7275155495793,224.3173312854132,-19.547515549579295
80.8811,80.8811,228.0,224.7487701828818,224.3393887736421,-18.5687701828818
80.9005,80.9005,210.0,224.76996745075508,224.36136678365662,-36.589967450755076
80.92,80.92,211.0,224.79132633258578,224.3834917934511,-35.61132633258578
80.9395,80.9395,249.0,224.81273696515777,224.40565050097166,2.3672630348422317
80.9589,80.9589,241.0,224.8340892505111,224.42772891349833,-5.654089250511113
80.9784,80.9784,224.0,224.8556025378538,224.44995454314665,-22.6756025378538
80.9978,80.9978,221.0,224.87705648428854,224.47209933472504,-25.697056484288545
81.0173,81.0173,253.0,224.89867187775178,224.49439148403133,6.281328122248219
81.0367,81.0367,233.0,224.9202266447802,224.51660225298667,-13.7402266447802
81.0562,81.0562,220.0,224.94194277702252,224.53896051692897,-26.76194277702252
81.0757,81.0757,260.0,224.96370886963138,224.56135176996366,13.216291130368624
81.0951,81.0951,204.0,224.98541315244978,224.5836608300462,-42.80541315244978
81.1146,81.1146,229.0,225.00727897671862,224.60611758486368,-17.827278976718624
81.134,81.134,211.0,225.02908164340812,224.6284916064857,-35.84908164340812
81.1535,81.1535,228.0,225.0510459321373,224.6510134516648,-18.8710459321373
81.1729,81.1729,246.0,225.07294612553773,224.67345202423962,-0.8929461255377262
81.1924,81.1924,231.0,225.09500784174855,224.69603854579427,-15.915007841748555
81.2119,81.2119,226.0,225.11711836896907,224.7186573320855,-20.937118368969074
81.2313,81.2313,244.0,225.13916328785393,224.74119203755785,-2.959163287853933
81.2508,81.2508,217.0,225.16137010584197,224.76387487389044,-29.981370105841968
81.2702,81.2702,213.0,225.1835105506762,224.7864730921326,-34.003510550676204
81.2897,81.2897,246.0,225.2058126483742,224.80921955808998,-1.025812648374206
81.3091,81.3091,233.0,225.2280477991175,224.83188086955985,-14.04804779911749
81.3286,81.3286,234.0,225.25044453215304,224.85469054214826,-13.07044453215304
81.3481,81.3481,255.0,225.2728885007671,224.8775317393184,7.907111499232904
81.3675,81.3675,202.0,225.29526379897936,224.900286978383,-45.11526379897936
81.387,81.387,221.0,225.31780103635467,224.9231907423032,-26.137801036354666
81.4064,81.4064,195.0,225.34026909604663,224.9460080139582,-52.160269096046626
81.4259,81.4259,217.0,225.36289884695438,224.96897391517285,-30.18289884695438
81.4453,81.4453,217.0,225.38545851410905,224.9918527908772,-30.205458514109047
81.4648,81.4648,228.0,225.4081803666172,225.01488039734107,-19.228180366617188
81.4843,81.4843,219.0,225.43094782734966,225.03793877235606,-28.250947827349655
81.5037,81.5037,227.0,225.45364386805855,225.06090932305017,-20.27364386805855
81.5232,81.5232,250.0,225.47650199646782,225.08402874982102,2.7034980035321823
81.5426,81.5426,212.0,225.49928786277965,225.10705982136392,-35.31928786277965
81.5621,81.5621,208.0,225.52223618524502,225.13023986135218,-39.34223618524502
81.5815,81.5815,218.0,225.5451111288157,225.15333101616048,-29.365111128815705
81.601,81.601,231.0,225.56814864433593,225.1765712282256,-16.388148644335935
81.6205,81.6205,234.0,225.59123035736513,225.19984143685883,-13.411230357365135
81.6399,81.6399,218.0,225.61423788393972,225.22302196652103,-29.434237883939723
81.6594,81.6594,209.0,225.63740804499625,225.24635168005966,-38.45740804499625
81.6788,81.6788,217.0,225.6605028353208,225.2695911871146,-30.480502835320813
81.6983,81.6983,220.0,225.68376049667302,225.29297995789372,-27.503760496673017
81.7177,81.7177,229.0,225.7069420833096,225.31627799567195,-18.5269420833096
81.7372,81.7372,260.0,225.73028644529322,225.3397253734121,12.449713554706783
81.7567,81.7567,203.0,225.75367425757204,225.36320195970765,-44.573674257572044
81.7761,81.7761,215.0,225.77698480444658,225.38658702444445,-32.596984804446585
81.7956,81.7956,253.0,225.8004583253894,225.4101215367858,5.3795416746106
81.815,81.815,237.0,225.82385380221137,225.43356400359227,-10.643853802211375
81.8345,81.8345,255.0,225.84741246095146,225.4571559851442,7.332587539048539
81.8539,81.8539,238.0,225.8708926365147,225.48065539822144,-9.690892636514697
81.8734,81.8734,187.0,225.89453571367687,225.50430438952156,-60.714535713676874
81.8929,81.8929,238.0,225.9182212074057,225.52798178525856,-9.738221207405708
81.9123,81.9123,216.0,225.94182679067126,225.55156582941055,-31.761826790671257
81.9318,81.9318,211.0,225.96559591987813,225.57529954017116,-36.785595919878126
81.9512,81.9512,233.0,225.98928440196107,225.59893937905045,-14.809284401961072
81.9707,81.9707,239.0,226.01313630504092,225.62272893878546,-8.833136305040917
81.9901,81.9901,211.0,226.03690727839646,225.64642410742024,-36.856907278396456
82.0096,82.0096,250.0,226.06084143857228,225.67026904744068,2.1191585614277173
82.0291,82.0291,229.0,226.0848171408403,225.6941415715965,-18.9048171408403
82.0485,82.0485,222.0,226.10871056142383,225.71791892720503,-25.928710561423834
82.068,82.068,240.0,226.1327676898357,225.7418461230466,-7.952767689835703
82.0874,82.0874,227.0,226.15674163982249,225.7656776338684,-20.976741639822485
82.1069,82.1069,237.0,226.18087991192164,225.7896590260887,-11.000879911921636
82.1263,82.1263,226.0,226.2049343483374,225.81354421793546,-22.02493434833739
82.1458,82.1458,237.0,226.22915259926936,225.8375793285754,-11.049152599269355
82.1653,82.1653,226.0,226.25341153596074,225.86164118678948,-22.073411535960737
82.1847,82.1847,217.0,226.27758551302688,225.885606073063,-31.09758551302688
82.2042,82.2042,211.0,226.30192381013617,225.90972092715617,-37.121923810136174
82.2236,82.2236,249.0,226.32617666526184,225.93373829680482,0.8538233347381592
82.2431,82.2431,225.0,226.3505940450065,225.95790566216866,-23.17059404500649
82.2625,82.2625,259.0,226.37492507103659,225.98197503174399,10.805074928963414
82.282,82.282,222.0,226.39942127817886,226.0061944211052,-26.219421278178864
82.3015,82.3015,239.0,226.42395641802779,226.0304397051429,-9.243956418027786
82.3209,82.3209,230.0,226.4484045726233,226.05458622792332,-18.268404572623304
82.3404,82.3404,248.0,226.4730171959827,226.0788827994115,-0.29301719598269216
82.3598,82.3598,234.0,226.49754273471248,226.1030801012525,-14.317542734712482
82.3793,82.3793,214.0,226.52223299159488,226.1274274662373,-34.34223299159488
82.3987,82.3987,216.0,226.54683483936375,226.15167505438683,-32.366834839363754
82.4182,82.4182,239.0,226.57160181388943,226.17607271623731,-9.39160181388943
82.4377,82.4377,228.0,226.59640737785926,226.2004954034534,-20.416407377859265
82.4571,82.4571,222.0,226.62112320450458,226.22481755468286,-26.441123204504585
82.4766,82.4766,246.0,226.64600501656707,226.24928978814552,-2.466005016567074
82.496,82.496,223.0,226.67079665071734,226.27366098149204,-25.490796650717336
82.5155,82.5155,184.0,226.69575390265737,226.29818225785849,-64.51575390265737
82.5349,82.5349,216.0,226.72062032004325,226.32260199122302,-32.54062032004325
82.5544,82.5544,255.0,226.74565287341997,226.3471718044608,6.434347126580029
82.5739,82.5739,212.0,226.77072281942282,226.37176575726315,-36.590722819422815
82.5933,82.5933,200.0,226.79570102219404,226.39625741445013,-48.61570102219404
82.6128,82.6128,227.0,226.8208455631405,226.4208991393669,-21.640845563140495
82.6322,82.6322,199.0,226.84589821118044,226.4454380689462,-49.66589821118044
82.6517,82.6517,253.0,226.8711168210118,226.47012705320185,4.308883178988189
82.6711,82.6711,231.0,226.8962426606515,226.4947127436838,-17.716242660651496
82.6906,82.6906,233.0,226.92153493271766,226.5194484718006,-15.741534932717663
82.7101,82.7101,220.0,226.94686405574922,226.54420743711407,-28.766864055749217
82.7295,82.7295,224.0,226.9720993859022,226.5688623627999,-24.792099385902198
82.749,82.749,195.0,226.99750167016157,226.59366729301414,-53.81750167016157
82.7684,82.7684,217.0,227.02280985599901,226.61836768843398,-31.842809855999015
82.7879,82.7879,211.0,227.0482843329099,226.64321806129684,-37.8682843329099
82.8073,82.8073,224.0,227.0736648193295,226.66796340552688,-24.89366481932951
82.8268,82.8268,254.0,227.09921198033942,226.6928586960716,5.080788019660581
82.8463,82.8463,224.0,227.12479528058824,226.71777630480167,-24.944795280588245
82.8657,82.8657,241.0,227.15028278294804,226.74258814602717,-7.97028278294804
82.8852,82.8852,216.0,227.17593793347885,226.76754987920955,-32.99593793347885
82.9046,82.9046,210.0,227.20149665504147,226.7924053544247,-39.02149665504147
82.9241,82.9241,209.0,227.2272228838812,226.81741068028703,-40.04722288388121
82.9435,82.9435,212.0,227.25285313926878,226.84230925909026,-37.07285313926878
82.963,82.963,213.0,227.27865064856474,226.867357643133,-36.098650648564735
82.9825,82.9825,211.0,227.3044831837189,226.89242740962942,-38.1244831837189
83.0019,83.0019,228.0,227.33021899667705,226.91738969740112,-21.150218996677047
83.0214,83.0214,209.0,227.35612249939692,226.94250171451353,-40.17612249939692
83.0408,83.0408,215.0,227.38192772590702,226.96750576729207,-34.20192772590702
83.0603,83.0603,257.0,227.40790156217008,226.99265949368407,7.772098437829918
83.0797,83.0797,233.0,227.43377697781887,227.01770477154676,-16.253776977818866
83.0992,83.0992,211.0,227.45982061740017,227.04289966314244,-38.27982061740017
83.1187,83.1187,218.0,227.48589887265845,227.06811498466277,-31.305898872658453
83.1381,83.1381,222.0,227.5118782879824,227.0932211334195,-27.3318782879824
83.1576,83.1576,215.0,227.53802627314212,227.1184767981785,-34.35802627314212
83.177,83.177,227.0,227.56407423342472,227.14362280956846,-22.38407423342472
83.1965,83.1965,202.0,227.5902914844338,227.168918266622,-47.410291484433806
83.2159,83.2159,231.0,227.6164086181911,227.19410359115787,-18.436408618191088
83.2354,83.2354,276.0,227.64269439359947,227.2194382868097,26.53730560640053
83.2549,83.2549,217.0,227.6690146678898,227.24479244298325,-32.4890146678898
83.2743,83.2743,214.0,227.69523447797178,227.27003575006256,-35.51523447797178
83.2938,83.2938,209.0,227.72162352507294,227.2954283084033,-40.54162352507294
83.3132,83.3132,248.0,227.74791074233278,227.32070954219895,-1.5679107423327778
83.3327,83.3327,211.0,227.77436810194712,227.34613994211122,-38.59436810194712
83.3521,83.3521,244.0,227.80072315005665,227.37145854352778,-5.620723150056655
83.3716,83.3716,266.0,227.8272482124122,227.39692622165128,16.3527517875878
83.3911,83.3911,241.0,227.8538077992609,227.42241237394285,-8.673807799260892
83.4105,83.4105,226.0,227.88026472111318,227.44778601904724,-23.70026472111318
83.43,83.43,234.0,227.90689122968897,227.4733085985871,-15.726891229688967
83.4494,83.4494,218.0,227.93341540605857,227.4987182007956,-31.753415406058572
83.4689,83.4689,242.0,227.9601099066289,227.52427663729264,-7.780109906628901
83.4883,83.4883,240.0,227.98670060966862,227.54972162785793,-9.806700609668617
83.5078,83.5078,231.0,228.01346233810366,227.57531534824435,-18.833462338103665
83.5272,83.5272,273.0,228.0401205820157,227.60079515565442,23.139879417984297
83.5467,83.5467,226.0,228.06694955110447,227.62642358408146,-23.886949551104472
83.5662,83.5662,204.0,228.09381169749,227.65206919358346,-45.91381169749
83.5856,83.5856,220.0,228.12056973367294,227.6776001918911,-29.940569733672938
83.6051,83.6051,259.0,228.14749918324225,227.7032796396919,9.032500816757754
83.6245,83.6245,240.0,228.17432323977934,227.7288440132007,-9.994323239779341
83.644,83.644,215.0,228.20131951157143,227.7545567164808,-35.02131951157143
83.6634,83.6634,228.0,228.22821056516457,227.78015388397114,-22.048210565164574
83.6829,83.6829,231.0,228.255272849253,227.80589925711786,-19.075272849253004
83.7024,83.7024,237.0,228.28236892218723,227.8316607859549,-13.102368922187232
83.7218,83.7218,226.0,228.30935947236046,227.85730608919357,-24.129359472360456
83.7413,83.7413,235.0,228.33652211078328,227.88309940347335,-15.156522110783278
83.7607,83.7607,225.0,228.36357796632882,227.90877603471372,-25.18357796632882
83.7802,83.7802,226.0,228.39080709575603,227.9346005418216,-24.21080709575603
83.7996,83.7996,229.0,228.41792906908495,227.96030791009278,-21.23792906908495
83.8191,83.8191,257.0,228.44522427829494,227.9861630146084,6.734775721705056
83.8386,83.8386,210.0,228.47255299350257,228.01203323222643,-40.292552993502575
83.858,83.858,232.0,228.49977449449685,228.0377856298401,-18.319774494496848
83.8775,83.8775,238.0,228.52716870884976,228.06368554569434,-12.347168708849757
83.8969,83.8969,222.0,228.55445607532442,228.08946718991396,-28.374456075324424
83.9164,83.9164,214.0,228.58191711967348,228.1153962015507,-36.40191711967348
83.9358,83.9358,230.0,228.6092697948337,228.14120649161066,-20.429269794833694
83.9553,83.9553,211.0,228.63679692556997,228.16716399375787,-39.45679692556997
83.9748,83.9748,246.0,228.6643574190091,228.1931355491401,-4.484357419009093
83.9942,83.9942,245.0,228.69180959524613,228.21898771065133,-5.5118095952461275
84.0137,84.0137,207.0,228.71943572459526,228.24498684255923,-43.53943572459526
84.0331,84.0331,249.0,228.74695359350383,228.27086613493208,-1.5669535935038326
84.0526,84.0526,208.0,228.77464650068313,228.29689223102915,-42.59464650068313
84.072,84.072,223.0,228.8022300052009,228.32279804365965,-27.622230005200898
84.0915,84.0915,237.0,228.82998905755588,228.34885048877885,-13.649989057555878
84.111,84.111,250.0,228.85778147475105,228.37491590990882,-0.6777814747510504
84.1304,84.1304,223.0,228.88546401244756,228.40086038438523,-27.705464012447557
84.1499,84.1499,222.0,228.91332277234667,228.42695122567346,-28.733322772346675
84.1693,84.1693,220.0,228.9410721590763,228.452920680766,-30.7610721590763
84.1888,84.1888,232.0,228.96899768983667,228.47903631994944,-18.78899768983667
84.2082,84.2082,247.0,228.99681239285002,228.50503013517238,-3.816812392850018
84.2277,84.2277,204.0,229.0248045857628,228.53116994714503,-46.84480458576281
84.2472,84.2472,224.0,229.0528302375984,228.5573216404709,-26.872830237598414
84.2666,84.2666,221.0,229.08074473216504,228.58335085599137,-29.900744732165045
84.2861,84.2861,220.0,229.10883737404205,228.60952577829784,-30.928837374042054
84.3055,84.3055,223.0,229.1368194670156,228.6355777895356,-27.956819467015613
84.325,84.325,221.0,229.16497839282536,228.6617753085894,-29.98497839282536
84.3444,84.3444,220.0,229.19302721173727,228.68784948513343,-31.013027211737274
84.3639,84.3639,218.0,229.22125422848083,228.71406896584574,-33.04125422848083
84.3834,84.3834,246.0,229.24951517445746,228.74029921574368,-5.069515174457457
84.4028,84.4028,206.0,229.2776640310761,228.76640547886515,-45.097664031076114
84.4223,84.4223,226.0,229.30599260780465,228.79265673160262,-25.125992607804655
84.4417,84.4417,222.0,229.33420998307525,228.81878357073668,-29.154209983075255
84.4612,84.4612,204.0,229.36260587429726,228.84505518406644,-47.18260587429726
84.4806,84.4806,215.0,229.3908906936759,228.87120195883332,-36.210890693675914
84.5001,84.5001,217.0,229.41935557915303,228.8974932876402,-34.239355579153035
84.5196,84.5196,227.0,229.44785403060877,228.92379425587802,-24.267854030608767
84.539,84.539,234.0,229.47624142404158,228.94996975110166,-17.296241424041575
84.5585,84.5585,233.0,229.50480951085507,228.97628946092146,-18.32480951085507
84.5779,84.5779,188.0,229.53326491037404,229.0024832774949,-63.353264910374044
84.5974,84.5974,220.0,229.5619019755084,229.02882107659175,-31.38190197550839
84.6168,84.6168,212.0,229.59042741055902,229.05503256412268,-39.410427410559016
84.6363,84.6363,229.0,229.61913439385538,229.08138779731112,-22.439134393855376
84.6558,84.6558,239.0,229.64787556668054,229.10775152251225,-12.46787556668054
84.6752,84.6752,232.0,229.67650522848317,229.13398831175002,-19.496505228483166
84.6947,84.6947,239.0,229.70531767288512,229.16036848200588,-12.525317672885116
84.7141,84.7141,206.0,229.73401649015406,229.18662130281993,-45.55401649015406
84.7336,84.7336,204.0,229.7628999371135,229.2130172557242,-47.5828999371135
84.753,84.753,217.0,229.79167083611762,229.2392854476664,-34.61167083611762
84.7725,84.7725,266.0,229.82062460130098,229.2656965179195,14.359375398699022
84.792,84.792,215.0,229.84961500106152,229.2921149150264,-36.66961500106152
84.8114,84.8114,235.0,229.87849323886576,229.31840493706744,-16.69849323886576
84.8309,84.8309,229.0,229.90755630729453,229.34483744727902,-22.727556307294527
84.8503,84.8503,206.0,229.93650547133373,229.37114117585995,-45.75650547133373
84.8698,84.8698,238.0,229.96564151058303,229.39758712662453,-13.785641510583027
84.8892,84.8892,233.0,229.9946648664372,229.42390389119777,-18.814664866437205
84.9087,84.9087,226.0,230.02387353834715,229.45036260705817,-25.843873538347147
84.9282,84.9282,223.0,230.0531198407191,229.47682746679624,-28.87311984071909
84.9476,84.9476,209.0,230.08225414671892,229.50316253677346,-42.902254146718924
84.9671,84.9671,233.0,230.11157460884118,229.52963914209008,-18.93157460884118
84.9865,84.9865,212.0,230.1407833093911,229.55598555815533,-39.96078330939111
85.006,85.006,209.0,230.17018034669195,229.58247322630976,-42.99018034669195
85.0254,85.0254,236.0,230.19946391833193,229.60883030777262,-16.01946391833193
85.0449,85.0449,233.0,230.2289369676087,229.63532835310627,-19.04893696760869
85.0644,85.0644,205.0,230.258449111024,229.66183134144745,-47.07844911102399
85.0838,85.0838,238.0,230.2878488160152,229.68820315030376,-14.107848816015213
85.1033,85.1033,217.0,230.31743757858192,229.71471548096807,-35.13743757858192
85.1227,85.1227,226.0,230.34691481073875,229.7410962398929,-26.166914810738753
85.1422,85.1422,237.0,230.37658345748736,229.7676172199069,-15.196583457487357
85.1616,85.1616,205.0,230.40613822622106,229.79400623802337,-47.22613822622106
85.1811,85.1811,191.0,230.4358868166139,229.82053517148324,-61.2558868166139
85.2006,85.2006,205.0,230.46567569583564,229.84706782910962,-47.28567569583564
85.22,85.22,240.0,230.4953514020313,229.87346794306467,-12.315351402031304
85.2395,85.2395,217.0,230.52522119106166,229.90000750387637,-35.34522119106166
85.2589,85.2589,229.0,230.55497975653603,229.92641413616013,-23.374979756536028
85.2784,85.2784,202.0,230.5849327321948,229.95295989690746,-50.4049327321948
85.2978,85.2978,230.0,230.61477235461854,229.9793723464131,-22.434772354618538
85.3173,85.3173,231.0,230.64480927964337,230.00592360090303,-21.46480927964337
85.3368,85.3368,225.0,230.67488873808261,230.0324773426707,-27.494888738082615
85.3562,85.3562,230.0,230.7048557133431,230.05889720268695,-22.524855713343108
85.3757,85.3757,214.0,230.73502043142568,230.0854553724666,-38.55502043142568
85.3951,85.3951,220.0,230.76507480000097,230.11187928319939,-32.585074800000974
85.4146,85.4146,229.0,230.79532615537207,230.138441167421,-23.615326155372067
85.434,85.434,223.0,230.82546762234446,230.16486841748994,-29.645467622344462
85.4535,85.4535,203.0,230.85580912648075,230.19143329962802,-49.67580912648075
85.473,85.473,203.0,230.88619570490576,230.21799941403083,-49.70619570490576
85.4924,85.4924,220.0,230.91647033605457,230.24443033528016,-32.73647033605457
85.5119,85.5119,223.0,230.94694817775115,230.2709983663328,-29.766948177751154
85.5313,85.5313,215.0,230.97731618330423,230.29743083466164,-37.797316183304225
85.5508,85.5508,223.0,231.00788547083235,230.32400005843022,-29.82788547083235
85.5702,85.5702,222.0,231.0383463780401,230.35043335214093,-30.858346378040103
85.5897,85.5897,215.0,231.06901193595638,230.37700304172344,-37.88901193595638
85.6092,85.6092,218.0,231.0997256326229,230.40357269035633,-34.91972563262289
85.6286,85.6286,217.0,231.1303285864707,230.4300058616868,-35.95032858647071
85.6481,85.6481,221.0,231.16113991937112,230.45657487926553,-31.981139919371124
85.6675,85.6675,202.0,231.19184141478263,230.48300705786093,-51.01184141478263
85.687,85.687,247.0,231.22275173619886,230.50957471004398,-6.042751736198859
85.7064,85.7064,232.0,231.2535549391087,230.53600516384626,-21.07355493910871
85.7259,85.7259,224.0,231.28456764403873,230.56257071331126,-29.10456764403873
85.7454,85.7454,260.0,231.31563049889252,230.58913493033438,6.864369501107483
85.7648,85.7648,233.0,231.3465876011056,230.61556141373612,-20.166587601105597
85.7843,85.7843,223.0,231.37775713623813,230.642122415506,-30.19775713623813
85.8037,85.8037,203.0,231.40881903583372,230.6685453300285,-50.228819035833716
85.8232,85.8232,197.0,231.44009544192693,230.6951023717522,-56.26009544192693
85.8426,85.8426,241.0,231.4712671780575,230.72152097493338,-12.291267178057502
85.8621,85.8621,197.0,231.5026526490314,230.74807330882447,-56.322652649031404
85.8816,85.8816,231.0,231.5340952330188,230.7746230004266,-22.354095233018803
85.901,85.901,245.0,231.56543434086237,230.80103373049863,-8.385434340862368
85.9205,85.9205,232.0,231.59699169405206,230.8275775860002,-21.416991694052065
85.9399,85.9399,213.0,231.62844312681284,230.85398213456685,-40.44844312681284
85.9594,85.9594,202.0,231.66011742265886,230.8805193986796,-51.48011742265886
85.9788,85.9788,280.0,231.6916891399111,230.9069170128311,26.48831086008891
85.9983,85.9983,239.0,231.7234814481543,230.9334469272611,-14.543481448154303
86.0178,86.0178,232.0,231.75533612553284,230.95997287112343,-21.575336125532836
86.0372,86.0372,206.0,231.7870904714848,230.98635865454006,-47.60709047148479
86.0567,86.0567,223.0,231.8190704929313,231.01287610465312,-30.639070492931303
86.0761,86.0761,229.0,231.85094782527955,231.03925305730363,-24.670947825279548
86.0956,86.0956,222.0,231.88305582674968,231.06576124784016,-31.703055826749683
86.115,86.115,241.0,231.91506282634893,231.09212860632368,-12.73506282634893
86.1345,86.1345,230.0,231.94730246667015,231.11862676843825,-23.767302466670152
86.154,86.154,244.0,231.97960851929278,231.14511961319823,-9.799608519292782
86.1734,86.1734,225.0,232.01181817202752,231.17147112817537,-28.831818172027518
86.1929,86.1929,225.0,232.04426008716473,231.19795278458264,-28.86426008716473
86.2123,86.2123,216.0,232.07660731810049,231.22429278274612,-37.896607318100486
86.2318,86.2318,208.0,232.10919243808397,231.25076247439083,-45.929192438083966
86.2512,86.2512,227.0,232.14168081873436,231.27709018180514,-26.961680818734358
86.2707,86.2707,213.0,232.17441029933175,231.3035471292466,-40.994410299331754
86.2901,86.2901,256.0,232.20704751763213,231.3298617689595,1.972952482367866
86.3096,86.3096,226.0,232.23992533072428,231.35630518972312,-28.059925330724276
86.3291,86.3291,238.0,232.27288110553573,231.382741534374,-16.09288110553573
86.3485,86.3485,208.0,232.30574707941201,231.40903509033532,-46.125747079412015
86.368,86.368,203.0,232.33886055046554,231.435456727886,-51.15886055046554
86.3874,86.3874,236.0,232.37188131970626,231.46173525953319,-18.191881319706262
86.4069,86.4069,230.0,232.40515637270943,231.4881413999041,-24.225156372709428
86.4263,86.4263,227.0,232.43834381713046,231.51440411969426,-27.25834381713046
86.4458,86.4458,214.0,232.47178306059067,231.5407939697593,-40.29178306059067
86.4653,86.4653,240.0,232.50530944551085,231.56717535433356,-14.325309445510847
86.4847,86.4847,201.0,232.53875193671922,231.59341285069976,-53.35875193671922
86.5042,86.5042,245.0,232.57245432623156,231.61977674853142,-9.392454326231565
86.5236,86.5236,200.0,232.60607032860204,231.64599644988334,-54.426070328602044
86.5431,86.5431,226.0,232.6399535071657,231.67234206021027,-28.4599535071657
86.5625,86.5625,193.0,232.67375330864732,231.69854316837097,-61.49375330864732
86.582,86.582,207.0,232.70782233469097,231.72486968737186,-47.527822334690974
86.6015,86.6015,204.0,232.7419886689708,231.7511863327432,-50.561988668970805
86.6209,86.6209,220.0,232.77607776015998,231.7773580219099,-34.59607776015998
86.6404,86.6404,219.0,232.8104381321685,231.80365436343848,-35.630438132168514
86.6598,86.6598,194.0,232.84472525130022,231.82980544960327,-60.66472525130022
86.6793,86.6793,222.0,232.8792920474143,231.8560806758005,-32.69929204741431
86.6987,86.6987,226.0,232.91378380785991,231.8822103501087,-28.733783807859915
86.7182,86.7182,247.0,232.94856042206348,231.9084636464143,-7.76856042206348
86.7377,86.7377,242.0,232.9834469651377,231.9347056421142,-12.803446965137688
86.7571,86.7571,225.0,233.01826217791816,231.96080164573223,-29.83826217791816
86.7766,86.7766,227.0,233.05337012644998,231.9870204828782,-27.873370126449977
86.796,86.796,243.0,233.08841427096834,232.01309303806664,-11.908414270968343
86.8155,86.8155,207.0,233.12375456445284,232.03928789439985,-47.94375456445284
86.8349,86.8349,224.0,233.15902811274105,232.06533618158295,-30.979028112741055
86.8544,86.8544,244.0,233.19460807832348,232.09150623176032,-11.014608078323484
86.8739,86.8739,220.0,233.23031131384457,232.11766353544175,-35.05031131384457
86.8933,86.8933,242.0,233.26595429462066,232.14367384388333,-13.085954294620656
86.9128,86.9128,221.0,233.3019099629435,232.1698050965353,-34.12190996294351
86.9322,86.9322,223.0,233.33781355262343,232.19578907352744,-32.15781355262343
86.9517,86.9517,220.0,233.3740341989958,232.22189344207726,-35.19403419899579
86.9711,86.9711,209.0,233.41019995782068,232.24785025727942,-46.23019995782068
86.9906,86.9906,211.0,233.44669410166196,232.2739269055577,-44.26669410166196
87.0101,87.0101,244.0,233.48332998037134,232.2999893424586,-11.303329980371338
87.0295,87.0295,238.0,233.51991841729887,232.32590381428406,-17.33991841729887
87.049,87.049,218.0,233.55684315671058,232.35193726976271,-37.376843156710585
87.0684,87.0684,222.0,233.5937301478849,232.37782248937404,-33.41373014788491
87.0879,87.0879,208.0,233.63095475384154,232.40382611950002,-47.450954753841536
87.1073,87.1073,234.0,233.6681472190244,232.4296812457485,-21.488147219024405
87.1268,87.1268,202.0,233.70569068658472,232.4556542034822,-53.52569068658472
87.1463,87.1463,237.0,233.74339688880374,232.48161146588947,-18.563396888803744
87.1657,87.1657,199.0,233.78107010440186,232.5074198273135,-56.60107010440186
87.1852,87.1852,204.0,233.81911112867334,232.5333451398351,-51.63911112867334
87.2046,87.2046,222.0,233.85712620491108,232.55912129038325,-33.67712620491108
87.2241,87.2241,234.0,233.8955146326816,232.58501379818733,-21.715514632681597
87.2435,87.2435,222.0,233.9338886678526,232.6107568858592,-33.753888667852614
87.263,87.263,235.0,233.97264325075474,232.63661573099225,-20.792643250754743
87.2825,87.2825,228.0,234.01158148954352,232.66245737770524,-27.831581489543517
87.3019,87.3019,224.0,234.05051559386078,232.68814922206337,-31.87051559386078
87.3214,87.3214,226.0,234.08984697791502,232.71395591220357,-29.909846977915016
87.3408,87.3408,226.0,234.1291730121368,232.73961254897463,-29.94917301213679
87.3603,87.3603,215.0,234.16890809088378,232.76538341676493,-40.988908090883776
87.3797,87.3797,260.0,234.20865164075937,232.79100398305323,3.971348359240629
87.3992,87.3992,210.0,234.24881266650672,232.8167381595825,-46.06881266650672
87.4187,87.4187,238.0,234.28918813192894,232.84245361537683,-18.10918813192894
87.4381,87.4381,220.0,234.32958425418175,232.86801840259199,-36.149584254181754
87.4576,87.4576,192.0,234.37041822615933,232.89369585674936,-64.19041822615932
87.477,87.477,197.0,234.41127013395612,232.91922240146442,-59.23127013395612
87.4965,87.4965,231.0,234.45257843847745,232.94486097721892,-25.272578438477446
87.5159,87.5159,206.0,234.49392071096443,232.97034840559925,-50.31392071096443
87.5354,87.5354,227.0,234.53571982751487,232.9959472230384,-29.355719827514868
87.5549,87.5549,205.0,234.57777973225677,233.02152577812947,-51.39777973225677
87.5743,87.5743,226.0,234.6198904305411,233.04695283417823,-30.43989043054109
87.5938,87.5938,226.0,234.66248526402293,233.07249030403833,-30.482485264022934
87.6132,87.6132,228.0,234.70512947046294,233.09787604431966,-28.525129470462936
87.6327,87.6327,219.0,234.74828248160975,233.12337154114996,-37.56828248160975
87.6521,87.6521,244.0,234.7914975865066,233.14871508084698,-12.611497586506609
87.6716,87.6716,241.0,234.83523330037175,233.1741677136899,-15.655233300371755
87.6911,87.6911,221.0,234.87927598452933,233.19959852319687,-35.69927598452933
87.7105,87.7105,212.0,234.92340420622352,233.22487703957617,-44.74340420622352
87.73,87.73,251.0,234.968069453509,233.2502636415747,-5.788069453509003
87.7494,87.7494,197.0,235.0128368253301,233.27549773041252,-59.83283682533011
87.7689,87.7689,249.0,235.0581702585779,233.30083922602748,-7.878170258577889
87.7883,87.7883,235.0,235.10360758445353,233.32602799148114,-21.923607584453528
87.8078,87.8078,220.0,235.14963290168336,233.35132347866596,-36.96963290168336
87.8273,87.8273,220.0,235.19602264945388,233.37659556207515,-37.01602264945388
87.8467,87.8467,230.0,235.2425453789491,233.40171459526846,-27.062545378949103
87.8662,87.8662,209.0,235.2896771747489,233.42693931005542,-48.1096771747489
87.8856,87.8856,222.0,235.33696152921456,233.45201076527425,-35.15696152921456
87.9051,87.9051,221.0,235.3848900362917,233.47718720144363,-36.204890036291694
87.9245,87.9245,224.0,235.4329716878056,233.50221017177594,-33.252971687805605
87.944,87.944,223.0,235.4817309636562,233.5273374161484,-34.30173096365619
87.9635,87.9635,221.0,235.53092282535692,233.5524396567772,-36.350922825356925
87.9829,87.9829,246.0,235.58029818763887,233.57738812772126,-11.400298187638874
88.0024,88.0024,212.0,235.63038597280868,233.60243979962436,-45.45038597280868
88.0218,88.0218,229.0,235.68068893991168,233.62733750334942,-28.500688939911676
88.0413,88.0413,211.0,235.73172847815033,233.6523376853676,-46.55172847815033
88.0607,88.0607,207.0,235.7829875534776,233.67718370384878,-50.6029875534776
88.0802,88.0802,226.0,235.83502799970393,233.70213147162625,-31.655027999703925
88.0997,88.0997,202.0,235.88759127064318,233.7270526160868,-55.707591270643185
88.1191,88.1191,223.0,235.94040747559572,233.75181930963768,-34.76040747559572
88.1386,88.1386,213.0,235.99405754157885,233.77668664612622,-44.814057541578855
88.158,88.158,237.0,236.04799987546033,233.8013993442499,-20.867999875460335
88.1775,88.1775,199.0,236.10278822605764,233.8262119403996,-58.92278822605764
88.1969,88.1969,214.0,236.15790253970144,233.8508697139147,-43.97790253970144
88.2164,88.2164,215.0,236.21391784272845,233.8756266341497,-43.03391784272845
88.2359,88.2359,233.0,236.27056943227285,233.90035529181242,-25.09056943227285
88.2553,88.2553,214.0,236.32756779130608,233.92492885621232,-44.14756779130608
88.2748,88.2748,212.0,236.38554478572013,233.94960042736088,-46.20554478572013
88.2942,88.2942,226.0,236.4439167631077,233.97411672900904,-32.263916763107694
88.3137,88.3137,242.0,236.5032861073289,233.99873027002513,-16.323286107328904
88.3331,88.3331,224.0,236.56309295928952,234.02318836854045,-34.38309295928952
88.3526,88.3526,233.0,236.6239651033534,234.0477429325843,-25.443965103353413
88.3721,88.3721,223.0,236.68560515337305,234.0722675750417,-35.50560515337305
88.3915,88.3915,224.0,236.7477406971297,234.09663652138522,-34.5677406971297
88.411,88.411,247.0,236.81102498263758,234.12110075933714,-11.631024982637577
88.4304,88.4304,210.0,236.8748246051932,234.14540913633599,-48.6948246051932
88.4499,88.4499,223.0,236.93983739765582,234.16981201486897,-35.75983739765582
88.4693,88.4693,216.0,237.00543064180653,234.19405887089835,-42.82543064180653
88.4888,88.4888,210.0,237.07229361749842,234.21839943186495,-48.89229361749842
88.5083,88.5083,216.0,237.14011001302055,234.24270839239549,-42.96011001302055
88.5277,88.5277,218.0,237.20858645206022,234.26686109409607,-41.02858645206022
88.5472,88.5472,224.0,237.27844655480507,234.29110629252747,-35.09844655480507
88.5666,88.5666,254.0,237.34898899284602,234.3151950788694,-5.1689889928460175
88.5861,88.5861,238.0,237.42101150482733,234.33937554894928,-21.241011504827334
88.6055,88.6055,198.0,237.49379972295588,234.36339945702082,-61.313799722955885
88.625,88.625,217.0,237.56811173116802,234.38751422925037,-42.38811173116802
88.6445,88.6445,240.0,237.64365056894968,234.4115957022817,-19.46365056894968
88.6639,88.6639,192.0,237.72006222431966,234.43552039453834,-67.54006222431966
88.6834,88.6834,194.0,237.7981582881671,234.45953470812145,-65.61815828816708
88.7028,88.7028,218.0,237.87716648898453,234.483392099432,-41.69716648898453
88.7223,88.7223,248.0,237.95799000934798,234.50733827593191,-11.777990009347981
88.7417,88.7417,233.0,238.03983516314918,234.53112739205412,-26.859835163149178
88.7612,88.7612,225.0,238.1235591648731,234.5550044505768,-34.943559164873086
88.7807,88.7807,209.0,238.20884078678216,234.57884649115,-51.02884078678216
88.8001,88.8001,208.0,238.29528577318305,234.60253127041324,-52.115285773183054
88.8196,88.8196,215.0,238.38379736706983,234.62630271428046,-45.20379736706983
88.839,88.839,217.0,238.4735816505724,234.64991676728448,-43.29358165057241
88.8585,88.8585,210.0,238.56560330345826,234.67361662538434,-50.38560330345826
88.8779,88.8779,268.0,238.65896654093333,234.6971589665129,7.521033459066665
88.8974,88.8974,214.0,238.75472881060617,234.72078624651243,-46.57472881060617
88.9169,88.9169,232.0,238.85248664618922,234.74437676974532,-28.67248664618922
88.9363,88.9363,229.0,238.95179724949497,234.76780959318407,-31.771797249494973
88.9558,88.9558,210.0,239.0537162928295,234.79132604239138,-50.873716292829506
88.9752,88.9752,204.0,239.1573477619111,234.8146846743796,-56.9773477619111
88.9947,88.9947,231.0,239.26381730824602,234.8381260490299,-30.08381730824602
89.0141,89.0141,202.0,239.3721003164577,234.86140949253385,-59.192100316457704
89.0336,89.0336,203.0,239.48344222533032,234.88477478881146,-58.30344222533032
89.0531,89.0531,238.0,239.59739013606148,234.9081015693624,-23.417390136061478
89.0725,89.0725,238.0,239.71340908860145,234.93127025433017,-23.533409088601452
89.092,89.092,248.0,239.83284079536318,234.95451944332103,-13.652840795363183
89.1114,89.1114,214.0,239.95458797365717,234.9776104316165,-47.77458797365717
89.1309,89.1309,218.0,240.07998982544206,235.00078101700188,-43.899989825442056
89.1503,89.1503,217.0,240.20785938487464,235.02379330013017,-45.02785938487464
89.1698,89.1698,238.0,240.3397289267489,235.046884266568,-24.159728926748905
89.1892,89.1892,220.0,240.4743596757261,235.06981683275293,-42.294359675726106
89.2087,89.2087,247.0,240.61321740738313,235.09282716160118,-15.433217407383133
89.2282,89.2282,237.0,240.7558605898491,235.11579668367014,-25.575860589849107
89.2476,89.2476,218.0,240.90169270461922,235.13860766509458,-44.72169270461922
89.2671,89.2671,206.0,241.052298951022,235.1614950140976,-56.87229895102201
89.2865,89.2865,244.0,241.20642780666918,235.1842237334456,-19.026427806669183
89.306,89.306,234.0,241.3658128796235,235.20702788247058,-29.18581287962349
89.3254,89.3254,232.0,241.52898710924765,235.22967331644887,-31.348987109247652
89.3449,89.3449,237.0,241.69790396846113,235.25239323527114,-26.517903968461134
89.3644,89.3644,205.0,241.87196237196943,235.27507054202744,-58.69196237196943
89.3838,89.3838,228.0,242.05047383840292,235.29758901236778,-35.87047383840292
89.4033,89.4033,238.0,242.2354316482704,235.3201805360327,-26.055431648270407
89.4227,89.4227,248.0,242.4253521437885,235.3426131470085,-16.2453521437885
89.4422,89.4422,199.0,242.62241937855546,235.365117849056,-65.44241937855546
89.4616,89.4616,230.0,242.8248426899548,235.3874635658134,-34.64484268995481
89.4811,89.4811,225.0,243.03517059289783,235.40988040439245,-39.85517059289783
89.5006,89.5006,245.0,243.25265515624332,235.43225280522384,-20.07265515624332
89.52,89.52,232.0,243.47643189506647,235.4544661186987,-33.29643189506647
89.5395,89.5395,204.0,243.70927864406116,235.47674908569502,-61.52927864406116
89.5589,89.5589,226.0,243.94924045279976,235.4988729019859,-39.76924045279976
89.5784,89.5784,264.0,244.1991518105444,235.5210653849635,-2.0191518105444075
89.5978,89.5978,217.0,244.45684770691545,235.5430986576126,-49.276847706915454
89.6173,89.6173,230.0,244.72566443299658,235.5651996030502,-36.54566443299658
89.6368,89.6368,250.0,245.00474370221747,235.58725426458668,-16.824743702217468
89.6562,89.6562,245.0,245.29306355488234,235.60914963331263,-22.113063554882338
89.6757,89.6757,244.0,245.59431812398626,235.63111116939893,-23.414318123986256
89.6951,89.6951,239.0,245.90608739704956,235.65291336243797,-28.72608739704956
89.7146,89.7146,233.0,246.2320551153895,235.67478071118893,-35.0520551153895
89.734,89.734,221.0,246.56989310253255,235.69648867043566,-47.38989310253255
89.7535,89.7535,234.0,246.92375205463037,235.7182607666162,-34.74375205463037
89.773,89.773,201.0,247.29278972282228,235.73998471219363,-68.11278972282227
89.7924,89.7924,240.0,247.67576382270042,235.7615492056519,-29.495763822700418
89.8119,89.8119,255.0,248.07788358188571,235.7831762931393,-14.897883581885715
89.8313,89.8313,248.0,248.49599012023398,235.80464389157174,-22.315990120233984
89.8508,89.8508,240.0,248.9352613053578,235.82617304733893,-30.755261305357813
89.8702,89.8702,234.0,249.3927933632535,235.84754268094895,-37.2127933632535
89.8897,89.8897,253.0,249.8744419536827,235.86897282800317,-18.69444195368269
89.9092,89.9092,240.0,250.37933637257706,235.89035293712698,-32.19933637257706
89.9286,89.9286,243.0,250.90602852259136,235.9115734816296,-29.726028522591356
89.9481,89.9481,228.0,251.4619956662122,235.93285295884579,-45.281995666212204
89.9675,89.9675,223.0,252.04294808645886,235.95397284799532,-50.862948086458864
89.987,89.987,246.0,252.65706182216454,235.9751506078848,-28.477061822164536
90.0064,90.0064,263.0,253.30014110356166,235.99616876015003,-12.120141103561657
90.0259,90.0259,247.0,253.98085419290393,236.0172437139188,-28.800854192903934
90.0454,90.0454,232.0,254.6981921785209,236.0382667217276,-44.51819217852091
90.0648,90.0648,250.0,255.45139122047658,236.0591300998842,-27.27139122047658
90.0843,90.0843,252.0,256.25073666076037,236.08004866063683,-26.070736660760367
90.1037,90.1037,250.0,257.09085439956175,236.10080758197228,-28.91085439956175
90.1232,90.1232,237.0,257.98411543045137,236.12162059841714,-42.80411543045137
90.1426,90.1426,236.0,258.92495627390946,236.14227396962204,-44.74495627390946
90.1621,90.1621,237.0,259.9262289610683,236.16298034111983,-44.74622896106832
90.1816,90.1816,259.0,260.9883219269765,236.18363283784927,-23.808321926976483
90.201,90.201,251.0,262.10944553360184,236.2041256880333,-32.92944553360184
90.2205,90.2205,259.0,263.30592564102596,236.22466988107388,-26.125925641025965
90.2399,90.2399,228.0,264.570195060841,236.24505443167547,-58.390195060841
90.2594,90.2594,221.0,265.9218176180123,236.26548921189934,-66.7418176180123
90.2788,90.2788,269.0,267.35256320261993,236.28576435778746,-20.172563202619934
90.2983,90.2983,244.0,268.88254155778833,236.30608861266634,-46.70254155778833
90.3178,90.3178,252.0,270.51265601523136,236.32635704311275,-40.33265601523136
90.3372,90.3372,252.0,272.24072184862376,236.3464658589278,-42.060721848623764
90.3567,90.3567,254.0,274.09067859520036,236.36662208741544,-41.91067859520036
90.3761,90.3761,265.0,276.0530397243309,236.38661871944132,-32.873039724330916
90.3956,90.3956,257.0,278.1551181819792,236.40666162492212,-42.97511818197922
90.415,90.415,277.0,280.38275807179764,236.42654495616253,-25.20275807179764
90.4345,90.4345,297.0,282.768078370293,236.44647341417567,-7.588078370292983
90.454,90.454,264.0,285.3075054049465,236.46634407715968,-43.12750540494648
90.4734,90.4734,242.0,287.99417494647815,236.48605520690626,-67.81417494647815
90.4929,90.4929,292.0,290.8602663417806,236.50580972787108,-20.680266341780573
90.5123,90.5123,268.0,293.88416413577374,236.52540474802387,-47.704164135773745
90.5318,90.5318,314.0,297.09874939312647,236.54504199395754,-4.918749393126468
90.5512,90.5512,279.0,300.4706920470708,236.5645197756114,-43.29069204707083
90.5707,90.5707,257.0,304.0336006078209,236.58403861007673,-68.85360060782091
90.5902,90.5902,256.0,307.7630166982118,236.60349765790704,-73.5830166982118
90.6096,90.6096,296.0,311.62472569128965,236.62279730404887,-37.444725691289655
90.6291,90.6291,307.0,315.6420432153993,236.64213622785593,-30.462043215399326
90.6485,90.6485,298.0,319.74681395295215,236.66131579684892,-43.56681395295215
90.668,90.668,308.0,323.9468405261147,236.68053345161312,-37.76684052611473
90.6874,90.6874,300.0,328.1547982217848,236.69959180259997,-49.9747982217848
90.7069,90.7069,274.0,332.36553365329485,236.71868703986405,-80.18553365329484
90.7264,90.7264,357.0,336.4956549806184,236.73772047780108,-1.3156549806183833
90.7458,90.7458,309.0,340.4574883118377,236.7565946964315,-53.27748831183772
90.7653,90.7653,338.0,344.2226731986692,236.7755039862444,-28.042673198669213
90.7847,90.7847,341.0,347.6822567261066,236.79425411826824,-28.502256726106573
90.8042,90.8042,373.0,350.8018737333069,236.81303810288603,0.37812626669312266
90.8236,90.8236,394.0,353.4919006970033,236.83166299545027,18.688099302996697
90.8431,90.8431,388.0,355.7320624428461,236.8503205143518,10.447937557153914
90.8626,90.8626,399.0,357.4749829952799,236.8689142000715,19.705017004720098
90.882,90.882,369.0,358.7011599486623,236.8873489003799,-11.52115994866228
90.9015,90.9015,405.0,359.42817907651335,236.9058143716246,23.751820923486655
90.9209,90.9209,416.0,359.6683420740894,236.9241209338136,34.511657925910576
90.9404,90.9404,437.0,359.4588113016407,236.94245702141714,55.72118869835929
90.9598,90.9598,438.0,358.84106218779914,236.96063428059443,57.33893781220086
90.9793,90.9793,478.0,357.8576647666665,236.9788398119281,98.32233523333349
90.9988,90.9988,473.0,356.5554530710559,236.9969794549855,94.62454692894408
91.0182,91.0182,452.0,354.9846544429903,237.01496039872384,75.19534555700972
91.0377,91.0377,482.0,353.1612437814186,237.03296771855221,107.01875621858142
91.0571,91.0571,469.0,351.1307896671169,237.05081643045088,96.04921033288309
91.0766,91.0766,475.0,348.886680628342,237.06869024574513,104.29331937165801
91.096,91.096,450.0,346.46347482433725,237.086405548829,81.71652517566275
91.1155,91.1155,454.0,343.844835092057,237.10414467480908,88.33516490794301
91.135,91.135,451.0,341.0497227214307,237.1218158361021,88.13027727856928
91.1544,91.1544,450.0,338.0982362683998,237.13932863705128,90.08176373160023
91.1739,91.1739,466.0,334.97418755202375,237.15686332380486,109.20581244797626
91.1933,91.1933,398.0,331.7269566308153,237.17423975683423,44.45304336918468
91.2128,91.2128,437.0,328.343893899214,237.1916367755607,86.83610610078603
91.2322,91.2322,436.0,324.886557081206,237.20887565156877,89.29344291879403
91.2517,91.2517,456.0,321.3522545027886,237.22613380529293,112.82774549721142
91.2712,91.2712,405.0,317.78832241939165,237.2433218965259,65.39167758060836
91.2906,91.2906,431.0,314.246989197186,237.26035201996237,94.93301080281401
91.3101,91.3101,427.0,310.7217072485809,237.277399442636,94.4582927514191
91.3295,91.3295,401.0,307.2776404669392,237.29428901956032,71.9023595330608
91.349,91.349,400.0,303.90038985398536,237.31119456796054,74.27961014601465
91.3684,91.3684,400.0,300.64483630833854,237.32794239710122,77.53516369166147
91.3879,91.3879,391.0,297.4940057457042,237.34470486201408,71.68599425429579
91.4074,91.4074,370.0,294.47475974776705,237.36139514516165,53.70524025223295
91.4268,91.4268,373.0,291.6073949847352,237.37792790732368,59.57260501526479
91.4463,91.4463,389.0,288.86761863149945,237.3944732850294,78.31238136850055
91.4657,91.4657,331.0,286.28509107795355,237.41086127942222,22.894908922046447
91.4852,91.4852,345.0,283.8299422828094,237.4272605337017,39.350057717190616
91.5046,91.5046,329.0,281.5256117003308,237.44350254684045,25.654388299669215
91.5241,91.5241,336.0,279.3435551511342,237.4597544561973,34.83644484886582
91.5436,91.5436,334.0,277.2915619159452,237.47593204296814,34.88843808405482
91.563,91.563,321.0,275.37194305669954,237.4919526105223,23.808056943300464
91.5825,91.5825,308.0,273.56013599529706,237.50798101195272,12.61986400470294
91.6019,91.6019,271.0,271.8676099181376,237.5238525476636,-22.68760991813759
91.6214,91.6214,296.0,270.2703416755903,237.53973053345553,3.9096583244096834
91.6408,91.6408,294.0,268.7788804377963,237.55545181158135,3.4011195622036823
91.6603,91.6603,257.0,267.3717854375585,237.57117814791195,-32.191785437558515
91.6798,91.6798,292.0,266.0504126483913,237.5868279992122,4.129587351608727
91.6992,91.6992,296.0,264.8158007943504,237.60232138871987,9.364199205649577
91.7187,91.7187,269.0,263.64962838883605,237.6178177316122,-16.46962838883605
91.7381,91.7381,246.0,262.55914035702824,237.6331577822331,-38.37914035702824
91.7576,91.7576,262.0,261.5280176671371,237.64849937406188,-21.34801766713708
91.777,91.777,299.0,260.56298502210905,237.66368484775376,16.617014977890953
91.7965,91.7965,262.0,259.6492000204961,237.67887044232592,-19.469200020496096
91.816,91.816,271.0,258.78830920538394,237.6939773677231,-9.60830920538394
91.8354,91.8354,256.0,257.98084676915624,237.70892844510692,-23.800846769156244
91.8549,91.8549,275.0,257.2151831754087,237.72387749570646,-4.035183175408697
91.8743,91.8743,288.0,256.4956917973117,237.73867088403816,9.684308202688321
91.8938,91.8938,276.0,255.812488601006,237.75346080478303,-1.6324886010060098
91.9132,91.9132,278.0,255.17009931838703,237.76809525367648,1.0099006816129688
91.9327,91.9327,252.0,254.55893805911572,237.78272478595986,-24.37893805911572
91.9521,91.9521,233.0,253.9833380418327,237.7971990414953,-42.803338041832696
91.9716,91.9716,228.0,253.435113584569,237.81166692315668,-47.255113584568996
91.9911,91.9911,241.0,252.91555625420872,237.8260532956806,-33.735556254208724
92.0105,92.0105,246.0,252.4249767085933,237.84028469319915,-28.244976708593306
92.03,92.03,258.0,251.95701774725475,237.85450751355822,-15.777017747254753
92.0494,92.0494,262.0,251.51469733264395,237.86857556581162,-11.334697332643948
92.0689,92.0689,249.0,251.09200794385004,237.8826335629413,-23.912007943850035
92.0883,92.0883,265.0,250.69207050117524,237.89653700360975,-7.512070501175238
92.1078,92.1078,277.0,250.30950613386807,237.91042890287963,4.87049386613193
92.1273,92.1273,241.0,249.9451274846636,237.92423705898057,-30.7651274846636
92.1467,92.1467,261.0,249.59965058478386,237.9378909853038,-10.41965058478386
92.1662,92.1662,212.0,249.26868975071162,237.95153112325744,-59.088689750711616
92.1856,92.1856,244.0,248.95453630456393,237.96501725501832,-26.77453630456393
92.2051,92.2051,247.0,248.6530935125849,237.97848809125875,-23.47309351258489
92.2245,92.2245,255.0,248.36680554404577,237.99180514969424,-15.186805544045775
92.244,92.244,227.0,248.09173671965416,238.00510539707716,-42.911736719654165
92.2635,92.2635,259.0,247.8288077233239,238.01831964530706,-10.648807723323905
92.2829,92.2829,246.0,247.5786608333389,238.03138046766097,-23.398660833338887
92.3024,92.3024,240.0,247.33808788042487,238.04442218793557,-29.158087880424866
92.3218,92.3218,244.0,247.10887114323089,238.0573107228075,-24.928871143230886
92.3413,92.3413,233.0,246.88823443531976,238.07017861901588,-35.70823443531976
92.3607,92.3607,254.0,246.67799561403422,238.08289357515585,-14.497995614034217
92.3802,92.3802,230.0,246.47533950187065,238.095586347596,-38.29533950187065
92.3997,92.3997,241.0,246.28101924034252,238.10819084286976,-27.101019240342517
92.4191,92.4191,247.0,246.0955828918105,238.12064277555487,-20.915582891810494
92.4386,92.4386,210.0,245.91671356490644,238.1330701890867,-57.736713564906445
92.458,92.458,241.0,245.74579727082767,238.1453452975954,-26.565797270827666
92.4775,92.4775,224.0,245.58086781649286,238.15759432068552,-43.400867816492855
92.4969,92.4969,245.0,245.4231932946753,238.16969130123724,-22.243193294675287
92.5164,92.5164,226.0,245.2708520725789,238.18176062158236,-41.09085207257889
92.5359,92.5359,243.0,245.12440424547762,238.1937393646414,-23.94440424547762
92.5553,92.5553,217.0,244.98434312794322,238.2055664684994,-49.80434312794322
92.5748,92.5748,244.0,244.84884970809017,238.21736353189806,-22.66884970809017
92.5942,92.5942,246.0,244.71911320894105,238.22900923095796,-20.539113208941053
92.6137,92.6137,240.0,244.5936442596525,238.24062329336383,-26.413644259652507
92.6331,92.6331,241.0,244.47343094797117,238.252086271271,-25.293430947971167
92.6526,92.6526,233.0,244.35704223358834,238.26351600773575,-33.177042233588345
92.6721,92.6721,238.0,244.24496365763713,238.27485284461196,-28.06496365763713
92.6915,92.6915,233.0,244.13749703881754,238.286039026492,-32.95749703881754
92.711,92.711,257.0,244.0333694175123,238.29718954150434,-8.85336941751229
92.7304,92.7304,254.0,243.93352048068533,238.30818969388483,-11.753520480685332
92.7499,92.7499,250.0,243.8367482177808,238.31915255302465,-15.656748217780809
92.7693,92.7693,218.0,243.74385604226302,238.3299653469335,-47.56385604226302
92.7888,92.7888,224.0,243.65379837690708,238.3407392125635,-41.47379837690708
92.8083,92.8083,225.0,243.56694328248233,238.35141783404268,-40.38694328248233
92.8277,92.8277,240.0,243.48353617095154,238.3619468462679,-25.30353617095154
92.8472,92.8472,231.0,243.40260907388398,238.37243445924156,-34.22260907388398
92.8666,92.8666,230.0,243.32492257725312,238.38277277303385,-35.14492257725312
92.8861,92.8861,276.0,243.24949590074596,238.3930680307732,10.930504099254044
92.9055,92.9055,211.0,243.17702441183593,238.4032143044993,-53.99702441183593
92.925,92.925,253.0,243.10670828836845,238.41331585663468,-11.926708288368452
92.9445,92.9445,241.0,243.0387913565958,238.42331979772035,-23.858791356595795
92.9639,92.9639,244.0,242.97349474911024,238.43317523755428,-20.793494749110245
92.9834,92.9834,237.0,242.91009918372822,238.44298343890145,-27.73009918372822
93.0028,93.0028,224.0,242.84919072070917,238.4526434669846,-40.669190720709175
93.0223,93.0223,228.0,242.79000724986835,238.4622545691007,-36.61000724986835
93.0417,93.0417,213.0,242.73310239830394,238.4717178310952,-51.55310239830394
93.0612,93.0612,252.0,242.6778582622653,238.48113047083416,-12.49785826226529
93.0807,93.0807,256.0,242.6244699663212,238.49044311021126,-8.444469966321186
93.1001,93.1001,263.0,242.57311622557523,238.49960841932432,-1.393116225575234
93.1196,93.1196,234.0,242.52325851689534,238.50872054298546,-30.34325851689534
93.139,93.139,246.0,242.4753094989616,238.51768568249298,-18.295309498961593
93.1585,93.1585,224.0,242.42872392994937,238.526595918138,-40.24872392994937
93.1779,93.1779,244.0,242.38394824414618,238.53535952095407,-20.203948244146183
93.1974,93.1974,228.0,242.34045791976513,238.54406649261685,-36.16045791976513
93.2169,93.2169,252.0,242.29842624844454,238.55267105211544,-12.118426248444543
93.2363,93.2363,226.0,242.25801598753637,238.56112951605127,-38.07801598753637
93.2558,93.2558,226.0,242.21879783965022,238.5695287389588,-38.03879783965022
93.2752,93.2752,244.0,242.1810953817771,238.5777822307452,-20.001095381777112
93.2947,93.2947,225.0,242.14449064673065,238.58597473191008,-38.964490646730646
93.3141,93.3141,255.0,242.10934189021722,238.5940218716695,-8.929341890217223
93.3336,93.3336,210.0,242.07521261235192,238.60200626226174,-53.89521261235192
93.3531,93.3531,227.0,242.04226859210524,238.60988580632082,-36.862268592105245
93.3725,93.3725,246.0,242.01064966379738,238.61762055396287,-17.83064966379738
93.392,93.392,225.0,241.97998703399372,238.62528989550472,-38.79998703399372
93.4114,93.4114,231.0,241.95054935258975,238.63281482361185,-32.77054935258975
93.4309,93.4309,239.0,241.92202722074435,238.64027256458994,-24.742027220744355
93.4503,93.4503,260.0,241.8946942927098,238.64758628044947,-3.714694292709801
93.4698,93.4698,217.0,241.86821057184665,238.65483101912625,-46.688210571846646
93.4893,93.4893,243.0,241.84270793573097,238.66196845425708,-20.66270793573097
93.5087,93.5087,231.0,241.81829907729798,238.66896245729498,-32.63829907729798
93.5282,93.5282,246.0,241.79469798962572,238.67588477877854,-17.614697989625718
93.5476,93.5476,256.0,241.7721135402743,238.68266406990205,-7.5921135402742905
93.5671,93.5671,218.0,241.75032281086837,238.68936986675294,-45.57032281086837
93.5865,93.5865,254.0,241.72950531053482,238.69593304037062,-9.549505310534819
93.606,93.606,234.0,241.70942965813126,238.7024208979,-29.529429658131257
93.6255,93.6255,258.0,241.69019758714592,238.7087989721502,-5.5101975871459175
93.6449,93.6449,240.0,241.67189454922575,238.71503504454623,-23.491894549225755
93.6644,93.6644,224.0,241.65429109187997,238.72119304866183,-39.47429109187997
93.6838,93.6838,264.0,241.63755969489875,238.72720947161758,0.5424403051012447
93.7033,93.7033,233.0,241.6215370387479,238.7331459816307,-30.441537038747903
93.7227,93.7227,219.0,241.60634827116806,238.7389413366326,-44.42634827116806
93.7422,93.7422,257.0,241.59183713954312,238.74465492485922,-6.411837139543117
93.7617,93.7617,259.0,241.5780717962508,238.75025622727625,-4.398071796250811
93.7811,93.7811,245.0,241.5651183381287,238.75571702473175,-18.385118338128713
93.8006,93.8006,225.0,241.55280763838425,238.7610932550165,-38.37280763838425
93.82,93.82,246.0,241.54128365760147,238.76632942020714,-17.36128365760147
93.8395,93.8395,260.0,241.53040710258506,238.77147914136535,-3.3504071025850592
93.8589,93.8589,241.0,241.52027509601652,238.7764892428118,-22.34027509601652
93.8784,93.8784,240.0,241.51079428190158,238.78141101412075,-23.330794281901582
93.8979,93.8979,234.0,241.50201495583298,238.78621797421565,-29.322014955832977
93.9173,93.9173,231.0,241.4939593162944,238.79088599363752,-32.313959316294394
93.9368,93.9368,233.0,241.48653956284724,238.7954628339389,-30.30653956284724
93.9562,93.9562,222.0,241.47984708603002,238.7999011928201,-41.29984708603002
93.9757,93.9757,248.0,241.47379753766361,238.8042464632637,-15.293797537663615
93.9951,93.9951,231.0,241.46844562907248,238.80845371711575,-32.28844562907248
94.0146,94.0146,252.0,241.46375859547854,238.8125659638962,-11.283758595478538
94.0341,94.0341,218.0,241.45974929685835,238.8165608511073,-45.27974929685835
94.0535,94.0535,231.0,241.45642968761965,238.82041843007443,-32.27642968761965
94.073,94.073,256.0,241.4537841673383,238.82417810401407,-7.273784167338313
94.0924,94.0924,244.0,241.45184441219837,238.82780094856122,-19.27184441219837
94.1119,94.1119,229.0,241.45057898696643,238.8313239460513,-34.270578986966434
94.1313,94.1313,268.0,241.45000730577172,238.83471059863717,4.7299926942282795
94.1508,94.1508,244.0,241.45014924199214,238.83799545274601,-19.270149241992137
94.1703,94.1703,223.0,241.45099974703876,238.84116037590275,-40.270999747038765
94.1897,94.1897,247.0,241.45255262628055,238.8441896921323,-16.27255262628055
94.2092,94.2092,245.0,241.45484908924124,238.84711426256968,-18.274849089241236
94.2286,94.2286,255.0,241.45787603325599,238.84990372474408,-8.277876033255986
94.2481,94.2481,235.0,241.46165388842695,238.85258646612644,-28.281653888426952
94.2675,94.2675,229.0,241.4661847775883,238.85513460360806,-34.286184777588296
94.287,94.287,227.0,241.47151082382857,238.85757403583372,-36.29151082382857
94.3065,94.3065,250.0,241.4776296161555,238.85989094261998,-13.297629616155497
94.3259,94.3259,255.0,241.4845132295601,238.86207401343424,-8.304513229560094
94.3454,94.3454,238.0,241.49227107112893,238.86414538193023,-25.312271071128926
94.3648,94.3648,244.0,241.50082579308182,238.86608343314577,-19.320825793081816
94.3843,94.3843,242.0,241.51027935454042,238.86790777381452,-21.330279354540416
94.4037,94.4037,219.0,241.5205825792441,238.86959932165394,-44.34058257924409
94.4232,94.4232,256.0,241.53184415706045,238.87117514117986,-7.351844157060448
94.4427,94.4427,260.0,241.54403442071816,238.87262581759816,-3.3640344207181627
94.4621,94.4621,222.0,241.55713749341692,238.87394449939055,-41.37713749341692
94.4816,94.4816,252.0,241.57129454674688,238.87514440567134,-11.391294546746884
94.501,94.501,250.0,241.58638895700898,238.87621285626085,-13.406388957008978
94.5205,94.5205,242.0,241.60262780443722,238.87716048962207,-21.42262780443722
94.5399,94.5399,270.0,241.61987586928527,238.8779772120478,6.560124130714733
94.5594,94.5594,270.0,241.63833782695664,238.87867106591645,6.541662173043356
94.5789,94.5789,232.0,241.657960627445,238.87923713575117,-31.477960627444993
94.5983,94.5983,252.0,241.67870946714945,238.879673123453,-11.498709467149446
94.6178,94.6178,210.0,241.70081661506038,238.87998314487356,-53.520816615060376
94.6372,94.6372,267.0,241.72410103610173,238.88016364355516,3.455898963898271
94.6567,94.6567,253.0,241.74887630172796,238.88021610049068,-10.568876301727961
94.6761,94.6761,238.0,241.7749371207033,238.88013959996437,-25.5949371207033
94.6956,94.6956,251.0,241.8025843369091,238.87993297254067,-12.622584336909092
94.715,94.715,266.0,241.8316400285281,238.87959795883307,2.3483599714718864
94.7345,94.7345,253.0,241.86243793473443,238.87913072336875,-10.68243793473443
94.754,94.754,258.0,241.89491548362062,238.8785322743768,-5.714915483620622
94.7734,94.7734,214.0,241.92895138305386,238.87780630772042,-49.74895138305386
94.7929,94.7929,241.0,241.96500897799848,238.87694495605166,-22.78500897799848
94.8123,94.8123,243.0,242.00278414144594,238.87595667273422,-20.822784141445943
94.8318,94.8318,255.0,242.04273680873393,238.87483088516936,-8.862736808733935
94.8512,94.8512,241.0,242.08460513282262,238.87357875793464,-22.904605132822617
94.8707,94.8707,235.0,242.12888338701686,238.87218699743477,-28.948883387016856
94.8902,94.8902,233.0,242.17546495789634,238.8706613290341,-30.99546495789634
94.9096,94.9096,244.0,242.22426236582214,238.86901022092815,-20.044262365822142
94.9291,94.9291,259.0,242.27585943122557,238.8672162648794,-5.09585943122557
94.9485,94.9485,241.0,242.3298589611924,238.86529747609777,-23.1498589611924
94.968,94.968,221.0,242.38699720420564,238.86323368579284,-43.20699720420564
94.9874,94.9874,226.0,242.4468270667789,238.861045675753,-38.266827066778895
95.0069,95.0069,259.0,242.5101197349654,238.85871050075173,-5.3301197349654
95.0264,95.0264,243.0,242.5767263370145,238.85623869996638,-21.396726337014492
95.0458,95.0458,245.0,242.64654074119494,238.85364361108367,-19.46654074119494
95.0653,95.0653,272.0,242.72042526941343,238.85089809074626,7.459574730586574
95.0847,95.0847,261.0,242.79783551260434,238.84802991045953,-3.617835512604337
95.1042,95.1042,245.0,242.87984922889217,238.8450091105294,-19.69984922889217
95.1236,95.1236,242.0,242.9658524178784,238.84186628488627,-22.78585241787841
95.1431,95.1431,262.0,243.05694652613667,238.83856864147816,-2.8769465261366705
95.1626,95.1626,216.0,243.15307788830313,238.83513163081574,-48.97307788830313
95.182,95.182,233.0,243.25398737096384,238.83157355808046,-32.07398737096384
95.2015,95.2015,227.0,243.3610353760185,238.82785734887608,-38.18103537601849
95.2209,95.2209,242.0,243.47344520004643,238.82402072714225,-23.293445200046428
95.2404,95.2404,238.0,243.5928361364412,238.820023745879,-27.412836136441207
95.2598,95.2598,213.0,243.71835461254014,238.8159070077809,-52.53835461254014
95.2793,95.2793,220.0,243.85167005812164,238.8116276770848,-45.67167005812164
95.2988,95.2988,237.0,243.99275257202135,238.8072062140002,-28.812752572021346
95.3182,95.3182,241.0,244.1412763194074,238.80266599005412,-24.96127631940741
95.3377,95.3377,263.0,244.2992331816463,238.79795980219868,-3.119233181646287
95.3571,95.3571,223.0,244.46575554750012,238.79313552464103,-43.28575554750012
95.3766,95.3766,247.0,244.64306090918208,238.78814302497784,-19.463060909182083
95.396,95.396,243.0,244.82999373167067,238.7830331129859,-23.64999373167067
95.4155,95.4155,208.0,245.02930770211913,238.77775271060833,-58.84930770211913
95.435,95.435,211.0,245.2407883866431,238.77232738696762,-56.06078838664309
95.4544,95.4544,262.0,245.46408379840022,238.76678567963657,-5.284083798400225
95.4739,95.4739,226.0,245.7022561619061,238.76107005760394,-41.52225616190609
95.4933,95.4933,228.0,245.95403930029445,238.75523874487732,-39.774039300294454
95.5128,95.5128,240.0,246.22283124490454,238.74923122385198,-28.04283124490454
95.5322,95.5322,251.0,246.50690358450717,238.74310871140656,-17.32690358450717
95.5517,95.5517,227.0,246.81044880056498,238.73680768690576,-41.630448800564984
95.5712,95.5712,226.0,247.13311705538243,238.73035892844987,-42.95311705538243
95.5906,95.5906,244.0,247.47416637051782,238.7237962402101,-25.29416637051782
95.6101,95.6101,230.0,247.8386266667632,238.71705156219573,-39.65862666676319
95.6295,95.6295,237.0,248.22390781842157,238.71019366945305,-33.043907818421566
95.649,95.649,252.0,248.63522408287253,238.70315145767196,-18.455224082872526
95.6684,95.6684,215.0,249.06949497138638,238.69599675255927,-55.88949497138638
95.6879,95.6879,219.0,249.53270092956038,238.68865538890864,-52.35270092956038
95.7074,95.7074,224.0,250.02364908734575,238.6811634547168,-47.843649087345746
95.7268,95.7268,234.0,250.54054648453607,238.67356012216158,-38.360546484536066
95.7463,95.7463,241.0,251.08985245340156,238.66576659954623,-31.909852453401562
95.7657,95.7657,256.0,251.66639610450358,238.6578624159051,-17.486396104503577
95.7852,95.7852,209.0,252.27605707934495,238.64976567700663,-65.09605707934494
95.8046,95.8046,258.0,252.91302596393177,238.64155902082499,-16.733025963931773
95.8241,95.8241,248.0,253.58266916476668,238.63315743387693,-27.402669164766685
95.8436,95.8436,241.0,254.28055183086468,238.62460241583057,-35.10055183086468
95.863,95.863,258.0,255.000392426193,238.61593860913655,-18.820392426193003
95.8825,95.8825,249.0,255.7468655438758,238.60707628594994,-28.5668655438758
95.9019,95.9019,247.0,256.507886660351,238.59810593395895,-31.327886660351005
95.9214,95.9214,233.0,257.2854815039254,238.58893466407739,-46.10548150392538
95.9408,95.9408,253.0,258.06575335930614,238.5796561317037,-26.885753359306143
95.9603,95.9603,228.0,258.84814732534716,238.57017426965317,-52.66814732534716
95.9798,95.9798,220.0,259.6196793720244,238.56053609189968,-61.43967937202439
95.9992,95.9992,249.0,260.36601644932574,238.55079181429343,-33.18601644932574
96.0187,96.0187,265.0,261.0842601779479,238.54084056667796,-17.904260177947897
96.0381,96.0381,237.0,261.75532584120947,238.53078400178302,-46.57532584120947
96.0576,96.0576,245.0,262.3754842056419,238.5205180290122,-39.1954842056419
96.077,96.077,263.0,262.92768201548984,238.5101475280684,-21.747682015489836
96.0965,96.0965,245.0,263.4086038802605,238.49956517091684,-40.2286038802605
96.116,96.116,247.0,263.80789878935985,238.48882358933307,-38.627898789359854
96.1354,96.1354,282.0,264.11946756270436,238.47797867655734,-3.9394675627043583
96.1549,96.1549,242.0,264.3439197992778,238.46691821223186,-44.163919799277785
96.1743,96.1743,257.0,264.47974799542305,238.45575522224294,-29.299747995423054
96.1938,96.1938,230.0,264.53082128405913,238.44437420609978,-56.35082128405913
96.2132,96.2132,264.0,264.5013469728179,238.43289147641946,-22.321346972817885
96.2327,96.2327,240.0,264.39789928441894,238.42118823543828,-46.21789928441894
96.2522,96.2522,241.0,264.22709043736666,238.4093228370944,-45.047090437366656
96.2716,96.2716,238.0,263.9976633520574,238.39735695687475,-47.81766335205737
96.2911,96.2911,233.0,263.71462002884607,238.38516681459808,-52.53462002884607
96.3105,96.3105,225.0,263.3870749749794,238.37287701915548,-60.207074974979385
96.33,96.33,256.0,263.01616658493697,238.36036045004383,-28.83616658493697
96.3494,96.3494,246.0,262.6095873779001,238.3477450631385,-38.429587377900084
96.3689,96.3689,272.0,262.16648154259383,238.33490038033275,-11.986481542593829
96.3884,96.3884,260.0,261.68979498182546,238.32189058295586,-23.509794981825458
96.4078,96.4078,240.0,261.1835682897049,238.30878323446697,-43.00356828970491
96.4273,96.4273,228.0,260.6437631303744,238.2954427835019,-54.463763130374396
96.4467,96.4467,266.0,260.0770712791601,238.28200563354264,-15.897071279160123
96.4662,96.4662,260.0,259.4787262393193,238.268332832217,-21.298726239319315
96.4856,96.4856,233.0,258.8575385116973,238.25456419074243,-47.67753851169733
96.5051,96.5051,274.0,258.2096549461635,238.24055733831486,-6.0296549461634825
96.5246,96.5246,279.0,257.54223571962945,238.22638238975273,-0.3622357196294459
96.544,96.544,266.0,256.8632989683097,238.21211290308491,-12.683298968309721
96.5635,96.5635,272.0,256.1709361600242,238.19760134266144,-5.990936160024212
96.5829,96.5829,252.0,255.4768289700709,238.18299611988587,-25.296828970070898
96.6024,96.6024,269.0,254.77948658111478,238.1681462369151,-7.599486581114782
96.6218,96.6218,229.0,254.09066412300353,238.15320357413816,-46.910664123003535
96.6413,96.6413,227.0,253.40767160190316,238.1380136539523,-48.22767160190316
96.6608,96.6608,250.0,252.7381589609172,238.12265263163692,-24.55815896091719
96.6802,96.6802,266.0,252.0890218228075,238.10720016726268,-7.909021822807496
96.6997,96.6997,259.0,251.455790083046,238.09149652604222,-14.275790083045997
96.7191,96.7191,261.0,250.8473538086263,238.07570234238028,-11.66735380862631
96.7386,96.7386,227.0,250.25875688928906,238.05965435761124,-45.07875688928906
96.758,96.758,259.0,249.69713751466412,238.04351673687583,-12.517137514664121
96.7775,96.7775,259.0,249.1570905810122,238.02712267992027,-11.977090581012199
96.797,96.797,260.0,248.64188059465056,238.01055449033188,-10.461880594650559
96.8164,96.8164,240.0,248.1535252104106,237.99389803857207,-29.973525210410607
96.8359,96.8359,257.0,247.6865746895303,237.97698117411082,-12.50657468953029
96.8553,96.8553,241.0,247.24528369823798,237.9599769711886,-28.065283698237984
96.8748,96.8748,258.0,246.82416112458245,237.94270969320965,-10.644161124582446
96.8942,96.8942,246.0,246.42673930253682,237.92535600740368,-22.246739302536817
96.9137,96.9137,269.0,246.0478788622012,237.90773657325542,1.1321211377987979
96.9332,96.9332,226.0,245.6888057366262,237.88993995138588,-41.50880573662619
96.9526,96.9526,277.0,245.35003647975284,237.87205833187653,9.829963520247155
96.9721,96.9721,266.0,245.0271016314713,237.85390693008912,-0.8471016314713111
96.9915,96.9915,247.0,244.7224000123697,237.83567147869542,-19.54240001236969
97.011,97.011,232.0,244.4317869406837,237.8171635443005,-34.25178694068371
97.0304,97.0304,228.0,244.15721599637786,237.7985725153219,-37.97721599637786
97.0499,97.0499,253.0,243.89514989549173,237.77970629161027,-12.715149895491727
97.0694,97.0694,258.0,243.64601842682467,237.76065980042682,-7.466018426824668
97.0888,97.0888,259.0,243.41028763437816,237.74153166158516,-6.230287634378165
97.1083,97.1083,248.0,243.1847209234717,237.7221242362087,-17.0047209234717
97.1277,97.1277,267.0,242.97100945456168,237.70263613576122,2.2089905454383185
97.1472,97.1472,242.0,242.7661274615732,237.68286600941332,-22.586127461573206
97.1666,97.1666,206.0,242.57164823159252,237.66301618763669,-58.39164823159252
97.1861,97.1861,254.0,242.38492035850715,237.64288158950686,-10.204920358507145
97.2056,97.2056,234.0,242.20647338507288,237.62256361941593,-30.026473385072883
97.225,97.225,268.0,242.03655461938192,237.6021674379072,4.143445380618083
97.2445,97.2445,248.0,241.87303622188844,237.58148232996462,-15.693036221888441
97.2639,97.2639,229.0,241.71706733643867,237.56072000797656,-34.537067336438675
97.2834,97.2834,232.0,241.56662630296603,237.5396659812714,-31.38662630296603
97.3028,97.3028,207.0,241.42289868286997,237.5185357450145,-56.24289868286997
97.3223,97.3223,254.0,241.28399873853095,237.4971110145912,-9.103998738530954
97.3418,97.3418,273.0,241.15038266520938,237.47549978290212,10.029617334790622
97.3612,97.3612,225.0,241.02231360611387,237.45381386310584,-37.84231360611387
97.3807,97.3807,257.0,240.89824906097317,237.43182924036972,-5.7182490609731715
97.4001,97.4001,234.0,240.77913286558234,237.4097709519163,-28.59913286558234
97.4196,97.4196,245.0,240.663482214779,237.38741114304602,-17.48348221477901
97.439,97.439,220.0,240.5522640336432,237.36497869803608,-42.37226403364321
97.4585,97.4585,225.0,240.44410235939617,237.34224190388744,-37.26410235939617
97.478,97.478,233.0,240.33933986892143,237.31931545427597,-29.15933986892143
97.4974,97.4974,211.0,240.23832171774026,237.29631792775234,-51.05832171774026
97.5169,97.5169,225.0,240.13980024762037,237.27301178420873,-36.95980024762037
97.5363,97.5363,259.0,240.04463428663726,237.24963561139333,-2.864634286637262
97.5558,97.5558,235.0,239.95166201094483,237.22594796461044,-26.77166201094483
97.5752,97.5752,239.0,239.86172000678542,237.20219134345072,-22.68172000678542
97.5947,97.5947,222.0,239.77368968624543,237.1781203800518,-39.59368968624543
97.6141,97.6141,249.0,239.68837407461027,237.15398150444486,-12.508374074610266
97.6336,97.6336,244.0,239.6047525332322,237.12952540698038,-17.424752533232187
97.6531,97.6531,227.0,239.5231747905642,237.1048755622923,-34.34317479056421
97.6725,97.6725,248.0,239.44389937472246,237.0801594137133,-13.263899374722463
97.692,97.692,226.0,239.3660440750122,237.05512169879404,-35.18604407501221
97.7114,97.7114,255.0,239.2902867375432,237.03001876043012,-6.110286737543198
97.7309,97.7309,257.0,239.2157528385014,237.00459134762679,-4.035752838501402
97.7503,97.7503,229.0,239.14313410968376,236.97909979916585,-31.963134109683757
97.7698,97.7698,230.0,239.07158756476068,236.95328085674015,-30.891587564760677
97.7893,97.7893,241.0,239.00143187527055,236.92726495571125,-19.821431875270555
97.8087,97.8087,226.0,238.93291711316337,236.90118656592824,-34.75291711316337
97.8282,97.8282,219.0,238.8652980521388,236.87477637763652,-41.6852980521388
97.8476,97.8476,224.0,238.79918554942384,236.84830480682294,-36.61918554942384
97.8671,97.8671,220.0,238.73383659057103,236.82149848929535,-40.55383659057103
97.8865,97.8865,215.0,238.66987181546213,236.79463190288635,-45.48987181546213
97.906,97.906,225.0,238.6065785652414,236.76742761005215,-35.42657856524139
97.9255,97.9255,238.0,238.5442227355415,236.74002312209072,-22.364222735541496
97.9449,97.9449,223.0,238.48308131974423,236.712560051091,-37.30308131974423
97.9644,97.9644,237.0,238.4224689811476,236.68475480864177,-23.242468981147603
97.9838,97.9838,231.0,238.36297169444748,236.65689211540843,-29.18297169444748
98.0033,98.0033,225.0,238.30392637288858,236.62868426213487,-35.12392637288858
98.0227,98.0227,237.0,238.2459125797188,236.6004200978067,-23.065912579718805
98.0422,98.0422,222.0,238.1882731661796,236.57180777326175,-38.00827316617961
98.0617,98.0617,239.0,238.1312839810957,236.54299199184402,-20.951283981095692
98.0811,98.0811,215.0,238.07520126663658,236.51412162450902,-44.89520126663658
98.1006,98.1006,233.0,238.0194142847311,236.48489857103246,-26.839414284731113
98.12,98.12,213.0,237.96445165376173,236.45562209015097,-46.78445165376173
98.1395,98.1395,223.0,237.90973466711839,236.4259898938715,-36.729734667118386
98.1589,98.1589,241.0,237.85578628907544,236.39630543624247,-18.67578628907544
98.1784,98.1784,230.0,237.80202217943778,236.36626222229302,-29.622022179437785
98.1979,98.1979,232.0,237.7486999162791,236.33601226442718,-27.568699916279094
98.2173,98.2173,216.0,237.6960664421923,236.3057118099989,-43.51606644219229
98.2368,98.2368,216.0,237.64355718218113,236.27504801200374,-43.46355718218113
98.2562,98.2562,234.0,237.59167754367087,236.24433490245386,-25.41167754367087
98.2757,98.2757,234.0,237.5398859252397,236.21325537913407,-25.359885925239702
98.2951,98.2951,205.0,237.48868450398976,236.18212773687824,-54.30868450398976
98.3146,98.3146,238.0,237.43752569402173,236.15063059890295,-21.25752569402173
98.3341,98.3341,241.0,237.3866611989023,236.11892340459272,-18.20666119890229
98.3535,98.3535,224.0,237.33632679239318,236.08716989614035,-35.15632679239318
98.373,98.373,226.0,237.28598541127337,236.05504224297758,-33.10598541127337
98.3924,98.3924,230.0,237.23614174110136,236.02286948741389,-29.056141741101364
98.4119,98.4119,236.0,237.18626184358817,235.99031947570842,-23.00626184358817
98.4313,98.4313,221.0,237.13684731458477,235.95772558102217,-37.95684731458477
98.4508,98.4508,231.0,237.08736859074614,235.92475130693566,-27.907368590746138
98.4703,98.4703,216.0,237.03807329354012,235.89156363864393,-42.85807329354012
98.4897,98.4897,241.0,236.98919460921303,235.85833393252997,-17.80919460921303
98.5092,98.5092,241.0,236.94021524827096,235.8247191358568,-17.76021524827096
98.5286,98.5286,218.0,236.89162921593498,235.79106354007484,-40.711629215934984
98.5481,98.5481,275.0,236.84292368926606,235.7570197007913,16.33707631073394
98.5675,98.5675,229.0,236.79458015483354,235.72293630885972,-29.61458015483354
98.587,98.587,252.0,236.7460982540241,235.68846150857632,-6.566098254024105
98.6065,98.6065,220.0,236.69771041160584,235.65376995068888,-38.51771041160584
98.6259,98.6259,257.0,236.64965800745583,235.61904072603593,-1.469658007455827
98.6454,98.6454,219.0,236.60143296175912,235.5839153192793,-39.421432961759116
98.6648,98.6648,272.0,236.55352251295025,235.54875351168215,13.626477487049748
98.6843,98.6843,233.0,236.5054249857232,235.51319232724484,-25.32542498572321
98.7037,98.7037,250.0,236.45761896551645,235.47759601570812,-8.277618965516446
98.7232,98.7232,247.0,236.40961073503408,235.4415971206055,-11.229610735034079
98.7427,98.7427,254.0,236.36163555466345,235.4053780788949,-4.181635554663451
98.7621,98.7621,240.0,236.31392715643307,235.36912583705177,-18.133927156433067
98.7816,98.7816,270.0,236.26599321130982,235.3324661748719,11.91400678869018
98.801,98.801,237.0,236.21831392724633,235.29577460593688,-21.038313927246328
98.8205,98.8205,247.0,236.17039019745067,235.25867237985008,-10.990390197450672
98.8399,98.8399,253.0,236.12270950663864,235.2215395482701,-4.942709506638643
98.8594,98.8594,230.0,236.074770950279,235.1839928106533,-27.894770950279003
98.8789,98.8789,220.0,236.02681776780318,235.1462225117421,-37.84681776780318
98.8983,98.8983,231.0,235.97908393580386,235.10842357575066,-26.799083935803857
98.9178,98.9178,235.0,235.93107755049257,235.070205833505,-22.751077550492575
98.9372,98.9372,229.0,235.8832816340731,235.03196077524962,-28.703281634073086
98.9567,98.9567,237.0,235.8351973470701,234.99329363156184,-20.655197347070107
98.9761,98.9761,212.0,235.78731490060318,234.95460050088852,-45.60731490060318
98.9956,98.9956,235.0,235.7391352920848,234.915481993453,-22.559135292084797
99.0151,99.0151,246.0,235.6908965815065,234.87613648427805,-11.510896581506508
99.0345,99.0345,242.0,235.64284522996292,234.83676699833939,-15.462845229962916
99.054,99.054,221.0,235.59447862163495,234.7969671715463,-36.41447862163495
99.0734,99.0734,230.0,235.54629051600708,234.757144716995,-27.366290516007076
99.0929,99.0929,226.0,235.4977778294212,234.71688859976229,-31.31777782942121
99.1123,99.1123,238.0,235.44943452147706,234.67661121180004,-19.26943452147706
99.1318,99.1318,240.0,235.40075912372433,234.6358968270959,-17.220759123724328
99.1513,99.1513,240.0,235.35199350318243,234.59495197437167,-17.171993503182428
99.1707,99.1707,242.0,235.3033862594599,234.55398790331245,-15.123386259459899
99.1902,99.1902,246.0,235.25443334919268,234.5125818071147,-11.074433349192681
99.2096,99.2096,249.0,235.20562945850264,234.4711578697654,-8.025629458502642
99.2291,99.2291,200.0,235.15647201698553,234.42928854251522,-56.97647201698553
99.2485,99.2485,243.0,235.10745918296067,234.38740275938937,-13.927459182960668
99.268,99.268,275.0,235.05808174226658,234.34506820928505,18.12191825773342
99.2875,99.2875,235.0,235.00858992779789,234.30249969896738,-21.828589927797886
99.3069,99.3069,269.0,234.95923492039753,234.25991682770652,12.220765079602465
99.3264,99.3264,231.0,234.9095055225131,234.2168800963352,-25.729505522513087
99.3458,99.3458,203.0,234.8599054749583,234.17383040962542,-53.67990547495831
99.3653,99.3653,256.0,234.80992424085844,234.13032345482029,-0.6299242408584362
99.3847,99.3847,229.0,234.76006908464115,234.08680495844368,-27.580069084641146
99.4042,99.4042,210.0,234.70982290605812,234.04282577358921,-46.52982290605812
99.4237,99.4237,243.0,234.65944066317172,233.99860911033915,-13.479440663171722
99.4431,99.4431,238.0,234.6091800710062,233.9543830433542,-18.429180071006193
99.4626,99.4626,225.0,234.55851685199147,233.9096911295923,-31.37851685199147
99.482,99.482,213.0,234.5079703999348,233.86499124636592,-43.327970399934806
99.5015,99.5015,236.0,234.45701602206987,233.819822064867,-20.277016022069866
99.5209,99.5209,197.0,234.40617472838557,233.77464635640624,-59.226174728385566
99.5404,99.5404,210.0,234.35491905866752,233.72899788569742,-46.17491905866752
99.5599,99.5599,244.0,234.3035093097262,233.68310839234468,-12.123509309726195
99.5793,99.5793,215.0,234.25220673308115,233.6372145531383,-41.07220673308115
99.5988,99.5988,229.0,234.20048027910016,233.59084272778438,-27.020480279100163
99.6182,99.6182,218.0,234.1488585618314,233.54446801975794,-37.96885856183139
99.6377,99.6377,217.0,234.09680791226276,233.49761183028897,-38.91680791226276
99.6571,99.6571,241.0,234.04485770149103,233.45075422963095,-14.864857701491026
99.6766,99.6766,250.0,233.99247298080834,233.4034116396728,-5.812472980808344
99.6961,99.6961,224.0,233.93991680680531,233.35582445667958,-31.759916806805315
99.7155,99.7155,218.0,233.88745953111967,233.30823808724597,-37.707459531119675
99.735,99.735,249.0,233.8345573772136,233.26016143857788,-6.6545573772135995
99.7544,99.7544,239.0,233.7817513495153,233.21208709580705,-16.601751349515304
99.7739,99.7739,230.0,233.72849586108634,233.16351893441788,-25.548495861086344
99.7933,99.7933,204.0,233.67533308318974,233.11495457963628,-51.49533308318974
99.8128,99.8128,224.0,233.62171559038092,233.0658928542068,-31.441715590380916
99.8323,99.8323,212.0,233.56791309401578,233.01658293913155,-43.38791309401578
99.8517,99.8517,232.0,233.5142025670636,232.96727909942277,-23.334202567063592
99.8712,99.8712,251.0,233.46002775528908,232.9174725326615,-4.280027755289076
99.8906,99.8906,231.0,233.40594381950066,232.86767356300746,-24.225943819500664
99.9101,99.9101,234.0,233.3513891135343,232.8173682825377,-21.17138911353431
99.9295,99.9295,230.0,233.2969233299428,232.76707212935932,-25.116923329942814
99.949,99.949,236.0,233.2419825438008,232.71626606887324,-19.061982543800788
99.9685,99.9685,248.0,233.18684649555095,232.6652081958343,-7.006846495550953
99.9879,99.9879,210.0,233.13179590428334,232.61416176322683,-44.95179590428334
100.0074,100.0074,227.0,233.07626377754826,232.5626,-27.896263777548263
