"limits",30.01,100.0074
"masked X","X","obs","calc","bkg","diff"
--,30.0009,190.0,0.0,0.0,-35.980000000000004
30.0204,30.0204,176.0,182.60774619112195,182.5577,-42.58774619112195
30.0398,30.0398,193.0,182.6116282862552,182.56143960306142,-25.591628286255215
30.0593,30.0593,207.0,182.61563334955483,182.56530081190508,-11.59563334955483
30.0787,30.0787,184.0,182.61971998924932,182.56924373721122,-34.59971998924932
30.0982,30.0982,184.0,182.6239300687237,182.5733087389055,-34.6039300687237
30.1177,30.1177,198.0,182.6282425064679,182.57747546503856,-20.608242506467903
30.1371,30.1371,194.0,182.63263410510842,182.58172148004337,-24.612634105108427
30.1566,30.1566,185.0,182.63714987189792,182.58609026957498,-33.61714987189792
30.176,30.176,193.0,182.64174319882594,182.59053674016678,-25.62174319882594
30.1955,30.1955,206.0,182.64646113523284,182.59510644475355,-12.626461135232844
30.2149,30.2149,205.0,182.65125505145488,182.59975222992352,-13.631255051454886
30.2344,30.2344,195.0,182.65617404932524,182.60452170412734,-23.63617404932525
30.2539,30.2539,196.0,182.6611934277752,182.60939088981087,-22.641193427775207
30.2733,30.2733,204.0,182.66628637080262,182.61433376703962,-14.646286370802628
30.2928,30.2928,198.0,182.67150510862632,182.6194010081583,-20.651505108626324
30.3122,30.3122,192.0,182.6767958449468,182.62454035861862,-26.656795844946814
30.3317,30.3317,180.0,182.6822128261279,182.62980451698712,-38.66221282612791
30.3511,30.3511,186.0,182.68770023289463,182.63513920977076,-32.66770023289463
30.3706,30.3706,213.0,182.6933143422959,182.64059915009827,-5.67331434229591
30.3901,30.3901,216.0,182.69902684519872,182.64615680676602,-2.6790268451987203
30.4095,30.4095,191.0,182.7048074128235,182.65178264706202,-27.684807412823503
30.429,30.429,194.0,182.71071537520916,182.657534386721,-24.690715375209166
30.4484,30.4484,210.0,182.71668984955116,182.6633527532119,-8.696689849551163
30.4679,30.4679,192.0,182.72279214335506,182.66929744779756,-26.70279214335507
30.4873,30.4873,225.0,182.72895939953884,182.67530721963865,6.291040600461159
30.5068,30.5068,189.0,182.7352549338413,182.68144374397014,-29.715254933841308
30.5263,30.5263,199.0,182.74164688829043,182.68767600725624,-19.721646888290437
30.5457,30.5457,191.0,182.74810151646716,182.69397103496118,-27.728101516467163
30.5652,30.5652,192.0,182.7546850598508,182.7003934441833,-26.734685059850804
30.5846,30.5846,216.0,182.76132971917315,182.70687708623507,-2.7413297191731516
30.6041,30.6041,199.0,182.7681037415716,182.71348852341202,-19.748103741571597
30.6235,30.6235,194.0,182.77493734339023,182.7201596689923,-24.75493734339024
30.643,30.643,171.0,182.7819007196184,182.72695901901582,-47.761900719618396
30.6625,30.6625,215.0,182.78895862481815,182.73385214829665,-3.768958624818154
30.6819,30.6819,184.0,182.7960738423136,182.7408027107948,-34.77607384231361
30.7014,30.7014,181.0,182.80331948503456,182.7478820842143,-37.78331948503457
30.7208,30.7208,188.0,182.81062093346986,182.7550173842698,-30.790620933469867
30.7403,30.7403,200.0,182.81805319368456,182.76228189389266,-18.798053193684567
30.7597,30.7597,203.0,182.82553979238395,182.7696008306761,-15.805539792383954
30.7792,30.7792,164.0,182.83315759726534,182.7770493714295,-54.813157597265345
30.7987,30.7987,189.0,182.8408680394277,182.78458974936555,-29.820868039427708
30.8181,30.8181,199.0,182.84863054797944,182.792182316628,-19.828630547979444
30.8376,30.8376,179.0,182.85652489525378,182.79990507203235,-39.83652489525379
30.857,30.857,203.0,182.86446985737558,182.80767853499077,-15.844469857375586
30.8765,30.8765,189.0,182.87254705617315,182.81558256993674,-29.85254705617315
30.8959,30.8959,171.0,182.8806733991259,182.82353583771376,-47.8606733991259
30.9154,30.9154,180.0,182.8889323785559,182.83162005712623,-38.8689323785559
30.9349,30.9349,186.0,182.89728205261116,182.83979418920387,-32.877282052611164
30.9543,30.9543,167.0,182.90567868616463,182.8480153533327,-51.88567868616464
30.9738,30.9738,189.0,182.91420852636426,182.85636803120443,-29.894208526364267
30.9932,30.9932,183.0,182.92278386890067,182.8647662839659,-35.90278386890067
31.0127,31.0127,181.0,182.9314928155042,182.8732964196762,-37.91149281550422
31.0321,31.0321,179.0,182.94024578606093,182.88187068010774,-39.92024578606093
31.0516,31.0516,180.0,182.94913277007677,182.8905771885421,-38.92913277007678
31.0711,31.0711,204.0,182.95810856789146,182.89937170261555,-14.938108567891462
31.0905,31.0905,179.0,182.96712626795957,182.90820817738788,-39.947126267959575
31.11,31.11,178.0,182.9762785258009,182.91717744044644,-40.9562785258009
31.1294,31.1294,190.0,182.98547121284057,182.92618723145603,-28.96547121284057
31.1489,31.1489,191.0,182.9947988607483,182.935330165478,-27.974798860748294
31.1683,31.1683,175.0,183.00416550801248,182.94451220163987,-43.98416550801248
31.1878,31.1878,186.0,183.0136674587031,182.95382773143396,-32.993667458703115
31.2073,31.2073,176.0,183.02325641219156,182.963229377267,-43.00325641219156
31.2267,31.2267,189.0,183.03288224553737,182.97266799767937,-30.01288224553737
31.2462,31.2462,183.0,183.04264395945407,182.98224063042295,-36.02264395945407
31.2656,31.2656,170.0,183.05244114066647,182.99184882921492,-49.03244114066648
31.2851,31.2851,187.0,183.06237453479406,183.00159138074383,-32.042374534794064
31.3045,31.3045,177.0,183.07234204495106,183.0113680966708,-42.05234204495106
31.324,31.324,183.0,183.08244608421433,183.02127950167943,-36.06244608421433
31.3435,31.3435,211.0,183.09263532457337,183.03127515048732,-8.072635324573369
31.3629,31.3629,184.0,183.10285653313818,183.04130287229978,-35.082856533138184
31.3824,31.3824,172.0,183.11321485482313,183.0514657805472,-47.09321485482313
31.4018,31.4018,209.0,183.1236037964803,183.06165937728912,-10.1036037964803
31.4213,31.4213,178.0,183.13413019563978,183.07198848670996,-41.11413019563979
31.4407,31.4407,187.0,183.1446858209632,183.08234690693988,-32.124685820963194
31.4602,31.4602,175.0,183.15537925423223,183.09284116207695,-44.135379254232234
31.4797,31.4797,192.0,183.1661560054369,183.10341780606822,-27.146156005436907
31.4991,31.4991,166.0,183.1769599796848,183.1140217053485,-53.1569599796848
31.5186,31.5186,194.0,183.18790222804662,183.12476191578105,-25.16790222804663
31.538,31.538,172.0,183.19887032465945,183.13552802081793,-47.17887032465946
31.5575,31.5575,179.0,183.2099770620412,183.1464307492473,-40.189977062041194
31.5769,31.5769,188.0,183.2211082594972,183.15735801836536,-31.201108259497218
31.5964,31.5964,189.0,183.23237845436023,183.16842221914538,-30.212378454360234
31.6159,31.6159,181.0,183.24373017378093,183.1795669710637,-38.223730173780936
31.6353,31.6353,201.0,183.2551043615517,183.19073424373147,-18.235104361551706
31.6548,31.6548,178.0,183.26661801621043,183.20203890343458,-41.246618016210434
31.6742,31.6742,187.0,183.27815278604248,183.21336474683332,-32.25815278604249
31.6937,31.6937,197.0,183.28982736146344,183.22482827566114,-22.26982736146344
31.7131,31.7131,180.0,183.30152171768663,183.2363116578442,-39.28152171768663
31.7326,31.7326,181.0,183.31335617195128,183.24793301992423,-38.29335617195129
31.7521,31.7521,201.0,183.3252704088203,183.2596331125902,-18.305270408820306
31.7715,31.7715,164.0,183.39327492096794,183.27135107396123,-55.373274920967944
31.791,31.791,163.0,183.40546256939604,183.2832074499665,-56.38546256939604
31.8104,31.8104,164.0,183.4176664772616,183.2950803810598,-55.39766647726161
31.8299,31.8299,201.0,183.43001220584483,183.30709201149133,-18.410012205844836
31.8493,31.8493,211.0,183.44237293159483,183.31911889005184,-8.422372931594836
31.8688,31.8688,170.0,183.4548757665963,183.33128474877336,-49.434875766596306
31.8883,31.8883,206.0,183.46745700643564,183.34352753462636,-13.447457006435641
31.9077,31.9077,165.0,183.50809111465068,183.35578361895668,-54.488091114650686
31.9272,31.9272,195.0,183.52088546721347,183.36817909778378,-24.50088546721348
31.9466,31.9466,187.0,183.5336914650184,183.38058658471434,-32.5136914650184
31.9661,31.9661,163.0,183.54664083538822,183.39313373731187,-56.52664083538822
31.9855,31.9855,180.0,183.55960051623154,183.40569161424222,-39.539600516231545
32.005,32.005,141.0,183.5727038949366,183.41838942417303,-78.55270389493661
32.0245,32.0245,154.0,183.5858841184398,183.43116237481308,-65.5658841184398
32.0439,32.0439,175.0,183.59907275171307,183.4439441348432,-44.57907275171307
32.0634,32.0634,186.0,183.61240550952493,183.45686622204133,-33.59240550952494
32.0828,32.0828,174.0,183.62574545447197,183.46979585130632,-45.60574545447197
32.1023,32.1023,178.0,183.63922982004132,183.48286606553114,-41.619229820041326
32.1217,32.1217,163.0,183.65272005707405,183.4959425610479,-56.63272005707405
32.1412,32.1412,185.0,183.66635503357008,183.50915989552362,-34.64635503357009
32.1607,32.1607,176.0,183.68006514543262,183.52245060125327,-43.660065145432625
32.1801,32.1801,161.0,183.69377927088718,183.5357457077524,-58.67377927088718
32.1996,32.1996,193.0,183.70763859306226,183.54918202744253,-26.68763859306226
32.219,32.219,173.0,183.7215006333668,183.56262150343753,-46.70150063336679
32.2385,32.2385,182.0,183.73550816937467,183.5762024371916,-37.71550816937467
32.2579,32.2579,177.0,183.74951721200424,183.5897852892795,-42.72951721200424
32.2774,32.2774,188.0,183.76367197823188,183.60350983994587,-31.743671978231887
32.2969,32.2969,189.0,183.77790022379062,183.61730600931202,-30.757900223790628
32.3163,32.3163,190.0,183.7921281531515,183.63110225062206,-29.772128153151513
32.3358,32.3358,192.0,183.80650222929256,183.6450405450386,-27.786502229292566
32.3552,32.3552,196.0,183.82087479591715,183.6589776896018,-23.800874795917153
32.3747,32.3747,174.0,183.83539376110554,183.67305711876975,-45.81539376110554
32.3941,32.3941,171.0,183.84990999037808,183.68713418272606,-48.829909990378084
32.4136,32.4136,210.0,183.8645729197887,183.70135375908058,-9.844572919788718
32.4331,32.4331,190.0,183.87930764946043,183.71564321841615,-29.859307649460433
32.4525,32.4525,179.0,183.89403784714557,183.7299284999961,-40.87403784714557
32.472,32.472,156.0,183.90891507774438,183.7443566290288,-63.888915077744386
32.4914,32.4914,180.0,183.9237866409586,183.7587793809852,-39.903786640958614
32.5109,32.5109,189.0,183.93880553347987,183.77334519897613,-30.91880553347987
32.5303,32.5303,195.0,183.95381748598533,183.7879044469547,-24.93381748598533
32.5498,32.5498,170.0,183.9689770455449,183.80260697588835,-49.94897704554491
32.5693,32.5693,198.0,183.98420680427202,183.8173776688543,-21.964206804272024
32.5887,32.5887,196.0,183.99942781508406,183.83214001282442,-23.979427815084065
32.6082,32.6082,182.0,184.014796851107,183.8470459535601,-37.99479685110701
32.6276,32.6276,195.0,184.03015600353916,183.86194236826594,-25.010156003539166
32.6471,32.6471,172.0,184.04566341319958,183.876982585555,-48.02566341319958
32.6665,32.6665,165.0,184.0611597613368,183.89201210611077,-55.0411597613368
32.686,32.686,189.0,184.07680460824537,183.90718563144992,-31.056804608245372
32.7055,32.7055,198.0,184.0925180244566,183.9224256185771,-22.072518024456613
32.7249,32.7249,182.0,184.10821865429108,183.93765316326306,-38.08821865429108
32.7444,32.7444,182.0,184.12406816000106,183.95302500952752,-38.10406816000106
32.7638,32.7638,198.0,184.13990371480287,183.968383258414,-22.119903714802874
32.7833,32.7833,198.0,184.15588840339612,183.98388600208477,-22.135888403396123
32.8027,32.8027,153.0,184.17185800644174,183.99937399971742,-67.15185800644174
32.8222,32.8222,205.0,184.18797692165066,184.01500668176584,-15.167976921650663
32.8416,32.8416,158.0,184.2040796511037,184.0306234753771,-62.184079651103715
32.8611,32.8611,186.0,184.22033194464083,184.04638513947373,-34.20033194464084
32.8806,32.8806,190.0,184.2366507774289,184.06221110137355,-30.21665077742891
32.9,32.9,201.0,184.25295169833348,184.07801947149144,-19.23295169833348
32.9195,32.9195,156.0,184.26940252939013,184.09397298477725,-64.24940252939014
32.9389,32.9389,169.0,184.2858343569834,184.10990777947583,-51.265834356983405
32.9584,32.9584,189.0,184.30241633608395,184.12598789455632,-31.282416336083955
32.9778,32.9778,183.0,184.31897813929265,184.14204817045157,-37.29897813929266
32.9973,32.9973,196.0,184.3356903704004,184.1582539404239,-24.315690370400418
33.0168,33.0168,184.0,184.3524675306443,184.17452234388838,-36.33246753064431
33.0362,33.0362,190.0,184.36922288305456,184.1907692374519,-30.349222883054566
33.0557,33.0557,179.0,184.3861289722278,184.20716187927803,-41.3661289722278
33.0751,33.0751,170.0,184.40301214961195,184.22353190606486,-50.38301214961196
33.0946,33.0946,193.0,184.42004627326244,184.24004784606117,-27.400046273262447
33.114,33.114,174.0,184.4370563728645,184.25654007203389,-46.41705637286451
33.1335,33.1335,182.0,184.4542176401823,184.27317837268674,-38.4342176401823
33.153,33.153,179.0,184.47144233304576,184.28987765900968,-41.45144233304576
33.1724,33.1724,172.0,184.48864138184962,184.306551592941,-48.46864138184962
33.1919,33.1919,193.0,184.50599193321239,184.3233718374662,-27.48599193321239
33.2113,33.2113,163.0,184.52331574761294,184.34016564594145,-57.503315747612945
33.2308,33.2308,181.0,184.54079129600092,184.35710591784007,-39.52079129600092
33.2502,33.2502,194.0,184.55823902846748,184.37401867613096,-26.538239028467487
33.2697,33.2697,180.0,184.5758386636386,184.39107804724122,-40.555838663638596
33.2892,33.2892,174.0,184.5935001950392,184.4081967726227,-46.573500195039216
33.3086,33.3086,182.0,184.61113235267328,184.42528637809582,-38.591132352673284
33.3281,33.3281,190.0,184.6289167339249,184.44252281425437,-30.608916733924914
33.3475,33.3475,198.0,184.64667067742516,184.4597290681398,-22.626670677425167
33.367,33.367,206.0,184.6645770289097,184.4770822935719,-14.644577028909694
33.3864,33.3864,177.0,184.68245188667572,184.4944042804134,-43.662451886675726
33.4059,33.4059,193.0,184.70047939049059,184.51187337627167,-27.68047939049059
33.4254,33.4254,201.0,184.71856726710413,184.52940021135976,-19.69856726710414
33.4448,33.4448,168.0,184.73662211031703,184.546894233345,-52.71662211031703
33.4643,33.4643,188.0,184.7548298349325,184.56453556438856,-32.73482983493251
33.4837,33.4837,190.0,184.77300353720253,184.5821430410719,-30.75300353720253
33.5032,33.5032,164.0,184.79133031300674,184.59989795585503,-56.77133031300674
33.5226,33.5226,214.0,184.80962195825447,184.61761798101523,-6.789621958254472
33.5421,33.5421,195.0,184.82806692829516,184.6354855699677,-25.808066928295162
33.5616,33.5616,191.0,184.84657083365934,184.65340929940092,-29.826570833659346
33.581,33.581,198.0,184.865038088948,184.6712965962086,-22.845038088948016
33.6005,33.6005,183.0,184.88365892227029,184.68933163924797,-37.86365892227029
33.6199,33.6199,201.0,184.90224210283858,184.70732922932723,-19.88224210283859
33.6394,33.6394,177.0,184.92097906275401,184.72547468300723,-43.90097906275402
33.6588,33.6588,189.0,184.93967736240126,184.74358166933433,-31.91967736240126
33.6783,33.6783,160.0,184.95852960119743,184.76183663332463,-60.93852960119743
33.6978,33.6978,177.0,184.977439323137,184.78014615527286,-43.957439323136995
33.7172,33.7172,165.0,184.99630893113363,184.7984156980983,-55.97630893113363
33.7367,33.7367,191.0,185.01533276027328,184.8168333836451,-29.995332760273286
33.7561,33.7561,195.0,185.03431542014405,184.83521009047257,-26.014315420144058
33.7756,33.7756,172.0,185.05345245063916,184.85373504586548,-49.03345245063916
33.795,33.795,194.0,185.07254739772145,184.87221802883175,-27.052547397721455
33.8145,33.8145,174.0,185.09179690444932,184.8908493629428,-47.07179690444933
33.834,33.834,191.0,185.11110245540863,184.90953368864987,-30.09110245540863
33.8534,33.8534,163.0,185.13036447092557,184.9281745611168,-58.110364470925575
33.8729,33.8729,174.0,185.14978128708717,184.94696393262558,-47.12978128708717
33.8923,33.8923,180.0,185.16915356124997,184.96570887185212,-41.149153561249975
33.9118,33.9118,165.0,185.1886807970297,184.98460240458584,-56.168680797029694
33.9312,33.9312,187.0,185.20816259388363,185.003450531832,-34.18816259388363
33.9507,33.9507,180.0,185.22779951260128,185.0224473438277,-41.207799512601284
33.9702,33.9702,185.0,185.24749110346812,185.04149559715296,-36.227491103468125
33.9896,33.9896,184.0,185.2671357667212,185.06049699485808,-37.2471357667212
34.0091,34.0091,194.0,185.28693584095575,185.07964720826809,-27.266935840955753
34.0285,34.0285,188.0,185.30668802667174,185.0987496073871,-33.28668802667174
34.048,34.048,193.0,185.32659577573796,185.11800090544355,-28.30659577573796
34.0674,34.0674,164.0,185.34645472607227,185.13720343632272,-57.32645472607227
34.0869,34.0869,183.0,185.36646942487,185.15655494619017,-38.346469424869994
34.1064,34.1064,181.0,185.38653737785685,185.1759563631501,-40.36653737785686
34.1258,34.1258,185.0,185.4065551428803,185.19530759320725,-36.38655514288031
34.1453,34.1453,167.0,185.42672889511388,185.21480791648418,-54.406728895113886
34.1647,34.1647,203.0,185.44685149842445,185.23425711437628,-18.426851498424455
34.1842,34.1842,178.0,185.46713022216449,185.2538554776327,-43.44713022216449
34.2036,34.2036,175.0,185.48735690015826,185.2734017827549,-46.467356900158265
34.2231,34.2231,186.0,185.50773985862747,185.2930973222458,-35.48773985862748
34.2426,34.2426,196.0,185.52817473720143,185.31284125055626,-25.50817473720143
34.262,34.262,181.0,185.54855625373585,185.3325317311405,-40.52855625373586
34.2815,34.2815,191.0,185.56909431044525,185.3523715438184,-30.549094310445255
34.3009,34.3009,204.0,185.58957798276063,185.37215699029508,-17.569577982760634
34.3204,34.3204,194.0,185.61021831691286,185.39209183006648,-27.590218316912868
34.3398,34.3398,193.0,185.63080346463494,185.41197139084247,-28.61080346463494
34.3593,34.3593,187.0,185.65154543875965,185.43200040301514,-34.63154543875966
34.3788,34.3788,185.0,185.6723380061279,185.45207630163299,-36.65233800612789
34.3982,34.3982,192.0,185.69307407114638,185.47209556152498,-29.673074071146388
34.4177,34.4177,176.0,185.71396716807996,185.49226435424808,-45.693967168079965
34.4371,34.4371,187.0,185.7348028206409,185.51237560959612,-34.71480282064091
34.4566,34.4566,183.0,185.75579563586925,185.53263644817667,-38.73579563586925
34.476,34.476,198.0,185.77673021903107,185.55283885636237,-23.75673021903107
34.4955,34.4955,179.0,185.7978220862028,185.57319089512373,-42.77782208620282
34.515,34.515,200.0,185.81896333368354,185.59358833378872,-21.798963333683545
34.5344,34.5344,200.0,185.84004494232872,185.61392601191852,-21.82004494232872
34.5539,34.5539,192.0,185.86128414577982,185.63441338598307,-29.841284145779824
34.5733,34.5733,193.0,185.8824628489611,185.65484012050885,-28.8624628489611
34.5928,34.5928,186.0,185.9037992367265,185.67541659071392,-35.88379923672652
34.6122,34.6122,191.0,185.92507430792733,185.69593154795464,-30.905074307927336
34.6317,34.6317,186.0,185.94650724843825,185.71659627760175,-35.926507248438256
34.6512,34.6512,173.0,185.96798826632778,185.73730493637822,-48.94798826632778
34.6706,34.6706,187.0,185.9894066815539,185.75795078137008,-34.969406681553906
34.6901,34.6901,173.0,186.01098320104603,185.77874644826605,-48.990983201046035
34.7095,34.7095,183.0,186.0324962412048,185.79947844183957,-39.0124962412048
34.729,34.729,187.0,186.05416747580284,185.82036028654753,-35.034167475802846
34.7484,34.7484,205.0,186.07577447142802,185.84117760392192,-17.055774471428023
34.7679,34.7679,199.0,186.09753978211742,185.86214479868406,-23.077539782117427
34.7874,34.7874,171.0,186.1193519124447,185.88315446750303,-51.0993519124447
34.8068,34.8068,207.0,186.14109866035696,185.90409833721895,-15.121098660356964
34.8263,34.8263,171.0,186.16300389212543,185.9251921181722,-51.143003892125435
34.8457,34.8457,192.0,186.18484276032606,185.94621925977125,-30.164842760326067
34.8652,34.8652,205.0,186.20684034158378,185.96739633146527,-17.18684034158379
34.8846,34.8846,179.0,186.2287707659884,185.9885059290297,-43.208770765988405
34.9041,34.9041,194.0,186.25086004432353,186.00976547261016,-28.230860044323535
34.9236,34.9236,184.0,186.27299495451985,186.03106605081098,-38.25299495451985
34.943,34.943,189.0,186.29506160358562,186.0522979118953,-33.27506160358563
34.9625,34.9625,187.0,186.3172872466627,186.073679737409,-35.29728724666269
34.9819,34.9819,190.0,186.33944374253784,186.0949920246635,-32.31944374253784
35.0014,35.0014,185.0,186.36175939132494,186.11645428497346,-37.34175939132494
35.0208,35.0208,217.0,186.3840051090007,186.13784619130618,-5.364005109000701
35.0403,35.0403,193.0,186.40641008687672,186.15938807642394,-29.386410086876722
35.0598,35.0598,180.0,186.42885966254525,186.18096957229622,-42.408859662545254
35.0792,35.0792,199.0,186.4512380992008,186.20247949971957,-23.431238099200797
35.0987,35.0987,206.0,186.47377603587492,186.22413940911656,-16.453776035874924
35.1181,35.1181,185.0,186.49624211627767,186.2457269478525,-37.476242116277675
35.1376,35.1376,192.0,186.51886776187249,186.2674644670968,-30.49886776187249
35.157,35.157,204.0,186.54142083422664,186.2891288188421,-18.521420834226646
35.1765,35.1765,182.0,186.56413361641415,186.31094314677392,-40.54413361641416
35.196,35.196,168.0,186.58688987399572,186.33279567709914,-54.56688987399572
35.2154,35.2154,200.0,186.60957230451132,186.354573853703,-22.58957230451132
35.2349,35.2349,185.0,186.63241470550298,186.376501994667,-37.612414705502985
35.2543,35.2543,204.0,186.6551825644923,186.39835499845097,-18.635182564492297
35.2738,35.2738,190.0,186.67811055161258,186.42035795517828,-32.65811055161258
35.2932,35.2932,190.0,186.700963229987,186.4422849965906,-32.680963229987
35.3127,35.3127,191.0,186.72397612705763,186.4643619767127,-31.70397612705763
35.3322,35.3322,190.0,186.74703136009893,186.48647576630646,-32.727031360098934
35.3516,35.3516,198.0,186.77001024852413,186.5085124823469,-24.750010248524134
35.3711,35.3711,186.0,186.79314951613645,186.53069911046484,-36.773149516136456
35.3905,35.3905,182.0,186.81621167420607,186.55280790014785,-40.79621167420608
35.41,35.41,174.0,186.8394343884847,186.57506658067913,-48.81943438848471
35.4294,35.4294,175.0,186.86257927510252,186.5972466631673,-47.84257927510252
35.4489,35.4489,196.0,186.8858848672439,186.6195766124973,-26.865884867243906
35.4684,35.4684,199.0,186.90923173584275,186.64194199375086,-23.889231735842756
35.4878,35.4878,209.0,186.9324997048396,186.66422764644287,-13.912499704839618
35.5073,35.5073,203.0,186.95592857668825,186.68666312474656,-19.935928576688255
35.5267,35.5267,212.0,186.97927784469053,186.70901812800855,-10.959277844690533
35.5462,35.5462,197.0,187.0027880972376,186.73152292597862,-25.982788097237616
35.5656,35.5656,204.0,187.02621806777182,186.75394650765034,-19.006218067771826
35.5851,35.5851,213.0,187.04980915477768,186.7765198503888,-10.02980915477768
35.6045,35.6045,194.0,187.0733192838753,186.7990112407813,-29.053319283875297
35.624,35.624,199.0,187.0969906579443,186.82165235587286,-24.076990657944307
35.6435,35.6435,203.0,187.12070207396738,186.84432715438072,-20.100702073967383
35.6629,35.6629,184.0,187.14433151182283,186.86691890527453,-39.12433151182283
35.6824,35.6824,183.0,187.16812237675495,186.88966032117435,-40.148122376754955
35.7018,35.7018,188.0,187.19183057285846,186.91231796637973,-35.17183057285847
35.7213,35.7213,182.0,187.21570045695913,186.93512523345245,-41.19570045695913
35.7407,35.7407,193.0,187.2394868914388,186.95784801190993,-30.21948689143879
35.7602,35.7602,184.0,187.26343507740123,186.98072036640875,-39.24343507740123
35.7797,35.7797,199.0,187.287422377434,187.00362506166792,-24.267422377434016
35.7991,35.7991,179.0,187.31132537433507,187.02644420016358,-44.291325374335074
35.8186,35.8186,196.0,187.33539027321885,187.0494128408815,-27.315390273218853
35.838,35.838,162.0,187.3593701745386,187.07229521975788,-61.339370174538615
35.8575,35.8575,167.0,187.3835122146347,187.0953270483574,-56.363512214634696
35.8769,35.8769,203.0,187.40756858401218,187.11827191514718,-20.387568584012186
35.8964,35.8964,213.0,187.43178719986733,187.1413661765126,-10.411787199867334
35.9159,35.9159,180.0,187.45604404011354,187.16449145114044,-43.43604404011354
35.9353,35.9353,181.0,187.48021424085994,187.18752872266927,-42.46021424085994
35.9548,35.9548,205.0,187.50454694970497,187.21071530103336,-18.484546949704978
35.9742,35.9742,194.0,187.52879242218685,187.23381318904921,-29.508792422186858
35.9937,35.9937,187.0,187.55320050034413,187.25706032217678,-36.53320050034414
36.0131,36.0131,190.0,187.57752068982938,187.2802180827672,-33.55752068982939
36.0326,36.0326,170.0,187.6020036628089,187.30352502413626,-53.5820036628089
36.0521,36.0521,176.0,187.62652406918372,187.32686166636245,-47.60652406918372
36.0715,36.0715,182.0,187.65095561337796,187.35010792136143,-41.630955613377964
36.091,36.091,171.0,187.67555017109194,187.37350325568104,-52.655550171091946
36.1104,36.1104,191.0,187.70005542740034,187.39680753318015,-32.68005542740035
36.1299,36.1299,195.0,187.72472372621985,187.42026081918755,-28.704723726219854
36.1493,36.1493,189.0,187.74930216660812,187.4436223837921,-34.72930216660812
36.1688,36.1688,190.0,187.77404376666726,187.46713288352151,-33.754043766667266
36.1883,36.1883,177.0,187.7988221018747,187.49067178672982,-46.778822101874695
36.2077,36.2077,178.0,187.8235095492932,187.51411798018557,-45.803509549293196
36.2272,36.2272,185.0,187.84836043615695,187.53771299379335,-38.828360436156956
36.2466,36.2466,185.0,187.8731200320627,187.561214645539,-38.853120032062705
36.2661,36.2661,176.0,187.89804329455433,187.58486503767028,-47.87804329455433
36.2855,36.2855,177.0,187.92287447900296,187.60842142079184,-46.90287447900296
36.305,36.305,186.0,187.9478696728927,187.6321264619999,-37.9278696728927
36.3245,36.3245,177.0,187.9729006170865,187.65585862426994,-46.95290061708651
36.3439,36.3439,185.0,187.9978387866055,187.67949581526295,-38.97783878660552
36.3634,36.3634,215.0,188.0229411016874,187.70328153605658,-9.002941101687398
36.3828,36.3828,209.0,188.04794993750198,187.72697165077582,-15.027949937501987
36.4023,36.4023,185.0,188.0731231612945,187.75081020670936,-39.053123161294494
36.4217,36.4217,184.0,188.0982024073743,187.77455252668426,-40.07820240737429
36.4412,36.4412,171.0,188.1234462161151,187.79844319679248,-53.1034462161151
36.4607,36.4607,192.0,188.1487251704774,187.8223597204417,-32.12872517047741
36.4801,36.4801,190.0,188.17390935386274,187.84617907169064,-34.153909353862744
36.4996,36.4996,156.0,188.19925839391888,187.8701466316747,-68.17925839391889
36.519,36.519,228.0,188.2245121037008,187.89401640160253,3.795487896299207
36.5385,36.5385,191.0,188.24993082392334,187.91803428299264,-33.22993082392334
36.5579,36.5579,200.0,188.27525377256262,187.94195376153505,-24.255253772562625
36.5774,36.5774,167.0,188.30074172584747,187.96602125181025,-57.28074172584748
36.5969,36.5969,186.0,188.32626451560546,187.9901133429356,-38.30626451560546
36.6163,36.6163,190.0,188.35169060143696,188.0141061203414,-34.33169060143696
36.6358,36.6358,166.0,188.37728225919236,188.0382467551691,-58.35728225919236
36.6552,36.6552,200.0,188.402776818257,188.06228747559265,-24.382776818257
36.6747,36.6747,211.0,188.42843705941291,188.0864759476115,-13.408437059412918
36.6941,36.6941,177.0,188.4539997887933,188.11056390935747,-47.433999788793315
36.7136,36.7136,184.0,188.47972835647235,188.13479951445345,-40.459728356472354
36.7331,36.7331,197.0,188.50549105948497,188.15905848247323,-27.48549105948497
36.7525,36.7525,178.0,188.5311555365577,188.18321605466335,-46.511155536557695
36.772,36.772,205.0,188.55698627225172,188.20752110317858,-19.536986272251724
36.7914,36.7914,191.0,188.58271816657788,188.23172417198117,-33.56271816657788
36.8109,36.8109,192.0,188.60861655200927,188.25607460286074,-32.58861655200927
36.8303,36.8303,216.0,188.63441566959781,188.2803224749124,-8.614415669597818
36.8498,36.8498,163.0,188.66038160723392,188.30471759241175,-61.64038160723392
36.8693,36.8693,192.0,188.6863811573577,188.3291348496077,-32.66638115735769
36.8887,36.8887,185.0,188.71228094129725,188.35344868748012,-39.692280941297255
36.9082,36.9082,195.0,188.73834773516825,188.37790959125914,-29.71834773516825
36.9276,36.9276,218.0,188.7643141286577,188.40226650846458,-6.744314128657706
36.9471,36.9471,198.0,188.79044792573632,188.42677036903834,-26.77044792573632
36.9665,36.9665,189.0,188.81648092498907,188.45116968050817,-35.79648092498907
36.986,36.986,191.0,188.84268156308457,188.47571581046424,-33.82268156308457
37.0055,37.0055,206.0,188.86891555624078,188.5002828715231,-18.848915556240783
37.0249,37.0249,183.0,188.8950481527322,188.52474454779076,-41.87504815273219
37.0444,37.0444,185.0,188.92134881045692,188.54935285068404,-39.90134881045692
37.0638,37.0638,186.0,188.9475475377288,188.57385521800094,-38.92754753772881
37.0833,37.0833,202.0,188.9739146360229,188.59850408124575,-22.9539146360229
37.1027,37.1027,190.0,189.00017955760543,188.62304646280063,-34.98017955760544
37.1222,37.1222,198.0,189.0266128646777,188.64773520727925,-27.006612864677706
37.1417,37.1417,173.0,189.05307956347278,188.67244368883468,-52.03307956347278
37.1611,37.1611,165.0,189.07944337151022,188.6970448775696,-60.05944337151023
37.1806,37.1806,190.0,189.10597631528609,188.7217922252437,-35.08597631528609
37.2,37.2,183.0,189.13240604867255,188.74643174560939,-42.112406048672554
37.2195,37.2195,214.0,189.15900499339946,188.7712172861873,-11.139004993399467
37.2389,37.2389,199.0,189.18550058061808,188.79589446959287,-26.165500580618087
37.2584,37.2584,209.0,189.21216572432309,188.82071753221427,-16.19216572432309
37.2779,37.2779,168.0,189.23886393850736,188.84555915238874,-57.21886393850737
37.2973,37.2973,176.0,189.26545822172326,188.87029162856606,-49.24545822172327
37.3168,37.3168,193.0,189.2922226535848,188.8951697680455,-32.27222265358479
37.3362,37.3362,186.0,189.31888258345754,188.91993824517036,-39.29888258345754
37.3557,37.3557,193.0,189.3457130565202,188.94485223897055,-32.3257130565202
37.3751,37.3751,210.0,189.3724387893037,188.96965605663524,-15.35243878930369
37.3946,37.3946,195.0,189.3993354883431,188.9946052421159,-30.379335488343102
37.4141,37.4141,179.0,189.42626531671272,189.01957182006248,-46.40626531671272
37.4335,37.4335,158.0,189.45308994232633,189.04442745910475,-67.43308994232633
37.453,37.453,196.0,189.48008591255643,189.0694282383138,-29.460085912556437
37.4724,37.4724,182.0,189.50697643078223,189.09431757622545,-43.486976430782235
37.4919,37.4919,206.0,189.53403883926083,189.11935189990598,-19.514038839260834
37.5113,37.5113,165.0,189.56099544867305,189.14427428442534,-60.54099544867306
37.5308,37.5308,188.0,189.58812438259528,189.16934149811968,-37.568124382595286
37.5503,37.5503,198.0,189.61528651162538,189.19442495356384,-27.59528651162539
37.5697,37.5697,183.0,189.6423425588,189.2193957308854,-42.622342558800014
37.5892,37.5892,196.0,189.66957142979533,189.24451109818978,-29.64957142979533
37.6086,37.6086,186.0,189.69669400686723,189.26951330077736,-39.67669400686724
37.6281,37.6281,179.0,189.72398969803422,189.294659931307,-46.70398969803422
37.6475,37.6475,192.0,189.75117886272324,189.3196929150077,-33.73117886272324
37.667,37.667,203.0,189.77854174647425,189.34487016245015,-22.75854174647425
37.6865,37.6865,184.0,189.80593817810384,189.37006251523172,-41.78593817810385
37.7059,37.7059,203.0,189.8332278552174,189.39514050578245,-22.81322785521739
37.7254,37.7254,192.0,189.86069185124828,189.42036250953151,-33.84069185124828
37.7448,37.7448,194.0,189.88804870434603,189.44546968008964,-31.868048704346037
37.7643,37.7643,214.0,189.91558044898477,189.47072069428975,-11.895580448984774
37.7837,37.7837,178.0,189.94300496401758,189.49585640877396,-47.92300496401758
37.8032,37.8032,214.0,189.97060481876863,189.52113579522057,-11.950604818768639
37.8227,37.8227,197.0,189.99823890972243,189.5464291648355,-28.978238909722435
37.8421,37.8421,186.0,190.02576549204335,189.57160654264536,-40.00576549204335
37.8616,37.8616,196.0,190.05346832742083,189.59692733071364,-30.033468327420834
37.881,37.881,208.0,190.0810632802541,189.62213167148676,-18.061063280254118
37.9005,37.9005,186.0,190.10883506189595,189.64747924557315,-40.08883506189595
37.9199,37.9199,216.0,190.1364989802584,189.67270992126262,-10.116498980258413
37.9394,37.9394,200.0,190.16434027068706,189.69808365123302,-26.144340270687067
37.9589,37.9589,197.0,190.1922166643757,189.7234702563752,-29.17221666437571
37.9783,37.9783,208.0,190.21998489291204,189.74873929409827,-18.199984892912042
37.9978,37.9978,169.0,190.2479314139335,189.77415111342745,-57.22793141393349
38.0172,38.0172,185.0,190.27576974872423,189.799444925154,-41.255769748724234
38.0367,38.0367,176.0,190.30378715881824,189.8248813342787,-50.28378715881824
38.0561,38.0561,187.0,190.3316961492502,189.850199299959,-39.31169614925021
38.0756,38.0756,180.0,190.35978501415096,189.87565967677824,-46.33978501415096
38.0951,38.0951,192.0,190.3879096479272,189.9011318348814,-34.36790964792719
38.1145,38.1145,225.0,190.4159260808717,189.92648490334025,-1.3959260808717175
38.134,38.134,188.0,190.4441231111969,189.95198009948083,-38.42412311119689
38.1534,38.1534,236.0,190.47221191583003,189.97735578093747,9.547788084169966
38.1729,38.1729,203.0,190.50048195209587,190.00287339873054,-23.48048195209587
38.1923,38.1923,191.0,190.52864370758303,190.0282710810952,-35.50864370758303
38.2118,38.2118,184.0,190.55698768733873,190.05381050643555,-42.53698768733874
38.2313,38.2313,172.0,190.58536864768374,190.07936063321497,-54.56536864768374
38.2507,38.2507,200.0,190.61364156707754,190.1047902009446,-26.59364156707754
38.2702,38.2702,200.0,190.6420978015078,190.13036121759805,-26.622097801507792
38.2896,38.2896,186.0,190.67044552999,190.15581126514357,-40.650445529989994
38.3091,38.3091,201.0,190.6989777437578,190.18140256325515,-25.678977743757812
38.3285,38.3285,202.0,190.72740144884088,190.2068724864499,-24.707401448840884
38.348,38.348,197.0,190.75601023704453,190.23248345987273,-29.73601023704454
38.3675,38.3675,202.0,190.78465806973892,190.25810406886717,-24.76465806973893
38.3869,38.3869,181.0,190.81319760141048,190.28360270165936,-45.79319760141048
38.4064,38.4064,192.0,190.8419236648432,190.3092420802197,-34.8219236648432
38.4258,38.4258,187.0,190.8705416666833,190.33475908733968,-39.8505416666833
38.4453,38.4453,183.0,190.8993470132359,190.3604166349815,-43.879347013235915
38.4647,38.4647,194.0,190.92804462453992,190.38595142014842,-32.908044624539926
38.4842,38.4842,210.0,190.95693058416325,190.41162653864595,-16.93693058416325
38.5036,38.5036,207.0,190.9857090409332,190.43717850782403,-19.96570904093319
38.5231,38.5231,199.0,191.01467667112726,190.46287060120696,-27.994676671127266
38.5426,38.5426,199.0,191.04368575223896,190.48857098030254,-28.02368575223896
38.562,38.562,211.0,191.07258762453068,190.51414763715331,-16.052587624530688
38.5815,38.5815,200.0,191.10168046109965,190.53986410064084,-27.08168046109965
38.6009,38.6009,181.0,191.13066638713323,190.5654564654625,-46.110666387133236
38.6204,38.6204,199.0,191.15984439944688,190.59118842299975,-28.139844399446886
38.6398,38.6398,187.0,191.1889155415736,190.61679590959454,-40.16891554157361
38.6593,38.6593,214.0,191.2181798552922,190.64254277308422,-13.198179855292196
38.6788,38.6788,189.0,191.24748858827516,190.66829688811987,-38.227488588275165
38.6982,38.6982,214.0,191.27669070887788,190.69392598107245,-13.256690708877883
38.7177,38.7177,182.0,191.30608801011644,190.71969412336657,-45.286088010116444
38.7371,38.7371,190.0,191.33537953062833,190.74533688161029,-37.315379530628334
38.7566,38.7566,182.0,191.3648673926473,190.77111846866694,-45.344867392647316
38.776,38.776,204.0,191.3942501010588,190.7967743138048,-23.37425010105879
38.7955,38.7955,209.0,191.42383035265658,190.8225687653621,-18.403830352656584
38.815,38.815,192.0,191.4534577640414,190.84836944806077,-35.43345776404139
38.8344,38.8344,207.0,191.4829802372064,190.87404385924543,-20.462980237206395
38.8539,38.8539,225.0,191.51270289990106,190.89985653949427,-2.4927028999010616
38.8733,38.8733,188.0,191.5423209998674,190.92554260055633,-39.522320999867404
38.8928,38.8928,199.0,191.57214072897239,190.95136670366838,-28.55214072897239
38.9122,38.9122,195.0,191.60185663187323,190.9770638439743,-32.58185663187324
38.9317,38.9317,200.0,191.6317758333649,191.00289879748587,-27.611775833364916
38.9512,38.9512,233.0,191.66174570900395,191.02873897543043,5.358254290996044
38.9706,38.9706,220.0,191.6916125804689,191.05445168228067,-7.671612580468903
38.9901,38.9901,212.0,191.72168491722883,191.0803018553615,-15.701684917228832
39.0095,39.0095,193.0,191.75165519752042,191.10602422381132,-34.731655197520425
39.029,39.029,218.0,191.78183315638287,191.13188382511296,-9.761833156382878
39.0484,39.0484,225.0,191.8119091578166,191.15761529225514,-2.7919091578165904
39.0679,39.0679,193.0,191.8421943828246,191.18348375707487,-34.822194382824605
39.0874,39.0874,179.0,191.872534733977,191.20935645324985,-48.85253473397701
39.1068,39.1068,215.0,191.90277457339016,191.23510052804684,-12.882774573390165
39.1263,39.1263,193.0,191.93322665079202,191.26098124410788,-34.913226650792026
39.1457,39.1457,200.0,191.96357938870014,191.28673301923212,-27.943579388700144
39.1652,39.1652,187.0,191.99414621341555,191.3126211959978,-40.97414621341555
39.1846,39.1846,196.0,192.0246142803178,191.33838011623126,-32.004614280317796
39.2041,39.2041,196.0,192.0552988205843,191.36427519672236,-32.035298820584316
39.2236,39.2236,193.0,192.0860433622897,191.3901735290562,-35.066043362289705
39.243,39.243,199.0,192.11669066755334,191.41594213847253,-29.096690667553347
39.2625,39.2625,186.0,192.1475578839426,191.4418465424748,-42.1275578839426
39.2819,39.2819,186.0,192.1783287749931,191.4676209178216,-42.15832877499311
39.3014,39.3014,215.0,192.2093221017564,191.49353084200763,-13.189322101756417
39.3208,39.3208,204.0,192.24022024024578,191.51931043571884,-24.22022024024578
39.3403,39.3403,191.0,192.27134278150564,191.54522533079555,-37.25134278150564
39.3598,39.3598,179.0,192.30253196249905,191.5711425117021,-49.28253196249905
39.3792,39.3792,179.0,192.33362787572838,191.5969289163463,-49.313627875728386
39.3987,39.3987,188.0,192.36495258654983,191.62285024760547,-40.34495258654984
39.4181,39.4181,194.0,192.3961851848263,191.6486405105286,-34.3761851848263
39.4376,39.4376,155.0,192.4276490453928,191.67456544831515,-73.4076490453928
39.457,39.457,190.0,192.4590227945749,191.70035902956604,-38.43902279457491
39.4765,39.4765,173.0,192.49063064460955,191.72628703223555,-55.47063064460956
39.496,39.496,162.0,192.5223125809493,191.75221636815593,-66.5023125809493
39.5154,39.5154,180.0,192.55390609266897,191.7780139221166,-48.53390609266897
39.5349,39.5349,199.0,192.5857383803199,191.80394551384478,-29.5657383803199
39.5543,39.5543,186.0,192.6174849665356,191.82974504504804,-42.59748496653562
39.5738,39.5738,185.0,192.64947312134325,191.85567835638076,-43.62947312134325
39.5932,39.5932,191.0,192.68137647869955,191.88147933245298,-37.66137647869955
39.6127,39.6127,200.0,192.71352546067868,191.90741382935724,-28.693525460678686
39.6322,39.6322,177.0,192.74575739177405,191.93334872030175,-51.72575739177405
39.6516,39.6516,182.0,192.77790763316509,191.95915087069173,-46.75790763316509
39.6711,39.6711,207.0,192.81030869496678,191.98508614953934,-21.790308694966782
39.6905,39.6905,218.0,192.8426296862115,192.01088842262038,-10.8226296862115
39.71,39.71,187.0,192.87520599176665,192.03682356075254,-41.85520599176665
39.7294,39.7294,171.0,192.90770445694156,192.06262543169146,-57.88770445694156
39.7489,39.7489,166.0,192.9404622704199,192.08855990264902,-62.92046227041992
39.7684,39.7684,200.0,192.97331309381354,192.114493841739,-28.95331309381355
39.7878,39.7878,158.0,193.00608974484567,192.1402941282395,-70.98608974484567
39.8073,39.8073,199.0,193.03913217210004,192.16622661383715,-30.019132172100043
39.8267,39.8267,203.0,193.0721026978644,192.19202519483196,-26.052102697864413
39.8462,39.8462,200.0,193.1053438274644,192.217955705866,-29.0853438274644
39.8656,39.8656,190.0,193.1385154932547,192.2437520640252,-39.11851549325469
39.8851,39.8851,205.0,193.17196221072055,192.269680081573,-24.151962210720555
39.9046,39.9046,214.0,193.20551536078736,192.29560665458266,-15.185515360787363
39.924,39.924,214.0,193.23900349618248,192.32139870898752,-15.21900349618248
39.9435,39.9435,200.0,193.27277499662247,192.34732201348777,-29.252774996622477
39.9629,39.9629,208.0,193.30648439142257,192.37311056041474,-21.286484391422576
39.9824,39.9824,193.0,193.3404818558443,192.3990300828442,-36.32048185584431
40.0018,40.0018,197.0,193.3744214320752,192.4248146124294,-32.3544214320752
40.0213,40.0213,173.0,193.40865550163255,192.45072984136476,-56.388655501632556
40.0408,40.0408,201.0,193.44301055098308,192.47664272626284,-28.42301055098308
40.0602,40.0602,186.0,193.47731269963214,192.5024202720228,-43.45731269963214
40.0797,40.0797,179.0,193.51191837791504,192.528328099642,-50.49191837791504
40.0991,40.0991,205.0,193.54647537083812,192.55410036204617,-24.526475370838128
40.1186,40.1186,204.0,193.5813416634133,192.58000262629764,-25.5613416634133
40.138,40.138,205.0,193.61616283892297,192.605769102911,-24.59616283892298
40.1575,40.1575,205.0,193.65130127818233,192.63166529983332,-24.631301278182335
40.177,40.177,191.0,193.6865799228335,192.65755826632522,-38.66657992283349
40.1964,40.1964,205.0,193.72182098964282,192.68331511809183,-24.701820989642826
40.2159,40.2159,179.0,193.75738944484118,192.70920126465208,-50.737389444841185
40.2353,40.2353,198.0,193.79292407017903,192.73495108314918,-31.77292407017903
40.2548,40.2548,179.0,193.82879526001267,192.76082991112412,-50.80879526001267
40.2742,40.2742,208.0,193.86463746154377,192.78657220130842,-21.84463746154377
40.2937,40.2937,203.0,193.9008248908927,192.81244321416096,-26.880824890892697
40.3132,40.3132,202.0,193.9371753344507,192.83831012323037,-27.917175334450704
40.3326,40.3326,181.0,193.9735053340274,192.86404018640042,-48.95350533402741
40.3521,40.3521,189.0,194.01019387168537,192.88989853887134,-40.99019387168538
40.3715,40.3715,172.0,194.04686762677258,192.9156198446921,-58.026867626772585
40.391,40.391,182.0,194.0839099499229,192.94146914930843,-48.063909949922916
40.4104,40.4104,188.0,194.12094344578253,192.96718121009135,-42.100943445782534
40.4299,40.4299,218.0,194.15835491250596,192.99302097770328,-12.13835491250596
40.4494,40.4494,171.0,194.1959591442154,193.01885578115414,-59.17595914421541
40.4688,40.4688,189.0,194.23356592058607,193.04455305141374,-41.21356592058608
40.4883,40.4883,193.0,194.27156649600096,193.07037758745415,-37.25156649600096
40.5077,40.5077,210.0,194.30957682370658,193.0960644019886,-20.289576823706582
40.5272,40.5272,188.0,194.34799414509158,193.1218781867229,-42.32799414509158
40.5466,40.5466,195.0,194.38642979150816,193.14755406516088,-35.36642979150817
40.5661,40.5661,185.0,194.42528373957674,193.17335661678894,-45.405283739576745
40.5856,40.5856,178.0,194.46436488966663,193.19915335678724,-52.44436488966663
40.605,40.605,194.0,194.50347718197324,193.2248119196561,-36.48347718197324
40.6245,40.6245,214.0,194.54302878992,193.250596707156,-16.52302878991999
40.6439,40.6439,172.0,194.5826215745742,193.27624314149745,-58.56262157457421
40.6634,40.6634,215.0,194.62266785102022,193.3020154999265,-15.602667851020229
40.6828,40.6828,194.0,194.6627642818023,193.3276493326494,-36.642764281802314
40.7023,40.7023,185.0,194.70333155428588,193.35340878751975,-45.683331554285886
40.7218,40.7218,200.0,194.74416939586112,193.37916159613522,-30.724169395861125
40.7412,40.7412,191.0,194.7850750566791,193.4047756265108,-39.765075056679095
40.7607,40.7607,233.0,194.82647550599663,193.43051482313334,2.19352449400337
40.7801,40.7801,188.0,194.86795432186716,193.45611507762266,-42.847954321867164
40.7996,40.7996,193.0,194.90994819190075,193.48184019296548,-37.88994819190076
40.819,40.819,196.0,194.9520330033657,193.5074262057203,-34.9320330033657
40.8385,40.8385,215.0,194.99465288846648,193.53313677257057,-15.97465288846648
40.858,40.858,177.0,195.03759798776457,193.55883987131867,-54.017597987764574
40.8774,40.8774,187.0,195.08065584261254,193.5844036330203,-44.06065584261255
40.8969,40.8969,178.0,195.12428040817872,193.61009148574345,-53.104280408178724
40.9163,40.9163,199.0,195.16803374566194,193.63563984951318,-32.14803374566195
40.9358,40.9358,177.0,195.2123748779302,193.66131199417273,-54.19237487793019
40.9552,40.9552,195.0,195.25686073774745,193.68684450136823,-36.23686073774745
40.9747,40.9747,196.0,195.30196235482552,193.71250047798895,-35.281962354825524
40.9942,40.9942,211.0,195.34745866383656,193.7381481773729,-20.327458663836566
41.0136,41.0136,203.0,195.39312776508456,193.76365602268595,-28.37312776508456
41.0331,41.0331,174.0,195.4394545230753,193.7892868673443,-57.419454523075316
41.0525,41.0525,177.0,195.48597057187513,193.81477771786302,-54.46597057187513
41.072,41.072,216.0,195.5331726314427,193.84039125296806,-15.513172631442714
41.0914,41.0914,202.0,195.58058726518126,193.8658646572187,-29.56058726518127
41.1109,41.1109,196.0,195.62871777006873,193.89146042999553,-35.608717770068736
41.1304,41.1304,199.0,195.67733944258947,193.91704712904763,-32.657339442589475
41.1498,41.1498,208.0,195.72620857617733,193.94249349826796,-23.706208576177332
41.1693,41.1693,213.0,195.77584747194237,193.9680617590946,-18.755847471942374
41.1887,41.1887,179.0,195.8257632489189,193.99348956171096,-52.80576324891889
41.2082,41.2082,175.0,195.87648173365844,194.01903893665806,-56.85648173365844
41.2276,41.2276,213.0,195.92751204251914,194.04444772832804,-18.907512042519144
41.2471,41.2471,180.0,195.9793861463919,194.06997777178344,-51.95938614639191
41.2665,41.2665,203.0,196.03159679886406,194.0953671101947,-29.011596798864062
41.286,41.286,193.0,196.08470438611127,194.12087737858522,-39.06470438611127
41.3055,41.3055,200.0,196.13845235807648,194.14637756775372,-32.11845235807648
41.3249,41.3249,206.0,196.1925957555921,194.17173687524053,-26.1725957555921
41.3444,41.3444,191.0,196.24770091957532,194.1972166272357,-41.22770091957533
41.3638,41.3638,197.0,196.30323296030153,194.22255538398352,-35.28323296030153
41.3833,41.3833,205.0,196.35979117123955,194.2480142603186,-27.339791171239554
41.4027,41.4027,168.0,196.41681321636747,194.2733320310987,-64.39681321636748
41.4222,41.4222,207.0,196.47491888841967,194.29876959531532,-25.45491888841967
41.4417,41.4417,179.0,196.53383847000148,194.32419631248146,-53.51383847000149
41.4611,41.4611,197.0,196.5932969687979,194.34948176458022,-35.57329696879789
41.4806,41.4806,192.0,196.6539401883519,194.3748865181808,-40.6339401883519
41.5,41.5,180.0,196.7151690518516,194.40014990450317,-52.69516905185161
41.5195,41.5195,205.0,196.77765301612365,194.42553226313953,-27.757653016123655
41.5389,41.5389,168.0,196.84078195991924,194.4507731555033,-64.82078195991924
41.5584,41.5584,193.0,196.90524263988377,194.47613268979458,-39.88524263988377
41.5779,41.5779,192.0,196.97075803673673,194.50148062163808,-40.95075803673673
41.5973,41.5973,204.0,197.03701181761377,194.52668694460283,-29.017011817613778
41.6168,41.6168,208.0,197.10473469640235,194.55201141125931,-25.08473469640235
41.6362,41.6362,198.0,197.17327431272525,194.57719417803548,-35.15327431272526
41.6557,41.6557,191.0,197.24337217811217,194.60249475515712,-42.22337217811217
41.6751,41.6751,210.0,197.31437846065015,194.62765354457176,-23.29437846065015
41.6946,41.6946,206.0,197.3870514288883,194.65292980981764,-27.367051428888303
41.7141,41.7141,175.0,197.46109513492783,194.67819372958417,-58.441095134927835
41.7335,41.7335,198.0,197.5361704442677,194.70331573572585,-35.5161704442677
41.753,41.753,227.0,197.61309812222746,194.72855471332383,-6.59309812222746
41.7724,41.7724,192.0,197.6911735294354,194.75365169735974,-41.67117352943539
41.7919,41.7919,185.0,197.77123884748985,194.7788653154547,-48.75123884748986
41.8113,41.8113,207.0,197.85255241342065,194.80393686318394,-26.832552413420657
41.8308,41.8308,226.0,197.93602843073515,194.82912470643763,-7.916028430735153
41.8503,41.8503,202.0,198.0213147172515,194.85429947348055,-32.0013147172515
41.8697,41.8697,215.0,198.10803900551082,194.87933206071122,-19.088039005510822
41.8892,41.8892,219.0,198.19717720401954,194.90448043311306,-15.177177204019543
41.9086,41.9086,222.0,198.28790751930967,194.92948655668548,-12.267907519309674
41.9281,41.9281,200.0,198.38126244247363,194.95460812408786,-34.36126244247363
41.9475,41.9475,197.0,198.47636447787133,194.97958737673605,-37.45636447787133
41.967,41.967,192.0,198.57430759158294,195.00468173076604,-42.55430759158294
41.9865,41.9865,195.0,198.6747056655827,195.02976229008826,-39.65470566558271
42.0059,42.0059,176.0,198.77714838642407,195.0547004414651,-58.75714838642408
42.0254,42.0254,207.0,198.8828211158727,195.07975317805202,-27.862821115872705
42.0448,42.0448,204.0,198.99074727721768,195.10466344845278,-30.970747277217683
42.0643,42.0643,212.0,199.1021894064564,195.12968795888455,-23.082189406456408
42.0837,42.0837,183.0,199.2161458566188,195.15456994794093,-52.1961458566188
42.1032,42.1032,214.0,199.33392524278244,195.17956583077262,-21.313925242782446
42.1227,42.1227,208.0,199.45515253880365,195.20454721256846,-27.43515253880365
42.1421,42.1421,180.0,199.57931633825237,195.22938599583816,-55.55931633825237
42.1616,42.1616,208.0,199.70789981676103,195.2543381510517,-27.687899816761032
42.181,42.181,180.0,199.8397741551387,195.27914766013188,-55.81977415513872
42.2005,42.2005,205.0,199.97648553563647,195.3040701922447,-30.956485535636475
42.2199,42.2199,223.0,200.11690778785686,195.3288500336276,-13.096907787856864
42.2394,42.2394,211.0,200.26266635987506,195.35374254808525,-25.24266635987506
42.2589,42.2589,203.0,200.41334259683205,195.37861986728223,-33.393342596832056
42.2783,42.2783,226.0,200.5683869769939,195.40335443442504,-10.54838697699391
42.2978,42.2978,216.0,200.72968506947123,195.42820114730935,-20.709685069471234
42.3172,42.3172,212.0,200.89588446105796,195.4529050710234,-24.875884461057964
42.3367,42.3367,208.0,201.06903488276612,195.4777207879404,-29.049034882766122
42.3561,42.3561,207.0,201.2477278771221,195.50239368154132,-30.227727877122092
42.3756,42.3756,221.0,201.43420700580123,195.52717801478985,-16.41420700580123
42.3951,42.3951,224.0,201.6279528076055,195.5519464705906,-13.607952807605514
42.4145,42.4145,237.0,201.82835814180314,195.57657205736456,-0.80835814180314
42.434,42.434,208.0,202.03797085547464,195.60130855110793,-30.017970855474644
42.4534,42.4534,193.0,202.25517360814837,195.62590214905796,-45.23517360814837
42.4729,42.4729,205.0,202.48278422834997,195.6506062979157,-33.462784228349975
42.4923,42.4923,209.0,202.71901641069095,195.6751675271436,-29.69901641069096
42.5118,42.5118,256.0,202.9669998645863,195.69983895023043,17.053000135413683
42.5313,42.5313,208.0,203.22621780267576,195.72449382565452,-31.206217802675766
42.5507,42.5507,213.0,203.49605759149875,195.7490057511397,-26.47605759149876
42.5702,42.5702,237.0,203.7801628421244,195.77362733261634,-2.7601628421244158
42.5896,42.5896,235.0,204.07645882819395,195.79810594759627,-5.0564588281939535
42.6091,42.6091,250.0,204.38904519793647,195.82269385908648,9.630954802063528
42.6285,42.6285,208.0,204.7157785538128,195.84713879041206,-32.695778553812815
42.648,42.648,221.0,205.06115246886105,195.87169265780884,-20.041152468861057
42.6675,42.6675,233.0,205.4249674407423,195.89622931923452,-8.404967440742311
42.6869,42.6869,214.0,205.8065112110603,195.92062298537718,-27.7865112110603
42.7064,42.7064,243.0,206.21134745580244,195.94512504468938,0.8086525441975567
42.7258,42.7258,245.0,206.6370167594204,195.96948410222913,2.3829832405796054
42.7453,42.7453,212.0,207.08980181159671,195.9939511901405,-31.06980181159672
42.7647,42.7647,260.0,207.56711173376678,196.01827527264004,16.452888266233217
42.7842,42.7842,234.0,208.07618567239788,196.04270702178482,-10.056185672397888
42.8037,42.8037,239.0,208.617339473763,196.06712091849096,-5.597339473763
42.8231,42.8231,225.0,209.19023789500716,196.09139180964763,-20.170237895007162
42.8426,42.8426,227.0,209.80407422873068,196.11576981966732,-18.784074228730688
42.862,42.862,209.0,210.45600228901506,196.14000482757692,-37.436002289015065
42.8815,42.8815,227.0,211.15671140809383,196.16434658833717,-20.13671140809383
42.9009,42.9009,231.0,211.90351624604122,196.18854535323706,-16.883516246041225
42.9204,42.9204,229.0,212.70919116483697,196.21285050407573,-19.68919116483697
42.9399,42.9399,221.0,213.57554322779922,196.23713716778366,-28.55554322779922
42.9593,42.9593,228.0,214.50399745997464,196.2612808502655,-22.483997459974645
42.9788,42.9788,248.0,215.51135333763332,196.28553036617615,-3.4913533376333277
42.9982,42.9982,221.0,216.59557385201418,196.30963691409008,-31.575573852014188
43.0177,43.0177,217.0,217.77735067857265,196.33384892630752,-36.75735067857265
43.0371,43.0371,261.0,219.05499259500445,196.35791798652838,5.965007404995546
43.0566,43.0566,231.0,220.4544064061098,196.3820921410568,-25.4344064061098
43.0761,43.0761,204.0,221.98358384338243,196.406247185472,-53.96358384338244
43.0955,43.0955,247.0,223.6509905601315,196.4302593070889,-12.630990560131508
43.115,43.115,215.0,225.49434910358718,196.45437596592745,-46.47434910358719
43.1344,43.1344,253.0,227.5187715343384,196.47834972484873,-10.498771534338417
43.1539,43.1539,274.0,229.7758669281821,196.50242764885422,8.244133071817899
43.1733,43.1733,244.0,232.28006058577142,196.52636269855495,-24.260060585771427
43.1928,43.1928,243.0,235.10576299356012,196.5504015403606,-28.085762993560124
43.2123,43.2123,247.0,238.3032015527928,196.5744206607148,-27.283201552792818
43.2317,43.2317,278.0,241.9351962333117,196.5982969503195,0.08480376668829592
43.2512,43.2512,263.0,246.14677286596662,196.62227647051807,-19.12677286596663
43.2706,43.2706,271.0,251.03256223285413,196.6461131923624,-16.012562232854137
43.2901,43.2901,306.0,256.824645133725,196.67005276975132,13.195354866274968
43.3095,43.3095,308.0,263.6906107605859,196.6938495838734,8.329389239414084
43.329,43.329,302.0,271.9865348410914,196.7177488776774,-5.966534841091388
43.3485,43.3485,339.0,282.0302664734427,196.7416278502701,20.989733526557316
43.3679,43.3679,314.0,294.15804412045264,196.76536411730257,-16.138044120452648
43.3874,43.3874,330.0,308.95804143932776,196.78920229823038,-14.938041439327762
43.4068,43.4068,371.0,326.7723109694831,196.81289781537046,8.247689030516895
43.4263,43.4263,338.0,348.29947256006324,196.8366948685442,-46.27947256006324
43.4457,43.4457,396.0,373.8157338990564,196.86034930235593,-13.795733899056401
43.4652,43.4652,409.0,404.01585591007466,196.88410489355462,-30.995855910074667
43.4847,43.4847,435.0,439.07003484226686,196.90783957529524,-40.05003484226687
43.5041,43.5041,437.0,478.81853241558565,196.9314317093267,-77.79853241558565
43.5236,43.5236,468.0,523.3529344549082,196.95512443083194,-91.33293445490823
43.543,43.543,519.0,571.3288881457615,196.9786746556415,-88.30888814576154
43.5625,43.5625,563.0,621.5095986069259,197.00232508734976,-94.48959860692592
43.5819,43.5819,572.0,670.6119215813778,197.02583307599025,-134.59192158137785
43.6014,43.6014,583.0,715.3918448425679,197.04944089019727,-168.37184484256795
43.6209,43.6209,617.0,751.410100694834,197.07302721814673,-170.39010069483402
43.6403,43.6403,674.0,775.1369459125816,197.09647118842386,-137.11694591258163
43.6598,43.6598,655.0,785.2571021895351,197.1200144103755,-166.2371021895351
43.6792,43.6792,700.0,782.2795738355363,197.14341533477366,-118.25957383553633
43.6987,43.6987,706.0,768.1742423811069,197.1669151276558,-98.15424238110687
43.7181,43.7181,780.0,745.219539063605,197.19027268567933,-1.1995390636050018
43.7376,43.7376,708.0,714.7537930757367,197.21372872826743,-42.73379307573667
43.7571,43.7571,754.0,678.0819718769204,197.2371627191802,39.938028123079576
43.7765,43.7765,730.0,636.8042028390031,197.26045457416927,57.2157971609969
43.796,43.796,702.0,592.4198207844147,197.28384433599877,73.6001792155853
43.8154,43.8154,674.0,547.6339371174411,197.3070920309941,90.38606288255893
43.8349,43.8349,646.0,504.07220285981543,197.33043724712144,105.94779714018456
43.8543,43.8543,671.0,463.7355340355042,197.35364046804168,171.28446596449578
43.8738,43.8738,622.0,427.13669621641844,197.37694082368424,158.88330378358154
43.8933,43.8933,579.0,394.8786639468455,197.40021857355003,148.14133605315448
43.9127,43.9127,562.0,367.10224593900296,197.4233544404815,158.91775406099703
43.9322,43.9322,540.0,343.27506673521304,197.44658686072472,160.74493326478694
43.9516,43.9516,498.0,323.2666156521707,197.46967747595951,138.7533843478293
43.9711,43.9711,448.0,306.43206591137636,197.49286425637678,105.58793408862364
43.9905,43.9905,485.0,292.4953497761194,197.51590931221082,156.5246502238806
44.01,44.01,404.0,280.8738010639548,197.53905014442424,87.14619893604522
44.0295,44.0295,388.0,271.24513888521807,197.5621678280099,80.77486111478193
44.0489,44.0489,367.0,263.28606592045224,197.58514391242187,67.73393407954775
44.0684,44.0684,381.0,256.60730678223797,197.6082151882611,88.41269321776203
44.0878,44.0878,349.0,251.02142563655298,197.63114495155543,61.99857436344702
44.1073,44.1073,348.0,246.26107481348515,197.65416951582296,65.75892518651484
44.1267,44.1267,330.0,242.20676269888392,197.67705265663542,51.813237301116075
44.1462,44.1462,317.0,238.68274996772286,197.7000302073206,42.33725003227714
44.1656,44.1656,325.0,235.62272117238933,197.722866426091,53.39727882761066
44.1851,44.1851,302.0,232.91393547353968,197.745796662995,33.106064526460315
44.2046,44.2046,312.0,230.51051900627903,197.76870306980055,45.50948099372097
44.224,44.224,269.0,228.37411700760657,197.79146828669658,4.645882992393425
44.2435,44.2435,281.0,226.4442997537781,197.81432693243173,18.5757002462219
44.2629,44.2629,295.0,224.71121266239868,197.8370444858794,34.308787337601316
44.2824,44.2824,271.0,223.1321463490821,197.8598550748635,11.887853650917904
44.3018,44.3018,272.0,221.70330531782366,197.88252467159478,14.316694682176333
44.3213,44.3213,298.0,220.39311072879866,197.9052869099482,41.626889271201335
44.3408,44.3408,239.0,219.19481374647225,197.92802480082042,-16.174813746472253
44.3602,44.3602,260.0,218.1019131982574,197.95062185412658,5.918086801742604
44.3797,44.3797,278.0,217.09245708288904,197.97331095654593,24.927542917110955
44.3991,44.3991,247.0,216.16777167499436,197.99585932742144,-5.14777167499436
44.4186,44.4186,218.0,215.31033543913736,198.018499352,-33.290335439137365
44.438,44.438,265.0,214.52196493686148,198.04099875343184,14.498035063138516
44.4575,44.4575,248.0,213.78826961985672,198.06358941257184,-1.7682696198567243
44.477,44.477,231.0,213.10816940287955,198.08615521788275,-18.088169402879558
44.4964,44.4964,246.0,212.47984617774995,198.10858056721793,-2.4598461777499523
44.5159,44.5159,208.0,211.89250172352504,198.13109657867898,-39.87250172352505
44.5353,44.5353,243.0,211.34824754473908,198.1534722484553,-4.328247544739085
44.5548,44.5548,224.0,210.83821098513064,198.1759381829338,-22.818210985130648
44.5742,44.5742,228.0,210.3644598136465,198.19826389235612,-18.34445981364651
44.5937,44.5937,213.0,209.9192915556581,198.2206794684989,-32.89929155565811
44.6132,44.6132,229.0,209.5028987045525,198.24306969543417,-16.48289870455251
44.6326,44.6326,214.0,209.11473373387312,198.26531987677177,-31.094733733873127
44.6521,44.6521,200.0,208.74894256262527,198.28765932631484,-44.72894256262528
44.6715,44.6715,210.0,208.40737368751357,198.3098588526893,-34.38737368751357
44.691,44.691,240.0,208.0847950392381,198.3321472479253,-4.064795039238092
44.7104,44.7104,231.0,207.78310143673366,198.35429584472215,-12.763101436733663
44.7299,44.7299,244.0,207.4977391620381,198.37653291050506,0.5222608379618947
44.7494,44.7494,231.0,207.22907021634774,198.39874414260584,-12.20907021634774
44.7688,44.7688,212.0,206.97717611182316,198.42081576781806,-30.95717611182316
44.7883,44.7883,224.0,206.73837774115412,198.44297526070804,-18.71837774115413
44.8077,44.8077,232.0,206.5142350760998,198.46499527714673,-10.494235076099798
44.8272,44.8272,228.0,206.30150574374207,198.48710276009137,-14.281505743742073
44.8466,44.8466,221.0,206.10157707132578,198.50907089928535,-21.081577071325782
44.8661,44.8661,238.0,205.91163393004572,198.53112610330854,-3.891633930045728
44.8856,44.8856,205.0,205.73200904462954,198.55315500001328,-36.71200904462954
44.905,44.905,188.0,205.5629658531818,198.5750447564155,-53.5429658531818
44.9245,44.9245,201.0,205.40214022776536,198.59702097368364,-40.38214022776536
44.9439,44.9439,179.0,205.25065224887655,198.61885818896528,-62.23065224887655
44.9634,44.9634,220.0,205.1064336674023,198.6407814622054,-21.086433667402318
44.9828,44.9828,210.0,204.9704656141166,198.66256587400167,-30.950465614116595
45.0023,45.0023,223.0,204.8409712622507,198.68443594037007,-17.820971262250694
45.0218,45.0218,208.0,204.71822620743123,198.70627923655636,-32.69822620743123
45.0412,45.0412,216.0,204.60243640793573,198.72798388645106,-24.58243640793573
45.0607,45.0607,195.0,204.49209738543408,198.74977358443692,-45.47209738543408
45.0801,45.0801,182.0,204.38795032802207,198.77142478219733,-58.367950328022076
45.0996,45.0996,184.0,204.2886789504877,198.79316062349722,-56.26867895048771
45.119,45.119,222.0,204.19499323087365,198.81475811282766,-18.174993230873653
45.1385,45.1385,211.0,204.10564983672927,198.8364398406929,-29.085649836729274
45.158,45.158,247.0,204.0209412086323,198.85809434621933,6.999058791367688
45.1774,45.1774,201.0,203.94097576736223,198.8796107264402,-38.920975767362236
45.1969,45.1969,193.0,203.86476245016874,198.90121073633358,-46.844762450168744
45.2163,45.2163,228.0,203.79285792240915,198.9226727746097,-11.772857922409159
45.2358,45.2358,240.0,203.72431987165754,198.94421803645284,0.29568012834245394
45.2552,45.2552,224.0,203.6597002162878,198.96562548252052,-15.639700216287807
45.2747,45.2747,227.0,203.5981443262078,198.98711574562236,-12.578144326207806
45.2942,45.2942,186.0,203.53984797477463,199.00857834487036,-53.519847974774635
45.3136,45.3136,207.0,203.48492610675697,199.02990336632678,-32.46492610675698
45.3331,45.3331,221.0,203.43266472077465,199.0513105937094,-18.412664720774657
45.3525,45.3525,229.0,203.38349059319964,199.0725804044836,-10.363490593199643
45.372,45.372,210.0,203.33675599512628,199.09393201361456,-29.316755995126286
45.3914,45.3914,185.0,203.29283055735348,199.11514636943767,-54.27283055735349
45.4109,45.4109,187.0,203.2511504609633,199.13644211564633,-52.23115046096329
45.4304,45.4304,191.0,203.21182726990483,199.15770976706187,-48.191827269904834
45.4498,45.4498,193.0,203.1749693375706,199.17884041428292,-46.15496933757059
45.4693,45.4693,203.0,203.1400871440673,199.20005183867022,-36.12008714406731
45.4887,45.4887,207.0,203.10745305009874,199.22112642741445,-32.087453050098745
45.5082,45.5082,201.0,203.07666099087214,199.24228138438085,-38.056660990872146
45.5276,45.5276,196.0,203.0479183322852,199.26329967633683,-43.02791833228521
45.5471,45.5471,199.0,203.02088239060635,199.28439792719462,-40.00088239060635
45.5666,45.5666,204.0,202.9956165231905,199.30546766283024,-34.97561652319051
45.586,45.586,231.0,202.97217294948973,199.32640099350894,-7.952172949489736
45.6055,45.6055,186.0,202.95025927232888,199.34741366789206,-52.93025927232888
45.6249,45.6249,230.0,202.93001329230296,199.36829011311195,-8.910013292302963
45.6444,45.6444,193.0,202.9111928418019,199.38924549180612,-45.891192841801896
45.6638,45.6638,211.0,202.89392392880924,199.41006481917609,-27.873923928809248
45.6833,45.6833,222.0,202.8779725877916,199.43096266943914,-16.857972587791593
45.7028,45.7028,166.0,202.8633918561918,199.4518315944957,-72.84339185619181
45.7222,45.7222,201.0,202.85019577403847,199.47256473903323,-37.83019577403847
45.7417,45.7417,186.0,202.83820409696895,199.49337578942078,-52.818204096968955
45.7611,45.7611,204.0,202.82749248120192,199.51405124219986,-34.80749248120192
45.7806,45.7806,196.0,202.81790819380407,199.53480418940075,-42.797908193804076
45.8,45.8,208.0,202.8095174234211,199.55542172391358,-30.789517423421117
45.8195,45.8195,199.0,202.80219461784057,199.57611634109384,-39.782194617840574
45.839,45.839,206.0,202.79595262805296,199.5967816334623,-32.77595262805296
45.8584,45.8584,197.0,202.7907768654646,199.61731179451223,-41.77077686546461
45.8779,45.8779,222.0,202.7865792382789,199.63791841947202,-16.766579238278908
45.8973,45.8973,201.0,202.7833834316234,199.65839010301613,-37.76338343162341
45.9168,45.9168,198.0,202.78111708366907,199.67893783793113,-40.76111708366908
45.9362,45.9362,184.0,202.77977995824355,199.69935082330758,-54.759779958243556
45.9557,45.9557,193.0,202.77933795910303,199.7198394472146,-45.759337959103036
45.9752,45.9752,208.0,202.77976189207996,199.7402983570181,-30.759761892079965
45.9946,45.9946,195.0,202.7810278095861,199.7606228090302,-43.76102780958611
46.0141,46.0141,190.0,202.78312131970483,199.78102227923137,-48.76312131970484
46.0335,46.0335,219.0,202.7860019032446,199.8012874884124,-19.7660019032446
46.053,46.053,159.0,202.7896833289012,199.82162730221924,-79.7696833289012
46.0724,46.0724,215.0,202.79409422333154,199.84183305371624,-23.774094223331545
46.0919,46.0919,218.0,202.7992758751911,199.862112995999,-20.779275875191118
46.1114,46.1114,192.0,202.80517798770396,199.8823628451344,-46.78517798770396
46.1308,46.1308,197.0,202.81175290894376,199.90247893389937,-41.791752908943764
46.1503,46.1503,191.0,202.8190521244064,199.92266859165395,-47.7990521244064
46.1697,46.1697,207.0,202.82698471294984,199.94272469255446,-31.80698471294984
46.1892,46.1892,192.0,202.83561876638652,199.962853947943,-46.81561876638652
46.2086,46.2086,196.0,202.84484745319116,199.98284985189767,-42.82484745319117
46.2281,46.2281,220.0,202.85475126674115,200.00291849558647,-18.83475126674115
46.2476,46.2476,194.0,202.86527724916303,200.0229566772663,-44.84527724916303
46.267,46.267,209.0,202.87635202002667,200.04286181945963,-29.856352020026677
46.2865,46.2865,188.0,202.88807959479976,200.06283907826446,-50.86807959479977
46.3059,46.3059,200.0,202.9003247271835,200.08268350772167,-38.88032472718349
46.3254,46.3254,233.0,202.91320153172651,200.10259963843566,-5.893201531726518
46.3448,46.3448,211.0,202.92657672427148,200.12238315180983,-27.90657672427149
46.3643,46.3643,195.0,202.9405689152559,200.142237950858,-43.92056891525591
46.3838,46.3838,196.0,202.95511050479382,200.16206192915234,-42.935110504793826
46.4032,46.4032,190.0,202.97010697021454,200.1817536118786,-48.95010697021455
46.4227,46.4227,189.0,202.98570749649116,200.20151595595726,-49.96570749649116
46.4421,46.4421,210.0,203.0017444696186,200.22114622110718,-28.98174446961859
46.4616,46.4616,227.0,203.0183741737994,200.24084673148627,-11.998374173799405
46.481,46.481,199.0,203.03542273895397,200.26041538141033,-40.01542273895397
46.5005,46.5005,208.0,203.05306143126245,200.28005386023622,-31.033061431262453
46.52,46.52,181.0,203.0711915500175,200.2996611696145,-58.05119155001749
46.5394,46.5394,203.0,203.08971339763204,200.31913694995146,-36.06971339763204
46.5589,46.5589,207.0,203.10881063065625,200.33868193379595,-32.088810630656255
46.5783,46.5783,225.0,203.12828723785196,200.35809561161778,-14.108287237851968
46.5978,46.5978,231.0,203.1483376684848,200.37757807613923,-8.128337668484804
46.6172,46.6172,222.0,203.1687512198468,200.3969294594564,-17.1487512198468
46.6367,46.6367,226.0,203.1897377699801,200.4163492124852,-13.169737769980102
46.6562,46.6562,201.0,203.21118221135958,200.435737457358,-38.19118221135959
46.6756,46.6756,223.0,203.23297836247698,200.4549949619009,-16.21297836247699
46.6951,46.6951,238.0,203.2553373625121,200.4743202098136,-1.2353373625121122
46.7145,46.7145,215.0,203.27803547766788,200.49351494667363,-24.25803547766789
46.734,46.734,227.0,203.30130432244715,200.51277700949427,-12.281304322447156
46.7534,46.7534,203.0,203.32489843535637,200.53190879230493,-36.30489843535638
46.7729,46.7729,233.0,203.34905985045825,200.55110748351026,-6.3290598504582505
46.7924,46.7924,223.0,203.37367180069384,200.57027433777134,-16.353671800693846
46.8118,46.8118,221.0,203.39860065822307,200.58931126217695,-18.37860065822308
46.8313,46.8313,234.0,203.42410592812573,200.60841446781248,-5.40410592812573
46.8507,46.8507,197.0,203.4499202373782,200.62738797900857,-42.4299202373782
46.8702,46.8702,214.0,203.47631332783845,200.64642735350637,-25.45631332783846
46.8896,46.8896,248.0,203.50301281880016,200.66533727071217,8.516987181199838
46.9091,46.9091,220.0,203.53029250762415,200.6843126331583,-19.510292507624158
46.9285,46.9285,227.0,203.5578796647427,200.70315877718141,-12.537879664742704
46.948,46.948,238.0,203.5860578472856,200.7220699482572,-1.5660578472855917
46.9675,46.9675,214.0,203.614681620976,200.74094887416405,-25.594681620976004
46.9869,46.9869,234.0,203.64361191494297,200.75969894346963,-5.62361191494297
47.0064,47.0064,240.0,203.67313685193102,200.7785134117859,0.34686314806897656
47.0258,47.0258,207.0,203.70296620913322,200.79719926663373,-32.68296620913323
47.0453,47.0453,247.0,203.73340589185653,200.81594910201727,7.286594108143461
47.0647,47.0647,214.0,203.76414558650194,200.834570568753,-25.744145586501944
47.0842,47.0842,246.0,203.79550929471304,200.85325559744626,6.224490705286954
47.1037,47.1037,238.0,203.8273346668064,200.87190807460888,-1.8073346668063976
47.1231,47.1231,247.0,203.85946568852722,200.89043255381716,7.160534311472773
47.1426,47.1426,224.0,203.89223606169145,200.9090199663981,-15.872236061691453
47.162,47.162,230.0,203.92531237997267,200.9274796300247,-9.90531237997267
47.1815,47.1815,201.0,203.9590439190137,200.9460018082163,-38.93904391901371
47.2009,47.2009,235.0,203.99308335608677,200.96439648810755,-4.973083356086775
47.2204,47.2204,218.0,204.02778692565496,200.9828532636759,-22.00778692565497
47.2399,47.2399,201.0,204.06299165590906,201.00127719105652,-39.04299165590906
47.2593,47.2593,208.0,204.0985144822119,201.01957399952474,-32.0785144822119
47.2788,47.2788,207.0,204.13473224692157,201.03793227466338,-33.11473224692158
47.2982,47.2982,209.0,204.17127247124358,201.0561636856392,-31.151272471243587
47.3177,47.3177,215.0,204.20852449499228,201.07445614422545,-25.18852449499228
47.3371,47.3371,201.0,204.24610819518887,201.09262199501885,-39.22610819518887
47.3566,47.3566,215.0,204.28441699878888,201.1108484743052,-25.26441699878889
47.3761,47.3761,209.0,204.32327721108726,201.1290418183853,-31.303277211087263
47.3955,47.3955,193.0,204.36248216929928,201.1471089425789,-47.34248216929929
47.415,47.415,217.0,204.4024457873151,201.16523606595712,-23.382445787315092
47.4344,47.4344,199.0,204.44277642142018,201.1832372298306,-41.42277642142018
47.4539,47.4539,174.0,204.48388223962758,201.20129797365598,-66.46388223962758
47.4733,47.4733,202.0,204.52536580427267,201.21923301994573,-38.50536580427267
47.4928,47.4928,204.0,204.56765854299678,201.23722722691994,-36.547658542996786
47.5123,47.5123,206.0,204.61056131940856,201.25518802124265,-34.590561319408565
47.5317,47.5317,182.0,204.65385332660216,201.27302351427943,-58.633853326602164
47.5512,47.5512,206.0,204.69799363502466,201.29091753850938,-34.67799363502466
47.5706,47.5706,227.0,204.74254526974048,201.3086865273512,-13.722545269740479
47.5901,47.5901,226.0,204.78797922854312,201.32651362805987,-14.767979228543126
47.6095,47.6095,212.0,204.8338380569869,201.34421596083234,-28.81383805698691
47.629,47.629,209.0,204.8806139880558,201.36197598613305,-31.860613988055817
47.6485,47.6485,188.0,204.9280739782902,201.3797023308445,-52.908073978290204
47.6679,47.6679,200.0,204.97599189026795,201.3973043120388,-40.95599189026795
47.6874,47.6874,190.0,205.02487667118294,201.41496335620513,-51.00487667118294
47.7068,47.7068,234.0,205.0742370394681,201.43249830815233,-7.054237039468106
47.7263,47.7263,229.0,205.12460489394735,201.45008990372992,-12.104604893947354
47.7457,47.7457,208.0,205.17546919885032,201.46755767990763,-33.15546919885033
47.7652,47.7652,191.0,205.2273802157344,201.48508168038407,-50.2073802157344
47.7847,47.7847,180.0,205.2800814240371,201.50257174177565,-61.2600814240371
47.8041,47.8041,214.0,205.3333281728924,201.51993839618257,-27.31332817289241
47.8236,47.8236,212.0,205.3876890312008,201.5373606453841,-29.36768903120081
47.843,47.843,199.0,205.44261373046086,201.55465976418424,-42.42261373046087
47.8625,47.8625,220.0,205.49869962966406,201.57201405849972,-21.478699629664064
47.8819,47.8819,205.0,205.55538158045917,201.5892455004856,-36.53538158045917
47.9014,47.9014,212.0,205.61326456199876,201.60653169873947,-29.593264561998765
47.9209,47.9209,247.0,205.67209843216,201.62378370878932,5.3479015678399975
47.9403,47.9403,210.0,205.73157821599298,201.64091328674888,-31.711578215992986
47.9598,47.9598,212.0,205.7923555328205,201.65809699164043,-29.772355532820498
47.9792,47.9792,223.0,205.85381756645086,201.6751585461959,-18.83381756645086
47.9987,47.9987,233.0,205.91662690367824,201.69227380854335,-8.89662690367824
48.0181,48.0181,234.0,205.98017125048096,201.70926720376485,-7.960171250480968
48.0376,48.0376,241.0,206.0451332076441,201.72631388769227,-1.0251332076441173
48.0571,48.0571,200.0,206.11121864346063,201.74332614360722,-42.091218643460635
48.0765,48.0765,232.0,206.17809730900572,201.76021696028863,-10.158097309005726
48.096,48.096,238.0,206.24649339764974,201.7771604366229,-4.226493397649747
48.1154,48.1154,254.0,206.31574374558303,201.7939827605349,11.704256254416961
48.1349,48.1349,224.0,206.3865946948226,201.81085732517556,-18.36659469482261
48.1543,48.1543,226.0,206.45834707955748,201.82761102562884,-16.438347079557488
48.1738,48.1738,214.0,206.53178829397018,201.84441654796206,-28.511788293970184
48.1933,48.1933,218.0,206.60656839151795,201.86118741171958,-24.586568391517957
48.2127,48.2127,217.0,206.68235722791894,201.87783784666522,-25.662357227918946
48.2322,48.2322,217.0,206.75994369269716,201.8945394748346,-25.739943692697167
48.2516,48.2516,224.0,206.83859842227648,201.91112096594765,-18.81859842227648
48.2711,48.2711,228.0,206.91917677514795,201.92775323165145,-14.89917677514795
48.2905,48.2905,202.0,207.00087861594096,201.9442656534458,-40.980878615940966
48.31,48.31,205.0,207.08461056519013,201.960828431295,-38.06461056519014
48.3295,48.3295,200.0,207.16997766871202,201.97735632918486,-43.149977668712026
48.3489,48.3489,187.0,207.25660444971697,201.99376482585478,-56.23660444971698
48.3684,48.3684,172.0,207.34543855995057,202.0102230504332,-71.32543855995057
48.3878,48.3878,179.0,207.43560116826276,202.02656217037898,-64.41560116826277
48.4073,48.4073,218.0,207.52810023249884,202.04295059996662,-25.508100232498848
48.4267,48.4267,230.0,207.6220244104621,202.05922022286825,-13.602024410462107
48.4462,48.4462,188.0,207.71840782003164,202.0755387372635,-55.69840782003165
48.4657,48.4657,188.0,207.81685009341535,202.0918221594298,-55.79685009341536
48.4851,48.4851,210.0,207.9168808379687,202.1079872247456,-33.89688083796871
48.5046,48.5046,206.0,208.01961840170623,202.1242005540305,-37.99961840170623
48.524,48.524,207.0,208.12405663981787,202.14029582777215,-37.10405663981787
48.5435,48.5435,201.0,208.23135395207746,202.15643894765685,-43.21135395207746
48.5629,48.5629,210.0,208.34049748619202,202.1724643146334,-34.320497486192025
48.5824,48.5824,203.0,208.45269417436538,202.1885371100664,-41.43269417436538
48.6019,48.6019,199.0,208.56747582217534,202.2045746100493,-45.54747582217534
48.6213,48.6213,212.0,208.68430150047809,202.2204948139385,-32.66430150047809
48.6408,48.6408,215.0,208.8044757004189,202.23646181949232,-29.784475700418895
48.6602,48.6602,211.0,208.9268922443465,202.25231183486883,-33.90689224434651
48.6797,48.6797,198.0,209.05285747743542,202.26820823459815,-47.03285747743543
48.6991,48.6991,192.0,209.18122988476955,202.28398795136275,-53.161229884769554
48.7186,48.7186,211.0,209.3134468290511,202.2998136353287,-34.29344682905109
48.7381,48.7381,224.0,209.44893268712946,202.3156038296062,-21.42893268712946
48.7575,48.7575,201.0,209.58713878128432,202.3312778045465,-44.56713878128433
48.777,48.777,202.0,209.72954952769092,202.34699712073882,-43.709549527690925
48.7964,48.7964,181.0,209.87489020770903,202.362600528009,-64.85489020770903
48.8159,48.8159,213.0,210.02480010946817,202.37824885980666,-33.00480010946818
48.8353,48.8353,183.0,210.17785179225083,202.3937815943621,-63.15785179225084
48.8548,48.8548,210.0,210.33581402858525,202.40935883690162,-36.31581402858525
48.8743,48.8743,219.0,210.4980119185116,202.42490040443158,-27.478011918511598
48.8937,48.8937,225.0,210.66381565069804,202.44032684499473,-21.643815650698045
48.9132,48.9132,233.0,210.83507966911841,202.45579716854405,-13.815079669118418
48.9326,48.9326,210.0,211.01022709005215,202.47115267993075,-36.99022709005216
48.9521,48.9521,226.0,211.19128823961515,202.48655165823865,-21.17128823961515
48.9715,48.9715,201.0,211.3765662623799,202.50183614042157,-46.3565662623799
48.991,48.991,199.0,211.56820368632347,202.51716367366237,-48.548203686323475
49.0105,49.0105,205.0,211.76551361897714,202.5324553554242,-42.74551361897714
49.0299,49.0299,211.0,211.96764953095158,202.5476330178205,-36.94764953095158
49.0494,49.0494,236.0,212.17698650349092,202.56285310733605,-12.156986503490927
49.0688,49.0688,214.0,212.39158866275864,202.57795949657032,-34.37158866275864
49.0883,49.0883,220.0,212.613966327428,202.5931078975901,-28.593966327427992
49.1077,49.1077,209.0,212.84219288988345,202.60814291861533,-39.82219288988345
49.1272,49.1272,211.0,213.0788190183158,202.62321953631417,-38.058819018315816
49.1467,49.1467,219.0,213.32314405203982,202.63826013485067,-30.303144052039826
49.1661,49.1661,192.0,213.57411482353163,202.65318783647294,-57.554114823531634
49.1856,49.1856,206.0,213.83470925351224,202.66815651199656,-43.81470925351225
49.205,49.205,235.0,214.10271328385204,202.68301261386196,-15.082713283852044
49.2245,49.2245,214.0,214.3811710637706,202.69790927509703,-36.36117106377061
49.2439,49.2439,217.0,214.66777258140326,202.71269368710156,-33.64777258140326
49.2634,49.2634,222.0,214.96594566408825,202.7275182441861,-28.945945664088256
49.2829,49.2829,230.0,215.27464466376736,202.74230662314534,-21.254644663767365
49.3023,49.3023,191.0,215.5928581098847,202.75698324211336,-60.572858109884706
49.3218,49.3218,260.0,215.92425735475842,202.77169938466125,8.095742645241572
49.3412,49.3412,232.0,216.26619125081783,202.78630409453797,-20.24619125081783
49.3607,49.3607,215.0,216.6227564225476,202.80094791433524,-37.602756422547614
49.3801,49.3801,241.0,216.99094992898193,202.81548062992255,-11.970949928981938
49.3996,49.3996,212.0,217.37535886320026,202.8300520420331,-41.355358863200266
49.4191,49.4191,235.0,217.77474827194757,202.8445871257103,-18.754748271947577
49.4385,49.4385,199.0,218.18794112512995,202.8590116004147,-55.16794112512996
49.458,49.458,213.0,218.62000034426248,202.8734741515193,-41.60000034426248
49.4774,49.4774,228.0,219.06740845238176,202.88782642492836,-27.04740845238176
49.4969,49.4969,258.0,219.53586882179303,202.90221636202023,2.4841311782069653
49.5163,49.5163,218.0,220.02152889514258,202.91649635380435,-38.001528895142584
49.5358,49.5358,221.0,220.53058526887014,202.9308135968358,-35.510585268870145
49.5553,49.5553,207.0,221.06192654664585,202.94509436971504,-50.041926546645854
49.5747,49.5747,237.0,221.6138951725519,202.95926569836183,-20.59389517255191
49.5942,49.5942,228.0,222.19372915705554,202.97347365961366,-30.173729157055547
49.6136,49.6136,248.0,222.79687513580842,202.98757251176093,-10.776875135808424
49.6331,49.6331,249.0,223.4312632143309,203.00170758480695,-10.411263214330901
49.6525,49.6525,213.0,224.09237127371875,203.01573388495686,-47.07237127371876
49.672,49.672,215.0,224.7886096514103,203.02979599460042,-45.7686096514103
49.6914,49.6914,241.0,225.5152204998525,203.04374966862798,-20.495220499852493
49.7109,49.7109,225.0,226.28200288224923,203.05773874105094,-37.262002882249234
49.7304,49.7304,256.0,227.08755950538978,203.0716911736405,-7.067559505389781
49.7498,49.7498,242.0,227.93049200246372,203.0855356789613,-21.910492002463727
49.7693,49.7693,245.0,228.82196446602137,203.09941496609014,-19.801964466021374
49.7887,49.7887,237.0,229.75643916585918,203.11318666587366,-28.73643916585918
49.8082,49.8082,214.0,230.74966122585425,203.12699273715882,-52.72966122585426
49.8276,49.8276,253.0,231.78965247604626,203.1406915620639,-14.76965247604626
49.8471,49.8471,245.0,232.89429799393167,203.15442434849024,-23.874297993931677
49.8666,49.8666,282.0,234.06255038683327,203.16812037274968,11.95744961316673
49.886,49.886,223.0,235.29342928534095,203.1817096644525,-48.27342928534095
49.9055,49.9055,273.0,236.60496154644957,203.1953323028037,0.415038453550423
49.9249,49.9249,249.0,237.9896502606348,203.20884855213205,-24.969650260634793
49.9444,49.9444,285.0,239.46878639206153,203.22239773896823,9.551213607938465
49.9638,49.9638,257.0,241.0342122355129,203.2358408813273,-20.014212235512915
49.9833,49.9833,252.0,242.71039840393877,203.2493165523991,-26.690398403938772
50.0028,50.0028,264.0,244.49904681264277,203.26275534734432,-16.47904681264278
50.0222,50.0222,278.0,246.399923789927,203.2760886169553,-4.379923789926991
50.0417,50.0417,266.0,248.44438094904845,203.28945380222112,-18.424380949048455
50.0611,50.0611,283.0,250.62355189150435,203.30271380919265,-3.6035518915043525
50.0806,50.0806,256.0,252.97424754850348,203.31600532391136,-32.95424754850349
50.1,50.1,278.0,255.4903991400508,203.32919200835804,-13.470399140050816
50.1195,50.1195,300.0,258.21176209832555,203.34240979300841,5.808237901674445
50.139,50.139,278.0,261.14918738276805,203.3555905958806,-19.129187382768052
50.1584,50.1584,298.0,264.30787353329566,203.36866709278763,-2.2878735332956666
50.1779,50.1779,304.0,267.74688384102114,203.38177407875494,0.27311615897885133
50.1973,50.1973,313.0,271.46208934603607,203.39477710919977,5.55791065396393
50.2168,50.2168,319.0,275.5244434988458,203.40781022209606,7.495556501154184
50.2362,50.2362,306.0,279.93433762596874,203.42073973086548,-9.914337625968741
50.2557,50.2557,312.0,284.7841565565053,203.43369891586042,-8.764156556505313
50.2752,50.2752,346.0,290.10894474979807,203.44662102166814,19.911055250201926
50.2946,50.2946,370.0,295.94408073094274,203.45944005266495,38.07591926905725
50.3141,50.3141,377.0,302.4320192588875,203.4722881507571,38.587980741112474
50.3335,50.3335,370.0,309.60914074539363,203.48503352778104,24.410859254606365
50.353,50.353,429.0,317.675414625048,203.4978075666556,75.34458537495199
50.3724,50.3724,423.0,326.7053695027127,203.51047923912833,60.3146304972873
50.3919,50.3919,449.0,336.99516023009613,203.52317916860852,76.02483976990386
50.4114,50.4114,451.0,348.75136406416345,203.53584192966943,66.26863593583654
50.4308,50.4308,483.0,362.22372487859127,203.54840285850003,84.79627512140873
50.4503,50.4503,492.0,377.9456970465826,203.56099143731853,78.07430295341739
50.4697,50.4697,546.0,396.23546191238376,203.57347854084733,113.78453808761624
50.4892,50.4892,596.0,417.86993596842785,203.58599289054823,142.15006403157213
50.5086,50.5086,629.0,443.30567812346,203.59840612279461,149.71432187654
50.5281,50.5281,724.0,473.59710211514744,203.61084619781738,214.42289788485255
50.5476,50.5476,776.0,509.523384655398,203.62324902329996,230.496615344602
50.567,50.567,865.0,551.8039058752163,203.6355512702026,277.2160941247837
50.5865,50.5865,964.0,601.8861664344408,203.64787975506914,326.13383356555914
50.6059,50.6059,986.0,660.2696465869321,203.66010802139266,289.75035341306784
50.6254,50.6254,1139.0,728.3790292790061,203.6723621233572,374.6409707209939
50.6448,50.6448,1197.0,806.2936419282563,203.6845163676817,354.7263580717437
50.6643,50.6643,1253.0,895.1149411916655,203.69669604576254,321.9050588083345
50.6838,50.6838,1271.0,994.247595138661,203.70883840122826,240.77240486133894
50.7032,50.7032,1481.0,1101.812480276478,203.72088144247974,343.20751972352195
50.7227,50.7227,1569.0,1216.2058879728575,203.73294931497782,316.8141120271425
50.7421,50.7421,1577.0,1331.5533480882048,203.74491823629432,209.46665191179522
50.7616,50.7616,1581.0,1442.1807626280713,203.756911588091,102.83923737192869
50.781,50.781,1620.0,1538.5727611277255,203.76880635257595,45.447238872274525
50.8005,50.8005,1614.0,1613.253645257932,203.7807251472307,-35.233645257932025
50.82,50.82,1577.0,1659.6804078845425,203.79260655417565,-118.66040788454255
50.8394,50.8394,1617.0,1676.24047839009,203.80438992163536,-95.22047839008995
50.8589,50.8589,1530.0,1665.9038052815536,203.8161967191524,-171.88380528155358
50.8783,50.8783,1488.0,1634.0846059864207,203.82790584311252,-182.0646059864207
50.8978,50.8978,1403.0,1585.580228891752,203.83963799798258,-218.5602288917521
50.9172,50.9172,1317.0,1524.2406137275952,203.85127284603277,-243.22061372759526
50.9367,50.9367,1232.0,1450.907140131043,203.86293032631949,-254.887140131043
50.9562,50.9562,1157.0,1366.8444543719793,203.87455036171602,-245.8244543719793
50.9756,50.9756,1105.0,1274.3532284935236,203.88607364237035,-205.33322849352362
50.9951,50.9951,1001.0,1175.7526368280855,203.89761895763922,-210.73263682808556
51.0145,51.0145,997.0,1076.2176531072678,203.9090678868904,-115.19765310726778
51.034,51.034,871.0,978.7899717510444,203.92053845329,-143.7699717510444
51.0534,51.0534,797.0,887.6706929783876,203.93191300317673,-126.6506929783876
51.0729,51.0729,739.0,803.9259290105972,203.94330879323712,-100.9059290105972
51.0924,51.0924,649.0,728.9975398025445,203.95466708907608,-115.97753980254446
51.1118,51.1118,617.0,663.3463259482778,203.96592992458238,-82.32632594827781
51.1313,51.1313,560.0,605.9206232897234,203.97721340522358,-81.90062328972338
51.1507,51.1507,505.0,556.665184061872,203.98840179695407,-87.64518406187197
51.1702,51.1702,524.0,514.25264492764,203.99961043809577,-26.232644927639953
51.1896,51.1896,454.0,478.28285300685195,204.0107243625011,-60.262853006851955
51.2091,51.2091,405.0,447.5449175772188,204.02185814110274,-78.52491757721883
51.2286,51.2286,407.0,421.4384775582431,204.03295438393508,-50.41847755824311
51.248,51.248,373.0,399.3597598950863,204.04395647016597,-62.33975989508632
51.2675,51.2675,360.0,380.4398513532162,204.05497781822922,-56.41985135321623
51.2869,51.2869,383.0,364.3301358716417,204.0659053837124,-17.31013587164169
51.3064,51.3064,355.0,350.3943664437729,204.07685181710733,-31.374366443772928
51.3258,51.3258,329.0,338.3809206302277,204.08770484266805,-45.36092063022771
51.3453,51.3453,298.0,327.8477239368044,204.0985763427461,-65.82772393680442
51.3648,51.3648,319.0,318.5934645371239,204.10941027322463,-35.57346453712391
51.3842,51.3842,280.0,310.44666397406036,204.1201513598123,-66.42666397406036
51.4037,51.4037,313.0,303.15124545705856,204.13091033131832,-26.13124545705857
51.4231,51.4231,315.0,296.6461102111818,204.1415768354568,-17.626110211181796
51.4426,51.4426,302.0,290.75393311523635,204.15226083245636,-24.733933115236354
51.462,51.462,290.0,285.4467411236835,204.16285273930845,-31.426741123683527
51.4815,51.4815,275.0,280.59650999904545,204.1734617475074,-41.576509999045456
51.501,51.501,284.0,276.17301421949,204.18403315992887,-28.153014219490032
51.5204,51.5204,275.0,272.145268115829,204.19451304980902,-33.12526811582903
51.5399,51.5399,289.0,268.4295202271967,204.20500945429168,-15.409520227196694
51.5593,51.5593,258.0,265.02824731960754,204.21541471516147,-43.00824731960755
51.5788,51.5788,226.0,261.87496734342943,204.2258361004991,-71.85496734342944
51.5982,51.5982,269.0,258.9761497796331,204.23616672182177,-25.956149779633094
51.6177,51.6177,244.0,256.27765762362213,204.24651307803745,-48.25765762362214
51.6372,51.6372,234.0,253.77530269814082,204.2568218198843,-55.755302698140824
51.6566,51.6566,244.0,251.46133659972097,204.26704036884038,-43.44133659972097
51.6761,51.6761,236.0,249.29582027401727,204.27727406888818,-49.27582027401728
51.6955,51.6955,236.0,247.2872897694627,204.28741795728308,-47.26728976946269
51.715,51.715,234.0,245.40173397900324,204.29757660861623,-47.38173397900324
51.7344,51.7344,226.0,243.64763580655966,204.3076458301761,-53.62763580655967
51.7539,51.7539,234.0,241.99661321734118,204.31772942709736,-43.97661321734118
51.7734,51.7734,217.0,240.4481929508417,204.32777539857938,-59.428192950841705
51.7928,51.7928,229.0,239.00190497538483,204.33773251478704,-45.981904975384836
51.8123,51.8123,229.0,237.63498774076982,204.34770342558525,-44.61498774076982
51.8317,51.8317,213.0,236.355126356607,204.3575858645607,-59.335126356607006
51.8512,51.8512,246.0,235.1428484193404,204.3674817120125,-25.1228484193404
51.8706,51.8706,216.0,234.00505276625415,204.377289471708,-53.98505276625416
51.8901,51.8901,199.0,232.92496887196543,204.38711025435856,-69.90496887196544
51.9096,51.9096,235.0,231.90394924447259,204.396893407955,-32.88394924447259
51.929,51.929,217.0,230.9428573902763,204.40658905152594,-49.92285739027629
51.9485,51.9485,216.0,230.02784089518457,204.41629714039826,-50.00784089518457
51.9679,51.9679,207.0,229.1647890313547,204.42591810481576,-58.144789031354705
51.9874,51.9874,212.0,228.3415998823209,204.43555113051713,-52.32159988232091
52.0068,52.0068,215.0,227.56383741234464,204.4450974179222,-48.543837412344644
52.0263,52.0263,207.0,226.82066848079134,204.45465538320283,-55.800668480791344
52.0458,52.0458,215.0,226.11392277234089,204.464175723204,-47.09392277234089
52.0652,52.0652,236.0,225.44444022540782,204.47360990573026,-25.42444022540782
52.0847,52.0847,218.0,224.80350451113958,204.48305519168076,-42.78350451113958
52.1041,52.1041,198.0,224.19549428429542,204.49241470775203,-62.175494284295425
52.1236,52.1236,219.0,223.61233861822026,204.50178494538318,-40.59233861822027
52.143,52.143,213.0,223.05851301029142,204.51106980129205,-46.038513010291425
52.1625,52.1625,227.0,222.5266157352943,204.52036499752174,-31.506615735294318
52.182,52.182,211.0,222.0183255474546,204.52962257957105,-46.9983255474546
52.2014,52.2014,214.0,221.5345417341964,204.53879536366946,-43.51454173419641
52.2209,52.2209,201.0,221.06904414760587,204.5479779169242,-56.04904414760587
52.2403,52.2403,206.0,220.62557907910139,204.55707606175534,-50.60557907910139
52.2598,52.2598,223.0,220.19837912288045,204.5661835960879,-33.17837912288046
52.2792,52.2792,219.0,219.7909400591081,204.57520711205885,-36.7709400591081
52.2987,52.2987,188.0,219.3980749873199,204.58423963851737,-67.37807498731989
52.3182,52.3182,193.0,219.0210182681074,204.59323456915305,-62.001018268107416
52.3376,52.3376,207.0,218.66079976203957,204.60214606800892,-47.64079976203958
52.3571,52.3571,206.0,218.3128817297091,204.61106600955807,-48.292881729709094
52.3765,52.3765,204.0,217.98020790654542,204.61990291069378,-49.96020790654542
52.396,52.396,205.0,217.6586354115922,204.62874787713244,-48.638635411592205
52.4154,52.4154,209.0,217.35081912610832,204.6375101950322,-44.330819126108324
52.4349,52.4349,192.0,217.05298907312314,204.64628020150136,-61.03298907312315
52.4544,52.4544,213.0,216.76618152459275,204.65501263769835,-39.74618152459276
52.4738,52.4738,206.0,216.49132840140643,204.66366301461008,-46.47132840140644
52.4933,52.4933,224.0,216.2250665234735,204.67232051574965,-28.20506652347349
52.5127,52.5127,224.0,215.96961147714725,204.68089635071732,-27.949611477147258
52.5322,52.5322,226.0,215.72200959820364,204.68947893484176,-25.702009598203645
52.5516,52.5516,196.0,215.48428451849043,204.6979802463896,-55.46428451849043
52.5711,52.5711,233.0,215.25359532820752,204.70648793269544,-18.233595328207528
52.5905,52.5905,222.0,215.0320031776262,204.71491474049486,-29.012003177626198
52.61,52.61,210.0,214.8168146764082,204.7233475493302,-40.796814676408204
52.6295,52.6295,188.0,214.60894122435036,204.73174283120395,-62.588941224350364
52.6489,52.6489,203.0,214.409001682958,204.7400578270579,-47.38900168295801
52.6684,52.6684,200.0,214.21464078567845,204.74837826416461,-50.19464078567846
52.6878,52.6878,211.0,214.0276234551478,204.75661881047665,-39.007623455147794
52.7073,52.7073,192.0,213.8457047072194,204.76486442603112,-57.8257047072194
52.7267,52.7267,215.0,213.67055072137822,204.77303054646472,-34.650550721378224
52.7462,52.7462,202.0,213.50009378706739,204.7812013648226,-47.48009378706739
52.7657,52.7657,200.0,213.33500796162667,204.78933469796354,-49.31500796162668
52.7851,52.7851,203.0,213.17590244178524,204.79738913082934,-46.155902441785244
52.8046,52.8046,167.0,213.02090193366604,204.80544770547348,-82.00090193366604
52.824,52.824,204.0,212.87144518058537,204.81342777660663,-44.85144518058537
52.8435,52.8435,201.0,212.7257887623497,204.82141161994954,-47.70578876234971
52.8629,52.8629,194.0,212.58524234578886,204.82931735696866,-54.56524234578886
52.8824,52.8824,179.0,212.4481867301376,204.83722649733608,-69.4281867301376
52.9019,52.9019,194.0,212.31518942954042,204.84509820120874,-54.29518942954043
52.9213,52.9213,219.0,212.18677947589498,204.8528923958272,-29.166779475894984
52.9408,52.9408,203.0,212.06147277710238,204.8606894413644,-45.041472777102385
52.9602,52.9602,190.0,211.94038797788974,204.8684093758608,-57.920387977889746
52.9797,52.9797,209.0,211.8222039026608,204.87613179420157,-38.80220390266079
52.9991,52.9991,216.0,211.70795555828178,204.88377750011242,-31.687955558281786
53.0186,53.0186,207.0,211.59634381564362,204.89142532351516,-40.576343815643625
53.0381,53.0381,211.0,211.48788352732402,204.89903576605724,-36.46788352732402
53.0575,53.0575,219.0,211.38295817923463,204.90657009532868,-28.36295817923464
53.077,53.077,190.0,211.28042974764435,204.91410599345687,-57.26042974764435
53.0964,53.0964,187.0,211.18120651856623,204.92156617788802,-60.16120651856623
53.1159,53.1159,192.0,211.08416739507499,204.92902756664745,-55.06416739507499
53.1353,53.1353,190.0,210.99024280637408,204.93641364165552,-56.97024280637409
53.1548,53.1548,199.0,210.89834855543748,204.94380055719995,-47.87834855543748
53.1743,53.1743,197.0,210.80892668232562,204.95115015436411,-49.788926682325624
53.1937,53.1937,217.0,210.72229055285123,204.9584250388926,-29.702290552851238
53.2132,53.2132,186.0,210.63749498768686,204.965700219194,-60.61749498768687
53.2326,53.2326,219.0,210.55533242123516,204.97290108770477,-27.535332421235168
53.2521,53.2521,182.0,210.47486906670838,204.9801018900571,-64.45486906670838
53.2715,53.2715,231.0,210.39688266614596,204.98722878181104,-15.37688266614596
53.291,53.291,208.0,210.32049505580798,204.99435524622604,-38.300495055807986
53.3105,53.3105,196.0,210.24604038370026,205.0014444615219,-50.226040383700266
53.3299,53.3299,207.0,210.1738328356515,205.0084603691593,-39.1538328356515
53.3494,53.3494,194.0,210.1030563191254,205.01547530864198,-52.08305631912539
53.3688,53.3688,207.0,210.03439999077483,205.02241734249515,-39.014399990774834
53.3883,53.3883,214.0,209.96709307255455,205.02935804890964,-31.94709307255455
53.4077,53.4077,212.0,209.90175820448738,205.0362262520457,-33.88175820448738
53.4272,53.4272,203.0,209.8377044700194,205.04309276922447,-42.81770447001939
53.4467,53.4467,187.0,209.77518673549523,205.04992211326027,-58.75518673549523
53.4661,53.4661,215.0,209.7144934516045,205.05667955865047,-30.694493451604515
53.4856,53.4856,208.0,209.654945649752,205.06343478129045,-37.634945649752
53.505,53.505,205.0,209.59709793370624,205.07011850841047,-40.57709793370624
53.5245,53.5245,200.0,209.54034158712417,205.07679965619354,-45.52034158712418
53.5439,53.5439,208.0,209.48519267355044,205.08340971187965,-37.46519267355045
53.5634,53.5634,195.0,209.43104391089753,205.09001683242138,-50.41104391089753
53.5829,53.5829,200.0,209.37816247682667,205.09658686244592,-45.35816247682668
53.6023,53.6023,201.0,209.32675285028478,205.10308640656933,-44.30675285028478
53.6218,53.6218,174.0,209.27627739099768,205.10958248285218,-71.25627739099768
53.6412,53.6412,208.0,209.22719199647423,205.11600847736977,-37.207191996474236
53.6607,53.6607,231.0,209.17897325078565,205.12243065020644,-14.15897325078565
53.6801,53.6801,214.0,209.1320829803664,205.12878314568647,-31.112082980366395
53.6996,53.6996,187.0,209.08599933493016,205.13513146643848,-58.06599933493017
53.7191,53.7191,214.0,209.04095597254857,205.14144278588287,-31.020955972548578
53.7385,53.7385,211.0,208.9971240512514,205.1476850356001,-33.97712405125141
53.758,53.758,205.0,208.95403839933132,205.153922582063,-39.93403839933133
53.7774,53.7774,201.0,208.9121126388677,205.16009146385906,-43.892112638867715
53.7969,53.7969,205.0,208.8708815098406,205.16625529135513,-39.85088150984059
53.8163,53.8163,164.0,208.83075550505887,205.17235085949298,-80.81075550505888
53.8358,53.8358,217.0,208.791291437523,205.1784410230923,-27.771291437523004
53.8553,53.8553,173.0,208.75267075495043,205.18449428111188,-71.73267075495043
53.8747,53.8747,224.0,208.71506791216598,205.1904798887083,-20.69506791216598
53.8942,53.8942,210.0,208.67806528667177,205.19645956748178,-34.65806528667177
53.9136,53.9136,221.0,208.64203316598312,205.20237200173156,-23.622033165983126
53.9331,53.9331,190.0,208.6065749146091,205.20827815895544,-54.5865749146091
53.9525,53.9525,212.0,208.57202552750937,205.21411747777924,-32.55202552750937
53.972,53.972,202.0,208.5380290223647,205.21995017219456,-42.5180290223647
53.9915,53.9915,225.0,208.50472500173976,205.2257460632108,-19.48472500173976
54.0109,54.0109,232.0,208.47227603957333,205.23147572594044,-12.452276039573334
54.0304,54.0304,207.0,208.44032597597774,205.23719824429025,-37.42032597597775
54.0498,54.0498,181.0,208.40917795768218,205.24285494100778,-63.38917795768218
54.0693,54.0693,176.0,208.37851104052527,205.24850414803197,-68.35851104052527
54.0887,54.0887,166.0,208.3486068198297,205.25408794027842,-78.32860681982972
54.1082,54.1082,197.0,208.31915076252164,205.25966389835193,-47.29915076252165
54.1277,54.1277,183.0,208.29027786997773,205.26520316159414,-61.27027786997773
54.1471,54.1471,198.0,208.2621258021736,205.27067762122425,-46.24212580217362
54.1666,54.1666,212.0,208.2343889096933,205.27614373109307,-32.21438890969331
54.186,54.186,191.0,208.20732729449915,205.28154544467517,-53.187327294499156
54.2055,54.2055,180.0,208.18065728624904,205.28693846611853,-64.16065728624905
54.2249,54.2249,206.0,208.15463914698506,205.29226749877688,-38.134639146985066
54.2444,54.2444,194.0,208.12898665641873,205.29758749776607,-50.108986656418736
54.2639,54.2639,193.0,208.10383510047873,205.30287091681322,-51.08383510047874
54.2833,54.2833,211.0,208.07928325311107,205.30809095916814,-33.059283253111076
54.3028,54.3028,193.0,208.0550744580625,205.31330145671757,-51.03507445806251
54.3222,54.3222,174.0,208.03144571561086,205.31844898548806,-70.01144571561086
54.3417,54.3417,185.0,208.00813757401343,205.32358663005738,-58.988137574013436
54.3611,54.3611,204.0,207.985385758595,205.32866171391376,-39.96538575859499
54.3806,54.3806,195.0,207.9629426535066,205.33372657503324,-48.94294265350659
54.4001,54.4001,208.0,207.9409137119417,205.338754977356,-35.92091371194171
54.4195,54.4195,204.0,207.91940185120694,205.34372143186144,-39.899401851206946
54.439,54.439,217.0,207.89817147410614,205.3486771570138,-26.87817147410614
54.4584,54.4584,195.0,207.8774382609841,205.35357134276765,-48.8574382609841
54.4779,54.4779,184.0,207.85771765116823,205.35845446279964,-59.837717651168234
54.4973,54.4973,198.0,207.8377233766686,205.36327645198114,-45.81772337666861
54.5168,54.5168,206.0,207.81799336272002,205.3680870399446,-37.79799336272002
54.5363,54.5363,207.0,207.7986098553151,205.37286129644687,-36.77860985531511
54.5557,54.5557,202.0,207.77967138419137,205.37757503567417,-41.75967138419138
54.5752,54.5752,184.0,207.76096774786956,205.3822768716543,-59.74096774786956
54.5946,54.5946,179.0,207.74269001150256,205.38691859920198,-64.72269001150256
54.6141,54.6141,189.0,207.72464133411634,205.39154809020494,-54.704641334116346
54.6335,54.6335,200.0,207.70699274167404,205.3961178817239,-43.68699274167405
54.653,54.653,223.0,207.68956071719788,205.40067510428582,-20.669560717197882
54.6725,54.6725,216.0,207.672426904432,205.40519612884688,-27.652426904432005
54.6919,54.6919,182.0,207.65567527590846,205.40965806805704,-61.63567527590847
54.7114,54.7114,201.0,207.63912587285674,205.41410694093432,-42.61912587285674
54.7308,54.7308,175.0,207.62293567473742,205.41849713764572,-68.60293567473742
54.7503,54.7503,204.0,207.60693660900952,205.42287393784156,-39.58693660900953
54.7697,54.7697,199.0,207.5912863030794,205.42719247113968,-44.57128630307942
54.7892,54.7892,191.0,207.57618524901116,205.4314972786372,-52.556185249011165
54.8087,54.8087,198.0,207.56097338043242,205.4357660276533,-45.54097338043242
54.8281,54.8281,216.0,207.54608775670388,205.4399771243414,-27.526087756703888
54.8476,54.8476,235.0,207.53136944938265,205.44417400257115,-8.511369449382656
54.867,54.867,206.0,207.51696510526483,205.44831363792008,-37.496965105264835
54.8865,54.8865,179.0,207.50271852044622,205.45243872778607,-64.48271852044623
54.9059,54.9059,232.0,207.48877474039566,205.45650698427858,-11.46877474039566
54.9254,54.9254,203.0,207.4749837355921,205.46056036917344,-40.45498373559211
54.9449,54.9449,211.0,207.46141106748144,205.4645778410998,-32.44141106748144
54.9643,54.9643,209.0,207.44812175238792,205.46853909453898,-34.42812175238792
54.9838,54.9838,212.0,207.43497136770375,205.47248498850473,-31.414971367703757
55.0032,55.0032,198.0,207.42209461175597,205.47637507361287,-45.40209461175597
55.0227,55.0227,195.0,207.4093499978753,205.48024947542342,-48.3893499978753
55.0421,55.0421,195.0,207.39686831184102,205.4840684780435,-48.37686831184102
55.0616,55.0616,216.0,207.38451459021115,205.4878714744636,-27.364514590211158
55.0811,55.0811,187.0,207.37234838215022,205.4916387093562,-56.352348382150225
55.1005,55.1005,189.0,207.36042808121766,205.49535116014195,-54.34042808121767
55.12,55.12,178.0,207.3486240473578,205.4990471216972,-65.32862404735779
55.1394,55.1394,201.0,207.33705782536998,205.50268870887837,-42.317057825369986
55.1589,55.1589,183.0,207.32560621851516,205.506313486247,-60.305606218515166
55.1783,55.1783,213.0,207.31437779321158,205.50988429898962,-30.29437779321158
55.1978,55.1978,182.0,207.30325718658656,205.51343798227114,-61.28325718658657
55.2173,55.2173,211.0,207.29229757522964,205.51695606132856,-32.27229757522964
55.2367,55.2367,241.0,207.28155312132463,205.52042079092283,-2.2615531213246385
55.2562,55.2562,200.0,207.2709084429246,205.52386791293264,-43.2509084429246
55.2756,55.2756,231.0,207.26046841407438,205.52726209523703,-12.240468414074385
55.2951,55.2951,214.0,207.2501223459817,205.53063835265814,-29.230122345981712
55.3145,55.3145,226.0,207.23997408291842,205.53396208012438,-17.219974082918426
55.334,55.334,216.0,207.22991380372295,205.53726756635368,-27.209913803722955
55.3534,55.3534,191.0,207.2200452901201,205.5405209323651,-52.200045290120116
55.3729,55.3729,210.0,207.21026194360468,205.54375574173434,-33.19026194360468
55.3924,55.3924,196.0,207.20061128149032,205.5469551576175,-47.18061128149033
55.4118,55.4118,218.0,207.1911403990022,205.55010306837573,-25.171140399002198
55.4313,55.4313,182.0,207.18174646281486,205.5532319507664,-61.16174646281486
55.4507,55.4507,184.0,207.1725265334926,205.55630973770775,-59.152526533492605
55.4702,55.4702,178.0,207.16337978782423,205.55936818326288,-65.14337978782423
55.4896,55.4896,192.0,207.15440040038084,205.5623759430087,-51.13440040038084
55.5091,55.5091,218.0,207.1454932663402,205.56536404930932,-25.1254932663402
55.5286,55.5286,204.0,207.13669811045145,205.5683169325799,-39.11669811045145
55.548,55.548,181.0,207.12806103593658,205.57121974494746,-62.108061035936586
55.5675,55.5675,192.0,207.11948978642775,205.57410243718928,-51.09948978642775
55.5869,55.5869,198.0,207.1110670195899,205.57693546805183,-45.091067019589914
55.6064,55.6064,187.0,207.10270927619644,205.5797480691445,-56.08270927619644
55.6258,55.6258,190.0,207.094494506489,205.5825114183242,-53.07449450648902
55.6453,55.6453,191.0,207.08633867947174,205.5852540290608,-52.06633867947174
55.6648,55.6648,190.0,207.07828066867827,205.58796159287022,-53.05828066867828
55.6842,55.6842,201.0,207.07036144500728,205.59062051937124,-42.05036144500728
55.7037,55.7037,213.0,207.06249625645367,205.59325824585233,-30.042496256453674
55.7231,55.7231,194.0,207.05476290515384,205.59584774432074,-49.03476290515384
55.7426,55.7426,193.0,207.04707989929506,205.59841573653833,-50.02707989929506
55.762,55.762,201.0,207.03952452663657,205.60093590995987,-42.01952452663657
55.7815,55.7815,184.0,207.03201573159285,205.6034342718816,-59.012015731592854
55.801,55.801,192.0,207.0245934151511,205.6058977685603,-51.00459341515109
55.8204,55.8204,206.0,207.0172916350921,205.6083140606322,-36.99729163509211
55.8399,55.8399,209.0,207.01003267030242,205.61070808478883,-33.990032670302426
55.8593,55.8593,222.0,207.00289047818507,205.6130553133307,-20.98289047818507
55.8788,55.8788,187.0,206.9957880506787,205.61537997117784,-55.9757880506787
55.8982,55.8982,211.0,206.98879867754385,205.6176582423019,-31.96879867754386
55.9177,55.9177,192.0,206.98184660958725,205.61991364094456,-50.961846609587255
55.9372,55.9372,213.0,206.97496974558726,205.622134361544,-29.954969745587263
55.9566,55.9566,206.0,206.96819694504504,205.6243093090813,-36.94819694504504
55.9761,55.9761,203.0,206.96145942567153,205.6264609329398,-39.94145942567154
55.9955,55.9955,210.0,206.95482457463143,205.62856719234978,-32.934824574631435
56.015,56.015,227.0,206.9482221981017,205.63064982879047,-15.928222198101693
56.0344,56.0344,212.0,206.94171695255903,205.63268750927455,-30.921716952559038
56.0539,56.0539,220.0,206.9352442104436,205.63470126850228,-22.915244210443618
56.0734,56.0734,192.0,206.92883183686513,205.6366805423366,-50.90883183686513
56.0928,56.0928,217.0,206.92251388090222,205.63861547323543,-25.90251388090222
56.1123,56.1123,206.0,206.9162220385227,205.640526036954,-36.89622203852271
56.1317,56.1317,206.0,206.91002133515306,205.64239266589806,-36.890021335153065
56.1512,56.1512,210.0,206.90384582021125,205.64423463189726,-32.88384582021125
56.1706,56.1706,194.0,206.89775563456493,205.6460330711401,-48.877755634564934
56.1901,56.1901,188.0,206.89169080531903,205.64780655268711,-54.871690805319034
56.2096,56.2096,215.0,206.885677164446,205.6495457468751,-27.865677164446012
56.229,56.229,198.0,206.87974694958945,205.65124202657714,-44.85974694958945
56.2485,56.2485,204.0,206.87383785833237,205.65291290798783,-38.85383785833237
56.2679,56.2679,199.0,206.86800684361336,205.65454128254734,-43.84800684361336
56.2874,56.2874,211.0,206.86219431604778,205.65614396661286,-31.84219431604778
56.3068,56.3068,192.0,206.85645905998385,205.65770455129834,-50.83645905998385
56.3263,56.3263,176.0,206.85073944581282,205.6592391543111,-66.83073944581282
56.3458,56.3458,186.0,206.84506616206372,205.66073967331786,-56.82506616206372
56.3652,56.3652,203.0,206.83946448160597,205.66219870435467,-39.819464481605976
56.3847,56.3847,197.0,206.83387880493203,205.66363131850503,-45.81387880493203
56.4041,56.4041,181.0,206.82836264436793,205.66502285172106,-61.80836264436793
56.4236,56.4236,181.0,206.82285819864967,205.6663876794455,-61.80285819864967
56.443,56.443,194.0,206.817422396407,205.66771183308705,-48.797422396407015
56.4625,56.4625,221.0,206.8119979538485,205.6690089936657,-21.791997953848508
56.482,56.482,192.0,206.80661085298578,205.67027227884478,-50.78661085298579
56.5014,56.5014,189.0,206.80128884176509,205.6714955003818,-53.78128884176509
56.5209,56.5209,193.0,206.79597446211682,205.67269129907686,-49.77597446211682
56.5403,56.5403,196.0,206.79072338048667,205.6738474404943,-46.77072338048667
56.5598,56.5598,191.0,206.7854787479386,205.67497587409687,-51.765478747938616
56.5792,56.5792,176.0,206.7802952218495,205.67606505658142,-66.76029522184952
56.5987,56.5987,207.0,206.77511755376852,205.67712624732192,-35.75511755376853
56.6182,56.6182,215.0,206.76997144260608,205.67815377645692,-27.749971442606082
56.6376,56.6376,198.0,206.7648828249443,205.67914266383798,-44.7448828249443
56.6571,56.6571,204.0,206.7597972819277,205.68010313518192,-38.73979728192769
56.6765,56.6765,207.0,206.75476777967972,205.68102537039368,-35.73476777967973
56.696,56.696,209.0,206.74974101713448,205.68191890826188,-33.72974101713449
56.7154,56.7154,217.0,206.74476769483758,205.68277461539435,-25.72476769483758
56.7349,56.7349,211.0,206.73979536638385,205.68360134493017,-31.71979536638385
56.7544,56.7544,199.0,206.7348488262981,205.68439463177663,-43.71484882629811
56.7738,56.7738,213.0,206.72995396486448,205.68515069606784,-29.709953964864482
56.7933,56.7933,192.0,206.7250588669152,205.68587736400607,-50.705058866915195
56.8127,56.8127,202.0,206.72021167829016,205.6865672141972,-40.70021167829016
56.8322,56.8322,198.0,206.71536461875692,205.68722739042883,-44.695364618756926
56.8516,56.8516,197.0,206.71056380684365,205.68785115347612,-45.690563806843656
56.8711,56.8711,203.0,206.70576061455418,205.68844496602017,-39.685760614554184
56.8906,56.8906,241.0,206.7009793450536,205.6890055598474,-1.6809793450536148
56.91,56.91,198.0,206.6962429714328,205.68953034738144,-44.67624297143281
56.9295,56.9295,224.0,206.69150211509802,205.69002477124232,-18.671502115098022
56.9489,56.9489,235.0,206.6868052181003,205.69048379273426,-7.6668052181002935
56.9684,56.9684,223.0,206.68210237975052,205.69091217667926,-19.66210237975052
56.9878,56.9878,206.0,206.67744246929553,205.6913055619144,-36.65744246929553
57.0073,57.0073,225.0,206.67277561172455,205.6916680368007,-17.65277561172455
57.0268,57.0268,209.0,206.6681270781719,205.6919975219337,-33.648127078171896
57.0462,57.0462,195.0,206.66351779753535,205.69229261385405,-47.64351779753535
57.0657,57.0657,196.0,206.65890088368747,205.69255638789062,-46.63890088368747
57.0851,57.0851,211.0,206.6543232208594,205.69278617168555,-31.6343232208594
57.1046,57.1046,189.0,206.64973626813136,205.69298436748764,-53.62973626813137
57.124,57.124,199.0,206.64518763998987,205.6931489757342,-43.625187639989875
57.1435,57.1435,228.0,206.64062985599537,205.69328172695995,-14.620629855995375
57.163,57.163,189.0,206.63608430880933,205.69338172232113,-53.616084308809334
57.1824,57.1824,180.0,206.63157530318614,205.69344873412624,-62.61157530318614
57.2019,57.2019,202.0,206.62705470787196,205.69348348705816,-40.60705470787197
57.2213,57.2213,201.0,206.62256961962044,205.69348565838288,-41.60256961962044
57.2408,57.2408,197.0,206.61807286807718,205.69345530452168,-45.59807286807718
57.2602,57.2602,205.0,206.61360891915643,205.69339277069764,-37.59360891915644
57.2797,57.2797,211.0,206.60913363744123,205.69329744646487,-31.589133637441236
57.2992,57.2992,180.0,206.60466706566496,205.693169605116,-62.58466706566496
57.3186,57.3186,185.0,206.60023332525915,205.69301018620342,-57.58023332525916
57.3381,57.3381,188.0,206.59578511162252,205.69281758075883,-54.57578511162252
57.3575,57.3575,195.0,206.5913688436839,205.69259379860907,-47.57136884368391
57.377,57.377,219.0,206.58693829403936,205.69233656744177,-23.56693829403936
57.3964,57.3964,198.0,206.58253760527288,205.69204856010398,-44.56253760527288
57.4159,57.4159,191.0,206.57812095865933,205.69172684236156,-51.55812095865933
57.4354,57.4354,193.0,206.5737117577686,205.69137285104554,-49.553711757768596
57.4548,57.4548,184.0,206.5693307956698,205.69098868425615,-58.5493307956698
57.4743,57.4743,199.0,206.56493444607486,205.69057041671346,-43.54493444607486
57.4937,57.4937,209.0,206.5605653264598,205.69012237339828,-33.5405653264598
57.5132,57.5132,193.0,206.55617921655323,205.68963997070134,-49.536179216553236
57.5326,57.5326,199.0,206.55182054331814,205.68912819158967,-43.53182054331815
57.5521,57.5521,173.0,206.54744341378506,205.6885817955749,-69.52744341378506
57.5716,57.5716,184.0,206.54307128191215,205.68800337425756,-58.52307128191215
57.591,57.591,201.0,206.5387246379467,205.68739617541976,-41.518724637946704
57.6105,57.6105,216.0,206.53435912066277,205.6867539751496,-26.514359120662775
57.6299,57.6299,211.0,206.5300191512078,205.68608339583517,-31.5100191512078
57.6494,57.6494,220.0,206.52565907375882,205.68537756034652,-22.50565907375882
57.6688,57.6688,201.0,206.52132418485544,205.68464374392792,-41.50132418485545
57.6883,57.6883,191.0,206.51696911406637,205.6838744177086,-51.496969114066374
57.7078,57.7078,202.0,206.5126154511309,205.68307331912064,-40.4926154511309
57.7272,57.7272,202.0,206.50828562144972,205.6822448365946,-40.48828562144972
57.7467,57.7467,201.0,206.50393414714793,205.6813804656014,-41.483934147147934
57.7661,57.7661,191.0,206.49960616800044,205.68048910785555,-51.479606168000444
57.7856,57.7856,221.0,206.49525639059786,205.67956161081617,-21.475256390597863
57.805,57.805,196.0,206.49092909634547,205.6786075238289,-46.47092909634547
57.8245,57.8245,201.0,206.48657906711102,205.6776170478451,-41.46657906711103
57.844,57.844,194.0,206.48222835280953,205.6765950570239,-48.46222835280953
57.8634,57.8634,197.0,206.47789967861289,205.67554707124557,-45.45789967861289
57.8829,57.8829,190.0,206.4735478135364,205.67446232370963,-52.45354781353642
57.9023,57.9023,221.0,206.46921624156616,205.67335197704585,-21.449216241566162
57.9218,57.9218,223.0,206.46486175242248,205.6722046217416,-19.444861752422483
57.9412,57.9412,211.0,206.46052704283755,205.6710320627395,-31.44052704283756
57.9607,57.9607,205.0,206.45616813795792,205.66982224934534,-37.43616813795792
57.9802,57.9802,240.0,206.45180653116807,205.66858118317674,-2.4318065311680783
57.9996,57.9996,193.0,206.44746515458274,205.66731550620216,-49.42746515458275
58.0191,58.0191,191.0,206.44309852548298,205.66601220802156,-51.423098525482985
58.0385,58.0385,222.0,206.43875143575946,205.66468469344323,-20.41875143575946
58.058,58.058,196.0,206.43437795068837,205.66331931474687,-46.414377950688376
58.0774,58.0774,215.0,206.4300235624082,205.66193011364342,-27.4100235624082
58.0969,58.0969,177.0,206.42564260737635,205.660502806649,-65.40564260737635
58.1163,58.1163,184.0,206.42128042361125,205.6590520708151,-58.401280423611254
58.1358,58.1358,223.0,206.41689158650425,205.65756298845872,-19.396891586504253
58.1553,58.1553,215.0,206.41249792304544,205.65604299679077,-27.39249792304544
58.1747,58.1747,220.0,206.40812219874343,205.6545001663354,-22.38812219874343
58.1942,58.1942,187.0,206.40371869027848,205.65291863024825,-55.383718690278485
58.2136,58.2136,191.0,206.39933288548687,205.65131464786083,-51.379332885486875
58.2331,58.2331,193.0,206.39491873845225,205.64967172207395,-49.37491873845225
58.2525,58.2525,216.0,206.39052205315957,205.6480067420331,-26.370522053159576
58.272,58.272,210.0,206.38609717855195,205.64630258197377,-32.366097178551954
58.2915,58.2915,217.0,206.3816656246078,205.64456778477728,-25.361665624607795
58.3109,58.3109,194.0,206.37725096265063,205.6428115210606,-48.35725096265064
58.3304,58.3304,178.0,206.37280733746024,205.64101572425443,-64.35280733746025
58.3498,58.3498,182.0,206.36837921164465,205.63919885184853,-60.348379211644655
58.3693,58.3693,187.0,206.363922440626,205.63734221261672,-55.343922440626
58.3887,58.3887,198.0,206.35948098858515,205.63546488824676,-44.33948098858515
58.4082,58.4082,188.0,206.35500971539844,205.63354756447038,-54.33500971539844
58.4277,58.4277,201.0,206.35053074402308,205.63159988004728,-41.33053074402308
58.4471,58.4471,209.0,206.3460677562389,205.6296320958074,-33.32606775623891
58.4666,58.4666,192.0,206.34157432931704,205.6276239651663,-50.321574329317045
58.486,58.486,188.0,206.33709558374287,205.6255961239998,-54.31709558374287
58.5055,58.5055,176.0,206.33258593930015,205.62352770675184,-66.31258593930015
58.5249,58.5249,185.0,206.3280913608982,205.6214399677931,-57.30809136089822
58.5444,58.5444,183.0,206.32356502023137,205.6193114242358,-59.303565020231375
58.5639,58.5639,196.0,206.31903076362036,205.61715280077297,-46.299030763620365
58.5833,58.5833,200.0,206.31451065290904,205.6149754384149,-42.29451065290904
58.6028,58.6028,202.0,206.30995858552,205.61275693057706,-40.28995858552001
58.6222,58.6222,182.0,206.305421004001,205.61052007144409,-60.28542100400101
58.6417,58.6417,208.0,206.30085070306424,205.60824184123223,-34.280850703064246
58.6611,58.6611,217.0,206.2962948792299,205.60594564683112,-25.276294879229894
58.6806,58.6806,196.0,206.29170627301622,205.60360785692174,-46.27170627301622
58.7001,58.7001,221.0,206.28710802588972,205.6012402720329,-21.267108025889726
58.7195,58.7195,206.0,206.2825237956047,205.5988553031722,-36.26252379560471
58.739,58.739,181.0,206.27790585955086,205.59642840407187,-61.25790585955086
58.7584,58.7584,194.0,206.27330199046148,205.59398450684736,-48.25330199046148
58.7779,58.7779,209.0,206.2686644655545,205.59149845788883,-33.24866446555451
58.7973,58.7973,201.0,206.26404008256432,205.5889957961422,-41.244040082564325
58.8168,58.8168,187.0,206.25938216953605,205.58645076234382,-55.23938216953606
58.8363,58.8363,198.0,206.2547132643823,205.58387622261137,-44.23471326438231
58.8557,58.8557,184.0,206.25005811010396,205.58128564761873,-58.23005811010397
58.8752,58.8752,198.0,206.24536789110485,205.57865237202793,-44.22536789110485
58.8946,58.8946,219.0,206.2406914346663,205.5760034452116,-23.220691434666307
58.9141,58.9141,212.0,206.23597983563226,205.57331160043066,-30.215979835632268
58.9335,58.9335,188.0,206.23128128850425,205.5706044879301,-54.21128128850425
58.953,58.953,166.0,206.22654765974008,205.56785424128174,-76.20654765974008
58.9725,58.9725,185.0,206.22180273428748,205.56507478179861,-57.20180273428748
58.9919,58.9919,201.0,206.21707025753852,205.56228062934403,-41.19707025753853
59.0114,59.0114,217.0,206.21230269897268,205.55944302041434,-25.192302698972682
59.0308,59.0308,209.0,206.20754767360813,205.55659110067492,-33.18754767360814
59.0503,59.0503,215.0,206.20275642036378,205.55369551124465,-27.182756420363788
59.0697,59.0697,203.0,206.19797823577497,205.55078599262055,-39.17797823577497
59.0892,59.0892,187.0,206.19316325741957,205.5478325922793,-55.173163257419574
59.1087,59.1087,206.0,206.1883366040093,205.54485027619077,-36.1683366040093
59.1281,59.1281,192.0,206.1835226031676,205.54185460278737,-50.16352260316761
59.1476,59.1476,182.0,206.17867160554286,205.53881473159208,-60.158671605542864
59.167,59.167,194.0,206.17383336769944,205.5357618833115,-48.15383336769945
59.1865,59.1865,176.0,206.16895761301853,205.53266462819553,-66.14895761301854
59.2059,59.2059,210.0,206.1640947448336,205.52955477566135,-32.144094744833595
59.2254,59.2254,192.0,206.15919440331615,205.52640030844404,-50.139194403316154
59.2449,59.2449,210.0,206.15428127851874,205.5232172264895,-32.13428127851874
59.2643,59.2643,206.0,206.1493807843456,205.52002211603835,-36.1293807843456
59.2838,59.2838,182.0,206.14444209763903,205.5167820811138,-60.12444209763903
59.3032,59.3032,190.0,206.13951621097172,205.5135303959314,-52.119516210971724
59.3227,59.3227,185.0,206.13455171814482,205.510233581426,-57.114551718144824
59.3421,59.3421,197.0,206.12960011318,205.50692549432227,-45.10960011318001
59.3616,59.3616,204.0,206.1246100303729,205.50357207424733,-38.10461003037291
59.3811,59.3811,211.0,206.1196064240866,205.5001903443023,-31.099606424086616
59.4005,59.4005,188.0,206.11461555774804,205.4967979076359,-54.09461555774804
59.42,59.42,167.0,206.10958549209693,205.49335983452386,-75.08958549209693
59.4394,59.4394,189.0,206.10456816946794,205.48991143088062,-53.08456816946794
59.4589,59.4589,216.0,206.0995115259576,205.48641719015617,-26.079511525957614
59.4783,59.4783,209.0,206.09446750970406,205.482912994495,-33.074467509704064
59.4978,59.4978,204.0,206.08938375870235,205.47936276232434,-38.06938375870236
59.5173,59.5173,192.0,206.0842862513465,205.47578452894209,-50.0642862513465
59.5367,59.5367,199.0,206.0792016282215,205.47219690336917,-43.059201628221516
59.5562,59.5562,202.0,206.07407702232044,205.4685629441582,-40.05407702232044
59.5756,59.5756,178.0,206.06896498161248,205.46491996684085,-64.04896498161249
59.5951,59.5951,169.0,206.06381270519591,205.46123045948394,-73.04381270519592
59.6145,59.6145,187.0,206.05867306081146,205.45753230749298,-55.03867306081146
59.634,59.634,200.0,206.05349283135826,205.4537874302738,-42.03349283135826
59.6535,59.6535,200.0,206.0482989245108,205.45001486422737,-42.02829892451079
59.6729,59.6729,166.0,206.04311741970383,205.44623421307662,-76.02311741970384
59.6924,59.6924,186.0,206.03789506809937,205.4424065459443,-56.01789506809938
59.7118,59.7118,196.0,206.03268555203798,205.43857116562947,-46.01268555203798
59.7313,59.7313,188.0,206.02743483553567,205.4346885771847,-54.007434835535676
59.7507,59.7507,205.0,206.0221970023336,205.43079864685131,-37.0021970023336
59.7702,59.7702,189.0,206.0169176619846,205.42686131745796,-52.9969176619846
59.7897,59.7897,206.0,206.01162441781432,205.42289661528187,-35.99162441781432
59.8091,59.8091,196.0,206.00634366668484,205.41892512744644,-45.986343666684846
59.8286,59.8286,202.0,206.00102142467222,205.41490595620084,-39.98102142467222
59.848,59.848,201.0,205.99571206585654,205.41088036899933,-40.97571206585654
59.8675,59.8675,173.0,205.9903607002304,205.40680691051122,-68.97036070023042
59.8869,59.8869,197.0,205.9850224967318,205.4027274051268,-44.965022496731805
59.9064,59.9064,160.0,205.97964235666035,205.39859984180248,-81.95964235666035
59.9259,59.9259,202.0,205.9742472926779,205.39444522533478,-39.95424729267789
59.9453,59.9453,172.0,205.96886540212435,205.39028511481618,-69.94886540212435
59.9648,59.9648,205.0,205.96344092474746,205.38607666843814,-36.94344092474746
59.9842,59.9842,221.0,205.9580299137672,205.38186309543912,-20.93802991376721
60.0037,60.0037,182.0,205.95257626961117,205.37760100299363,-59.932576269611175
60.0231,60.0231,181.0,205.9471354924896,205.3733341506977,-60.9271354924896
60.0426,60.0426,204.0,205.9416524456421,205.36901859659665,-37.921652445642096
60.0621,60.0621,222.0,205.9361544483613,205.36467631252037,-19.916154448361297
60.0815,60.0815,194.0,205.93066943650663,205.36032981797294,-47.91066943650664
60.101,60.101,213.0,205.92514164517937,205.35593435015744,-28.90514164517937
60.1204,60.1204,191.0,205.91962726552995,205.3515350369726,-50.89962726552996
60.1399,60.1399,202.0,205.91406943581782,205.3470865712394,-39.894069435817826
60.1593,60.1593,219.0,205.90852533228642,205.3426346245638,-22.88852533228642
60.1788,60.1788,182.0,205.90293749891615,205.33813334729277,-59.88293749891615
60.1983,60.1983,216.0,205.89733485755374,205.33360566667807,-25.87733485755375
60.2177,60.2177,210.0,205.89174557661346,205.3290750509531,-31.871745576613463
60.2372,60.2372,220.0,205.8861130263769,205.3244948396514,-21.866113026376908
60.2566,60.2566,200.0,205.88049400564088,205.31991205595912,-41.86049400564089
60.2761,60.2761,188.0,205.87483105558442,205.31527950173313,-53.85483105558443
60.2955,60.2955,201.0,205.86918217939885,205.3106447371462,-40.84918217939885
60.315,60.315,214.0,205.8634891161071,205.30596002830643,-27.843489116107108
60.3345,60.3345,209.0,205.85778064760908,205.30124924615248,-32.83778064760908
60.3539,60.3539,184.0,205.85208658606362,205.29653679584217,-57.832086586063625
60.3734,60.3734,233.0,205.84634782663582,205.29177414280352,-8.826347826635825
60.3928,60.3928,191.0,205.84062355136618,205.28701018189304,-50.82062355136618
60.4123,60.4123,227.0,205.83485441185132,205.28219584763636,-14.814854411851329
60.4317,60.4317,212.0,205.82909994070852,205.27738056508736,-29.80909994070852
60.4512,60.4512,230.0,205.8233005248836,205.2725147398163,-11.803300524883596
60.4707,60.4707,213.0,205.81748592255178,205.2676231745929,-28.797485922551786
60.4901,60.4901,210.0,205.81168596437522,205.26273119957492,-31.79168596437522
60.5096,60.5096,201.0,205.80584077645102,205.25778842988842,-40.785840776451025
60.529,60.529,212.0,205.8000104745005,205.25284560820424,-29.780010474500514
60.5485,60.5485,221.0,205.79413489867042,205.247851825588,-20.774134898670425
60.5679,60.5679,205.0,205.78827438145964,205.24285834805073,-36.76827438145965
60.5874,60.5874,213.0,205.7823681860678,205.23781374456422,-28.762368186067803
60.6069,60.6069,203.0,205.77644667813635,205.23274373775368,-38.756446678136356
60.6263,60.6263,219.0,205.77054052788998,205.22767457073505,-22.75054052788998
60.6458,60.6458,225.0,205.76458859114405,205.22255403237165,-16.74458859114405
60.6652,60.6652,211.0,205.7586518437012,205.2174346890573,-30.73865184370119
60.6847,60.6847,198.0,205.75266960970612,205.21226381250352,-43.73266960970612
60.7041,60.7041,221.0,205.74670261552166,205.2070944855212,-20.72670261552166
60.7236,60.7236,217.0,205.74068959427618,205.20187346465488,-24.72068959427618
60.7431,60.7431,226.0,205.73466107713315,205.196627380294,-15.714661077133158
60.7625,60.7625,206.0,205.72864885028687,205.19138337635533,-35.70864885028688
60.782,60.782,203.0,205.72258992951438,205.18608743970944,-38.70258992951439
60.8014,60.8014,208.0,205.71654703050373,205.1807939361521,-33.69654703050374
60.8209,60.8209,210.0,205.7104576339919,205.17544834237538,-31.690457633991898
60.8403,60.8403,177.0,205.7043843750106,205.17010553360433,-64.6843843750106
60.8598,60.8598,186.0,205.6982644411605,205.16471047835583,-55.67826444116049
60.8793,60.8793,214.0,205.69212947623694,205.15929070257764,-27.672129476236947
60.8987,60.8987,190.0,205.68601059614366,205.1538742387174,-51.666010596143664
60.9182,60.9182,199.0,205.67984509574762,205.14840529614878,-42.65984509574763
60.9376,60.9376,199.0,205.67369606393186,205.1429400155232,-42.65369606393186
60.9571,60.9571,182.0,205.66750004161324,205.1374221030728,-59.64750004161324
60.9765,60.9765,206.0,205.66132073179924,205.1319082018269,-35.64132073179924
60.996,60.996,193.0,205.6550942123382,205.1263415168974,-48.63509421233822
61.0154,61.0154,210.0,205.64888499553987,205.12077919166637,-31.628884995539877
61.0349,61.0349,191.0,205.64262825075332,205.11516393215177,-50.62262825075332
61.0544,61.0544,200.0,205.6363561860142,205.10952439752745,-41.616356186014215
61.0738,61.0738,206.0,205.6301015977241,205.10388974434028,-35.610101597724096
61.0933,61.0933,175.0,205.62379952529275,205.09820193314167,-66.60379952529276
61.1127,61.1127,202.0,205.61751441877826,205.0925193499364,-39.59751441877826
61.1322,61.1322,185.0,205.61118233233597,205.08678346127266,-56.591182332335976
61.1516,61.1516,221.0,205.60486746717362,205.08105314637677,-20.584867467173623
61.1711,61.1711,224.0,205.59850497223195,205.07526937983755,-17.578504972231954
61.1906,61.1906,198.0,205.59212738499335,205.06946168807357,-43.57212738499335
61.21,61.21,198.0,205.58576775232774,205.0636600877074,-43.565767752327744
61.2295,61.2295,206.0,205.57936000906827,205.05780481860444,-35.55936000906827
61.2489,61.2489,204.0,205.57297037766267,205.0519559847011,-37.552970377662675
61.2684,61.2684,165.0,205.5665327849743,205.04605333903723,-76.5465327849743
61.2878,61.2878,208.0,205.56011335312837,205.0401574715794,-33.540113353128376
61.3073,61.3073,220.0,205.55364567575228,205.03420765060253,-21.533645675752283
61.3268,61.3268,191.0,205.54716349225959,205.02823425720592,-50.52716349225959
61.3462,61.3462,189.0,205.5406994091361,205.0222681554635,-52.5206994091361
61.3657,61.3657,181.0,205.53418729664162,205.01624788976,-60.51418729664162
61.3851,61.3851,215.0,205.5276937382248,205.01023525671002,-26.507693738224802
61.4046,61.4046,212.0,205.52115182271248,205.00416832110926,-29.501151822712487
61.424,61.424,196.0,205.51462881142575,204.99810935835222,-45.494628811425756
61.4435,61.4435,183.0,205.50805732603843,204.9919959557231,-58.48805732603843
61.463,61.463,234.0,205.5014711480151,204.98585933633356,-7.481471148015103
61.4824,61.4824,189.0,205.4949040531091,204.97973119898228,-52.474904053109114
61.5019,61.5019,188.0,205.48828835731388,204.97354841798384,-53.46828835731388
61.5213,61.5213,198.0,205.48169200542569,204.96737445717278,-43.46169200542569
61.5408,61.5408,167.0,205.47504712103853,204.96114571856944,-74.45504712103853
61.5602,61.5602,189.0,205.4684213959261,204.95492613747984,-52.448421395926104
61.5797,61.5797,201.0,205.4617473948105,204.94865164572406,-40.44174739481049
61.5992,61.5992,198.0,205.45505852613712,204.94235429565586,-43.43505852613713
61.6186,61.6186,206.0,205.448389555826,204.93606660797144,-35.428389555826
61.6381,61.6381,195.0,205.4416715905401,204.92972381252756,-46.4216715905401
61.6575,61.6575,199.0,205.43497387898384,204.92339101471939,-42.414973878983844
61.677,61.677,184.0,205.42822710596593,204.9170029794607,-57.408227105965935
61.6964,61.6964,204.0,205.4215005832664,204.9106252762535,-37.40150058326641
61.7159,61.7159,183.0,205.41472498890118,204.9041922071786,-58.39472498890119
61.7354,61.7354,201.0,205.40793506751427,204.89773664096245,-40.38793506751428
61.7548,61.7548,193.0,205.4011653736719,204.8912919072735,-48.38116537367189
61.7743,61.7743,207.0,205.39434697858405,204.88479161731925,-34.37434697858406
61.7937,61.7937,211.0,205.3875492075414,204.87830249220045,-30.367549207541416
61.8132,61.8132,190.0,205.38070208249692,204.87175768558828,-51.36070208249693
61.8326,61.8326,192.0,205.37387602053192,204.86522437527086,-49.35387602053193
61.8521,61.8521,170.0,205.3670007356256,204.85863525950822,-71.3470007356256
61.8716,61.8716,203.0,205.36011097841882,204.852024010433,-38.34011097841882
61.891,61.891,185.0,205.353242830817,204.84542475366524,-56.333242830817014
61.9105,61.9105,197.0,205.34632513450413,204.83876950776278,-44.32632513450413
61.9299,61.9299,202.0,205.33942897287446,204.83212658348685,-39.31942897287446
61.9494,61.9494,191.0,205.33248324952135,204.82542754931953,-50.31248324952135
61.9688,61.9688,204.0,205.32555943000662,204.81874116523588,-37.305559430006625
61.9883,61.9883,173.0,205.31858597264986,204.81199855178264,-68.29858597264986
62.0078,62.0078,203.0,205.31159856067234,204.8052341714375,-38.29159856067234
62.0272,62.0272,209.0,205.30463327765412,204.79848293265746,-32.28463327765412
62.0467,62.0467,208.0,205.29761829512782,204.79167528753854,-33.27761829512782
62.0661,62.0661,175.0,205.2906256360444,204.7848811102697,-66.27062563604441
62.0856,62.0856,194.0,205.2835831553661,204.7780304103841,-47.263583155366106
62.105,62.105,181.0,205.27656354351632,204.77119350375895,-60.25656354351632
62.1245,62.1245,202.0,205.26949366441553,204.7642999595196,-39.24949366441554
62.144,62.144,203.0,205.26241043440174,204.7573850173355,-38.24241043440175
62.1634,62.1634,180.0,205.25535010735962,204.75048435529536,-61.23535010735962
62.1829,62.1829,197.0,205.2482399492869,204.7435268854026,-44.2282399492869
62.2023,62.2023,212.0,205.24115262299728,204.73658401886036,-29.22115262299728
62.2218,62.2218,191.0,205.23401555888256,204.72958423267346,-50.214015558882565
62.2412,62.2412,197.0,205.22690171391372,204.72259937215648,-44.20690171391372
62.2607,62.2607,227.0,205.21973802169828,204.7155574814851,-14.19973802169828
62.2802,62.2802,176.0,205.2125607836471,204.70849456427678,-65.1925607836471
62.2996,62.2996,195.0,205.20540769597528,204.701447054958,-46.185407695975286
62.3191,62.3191,214.0,205.19820406791894,204.694342351987,-27.17820406791894
62.3385,62.3385,207.0,205.19102447478187,204.68725337699018,-34.17102447478187
62.358,62.358,191.0,205.18379498698638,204.6801071010411,-50.16379498698639
62.3774,62.3774,196.0,205.17658945322856,204.67297687225118,-45.15658945322856
62.3969,62.3969,184.0,205.16933377366405,204.66578923649288,-57.149333773664054
62.4164,62.4164,197.0,205.16206525026237,204.6585809480006,-44.14206525026238
62.4358,62.4358,173.0,205.15482103786883,204.65138918415863,-68.13482103786883
62.4553,62.4553,184.0,205.14752680021948,204.6441398565997,-57.127526800219485
62.4747,62.4747,206.0,205.14025717763172,204.63690737061066,-35.12025717763173
62.4942,62.4942,180.0,205.13293734209455,204.62961721810234,-61.112937342094554
62.5136,62.5136,196.0,205.12564246601633,204.62234422317167,-45.105642466016334
62.5331,62.5331,206.0,205.1182971405658,204.61501346020466,-35.098297140565805
62.5526,62.5526,201.0,205.11093959842376,204.60766242063627,-40.09093959842376
62.572,62.572,177.0,205.10360708683268,204.6003290113442,-64.08360708683269
62.5915,62.5915,223.0,205.0962244119832,204.59293768402438,-18.076224411983205
62.6109,62.6109,187.0,205.08886720900844,204.58556430069314,-54.068867209008445
62.6304,62.6304,237.0,205.08145981685453,204.57813290103417,-4.061459816854537
62.6498,62.6498,228.0,205.07407785510836,204.57071975815253,-13.05407785510836
62.6693,62.6693,181.0,205.06664587034794,204.56324850193,-60.046645870347945
62.6888,62.6888,206.0,205.05920154371964,204.55575734750255,-35.03920154371964
62.7082,62.7082,196.0,205.0517833320426,204.54828491769567,-45.03178333204259
62.7277,62.7277,204.0,205.04431456643215,204.54075423132016,-37.02431456643215
62.7471,62.7471,208.0,205.03687256235267,204.53324258002868,-33.016872562352674
62.7666,62.7666,209.0,205.02937996552703,204.52567257837546,-32.00937996552703
62.786,62.786,231.0,205.02191386466515,204.51812192133423,-10.001913864665156
62.8055,62.8055,178.0,205.01439764826293,204.51051282142592,-62.99439764826293
62.825,62.825,187.0,205.00686956255223,204.5028842039076,-53.98686956255223
62.8444,62.8444,202.0,204.99936803128574,204.49527539392747,-38.979368031285745
62.8639,62.8639,223.0,204.99181659004608,204.487608004622,-17.97181659004609
62.8833,62.8833,189.0,204.98429219608073,204.47996073002838,-51.964292196080734
62.9028,62.9028,219.0,204.976717351502,204.4722547868265,-21.956717351502007
62.9222,62.9222,212.0,204.96916990256116,204.46456926456312,-28.949169902561167
62.9417,62.9417,167.0,204.96157220165156,204.45682498569738,-73.94157220165157
62.9612,62.9612,195.0,204.95396290072597,204.4490615719493,-45.93396290072597
62.9806,62.9806,201.0,204.94638147690125,204.441319037088,-39.926381476901255
63.0001,63.0001,201.0,204.93874980236686,204.43351761594022,-39.91874980236686
63.0195,63.0195,187.0,204.93114598269545,204.42573737752275,-53.91114598269546
63.039,63.039,170.0,204.92349190132254,204.4178981680492,-70.90349190132254
63.0584,63.0584,220.0,204.91586607077448,204.41008044419107,-20.89586607077449
63.0779,63.0779,201.0,204.90818989158154,204.40220366579663,-39.88818989158155
63.0974,63.0974,208.0,204.9005026605755,204.3943081373147,-32.880502660575516
63.1168,63.1168,205.0,204.8928440735096,204.38643454735893,-35.8728440735096
63.1363,63.1363,204.0,204.88513522970433,204.37850177996046,-36.865135229704336
63.1557,63.1557,206.0,204.8774551669103,204.37059125156202,-34.8574551669103
63.1752,63.1752,206.0,204.86972467533465,204.36262146546667,-34.849724675334656
63.1946,63.1946,213.0,204.8620237191475,204.35467421787567,-27.84202371914749
63.2141,63.2141,193.0,204.85427214989573,204.3466676336235,-47.83427214989574
63.2336,63.2336,210.0,204.84651022311408,204.33864268608036,-30.826510223114084
63.253,63.253,194.0,204.83877768420706,204.3306407248555,-46.81877768420706
63.2725,63.2725,201.0,204.83099505917335,204.32257931084388,-39.81099505917335
63.2919,63.2919,203.0,204.82324188641707,204.3145411802158,-37.80324188641707
63.3114,63.3114,190.0,204.81543864451714,204.3064435210637,-50.79543864451715
63.3308,63.3308,181.0,204.8076653881272,204.29836944137995,-59.787665388127195
63.3503,63.3503,182.0,204.79984191084438,204.29023575872503,-58.77984191084438
63.3698,63.3698,194.0,204.79200822199834,204.28208410151169,-46.77200822199835
63.3892,63.3892,199.0,204.784205256377,204.2739564664264,-41.764205256377
63.4087,63.4087,184.0,204.77635192125285,204.26576911902657,-56.75635192125286
63.4281,63.4281,203.0,204.76852912161596,204.2576060873733,-37.74852912161596
63.4476,63.4476,188.0,204.7606565185222,204.24938327218604,-52.740656518522215
63.467,63.467,179.0,204.75281453393112,204.24118506537243,-61.73281453393112
63.4865,63.4865,194.0,204.74492261076009,204.23292700509583,-46.72492261076009
63.506,63.506,196.0,204.73702106120174,204.22465136086356,-44.71702106120175
63.5254,63.5254,204.0,204.7291508687329,204.21640076245356,-36.70915086873289
63.5449,63.5449,214.0,204.72123053940257,204.20809020802005,-26.701230539402573
63.5643,63.5643,209.0,204.71334170939997,204.19980498954286,-31.693341709399974
63.5838,63.5838,209.0,204.70540303103866,204.19145974834075,-31.68540303103866
63.6032,63.6032,180.0,204.69749602290148,204.183140132227,-60.67749602290148
63.6227,63.6227,184.0,204.68953895672433,204.17476042797733,-56.66953895672434
63.6422,63.6422,211.0,204.68157333530192,204.16636353217967,-29.661573335301924
63.6616,63.6616,220.0,204.67363944240032,204.15799269365218,-20.65363944240032
63.6811,63.6811,183.0,204.66565600949494,204.14956167121076,-57.64565600949494
63.7005,63.7005,195.0,204.65770476690707,204.14115699265216,-45.63770476690708
63.72,63.72,202.0,204.64970393771253,204.13269206799598,-38.629703937712534
63.7394,63.7394,207.0,204.64173544750105,204.1242537728228,-33.62173544750105
63.7589,63.7589,203.0,204.63371753690154,204.1157551706584,-37.61371753690155
63.7783,63.7783,186.0,204.6257324832145,204.10728348256194,-54.60573248321451
63.7978,63.7978,210.0,204.61769770838276,204.0987514278705,-30.597697708382768
63.8173,63.8173,188.0,204.60965455600012,204.09020268866013,-52.58965455600013
63.8367,63.8367,206.0,204.60164500145194,204.08168128884813,-34.581645001451946
63.8562,63.8562,184.0,204.59358590637115,204.0730994353807,-56.57358590637115
63.8756,63.8756,211.0,204.58555985607046,204.0645452033442,-29.565559856070465
63.8951,63.8951,206.0,204.57748496890986,204.05593046127464,-34.55748496890986
63.9145,63.9145,183.0,204.56944343465952,204.0473436216429,-57.54944343465952
63.934,63.934,215.0,204.5613528001786,204.03869621688992,-25.541352800178615
63.9535,63.9535,195.0,204.55325449873413,204.0300325239044,-45.53325449873414
63.9729,63.9729,192.0,204.54519040482103,204.02139715329653,-48.52519040482103
63.9924,63.9924,210.0,204.5370768672992,204.0127011372851,-30.517076867299195
64.0118,64.0118,206.0,204.52899773597403,204.00403372208058,-34.508997735974035
64.0313,64.0313,190.0,204.52086972701468,203.99530560960886,-50.50086972701469
64.0507,64.0507,201.0,204.5127761558823,203.98660637533777,-39.49277615588231
64.0702,64.0702,209.0,204.504633504257,203.97784639322464,-31.48463350425699
64.0897,64.0897,192.0,204.49648424032208,203.96907052075474,-48.47648424032208
64.1091,64.1091,186.0,204.48836959382422,203.96032394098242,-54.46836959382422
64.1286,64.1286,209.0,204.48020636807118,203.95151653985994,-31.460206368071184
64.148,64.148,204.0,204.47207821166816,203.9427387062264,-36.452078211668166
64.1675,64.1675,211.0,204.46390161994452,203.93390000389047,-29.443901619944526
64.1869,64.1869,186.0,204.4557600422429,203.92509114278963,-54.435760042242904
64.2064,64.2064,169.0,204.44757026801923,203.916221366922,-71.42757026801924
64.2259,64.2259,181.0,204.43937409703616,203.90733610009704,-59.41937409703617
64.2453,64.2453,221.0,204.43121359657223,203.89848108350935,-19.41121359657224
64.2648,64.2648,212.0,204.4230048183882,203.88956508541676,-28.403004818388197
64.2842,64.2842,194.0,204.41483214446424,203.88067960868096,-46.394832144464246
64.3037,64.3037,209.0,204.40661110801457,203.87173310759587,-31.386611108014577
64.3231,64.3231,193.0,204.3984263539456,203.86281739793225,-47.37842635394561
64.3426,64.3426,179.0,204.39019395221285,203.85384062236187,-61.37019395221286
64.3621,64.3621,211.0,204.38195567444328,203.84484875669162,-29.36195567444328
64.3815,64.3815,205.0,204.37375382774002,203.83588808590022,-35.35375382774002
64.401,64.401,200.0,204.3655040657382,203.8268662892279,-40.34550406573821
64.4204,64.4204,201.0,204.35729174984087,203.81787595484857,-39.33729174984087
64.4399,64.4399,188.0,204.34903119148092,203.80882445624806,-52.32903119148092
64.4593,64.4593,203.0,204.34080802994288,203.79980468629046,-37.32080802994288
64.4788,64.4788,204.0,204.33253739876955,203.79072371505697,-36.31253739876955
64.4983,64.4983,188.0,204.32426144715558,203.7816280559736,-52.30426144715558
64.5177,64.5177,216.0,204.31602339167497,203.77256452339623,-24.29602339167498
64.5372,64.5372,222.0,204.30773787934865,203.7634397363261,-18.287737879348654
64.5566,64.5566,190.0,204.29949013586224,203.75434733943817,-50.27949013586225
64.5761,64.5761,164.0,204.29119538677617,203.7451936542166,-76.27119538677617
64.5955,64.5955,198.0,204.28293857938007,203.73607262177987,-42.26293857938008
64.615,64.615,179.0,204.2746349822114,203.72689026845265,-61.254634982211414
64.6345,64.6345,207.0,204.2663266619282,203.71769363085244,-33.246326661928194
64.6539,64.6539,202.0,204.2580570815592,203.70853003825744,-38.238057081559205
64.6734,64.6734,180.0,204.2497408291826,203.69930507830475,-60.2297408291826
64.6928,64.6928,203.0,204.2414631181803,203.6901134232634,-37.221463118180296
64.7123,64.7123,202.0,204.23313888628041,203.68086037151755,-38.21313888628042
64.7317,64.7317,197.0,204.22485378382623,203.67164088350665,-43.20485378382624
64.7512,64.7512,207.0,204.21652197462763,203.6623599707267,-33.19652197462763
64.7707,64.7707,191.0,204.20818699503369,203.65306517851198,-49.18818699503369
64.7901,64.7901,193.0,204.19989113972446,203.6438043365623,-47.17989113972446
64.8096,64.8096,171.0,204.19154940410795,203.63448203011745,-69.17154940410795
64.829,64.829,188.0,204.1832471037376,203.62519393004254,-52.16324710373762
64.8485,64.8485,191.0,204.1748987012358,203.61584434061345,-49.15489870123581
64.8679,64.8679,190.0,204.1665906854737,203.6065292125678,-50.1465906854737
64.8874,64.8874,203.0,204.15823660903013,203.59715257158948,-37.13823660903013
64.9069,64.9069,186.0,204.14988001487708,203.5877624572103,-54.12988001487709
64.9263,64.9263,198.0,204.1415635265147,203.578407185008,-42.12156352651469
64.9458,64.9458,205.0,204.13320150211547,203.56899036687832,-35.11320150211547
64.9652,64.9652,200.0,204.12488011828353,203.55960864319835,-40.10488011828353
64.9847,64.9847,182.0,204.1165138381633,203.5501653532132,-58.09651383816332
65.0041,65.0041,213.0,204.10818812415292,203.54075740885065,-27.08818812415292
65.0236,65.0236,192.0,204.0998176523565,203.53128787908366,-48.07981765235651
65.0431,65.0431,225.0,204.0914449191889,203.52180528307983,-15.071444919188892
65.0625,65.0625,195.0,204.08311383992404,203.51235840770994,-45.06311383992404
65.082,65.082,197.0,204.07473777755703,203.50284992066162,-43.05473777755704
65.1014,65.1014,192.0,204.06640323147795,203.49337740265796,-48.04640323147795
65.1209,65.1209,206.0,204.0580245026898,203.48384325707195,-34.038024502689794
65.1403,65.1403,181.0,204.04968731823405,203.47434532783302,-59.02968731823405
65.1598,65.1598,216.0,204.04130576300014,203.46478575638417,-24.021305763000143
65.1793,65.1793,191.0,204.03292371667365,203.455213526927,-49.012923716673654
65.1987,65.1987,203.0,204.02458345728095,203.44567788300182,-37.00458345728096
65.2182,65.2182,201.0,204.01619968974705,203.43608057730168,-38.99619968974706
65.2376,65.2376,186.0,204.00785811361087,203.42652010165287,-53.98785811361087
65.2571,65.2571,205.0,203.99947316317932,203.41689795279095,-34.97947316317932
65.2765,65.2765,203.0,203.99113071889906,203.4073128773832,-36.97113071889906
65.296,65.296,181.0,203.98274489763426,203.3976661185982,-58.962744897634266
65.3155,65.3155,222.0,203.9743593452973,203.38800711103232,-17.954359345297306
65.3349,65.3349,215.0,203.96601661216457,203.3783855402357,-24.94601661216457
65.3544,65.3544,213.0,203.95763127416203,203.36870227319298,-26.93763127416203
65.3738,65.3738,203.0,203.9492890459913,203.35905668351882,-36.9292890459913
65.3933,65.3933,174.0,203.94090440238458,203.34934939061762,-65.92090440238458
65.4127,65.4127,204.0,203.93256287988817,203.33968001455966,-35.91256287988817
65.4322,65.4322,202.0,203.92417974491931,203.32994892956506,-37.90417974491932
65.4517,65.4517,180.0,203.91579736253067,203.3202060059503,-59.89579736253067
65.4711,65.4711,194.0,203.90745885477006,203.31050135658168,-45.88745885477006
65.4906,65.4906,207.0,203.89907827015807,203.30073499209,-32.879078270158075
65.51,65.51,221.0,203.89074266707925,203.2910071384958,-18.870742667079256
65.5295,65.5295,208.0,203.8823648236589,203.2812175672454,-31.862364823658893
65.5489,65.5489,200.0,203.8740318451619,203.27146674241104,-39.85403184516191
65.5684,65.5684,201.0,203.86565780581384,203.26165419865598,-38.84565780581384
65.5879,65.5879,177.0,203.85728561842663,203.25183022730928,-62.837285618426634
65.6073,65.6073,194.0,203.84895834583457,203.24204535382796,-45.82895834583458
65.6268,65.6268,211.0,203.8405901349285,203.23219876190717,-28.82059013492851
65.6462,65.6462,190.0,203.83226730054508,203.22239150052775,-49.81226730054509
65.6657,65.6657,186.0,203.82390429216716,203.2125225226135,-53.80390429216716
65.6851,65.6851,192.0,203.8155867348021,203.20269310677622,-47.795586734802114
65.7046,65.7046,182.0,203.80722928950487,203.19280197757425,-57.78722928950488
65.7241,65.7241,182.0,203.79887424499276,203.18289983261127,-57.778874244992764
65.7435,65.7435,210.0,203.79056555225836,203.1730375951806,-29.77056555225836
65.763,65.763,229.0,203.78221743863384,203.16311365151853,-10.76221743863384
65.7824,65.7824,197.0,203.77391542039362,203.15322984406276,-42.753915420393625
65.8019,65.8019,185.0,203.7655742798771,203.14328433670715,-54.74557427987709
65.8213,65.8213,204.0,203.7572798121632,203.13337919308398,-35.73727981216321
65.8408,65.8408,175.0,203.7489464919403,203.12341235715502,-64.7289464919403
65.8603,65.8603,197.0,203.7406170435241,203.11343491803217,-42.720617043524115
65.8797,65.8797,196.0,203.732334738322,203.10349818206367,-43.71233473832201
65.8992,65.8992,179.0,203.72401429367417,203.093499767558,-60.70401429367418
65.9186,65.9186,207.0,203.71574103341848,203.08354228085267,-32.695741033418486
65.9381,65.9381,212.0,203.70742956466518,203.0735231263573,-27.68742956466518
65.9575,65.9575,193.0,203.6991664967634,203.06354512315312,-46.679166496763415
65.977,65.977,206.0,203.69086513436454,203.0535054641651,-33.67086513436455
65.9965,65.9965,179.0,203.68256962591195,203.04345561522138,-60.66256962591196
66.0159,66.0159,191.0,203.67432189945325,203.033447250919,-48.65432189945325
66.0354,66.0354,155.0,203.66603710317926,203.0233772512191,-84.64603710317927
66.0548,66.0548,170.0,203.6578011775414,203.01334895675322,-69.63780117754139
66.0743,66.0743,184.0,203.64952844765153,203.00325904204047,-55.62952844765154
66.0937,66.0937,197.0,203.6413044060436,202.99321105199215,-42.62130440604359
66.1132,66.1132,193.0,203.6330446331117,202.98310145810316,-46.6130446331117
66.1327,66.1327,162.0,203.6247908220551,202.97298208810187,-77.60479082205511
66.1521,66.1521,172.0,203.61658711292742,202.9629049700062,-67.59658711292742
66.1716,66.1716,177.0,203.60834712598188,202.95276627505487,-62.58834712598188
66.191,66.191,227.0,203.6001568148717,202.9426700485239,-12.5801568148717
66.2105,66.2105,177.0,203.59193194221248,202.9325122646788,-62.57193194221249
66.2299,66.2299,192.0,203.58375648513078,202.92239716459952,-47.56375648513078
66.2494,66.2494,199.0,203.57554670527958,202.91222052799932,-40.55554670527958
66.2689,66.2689,200.0,203.56734469712399,202.90203452967,-39.54734469712399
66.2883,66.2883,191.0,203.5591929022766,202.89189153620242,-48.53919290227661
66.3078,66.3078,220.0,203.5510078074396,202.88168703977792,-19.531007807439593
66.3272,66.3272,189.0,203.54287278896396,202.8715257606279,-50.522872788963966
66.3467,66.3467,205.0,203.53470487802645,202.86130300243983,-34.51470487802645
66.3661,66.3661,203.0,203.526587629899,202.85112367276326,-36.506587629899016
66.3856,66.3856,224.0,203.51843727544158,202.8408828892153,-15.498437275441589
66.4051,66.4051,187.0,203.51029702868965,202.8306331587956,-52.49029702868965
66.4245,66.4245,207.0,203.50220773968607,202.82042717180238,-32.482207739686075
66.444,66.444,189.0,203.49408678208536,202.81015977106009,-50.474086782085365
66.4634,66.4634,187.0,203.48601718913892,202.79993632203187,-52.466017189138924
66.4829,66.4829,206.0,203.47791655683628,202.78965148753682,-33.45791655683628
66.5023,66.5023,191.0,203.46986731664953,202.77941081186103,-48.44986731664953
66.5218,66.5218,211.0,203.4617874196068,202.7691087802443,-28.441787419606797
66.5413,66.5413,205.0,203.45371887261425,202.75879821702168,-34.43371887261425
66.5607,66.5607,183.0,203.44570244259938,202.7485321213183,-56.42570244259939
66.5802,66.5802,200.0,203.43765607330786,202.7382047163327,-39.41765607330787
66.5996,66.5996,203.0,203.4296627853889,202.72792198300604,-36.4096627853889
66.6191,66.6191,191.0,203.42163944333348,202.71757797302809,-48.40163944333348
66.6385,66.6385,196.0,203.41366964510232,202.70727883766,-43.39366964510232
66.658,66.658,182.0,203.40567134071026,202.69691845951073,-57.38567134071026
66.6774,66.6774,194.0,203.39772615622695,202.68660315773178,-45.377726156226956
66.6969,66.6969,223.0,203.3897531465599,202.67622664827962,-16.369753146559916
66.7164,66.7164,172.0,203.3817926681546,202.66584214158613,-67.36179266815459
66.7358,66.7358,196.0,203.37388637040846,202.655503011924,-43.35388637040846
66.7553,66.7553,202.0,203.36595328552394,202.64510272961712,-37.34595328552395
66.7747,66.7747,178.0,203.358074175858,202.63474802311677,-61.33807417585801
66.7942,66.7942,195.0,203.35016884467103,202.62433220217034,-44.330168844671036
66.8136,66.8136,209.0,203.34231795467372,202.61396215460894,-30.32231795467372
66.8331,66.8331,203.0,203.33444066560077,202.60353103203337,-36.31444066560077
66.8526,66.8526,209.0,203.3265790021419,202.5930923281699,-30.306579002141902
66.872,66.872,201.0,203.31877231453396,202.58269969206268,-38.29877231453396
66.8915,66.8915,193.0,203.3109410191888,202.57224604245283,-46.29094101918879
66.9109,66.9109,177.0,203.30316505960968,202.5618386551773,-62.283165059609686
66.9304,66.9304,207.0,203.29536503286968,202.55137029691016,-32.275365032869686
66.9498,66.9498,204.0,203.28762087568322,202.54094839435288,-35.26762087568322
66.9693,66.9693,184.0,203.2798531947913,202.53046556454356,-55.25985319479129
66.9888,66.9888,157.0,203.27210268951063,202.51997556959276,-82.25210268951064
67.0082,67.0082,196.0,203.26440847585212,202.50953231840225,-43.244408475852126
67.0277,67.0277,215.0,203.25669147544295,202.4990282079291,-24.236691475442953
67.0471,67.0471,196.0,203.24903272475328,202.48857103157675,-43.22903272475328
67.0666,67.0666,200.0,203.24135117427974,202.47805304274817,-39.22135117427975
67.086,67.086,196.0,203.23372738816911,202.46758217719287,-43.21372738816912
67.1055,67.1055,197.0,203.22608322160835,202.45705054719136,-42.20608322160835
67.125,67.125,216.0,203.21845785804328,202.44651216832222,-23.198457858043284
67.1444,67.1444,185.0,203.210889833523,202.43602119442596,-54.190889833523
67.1639,67.1639,186.0,203.2033022850491,202.4254695304846,-53.183302285049095
67.1833,67.1833,206.0,203.1957740236182,202.4149654576395,-33.17577402361822
67.2028,67.2028,167.0,203.18822610028312,202.40440074583344,-72.16822610028312
67.2222,67.2222,192.0,203.1807373801443,202.3938838100334,-47.16073738014431
67.2417,67.2417,177.0,203.173231071339,202.38330628757504,-62.15323107133899
67.2612,67.2612,207.0,203.16574482429274,202.37272243258465,-32.14574482429275
67.2806,67.2806,214.0,203.15831853162442,202.36218662892026,-25.13831853162442
67.3001,67.3001,179.0,203.15087614809832,202.3515903194032,-60.130876148098324
67.3195,67.3195,198.0,203.1434932773898,202.34104224307907,-41.12349327738981
67.339,67.339,196.0,203.13609508687028,202.33043371624598,-43.11609508687029
67.3584,67.3584,197.0,203.1287568711639,202.3198736032539,-42.10875687116389
67.3779,67.3779,163.0,203.1214041037164,202.3092530963097,-76.1014041037164
67.3974,67.3974,217.0,203.1140743150825,202.29862667316547,-22.094074315082494
67.4168,67.4168,223.0,203.1068058469328,202.28804893277442,-16.08680584693279
67.4363,67.4363,224.0,203.0995244251269,202.27741088561342,-15.079524425126905
67.4557,67.4557,204.0,203.09230408985974,202.26682169879788,-35.07230408985974
67.4752,67.4752,205.0,203.08507099912802,202.25617226479656,-34.065070999128025
67.4946,67.4946,207.0,203.07790123510455,202.245571867509,-32.05790123510455
67.5141,67.5141,204.0,203.07071878727777,202.23491128382744,-35.05071878727777
67.5336,67.5336,166.0,203.06356318649117,202.22424520020851,-73.04356318649117
67.553,67.553,183.0,203.05647005010812,202.21362841578076,-56.03647005010812
67.5725,67.5725,208.0,203.049367434147,202.20295153848846,-31.029367434147005
67.5919,67.5919,212.0,203.0423277131864,202.19232413368726,-27.022327713186414
67.6114,67.6114,198.0,203.0352786979295,202.18163669982675,-41.0152786979295
67.6308,67.6308,206.0,203.0282939933036,202.17099891052814,-33.00829399330361
67.6503,67.6503,220.0,203.02130214224158,202.16030115717712,-19.001302142241585
67.6698,67.6698,190.0,203.01433873965755,202.1495983200164,-48.99433873965755
67.6892,67.6892,179.0,203.00744015377356,202.1389453834342,-59.98744015377356
67.7087,67.7087,197.0,203.0005346987514,202.1282325826464,-41.98053469875141
67.7281,67.7281,185.0,202.99369491145325,202.11756985142756,-53.97369491145325
67.7476,67.7476,199.0,202.98685081879927,202.10684732400884,-39.96685081879927
67.767,67.767,196.0,202.9800720621717,202.0961750339157,-42.960072062171704
67.7865,67.7865,205.0,202.97329014434376,202.0854430168242,-33.95329014434377
67.806,67.806,197.0,202.96653892635183,202.07470633185017,-41.946538926351835
67.8254,67.8254,179.0,202.9598556833062,202.06402013373258,-59.93985568330619
67.8449,67.8449,178.0,202.95316966844928,202.05327431474964,-60.93316966844928
67.8643,67.8643,184.0,202.94655106612362,202.04257914728765,-54.92655106612362
67.8838,67.8838,207.0,202.9399324768736,202.03182443114568,-31.919932476873598
67.9032,67.9032,211.0,202.93338124062035,202.0211205299508,-27.913381240620353
67.9227,67.9227,211.0,202.92683020548014,202.01035715345088,-27.906830205480148
67.9422,67.9422,200.0,202.920315488932,201.9995895247294,-38.90031548893201
67.9616,67.9616,176.0,202.91386882368568,201.9888729539763,-62.89386882368568
67.9811,67.9811,187.0,202.90742568541933,201.9780970203051,-51.88742568541933
68.0005,68.0005,219.0,202.90105130775194,201.96737230492525,-19.881051307751946
68.02,68.02,199.0,202.89468172886143,201.95658830297052,-39.87468172886143
68.0394,68.0394,209.0,202.88838129616786,201.94585567838723,-29.86838129616787
68.0589,68.0589,231.0,202.88208662235954,201.9350638447558,-7.862086622359541
68.0784,68.0784,208.0,202.8758315588905,201.92426817423208,-30.8558315588905
68.0978,68.0978,164.0,202.86964698478263,201.91352411756836,-74.84964698478264
68.1173,68.1173,231.0,202.8634704542709,201.90272097046432,-7.8434704542709
68.1367,68.1367,199.0,202.85736593791083,201.89196959318645,-39.83736593791083
68.1562,68.1562,174.0,202.85126982193768,201.88115920594717,-64.83126982193768
68.1756,68.1756,199.0,202.8452468120346,201.87040074325344,-39.82524681203459
68.1951,68.1951,203.0,202.83923539698787,201.85958335225408,-35.81923539698788
68.2146,68.2146,197.0,202.83326680942602,201.8487625392944,-41.813266809426025
68.234,68.234,209.0,202.82737105553662,201.8379938808141,-29.80737105553662
68.2535,68.2535,196.0,202.8214882556966,201.82716641882274,-42.80148825569661
68.2729,68.2729,190.0,202.81568125587717,201.81639126290605,-48.79568125587717
68.2924,68.2924,176.0,202.80988833551672,201.8055573880698,-62.78988833551672
68.3118,68.3118,174.0,202.80417073990236,201.7947759696524,-64.78417073990236
68.3313,68.3313,187.0,202.79847066998656,201.78393591807722,-51.77847066998656
68.3508,68.3508,219.0,202.79281747429715,201.77309285901066,-19.772817474297156
68.3702,68.3702,180.0,202.78723924596363,201.76230247972148,-58.76723924596364
68.3897,68.3897,179.0,202.78168237815396,201.75145359822042,-59.761682378153964
68.4091,68.4091,201.0,202.77620193058644,201.7406575437072,-37.75620193058644
68.4286,68.4286,197.0,202.77074362328077,201.7298030756626,-41.75074362328077
68.448,68.448,195.0,202.76536276184555,201.7190015805615,-43.745362761845556
68.4675,68.4675,171.0,202.76000607759497,201.70814176177294,-67.74000607759497
68.487,68.487,202.0,202.75469963773435,201.69727934943353,-36.73469963773435
68.5064,68.5064,205.0,202.74947363405323,201.68647012680046,-33.729473634053235
68.5259,68.5259,175.0,202.74427448987385,201.67560271754135,-63.72427448987385
68.5453,68.5453,194.0,202.739154969912,201.66478864080125,-44.719154969912
68.5648,68.5648,203.0,202.734064325101,201.65391647018018,-35.714064325101006
68.5842,68.5842,195.0,202.72905499074287,201.64309777363238,-43.70905499074287
68.6037,68.6037,175.0,202.72407494061113,201.6322210771052,-63.704074940611136
68.6232,68.6232,187.0,202.7191537881923,201.62134220037348,-51.699153788192305
68.6426,68.6426,204.0,202.71431473413537,201.61051700786345,-34.694314734135375
68.6621,68.6621,187.0,202.7095102205609,201.59963395851358,-51.689510220560905
68.6815,68.6815,188.0,202.7047886725651,201.58880473178792,-50.68478867256509
68.701,68.701,195.0,202.70010250567944,201.57791774500706,-43.68010250567944
68.7204,68.7204,177.0,202.6955031617872,201.56708471799118,-61.675503161787205
68.7399,68.7399,193.0,202.6909408241576,201.55619402885398,-45.6709408241576
68.7594,68.7594,178.0,202.6864428331358,201.5453015721989,-60.666442833135804
68.7788,68.7788,204.0,202.68203063964043,201.53446327882492,-34.662030639640435
68.7983,68.7983,204.0,202.67765957773793,201.52356747250911,-34.65765957773793
68.8177,68.8177,208.0,202.673377172283,201.51272596345504,-30.653377172283015
68.8372,68.8372,190.0,202.66914037553363,201.50182704225787,-48.649140375533634
68.8566,68.8566,214.0,202.6649914897968,201.490982551038,-24.644991489796794
68.8761,68.8761,194.0,202.66089065352548,201.4800807496154,-44.64089065352549
68.8956,68.8956,212.0,202.65685795289517,201.46917759263624,-26.63685795289517
68.915,68.915,207.0,202.6529187842332,201.45832906250132,-31.632918784233212
68.9345,68.9345,205.0,202.64902793970077,201.44742337734402,-33.62902793970078
68.9539,68.9539,202.0,202.64523036662456,201.43657244857857,-36.625230366624564
68.9734,68.9734,206.0,202.64148770327904,201.42566446957707,-32.621487703279044
68.9928,68.9928,207.0,202.63783778598253,201.4148113752471,-31.61783778598253
69.0123,69.0123,193.0,202.63424503238295,201.40390133660145,-45.614245032382954
69.0318,69.0318,197.0,202.63072861756237,201.39299035356964,-41.61072861756237
69.0512,69.0512,187.0,202.62730815455282,201.3821344454112,-51.607308154552825
69.0707,69.0707,186.0,202.62395029275194,201.3712217540779,-52.60395029275195
69.0901,69.0901,183.0,202.62068838368592,201.3603642627223,-55.60068838368592
69.1096,69.1096,183.0,202.61749216812478,201.34945009693894,-55.59749216812479
69.129,69.129,159.0,202.61439339882304,201.33859125496676,-79.59439339882304
69.1485,69.1485,217.0,202.6113616744913,201.3276758484399,-21.591361674491296
69.168,69.168,183.0,202.60841731737182,201.31675990784086,-55.58841731737182
69.1874,69.1874,209.0,202.60557280758357,201.3058994745748,-29.585572807583574
69.2069,69.2069,194.0,202.60280165842357,201.29498264381425,-44.58280165842358
69.2263,69.2263,219.0,202.6001332220081,201.2841214410382,-19.580133222008115
69.2458,69.2458,189.0,202.59754105178916,201.2732039534475,-49.57754105178917
69.2652,69.2652,189.0,202.5950529561562,201.26234221321934,-49.5750529561562
69.2847,69.2847,173.0,202.59264449313295,201.25142430197445,-65.57264449313296
69.3042,69.3042,219.0,202.59033201185989,201.24050626604927,-19.57033201185989
69.3236,69.3236,198.0,202.58812525545403,201.22964415431431,-40.568125255454035
69.3431,69.3431,178.0,202.5860034099173,201.21872604450016,-60.566003409917315
69.3625,69.3625,212.0,202.583993728226,201.20786397506575,-26.56399372822601
69.382,69.382,176.0,202.58207027807936,201.19694602413654,-62.56207027807936
69.4014,69.4014,204.0,202.5802589263828,201.1860842285007,-34.560258926382815
69.4209,69.4209,198.0,202.57854251423794,201.17516666906434,-40.55854251423794
69.4403,69.4403,194.0,202.57693790244682,201.1643053785583,-44.55693790244682
69.4598,69.4598,222.0,202.57543157606216,201.15338844305356,-16.555431576062162
69.4793,69.4793,198.0,202.57403247765018,201.14247190772622,-40.55403247765018
69.4987,69.4987,174.0,202.57275003774484,201.13161180953236,-64.55275003774484
69.5182,69.5182,215.0,202.57157329869202,201.12069624676934,-23.55157329869202
69.5376,69.5376,191.0,202.57051376720582,201.10983723158074,-47.55051376720583
69.5571,69.5571,237.0,202.56956456745513,201.0989228733845,-1.5495645674551355
69.5765,69.5765,208.0,202.56873476664566,201.08806517192488,-30.548734766645666
69.596,69.596,171.0,202.568017664393,201.07715225011802,-67.54801766439302
69.6155,69.6155,202.0,202.5674235171907,201.0662401355265,-36.547423517190694
69.6349,69.6349,217.0,202.56695233254274,201.05538483915294,-21.546952332542745
69.6544,69.6544,212.0,202.56660384438322,201.0444745086385,-26.546603844383228
69.6738,69.6738,169.0,202.56638088150984,201.033621102303,-69.54638088150985
69.6933,69.6933,203.0,202.5662832480018,201.02271278722526,-35.546283248001814
69.7127,69.7127,185.0,202.56631839541308,201.01186150100656,-53.54631839541308
69.7322,69.7322,175.0,202.5664831234238,201.00095543253462,-63.54648312342381
69.7517,69.7517,196.0,202.56678402338105,200.9900505771784,-42.54678402338105
69.7711,69.7711,192.0,202.5672171250532,200.9792029054301,-46.547217125053194
69.7906,69.7906,200.0,202.56778930687054,200.9683006433663,-38.54778930687054
69.81,69.81,227.0,202.5685026571312,200.95745566638448,-11.548502657131209
69.8295,69.8295,205.0,202.56935777655943,200.94655622829242,-33.54935777655943
69.8489,69.8489,231.0,202.57035420422483,200.93571417547386,-7.550354204224831
69.8684,69.8684,208.0,202.57150476174786,200.92481779183188,-30.551504761747864
69.8879,69.8879,200.0,202.572804451525,200.9139230260028,-38.552804451525006
69.9073,69.9073,187.0,202.5742489311237,200.90308579345387,-51.554248931123695
69.9268,69.9268,195.0,202.5758532595531,200.89219442770417,-43.5558532595531
69.9462,69.9462,192.0,202.5776069715862,200.88136069221574,-46.557606971586196
69.9657,69.9657,207.0,202.5795314112717,200.87047295650723,-31.559531411271692
69.9851,69.9851,183.0,202.58160575977175,200.85964294675682,-55.56160575977175
70.0046,70.0046,199.0,202.58385757540174,200.84875907083958,-39.56385757540174
70.0241,70.0241,200.0,202.58627429232277,200.83787721616352,-38.566274292322774
70.0435,70.0435,175.0,202.58885012731776,200.82705322870166,-63.56885012731776
70.063,70.063,216.0,202.58270477565785,200.81617557833277,-22.56270477565785
70.0824,70.0824,196.0,202.5856417296076,200.80535588766082,-42.565641729607606
70.1019,70.1019,186.0,202.58877500306028,200.79448267080605,-52.56877500306028
70.1213,70.1213,186.0,202.59207184560708,200.78366750484506,-52.572071845607084
70.1408,70.1408,224.0,202.59556948855618,200.77279895048875,-14.575569488556184
70.1603,70.1603,197.0,202.59479956403666,200.76193281946763,-41.57479956403667
70.1797,70.1797,216.0,202.5986665392473,200.7511248738382,-22.578666539247294
70.1992,70.1992,212.0,202.60275088456714,200.74026374866202,-26.582750884567147
70.2186,70.2186,176.0,202.60700968536372,200.72946089685703,-62.587009685363725
70.2381,70.2381,169.0,202.611490690697,200.71860500594042,-69.591490690697
70.2575,70.2575,187.0,202.61615790412208,200.7078074750874,-51.59615790412208
70.277,70.277,220.0,202.62105478439315,200.6969570466118,-18.601054784393156
70.2965,70.2965,207.0,202.62616782054212,200.68610944216525,-31.606167820542126
70.3159,70.3159,199.0,202.6314680591175,200.67532032551543,-39.61146805911751
70.3354,70.3354,201.0,202.6370169570238,200.6644785256308,-37.61701695702381
70.3548,70.3548,177.0,202.64275985883154,200.65369529701493,-61.62275985883154
70.3743,70.3743,218.0,202.6487599224136,200.6428595292771,-20.628759922413607
70.3937,70.3937,175.0,202.65496099250237,200.63208241499206,-63.63496099250237
70.4132,70.4132,203.0,202.66143309641498,200.62125290674203,-35.641433096414985
70.4327,70.4327,207.0,202.668142291712,200.61042662174947,-31.648142291712006
70.4521,70.4521,204.0,202.67506792161657,200.59965911117246,-34.65506792161658
70.4716,70.4716,219.0,202.68227210799793,200.58883942650695,-19.662272107997936
70.491,70.491,207.0,202.68969483249666,200.57807859521833,-31.66969483249666
70.5105,70.5105,205.0,202.69741710888582,200.56726573759772,-33.67741710888582
70.5299,70.5299,220.0,202.70535997893208,200.55651181102624,-18.685359978932084
70.5494,70.5494,192.0,202.7136150632995,200.54570600691386,-46.693615063299504
70.5689,70.5689,200.0,202.72213990120318,200.53490382375605,-38.70213990120318
70.5883,70.5883,188.0,202.7309003795411,200.5241606858354,-50.710900379541116
70.6078,70.6078,176.0,202.7399930459496,200.5133658956873,-62.71999304594961
70.6272,70.6272,183.0,202.74932472468498,200.5026302252239,-55.729324724684986
70.6467,70.6467,194.0,202.7590017623294,200.4918430538988,-44.73900176232941
70.6661,70.6661,205.0,202.76892619778974,200.48111507541657,-33.74892619778974
70.6856,70.6856,214.0,202.77920490769188,200.4703357484627,-24.75920490769188
70.7051,70.7051,203.0,202.78980264123823,200.45956043856387,-35.76980264123823
70.7245,70.7245,163.0,202.80065991031955,200.44884442891734,-75.78065991031956
70.744,70.744,203.0,202.8119005548519,200.43807730149732,-35.79190055485189
70.7634,70.7634,194.0,202.82341004842962,200.42736954426155,-44.803410048429626
70.7829,70.7829,198.0,202.83531772486322,200.4166108241919,-40.81531772486322
70.8023,70.8023,179.0,202.8475065984867,200.40591154294836,-59.82750659848669
70.8218,70.8218,200.0,202.86010508036298,200.39516145482477,-38.84010508036299
70.8413,70.8413,198.0,202.87306837133428,200.38441577819415,-40.85306837133429
70.8607,70.8607,218.0,202.88632510178786,200.37372964101831,-20.866325101787865
70.8802,70.8802,166.0,202.90002385354697,200.3629929329914,-72.88002385354697
70.8996,70.8996,215.0,202.91403107647443,200.35231582983397,-23.894031076474434
70.9191,70.9191,189.0,202.92849349444836,200.3415883143031,-49.908493494448365
70.9385,70.9385,173.0,202.9432778248223,200.33092046776613,-65.9232778248223
70.958,70.958,202.0,202.95854587977098,200.3202023683371,-36.938545879770984
70.9775,70.9775,189.0,202.97422507763855,200.30948907311097,-49.954225077638554
70.9969,70.9969,183.0,202.9902429127567,200.29883554072515,-55.97024291275672
71.0164,71.0164,217.0,203.00676761213157,200.28813199675238,-21.986767612131572
71.0358,71.0358,177.0,203.02364653194292,200.27748827651672,-62.00364653194292
71.0553,71.0553,217.0,203.04106419310924,200.26679470667318,-22.02106419310924
71.0747,71.0747,207.0,203.05884375018277,200.25616102017307,-32.03884375018278
71.0942,71.0942,190.0,203.0771854576456,200.2454776470373,-49.057185457645616
71.1137,71.1137,185.0,203.0959980473669,200.23479946902086,-54.075998047366895
71.1331,71.1331,172.0,203.11520227774434,200.22418126141122,-67.09520227774435
71.1526,71.1526,193.0,203.13500740971313,200.21351361369184,-46.11500740971313
71.172,71.172,182.0,203.15521296749074,200.20290599275808,-57.135212967490745
71.1915,71.1915,177.0,203.17604631394565,200.1922490971576,-62.15604631394565
71.2109,71.2109,191.0,203.19729720238752,200.1816522834312,-48.17729720238752
71.2304,71.2304,177.0,203.2192027617243,200.17100636146364,-62.199202761724294
71.2499,71.2499,191.0,203.24166082994202,200.1603660236727,-48.221660829942024
71.2693,71.2693,188.0,203.2645702764293,200.14978584803674,-51.244570276429315
71.2888,71.2888,223.0,203.2881821851702,200.1391568158497,-16.268182185170204
71.3082,71.3082,206.0,203.31225915393267,200.12858799767895,-33.292259153932676
71.3277,71.3277,217.0,203.337068648272,200.11797049182627,-22.317068648272013
71.3471,71.3471,215.0,203.36236974423744,200.1074132505612,-24.342369744237445
71.3666,71.3666,192.0,203.38842885524843,200.09680749145505,-47.36842885524844
71.3861,71.3861,210.0,203.41514883414362,200.0862077036579,-29.395148834143626
71.4055,71.4055,160.0,203.4423885498301,200.07566825394838,-79.4223885498301
71.425,71.425,205.0,203.4704516034622,200.06508054319426,-34.45045160346221
71.4444,71.4444,206.0,203.49906407507845,200.05455321787278,-33.479064075078455
71.4639,71.4639,212.0,203.52852961471635,200.04397780376348,-27.508529614716352
71.4833,71.4833,185.0,203.55857485003136,200.03346282114236,-54.53857485003137
71.5028,71.5028,195.0,203.58952866223407,200.0228999229506,-44.56952866223408
71.5223,71.5223,197.0,203.62124670042135,200.01234338121,-42.601246700421356
71.5417,71.5417,202.0,203.65358378581345,200.00184733767924,-37.63358378581346
71.5612,71.5612,188.0,203.68688252173416,199.9913036404221,-51.666882521734166
71.5806,71.5806,223.0,203.72083515213757,199.98082048420562,-16.70083515213757
71.6001,71.6001,193.0,203.75581159830125,199.9702898498678,-46.735811598301254
71.6195,71.6195,211.0,203.79146413274444,199.95981979811256,-28.77146413274444
71.639,71.639,201.0,203.8281928850622,199.94930244478996,-38.80819288506221
71.6585,71.6585,202.0,203.86582060734221,199.93879183100466,-37.84582060734222
71.6779,71.6779,207.0,203.90419781368973,199.92834185974883,-32.88419781368974
71.6974,71.6974,197.0,203.94371657741226,199.91784485375808,-42.923716577412264
71.7168,71.7168,199.0,203.9840111006363,199.90740852861586,-40.96401110063631
71.7363,71.7363,192.0,204.02552586804254,199.89692534765214,-48.00552586804254
71.7557,71.7557,185.0,204.06784738612313,199.88650288456793,-55.04784738612314
71.7752,71.7752,194.0,204.1114501928775,199.87603374551298,-46.0914501928775
71.7947,71.7947,193.0,204.15613683577814,199.86557172695993,-47.136136835778146
71.8141,71.8141,192.0,204.20170714727817,199.85517047946288,-48.181707147278175
71.8336,71.8336,195.0,204.24866646784432,199.84472282775525,-45.22866646784432
71.853,71.853,207.0,204.29654823343802,199.8343359809142,-33.27654823343802
71.8725,71.8725,246.0,204.3458890420505,199.8239029120435,5.674110957949509
71.8919,71.8919,191.0,204.39621362672918,199.81353068056308,-49.37621362672918
71.9114,71.9114,207.0,204.44806162701573,199.8031124101597,-33.42806162701574
71.9309,71.9309,186.0,204.50124084257837,199.79270163903567,-54.48124084257837
71.9503,71.9503,193.0,204.5554798367188,199.78235175171352,-47.53547983671881
71.9698,71.9698,205.0,204.61138885243832,199.77195610209455,-35.59138885243833
71.9892,71.9892,206.0,204.66843108066368,199.7616213655835,-34.648431080663684
72.0087,72.0087,170.0,204.7272187899928,199.75124105218302,-70.70721878999281
72.0281,72.0281,214.0,204.78721464854073,199.74092167991074,-26.76721464854073
72.0476,72.0476,217.0,204.84908069736264,199.73055691707015,-23.82908069736264
72.0671,72.0671,211.0,204.9125484495189,199.72020003003368,-29.892548449518912
72.0865,72.0865,190.0,204.9773174004178,199.70990412377873,-50.95731740041781
72.106,72.106,204.0,205.04410289875557,199.69956310838492,-37.02410289875557
72.1254,72.1254,192.0,205.11230427562674,199.6892830985789,-49.092304275626745
72.1449,72.1449,197.0,205.18263423721868,199.67895816822562,-44.16263423721868
72.1643,72.1643,206.0,205.25444856189915,199.66869426698202,-35.23444856189916
72.1838,72.1838,193.0,205.3285502180421,199.65838563468455,-48.3085502180421
72.2032,72.2032,200.0,205.4042158867045,199.6481380537348,-41.384215886704496
72.2227,72.2227,186.0,205.48230311334535,199.6378459321228,-55.46230311334536
72.2422,72.2422,175.0,205.5624749384103,199.6275621669632,-66.54247493841031
72.2616,72.2616,198.0,205.64438410019656,199.6173394841275,-43.624384100196565
72.2811,72.2811,193.0,205.72895105881508,199.60707254814034,-48.70895105881509
72.3005,72.3005,209.0,205.8153554772063,199.5968667135059,-32.795355477206314
72.32,72.32,191.0,205.90457971792347,199.58661681834292,-50.88457971792347
72.3394,72.3394,199.0,205.9957805094872,199.57642804227925,-42.975780509487194
72.3589,72.3589,217.0,206.08995792958055,199.5661953991957,-25.069957929580553
72.3784,72.3784,195.0,206.18677710860385,199.55597148369407,-47.16677710860385
72.3978,72.3978,205.0,206.2857681584771,199.5458087115284,-37.265768158477115
72.4173,72.4173,201.0,206.38806420040507,199.53560236451,-41.36806420040507
72.4367,72.4367,217.0,206.49270286152876,199.52545717536952,-25.47270286152876
72.4562,72.4562,217.0,206.60083942845068,199.5152686070851,-25.580839428450687
72.4756,72.4756,210.0,206.71150101869586,199.50514120994018,-32.69150101869586
72.4951,72.4951,216.0,206.8259383122494,199.4949706302334,-26.80593831224941
72.5146,72.5146,215.0,206.94368785753377,199.48480914676978,-27.92368785753378
72.534,72.534,209.0,207.06421896957514,199.47470885195258,-34.04421896957514
72.5535,72.5535,190.0,207.18889503304428,199.46456567133112,-53.16889503304428
72.5729,72.5729,191.0,207.31662220401088,199.4544836894178,-52.29662220401089
72.5924,72.5924,203.0,207.4487777305732,199.44435902045072,-40.4287777305732
72.6118,72.6118,186.0,207.58418428642585,199.4342955589756,-57.564184286425856
72.6313,72.6313,214.0,207.72439587370408,199.4241896100577,-29.704395873704087
72.6508,72.6508,202.0,207.86881971245683,199.41409312351024,-41.84881971245683
72.6702,72.6702,203.0,208.01692896233436,199.4040578552429,-40.996928962334366
72.6897,72.6897,239.0,208.17033305016506,199.39398040081363,-5.1503330501650595
72.7091,72.7091,213.0,208.3276775052894,199.38396417025368,-31.30767750528939
72.7286,72.7286,185.0,208.4907826214298,199.3739059552792,-59.47078262142979
72.748,72.748,213.0,208.65812596025896,199.36390896848732,-31.63812596025896
72.7675,72.7675,191.0,208.83168074547535,199.35387019987596,-53.81168074547536
72.787,72.787,221.0,209.01073912205115,199.343841257163,-23.990739122051153
72.8064,72.8064,208.0,209.19463364269365,199.33387354671382,-37.17463364269365
72.8259,72.8259,176.0,209.3855005918592,199.3238643601815,-69.3655005918592
72.8453,72.8453,194.0,209.58157158697398,199.31391640703757,-51.56157158697398
72.8648,72.8648,196.0,209.78517366604487,199.30392718250937,-49.76517366604487
72.8842,72.8842,199.0,209.99447587270197,199.29399919122085,-46.97447587270197
72.9037,72.9037,196.0,210.2118797403902,199.28403013408132,-50.191879740390206
72.9232,72.9232,195.0,210.4367310096592,199.274071263703,-51.416731009659216
72.9426,72.9426,200.0,210.66805153238136,199.26417362395156,-46.64805153238136
72.9621,72.9621,183.0,210.9086256225027,199.25423522847174,-63.888625622502715
72.9815,72.9815,178.0,211.15627595412,199.2443580602878,-69.13627595412
73.001,73.001,217.0,211.41393247658755,199.23444034397963,-30.39393247658755
73.0204,73.0204,206.0,211.67946534161973,199.22458385036546,-41.659465341619736
73.0399,73.0399,207.0,211.9558790643064,199.21468701705228,-40.935879064306405
73.0594,73.0594,184.0,212.24240202132717,199.20480072863245,-64.22240202132717
73.0788,73.0788,203.0,212.53786204498465,199.19497565361368,-45.51786204498465
73.0983,73.0983,202.0,212.8458031342605,199.1851105533349,-46.82580313426051
73.1177,73.1177,218.0,213.16373574624302,199.17530665868014,-31.143735746243024
73.1372,73.1372,209.0,213.49531232543848,199.1654629492277,-40.47531232543848
73.1566,73.1566,209.0,213.8378284049426,199.1556804363541,-40.8178284049426
73.1761,73.1761,189.0,214.19547697197766,199.14585831995282,-61.17547697197766
73.1956,73.1956,215.0,214.56705815073923,199.1360471037809,-35.54705815073923
73.215,73.215,197.0,214.95148789209156,199.12629706822952,-53.93148789209157
73.2345,73.2345,204.0,215.35327042731203,199.11650774783502,-47.33327042731203
73.2539,73.2539,187.0,215.76921578579498,199.10677959584788,-64.74921578579499
73.2734,73.2734,203.0,216.20451553259733,199.0970123722908,-49.18451553259733
73.2928,73.2928,183.0,216.65550132836466,199.08730630366304,-69.63550132836467
73.3123,73.3123,198.0,217.12790694522843,199.0775613775324,-55.107906945228436
73.3318,73.3318,187.0,217.62041682359998,199.06782770410518,-66.60041682359999
73.3512,73.3512,185.0,218.13156380972887,199.05815516299955,-69.11156380972888
73.3707,73.3707,207.0,218.66787558231846,199.048444087249,-47.64787558231846
73.3901,73.3901,210.0,219.2249901879554,199.0387941271818,-45.2049901879554
73.4096,73.4096,195.0,219.8101964737419,199.02910584850534,-60.790196473741915
73.429,73.429,194.0,220.41881819166156,199.01947866761213,-62.39881819166156
73.4485,73.4485,214.0,221.0587299096254,199.00981338492562,-43.03872990962542
73.468,73.468,216.0,221.7288487329289,199.0001597044891,-41.7088487329289
73.4874,73.4874,189.0,222.42710455507654,198.99056709259563,-69.40710455507654
73.5069,73.5069,205.0,223.16288503510987,198.98093670586718,-54.14288503510987
73.5263,73.5263,187.0,223.93060308625172,198.9713673666297,-72.91060308625173
73.5458,73.5458,196.0,224.74050518733895,198.9617604713068,-64.72050518733896
73.5652,73.5652,221.0,225.5871680545407,198.9522146011645,-40.567168054540716
73.5847,73.5847,194.0,226.48157268236972,198.94263139445223,-68.46157268236972
73.6042,73.6042,189.0,227.42285542313238,198.93306013654353,-74.40285542313238
73.6236,73.6236,199.0,228.40873345276063,198.92354986796082,-65.38873345276063
73.6431,73.6431,225.0,229.45288306031838,198.91400259379273,-40.43288306031839
73.6625,73.6625,192.0,230.54886221156715,198.90451628349712,-74.52886221156716
73.682,73.682,202.0,231.7114996284687,198.8949931890298,-65.69149962846869
73.7014,73.7014,194.0,232.93375734632144,198.88553103172669,-74.91375734632145
73.7209,73.7209,216.0,234.2333172195711,198.87603231241718,-54.213317219571096
73.7404,73.7404,198.0,235.60928678483188,198.86654588540634,-73.58928678483188
73.7598,73.7598,218.0,237.0600186861673,198.8571203531093,-55.0400186861673
73.7793,73.7793,213.0,238.60678449146727,198.847658593742,-61.58678449146727
73.7987,73.7987,210.0,240.24136050461712,198.83825769924633,-66.22136050461712
73.8182,73.8182,208.0,241.98863565902138,198.828820801708,-69.96863565902139
73.8376,73.8376,202.0,243.83899935688123,198.81944473794815,-77.81899935688124
73.8571,73.8571,223.0,245.82179041733417,198.8100328959105,-58.801790417334175
73.8766,73.8766,210.0,247.9378898952895,198.80063368654223,-73.91788989528949
73.896,73.896,210.0,250.18823535151046,198.79129526192634,-76.16823535151046
73.9155,73.9155,209.0,252.60959343328625,198.78192139784403,-79.58959343328625
73.9349,73.9349,198.0,255.19157259539276,198.77260828429675,-93.17157259539276
73.9544,73.9544,218.0,257.9785113283844,198.7632599578738,-75.9585113283844
73.9738,73.9738,213.0,260.9602041474745,198.75397234652155,-83.94020414747449
73.9933,73.9933,208.0,264.18914855528715,198.74464974960694,-92.16914855528715
74.0128,74.0128,195.0,267.6766825133309,198.73534012254254,-108.65668251333089
74.0322,74.0322,231.0,271.4298235706514,198.72609115496803,-76.40982357065143
74.0517,74.0517,220.0,275.52069428756835,198.7168075444407,-91.50069428756835
74.0711,74.0711,231.0,279.94330753533757,198.70758455482493,-84.92330753533757
74.0906,74.0906,207.0,284.78605939512767,198.69832715135863,-113.76605939512767
74.11,74.11,208.0,290.0507509636433,198.6891303289827,-118.03075096364329
74.1295,74.1295,207.0,295.8455588042351,198.67989932256626,-124.82555880423511
74.149,74.149,199.0,302.2135627965277,198.67068161992546,-139.19356279652771
74.1684,74.1684,212.0,309.1912680663949,198.6615244362615,-133.17126806639493
74.1879,74.1879,244.0,316.9395314696184,198.6523334148867,-108.91953146961838
74.2073,74.2073,211.0,325.4772999770665,198.64320286956425,-150.4572999770665
74.2268,74.2268,222.0,335.00578618082557,198.6340387180925,-148.98578618082558
74.2462,74.2462,269.0,345.55877560307846,198.62493499851024,-112.53877560307846
74.2657,74.2657,238.0,357.39215753241035,198.61579790503288,-155.37215753241037
74.2852,74.2852,227.0,370.61765781041083,198.60667444593577,-179.59765781041085
74.3046,74.3046,276.0,385.33781430311535,198.59761135010456,-145.31781430311537
74.3241,74.3241,262.0,401.9032873363324,198.58851523034923,-175.88328733633244
74.3435,74.3435,270.0,420.3651241346204,198.57947942660482,-186.3451241346204
74.363,74.363,281.0,441.14725746585964,198.57041083290414,-196.12725746585966
74.3824,74.3824,291.0,464.27175834884656,198.56140250672556,-209.25175834884658
74.4019,74.4019,294.0,490.2258174967267,198.55236162523605,-232.2058174967267
74.4214,74.4214,312.0,519.1161541275096,198.54333470534462,-243.09615412750964
74.4408,74.4408,302.0,550.9723333142148,198.53436797786574,-284.9523333142148
74.4603,74.4603,321.0,586.2427034645832,198.52536904860804,-301.2227034645832
74.4797,74.4797,353.0,624.5510411902836,198.51643026019352,-307.53104119028364
74.4992,74.4992,393.0,666.1045665909799,198.50745950632086,-309.0845665909799
74.5186,74.5186,433.0,709.9937247492923,198.49854884049282,-312.9737247492923
74.5381,74.5381,456.0,755.8243228959774,198.4896064461894,-335.8043228959774
74.5576,74.5576,502.0,802.0943958529882,198.48067833724974,-336.07439585298823
74.577,74.577,589.0,846.7925508058913,198.47181023478427,-293.77255080589134
74.5965,74.5965,643.0,888.245132957536,198.46291076085546,-281.22513295753606
74.6159,74.6159,807.0,923.7339858883744,198.45407123753395,-152.7139858883744
74.6354,74.6354,953.0,951.5519841357552,198.4452005813684,-34.53198413575522
74.6548,74.6548,1112.0,969.994646900324,198.436389818719,106.02535309967597
74.6743,74.6743,1440.0,978.7969506856174,198.42754816249126,425.2230493143826
74.6938,74.6938,1528.0,978.4780035024701,198.41872111187516,513.5419964975299
74.7132,74.7132,1737.0,970.615571243321,198.40995386676977,730.404428756679
74.7327,74.7327,1799.0,957.102468289362,198.40115608849604,805.917531710638
74.7521,74.7521,1778.0,940.0410375478205,198.39241805558618,801.9789624521795
74.7716,74.7716,1670.0,920.7813272705828,198.3836497303709,713.2386727294172
74.791,74.791,1590.0,900.4072887819414,198.37494108915354,653.6127112180586
74.8105,74.8105,1419.0,878.921448873965,198.36620239712428,504.098551126035
74.83,74.83,1226.0,856.0967700896584,198.35747862737114,333.92322991034155
74.8494,74.8494,1187.0,831.467030417748,198.34881444720241,319.552969582252
74.8689,74.8689,1122.0,804.1953497673799,198.3401205799467,281.8246502326201
74.8883,74.8883,1171.0,774.2872505660257,198.33148623786678,360.7327494339743
74.9078,74.9078,1091.0,741.6099048979576,198.32282245175085,313.4100951020424
74.9272,74.9272,1145.0,707.1139608458834,198.31421812518832,401.90603915411657
74.9467,74.9467,1101.0,671.3366085061806,198.30558459825548,393.6833914938194
74.9662,74.9662,1057.0,635.4638561942044,198.29696630661408,385.5561438057956
74.9856,74.9856,1003.0,600.5764112046874,198.28840737373267,366.4435887953126
75.0051,75.0051,930.0,567.0400393220882,198.27981960743645,326.9799606779118
75.0245,75.0245,788.0,535.7036758685641,198.27129113124866,216.31632413143586
75.044,75.044,719.0,506.5232046914786,198.2627340668289,176.49679530852137
75.0634,75.0634,599.0,479.91877168130145,198.25423622265782,83.10122831869855
75.0829,75.0829,474.0,455.60057145031544,198.24571003603603,-17.580571450315446
75.1023,75.1023,403.0,433.7176207246426,198.23724299859654,-66.69762072464259
75.1218,75.1218,372.0,413.90783950373685,198.22874786508135,-77.88783950373686
75.1413,75.1413,363.0,396.10621950999973,198.22026836380658,-69.08621950999974
75.1607,75.1607,347.0,380.21548049744024,198.21184790276118,-69.19548049744024
75.1802,75.1802,310.0,365.8900740389284,198.20339971662398,-91.8700740389284
75.1996,75.1996,300.0,353.10401150112966,198.19501049663873,-89.08401150112967
75.2191,75.2191,259.0,341.57136363868824,198.18659379940146,-118.55136363868824
75.2385,75.2385,268.0,331.26000426889675,198.17823599303787,-99.24000426889675
75.258,75.258,265.0,321.93111272190833,198.1698509578394,-92.91111272190834
75.2775,75.2775,244.0,313.5235368953107,198.16148185931033,-105.50353689531072
75.2969,75.2969,252.0,305.9648902020693,198.15317153638978,-89.94489020206929
75.3164,75.3164,258.0,299.0862515869392,198.1448343586529,-77.06625158693923
75.3358,75.3358,224.0,292.8728200331674,198.13655587825,-104.85282003316739
75.3553,75.3553,238.0,287.1876147910045,198.12825079287123,-85.16761479100448
75.3747,75.3747,218.0,282.0268779439503,198.1200043253569,-100.0068779439503
75.3942,75.3942,249.0,277.280095062334,198.11173150326795,-64.260095062334
75.4137,75.4137,221.0,272.9278362814836,198.10347491841287,-87.90783628148363
75.4331,75.4331,232.0,268.9454154414352,198.095276829876,-72.92541544143522
75.4526,75.4526,222.0,265.2547584068,198.08705276373058,-79.23475840680003
75.472,75.472,252.0,261.8625614188949,198.07888711145262,-45.84256141889493
75.4915,75.4915,220.0,258.7046991484283,198.0706957333488,-74.6846991484283
75.5109,75.5109,220.0,255.7898095941145,198.06256268547304,-71.7698095941145
75.5304,75.5304,197.0,253.06568785889968,198.05440416409806,-92.04568785889968
75.5499,75.5499,201.0,250.5286917957357,198.04626217659117,-85.50869179573571
75.5693,75.5693,213.0,248.17363431488593,198.03817839151765,-71.15363431488593
75.5888,75.5888,193.0,245.9609762537841,198.03006951276967,-88.94097625378411
75.6082,75.6082,212.0,243.9007402287661,198.02201874984996,-67.8807402287661
75.6277,75.6277,232.0,241.95950652104415,198.01394314692166,-45.93950652104415
75.6471,75.6471,235.0,240.14640247394559,198.0059255720341,-41.12640247394559
75.6666,75.6666,197.0,238.4338325026885,197.99788341133072,-77.41383250268849
75.6861,75.6861,217.0,236.82193558480756,197.98985807713422,-55.801935584807566
75.7055,75.7055,213.0,235.31111054631918,197.98189063696822,-58.29111054631919
75.725,75.725,212.0,233.87850257246743,197.97389899358086,-57.85850257246743
75.7444,75.7444,204.0,232.53234782251087,197.96596515348708,-64.51234782251088
75.7639,75.7639,215.0,231.25342155796935,197.95800736566105,-52.23342155796935
75.7833,75.7833,225.0,230.04912252833554,197.95010728921574,-41.02912252833555
75.8028,75.8028,215.0,228.90222173983423,197.94218352103698,-49.882221739834236
75.8223,75.8223,204.0,227.81483145485572,197.9342768679424,-59.794831454855725
75.8417,75.8417,211.0,226.78818452698502,197.92642778603732,-51.768184526985024
75.8612,75.8612,221.0,225.8079700451467,197.91855539767238,-40.78797004514671
75.8806,75.8806,211.0,224.88063305827862,197.91074048565102,-49.86063305827862
75.9001,75.9001,187.0,223.99349620474788,197.9029025244219,-72.97349620474789
75.9195,75.9195,226.0,223.15303475628127,197.8951219435214,-33.133034756281276
75.939,75.939,221.0,222.34771077623165,197.88731857115732,-37.327710776231655
75.9585,75.9585,208.0,221.5798005826267,197.87953259832787,-49.55980058262669
75.9779,75.9779,193.0,220.85032569236827,197.87180385949014,-63.83032569236828
75.9974,75.9974,225.0,220.1499655924373,197.86405271705001,-31.1299655924373
76.0168,76.0168,207.0,219.48386760911134,197.8563587096708,-48.46386760911135
76.0363,76.0363,201.0,218.84329137493754,197.8486425576429,-53.82329137493754
76.0557,76.0557,207.0,218.23331968773383,197.8409834405827,-47.21331968773383
76.0752,76.0752,220.0,217.64600583274915,197.8333024383022,-33.62600583274916
76.0947,76.0947,199.0,217.08315184429094,197.82563911581425,-54.06315184429094
76.1141,76.1141,196.0,216.54609091126474,197.8180326758478,-56.526090911264745
76.1336,76.1336,185.0,216.02797678187804,197.81040474101738,-67.00797678187804
76.153,76.153,206.0,215.53309068406386,197.80283358571697,-45.51309068406387
76.1725,76.1725,209.0,215.05516760391657,197.7952411961462,-42.03516760391658
76.1919,76.1919,241.0,214.598062518426,197.78770548195882,-9.578062518425995
76.2114,76.2114,188.0,214.1562484389905,197.7801487945516,-62.136248438990506
76.2309,76.2309,199.0,213.73102535163565,197.77261006293668,-50.711025351635655
76.2503,76.2503,212.0,213.32377006661648,197.7651278481869,-37.30377006661648
76.2698,76.2698,212.0,212.9294377526249,197.7576250529753,-36.909437752624896
76.2892,76.2892,213.0,212.55131397259527,197.75017866760183,-35.53131397259527
76.3087,76.3087,214.0,212.18492318870722,197.7427119639376,-34.16492318870722
76.3281,76.3281,205.0,211.8332502470143,197.7353015619366,-42.813250247014295
76.3476,76.3476,228.0,211.49205625267282,197.7278711042549,-19.47205625267283
76.3671,76.3671,175.0,211.16265410113266,197.72045887404155,-72.14265410113266
76.3865,76.3865,198.0,210.84614060782297,197.71310278093952,-48.82614060782298
76.406,76.406,211.0,210.53873227074996,197.70572702722208,-35.518732270749965
76.4254,76.4254,193.0,210.24298764109054,197.6984072995792,-53.22298764109054
76.4449,76.4449,206.0,209.95552791103947,197.69106817500614,-39.93552791103947
76.4643,76.4643,208.0,209.6788198008345,197.68378496433058,-37.65881980083451
76.4838,76.4838,203.0,209.40957490243906,197.6764826208309,-42.389574902439065
76.5033,76.5033,203.0,209.14895274377983,197.66919877208653,-42.128952743779834
76.5227,76.5227,199.0,208.89773171311705,197.66197066669338,-45.87773171311706
76.5422,76.5422,208.0,208.65308053847102,197.65472382575328,-36.63308053847102
76.5616,76.5616,207.0,208.417141002161,197.64753261314445,-37.39714100216101
76.5811,76.5811,215.0,208.18714353748885,197.64032293012428,-29.167143537488855
76.6005,76.6005,230.0,207.9652128524912,197.63316875928277,-13.945212852491196
76.62,76.62,192.0,207.748746656456,197.62599638356804,-51.72874665645601
76.6395,76.6395,179.0,207.5386531308306,197.61884276544058,-64.5186531308306
76.6589,76.6589,205.0,207.3356971775747,197.61174448299147,-38.315697177574705
76.6784,76.6784,219.0,207.13752588359898,197.60462839506172,-24.117525883598987
76.6978,76.6978,242.0,206.94599517586101,197.5975675238343,-0.9259951758610185
76.7173,76.7173,205.0,206.75888059028895,197.59048911364775,-37.73888059028896
76.7367,76.7367,186.0,206.57788944710586,197.58346580006253,-56.557889447105865
76.7562,76.7562,172.0,206.40101150089814,197.57642521442367,-70.38101150089814
76.7757,76.7757,213.0,206.22892160704433,197.56940364468355,-29.20892160704433
76.7951,76.7951,186.0,206.0623516728388,197.56243698913212,-56.04235167283879
76.8146,76.8146,233.0,205.8993723151454,197.5554534629373,-8.879372315145403
76.834,76.834,215.0,205.7415320313137,197.54852472802676,-26.721532031313714
76.8535,76.8535,182.0,205.58704698208788,197.5415793903152,-59.56704698208789
76.8729,76.8729,211.0,205.43729628965642,197.53468871986658,-30.41729628965642
76.8924,76.8924,198.0,205.29065864025577,197.52778171482447,-43.270658640255775
76.9119,76.9119,239.0,205.14773466879748,197.5208939794066,-2.127734668797487
76.9313,76.9313,210.0,205.00913690829645,197.51406072296868,-30.98913690829646
76.9508,76.9508,195.0,204.8733112864302,197.507211535267,-45.85331128643021
76.9702,76.9702,173.0,204.7414829323942,197.50041669974104,-67.72148293239421
76.9897,76.9897,204.0,204.61223428346196,197.49360620204857,-36.59223428346196
77.0091,77.0091,196.0,204.48675958522378,197.48684992861897,-44.466759585223784
77.0286,77.0286,225.0,204.36364878040177,197.48007826246626,-15.343648780401779
77.0481,77.0481,192.0,204.24349898758447,197.47332611501145,-48.22349898758448
77.0675,77.0675,185.0,204.1267493323122,197.46662799770982,-55.10674933231219
77.087,77.087,212.0,204.012155315296,197.45991489283472,-27.992155315296017
77.1064,77.1064,195.0,203.900781283856,197.4532556874377,-44.880781283855995
77.1259,77.1259,201.0,203.79138501299974,197.44658176475278,-38.771385012999744
77.1453,77.1453,194.0,203.685034099294,197.43996160977088,-45.665034099294004
77.1648,77.1648,214.0,203.58052683551384,197.43332700811376,-25.56052683551384
77.1843,77.1843,188.0,203.47838047413387,197.42671216951103,-51.458380474133875
77.2037,77.2037,191.0,203.37899280739435,197.4201508987192,-48.35899280739436
77.2232,77.2232,205.0,203.28127029042903,197.41357558812112,-34.26127029042904
77.2426,77.2426,207.0,203.18617209615323,197.40705371081805,-32.16617209615323
77.2621,77.2621,189.0,203.0926305523122,197.40051806511545,-50.07263055231219
77.2815,77.2815,174.0,203.00156652437948,197.39403571710048,-64.98156652437949
77.301,77.301,197.0,202.91198097307569,197.38753987240062,-41.89198097307569
77.3205,77.3205,208.0,202.82425904094418,197.3810640303288,-30.80425904094419
77.3399,77.3399,209.0,202.73881389850433,197.37464128031536,-29.718813898504337
77.3594,77.3594,176.0,202.6546906929825,197.36820544210394,-62.63469069298252
77.3788,77.3788,179.0,202.57272113010873,197.36182255762452,-59.552721130108736
77.3983,77.3983,204.0,202.49201008669655,197.3554268574073,-34.47201008669656
77.4177,77.4177,209.0,202.4133193794942,197.34908397151304,-29.3933193794942
77.4372,77.4372,184.0,202.3357933044345,197.3427285426294,-54.31579330443451
77.4567,77.4567,213.0,202.25980668461327,197.33639335109893,-25.23980668461327
77.4761,77.4761,180.0,202.1857026011887,197.33011076257168,-58.1657026011887
77.4956,77.4956,206.0,202.11267611791354,197.32381604105734,-32.09267611791354
77.515,77.515,212.0,202.04140328141906,197.31757378044048,-26.02140328141907
77.5345,77.5345,193.0,201.9711611937523,197.31131966028144,-44.9511611937523
77.5539,77.5539,216.0,201.9026003337574,197.30511785784077,-21.882600333757395
77.5734,77.5734,216.0,201.83497865492075,197.2989044695713,-21.81497865492075
77.5929,77.5929,213.0,201.7686327817271,197.2927115484662,-24.748632781727096
77.6123,77.6123,215.0,201.70385494425176,197.28657072811652,-22.683854944251763
77.6318,77.6318,194.0,201.63994503103675,197.28041873335215,-43.61994503103675
77.6512,77.6512,202.0,201.5775246197955,197.27431869349007,-35.5575246197955
77.6707,77.6707,206.0,201.51591434543502,197.26820775357393,-31.495914345435025
77.6901,77.6901,183.0,201.4557312879644,197.26214862164255,-54.4357312879644
77.7096,77.7096,206.0,201.39631233982624,197.25607886426639,-31.376312339826242
77.7291,77.7291,223.0,201.33796450674362,197.25002979888592,-14.317964506743621
77.7485,77.7485,183.0,201.28093189769513,197.24403231893265,-54.26093189769513
77.768,77.768,200.0,201.22460042835772,197.23802462625582,-37.20460042835772
77.7874,77.7874,225.0,201.16953774860798,197.23206836943805,-12.149537748607983
77.8069,77.8069,180.0,201.1151378771736,197.22610217510316,-57.0951378771736
77.8263,77.8263,183.0,201.0619494693006,197.22018726600416,-54.041949469300604
77.8458,77.8458,216.0,201.00939986463115,197.21426269482302,-20.989399864631153
77.8652,77.8652,203.0,200.95799540118904,197.2083892572025,-33.93799540118904
77.8847,77.8847,205.0,200.90718533937113,197.20250643315754,-31.88718533937113
77.9042,77.9042,190.0,200.85722166732185,197.19664458273223,-46.837221667321856
77.9236,77.9236,175.0,200.80833983126914,197.19083363618995,-61.78833983126914
77.9431,77.9431,188.0,200.7600162240162,197.18501371747004,-48.7400162240162
77.9625,77.9625,203.0,200.712707623499,197.179244548338,-33.692707623499004
77.982,77.982,184.0,200.6659383566573,197.17346668321824,-52.64593835665731
78.0014,78.0014,173.0,200.62015098677887,197.1677394123485,-63.60015098677887
78.0209,78.0209,192.0,200.5748561192636,197.1620037218834,-44.55485611926359
78.0404,78.0404,206.0,200.53028334225073,197.15628921824145,-30.51028334225073
78.0598,78.0598,196.0,200.4866379535181,197.1506250736917,-40.466637953518116
78.0793,78.0793,208.0,200.44345342043727,197.14495292485802,-28.42345342043727
78.0987,78.0987,194.0,200.40115583575138,197.13933097718305,-42.381155835751386
78.1182,78.1182,219.0,200.3592905725393,197.13370130209753,-17.339290572539298
78.1376,78.1376,199.0,200.31828233411974,197.12812166920455,-37.29828233411975
78.1571,78.1571,201.0,200.2776850086973,197.12253458595652,-35.257685008697294
78.1766,78.1766,166.0,200.23771135042094,197.11696889754015,-70.21771135042094
78.196,78.196,198.0,200.19853551316612,197.1114530107299,-38.178535513166125
78.2155,78.2155,227.0,200.15974099012294,197.10593008983264,-9.139740990122945
78.2349,78.2349,183.0,200.12172105816185,197.10045680900467,-53.10172105816186
78.2544,78.2544,199.0,200.08406406695605,197.09497677157458,-37.06406406695605
78.2738,78.2738,210.0,200.04715240365414,197.0895462116541,-26.027152403654142
78.2933,78.2933,195.0,200.01059350014103,197.08410917277783,-40.99059350014103
78.3128,78.3128,212.0,199.97455705071908,197.07869373148083,-23.95455705071909
78.3322,78.3322,178.0,199.9392240755261,197.0733275217312,-57.91922407552612
78.3517,78.3517,187.0,199.90421216311285,197.06795525014178,-48.88421216311285
78.3711,78.3711,188.0,199.8698779308185,197.06263204499467,-47.849877930818494
78.3906,78.3906,223.0,199.83585651631466,197.05730305603137,-12.815856516314668
78.41,78.41,203.0,199.80247367740589,197.05202296739296,-32.78247367740589
78.4295,78.4295,197.0,199.76939697861172,197.04673737310227,-38.74939697861173
78.449,78.449,184.0,199.73677269741728,197.04147357381228,-51.716772697417284
78.4684,78.4684,182.0,199.70476598912137,197.0362584235629,-53.684765989121374
78.4879,78.4879,207.0,199.673033995119,197.03103818551537,-28.653033995119003
78.5073,78.5073,191.0,199.64189525852268,197.0258664278714,-44.621895258522684
78.5268,78.5268,171.0,199.61102066867755,197.02068986091805,-64.59102066867756
78.5462,78.5462,202.0,199.58071689843408,197.0155616047292,-33.56071689843408
78.5657,78.5657,202.0,199.55066158770606,197.01042881783928,-33.530661587706064
78.5852,78.5852,195.0,199.5210131798376,197.0053180179794,-40.501013179837614
78.6046,78.6046,193.0,199.49189801011494,197.00025527233237,-42.47189801011494
78.6241,78.6241,208.0,199.46302736325873,196.99518841446547,-27.443027363258736
78.6435,78.6435,206.0,199.4346776470141,196.99016943867903,-29.414677647014102
78.663,78.663,184.0,199.40654988820864,196.98514662955284,-51.38654988820865
78.6824,78.6824,172.0,199.37893166486666,196.98017152938328,-63.35893166486666
78.7019,78.7019,178.0,199.35152560464715,196.97519287485213,-57.331525604647155
78.7214,78.7214,193.0,199.32447762018802,196.97023639392282,-42.304477620188024
78.7408,78.7408,204.0,199.2979081763735,196.965327360187,-31.277908176373515
78.7603,78.7603,215.0,199.27153795003994,196.96041519108607,-20.251537950039946
78.7797,78.7797,185.0,199.24563672636845,196.95555029358826,-50.22563672636845
78.7992,78.7992,195.0,199.21992595464224,196.95068253992196,-40.19992595464224
78.8186,78.8186,193.0,199.19466908174485,196.94586188128773,-42.17466908174485
78.8381,78.8381,201.0,199.1696000869884,196.9410386457582,-34.1496000869884
78.8576,78.8576,199.0,199.1448368937267,196.9362377648791,-36.12483689372671
78.877,78.877,192.0,199.12050642060476,196.93148371211427,-43.10050642060476
78.8965,78.8965,194.0,199.09634758053733,196.92672750185298,-41.07634758053733
78.9159,78.9159,206.0,199.07260769176318,196.92201794069564,-29.052607691763185
78.9354,78.9354,204.0,199.04903437615343,196.91730650147943,-31.029034376153433
78.9548,78.9548,209.0,199.02586584500236,196.91264153138727,-26.00586584500236
78.9743,78.9743,189.0,199.0028581209904,196.90797496272873,-45.9828581209904
78.9938,78.9938,182.0,198.98012351882255,196.90333092418066,-52.960123518822556
79.0132,79.0132,190.0,198.95777715389482,196.89873308274176,-44.93777715389483
79.0327,79.0327,196.0,198.93558108483708,196.89413406242386,-38.915581084837086
79.0521,79.0521,208.0,198.91375880571945,196.88958105682374,-26.893758805719457
79.0716,79.0716,193.0,198.89208525503335,196.88502715194724,-41.872085255033355
79.091,79.091,188.0,198.87077314031126,196.8805190784385,-46.85077314031126
79.1105,79.1105,203.0,198.84959843164998,196.876010385289,-31.829598431649984
79.13,79.13,217.0,198.82867172729297,196.87152439205545,-17.808671727292975
79.1494,79.1494,202.0,198.80809159665844,196.86708395313667,-32.78809159665845
79.1689,79.1689,190.0,198.78764711018243,196.86264331443812,-44.76764711018244
79.1883,79.1883,208.0,198.76753600429353,196.8582480443211,-26.747536004293536
79.2078,79.2078,220.0,198.7475547822329,196.85385285411496,-14.7275547822329
79.2272,79.2272,180.0,198.72790169725263,196.8495028458101,-54.70790169725264
79.2467,79.2467,190.0,198.7083688972018,196.84515319711778,-44.68836889720181
79.2662,79.2662,200.0,198.6890606826619,196.84082641242713,-34.66906068266191
79.2856,79.2856,203.0,198.67006569575105,196.83654452760624,-31.650065695751053
79.3051,79.3051,203.0,198.62613981083211,196.8322634223167,-31.60613981083212
79.3245,79.3245,185.0,198.60760076725705,196.82802702786188,-49.58760076725706
79.344,79.344,219.0,198.5891717751765,196.82379169263993,-15.569171775176514
79.3634,79.3634,203.0,198.57104217687646,196.81960087828233,-31.551042176876464
79.3829,79.3829,185.0,198.5530202203778,196.81541140284767,-49.53302022037779
79.4024,79.4024,193.0,198.53519794228862,196.81124494971485,-41.51519794228862
79.4218,79.4218,218.0,198.51766141558352,196.80712273049713,-16.497661415583522
79.4413,79.4413,185.0,198.48770421139963,196.80300227006205,-49.467704211399635
79.4607,79.4607,201.0,198.47056550050888,196.79892585124625,-33.45056550050889
79.4802,79.4802,189.0,198.45352733463415,196.79485147084708,-45.43352733463415
79.4996,79.4996,189.0,198.43675554757746,196.79082093884753,-45.416755547577466
79.5191,79.5191,193.0,198.42008409349194,196.7867927248649,-41.40008409349194
79.5386,79.5386,198.0,198.40358963005664,196.78278768563305,-36.38358963005665
79.558,79.558,207.0,198.3873577268102,196.7788262029959,-27.367357726810198
79.5775,79.5775,186.0,198.3712151723573,196.77486745805822,-48.3512151723573
79.5969,79.5969,194.0,198.3553284575871,196.7709520741998,-40.335328457587096
79.6164,79.6164,200.0,198.33953141353825,196.76703970752862,-34.31953141353826
79.6358,79.6358,180.0,198.32398066057507,196.7631705055095,-54.30398066057508
79.6553,79.6553,184.0,198.30851392026753,196.7593046001091,-50.28851392026753
79.6748,79.6748,205.0,198.293212014009,196.75546201599175,-29.27321201400899
79.6942,79.6942,198.0,198.27814817424914,196.75166229992848,-36.25814817424914
79.7137,79.7137,203.0,198.26316853547416,196.7478662998705,-31.24316853547417
79.7331,79.7331,190.0,198.2484202779772,196.74411296917373,-44.22842027797721
79.7526,79.7526,190.0,198.23374981119858,196.74036363374438,-44.21374981119858
79.772,79.772,192.0,198.21930822678684,196.73665676808355,-42.19930822678684
79.7915,79.7915,210.0,198.20494174830992,196.73295417687333,-24.184941748309924
79.811,79.811,180.0,198.19072751865147,196.72927504749603,-54.170727518651475
79.8304,79.8304,187.0,198.1767300079349,196.72563808656022,-47.15673000793491
79.8499,79.8499,194.0,198.16280777966506,196.72200581904556,-40.14280777966506
79.8693,79.8693,192.0,198.14909953611507,196.7184155181446,-42.12909953611508
79.8888,79.8888,206.0,198.13546126584657,196.71483018962127,-28.115461265846577
79.9082,79.9082,216.0,198.12203376957365,196.71128662499675,-18.10203376957365
79.9277,79.9277,180.0,198.1086750861017,196.70774831160398,-54.0886750861017
79.9472,79.9472,208.0,198.09545428829963,196.70423359454625,-26.07545428829964
79.9666,79.9666,227.0,198.08243568503377,196.70076033539593,-7.062435685033776
79.9861,79.9861,210.0,198.06948205273335,196.69729274591103,-24.049482052733353
80.0055,80.0055,200.0,198.05672775229996,196.69386640941468,-34.03672775229997
80.025,80.025,188.0,198.04403773848486,196.69044602115363,-46.024037738484864
80.0444,80.0444,217.0,198.03154049896366,196.68706668008733,-17.01154049896367
80.0639,80.0639,228.0,198.019108540106,196.68369356570082,-5.999108540106008
80.0834,80.0834,190.0,198.00680053011828,196.68034417603775,-43.98680053011829
80.1028,80.1028,200.0,197.9946807117479,196.6770355229796,-33.974680711747894
80.1223,80.1223,202.0,197.98262145836097,196.67373351437607,-31.96262145836097
80.1417,80.1417,232.0,197.97074481397863,196.6704720344112,-1.9507448139786305
80.1612,80.1612,212.0,197.95892912332445,196.66721747700285,-21.938929123324456
80.1806,80.1806,196.0,197.94729134390187,196.66400323940488,-37.92729134390187
80.2001,80.2001,203.0,197.93571050088812,196.66079620231656,-30.915710500888125
80.2196,80.2196,206.0,197.92424644163808,196.65761301216102,-27.90424644163808
80.239,80.239,189.0,197.91295701146126,196.65446982669448,-44.89295701146126
80.2585,80.2585,187.0,197.90172438438526,196.65133425873046,-46.881724384385265
80.2779,80.2779,195.0,197.89065937218567,196.64823848448674,-38.87065937218567
80.2974,80.2974,192.0,197.87965050488447,196.64515060529737,-41.85965050488447
80.3168,80.3168,191.0,197.86880758670787,196.6421023080104,-42.84880758670788
80.3363,80.3363,211.0,197.85801718955977,196.6390621831571,-22.83801718955978
80.3558,80.3558,199.0,197.84733722595195,196.63604602120137,-34.82733722595195
80.3752,80.3752,193.0,197.83681763375145,196.6330691215628,-40.816817633751455
80.3947,80.3947,200.0,197.82634882379466,196.63010081044513,-33.806348823794664
80.4141,80.4141,197.0,197.81603907001292,196.62717154771906,-36.796039070012924
80.4336,80.4336,222.0,197.80577885614622,196.62425115043254,-11.785778856146223
80.453,80.453,195.0,197.79567467542938,196.6213695867759,-38.775674675429386
80.4725,80.4725,198.0,197.7856190048623,196.61849716528144,-35.7656190048623
80.492,80.492,231.0,197.77566649691246,196.6156488163389,-2.7556664969124682
80.5114,80.5114,203.0,197.76586328822845,196.61283897704604,-30.74586328822845
80.5309,80.5309,195.0,197.75610761801457,196.61003869497188,-38.73610761801457
80.5503,80.5503,209.0,197.74650015221042,196.60727670571086,-24.72650015221042
80.5698,80.5698,183.0,197.736939887134,196.60452454987077,-50.71693988713402
80.5892,80.5892,177.0,197.72752378115626,196.6018104691845,-56.70752378115627
80.6087,80.6087,156.0,197.71815585890283,196.59910649790135,-77.69815585890284
80.6281,80.6281,217.0,197.70892875954817,196.59644038329373,-16.688928759548176
80.6476,80.6476,192.0,197.69974674530073,196.59378465384444,-41.67974674530073
80.6671,80.6671,207.0,197.6906572980199,196.59115312854314,-26.67065729801989
80.6865,80.6865,221.0,197.68170672418395,196.58855913038988,-12.661706724183958
80.706,80.706,224.0,197.6728016542647,196.58597593094106,-9.652801654264707
80.7254,80.7254,187.0,197.66402975059407,196.58343003813025,-46.64402975059407
80.7449,80.7449,179.0,197.65530328849997,196.5808952191814,-54.63530328849997
80.7643,80.7643,223.0,197.64670932617543,196.57839748555514,-10.62670932617543
80.7838,80.7838,205.0,197.63815788298845,196.5759111006971,-28.618157882988456
80.8033,80.8033,194.0,197.62969518712393,196.5734490149722,-39.60969518712393
80.8227,80.8227,216.0,197.62135983843407,196.5710236808086,-17.601359838434078
80.8422,80.8422,215.0,197.61306806333,196.56861010763927,-18.593068063329994
80.8616,80.8616,195.0,197.6049029030413,196.56623306271823,-38.58490290304131
80.8811,80.8811,208.0,197.59677874124932,196.56386805303902,-25.576778741249328
80.9005,80.9005,183.0,197.58878015649128,196.5615393475035,-50.568780156491286
80.92,80.92,195.0,197.58082235790772,196.55922295118185,-38.560822357907725
80.9395,80.9395,187.0,197.5729472662473,196.5569309424528,-46.5529472662473
80.9589,80.9589,181.0,197.5651931698591,196.55467489994456,-52.545193169859104
80.9784,80.9784,199.0,197.55747893580792,196.55243157742777,-34.537478935807925
80.9978,80.9978,203.0,197.54988449131207,196.5502239950642,-30.529884491312075
81.0173,81.0173,198.0,197.54232984367212,196.5480294059442,-35.522329843672125
81.0367,81.0367,181.0,197.53489202602378,196.54587033013198,-52.51489202602379
81.0562,81.0562,224.0,197.52749510422487,196.54372452051535,-9.507495104224873
81.0757,81.0757,181.0,197.5201745113378,196.54160318035932,-52.50017451133782
81.0951,81.0951,226.0,197.5129684771478,196.53951701149975,-7.492968477147812
81.1146,81.1146,206.0,197.50580085218525,196.53744451803567,-27.48580085218525
81.134,81.134,187.0,197.49874603204066,196.53540696709473,-46.47874603204066
81.1535,81.1535,188.0,197.49173053758506,196.53338336371957,-45.47173053758506
81.1729,81.1729,214.0,197.48482372013768,196.53139447333055,-19.464823720137687
81.1924,81.1924,187.0,197.47795637420668,196.5294198023528,-46.45795637420669
81.2119,81.2119,200.0,197.47116179566726,196.5274696760465,-33.45116179566726
81.2313,81.2313,229.0,197.46447515123694,196.52555391670086,-4.444475151236944
81.2508,81.2508,198.0,197.45782636779566,196.52365278425827,-35.437826367795665
81.2702,81.2702,215.0,197.45128414252133,196.52178578734691,-18.431284142521335
81.2897,81.2897,184.0,197.4447781486518,196.5199336883402,-49.42477814865181
81.3091,81.3091,196.0,197.43837660321373,196.51811549268595,-37.41837660321373
81.3286,81.3286,206.0,197.43201176657843,196.51631246558782,-27.41201176657843
81.3481,81.3481,233.0,197.42571825741845,196.5145340516495,-0.4057182574184566
81.3675,81.3675,203.0,197.41952422750046,196.51278919109916,-30.399524227500464
81.387,81.387,198.0,197.41336910145273,196.51105990475747,-35.393369101452734
81.4064,81.4064,214.0,197.40731296534813,196.50936393776874,-19.38731296534813
81.4259,81.4259,215.0,197.40129317746312,196.50768381473353,-18.38129317746312
81.4453,81.4453,196.0,197.39537184073,196.5060367762813,-37.37537184073001
81.4648,81.4648,205.0,197.38948708982977,196.50440585115248,-28.369487089829775
81.4843,81.4843,196.0,197.3836694393762,196.50279960088358,-37.36366943937621
81.5037,81.5037,179.0,197.37794750458932,196.5012260813703,-54.35794750458932
81.5232,81.5232,203.0,197.37226114965497,196.49966907886133,-30.35226114965498
81.5426,81.5426,183.0,197.36666981135207,196.49814457051824,-50.34666981135207
81.5621,81.5621,181.0,197.36111399826032,196.4966368475794,-52.341113998260326
81.5815,81.5815,235.0,197.35565146852585,196.49516138149642,1.6643485314741469
81.601,81.601,216.0,197.35022553984174,196.49370296881727,-17.33022553984175
81.6205,81.6205,223.0,197.34486257514595,196.49226928584437,-10.324862575145957
81.6399,81.6399,204.0,197.3395906968707,196.4908675021144,-29.31959069687069
81.6594,81.6594,206.0,197.3343540870836,196.48948317336422,-27.3143540870836
81.6788,81.6788,206.0,197.32920731695907,196.48813050476414,-27.309207316959075
81.6983,81.6983,182.0,197.32409679746797,196.48679555810983,-51.30409679746798
81.7177,81.7177,180.0,197.31907357796354,196.4854920318074,-53.29907357796354
81.7372,81.7372,194.0,197.31408560007802,196.4842064939909,-39.29408560007802
81.7567,81.7567,193.0,197.30915890807972,196.48294573380753,-40.28915890807973
81.7761,81.7761,201.0,197.30431869997017,196.48171603265573,-32.28431869997017
81.7956,81.7956,188.0,197.29951447325715,196.4805047193265,-45.27951447325715
81.815,81.815,194.0,197.29479373980703,196.4793242234853,-39.27479373980704
81.8345,81.8345,219.0,197.29010936351048,196.47816238090894,-14.270109363510485
81.8539,81.8539,212.0,197.28550802279784,196.47703111358683,-21.265508022797846
81.8734,81.8734,207.0,197.28094179212027,196.47591876452017,-26.260941792120278
81.8929,81.8929,203.0,197.2764348475225,196.47483123402867,-30.2564348475225
81.9123,81.9123,199.0,197.2720095525401,196.47377391384285,-34.252009552540116
81.9318,81.9318,207.0,197.2676197960458,196.47273590887463,-26.24761979604581
81.9512,81.9512,171.0,197.2633093397932,196.47172787027088,-62.243309339793214
81.9707,81.9707,194.0,197.2590365110728,196.470739410713,-39.2390365110728
81.9901,81.9901,180.0,197.2548406584536,196.46978067290337,-53.23484065845359
82.0096,82.0096,208.0,197.25068058785607,196.46884177749013,-25.23068058785607
82.0291,82.0291,189.0,197.24657741228293,196.46792773454337,-44.226577412282936
82.0485,82.0485,201.0,197.24255313364668,196.46704304484845,-32.222553133646684
82.068,82.068,190.0,197.23856291588916,196.46617859200109,-43.218562915889166
82.0874,82.0874,195.0,197.2346483449415,196.46534324612028,-38.214648344941494
82.1069,82.1069,186.0,197.23077168853254,196.4645283992102,-47.210771688532546
82.1263,82.1263,208.0,197.22696784433026,196.4637424123219,-25.206967844330265
82.1458,82.1458,191.0,197.22320011723914,196.4629771860237,-42.20320011723915
82.1653,82.1653,185.0,197.2194890808391,196.46223683896713,-48.199489080839115
82.1847,82.1847,184.0,197.21584956896868,196.46152497996906,-49.19584956896868
82.2042,82.2042,199.0,197.21224602616905,196.4608342733641,-34.19224602616906
82.2236,82.2236,185.0,197.20871616989632,196.46017180624273,-48.188716169896324
82.2431,82.2431,198.0,197.20522093142952,196.45953075184067,-35.18522093142953
82.2625,82.2625,203.0,197.20179666475246,196.4589176877034,-30.18179666475247
82.282,82.282,167.0,197.19840915883697,196.45832629608168,-66.17840915883697
82.3015,82.3015,210.0,197.19507568502175,196.45775980329495,-23.175075685021753
82.3209,82.3209,201.0,197.19181051670986,196.45722092542545,-32.17181051670987
82.3404,82.3404,194.0,197.18858193281653,196.45670410908767,-39.16858193281654
82.3598,82.3598,185.0,197.1854232646643,196.45621465685758,-48.16542326466431
82.3793,82.3793,207.0,197.182299602023,196.45574752459623,-26.162299602022998
82.3987,82.3987,190.0,197.17924335422933,196.45530750500495,-43.15924335422933
82.4182,82.4182,191.0,197.17622438849315,196.4548900632629,-42.15622438849316
82.4377,82.4377,174.0,197.17325791389698,196.45449753270182,-59.15325791389698
82.4571,82.4571,202.0,197.17035652532297,196.454131736162,-31.150356525322977
82.4766,82.4766,193.0,197.16749167192984,196.45378890356167,-40.14749167192984
82.496,82.496,178.0,197.16469387520854,196.45347255199403,-55.144693875208546
82.5155,82.5155,185.0,197.1619313260756,196.45317942082062,-48.14193132607561
82.5349,82.5349,184.0,197.15923316775417,196.45291251707934,-49.13923316775417
82.5544,82.5544,199.0,197.1565735806956,196.45266908960375,-34.13657358069561
82.5739,82.5739,194.0,197.15396313887314,196.45245057834217,-39.13396313887314
82.5933,82.5933,177.0,197.15141564326862,196.45225791264699,-56.131415643268625
82.6128,82.6128,181.0,197.14890576736806,196.45208910624137,-52.12890576736807
82.6322,82.6322,196.0,197.1464586946289,196.45194589029106,-37.12645869462891
82.6517,82.6517,210.0,197.144048050715,196.451826788009,-23.124048050715018
82.6711,82.6711,203.0,197.14170011719781,196.45173302047527,-30.12170011719782
82.6906,82.6906,180.0,197.13938850536783,196.45166362037833,-53.11938850536784
82.7101,82.7101,199.0,197.13712613821693,196.45161913414984,-34.11712613821693
82.7295,82.7295,161.0,197.13492388444521,196.45159959767233,-72.11492388444522
82.749,82.749,186.0,197.13276090533046,196.45160480844766,-47.11276090533046
82.7684,82.7684,208.0,197.13065582354858,196.45163471179734,-25.110655823548583
82.7879,82.7879,206.0,197.1285888252975,196.4516896146081,-27.108588825297502
82.8073,82.8073,191.0,197.12658153725056,196.45176895223727,-42.10658153725056
82.8268,82.8268,199.0,197.1246112672146,196.45187354089833,-34.104611267214594
82.8463,82.8463,211.0,197.12268916389078,196.45200303363816,-22.102689163890787
82.8657,82.8657,208.0,197.12082572014916,196.45215657315356,-25.10082572014916
82.8852,82.8852,212.0,197.11899965829318,196.45233574016692,-21.09899965829318
82.9046,82.9046,202.0,197.1172300637328,196.45253869477133,-31.097230063732795
82.9241,82.9241,211.0,197.11549912504364,196.45276752681644,-22.095499125043645
82.9435,82.9435,178.0,197.11382543940402,196.4530198867053,-55.09382543940403
82.963,82.963,170.0,197.1121894129534,196.45329837331295,-63.0921894129534
82.9825,82.9825,182.0,197.11060076810304,196.45360174669992,-51.090600768103045
83.0019,83.0019,195.0,197.10906788538622,196.45392825692971,-38.08906788538623
83.0214,83.0214,211.0,197.1075733214311,196.45428126685078,-22.087573321431094
83.0408,83.0408,213.0,197.10613262074668,196.4546571524808,-20.08613262074668
83.0603,83.0603,217.0,197.1047325241906,196.4550597853835,-16.084732524190613
83.0797,83.0797,217.0,197.10338483851055,196.45548503231512,-16.083384838510554
83.0992,83.0992,196.0,197.10207670525085,196.4559372734088,-37.082076705250856
83.1187,83.1187,236.0,197.10081503565195,196.4564143764069,2.919184964348048
83.1381,83.1381,179.0,197.09960705818992,196.45691369956327,-54.07960705818992
83.1576,83.1576,228.0,197.09843794141688,196.45744038621623,-5.07843794141688
83.177,83.177,196.0,197.0973207061059,196.45798903000312,-37.07732070610591
83.1965,83.1965,211.0,197.09624435893915,196.4585652824102,-22.07624435893915
83.2159,83.2159,230.0,197.0952182135774,196.45916322839784,-3.0752182135774007
83.2354,83.2354,172.0,197.0942325265466,196.45978902740973,-61.074232526546595
83.2549,83.2549,217.0,197.09329330297115,196.4604396558103,-16.07329330297115
83.2743,83.2743,220.0,197.09240433785845,196.4611115811401,-13.072404337858458
83.2938,83.2938,207.0,197.09155561196536,196.46181172504544,-26.071555611965366
83.3132,83.3132,229.0,197.09075647593028,196.46253290102496,-4.070756475930281
83.3327,83.3327,196.0,197.08999923923963,196.46328253814883,-37.069999239239635
83.3521,83.3521,201.0,197.08928991561655,196.46405294198004,-32.06928991561655
83.3716,83.3716,221.0,197.08862217758124,196.46485204877695,-12.068622177581247
83.3911,83.3911,188.0,197.08800086477638,196.46567594474018,-45.06800086477638
83.4105,83.4105,205.0,197.08742604998096,196.46652020806928,-28.067426049980966
83.43,83.43,218.0,197.08689351146725,196.46739353598554,-15.066893511467256
83.4494,83.4494,206.0,197.08640892180742,196.46828696464235,-27.066408921807422
83.4689,83.4689,202.0,197.08596597670257,196.46920969780257,-31.06596597670257
83.4883,83.4883,207.0,197.08556945123385,196.4701522645836,-26.065569451233856
83.5078,83.5078,161.0,197.0852165736478,196.4711243750087,-72.06521657364782
83.5272,83.5272,204.0,197.08490875433637,196.47211605144534,-29.064908754336372
83.5467,83.5467,190.0,197.08464403661503,196.47313750988303,-43.064644036615036
83.5662,83.5662,194.0,197.08442371766088,196.4741836943489,-39.06442371766089
83.5856,83.5856,185.0,197.08424968157271,196.4752490421605,-48.06424968157272
83.6051,83.6051,200.0,197.08411809785622,196.47634452832588,-33.06411809785622
83.6245,83.6245,192.0,197.0840312488935,196.4774589090256,-41.0640312488935
83.644,83.644,192.0,197.08398892188043,196.4786036644404,-41.06398892188044
83.6634,83.6634,199.0,197.0839897472144,196.47976704510629,-34.06398974721439
83.6829,83.6829,192.0,197.08403493470178,196.4809610360368,-41.06403493470178
83.7024,83.7024,190.0,197.08412404549426,196.48217969491265,-43.06412404549427
83.7218,83.7218,189.0,197.08425739644093,196.4834165738937,-44.06425739644094
83.7413,83.7413,156.0,197.0844346992954,196.4846844152239,-77.0644346992954
83.7607,83.7607,210.0,197.08465470027156,196.48597020621813,-23.06465470027156
83.7802,83.7802,190.0,197.0849203858237,196.4872871930444,-43.0649203858237
83.7996,83.7996,198.0,197.08522747946103,196.48862185863945,-35.06522747946103
83.8191,83.8191,208.0,197.0855798873872,196.48998795270887,-25.065579887387216
83.8386,83.8386,213.0,197.08597741471257,196.49137864871878,-20.065977414712577
83.858,83.858,195.0,197.08641524270635,196.49278661596537,-38.066415242706356
83.8775,83.8775,204.0,197.08689930337565,196.4942263593529,-29.06689930337565
83.8969,83.8969,204.0,197.0874248021498,196.49568310196875,-29.0674248021498
83.9164,83.9164,213.0,197.08799614943166,196.4971718512299,-20.067996149431664
83.9358,83.9358,200.0,197.08860775436693,196.498677327275,-33.06860775436694
83.9553,83.9553,208.0,197.08926640464125,196.50021503960062,-25.069266404641255
83.9748,83.9748,209.0,197.08996928804328,196.50177727987423,-24.069969288043282
83.9942,83.9942,221.0,197.09071109725625,196.50335583710773,-12.07071109725625
84.0137,84.0137,201.0,197.091500234058,196.50496697371977,-32.07150023405801
84.0331,84.0331,202.0,197.09232973005595,196.50659415377953,-31.072329730055955
84.0526,84.0526,200.0,197.0932061060838,196.50825414064303,-33.073206106083816
84.072,84.072,187.0,197.0941210377449,196.50992989702414,-46.074121037744916
84.0915,84.0915,188.0,197.0950854785399,196.51163868673615,-45.07508547853989
84.111,84.111,216.0,197.0960926756783,196.51337192235036,-17.07609267567831
84.1304,84.1304,217.0,197.09713749339866,196.515120515462,-16.077137493398666
84.1499,84.1499,198.0,197.09823171528188,196.5169024802822,-35.07823171528189
84.1693,84.1693,191.0,197.09936428233686,196.5186995276477,-42.07936428233687
84.1888,84.1888,203.0,197.10054556341458,196.5205301709665,-30.08054556341459
84.2082,84.2082,197.0,197.1017645734582,196.52237562147897,-36.081764573458216
84.2277,84.2277,188.0,197.10303293461834,196.5242548912623,-45.083032934618345
84.2472,84.2472,184.0,197.10434500285226,196.52615851678325,-49.08434500285226
84.2666,84.2666,193.0,197.1056930713262,196.52807653537806,-40.08569307132619
84.2861,84.2861,202.0,197.10709310814158,196.5300287067484,-31.087093108141588
84.3055,84.3055,199.0,197.10852831203854,196.53199499486527,-34.08852831203855
84.325,84.325,188.0,197.11001474735272,196.53399565671978,-45.090014747352726
84.3444,84.3444,202.0,197.1115373704888,196.53601015861247,-31.09153737048881
84.3639,84.3639,201.0,197.11311119823654,196.53805925424876,-32.09311119823654
84.3834,84.3834,181.0,197.1147286099501,196.54013260727342,-52.09472860995011
84.4028,84.4028,183.0,197.11638176796575,196.5422193842147,-50.09638176796575
84.4223,84.4223,200.0,197.11808689640384,196.54434108337728,-33.09808689640384
84.4417,84.4417,209.0,197.11982662046537,196.54647592881886,-24.09982662046538
84.4612,84.4612,201.0,197.1216190301766,196.54864591405888,-32.10161903017659
84.4806,84.4806,205.0,197.1234469680637,196.5508287675783,-28.103446968063693
84.5001,84.5001,215.0,197.12532737341962,196.55304697748753,-18.105327373419627
84.5196,84.5196,190.0,197.1272520778419,196.555289338186,-43.10725207784189
84.539,84.539,190.0,197.12921100208484,196.55754414913903,-43.10921100208485
84.5585,84.5585,227.0,197.1312237589187,196.55983463977796,-6.111223758918712
84.5779,84.5779,213.0,197.13326991524912,196.56213730178985,-20.11326991524912
84.5974,84.5974,222.0,197.1353706054553,196.56447585757627,-11.115370605455311
84.6168,84.6168,200.0,197.1375054946053,196.56682630551083,-33.11750549460531
84.6363,84.6363,210.0,197.13969517201087,196.5692128602933,-23.11969517201088
84.6558,84.6558,193.0,197.14192933591266,196.57162345095026,-40.12192933591267
84.6752,84.6752,205.0,197.14419652082282,196.5740455139269,-28.12419652082282
84.6947,84.6947,209.0,197.14651947562913,196.57650400171016,-24.126519475629138
84.7141,84.7141,215.0,197.14887462493363,196.578973681754,-18.12887462493363
84.7336,84.7336,213.0,197.151287704224,196.5814799971008,-20.131287704223993
84.753,84.753,206.0,197.15373203904986,196.58399722432503,-27.13373203904986
84.7725,84.7725,201.0,197.15623401326076,196.58655129630316,-32.13623401326076
84.792,84.792,216.0,197.15878083607595,196.58912928085968,-17.138780836075952
84.8114,84.8114,205.0,197.16136001873656,196.5917177557625,-28.141360018736563
84.8309,84.8309,211.0,197.16399694306924,196.5943433878837,-22.14399694306924
84.8503,84.8503,189.0,197.16666576240965,196.59697922918184,-44.146665762409654
84.8698,84.8698,194.0,197.16939338247894,196.59965243449756,-39.14939338247895
84.8892,84.8892,170.0,197.17215199501004,196.6023355675163,-63.152151995010044
84.9087,84.9087,199.0,197.17497009321607,196.60505627027646,-34.15497009321608
84.9282,84.9282,180.0,197.17783461744443,196.6078007538722,-53.157834617444436
84.9476,84.9476,180.0,197.18072995558535,196.61055474203837,-53.16072995558535
84.9671,84.9671,197.0,197.18368580843847,196.61334660675868,-36.16368580843847
84.9865,84.9865,199.0,197.18667244748792,196.61614769383792,-34.166672447487926
85.006,85.006,200.0,197.1897203862537,196.61898686046803,-33.1697203862537
85.0254,85.0254,187.0,197.19279797840161,196.62183496696042,-46.17279797840162
85.0449,85.0449,178.0,197.19593872695515,196.6247213548949,-55.17593872695515
85.0644,85.0644,189.0,197.19912630123747,196.62763138340952,-44.179126301237474
85.0838,85.0838,171.0,197.20234330552617,196.63054992715547,-62.182343305526175
85.1033,85.1033,215.0,197.20562385187168,196.63350705334534,-18.185623851871682
85.1227,85.1227,174.0,197.20893440687985,196.63647241158134,-59.18893440687985
85.1422,85.1422,205.0,197.21230894373562,196.63947655134965,-28.192308943735625
85.1616,85.1616,176.0,197.2157124349911,196.64248863971352,-57.19571243499111
85.1811,85.1811,205.0,197.21918227011952,196.6455397075621,-28.199182270119522
85.2006,85.2006,190.0,197.2226991667604,196.64861426715754,-43.20269916676041
85.22,85.22,216.0,197.22624531323098,196.6516963493227,-17.20624531323098
85.2395,85.2395,192.0,197.22985747901112,196.65481770600383,-41.20985747901112
85.2589,85.2589,208.0,197.23349976085214,196.65794630116534,-25.213499760852145
85.2784,85.2784,185.0,197.23720841118086,196.66111436591598,-48.21720841118086
85.2978,85.2978,208.0,197.24094656136447,196.66428938481212,-25.22094656136447
85.3173,85.3173,183.0,197.2447525479355,196.6675040672041,-50.224752547935495
85.3368,85.3368,174.0,197.2486075220289,196.67074208386592,-59.228607522028895
85.3562,85.3562,188.0,197.25249078423226,196.67398662735724,-45.23249078423227
85.3757,85.3757,175.0,197.25644427184992,196.67727112324434,-58.23644427184992
85.3951,85.3951,205.0,197.26042673310542,196.68056186103723,-28.240426733105423
85.4146,85.4146,194.0,197.2644791891395,196.6838927421766,-39.24447918913951
85.434,85.434,222.0,197.26856064945042,196.68722958007268,-11.248560649450425
85.4535,85.4535,206.0,197.27271323830306,196.69060675106869,-27.25271323830306
85.473,85.473,166.0,197.27691610037448,196.69400709014838,-67.25691610037448
85.4924,85.4924,198.0,197.2811474414313,196.69741295748426,-35.261147441431305
85.5119,85.5119,196.0,197.28545266399504,196.70085944052687,-37.26545266399505
85.5313,85.5313,209.0,197.28978594450942,196.7043111661384,-24.269785944509422
85.5508,85.5508,208.0,197.29419317250046,196.70780369417685,-25.27419317250046
85.5702,85.5702,216.0,197.2986291807019,196.71130117889183,-17.278629180701913
85.5897,85.5897,197.0,197.30313975252193,196.71483965152564,-36.28313975252193
85.6092,85.6092,202.0,197.30770297893167,196.71840111728204,-31.287702978931677
85.6286,85.6286,185.0,197.3122950169381,196.72196711013683,-48.2922950169381
85.6481,85.6481,196.0,197.316963575785,196.72557436706123,-37.296963575785
85.6675,85.6675,191.0,197.32166087139143,196.72918586470425,-42.301660871391434
85.687,85.687,198.0,197.32643547957974,196.73283880879802,-35.30643547957975
85.7064,85.7064,206.0,197.3312400807191,196.73649570704612,-27.311240080719116
85.7259,85.7259,180.0,197.33612270400894,196.74019423286646,-53.31612270400895
85.7454,85.7454,185.0,197.34106026723322,196.74391556800808,-48.32106026723322
85.7648,85.7648,158.0,197.34602688016307,196.74764042675577,-75.32602688016307
85.7843,85.7843,191.0,197.35107386581242,196.75140718260684,-42.33107386581243
85.8037,85.8037,184.0,197.35614987440795,196.755177175064,-49.33614987440795
85.8232,85.8232,208.0,197.36130874290916,196.7589892425569,-25.341308742909163
85.8426,85.8426,174.0,197.36649703322098,196.76280425949207,-59.346497033220984
85.8621,85.8621,197.0,197.37176847576916,196.76666152810455,-36.35176847576916
85.8816,85.8816,196.0,197.37709625012647,196.77054141333088,-37.357096250126475
85.901,85.901,189.0,197.3824552591235,196.77442381658994,-44.36245525912351
85.9205,85.9205,209.0,197.3878986775193,196.77834873427275,-24.367898677519307
85.9399,85.9399,194.0,197.39337180474593,196.78227588244064,-39.37337180474593
85.9594,85.9594,203.0,197.39893297198088,196.78624571840612,-30.378932971980888
85.9788,85.9788,184.0,197.40452368137915,196.79021749716597,-49.38452368137915
85.9983,85.9983,185.0,197.41020299410434,196.79423213577488,-48.39020299410434
86.0178,86.0178,187.0,197.41594202994975,196.7982691893186,-46.39594202994975
86.0372,86.0372,194.0,197.4217120531423,196.80230775349557,-39.401712053142305
86.0567,86.0567,215.0,197.42757302147407,196.80638943331758,-18.40757302147408
86.0761,86.0761,188.0,197.43346481788117,196.8104723357509,-45.41346481788118
86.0956,86.0956,203.0,197.43944915189977,196.8145985225337,-30.41944915189977
86.115,86.115,215.0,197.44546490235058,196.8187256437838,-18.425464902350583
86.1345,86.1345,168.0,197.45157439129235,196.82289621673397,-65.43157439129236
86.154,86.154,205.0,197.45774805936284,196.82708899390258,-28.437748059362846
86.1734,86.1734,193.0,197.46395380686602,196.83128227273664,-40.44395380686602
86.1929,86.1929,204.0,197.47025636967595,196.8355192519493,-29.450256369675955
86.2123,86.2123,186.0,197.4765913462551,196.839756444405,-47.45659134625511
86.2318,86.2318,205.0,197.48302521600044,196.84403750116314,-28.463025216000446
86.2512,86.2512,205.0,197.48949095925795,196.84831848264133,-28.469490959257953
86.2707,86.2707,205.0,197.496059023466,196.85264349095976,-28.476059023465993
86.2901,86.2901,211.0,197.5026602003151,196.8569681353807,-22.482660200315095
86.3096,86.3096,180.0,197.50936407821138,196.86133696778464,-53.48936407821138
86.3291,86.3291,201.0,197.51613619555263,196.86572772012528,-32.49613619555264
86.3485,86.3485,195.0,197.52294493475245,196.87011767510697,-38.50294493475245
86.368,86.368,179.0,197.52985814179567,196.87455205735344,-54.509858141795675
86.3874,86.3874,212.0,197.53680635088426,196.87898535341375,-21.516806350884266
86.4069,86.4069,190.0,197.543863881425,196.88346323435175,-43.523863881425015
86.4263,86.4263,195.0,197.55095697356734,196.8879397402034,-38.53095697356734
86.4458,86.4458,179.0,197.55816049905627,196.89246098711843,-54.538160499056275
86.4653,86.4653,195.0,197.56543783614094,196.89700392235213,-38.54543783614095
86.4847,86.4847,206.0,197.57275381131223,196.90154504865407,-27.55275381131223
86.5042,86.5042,195.0,197.58018274142984,196.90613114779873,-38.56018274142984
86.5236,86.5236,183.0,197.587650175454,196.91071514895575,-50.567650175454006
86.5431,86.5431,198.0,197.5952344019267,196.91534427553066,-35.57523440192669
86.5625,86.5625,187.0,197.60285801337363,196.9199710150107,-46.58285801337364
86.582,86.582,169.0,197.61059941127803,196.92464303102423,-64.59059941127803
86.6015,86.6015,186.0,197.6184234623564,196.92933649448565,-47.59842346235639
86.6209,86.6209,199.0,197.6262880386113,196.93402713673694,-34.60628803861131
86.6404,86.6404,178.0,197.63427597539618,196.93876327962843,-55.61427597539618
86.6598,86.6598,207.0,197.64230564507545,196.9434963121014,-26.622305645075457
86.6793,86.6793,184.0,197.6504614463681,196.94827499263837,-49.6304614463681
86.6987,86.6987,177.0,197.6586603193399,196.95305027351907,-56.638660319339905
86.7182,86.7182,190.0,197.66698955125008,196.9578713483955,-43.64698955125009
86.7377,86.7377,210.0,197.67540751231198,196.96271362053065,-23.65540751231198
86.7571,86.7571,187.0,197.68387046035528,196.96755205873953,-46.663870460355284
86.7766,86.7766,184.0,197.69246623555495,196.97243650720694,-49.67246623555495
86.796,86.796,195.0,197.70111153943745,196.97731683246408,-38.68111153943745
86.8155,86.8155,234.0,197.70989297037877,196.98224331013802,0.3101070296212214
86.8349,86.8349,195.0,197.7187225979051,196.98716537531044,-38.6987225979051
86.8544,86.8544,179.0,197.7276949411592,196.99213373353285,-54.707694941159204
86.8739,86.8739,192.0,197.73676418197348,196.9971230294411,-41.71676418197349
86.8933,86.8933,208.0,197.74588466795325,197.00210747853905,-25.725884667953252
86.9128,86.9128,187.0,197.7551508340797,197.00713842893393,-46.735150834079704
86.9322,86.9322,199.0,197.76447144114493,197.01216424323644,-34.74447144114494
86.9517,86.9517,194.0,197.77394327258105,197.01723669561375,-39.753943272581054
86.9711,86.9711,217.0,197.78346939444435,197.0223037226317,-16.763469394444357
86.9906,86.9906,214.0,197.7931517270428,197.0274175229441,-19.773151727042816
87.0101,87.0101,232.0,197.80294123706543,197.03255199191975,-1.7829412370654296
87.0295,87.0295,214.0,197.81278892351625,197.03768060130562,-19.792788923516255
87.049,87.049,208.0,197.8228000009801,197.04285618404373,-25.8028000009801
87.0684,87.0684,174.0,197.8328716851938,197.0480256179903,-59.8128716851938
87.0879,87.0879,200.0,197.8431103333124,197.05324215657066,-33.823110333312414
87.1073,87.1073,203.0,197.8534115150999,197.05845225719503,-30.83341151509991
87.1268,87.1268,205.0,197.86388549434554,197.06370959214385,-28.843885494345542
87.1463,87.1463,193.0,197.8744796156429,197.06898731721824,-40.854479615642916
87.1657,87.1657,210.0,197.88514092801148,197.07425817030264,-23.865140928011485
87.1852,87.1852,178.0,197.89598364823723,197.0795764494058,-55.87598364823724
87.2046,87.2046,195.0,197.90689674408523,197.0848875674763,-38.886896744085234
87.2241,87.2241,189.0,197.91799330505643,197.09024623723474,-44.89799330505643
87.2435,87.2435,203.0,197.9291670923807,197.09559745697788,-30.909167092380713
87.263,87.263,201.0,197.940530500678,197.10099635245376,-32.920530500678
87.2825,87.2825,190.0,197.95203157853226,197.10641534993695,-43.93203157853226
87.3019,87.3019,206.0,197.96361053877146,197.1118264636863,-27.943610538771466
87.3214,87.3214,210.0,197.97539197351222,197.11728543632418,-23.95539197351222
87.3408,87.3408,221.0,197.98725629455845,197.1227362364243,-12.967256294558453
87.3603,87.3603,194.0,197.9993266827281,197.12823501535283,-39.979326682728114
87.3797,87.3797,192.0,198.0114859752785,197.13372533302237,-41.99148597527851
87.3992,87.3992,188.0,198.02386093091798,197.13926374780235,-46.00386093091798
87.4187,87.4187,192.0,198.03638927544978,197.14482196682494,-42.01638927544978
87.4381,87.4381,207.0,198.0490151372118,197.15037129130562,-27.0290151372118
87.4576,87.4576,202.0,198.06186576279168,197.15596888733782,-32.04186576279169
87.477,87.477,217.0,198.0748140728974,197.16155730034293,-17.0548140728974
87.4965,87.4965,201.0,198.08799981089834,197.16719409899247,-33.06799981089834
87.5159,87.5159,177.0,198.1012886970996,197.1728214262357,-57.081288697099595
87.5354,87.5354,224.0,198.1148221119882,197.1784972515247,-10.094822111988194
87.5549,87.5549,182.0,198.12853217845682,197.18419257357985,-52.10853217845683
87.5743,87.5743,210.0,198.1423586201547,197.18987799150247,-24.122358620154714
87.5938,87.5938,207.0,198.15644114025852,197.19561207301996,-27.136441140258526
87.6132,87.6132,204.0,198.17064069365236,197.20133596231955,-30.150640693652363
87.6327,87.6327,208.0,198.18511126587657,197.20710862334178,-26.165111265876575
87.6521,87.6521,202.0,198.1997060107349,197.2128708041899,-32.179706010734904
87.6716,87.6716,223.0,198.2145770856563,197.21868186316283,-11.194577085656292
87.6911,87.6911,195.0,198.22966148080866,197.22451210164783,-39.20966148080866
87.7105,87.7105,206.0,198.24488047815038,197.23033142791132,-28.224880478150382
87.73,87.73,166.0,198.2603969379361,197.2361997887786,-68.2403969379361
87.7494,87.7494,196.0,198.27605429414194,197.24205694982038,-38.25605429414195
87.7689,87.7689,198.0,198.29202356964575,197.24796324750943,-36.272023569645754
87.7883,87.7883,199.0,198.30814402362395,197.2538580579216,-35.28814402362396
87.8078,87.8078,199.0,198.3245843770764,197.25980210526504,-35.30458437707641
87.8273,87.8273,203.0,198.3412750466714,197.26576500502335,-31.321275046671403
87.8467,87.8467,189.0,198.35813050923596,197.27171598625938,-45.33813050923597
87.8662,87.8662,169.0,198.37532727074898,197.27771635165615,-65.35532727074899
87.8856,87.8856,213.0,198.39270505526562,197.28370451149019,-21.372705055265627
87.9051,87.9051,202.0,198.4104405846235,197.28974215132467,-32.390440584623505
87.9245,87.9245,193.0,198.4283608943322,197.29576729873233,-41.408360894332205
87.944,87.944,226.0,198.4466618248302,197.30184202018626,-8.426661824830191
87.9635,87.9635,186.0,198.46525661364745,197.30793525704937,-48.44525661364746
87.9829,87.9829,205.0,198.48405486110224,197.31401557116627,-29.46405486110224
88.0024,88.0024,196.0,198.5032539881509,197.32014559712925,-38.483253988150906
88.0218,88.0218,196.0,198.52267678443948,197.32626241395224,-38.50267678443949
88.0413,88.0413,175.0,198.54252134700351,197.33242903213701,-59.52252134700352
88.0607,88.0607,219.0,198.56259529538232,197.33858215498785,-15.542595295382327
88.0802,88.0802,167.0,198.5831194358053,197.34478516688785,-67.56311943580529
88.0997,88.0997,205.0,198.60399586778112,197.35100634721698,-29.583995867781127
88.1191,88.1191,210.0,198.62512445222615,197.35721360294392,-24.60512445222615
88.1386,88.1386,209.0,198.6467394990687,197.363470875909,-25.626739499068705
88.158,88.158,188.0,198.6686252769874,197.3697139386083,-46.6486252769874
88.1775,88.1775,189.0,198.69101922626186,197.3760071016163,-45.67101922626186
88.1969,88.1969,201.0,198.71369910582024,197.38228576891873,-33.693699105820244
88.2164,88.2164,227.0,198.73691867669163,197.38861461773746,-7.716918676691634
88.2359,88.2359,219.0,198.76056794634408,197.39496127796536,-15.740567946344086
88.2553,88.2553,212.0,198.78453602052727,197.40129301439686,-22.764536020527274
88.2748,88.2748,233.0,198.80908951514854,197.40767505074052,-1.7890895151485466
88.2942,88.2942,212.0,198.83398606003198,197.41404187843847,-22.81398606003198
88.3137,88.3137,209.0,198.85949029474025,197.4204590825525,-25.83949029474026
88.3331,88.3331,191.0,198.88537251791178,197.4268607934197,-43.86537251791178
88.3526,88.3526,210.0,198.9119000497563,197.43331295530893,-24.891900049756302
88.3721,88.3721,175.0,198.9389655652576,197.43978256148193,-59.91896556525761
88.3915,88.3915,197.0,198.96643533163538,197.44623624762175,-37.946435331635385
88.411,88.411,213.0,198.9946207754975,197.4527404932031,-21.974620775497513
88.4304,88.4304,216.0,199.02324607916324,197.4592285348013,-19.003246079163247
88.4499,88.4499,202.0,199.0526177533017,197.46576720565588,-33.03261775330169
88.4693,88.4693,219.0,199.0824745540779,197.47228938884993,-16.062474554077895
88.4888,88.4888,197.0,199.11312788651463,197.47886226918232,-38.09312788651464
88.5083,88.5083,191.0,199.14445697831687,197.48545221650198,-44.12445697831687
88.5277,88.5277,191.0,199.1763096255965,197.49202525080742,-44.156309625596506
88.5472,88.5472,184.0,199.20904768053285,197.49864908051003,-51.18904768053285
88.5666,88.5666,220.0,199.2423539246934,197.50525571423324,-15.222353924693394
88.5861,88.5861,192.0,199.27660934852938,197.51191320635664,-43.25660934852938
88.6055,88.6055,213.0,199.31148208353187,197.5185532198327,-22.291482083531875
88.625,88.625,176.0,199.34736174707322,197.52524415274368,-59.327361747073226
88.6445,88.6445,190.0,199.38408933115122,197.5319517651088,-45.36408933115122
88.6639,88.6639,179.0,199.42152805480853,197.53864147503475,-56.40152805480854
88.6834,88.6834,185.0,199.46007417213298,197.54538219230844,-50.44007417213298
88.7028,88.7028,179.0,199.49937067731932,197.5521047252491,-56.479370677319324
88.7223,88.7223,190.0,199.5398718769813,197.55887832160482,-45.5198718769813
88.7417,88.7417,167.0,199.58119222035182,197.5656334520556,-68.56119222035183
88.7612,88.7612,213.0,199.62378457105885,197.57243969998507,-22.603784571058853
88.7807,88.7807,221.0,199.66750835626388,197.57926222953336,-14.647508356263884
88.8001,88.8001,206.0,199.71216200500498,197.58606587107673,-29.692162005004988
88.8196,88.8196,207.0,199.7582521141593,197.59292070747946,-28.738252114159295
88.839,88.839,192.0,199.80534513779162,197.59975637514162,-43.78534513779162
88.8585,88.8585,224.0,199.85399878776354,197.6066432866706,-11.833998787763548
88.8779,88.8779,202.0,199.9037581744509,197.61351074907014,-33.883758174450904
88.8974,88.8974,220.0,199.95517677597337,197.62042950230452,-15.935176775973375
88.9169,88.9169,203.0,200.00809640135117,197.62736412895444,-32.98809640135117
88.9363,88.9363,221.0,200.06228109217892,197.63427888619816,-15.042281092178925
88.9558,88.9558,198.0,200.11835733586153,197.64124500093794,-38.098357335861536
88.9752,88.9752,194.0,200.17580681264494,197.64819096678158,-42.15580681264494
88.9947,88.9947,200.0,200.23531777950944,197.65518833194372,-36.21531777950945
89.0141,89.0141,184.0,200.2963433692182,197.66216526909184,-52.276343369218196
89.0336,89.0336,202.0,200.35962006676837,197.66919364530574,-34.339620066768376
89.0531,89.0531,196.0,200.4249125028946,197.67623747629852,-40.40491250289462
89.0725,89.0725,188.0,200.49196493792115,197.68326046095578,-48.47196493792116
89.092,89.092,192.0,200.5615437618342,197.69033494043228,-44.541543761834205
89.1114,89.1114,209.0,200.63309643521768,197.69738829541745,-27.613096435217685
89.1309,89.1309,217.0,200.7074255444936,197.7044931797337,-19.687425544493593
89.1503,89.1503,201.0,200.7838919271122,197.7115766618001,-35.7638919271122
89.1698,89.1698,194.0,200.86343978457018,197.71871170559822,-42.84343978457018
89.1892,89.1892,201.0,200.94536985123685,197.7258250697926,-35.92536985123685
89.2087,89.2087,213.0,201.03063850434597,197.73299002599802,-24.010638504345977
89.2282,89.2282,223.0,201.11904432507777,197.7401698833446,-14.09904432507777
89.2476,89.2476,220.0,201.21024367046925,197.74732764547562,-17.190243670469258
89.2671,89.2671,219.0,201.30534853350557,197.75453704106965,-18.28534853350557
89.2865,89.2865,198.0,201.403543387569,197.76172406513814,-39.38354338756899
89.306,89.306,190.0,201.50608668518004,197.76896274759716,-47.48608668518004
89.3254,89.3254,227.0,201.6121151652804,197.77617878265085,-10.59211516528039
89.3449,89.3449,199.0,201.72290299138626,197.78344649886498,-38.70290299138627
89.3644,89.3644,209.0,201.83824036993047,197.79072867349052,-28.81824036993048
89.3838,89.3838,198.0,201.95772081552553,197.79798778736014,-39.93772081552554
89.4033,89.4033,200.0,202.08285149774701,197.80529861250025,-38.06285149774702
89.4227,89.4227,179.0,202.21261353953764,197.81258610211285,-59.192613539537646
89.4422,89.4422,216.0,202.3487191880747,197.8199253203232,-22.328719188074714
89.4616,89.4616,195.0,202.49007116804094,197.82724092869034,-43.470071168040946
89.4811,89.4811,217.0,202.63856129287507,197.8346082807883,-21.61856129287507
89.5006,89.5006,207.0,202.79384180496763,197.841989637919,-31.77384180496763
89.52,89.52,208.0,202.9554985921038,197.84934697425263,-30.935498592103798
89.5395,89.5395,206.0,203.12559265317654,197.8567560728936,-33.105592653176544
89.5589,89.5589,204.0,203.30303501249537,197.86414087759482,-35.283035012495375
89.5784,89.5784,218.0,203.49007913755662,197.8715774542025,-21.470079137556624
89.5978,89.5978,213.0,203.68539596380617,197.87898946420952,-26.665395963806176
89.6173,89.6173,227.0,203.89173371632754,197.88645325349125,-12.87173371632754
89.6368,89.6368,244.0,204.1087578604234,197.8939305837123,3.9112421395766006
89.6562,89.6562,222.0,204.3359454041941,197.9013829389122,-18.315945404194096
89.6757,89.6757,224.0,204.57663526427623,197.90888708023712,-16.556635264276238
89.6951,89.6951,206.0,204.829181590076,197.9163659751182,-34.809181590075994
89.7146,89.7146,226.0,205.0971614817938,197.92389665786658,-15.077161481793794
89.734,89.734,227.0,205.37882336271647,197.93140182325646,-14.358823362716478
89.7535,89.7535,200.0,205.67841303991807,197.93895877598837,-41.658413039918074
89.773,89.773,216.0,205.99571570537455,197.9465287947861,-25.975715705374554
89.7924,89.7924,209.0,206.33033878491005,197.95407289047554,-33.31033878491006
89.8119,89.8119,223.0,206.68746589391702,197.9616687684376,-19.667465893917026
89.8313,89.8313,248.0,207.06506861505616,197.96923845368048,4.9549313849438335
89.8508,89.8508,217.0,207.4689195328809,197.97685991495234,-26.448919532880907
89.8702,89.8702,243.0,207.89685172526626,197.98445491442862,-0.8768517252662633
89.8897,89.8897,212.0,208.35581053074262,197.99210168138558,-32.33581053074262
89.9092,89.9092,230.0,208.84620640246197,197.99976102868914,-14.826206402461978
89.9286,89.9286,212.0,209.36793044367496,198.0073935112566,-33.34793044367497
89.9481,89.9481,232.0,209.92984580176363,198.01507774412093,-13.909845801763637
89.9675,89.9675,216.0,210.52956761908698,198.02273484454267,-30.50956761908698
89.987,89.987,256.0,211.1768762584334,198.03044368090184,8.8431237415666
90.0064,90.0064,219.0,211.8701072606729,198.03812511767285,-28.850107260672914
90.0259,90.0259,210.0,212.62078226110367,198.04585827367998,-38.600782261103674
90.0454,90.0454,216.0,213.43108693363445,198.05360351340317,-33.41108693363445
90.0648,90.0648,256.0,214.3020684681793,198.06132095354653,5.717931531820696
90.0843,90.0843,237.0,215.24992721597704,198.06909008343212,-14.229927215977042
90.1037,90.1037,233.0,216.27168650676757,198.07683114802893,-19.25168650676757
90.1232,90.1232,236.0,217.3869093630244,198.0846238797622,-17.36690936302439
90.1426,90.1426,225.0,218.59293626369237,198.09238828108545,-29.57293626369237
90.1621,90.1621,214.0,219.91216825597587,198.10020432456002,-41.892168255975875
90.1816,90.1816,215.0,221.34919283356624,198.1080319441431,-42.32919283356624
90.201,90.201,226.0,222.9092156913653,198.11583083641378,-32.889215691365294
90.2205,90.2205,227.0,224.620370599397,198.12368132883523,-33.60037059939701
90.2399,90.2399,247.0,226.47886306213496,198.13150283032678,-15.458863062134967
90.2594,90.2594,238.0,228.51979472467212,198.1393759009857,-26.499794724672128
90.2788,90.2788,239.0,230.73706059630953,198.14721971771186,-27.717060596309537
90.2983,90.2983,256.0,233.1686423756928,198.15511507020506,-13.148642375692802
90.3178,90.3178,255.0,235.8172698475733,198.16302148015657,-16.797269847573304
90.3372,90.3372,290.0,238.68298522472023,198.17089824250382,15.33701477527977
90.3567,90.3567,251.0,241.8034883076578,198.17882648591328,-26.783488307657805
90.3761,90.3761,243.0,245.15005091451457,198.18672482028677,-38.13005091451457
90.3956,90.3956,251.0,248.7555731265133,198.19467459622962,-33.7355731265133
90.415,90.415,252.0,252.56731388100775,198.20259420234657,-36.54731388100775
90.4345,90.4345,254.0,256.5921944116695,198.21056520808537,-38.572194411669486
90.454,90.454,263.0,260.7654909419915,198.2185467415242,-33.74549094199152
90.4734,90.4734,256.0,264.9919714737167,198.22649771483918,-44.97197147371672
90.4929,90.4929,266.0,269.21897154513687,198.23450002016807,-39.19897154513687
90.5123,90.5123,269.0,273.2841637519368,198.24247150622247,-40.26416375193678
90.5318,90.5318,266.0,277.0953161774206,198.2504942761559,-47.07531617742062
90.5512,90.5512,276.0,280.46826168585426,198.25848596833336,-40.44826168585426
90.5707,90.5707,279.0,283.30498533076434,198.26652889376223,-40.28498533076434
90.5902,90.5902,270.0,285.4757827142978,198.2745818059593,-51.4557827142978
90.6096,90.6096,236.0,286.90815655523943,198.28260325361924,-86.88815655523943
90.6291,90.6291,289.0,287.6059938761794,198.29067585382012,-34.585993876179415
90.6485,90.6485,268.0,287.6046498328318,198.2987167327105,-55.5846498328318
90.668,90.668,255.0,286.99540522476656,198.30680870723145,-67.97540522476656
90.6874,90.6874,260.0,285.9107056873849,198.31486870436487,-61.89070568738491
90.7069,90.7069,252.0,284.47266749295255,198.32297973768786,-68.45266749295256
90.7264,90.7264,306.0,282.81697248290277,198.33110020560764,-12.796972482902774
90.7458,90.7458,257.0,281.0589913277762,198.3391883130204,-60.0389913277762
90.7653,90.7653,290.0,279.25883366707546,198.34732736260887,-25.23883366707547
90.7847,90.7847,244.0,277.4663191372608,198.35543379739022,-69.44631913726083
90.8042,90.8042,285.0,275.668875343723,198.36359110852788,-26.64887534372302
90.8236,90.8236,258.0,273.8577352145155,198.37171555128262,-51.83773521451552
90.8431,90.8431,267.0,271.96389546535175,198.379890802005,-40.94389546535176
90.8626,90.8626,276.0,269.9423592118184,198.38807492384797,-29.92235921181843
90.882,90.882,292.0,267.7565317775764,198.39622579799564,-11.736531777576417
90.9015,90.9015,273.0,265.3475643025364,198.40442737259212,-28.327564302536402
90.9209,90.9209,258.0,262.7313335658008,198.4125954477639,-40.711333565800814
90.9404,90.9404,233.0,259.89685807866977,198.42081414852137,-62.87685807866977
90.9598,90.9598,239.0,256.9116568082316,198.42899909887683,-53.891656808231616
90.9793,90.9793,264.0,253.7979027542061,198.43723459734713,-25.777902754206096
90.9988,90.9988,262.0,250.63359468693716,198.4454783920912,-24.613594686937162
91.0182,91.0182,238.0,247.49416017964404,198.45368806107453,-45.474160179644045
91.0377,91.0377,231.0,244.40100318991415,198.4619481569462,-49.38100318991415
91.0571,91.0571,243.0,241.42987452300937,198.47017387799636,-34.40987452300938
91.0766,91.0766,254.0,238.5815376269648,198.47844994189256,-20.561537626964807
91.096,91.096,260.0,235.90522262354722,198.48669138268676,-11.885222623547222
91.1155,91.1155,249.0,233.38690485303746,198.49498307963827,-20.366904853037468
91.135,91.135,218.0,231.04280608057866,198.50328248658064,-49.02280608057866
91.1544,91.1544,255.0,228.882812318868,198.51154689916362,-9.862812318867995
91.1739,91.1739,235.0,226.87864936779488,198.51986143276596,-27.858649367794882
91.1933,91.1933,253.0,225.04305191284672,198.52814072571525,-8.023051912846725
91.2128,91.2128,225.0,223.34676270150632,198.5364700463268,-34.326762701506325
91.2322,91.2322,263.0,221.79672900179702,198.5447638808,5.2232709982029775
91.2517,91.2517,241.0,220.3659102058482,198.55310764689295,-15.345910205848199
91.2712,91.2712,232.0,219.0526211884811,198.56145852519217,-23.032621188481116
91.2906,91.2906,237.0,217.85206997148248,198.56977355034553,-16.832069971482483
91.3101,91.3101,214.0,216.7433011106288,198.57813835786462,-38.72330111062881
91.3295,91.3295,212.0,215.72820563144012,198.5864670688105,-39.70820563144012
91.349,91.349,225.0,214.7884715528445,198.5948454593135,-25.768471552844503
91.3684,91.3684,233.0,213.92664842689177,198.6031875106529,-16.906648426891778
91.3879,91.3879,205.0,213.12682629946306,198.6115791360161,-44.106826299463066
91.4074,91.4074,211.0,212.38784473191635,198.61997726423363,-37.36784473191635
91.4268,91.4268,219.0,211.70718988873426,198.62833869067956,-28.687189888734267
91.4463,91.4463,240.0,211.0733952911686,198.63674952757353,-7.053395291168599
91.4657,91.4657,237.0,210.4881126238721,198.6451234222347,-9.468112623872102
91.4852,91.4852,223.0,209.9413775794251,198.65354661494652,-22.921377579425112
91.5046,91.5046,191.0,209.4353347662507,198.66193262583005,-54.415334766250695
91.5241,91.5241,240.0,208.96142786664186,198.67036781960283,-4.94142786664186
91.5436,91.5436,214.0,208.51928669418388,198.6788088952451,-30.49928669418388
91.563,91.563,231.0,208.10846547244032,198.6872124310012,-13.088465472440319
91.5825,91.5825,200.0,207.7221964730909,198.6956649715422,-43.70219647309089
91.6019,91.6019,230.0,207.3623992881328,198.70407973480263,-13.342399288132796
91.6214,91.6214,247.0,207.0233324937508,198.7125433807239,3.99666750624921
91.6408,91.6408,191.0,206.70680077561352,198.7209690128647,-51.68680077561352
91.6603,91.6603,206.0,206.4079032545065,198.7294434027387,-36.3879032545065
91.6798,91.6798,187.0,206.1267698392882,198.73792304179884,-55.10676983928819
91.6992,91.6992,213.0,205.86349862740232,198.74636431372227,-28.843498627402326
91.7187,91.7187,207.0,205.61414827188244,198.75485415053842,-34.594148271882446
91.7381,91.7381,227.0,205.38007633457275,198.76330538599152,-14.360076334572753
91.7576,91.7576,215.0,205.15804812088234,198.77180505434782,-26.138048120882345
91.777,91.777,203.0,204.94930333620903,198.78026588803823,-37.92930333620903
91.7965,91.7965,220.0,204.75086105067183,198.7887750197992,-20.730861050671834
91.816,91.816,224.0,204.5630828889279,198.7972887562989,-16.543082888927913
91.8354,91.8354,207.0,204.3861716593299,198.8057633096308,-33.36617165932991
91.8549,91.8549,199.0,204.21764603405805,198.81428595324778,-41.19764603405805
91.8743,91.8743,193.0,204.05856148229654,198.8227691827406,-47.038561482296544
91.8938,91.8938,214.0,203.9068521029839,198.83130036052435,-25.886852102983894
91.9132,91.9132,204.0,203.7634889250711,198.83979189418025,-35.743488925071105
91.9327,91.9327,205.0,203.6265256357968,198.84833123125,-34.606525635796814
91.9521,91.9521,216.0,203.49697485016213,198.85683069514923,-23.476974850162136
91.9716,91.9716,216.0,203.373096859248,198.86537781469076,-23.353096859247998
91.9911,91.9911,227.0,203.25515376921243,198.87392869307394,-12.235153769212431
92.0105,92.0105,209.0,203.14340959542136,198.8824393562512,-30.123409595421364
92.03,92.03,201.0,203.03636215567403,198.89099744776368,-38.01636215567403
92.0494,92.0494,201.0,202.93484455746037,198.8995150974685,-37.91484455746037
92.0689,92.0689,195.0,202.83750075292602,198.90808002044662,-43.81750075292602
92.0883,92.0883,199.0,202.7451015895808,198.91660427600596,-39.7251015895808
92.1078,92.1078,207.0,202.65645395448263,198.9251756468422,-31.636453954482633
92.1273,92.1273,206.0,202.5717801042904,198.9337501049382,-32.551780104290415
92.1467,92.1467,219.0,202.49131143949384,198.94228355878698,-19.471311439493846
92.1662,92.1662,217.0,202.41402440059272,198.95086388517973,-21.394024400592727
92.1856,92.1856,204.0,202.340483940762,198.9594029842288,-34.320483940762
92.2051,92.2051,231.0,202.26982246261522,198.96798879043467,-7.249822462615228
92.2245,92.2245,206.0,202.2025675427458,198.97653314722058,-32.182567542745815
92.244,92.244,211.0,202.1378716165775,198.98512404280112,-27.117871616577517
92.2635,92.2635,206.0,202.0759579707197,198.99371734207983,-32.05595797071972
92.2829,92.2829,202.0,202.01699805305878,199.0022688604732,-35.99699805305879
92.3024,92.3024,215.0,201.96026087727947,199.0108666592903,-22.94026087727947
92.3218,92.3218,197.0,201.90617549049884,199.019422457735,-40.88617549049884
92.3413,92.3413,219.0,201.85412182650907,199.02802436074927,-18.834121826509076
92.3607,92.3607,186.0,201.8045028156055,199.0365840449543,-51.78450281560551
92.3802,92.3802,211.0,201.75670404533213,199.0451896548592,-26.736704045332132
92.3997,92.3997,204.0,201.71091665790922,199.05379697285562,-33.69091665790923
92.4191,92.4191,221.0,201.66725438175587,199.06236174609708,-16.64725438175587
92.4386,92.4386,190.0,201.62518174025354,199.07097217081676,-47.60518174025354
92.458,92.458,214.0,201.58506487860507,199.0795398350086,-23.56506487860507
92.4775,92.4775,216.0,201.54640696814798,199.0881529642155,-21.52640696814798
92.4969,92.4969,194.0,201.50954768836826,199.09672311820196,-43.48954768836826
92.5164,92.5164,225.0,201.47402511144833,199.10533854768397,-12.454025111448331
92.5359,92.5359,222.0,201.43998845135673,199.11395497753998,-15.41998845135673
92.5553,92.5553,201.0,201.40752921328772,199.12252811190763,-36.38752921328772
92.5748,92.5748,194.0,201.37625203524115,199.1311462314841,-43.356252035241155
92.5942,92.5942,225.0,201.3464352113494,199.1397208436192,-12.326435211349391
92.6137,92.6137,197.0,201.31772491106094,199.14834024374795,-40.29772491106094
92.6331,92.6331,198.0,201.29034478212125,199.15691592559256,-39.270344782121256
92.6526,92.6526,243.0,201.2639956626419,199.16553619511868,5.756004337358107
92.6721,92.6721,207.0,201.23875714583798,199.17415674512478,-30.218757145837984
92.6915,92.6915,216.0,201.21472335488755,199.18273326241552,-21.194723354887557
92.711,92.711,217.0,201.19159466366685,199.19135406082097,-20.171594663666852
92.7304,92.7304,200.0,201.1695817455113,199.1999306184838,-37.1495817455113
92.7499,92.7499,209.0,201.14842455740722,199.20855124915082,-28.12842455740723
92.7693,92.7693,211.0,201.1282872405123,199.21712743218868,-26.108287240512297
92.7888,92.7888,203.0,201.10895448964317,199.22574747698198,-34.08895448964317
92.8083,92.8083,203.0,201.09048414724668,199.23436707011936,-34.07048414724669
92.8277,92.8277,215.0,201.0729464050691,199.24294190719303,-22.052946405069108
92.8472,92.8472,220.0,201.0561303791513,199.25156028295936,-17.036130379151317
92.8666,92.8666,234.0,201.04017900120135,199.26013369866723,-3.020179001201356
92.8861,92.8861,245.0,201.02489966488778,199.26875043391766,7.9951003351122125
92.9055,92.9055,198.0,201.01043170193563,199.2773220062864,-38.990431701935634
92.925,92.925,195.0,200.99659909886796,199.28593667586813,-41.976599098867965
92.9445,92.9445,198.0,200.98346613855352,199.29455014935033,-38.96346613855353
92.9639,92.9639,221.0,200.97105582460492,199.3031181576739,-15.951055824604921
92.9834,92.9834,200.0,200.95923966202147,199.31172892343446,-36.93923966202148
93.0028,93.0028,208.0,200.9481115884087,199.3202940241817,-28.928111588408697
93.0223,93.0223,188.0,200.9375349640135,199.3289016520315,-48.91753496401351
93.0417,93.0417,206.0,200.92760625580627,199.33746341621557,-30.90760625580627
93.0612,93.0612,199.0,200.91821127424458,199.34606747394668,-37.89821127424459
93.0807,93.0807,219.0,200.90937589835866,199.35466957876156,-17.889375898358665
93.1001,93.1001,213.0,200.90113326511045,199.36322552395336,-23.88113326511045
93.1196,93.1196,196.0,200.89338200989272,199.37182340598497,-40.87338200989272
93.139,93.139,214.0,200.8861938227078,199.38037493278708,-22.866193822707814
93.1585,93.1585,198.0,200.8794725253023,199.38896815476468,-38.85947252530231
93.1779,93.1779,196.0,200.87328284373032,199.39751482713947,-40.85328284373033
93.1974,93.1974,221.0,200.86755020436803,199.4061029497626,-15.847550204368034
93.2169,93.2169,241.0,200.862288272827,199.41468835021402,4.157711727173009
93.2363,93.2363,186.0,200.8575151914808,199.42322691158796,-50.83751519148079
93.2558,93.2558,190.0,200.85317083821312,199.43180654935264,-46.83317083821312
93.2752,93.2752,204.0,200.84929359667728,199.44033915679046,-32.82929359667729
93.2947,93.2947,194.0,200.845833561603,199.4489125874786,-42.825833561603005
93.3141,93.3141,204.0,200.84281609825737,199.4574387978547,-32.82281609825738
93.3336,93.3336,207.0,200.8402004521567,199.46600557503618,-29.820200452156698
93.3531,93.3531,201.0,200.83799657321867,199.47456884828588,-35.81799657321868
93.3725,93.3725,217.0,200.8362099474295,199.48308461839548,-19.8162099474295
93.392,93.392,196.0,200.83481614589326,199.49164056408245,-40.81481614589326
93.4114,93.4114,210.0,200.83381315589963,199.50014881984615,-26.813813155899638
93.4309,93.4309,169.0,200.8331971281149,199.50869698642387,-67.81319712811491
93.4503,93.4503,200.0,200.8329649403188,199.51719727759118,-36.81296494031879
93.4698,93.4698,200.0,200.83310404913803,199.52573721146254,-36.81310404913803
93.4893,93.4893,202.0,200.83361827800658,199.53427284707217,-34.81361827800659
93.5087,93.5087,185.0,200.83450123139946,199.54276033125493,-51.81450123139946
93.5282,93.5282,210.0,200.8357488752341,199.55128704932204,-26.815748875234092
93.5476,93.5476,228.0,200.83734947603654,199.5597654337558,-8.81734947603654
93.5671,93.5671,197.0,200.8393166406495,199.56828277554018,-39.81931664064952
93.5865,93.5865,198.0,200.84163144146746,199.5767516028122,-38.82163144146746
93.606,93.606,184.0,200.8443073966856,199.58525910751212,-52.8243073966856
93.6255,93.6255,235.0,200.84734062433614,199.59376150698483,-1.827340624336145
93.6449,93.6449,204.0,200.8507070559009,199.60221512290627,-32.8307070559009
93.6644,93.6644,213.0,200.85443886250653,199.6107069896224,-23.83443886250653
93.6838,93.6838,189.0,200.85849731176327,199.61914989526815,-47.83849731176328
93.7033,93.7033,174.0,200.8629270028039,199.62763076325612,-62.842927002803904
93.7227,93.7227,199.0,200.86768156656268,199.63606249401397,-37.847681566562684
93.7422,93.7422,213.0,200.87281184961688,199.6445318952303,-23.852811849616884
93.7617,93.7617,194.0,200.8782908112365,199.6529953715527,-42.8582908112365
93.7811,93.7811,194.0,200.8840951014109,199.66140944875067,-42.86409510141091
93.8006,93.8006,201.0,200.89027773900585,199.66986075173705,-35.87027773900586
93.82,93.82,191.0,200.89678585996495,199.67826248287884,-45.876785859964954
93.8395,93.8395,195.0,200.90368803859852,199.6867011392892,-41.88368803859852
93.8589,93.8589,200.0,200.91090859528015,199.69509005252587,-36.89090859528015
93.8784,93.8784,209.0,200.91853604331743,199.70351558703726,-27.898536043317435
93.8979,93.8979,201.0,200.92653067993083,199.71193436422124,-35.90653067993084
93.9173,93.9173,208.0,200.93485942905434,199.72030314365006,-28.914859429054346
93.9368,93.9368,209.0,200.94360377999857,199.7287080814225,-27.923603779998572
93.9562,93.9562,196.0,200.9526911842504,199.7370628536306,-40.9326911842504
93.9757,93.9757,225.0,200.96221249926884,199.7454534714455,-11.942212499268848
93.9951,93.9951,209.0,200.97207751311734,199.75379375731026,-27.952077513117345
94.0146,94.0146,210.0,200.9823977844583,199.76216957252805,-26.962397784458304
94.0341,94.0341,190.0,200.99313394759267,199.77053778515267,-46.97313394759267
94.0535,94.0535,214.0,201.0042272222741,199.7788554187272,-22.9842272222741
94.073,94.073,213.0,201.01581161642594,199.78720810023768,-23.99581161642594
94.0924,94.0924,225.0,201.0277731488602,199.79551003991295,-12.00777314886021
94.1119,94.1119,211.0,201.04024467452055,199.80384670242003,-26.020244674520555
94.1313,94.1313,211.0,201.0531066122751,199.81213246176233,-26.03310661227509
94.1508,94.1508,220.0,201.06651169025284,199.82045261527247,-17.046511690252842
94.1703,94.1703,213.0,201.0804060881249,199.8287643080256,-24.060406088124907
94.1897,94.1897,201.0,201.0947217764262,199.83702485816573,-36.074721776426216
94.2092,94.2092,205.0,201.10962735718164,199.8453193023444,-32.08962735718164
94.2286,94.2286,229.0,201.1249889209543,199.85356244626226,-8.104988920954312
94.2481,94.2481,200.0,201.1409691050072,199.86183914659637,-37.120969105007205
94.2675,94.2675,182.0,201.15743628875862,199.87006439051018,-55.13743628875862
94.287,94.287,207.0,201.17457495427797,199.8783228496149,-30.154574954277976
94.3065,94.3065,209.0,201.19231929638093,199.8865719768353,-28.172319296380934
94.3259,94.3259,235.0,201.2105937113086,199.89476941600984,-2.1905937113086082
94.3454,94.3454,213.0,201.22961579251665,199.90299955130666,-24.209615792516658
94.3648,94.3648,240.0,201.24921852993742,199.9111778461614,2.7707814700625732
94.3843,94.3843,234.0,201.26961567614293,199.91938848684657,-3.2496156761429376
94.4037,94.4037,225.0,201.29064540088027,199.92754713621437,-12.27064540088027
94.4232,94.4232,239.0,201.31254371925053,199.93573777747426,1.7074562807494686
94.4427,94.4427,216.0,201.33523139561976,199.94391820269334,-21.31523139561976
94.4621,94.4621,210.0,201.3586363096242,199.9520464129642,-27.338636309624192
94.4816,94.4816,216.0,201.38302966443337,199.9602060768911,-21.36302966443337
94.501,94.501,220.0,201.40819162563596,199.96831337884,-17.38819162563597
94.5205,94.5205,220.0,201.43443953971646,199.97645177133117,-17.41443953971647
94.5399,94.5399,196.0,201.4615421153929,199.98453765636842,-41.44154211539289
94.5594,94.5594,215.0,201.4898258288093,199.99265426514407,-22.469825828809306
94.5789,94.5789,211.0,201.51919629810277,200.00075976062752,-26.499196298102774
94.5983,94.5983,199.0,201.54957110138585,200.0088125331943,-38.529571101385855
94.6178,94.6178,204.0,201.58131277050643,200.01689547186658,-33.56131277050643
94.6372,94.6372,227.0,201.61414918847782,200.02492554607426,-10.594149188477829
94.6567,94.6567,238.0,201.64850116410767,200.03298541029895,0.371498835892325
94.6761,94.6761,194.0,201.68409308096585,200.04099227009812,-43.664093080965856
94.6956,94.6956,219.0,201.72134457599424,200.04902854009197,-18.70134457599424
94.715,94.715,215.0,201.7599904219338,200.05701166729582,-22.739990421933797
94.7345,94.7345,219.0,201.8005067834912,200.06502382112566,-18.78050678349119
94.754,94.754,206.0,201.84279590401437,200.07302368880428,-31.82279590401437
94.7734,94.7734,238.0,201.88672336461354,200.08097020898657,0.1332766353864514
94.7929,94.7929,212.0,201.9328742689802,200.08894517288715,-25.912874268980218
94.8123,94.8123,211.0,201.9809023305721,200.09686665496184,-26.960902330572097
94.8318,94.8318,187.0,202.0314005390602,200.10481618776018,-51.011400539060205
94.8512,94.8512,239.0,202.0840413665542,200.11271210603297,0.935958633445793
94.8707,94.8707,207.0,202.13950073216,200.12063567824438,-31.119500732160006
94.8902,94.8902,245.0,202.19766412489116,200.12854603687748,6.822335875108834
94.9096,94.9096,227.0,202.25844182190693,200.13640258484594,-11.238441821906932
94.9291,94.9291,201.0,202.32263689349398,200.144286183921,-37.30263689349398
94.9485,94.9485,200.0,202.3897881854274,200.15211584375035,-38.369788185427396
94.968,94.968,192.0,202.46086415701848,200.15997214836491,-46.44086415701848
94.9874,94.9874,248.0,202.53537638918658,200.1677743868162,9.484623610813415
95.0069,95.0069,182.0,202.61437027787386,200.17560285989666,-56.594370277873864
95.0264,95.0264,234.0,202.6977500367365,200.1834171786615,-4.677750036736498
95.0458,95.0458,216.0,202.7854577378785,200.19117724386751,-22.765457737878492
95.0653,95.0653,231.0,202.87872982771265,200.19896292071394,-7.858729827712651
95.0847,95.0847,214.0,202.9769819358625,200.20669422128665,-24.956981935862515
95.1042,95.1042,211.0,203.0817208444571,200.2144507136967,-28.0617208444571
95.1236,95.1236,196.0,203.1923568578253,200.2221527088153,-43.17235685782531
95.1431,95.1431,221.0,203.3104817460528,200.229879472089,-18.290481746052805
95.1626,95.1626,204.0,203.43624155187885,200.23759112693378,-35.416241551878855
95.182,95.182,233.0,203.56953586964434,200.24524810601258,-6.549535869644345
95.2015,95.2015,210.0,203.71244236809855,200.25292920986746,-29.692442368098554
95.2209,95.2209,211.0,203.86423571450862,200.26055552122605,-28.844235714508628
95.2404,95.2404,233.0,204.02742635519314,200.26820552392,-7.007426355193147
95.2598,95.2598,221.0,204.2012196757597,200.27580061911834,-19.181219675759692
95.2793,95.2793,212.0,204.38855572031468,200.28341896828775,-28.36855572031469
95.2988,95.2988,205.0,204.58967759200576,200.2910212414736,-35.56967759200576
95.3182,95.3182,207.0,204.80478381819404,200.2985684377886,-33.78478381819404
95.3377,95.3377,224.0,205.0373436455798,200.3061382240709,-17.0173436455798
95.3571,95.3571,233.0,205.2867568965648,200.3136528228557,-8.266756896564814
95.3766,95.3766,227.0,205.55719158810453,200.32118956437316,-14.537191588104534
95.396,95.396,204.0,205.84765741096464,200.32867100953155,-37.82765741096465
95.4155,95.4155,232.0,206.16338108728002,200.3361741462194,-10.14338108728002
95.435,95.435,210.0,206.50504551589074,200.34366022586198,-32.48504551589075
95.4544,95.4544,213.0,206.8731735239858,200.35109084904894,-29.853173523985802
95.4739,95.4739,209.0,207.27382463933995,200.35854247890148,-34.25382463933995
95.4933,95.4933,192.0,207.70597428560023,200.36593854789515,-51.68597428560024
95.5128,95.5128,198.0,208.17664020186064,200.3733551623685,-46.15664020186064
95.5322,95.5322,210.0,208.683628955323,200.38071611337918,-34.663628955323006
95.5517,95.5517,219.0,209.2351661781506,200.38809714467035,-26.215166178150596
95.5712,95.5712,222.0,209.83113522758583,200.39546012428175,-23.811135227585837
95.5906,95.5906,219.0,210.46989840819984,200.40276728979308,-27.449898408199843
95.6101,95.6101,230.0,211.1597300603975,200.4100938296242,-17.139730060397497
95.6295,95.6295,207.0,211.89357391650543,200.41736445729563,-40.873573916505435
95.649,95.649,220.0,212.67751672883978,200.42465398399224,-28.65751672883978
95.6684,95.6684,175.0,213.49981768040607,200.43188750230354,-74.47981768040607
95.6879,95.6879,192.0,214.3632131365608,200.4391394402867,-58.343213136560806
95.7074,95.7074,202.0,215.25388467807525,200.44637231831746,-49.233884678075256
95.7268,95.7268,217.0,216.153480287618,200.45354904696615,-35.13348028761801
95.7463,95.7463,176.0,217.05439549687756,200.46074346799168,-77.03439549687756
95.7657,95.7657,216.0,217.9262639349217,200.4678816480404,-37.90626393492171
95.7852,95.7852,218.0,218.75315378106018,200.47503703090402,-36.73315378106018
95.8046,95.8046,216.0,219.50158982500918,200.48213608306474,-39.48158982500918
95.8241,95.8241,219.0,220.15364935296375,200.48925184437442,-37.13364935296376
95.8436,95.8436,215.0,220.68317980835616,200.49634752375516,-41.66317980835616
95.863,95.863,245.0,221.07257863318839,200.50338674125905,-12.05257863318839
95.8825,95.8825,209.0,221.31813169334154,200.51044191904424,-48.298131693341546
95.9019,95.9019,204.0,221.41925089829385,200.51744054994435,-53.39925089829386
95.9214,95.9214,233.0,221.3878971759714,200.52445463713735,-24.367897175971407
95.9408,95.9408,219.0,221.2421111785438,200.53141209434077,-38.22211117854381
95.9603,95.9603,197.0,221.00407206818235,200.53838449969896,-59.98407206818236
95.9798,95.9798,212.0,220.69950250593251,200.5453357873823,-44.67950250593252
95.9992,95.9992,253.0,220.3531943364611,200.55223032390847,-3.3331943364610908
96.0187,96.0187,220.0,219.9824834697261,200.5591390379095,-35.96248346972611
96.0381,96.0381,225.0,219.6060480840238,200.56599092245423,-30.5860480840238
96.0576,96.0576,233.0,219.22811182521596,200.57285646589915,-22.208111825215965
96.077,96.077,227.0,218.85531408620898,200.57966510352722,-27.83531408620898
96.0965,96.0965,181.0,218.48146410678558,200.5864868772855,-73.46146410678558
96.116,96.116,247.0,218.10149137818263,200.59328648378786,-7.081491378182633
96.1354,96.1354,226.0,217.70694701684909,200.60002907349667,-27.68694701684909
96.1549,96.1549,202.0,217.28411955325288,200.60678400660282,-51.26411955325288
96.1743,96.1743,227.0,216.8283798212769,200.6134818514483,-25.808379821276915
96.1938,96.1938,201.0,216.32848185316814,200.62019150636976,-51.308481853168146
96.2132,96.2132,235.0,215.78763999110893,200.62684400353749,-16.767639991108936
96.2327,96.2327,197.0,215.20284666734187,200.63350777321853,-54.18284666734188
96.2522,96.2522,227.0,214.58250367288605,200.640148312162,-23.562503672886052
96.2716,96.2716,202.0,213.9394637308888,200.64673159275122,-47.91946373088881
96.2911,96.2911,247.0,213.27778094338476,200.65332533082656,-2.257780943384759
96.3105,96.3105,198.0,212.61545281014168,200.6598617460363,-50.59545281014168
96.33,96.33,220.0,211.95614968463968,200.66640807050302,-27.936149684639688
96.3494,96.3494,215.0,211.3152111170963,200.67289700960237,-32.295211117096315
96.3689,96.3689,205.0,210.69367677376997,200.67939530544206,-41.67367677376997
96.3884,96.3884,208.0,210.09987973344923,200.68586929309635,-38.07987973344923
96.4078,96.4078,210.0,209.54035973265937,200.6922858053453,-35.52035973265937
96.4273,96.4273,209.0,209.01116685930748,200.69871083677057,-35.991166859307484
96.4467,96.4467,200.0,208.5184479330768,200.7050783353595,-44.498447933076804
96.4662,96.4662,193.0,208.0567656328194,200.71145378982592,-51.03676563281941
96.4856,96.4856,231.0,207.63004024728139,200.7177716560702,-12.61004024728139
96.5051,96.5051,218.0,207.23240722211912,200.72409691055933,-25.212407222119126
96.5246,96.5246,219.0,206.86456907509194,200.73039676538332,-23.84456907509194
96.544,96.544,224.0,206.52604398090145,200.73663895269743,-18.506043980901453
96.5635,96.5635,196.0,206.21167145274103,200.74288766791176,-46.19167145274103
96.5829,96.5829,227.0,205.922667383854,200.74907866539056,-14.902667383853995
96.6024,96.6024,210.0,205.65413381518533,200.75527561223873,-31.634133815185336
96.6218,96.6218,205.0,205.40713968301156,200.7614147932067,-36.38713968301157
96.6413,96.6413,217.0,205.1775094807444,200.76755934063286,-24.157509480744395
96.6608,96.6608,207.0,204.96488118046088,200.77367738281671,-33.94488118046088
96.6802,96.6802,212.0,204.76887948761177,200.7797375907712,-28.748879487611774
96.6997,96.6997,206.0,204.58613713821313,200.78580228181417,-34.566137138213136
96.7191,96.7191,209.0,204.41737829286572,200.7918090957333,-31.397378292865724
96.7386,96.7386,228.0,204.25969778207673,200.79781979881474,-12.239697782076732
96.758,96.758,207.0,204.11376456153474,200.80377258399488,-33.09376456153474
96.7775,96.7775,199.0,203.97717745278464,200.80972865998424,-40.95717745278465
96.797,96.797,211.0,203.84981425205552,200.8156571109911,-28.829814252055527
96.8164,96.8164,207.0,203.73156115032262,200.8215275868755,-32.71156115032262
96.8359,96.8359,207.0,203.62049456603808,200.82740044692878,-32.60049456603808
96.8553,96.8553,247.0,203.51716545721044,200.8332152964227,7.502834542789557
96.8748,96.8748,214.0,203.41990648901762,200.83903192060035,-25.399906489017624
96.8942,96.8942,205.0,203.3292600607657,200.8447905009349,-34.30926006076571
96.9137,96.9137,210.0,203.2437512721619,200.85055024199409,-29.22375127216189
96.9332,96.9332,203.0,203.16347192321655,200.85628122410205,-36.14347192321655
96.9526,96.9526,198.0,203.08841588309622,200.86195411646426,-41.06841588309622
96.9721,96.9721,189.0,203.01745849721866,200.86762723939358,-49.99745849721866
96.9915,96.9915,208.0,202.95096524547634,200.87324224472505,-30.930965245476344
97.011,97.011,198.0,202.8880073166473,200.8788568554148,-40.86800731664731
97.0304,97.0304,194.0,202.82893180009515,200.88441332284415,-44.80893180009515
97.0499,97.0499,223.0,202.77287759578795,200.88996876590207,-15.75287759578795
97.0694,97.0694,205.0,202.71993889170543,200.8954943017458,-33.69993889170543
97.0888,97.0888,218.0,202.67017482373697,200.9009616599364,-20.650174823736975
97.1083,97.1083,205.0,202.62283861213456,200.9064270398333,-33.60283861213456
97.1277,97.1277,228.0,202.5782665008192,200.9118342219374,-10.558266500819215
97.1472,97.1472,196.0,202.5358235660735,200.91723878465032,-42.51582356607351
97.1666,97.1666,210.0,202.49580793418286,200.92258513165703,-28.475807934182868
97.1861,97.1861,217.0,202.45765404439925,200.92792821360675,-21.437654044399252
97.2056,97.2056,205.0,202.42146105187695,200.93324022571946,-33.40146105187695
97.225,97.225,204.0,202.3872664832748,200.9384939994358,-34.367266483274804
97.2445,97.2445,220.0,202.35460695106337,200.94374353015945,-18.33460695106338
97.2639,97.2639,214.0,202.32372453286942,200.94893481018795,-24.303724532869424
97.2834,97.2834,236.0,202.29419754620432,200.9541211900718,-2.27419754620432
97.3028,97.3028,228.0,202.26624923564358,200.9592493092248,-10.246249235643589
97.3223,97.3223,245.0,202.23950042896536,200.96437186646534,6.780499571034639
97.3418,97.3418,220.0,202.21403372308893,200.96946217682066,-18.194033723088936
97.3612,97.3612,206.0,202.18988769274628,200.974494215651,-32.169887692746286
97.3807,97.3807,235.0,202.16674630818756,200.97951969037015,-3.1467463081875593
97.4001,97.4001,202.0,202.14479271403044,200.98448688923557,-36.12479271403045
97.4196,97.4196,199.0,202.1237413228249,200.98944685061682,-39.103741322824916
97.439,97.439,201.0,202.10374246331884,200.99434853411572,-37.08374246331884
97.4585,97.4585,199.0,202.08455670547548,200.9992423020939,-39.06455670547548
97.478,97.478,220.0,202.06622704190258,201.0041026316477,-18.046227041902583
97.4974,97.4974,200.0,202.04880461610244,201.00890468461546,-38.02880461610245
97.5169,97.5169,198.0,202.03206246553245,201.0136977953502,-40.01206246553245
97.5363,97.5363,216.0,202.01614328873123,201.01843263326998,-21.996143288731233
97.5558,97.5558,213.0,202.00083056391216,201.02315783919565,-24.980830563912164
97.5752,97.5752,191.0,201.98625720591187,201.02782477841478,-46.96625720591187
97.5947,97.5947,217.0,201.9722344531269,201.03248139116712,-20.952234453126906
97.6141,97.6141,239.0,201.9588803022569,201.03707974566942,1.0611196977431092
97.6336,97.6336,175.0,201.9460233823195,201.0416670745072,-62.926023382319514
97.6531,97.6531,191.0,201.93371295166477,201.0462194116708,-46.91371295166478
97.6725,97.6725,211.0,201.92197518786494,201.05071350771166,-26.90197518786495
97.692,97.692,188.0,201.9106655662987,201.05519551949092,-49.89066556629869
97.7114,97.7114,222.0,201.89988042654457,201.0596193045237,-15.879880426544574
97.7309,97.7309,207.0,201.88948275423041,201.06403029421813,-30.869482754230418
97.7503,97.7503,216.0,201.87956196537164,201.06838307392752,-21.85956196537164
97.7698,97.7698,192.0,201.86999296410062,201.07272234244877,-45.84999296410062
97.7893,97.7893,207.0,201.86081434245827,201.07702539438955,-30.840814342458273
97.8087,97.8087,184.0,201.8520469234579,201.0812702660115,-53.832046923457895
97.8282,97.8282,207.0,201.8435842622571,201.08550054275793,-30.823584262257114
97.8476,97.8476,205.0,201.83550045573645,201.08967266196072,-32.815500455736455
97.8671,97.8671,209.0,201.8276959856165,201.0938294584385,-28.80769598561649
97.8865,97.8865,221.0,201.82023222184085,201.09792812257095,-16.800232221840858
97.906,97.906,199.0,201.81302621253053,201.1020107313073,-38.793026212530535
97.9255,97.9255,178.0,201.80609732849308,201.1060558838504,-59.786097328493085
97.9449,97.9449,236.0,201.79947049283012,201.11004294645093,-1.7794704928301286
97.9644,97.9644,198.0,201.79306326691255,201.114012844624,-39.77306326691256
97.9838,97.9838,192.0,201.7869348463258,201.11792468416078,-45.76693484632581
98.0033,98.0033,224.0,201.78100421723713,201.12181861447837,-13.76100421723713
98.0227,98.0227,214.0,201.77532718248258,201.12565451992674,-23.75532718248259
98.0422,98.0422,208.0,201.76983225791292,201.12947176649425,-29.749832257912928
98.0617,98.0617,197.0,201.76454351656432,201.1332503024836,-40.74454351656432
98.0811,98.0811,186.0,201.7594728007169,201.13697086894197,-51.73947280071691
98.1006,98.1006,200.0,201.75456518943702,201.14067164188904,-37.73456518943702
98.12,98.12,192.0,201.749858491089,201.14431448527515,-45.72985849108899
98.1395,98.1395,211.0,201.7452972367873,201.14793677324596,-26.725297236787313
98.1589,98.1589,218.0,201.74092220349786,201.1515011741247,-19.720922203497864
98.1784,98.1784,199.0,201.7366793081904,201.15504425276546,-38.71667930819039
98.1979,98.1979,193.0,201.73258701016152,201.1585473516054,-44.71258701016153
98.2173,98.2173,209.0,201.72865513260956,201.16199263182682,-28.708655132609564
98.2368,98.2368,196.0,201.72484136918322,201.1654154293249,-41.70484136918323
98.2562,98.2562,201.0,201.72117549647754,201.16878045697146,-36.701175496477546
98.2757,98.2757,220.0,201.7176140356863,201.17212222270777,-17.6976140356863
98.2951,98.2951,199.0,201.7141898782235,201.17540626989663,-38.6941898782235
98.3146,98.3146,198.0,201.7108615667987,201.17866627102086,-39.690861566798716
98.3341,98.3341,203.0,201.70764053000076,201.18188500821827,-34.68764053000076
98.3535,98.3535,219.0,201.70453947882342,201.18504610867797,-18.684539478823424
98.373,98.373,204.0,201.70152009210145,201.18818197647562,-33.68152009210145
98.3924,98.3924,207.0,201.69861011477224,201.1912602652336,-30.67861011477224
98.4119,98.4119,220.0,201.6957741696253,201.19431252468834,-17.675774169625313
98.4313,98.4313,227.0,201.69303945687147,201.19730726537708,-10.673039456871479
98.4508,98.4508,222.0,201.69036995429215,201.20027517510462,-15.670369954292156
98.4703,98.4703,226.0,201.68777819603486,201.2032005218105,-11.66777819603486
98.4897,98.4897,202.0,201.6852735721503,201.20606844509808,-35.6652735721503
98.5092,98.5092,208.0,201.68282603003826,201.20890832445718,-29.66282603003826
98.5286,98.5286,225.0,201.68045575612223,201.21169084716186,-12.660455756122232
98.5481,98.5481,214.0,201.67813795568708,201.21444451167045,-23.65813795568708
98.5675,98.5675,185.0,201.6758905974295,201.21714088890255,-52.65589059742949
98.587,98.587,200.0,201.67368803759155,201.219807588605,-37.65368803759155
98.6065,98.6065,197.0,201.67153906269374,201.22243041115647,-40.65153906269374
98.6259,98.6259,239.0,201.66945287321656,201.2249960555199,1.3505471267834395
98.6454,98.6454,222.0,201.66740233010654,201.22753078275758,-15.647402330106544
98.6648,98.6648,213.0,201.6654064216174,201.23000840777235,-24.64540642161741
98.6843,98.6843,186.0,201.66344426283823,201.2324542835946,-51.64344426283823
98.7037,98.7037,185.0,201.66153089655305,201.23484313581167,-52.64153089655305
98.7232,98.7232,247.0,201.65964457138253,201.23719940165415,9.360355428617467
98.7427,98.7427,221.0,201.657794240436,201.23951046111617,-16.63779424043601
98.7621,98.7621,191.0,201.655985021706,201.2417646200062,-46.63598502170599
98.7816,98.7816,186.0,201.65419649507533,201.2439849260367,-51.63419649507533
98.801,98.801,212.0,201.6524455133729,201.24614841679735,-25.6324455133729
98.8205,98.8205,223.0,201.6507109935404,201.24827720465925,-14.630710993540404
98.8399,98.8399,204.0,201.6490093244399,201.25034926524526,-33.629009324439906
98.8594,98.8594,229.0,201.64732047708654,201.25238576772813,-8.627320477086542
98.8789,98.8789,187.0,201.64565246112616,201.25437571943544,-50.625652461126165
98.8983,98.8983,210.0,201.6440102983311,201.25630908104952,-27.6240102983311
98.9178,98.9178,201.0,201.64237580565538,201.25820559092585,-36.62237580565538
98.9372,98.9372,209.0,201.640764386237,201.2600456054851,-28.620764386237013
98.9567,98.9567,224.0,201.63915738060763,201.26184790012059,-13.619157380607632
98.9761,98.9761,205.0,201.63756883613104,201.26359379694594,-32.61756883613104
98.9956,98.9956,211.0,201.63598249036784,201.26530110044686,-26.61598249036784
99.0151,99.0151,203.0,201.63440325893836,201.26696049354572,-34.61440325893837
99.0345,99.0345,198.0,201.63283861836442,201.2685636403725,-39.61283861836442
99.054,99.054,216.0,201.6312702342326,201.27012687282846,-21.611270234232606
99.0734,99.0734,226.0,201.62971374289643,201.27163396339955,-11.609713742896432
99.0929,99.0929,214.0,201.6281511019732,201.2731002530926,-23.608151101973206
99.1123,99.1123,204.0,201.62659625408557,201.27451050805843,-33.606596254085574
99.1318,99.1318,205.0,201.6250334914589,201.27587907037392,-32.60503349145891
99.1513,99.1513,221.0,201.62346820058394,201.27719834736402,-16.603468200583947
99.1707,99.1707,186.0,201.621906817653,201.27846175572734,-51.60190681765302
99.1902,99.1902,205.0,201.62033356108972,201.27968212271918,-32.60033356108973
99.2096,99.2096,204.0,201.6187619553301,201.28084673522073,-33.59876195533009
99.2291,99.2291,195.0,201.61717502909943,201.2819674013468,-42.59717502909943
99.2485,99.2485,236.0,201.6155882200593,201.28303242992894,-1.5955882200592981
99.268,99.268,222.0,201.6139834706058,201.2840526018165,-15.593983470605806
99.2875,99.2875,220.0,201.61236851199135,201.2850220980928,-17.592368511991353
99.3069,99.3069,202.0,201.61074967045067,201.2859361376958,-35.59074967045068
99.3264,99.3264,241.0,201.60911056169368,201.28680394394428,3.410889438306313
99.3458,99.3458,195.0,201.60746575022088,201.2876164175439,-42.587465750220886
99.3653,99.3653,224.0,201.60579771742437,201.2883817341121,-13.58579771742437
99.3847,99.3847,203.0,201.60412277627074,201.28909184490567,-34.584122776270746
99.4042,99.4042,226.0,201.60242251634557,201.2897538696254,-11.582422516345574
99.4237,99.4237,216.0,201.60070436148334,201.29036381301995,-21.580704361483342
99.4431,99.4431,220.0,201.59897662184386,201.29091874648947,-17.578976621843864
99.4626,99.4626,189.0,201.59722027108936,201.2914241890215,-48.57722027108936
99.482,99.482,208.0,201.59545289100626,201.2918747556803,-29.575452891006265
99.5015,99.5015,219.0,201.59365482788138,201.29227488887526,-18.573654827881384
99.5209,99.5209,179.0,201.59184441415928,201.2926202831383,-58.57184441415929
99.5404,99.5404,205.0,201.59000172169502,201.29291429599482,-32.57000172169502
99.5599,99.5599,221.0,201.58813497519174,201.29315480631863,-16.56813497519174
99.5793,99.5793,188.0,201.5862536053946,201.29334078874925,-49.56625360539461
99.5988,99.5988,195.0,201.58433715321553,201.2934739564399,-42.56433715321553
99.6182,99.6182,222.0,201.58240410177163,201.29355274045662,-15.562404101771634
99.6377,99.6377,210.0,201.5804348573556,201.29357774817984,-27.560434857355617
99.6571,99.6571,210.0,201.5784478233094,201.29354851937813,-27.558447823309407
99.6766,99.6766,185.0,201.5764221836199,201.29346454726243,-52.556422183619915
99.6961,99.6961,192.0,201.57436733226228,201.29332563584717,-45.55436733226229
99.7155,99.7155,192.0,201.5722936039702,201.29313271434546,-45.5522936039702
99.735,99.735,190.0,201.5701787280358,201.2928835874596,-47.55017872803582
99.7544,99.7544,207.0,201.56804334513066,201.29258060501473,-30.548043345130665
99.7739,99.7739,188.0,201.5658656063061,201.29222043642704,-49.545865606306094
99.7933,99.7933,181.0,201.56366640666366,201.29180656977778,-56.54366640666366
99.8128,99.8128,180.0,201.5614227943121,201.29133453070904,-57.54142279431211
99.8323,99.8323,211.0,201.5591451484891,201.2908060999491,-26.539145148489112
99.8517,99.8517,229.0,201.55684544965155,201.29022421317782,-8.536845449651551
99.8712,99.8712,194.0,201.55449846439947,201.28958266291215,-43.534498464399476
99.8906,99.8906,197.0,201.55212820919692,201.28888782161215,-40.53212820919693
99.9101,99.9101,213.0,201.54970933303147,201.2881323166752,-24.529709333031477
99.9295,99.9295,223.0,201.54726636904047,201.2873236886914,-14.527266369040476
99.949,99.949,190.0,201.5447731558867,201.28645339135886,-47.524773155886706
99.9685,99.9685,189.0,201.54224231164437,201.28552523425293,-48.522242311644376
99.9879,99.9879,195.0,201.53968579381788,201.28454421197526,-42.519685793817885
100.0074,100.0074,216.0,201.53707701367364,201.28349999999995,-21.517077013673642
