"limits",30.0009,100.0074
"masked X","X","obs","calc","bkg","diff"
30.0009,30.0009,154.0,150.14389552534985,149.8808,-25.42389552534985
30.0204,30.0204,148.0,150.20790014391318,149.9441219211078,-31.48790014391318
30.0398,30.0398,152.0,150.2717001678837,150.00723990636436,-27.551700167883695
30.0593,30.0593,156.0,150.33595258425578,150.07080410373305,-23.61595258425578
30.0787,30.0787,163.0,150.39999799813822,150.13416202443779,-16.67999799813822
30.0982,30.0982,194.0,150.46449618350812,150.19796629171003,14.255503816491881
30.1177,30.1177,156.0,150.52911669757495,150.26189007442449,-23.80911669757495
30.1371,30.1371,157.0,150.59352670326768,150.3256040938479,-22.873526703267686
30.1566,30.1566,167.0,150.65838956682973,150.389764646891,-12.938389566829727
30.176,30.176,152.0,150.72303971733464,150.45371313254282,-28.003039717334644
30.1955,30.1955,145.0,150.78814302631716,150.5181082665934,-35.06814302631716
30.2149,30.2149,132.0,150.85303118626402,150.58228904376156,-48.13303118626402
30.2344,30.2344,160.0,150.91837271496487,150.64691657629476,-20.198372714964876
30.2539,30.2539,182.0,150.9838328195525,150.71165978765796,1.7361671804474952
30.2733,30.2733,152.0,151.04907440265626,150.7761852323036,-28.32907440265626
30.2928,30.2928,150.0,151.1147695844358,150.84115757829943,-30.394769584435807
30.3122,30.3122,159.0,151.18024397464808,150.90590990445736,-21.46024397464808
30.3317,30.3317,152.0,151.2461721454299,150.97110921952438,-28.52617214542991
30.3511,30.3511,161.0,151.3118772392782,151.03608627610598,-19.591877239278205
30.3706,30.3706,145.0,151.37803619247902,151.10151040144987,-35.65803619247902
30.3901,30.3901,165.0,151.4443101401856,151.16704641068793,-15.724310140185594
30.4095,30.4095,153.0,151.510357727314,151.23235682768058,-27.79035772731399
30.429,30.429,142.0,151.57685941946264,151.2981144189173,-38.85685941946264
30.4484,30.4484,159.0,151.6431325485774,151.36364421529174,-21.9231325485774
30.4679,30.4679,167.0,151.70985982487346,151.42962124662347,-13.989859824873463
30.4873,30.4873,166.0,151.7763564729563,151.49536829481292,-15.05635647295631
30.5068,30.5068,172.0,151.84330735858055,151.56156263107417,-9.123307358580547
30.5263,30.5263,151.0,151.91036963169412,151.62786509779082,-30.190369631694125
30.5457,30.5457,165.0,151.97719791029468,151.69393432296644,-16.25719791029468
30.5652,30.5652,153.0,152.04448067634945,151.76045090175302,-28.324480676349452
30.5846,30.5846,185.0,152.1115273187309,151.82673208641015,3.6084726812690917
30.6041,30.6041,150.0,152.1790284632382,151.89346065891877,-31.459028463238212
30.6235,30.6235,170.0,152.24629147037243,151.95995169891117,-11.526291470372428
30.643,30.643,162.0,152.31400910186272,152.02689015350302,-19.594009101862724
30.6625,30.6625,169.0,152.3818345547818,152.09393302642988,-12.661834554781791
30.6819,30.6819,173.0,152.44941848910867,152.16073518309196,-8.729418489108667
30.7014,30.7014,149.0,152.51745726354835,152.2279847805081,-32.79745726354835
30.7208,30.7208,180.0,152.5852524983775,152.29499155862646,-1.8652524983775152
30.7403,30.7403,183.0,152.6535026308854,152.36244578563787,1.066497369114586
30.7597,30.7597,157.0,152.72150713506167,152.42965510438535,-25.001507135061672
30.7792,30.7792,137.0,152.78996669966398,152.49731187277794,-45.06996669966398
30.7987,30.7987,171.0,152.85853039223113,152.5650693885244,-11.138530392231132
30.8181,30.8181,160.0,152.92684534547382,152.63257888620026,-22.206845345473823
30.8376,30.8376,172.0,152.9956154070841,152.70053582084648,-10.275615407084103
30.857,30.857,148.0,153.0641346860662,152.76824268347337,-34.34413468606621
30.8765,30.8765,147.0,153.13310915954503,152.83639696547715,-35.41310915954503
30.8959,30.8959,153.0,153.2018307699854,152.90429913544557,-29.481830769985407
30.9154,30.9154,154.0,153.27100755837088,152.97264869991562,-28.551007558370884
30.9349,30.9349,164.0,153.34028510319445,153.04109538171883,-18.620285103194448
30.9543,30.9543,167.0,153.40930684621762,153.10928691491617,-15.689306846217619
30.9738,30.9738,143.0,153.47878377062057,153.1779257916637,-39.75878377062057
30.9932,30.9932,152.0,153.54800291563268,153.24630751447148,-30.82800291563268
31.0127,31.0127,164.0,153.61767726327636,153.31513653787107,-18.897677263276364
31.0321,31.0321,165.0,153.6870919086706,153.3837064157961,-17.967091908670596
31.0516,31.0516,187.0,153.75696177068227,153.45272354417727,3.963038229317732
31.0711,31.0711,161.0,153.82692901584764,153.52183420065217,-22.10692901584764
31.0905,31.0905,178.0,153.8966334635075,153.59068274761535,-5.1766334635075
31.11,31.11,168.0,153.9667932394399,153.6599784563562,-15.24679323943991
31.1294,31.1294,142.0,154.03668830654024,153.72901009839885,-41.31668830654024
31.1489,31.1489,153.0,154.10703867018765,153.7984888342614,-30.38703867018765
31.1683,31.1683,162.0,154.17712250838423,153.86770155990504,-21.45712250838423
31.1878,31.1878,159.0,154.24766165559936,153.9373613043376,-24.52766165559936
31.2073,31.2073,146.0,154.31829475140307,154.00711102822694,-37.598294751403074
31.2267,31.2267,181.0,154.38865824898014,154.0765918496935,-2.6686582489801367
31.2462,31.2462,154.0,154.459477130963,154.14651956409048,-29.739477130962996
31.2656,31.2656,145.0,154.5300245479254,154.2161764665599,-38.810024547925394
31.2851,31.2851,152.0,154.60102740396937,154.28628016936636,-31.88102740396937
31.3045,31.3045,139.0,154.67175689369495,154.35611116427341,-44.95175689369495
31.324,31.324,164.0,154.74294181338792,154.42638885995447,-20.022941813387916
31.3435,31.3435,160.0,154.81421722571335,154.49675302687874,-24.09421722571335
31.3629,31.3629,157.0,154.88521656057443,154.56684166483558,-27.165216560574436
31.3824,31.3824,148.0,154.95667113826704,154.63737684107235,-36.23667113826704
31.4018,31.4018,161.0,155.02784773741666,154.70763462605473,-23.307847737416665
31.4213,31.4213,162.0,155.09947974543505,154.7783388324497,-22.37947974543505
31.4407,31.4407,151.0,155.1708318323952,154.84876379870423,-33.45083183239521
31.4602,31.4602,163.0,155.24263923142811,154.9196350626375,-21.522639231428116
31.4797,31.4797,158.0,155.31453393219869,154.990589329845,-26.594533932198686
31.4991,31.4991,163.0,155.38614608819347,155.06126160628526,-21.66614608819347
31.5186,31.5186,151.0,155.45821341364865,155.13237998181603,-33.73821341364865
31.538,31.538,122.0,155.52999634560766,155.20321455104832,-62.80999634560766
31.5575,31.5575,156.0,155.60223454637685,155.27449507859026,-28.88223454637685
31.5769,31.5769,156.0,155.67418650574143,155.34548999757175,-28.954186505741433
31.5964,31.5964,122.0,155.74659354765112,155.4169307273179,-63.02659354765112
31.6159,31.6159,155.0,155.81908473150926,155.4884510324347,-30.099084731509265
31.6353,31.6353,137.0,155.89128706667807,155.55968304811358,-48.171287066678076
31.6548,31.6548,180.0,155.96394445023682,155.63136064041353,-5.243944450236825
31.6742,31.6742,141.0,156.03631121604994,155.70274817403993,-44.31631121604994
31.6937,31.6937,145.0,156.10913296268154,155.77458111995102,-40.38913296268154
31.7131,31.7131,141.0,156.18166233275613,155.8461222510911,-44.461662332756134
31.7326,31.7326,174.0,156.25464671985304,155.91810862351724,-11.534646719853043
31.7521,31.7521,166.0,156.32771192504651,155.99017118329718,-19.607711925046516
31.7715,31.7715,162.0,156.40048211804992,156.06193931648878,-23.680482118049923
31.791,31.791,158.0,156.4737071673496,156.13415242180375,-27.753707167349603
31.8104,31.8104,160.0,156.5466355342171,156.206069377132,-25.826635534217104
31.8299,31.8299,175.0,156.62001868792171,156.27843111704814,-10.900018687921715
31.8493,31.8493,156.0,156.69310345779502,156.35049499658666,-29.97310345779502
31.8688,31.8688,161.0,156.76664295376662,156.42300346661688,-25.04664295376662
31.8883,31.8883,164.0,156.84026006369047,156.49558477569153,-22.120260063690466
31.9077,31.9077,162.0,156.9135763733722,156.56786568094515,-24.193576373372196
31.9272,31.9272,139.0,156.98734707762048,156.6405908730418,-47.267347077620485
31.9466,31.9466,160.0,157.06081526548235,156.71301398329953,-26.340815265482348
31.9661,31.9661,152.0,157.13473800019435,156.78588117002042,-34.41473800019435
31.9855,31.9855,166.0,157.2083564340264,156.85844460976216,-20.4883564340264
32.005,32.005,173.0,157.28242913342365,156.93145190912728,-13.562429133423649
32.0245,32.0245,167.0,157.35657653276974,157.004528738756,-19.636576532769737
32.0439,32.0439,155.0,157.43041730904392,157.0772993456523,-31.71041730904392
32.0634,32.0634,153.0,157.50471221105985,157.150513474568,-33.784712211059855
32.0828,32.0828,142.0,157.57869878220205,157.2234197476594,-44.858698782202055
32.1023,32.1023,170.0,157.65313944288505,157.2967693098984,-16.93313944288505
32.1217,32.1217,155.0,157.72727023939947,157.36980939596924,-32.007270239399475
32.1412,32.1412,182.0,157.80185482497853,157.44329253195667,-5.081854824978535
32.1607,32.1607,167.0,157.87651112857083,157.51684192877664,-20.156511128570827
32.1801,32.1801,165.0,157.95085514353727,157.59007944068458,-22.23085514353727
32.1996,32.1996,163.0,158.02565294309272,157.66375963147735,-24.305652943092724
32.219,32.219,144.0,158.10013678466092,157.7371263487393,-43.38013678466092
32.2385,32.2385,162.0,158.17507427949795,157.8109354898736,-25.45507427949795
32.2579,32.2579,157.0,158.24969633274623,157.8844295814772,-30.529696332746227
32.2774,32.2774,183.0,158.3247719272707,157.9583658356811,-4.60477192727069
32.2969,32.2969,158.0,158.399916159363,158.03236512045717,-29.67991615936299
32.3163,32.3163,172.0,158.47474258812701,158.1060470132899,-15.754742588127016
32.3358,32.3358,147.0,158.5500222777668,158.18017066478873,-40.8300222777668
32.3552,32.3552,158.0,158.62498276429608,158.25397537974735,-29.90498276429608
32.3747,32.3747,153.0,158.70039629825115,158.32822157656776,-34.98039629825115
32.3941,32.3941,141.0,158.77548906635275,158.4021473047417,-47.05548906635275
32.4136,32.4136,151.0,158.85103492898375,158.47651423181307,-37.13103492898375
32.4331,32.4331,143.0,158.92664632502834,158.5509409981879,-45.206646325028345
32.4525,32.4525,166.0,159.00193485196579,158.62504501915936,-22.281934851965786
32.472,32.472,145.0,159.0776759528268,158.69958980271377,-43.35767595282681
32.4914,32.4914,167.0,159.15309267392777,158.7738103398408,-21.433092673927774
32.5109,32.5109,156.0,159.22896191127276,158.84847134130197,-32.50896191127276
32.5303,32.5303,150.0,159.30450524437103,158.9228066076743,-38.58450524437103
32.5498,32.5498,147.0,159.38050094777452,158.99758203407072,-41.66050094777452
32.5693,32.5693,117.0,159.45655939259763,159.07241414731482,-71.73655939259763
32.5887,32.5887,183.0,159.53228979410233,159.14691831369618,-5.812289794102327
32.6082,32.6082,154.0,159.6084723744928,159.2218621719266,-34.88847237449281
32.6276,32.6276,151.0,159.68432525930865,159.29647662539574,-37.96432525930865
32.6471,32.6471,158.0,159.76063024750044,159.37153045136603,-31.040630247500445
32.6665,32.6665,207.0,159.83660413867707,159.4462534269116,17.883395861322924
32.686,32.686,155.0,159.91302988813928,159.5214154496475,-34.19302988813928
32.7055,32.7055,160.0,159.98951556065109,159.59663104540894,-29.269515560651087
32.7249,32.7249,176.0,160.06566816911132,159.6715136432851,-13.34566816911132
32.7444,32.7444,141.0,160.14227238398212,159.7468347888326,-48.42227238398212
32.7638,32.7638,173.0,160.2185419354522,159.82182152127612,-16.49854193545221
32.7833,32.7833,154.0,160.29526291545346,159.89724646128764,-35.575262915453465
32.8027,32.8027,143.0,160.37164793821006,159.97233558508447,-46.65164793821006
32.8222,32.8222,142.0,160.44848425362798,160.04786257048096,-47.72848425362798
32.8416,32.8416,165.0,160.5249832293455,160.12305234862427,-24.80498322934551
32.8611,32.8611,145.0,160.60193328769054,160.19867963656134,-44.88193328769054
32.8806,32.8806,171.0,160.67893964975812,160.27435655083792,-18.958939649758122
32.9,32.9,153.0,160.75560682446047,160.34969419210267,-37.03560682446047
32.9195,32.9195,181.0,160.83272457501516,160.42546880410129,-9.112724575015164
32.9389,32.9389,154.0,160.9095017292624,160.50090278208728,-36.18950172926239
32.9584,32.9584,178.0,160.98672946687137,160.57677336452213,-12.266729466871368
32.9778,32.9778,181.0,161.0636152063964,160.65230196388939,-9.343615206396407
32.9973,32.9973,156.0,161.1409512588409,160.72826679568036,-34.42095125884089
33.0168,33.0168,132.0,161.2183410047743,160.80427822761848,-58.49834100477429
33.0362,33.0362,164.0,161.29538680507628,160.87994567352285,-26.575386805076278
33.0557,33.0557,159.0,161.37288265424846,160.956048782618,-31.652882654248458
33.0751,33.0751,157.0,161.45003323427522,161.03180658634696,-33.730033234275226
33.0946,33.0946,177.0,161.52763364721008,161.10799966700472,-13.807633647210082
33.114,33.114,140.0,161.6048875609948,161.18384613478386,-50.8848875609948
33.1335,33.1335,175.0,161.6825909883267,161.2601274875863,-15.962590988326696
33.153,33.153,161.0,161.76034558459153,161.3364524523893,-30.040345584591535
33.1724,33.1724,157.0,161.8377517266014,161.4124288634792,-34.1177517266014
33.1919,33.1919,179.0,161.91560727584476,161.4888395606942,-12.195607275844765
33.2113,33.2113,147.0,161.99311300338775,161.56490042609244,-44.27311300338775
33.2308,33.2308,140.0,162.07106780621447,161.6413951717144,-51.35106780621447
33.2502,33.2502,129.0,162.14867173342662,161.7175388191107,-62.428671733426626
33.2697,33.2697,162.0,162.22672450372718,161.79411593528172,-29.506724503727185
33.2892,33.2892,136.0,162.3048258566191,161.87073371317376,-55.58482585661909
33.3086,33.3086,144.0,162.3825744920922,161.94699851347914,-47.662574492092205
33.3281,33.3281,164.0,162.4607714716417,162.023696154501,-27.740771471641693
33.3475,33.3475,146.0,162.53861473779727,162.10003958062373,-45.818614737797276
33.367,33.367,159.0,162.61690603242914,162.17681542225776,-32.89690603242914
33.3864,33.3864,149.0,162.69484230580784,162.25323582325026,-42.97484230580784
33.4059,33.4059,161.0,162.773226725664,162.3300882090969,-31.05322672566399
33.4254,33.4254,171.0,162.85165722766442,162.40697834407266,-21.13165722766442
33.4448,33.4448,157.0,162.929730747015,162.48351121986403,-35.20973074701499
33.4643,33.4643,153.0,163.00825174090275,162.56047542379352,-39.28825174090275
33.4837,33.4837,149.0,163.08641496499325,162.6370811715812,-43.366414964993254
33.5032,33.5032,167.0,163.16502555256884,162.71411780333193,-25.445025552568836
33.5226,33.5226,168.0,163.24327699311317,162.7907947934297,-24.52327699311317
33.5421,33.5421,187.0,163.3219756472514,162.86790221795854,-5.6019756472514075
33.5616,33.5616,156.0,163.4007179247685,162.94504451653367,-36.68071792476849
33.581,33.581,152.0,163.47909920568324,163.02182541507844,-40.75909920568324
33.6005,33.6005,164.0,163.55792746317337,163.0990360631798,-28.837927463173372
33.6199,33.6199,179.0,163.6363936340895,163.17588415421477,-13.916393634089502
33.6394,33.6394,164.0,163.7153065237182,163.25316153199358,-28.9953065237182
33.6588,33.6588,168.0,163.7938562382793,163.33007520699215,-25.07385623827929
33.6783,33.6783,162.0,163.8728522773771,163.40741770065955,-31.152852277377093
33.6978,33.6978,154.0,163.95188959830588,163.48479223062026,-39.231889598305884
33.7172,33.7172,162.0,164.03056224069556,163.56180135893896,-31.31056224069556
33.7367,33.7367,169.0,164.1096809024425,163.63923859339053,-24.389680902442507
33.7561,33.7561,158.0,164.18843369453305,163.7163093086529,-35.46843369453305
33.7756,33.7756,181.0,164.2676322580393,163.79380764892792,-12.5476322580393
33.795,33.795,199.0,164.3464639020792,163.87093836366589,5.373536097920805
33.8145,33.8145,167.0,164.42574133174594,163.94849621712788,-26.70574133174594
33.834,33.834,145.0,164.5050574433376,164.02608330628115,-48.78505744333759
33.8534,33.8534,164.0,164.58400516945787,164.10330112990414,-29.86400516945787
33.8729,33.8729,147.0,164.66339800130973,164.18094535254772,-46.94339800130973
33.8923,33.8923,147.0,164.7424215400817,164.25821923117235,-47.022421540081695
33.9118,33.9118,180.0,164.8218897585399,164.33591900971837,-14.101889758539897
33.9312,33.9312,155.0,164.9009877102446,164.4132473768335,-39.18098771024461
33.9507,33.9507,160.0,164.98053018042722,164.49100113969584,-34.260530180427224
33.9702,33.9702,168.0,165.06010941155768,164.5687813746194,-26.340109411557677
33.9896,33.9896,169.0,165.13931664955487,164.6461886163431,-25.419316649554872
34.0091,34.0091,143.0,165.21896816038668,164.7240204874343,-51.49896816038668
34.0285,34.0285,176.0,165.29824683577596,164.80147832546695,-18.578246835775957
34.048,34.048,175.0,165.3779694832845,164.87936027611542,-19.65796948328449
34.0674,34.0674,164.0,165.4573181025293,164.95686716480137,-30.737318102529315
34.0869,34.0869,156.0,165.53711070462242,165.03479764436935,-38.81711070462242
34.1064,34.1064,163.0,165.61693766373256,165.11275186916168,-31.896937663732558
34.1258,34.1258,160.0,165.69638923359236,165.19032950780502,-34.97638923359236
34.1453,34.1453,177.0,165.77628434940772,165.26832994476308,-18.05628434940772
34.1647,34.1647,169.0,165.85580304713466,165.3459527939169,-26.135803047134658
34.1842,34.1842,158.0,165.93576508929326,165.42399790730587,-37.21576508929326
34.2036,34.2036,156.0,166.01534968972334,165.5016644420685,-39.29534968972334
34.2231,34.2231,138.0,166.09537724431243,165.57975270209724,-57.37537724431243
34.2426,34.2426,153.0,166.1754373594926,165.65786201712746,-42.455437359492606
34.262,34.262,172.0,166.255118791284,165.7355912862883,-23.535118791283992
34.2815,34.2815,146.0,166.33524293419234,165.81374146244627,-49.61524293419234
34.3009,34.3009,153.0,166.41498744076125,165.89151062885793,-42.69498744076125
34.3204,34.3204,156.0,166.49517419571583,165.96970015118248,-39.775174195715834
34.3398,34.3398,135.0,166.57498064568455,166.04750771059582,-60.85498064568455
34.3593,34.3593,160.0,166.65522915963356,166.12573507004018,-35.935229159633565
34.3788,34.3788,162.0,166.73550810576788,166.20398083069816,-34.01550810576788
34.3982,34.3982,155.0,166.81540531865392,166.2818432175098,-41.09540531865392
34.4177,34.4177,179.0,166.8957442397591,166.3601245608643,-17.175744239759098
34.4371,34.4371,168.0,166.97570079776403,166.43802160385087,-28.255700797764035
34.4566,34.4566,155.0,167.05609845403922,166.5163370356124,-41.33609845403922
34.476,34.476,196.0,167.13611302083262,166.5942672510759,-0.4161130208326256
34.4955,34.4955,167.0,167.2165686576859,166.67261528284027,-29.496568657685913
34.515,34.515,166.0,167.29705293655164,166.75097909828662,-30.577052936551638
34.5344,34.5344,179.0,167.3771525201194,166.82895634217383,-17.65715252011941
34.5539,34.5539,153.0,167.4576931562161,166.90735053413533,-43.737693156216096
34.5733,34.5733,164.0,167.5378480961192,166.98535726495027,-32.81784809611921
34.5928,34.5928,157.0,167.61844375189676,167.0637803597071,-39.898443751896764
34.6122,34.6122,152.0,167.69865311895498,167.14181511420145,-44.97865311895498
34.6317,34.6317,181.0,167.7793030660028,167.22026564388997,-16.059303066002798
34.6512,34.6512,175.0,167.859979580536,167.29872937580592,-22.139979580535993
34.6706,34.6706,172.0,167.94026863617603,167.37680346724193,-25.22026863617603
34.6901,34.6901,164.0,168.0209978622979,167.45529244138453,-33.30099786229789
34.7095,34.7095,174.0,168.10133883714636,167.53339092197425,-23.38133883714636
34.729,34.729,160.0,168.18211982934312,167.6119036850913,-37.46211982934312
34.7484,34.7484,174.0,168.2625116588383,167.69002511193483,-23.542511658838293
34.7679,34.7679,209.0,168.34334308369367,167.76856021660132,11.376656916306331
34.7874,34.7874,160.0,168.42419966753906,167.847105977939,-37.70419966753906
34.8068,34.8068,176.0,168.50466632155755,167.92525915720137,-21.784666321557552
34.8263,34.8263,172.0,168.5855720030987,168.00382509801284,-25.86557200309869
34.8457,34.8457,177.0,168.6660869974308,168.08199763977325,-20.946086997430797
34.8652,34.8652,163.0,168.74704092924318,168.16058232717216,-35.027040929243185
34.8846,34.8846,176.0,168.82760361605406,168.23877280877758,-22.107603616054064
34.9041,34.9041,166.0,168.9086051054736,168.31737481567552,-32.18860510547361
34.9236,34.9236,140.0,168.98962988089644,168.39598496940758,-58.269629880896446
34.943,34.943,165.0,169.07026213570074,168.4741997253348,-33.350262135700746
34.9625,34.9625,175.0,169.15133295518453,168.5528250669667,-23.43133295518453
34.9819,34.9819,164.0,169.232010795691,168.63105422949948,-34.512010795691
35.0014,35.0014,164.0,169.3131265553644,168.70969334640853,-34.59312655536439
35.0208,35.0208,164.0,169.39384888590797,168.787935513039,-34.67384888590797
35.0403,35.0403,194.0,169.4750091796507,168.86658699837147,-4.755009179650699
35.0598,35.0598,166.0,169.55619131320998,168.94524415624144,-32.83619131320998
35.0792,35.0792,181.0,169.6369788378203,169.0235032249896,-17.916978837820295
35.0987,35.0987,197.0,169.71820399775723,169.10217065000708,-1.99820399775723
35.1181,35.1181,174.0,169.799033684149,169.18043923987594,-25.07903368414901
35.1376,35.1376,184.0,169.88030114498383,169.25911553958025,-15.160301144983833
35.157,35.157,178.0,169.96117247774689,169.33739226810584,-21.241172477746886
35.1765,35.1765,173.0,170.04248149624107,169.41607605577582,-26.322481496241068
35.196,35.196,172.0,170.12381077853382,169.49476307704774,-27.403810778533824
35.2154,35.2154,183.0,170.20474310564964,169.5730494408466,-16.484743105649642
35.2349,35.2349,157.0,170.28611270946266,169.6517418789786,-42.56611270946266
35.2543,35.2543,163.0,170.36708471517545,169.73003294846595,-36.64708471517545
35.2738,35.2738,186.0,170.4484939898829,169.80872943105706,-13.728493989882907
35.2932,35.2932,178.0,170.5295049422698,169.8870238437116,-21.809504942269797
35.3127,35.3127,177.0,170.61095279746323,169.96572300407152,-22.89095279746323
35.3322,35.3322,176.0,170.6924200006927,170.0444229942802,-23.972420000692694
35.3516,35.3516,178.0,170.77348833618987,170.12271988018966,-22.053488336189872
35.3711,35.3711,183.0,170.85499314068664,170.20142050707867,-17.134993140686646
35.3905,35.3905,175.0,170.93609855045813,170.27971735294204,-25.216098550458128
35.41,35.41,174.0,171.0176405099225,170.35841726406827,-26.297640509922502
35.4294,35.4294,166.0,171.09878251485776,170.43671272720525,-34.37878251485776
35.4489,35.4489,171.0,171.18036080028767,170.5154105758072,-29.460360800287674
35.4684,35.4684,162.0,171.26195701951292,170.59410688550827,-38.54195701951292
35.4878,35.4878,176.0,171.3431526331707,170.6723977641748,-24.62315263317069
35.5073,35.5073,180.0,171.42478449948257,170.75109000012716,-20.70478449948257
35.5267,35.5267,176.0,171.5060152928991,170.8293761623553,-24.786015292899094
35.5462,35.5462,183.0,171.5876819103228,170.90806299197175,-17.8676819103228
35.5656,35.5656,171.0,171.66894689523005,170.9863431148208,-29.94894689523005
35.5851,35.5851,169.0,171.75064790228188,171.0650232111666,-32.030647902281885
35.6045,35.6045,182.0,171.8319469764791,171.14329597731512,-19.11194697647909
35.624,35.624,167.0,171.913681669318,171.22196801909945,-34.19368166931801
35.6435,35.6435,162.0,171.99543309572888,171.3006355278351,-39.275433095728886
35.6629,35.6629,159.0,172.0767817108285,171.37889478840464,-42.3567817108285
35.6824,35.6824,185.0,172.15856624972946,171.45755226952306,-16.438566249729462
35.7018,35.7018,170.0,172.23994740435523,171.53580090294642,-31.519947404355236
35.7213,35.7213,185.0,172.32176448076225,171.61444704923767,-16.601764480762256
35.7407,35.7407,149.0,172.4031777679429,171.69268375780268,-52.68317776794291
35.7602,35.7602,169.0,172.4850266046029,171.77131726767155,-32.765026604602895
35.7797,35.7797,167.0,172.56689152460908,171.84994395507414,-34.84689152460908
35.7991,35.7991,182.0,172.64835233062314,171.92816033670596,-19.92835233062314
35.8186,35.8186,162.0,172.7302484383928,172.00677244414476,-40.01024843839281
35.838,35.838,157.0,172.81174016447414,172.08497367939387,-45.091740164474146
35.8575,35.8575,160.0,172.89366713943897,172.1635699192816,-42.173667139438976
35.8769,35.8769,167.0,172.97518965737018,172.2417547299436,-35.25518965737018
35.8964,35.8964,185.0,173.0571473264766,172.320333820279,-17.33714732647661
35.9159,35.9159,172.0,173.1391201840411,172.3989038331458,-30.419120184041105
35.9353,35.9353,167.0,173.2206878220636,172.47706159806143,-35.50068782206361
35.9548,35.9548,186.0,173.30269099725757,172.5556125471955,-16.582690997257572
35.9742,35.9742,185.0,173.38428827607297,172.63375071466726,-17.664288276072966
35.9937,35.9937,158.0,173.46632099927623,172.71228133200225,-44.746320999276236
36.0131,36.0131,198.0,173.5479477279765,172.79039864323198,-4.827947727976493
36.0326,36.0326,155.0,173.6300100797531,172.86890766625845,-47.91001007975311
36.0521,36.0521,176.0,173.71208733274275,172.94740539105058,-26.992087332742756
36.0715,36.0715,169.0,173.7937578652457,173.02548903972848,-34.07375786524571
36.091,36.091,164.0,173.87586391832133,173.10396328523962,-39.15586391832133
36.1104,36.1104,179.0,173.95756339358746,173.18202295323263,-24.237563393587465
36.1299,36.1299,164.0,174.03969856093565,173.26047247081542,-39.31969856093565
36.1493,36.1493,155.0,174.12142701627857,173.3385069186302,-48.401427016278575
36.1688,36.1688,182.0,174.20359088314737,173.41693046516497,-21.48359088314737
36.1883,36.1883,179.0,174.28576908145854,173.49534052675705,-24.56576908145854
36.2077,36.2077,159.0,174.3675401991936,173.57333479668935,-44.6475401991936
36.2272,36.2272,168.0,174.44974712937554,173.65171703131585,-35.72974712937554
36.2466,36.2466,174.0,174.53154694604137,173.72968300478715,-29.811546946041375
36.2661,36.2661,170.0,174.61378231189866,173.80803618311788,-33.89378231189866
36.2855,36.2855,177.0,174.69561030631442,173.8859726398382,-26.975610306314422
36.305,36.305,158.0,174.77787401819796,173.96429553804114,-46.057874018197964
36.3245,36.3245,180.0,174.8601523099696,174.0426027984715,-24.140152309969608
36.3439,36.3439,184.0,174.9420230737689,174.12049266292,-20.222023073768895
36.3634,36.3634,170.0,175.024329727287,174.19876781620698,-34.30432972728701
36.3828,36.3828,169.0,175.10622862276185,174.27662513552815,-35.38622862276185
36.4023,36.4023,176.0,175.18856372901243,174.35486697155645,-28.46856372901243
36.4217,36.4217,173.0,175.2704913488804,174.43269054456238,-31.5504913488804
36.4412,36.4412,176.0,175.35285527835697,174.510897858686,-28.63285527835697
36.4607,36.4607,178.0,175.43523358069356,174.58908741590665,-26.715233580693564
36.4801,36.4801,181.0,175.51720379066336,174.6668580826595,-23.79720379066336
36.4996,36.4996,168.0,175.59961125128117,174.74501131970868,-36.879611251281176
36.519,36.519,175.0,175.68161005593515,174.82274525942248,-29.961610055935154
36.5385,36.5385,185.0,175.76404620240712,174.90086098529787,-20.044046202407117
36.5579,36.5579,177.0,175.8460740999237,174.9785570157851,-28.1260740999237
36.5774,36.5774,179.0,175.9285396407897,175.05663404492466,-26.208539640789695
36.5969,36.5969,203.0,176.01102020263008,175.1346912315513,-2.2910202026300794
36.6163,36.6163,171.0,176.09309216574692,175.21232814167928,-34.373092165746925
36.6358,36.6358,207.0,176.17560203917674,175.29034486189906,1.544397960823261
36.6552,36.6552,164.0,176.25770356961507,175.36794092947562,-41.537703569615076
36.6747,36.6747,154.0,176.340243698829,175.44591601129716,-51.620243698829
36.6941,36.6941,180.0,176.4223757056657,175.523470073034,-25.702375705665702
36.7136,36.7136,203.0,176.50494601951175,175.6014023498771,-2.78494601951175
36.7331,36.7331,193.0,176.58753186088444,175.67931273193918,-12.86753186088444
36.7525,36.7525,155.0,176.66970946951216,175.75680155855224,-50.94970946951216
36.772,36.772,155.0,176.75232652232108,175.8346673944075,-51.032326522321085
36.7914,36.7914,163.0,176.83453569310967,175.91211132900105,-43.11453569310967
36.8109,36.8109,167.0,176.91718409411712,175.98993146556734,-39.19718409411712
36.8303,36.8303,166.0,176.99942484785876,176.0673293636507,-40.27942484785876
36.8498,36.8498,172.0,177.0821059534568,176.1451026532279,-34.36210595345679
36.8693,36.8693,180.0,177.16480254134575,176.2228520289184,-26.44480254134575
36.8887,36.8887,198.0,177.24709224853538,176.30017867592187,-8.527092248535382
36.9082,36.9082,174.0,177.3298224411965,176.37787949168433,-32.60982244119651
36.9276,36.9276,167.0,177.41214516749582,176.45515726288934,-39.69214516749582
36.9471,36.9471,170.0,177.49490955528074,176.53280838444877,-36.77490955528074
36.9665,36.9665,185.0,177.57726623060748,176.6100361540607,-21.85726623060748
36.986,36.986,174.0,177.66006482853842,176.68763645249498,-32.940064828538425
37.0055,37.0055,185.0,177.74288098401658,176.76521085092054,-22.02288098401658
37.0249,37.0249,171.0,177.82529041269635,176.84236145177184,-36.10529041269635
37.0444,37.0444,180.0,177.90814294477633,176.91988334226977,-27.18814294477633
37.0638,37.0638,185.0,177.9905882653056,176.99698114887732,-22.270588265305605
37.0833,37.0833,154.0,178.07347707885597,177.07444941587792,-53.353477078855974
37.1027,37.1027,182.0,178.15595940875252,177.15149332104193,-25.435959408752524
37.1222,37.1222,145.0,178.23888620532355,177.228906854299,-62.518886205323554
37.1417,37.1417,189.0,178.321832531126,177.30629253423,-18.601832531126007
37.1611,37.1611,175.0,178.4043723819154,177.38325345069467,-32.68437238191541
37.1806,37.1806,149.0,178.48735755102123,177.46058274006313,-58.767357551021234
37.2,37.2,170.0,178.5699371502468,177.5374870088175,-37.8499371502468
37.2195,37.2195,181.0,178.6529629880346,177.61475881065684,-26.932962988034603
37.2389,37.2389,186.0,178.73558390671434,177.69160534299454,-22.01558390671434
37.2584,37.2584,200.0,178.81865128936354,177.7688185656326,-8.098651289363545
37.2779,37.2779,174.0,178.90173993558412,177.84600201425317,-34.18173993558412
37.2973,37.2973,179.0,178.9844241071919,177.9227598351614,-29.2644241071919
37.3168,37.3168,166.0,179.06755720027817,177.999883075592,-42.347557200278175
37.3362,37.3362,154.0,179.15028535752896,178.07658045994708,-54.43028535752896
37.3557,37.3557,181.0,179.23346280690362,178.15364241372242,-27.51346280690362
37.3751,37.3751,175.0,179.31623679885664,178.23027829120963,-33.59623679885664
37.3946,37.3946,184.0,179.39946134067065,178.30727788512968,-24.679461340670656
37.4141,37.4141,158.0,179.4827092485821,178.3842458167874,-50.7627092485821
37.4335,37.4335,194.0,179.56555423734312,178.4607873567908,-14.845554237343123
37.453,37.453,189.0,179.64885129571329,178.53769132728178,-19.928851295713287
37.4724,37.4724,175.0,179.7317458820765,178.61416870615724,-34.0117458820765
37.4919,37.4919,177.0,179.81509393317225,178.69100765541543,-32.09509393317225
37.5113,37.5113,186.0,179.89803974176874,178.76741982113887,-23.178039741768742
37.5308,37.5308,173.0,179.98143962639332,178.84419269433442,-36.261439626393326
37.5503,37.5503,180.0,180.0648668744444,178.92093204929063,-29.344866874444392
37.5697,37.5697,146.0,180.14789315549677,178.99724434761808,-63.427893155496776
37.5892,37.5892,168.0,180.231375866427,179.07391605272437,-41.51137586642699
37.6086,37.6086,189.0,180.31445817599902,179.1501605292624,-20.594458175999023
37.6281,37.6281,162.0,180.397997600505,179.22676354274995,-47.677997600504995
37.6475,37.6475,197.0,180.4811380705544,179.3029391636634,-12.76113807055441
37.667,37.667,162.0,180.56473718172856,179.3794724489707,-47.84473718172856
37.6865,37.6865,178.0,180.64836742440576,179.4559703921503,-31.928367424405764
37.7059,37.7059,154.0,180.73159920464252,179.53204071136471,-56.01159920464252
37.7254,37.7254,178.0,180.81529179127716,179.60846737994788,-32.09529179127716
37.7448,37.7448,187.0,180.89858807792527,179.68446628026933,-23.17858807792527
37.7643,37.7643,187.0,180.98234528928484,179.76082065068246,-23.262345289284838
37.7837,37.7837,184.0,181.06570751327652,179.8367471163633,-26.345707513276523
37.8032,37.8032,198.0,181.1495334885304,179.91302817021096,-12.42953348853041
37.8227,37.8227,172.0,181.23339373956478,179.98927208995275,-38.513393739564776
37.8421,37.8421,182.0,181.31686050811717,180.0650879147075,-28.596860508117175
37.8616,37.8616,193.0,181.40079297211923,180.14125699868566,-17.680792972119235
37.881,37.881,181.0,181.48433171546142,180.21699787064657,-29.764331715461424
37.9005,37.9005,180.0,181.5683389739669,180.29309111338097,-30.84833897396689
37.9199,37.9199,202.0,181.65195378211624,180.3687560347866,-8.931953782116238
37.9394,37.9394,169.0,181.7360391966946,180.44477243594605,-42.01603919669461
37.9589,37.9589,191.0,181.82016406930381,180.52074994275227,-20.100164069303815
37.9783,37.9783,169.0,181.90389804351216,180.5962989785473,-42.18389804351216
37.9978,37.9978,183.0,181.98810553087725,180.67219815164526,-28.26810553087725
38.0172,38.0172,198.0,182.07192299508037,180.7476687635933,-13.351922995080372
38.0367,38.0367,172.0,182.15621661811875,180.82348861549437,-39.43621661811875
38.0561,38.0561,187.0,182.24012116410998,180.89887982371857,-24.52012116410998
38.0756,38.0756,163.0,182.3245031582948,180.97461937205392,-48.60450315829479
38.0951,38.0951,165.0,182.40893173568597,181.05031829734048,-46.68893173568597
38.1145,38.1145,194.0,182.492973303755,181.12558846927894,-17.77297330375501
38.134,38.134,171.0,182.57749686447778,181.20120562577827,-40.85749686447778
38.1534,38.1534,166.0,182.66163472977283,181.27639396530893,-45.94163472977283
38.1729,38.1729,175.0,182.74625606990335,181.35192838342172,-37.026256069903354
38.1923,38.1923,164.0,182.83993921746676,181.42703392845107,-48.119939217466765
38.2118,38.2118,178.0,182.92467441377534,181.50248464366877,-34.20467441377534
38.2313,38.2313,180.0,183.00946157506706,181.5778930385153,-32.289461575067065
38.2507,38.2507,158.0,183.09386746354082,181.65287249006,-54.37386746354082
38.2702,38.2702,168.0,183.17876360427164,181.7281957435487,-44.45876360427164
38.2896,38.2896,168.0,183.26328149715997,181.8030900162621,-44.54328149715997
38.3091,38.3091,161.0,183.3482912176788,181.87832717658128,-51.62829121767879
38.3285,38.3285,191.0,183.4329232591593,181.9531353260515,-21.71292325915931
38.348,38.348,198.0,183.518051768345,182.02828544645087,-14.798051768345005
38.3675,38.3675,178.0,183.60324079891998,182.1033915803505,-34.883240798919985
38.3869,38.3869,179.0,183.68805624520795,182.17806867208017,-33.96805624520795
38.4064,38.4064,188.0,183.77809362404753,182.25308635420302,-25.05809362404753
38.4258,38.4258,172.0,183.86304065045576,182.32767498245994,-41.14304065045576
38.4453,38.4453,194.0,183.94849217856122,182.40260327867966,-19.228492178561226
38.4647,38.4647,182.0,184.03357239761633,182.4771025166323,-31.313572397616326
38.4842,38.4842,171.0,184.11916101899914,182.5519404978551,-42.39916101899914
38.5036,38.5036,210.0,184.20437989288988,182.62634942367438,-3.4843798928898764
38.5231,38.5231,179.0,184.29010996986256,182.7010961658305,-34.57010996986256
38.5426,38.5426,168.0,184.37591404060453,182.77579682503887,-45.65591404060453
38.562,38.562,186.0,184.4613522570523,182.85006844671724,-27.741352257052313
38.5815,38.5815,175.0,184.5473081990379,182.92467648898145,-38.8273081990379
38.6009,38.6009,178.0,184.6329001359083,182.99885551461983,-35.9129001359083
38.6204,38.6204,192.0,184.71901286411014,183.07337002840057,-21.999012864110142
38.6398,38.6398,182.0,184.80476542903992,183.14745555361978,-32.08476542903992
38.6593,38.6593,178.0,184.89104278859259,183.22187563237256,-36.17104278859259
38.6788,38.6788,197.0,184.9774061492491,183.29624803267427,-17.257406149249107
38.6982,38.6982,195.0,185.06341215351628,183.3701914999258,-19.343412153516283
38.7177,38.7177,175.0,185.14994909965793,183.44446811357798,-39.42994909965793
38.7371,38.7371,178.0,185.23613392747686,183.51831584002394,-36.51613392747686
38.7566,38.7566,196.0,185.32285375518865,183.5924957729396,-18.602853755188647
38.776,38.776,189.0,185.40922229594062,183.66624687154942,-25.689222295940624
38.7955,38.7955,175.0,185.49613234322032,183.74032923460743,-39.776132343220326
38.815,38.815,196.0,185.5831412947668,183.81436235431724,-18.86314129476679
38.8344,38.8344,191.0,185.66980423783144,183.8879667323235,-23.949804237831444
38.8539,38.8539,194.0,185.75701535485726,183.96190095665673,-21.03701535485726
38.8733,38.8733,185.0,185.84388293818105,184.03540650970706,-30.123882938181055
38.8928,38.8928,183.0,185.93130498855896,184.1092409619273,-32.211304988558965
38.9122,38.9122,209.0,186.01838748835783,184.18264682023798,-6.298387488357832
38.9317,38.9317,188.0,186.10603098504063,184.25638062854546,-27.386030985040634
38.9512,38.9512,189.0,186.1937872575956,184.33006365903447,-26.473787257595603
38.9706,38.9706,178.0,186.28120880740687,184.40331822476355,-37.56120880740687
38.9901,38.9901,170.0,186.3692000575947,184.47689931177058,-45.6492000575947
39.0095,39.0095,195.0,186.45685987348836,184.55005202865323,-20.736859873488356
39.029,39.029,176.0,186.54509651952168,184.6235303126902,-39.82509651952168
39.0484,39.0484,179.0,186.63300496253595,184.69658032808823,-36.91300496253595
39.0679,39.0679,181.0,186.7214953974091,184.76995495457487,-35.00149539740909
39.0874,39.0874,180.0,186.81011862334705,184.843277299021,-36.09011862334705
39.1068,39.1068,197.0,186.89842167694698,184.91617153998388,-19.178421676946982
39.1263,39.1263,179.0,186.98731612509124,184.98938895310695,-37.26731612509124
39.1457,39.1457,189.0,187.07589437190094,185.06217838123746,-27.355894371900945
39.1652,39.1652,186.0,187.16507308463733,185.135290020696,-30.44507308463733
39.1846,39.1846,218.0,187.25393940448106,185.20797380040037,1.4660605955189396
39.2041,39.2041,184.0,187.34341479248485,185.28097882873146,-32.62341479248485
39.2236,39.2236,191.0,187.43304207946574,185.3539301008692,-25.713042079465737
39.243,39.243,175.0,187.5223650452819,185.42645371387604,-41.8023650452819
39.2625,39.2625,183.0,187.6123077743832,185.49929712675706,-33.8923077743832
39.2819,39.2819,179.0,187.70195350357582,185.57171302249517,-37.981953503575824
39.3014,39.3014,192.0,187.79222584928476,185.64444775082276,-25.072225849284763
39.3208,39.3208,204.0,187.88220416656253,185.71675511064103,-13.162204166562532
39.3403,39.3403,198.0,187.97282083908897,185.7893803339677,-19.25282083908897
39.3598,39.3598,200.0,188.0636148576579,185.86195035683804,-17.34361485765791
39.3792,39.3792,186.0,188.15412517517802,185.93409324675454,-31.434125175178025
39.3987,39.3987,168.0,188.24528597427988,186.00655254198512,-49.52528597427988
39.4181,39.4181,196.0,188.33616750894097,186.07858486939108,-21.616167508940975
39.4376,39.4376,220.0,188.42771208180073,186.15093262862757,2.292287918199264
39.457,39.457,180.0,188.51898290851457,186.22285359171295,-37.798982908514574
39.4765,39.4765,170.0,188.61092820795125,186.29508901142154,-47.89092820795125
39.496,39.496,191.0,188.70307899756946,186.3672678161222,-26.983078997569464
39.5154,39.5154,169.0,188.79496719003956,186.43902009462636,-49.07496719003956
39.5349,39.5349,179.0,188.8875457934624,186.51108536249757,-39.16754579346241
39.5543,39.5543,180.0,188.9798681499606,186.5827242920883,-38.259868149960596
39.5738,39.5738,171.0,189.07289365119252,186.65467523161638,-47.35289365119252
39.5932,39.5932,177.0,189.16566955183342,186.72620002722357,-41.44566955183342
39.6127,39.6127,206.0,189.25915969580217,186.79803585168625,-12.53915969580217
39.6322,39.6322,192.0,189.35289166204575,186.8698136761215,-26.63289166204575
39.6516,39.6516,193.0,189.44638929343915,186.94116566045975,-25.726389293439155
39.6711,39.6711,201.0,189.54061865383062,187.01282719771226,-17.82061865383062
39.6905,39.6905,186.0,189.63462095752226,187.08406310521815,-32.91462095752226
39.71,39.71,198.0,189.72937187863238,187.155607580513,-21.00937187863238
39.7294,39.7294,190.0,189.8239057875316,187.22672664275484,-29.103905787531602
39.7489,39.7489,186.0,189.91919995936541,187.2981532860793,-33.199199959365416
39.7684,39.7684,195.0,190.0147765551079,187.36952057371005,-24.294776555107887
39.7878,39.7878,200.0,190.11014917275182,187.4404627854535,-19.39014917275182
39.8073,39.8073,175.0,190.2063088866276,187.51171109402762,-44.4863088866276
39.8267,39.8267,180.0,190.30227637228407,187.58253455914883,-39.58227637228407
39.8462,39.8462,175.0,190.39904397954416,187.65366313052814,-44.67904397954416
39.8656,39.8656,210.0,190.4956290191738,187.72436709713207,-9.775629019173806
39.8851,39.8851,170.0,190.59303509258552,187.79537517791147,-49.873035092585525
39.9046,39.9046,183.0,190.69077313090847,187.86632257650524,-36.97077313090847
39.924,39.924,191.0,190.78834330958097,187.93684574030652,-29.068343309580968
39.9435,39.9435,184.0,190.88676113757987,188.00767152609222,-36.16676113757987
39.9629,39.9629,195.0,190.98502575760992,188.07807333125464,-25.26502575760992
39.9824,39.9824,227.0,191.0841595835268,188.14877676262887,6.635840416473201
40.0018,40.0018,175.0,191.18315383908703,188.21905647369323,-45.46315383908703
40.0213,40.0213,186.0,191.28303510741017,188.28963681375635,-34.56303510741017
40.0408,40.0408,217.0,191.3833044820155,188.36015517413725,-3.6633044820154907
40.0602,40.0602,193.0,191.48345385062072,188.43025021648654,-27.76345385062072
40.0797,40.0797,172.0,191.58452684221962,188.50064438807325,-48.86452684221962
40.0991,40.0991,177.0,191.68549592929725,188.5706155171858,-43.96549592929725
40.1186,40.1186,201.0,191.7874085946579,188.64088477480774,-20.067408594657905
40.138,40.138,183.0,191.88923142032812,188.7107312715581,-38.16923142032812
40.1575,40.1575,182.0,191.99202676874168,188.78087489471937,-39.27202676874168
40.177,40.177,203.0,192.0952785803567,188.85095526951815,-18.375278580356706
40.1964,40.1964,217.0,192.19846895837583,188.92061331749977,-4.478468958375828
40.2159,40.2159,189.0,192.30266747992917,188.99056698492663,-32.58266747992917
40.2353,40.2353,167.0,192.40682103167845,189.06009862213674,-54.68682103167845
40.2548,40.2548,240.0,192.51201248898593,189.12992487335202,18.207987511014068
40.2742,40.2742,182.0,192.61717990733175,189.19932939689775,-39.89717990733175
40.2937,40.2937,191.0,192.7234141296085,189.26902752770715,-31.0034141296085
40.3132,40.3132,172.0,192.83018973771664,189.33866117011107,-50.11018973771664
40.3326,40.3326,178.0,192.93697018978702,189.4078735501599,-44.21697018978702
40.3521,40.3521,171.0,193.04487073148786,189.47737802366558,-51.32487073148786
40.3715,40.3715,185.0,193.1527929096593,189.54646155211617,-37.4327929096593
40.391,40.391,195.0,193.26186817441695,189.61583616411272,-27.541868174416948
40.4104,40.4104,189.0,193.3709915800296,189.68479015420348,-33.6509915800296
40.4299,40.4299,196.0,193.4813057448816,189.75403421669643,-26.76130574488161
40.4494,40.4494,210.0,193.59226604978946,189.82321257919938,-12.87226604978946
40.4688,40.4688,208.0,193.70330942514252,189.89197081585723,-14.983309425142522
40.4883,40.4883,186.0,193.81560025942042,189.96101760462997,-37.09560025942042
40.5077,40.5077,188.0,193.92800447216663,190.02964460521576,-35.208004472166635
40.5272,40.5272,206.0,194.0417008925928,190.09855914377434,-17.321700892592787
40.5466,40.5466,183.0,194.15554105483992,190.1670542375561,-40.435541054839916
40.5661,40.5661,183.0,194.27071263895522,190.2358358540037,-40.55071263895522
40.5856,40.5856,199.0,194.38665381893594,190.30455058715629,-24.66665381893594
40.605,40.605,194.0,194.50278481825353,190.37284640182813,-29.782784818253532
40.6245,40.6245,178.0,194.62032200140922,190.44142721275577,-45.90032200140922
40.6439,40.6439,190.0,194.73808463755782,190.50958946287957,-34.01808463755782
40.6634,40.6634,198.0,194.85730278603197,190.57803569112332,-26.137302786031967
40.6828,40.6828,199.0,194.97678077731888,190.6460637218952,-25.25678077731888
40.7023,40.7023,198.0,195.09777047746738,190.7143747115541,-26.37777047746738
40.7218,40.7218,194.0,195.21968451672194,190.7826176627133,-30.499684516721942
40.7412,40.7412,220.0,195.34191970632702,190.85044297242413,-4.62191970632702
40.7607,40.7607,182.0,195.46575385380044,190.9185497088441,-42.74575385380044
40.7801,40.7801,194.0,195.58994779446476,190.98623918117318,-30.869947794464764
40.7996,40.7996,206.0,195.71580774984287,191.05420905831787,-18.995807749842868
40.819,40.819,218.0,195.8420759108551,191.12176205428835,-7.122075910855102
40.8385,40.8385,155.0,195.97007469630339,191.18959443215067,-70.25007469630339
40.858,40.858,219.0,196.0991905573202,191.2573576442302,-6.379190557320214
40.8774,40.8774,187.0,196.2287863997136,191.32470456038098,-38.508786399713614
40.8969,40.8969,211.0,196.36023261267135,191.39232932083033,-14.640232612671355
40.9163,40.9163,205.0,196.4922035179752,191.45953818205308,-20.772203517975214
40.9358,40.9358,204.0,196.62610141201506,191.52702386215705,-21.90610141201506
40.9552,40.9552,191.0,196.76058784402196,191.59409404520034,-35.04058784402196
40.9747,40.9747,185.0,196.89708838988963,191.66144002074378,-41.17708838988963
40.9942,40.9942,211.0,197.03495111379783,191.72871573096404,-15.314951113797832
41.0136,41.0136,187.0,197.17349769144658,191.7955765580882,-39.453497691446586
41.0331,41.0331,211.0,197.31418222816743,191.86271163505344,-15.594182228167426
41.0525,41.0525,189.0,197.4556390972128,191.92943224463554,-37.73563909721281
41.072,41.072,206.0,197.59933316027835,191.99642607534972,-20.87933316027835
41.0914,41.0914,200.0,197.74385512705385,192.06300585976228,-27.02385512705385
41.1109,41.1109,187.0,197.89074865950943,192.12985783570014,-40.17074865950943
41.1304,41.1304,219.0,198.03930672658493,192.1966384743379,-8.319306726584927
41.1498,41.1498,177.0,198.18880655403112,192.26300570885797,-50.46880655403112
41.1693,41.1693,211.0,198.34084216391466,192.32964358752528,-16.62084216391466
41.1887,41.1887,187.0,198.49391562185238,192.39586849646622,-40.77391562185238
41.2082,41.2082,194.0,198.64967014665123,192.4623630177841,-33.92967014665123
41.2276,41.2276,190.0,198.80654282699527,192.52844500904087,-38.08654282699527
41.2471,41.2471,215.0,198.96622984650773,192.59479558007203,-13.246229846507731
41.2665,41.2665,211.0,199.12714508994364,192.6607340659543,-17.40714508994364
41.286,41.286,202.0,199.2910140838433,192.7269400981946,-26.571014083843295
41.3055,41.3055,186.0,199.45710273110453,192.79307345519976,-42.73710273110453
41.3249,41.3249,206.0,199.62458460019332,192.85879540478925,-22.904584600193317
41.3444,41.3444,212.0,199.79527652746617,192.9247833477968,-17.075276527466173
41.3638,41.3638,222.0,199.96750228756102,192.99036034130785,-7.247502287561019
41.3833,41.3833,210.0,200.1431123344273,193.05620229286654,-19.423112334427287
41.4027,41.4027,215.0,200.32038431138554,193.1216337580009,-14.60038431138554
41.4222,41.4222,192.0,200.5012330582144,193.18732914506364,-37.78123305821441
41.4417,41.4417,220.0,200.6848582317569,193.25295084724186,-9.964858231756892
41.4611,41.4611,200.0,200.87038213832093,193.31816276781603,-30.150382138320936
41.4806,41.4806,218.0,201.05978863636565,193.38363705344202,-12.339788636365654
41.5,41.5,196.0,201.25129585235638,193.4487020333087,-34.53129585235638
41.5195,41.5195,205.0,201.4469195328226,193.51402834031495,-25.726919532822592
41.5389,41.5389,205.0,201.64479757701244,193.5789458224665,-25.92479757701244
41.5584,41.5584,195.0,201.84709766160583,193.64412359316094,-36.12709766160583
41.5779,41.5779,185.0,202.0529005189171,193.7092266962971,-46.332900518917114
41.5973,41.5973,206.0,202.2612520043607,193.77392170599532,-25.5412520043607
41.6168,41.6168,183.0,202.47443201313564,193.83887544376074,-48.75443201313564
41.6362,41.6362,198.0,202.6904045555764,193.90342158153234,-33.97040455557641
41.6557,41.6557,214.0,202.91155312157463,193.96822540714166,-18.19155312157463
41.6751,41.6751,191.0,203.1357181952007,194.03262213116832,-41.4157181952007
41.6946,41.6946,236.0,203.36539688871346,194.09727550218213,3.3546031112865364
41.7141,41.7141,179.0,203.59958553791063,194.16185324976067,-53.87958553791063
41.7335,41.7335,215.0,203.83724126643745,194.22602465328168,-18.117241266437446
41.753,41.753,211.0,204.08101038281268,194.29045114005018,-22.36101038281268
41.7724,41.7724,193.0,204.32853526205835,194.3544717934803,-40.60853526205835
41.7919,41.7919,194.0,204.58259886953005,194.41874648783357,-39.862598869530046
41.8113,41.8113,189.0,204.84079558478916,194.48261586444215,-45.120795584789164
41.8308,41.8308,202.0,205.1059962918242,194.5467382390918,-32.3859962918242
41.8503,41.8503,242.0,205.37709691096367,194.61078406104667,7.3429030890363265
41.8697,41.8697,195.0,205.6529300569554,194.6744253484049,-39.9329300569554
41.8892,41.8892,191.0,205.93659456180342,194.73831806713284,-44.21659456180342
41.9086,41.9086,197.0,206.2254366850034,194.80180677893546,-38.50543668500339
41.9281,41.9281,205.0,206.52270411475286,194.86554587790934,-30.802704114752856
41.9475,41.9475,246.0,206.82563078457392,194.92888150241205,9.894369215426082
41.967,41.967,209.0,207.13764846011622,194.9924664693924,-27.417648460116226
41.9865,41.9865,209.0,207.45757764540622,195.05597398085723,-27.73757764540622
42.0059,42.0059,203.0,207.78403766857102,195.11907882613943,-34.06403766857102
42.0254,42.0254,227.0,208.12074842458813,195.18243144462556,-10.40074842458813
42.0448,42.0448,209.0,208.46462041956855,195.24538194123195,-28.744620419568548
42.0643,42.0643,198.0,208.8196040633113,195.3085791651884,-40.09960406331129
42.0837,42.0837,181.0,209.1825053907268,195.37137481625956,-57.46250539072679
42.1032,42.1032,215.0,209.55754129641582,195.43441614839398,-23.83754129641582
42.1227,42.1227,222.0,209.94328515222233,195.49737914845178,-17.22328515222233
42.1421,42.1421,223.0,210.33817538594866,195.55994140857328,-16.61817538594866
42.1616,42.1616,215.0,210.7468164843009,195.62274777820895,-25.026816484300895
42.181,42.181,219.0,211.1656098602965,195.6851539685238,-21.445609860296514
42.2005,42.2005,190.0,211.59950282117805,195.74780322106048,-50.87950282117805
42.2199,42.2199,226.0,212.0445778069538,195.81005285949243,-15.324577806953812
42.2394,42.2394,219.0,212.5061662240907,195.87254451248288,-22.786166224090692
42.2589,42.2589,211.0,212.98266046616806,195.93495698291645,-31.262660466168057
42.2783,42.2783,263.0,213.47239648418847,195.99697069637764,20.247603515811534
42.2978,42.2978,215.0,213.98103663530273,196.05922485089675,-28.26103663530273
42.3172,42.3172,195.0,214.50433494166458,196.12108082505435,-48.78433494166458
42.3367,42.3367,198.0,215.0486119488785,196.18317619175446,-46.32861194887849
42.3561,42.3561,220.0,215.6092343068203,196.2448739592144,-24.8892343068203
42.3756,42.3756,236.0,216.19301120010604,196.3068100703913,-9.473011200106043
42.3951,42.3951,216.0,216.79816833123505,196.3686661744327,-30.078168331235048
42.4145,42.4145,221.0,217.42270555382387,196.4301255600755,-25.702705553823876
42.434,42.434,243.0,218.07434480887838,196.4918217143045,-4.3543448088783805
42.4534,42.4534,222.0,218.74773156638838,196.55312174242582,-26.027731566388383
42.4729,42.4729,222.0,219.45125584762005,196.614657489608,-26.731255847620048
42.4923,42.4923,232.0,220.17922431730375,196.6757977073941,-17.45922431730375
42.5118,42.5118,229.0,220.94083247518878,196.73717259446633,-21.220832475188786
42.5313,42.5313,227.0,221.73438481811166,196.79846667554747,-24.014384818111665
42.5507,42.5507,248.0,222.55728076470598,196.8593661313116,-3.83728076470598
42.5702,42.5702,227.0,223.42024614368418,196.92049867991938,-25.700246143684183
42.5896,42.5896,235.0,224.31658653060674,196.9812372108678,-18.596586530606743
42.6091,42.6091,189.0,225.25797957550867,197.0422077843362,-65.53797957550867
42.6285,42.6285,223.0,226.2374865838342,197.10278495213433,-32.5174865838342
42.648,42.648,223.0,227.26814994400257,197.16359311193935,-33.548149944002574
42.6675,42.6675,226.0,228.34795010623952,197.22431969244147,-31.627950106239524
42.6869,42.6869,238.0,229.47431440470874,197.28465379412094,-20.754314404708737
42.7064,42.7064,232.0,230.66250300986945,197.34521731036915,-27.942503009869455
42.7258,42.7258,214.0,231.90438837917029,197.4053889705071,-47.18438837917029
42.7453,42.7453,251.0,233.2172021590878,197.4657889943015,-11.497202159087806
42.7647,42.7647,231.0,234.59182939313823,197.5257977889412,-32.87182939313823
42.7842,42.7842,259.0,236.0478413439421,197.58603389619503,-6.3278413439421115
42.8037,42.8037,278.0,237.58372711648855,197.64618767619908,11.136272883511452
42.8231,42.8231,227.0,239.19765854204607,197.70595117619854,-41.47765854204607
42.8426,42.8426,225.0,240.9122931108957,197.76594041069106,-45.19229311089569
42.862,42.862,269.0,242.71788921841707,197.82554000263673,-2.997889218417072
42.8815,42.8815,251.0,244.64126860287865,197.88536427778237,-22.921268602878655
42.9009,42.9009,227.0,246.67154944006452,197.94479955199355,-48.951549440064525
42.9204,42.9204,242.0,248.83963346286805,198.0044584580407,-36.11963346286805
42.9399,42.9399,253.0,251.1461492374848,198.06403431407705,-27.426149237484793
42.9593,42.9593,241.0,253.59074235709707,198.12322214016825,-41.87074235709707
42.9788,42.9788,281.0,256.2124186228339,198.18263201960178,-4.492418622833924
42.9982,42.9982,270.0,258.9986384132976,198.241654520985,-18.278638413297614
43.0177,43.0177,255.0,261.9955207962049,198.30089802424257,-36.275520796204916
43.0371,43.0371,272.0,265.1906650034498,198.359754805412,-22.470665003449795
43.0566,43.0566,294.0,268.6381357848983,198.4188315369754,-3.9181357848982827
43.0761,43.0761,279.0,272.34678270568907,198.47782452077402,-22.626782705689067
43.0955,43.0955,231.0,276.32109246339326,198.53643177485228,-74.60109246339326
43.115,43.115,271.0,280.6330683902437,198.59525740076583,-38.913068390243694
43.1344,43.1344,252.0,285.2719542307799,198.65369796298492,-62.5519542307799
43.1539,43.1539,289.0,290.3245760820288,198.71235584560077,-30.604576082028785
43.1733,43.1733,281.0,295.78387426345125,198.7706293345282,-44.063874263451254
43.1928,43.1928,304.0,301.75756951252976,198.82911909245942,-27.037569512529757
43.2123,43.2123,293.0,308.2763435568336,198.88752442969977,-44.55634355683358
43.2317,43.2317,284.0,315.36938760221915,198.94554638654017,-60.64938760221915
43.2512,43.2512,303.0,323.18754048740635,199.00378303406544,-49.46754048740635
43.2706,43.2706,263.0,331.74278943786396,199.0616369810434,-98.02278943786396
43.2901,43.2901,313.0,341.22344614019374,199.11970456749935,-57.503446140193745
43.3095,43.3095,320.0,351.65569910942963,199.177390137154,-60.935699109429635
43.329,43.329,336.0,363.28874638052764,199.23528829518304,-56.56874638052764
43.3485,43.3485,354.0,376.2339278196845,199.29310138424427,-51.51392781968448
43.3679,43.3679,335.0,390.6104416311948,199.35053349025827,-84.89044163119482
43.3874,43.3874,379.0,406.780666672048,199.40817660686943,-57.06066667204803
43.4068,43.4068,349.0,424.8385618103912,199.46543943381025,-105.11856181039118
43.4263,43.4263,386.0,445.267890314631,199.5229122205736,-88.54789031463102
43.4457,43.4457,424.0,468.19048297339805,199.5800054148509,-73.47048297339805
43.4652,43.4652,463.0,494.2321597769639,199.63730751833629,-60.5121597769639
43.4847,43.4847,477.0,523.7090420726408,199.6945239290468,-75.98904207264084
43.5041,43.5041,505.0,556.9225465207132,199.75136180103874,-81.20254652071324
43.5236,43.5236,481.0,594.727329766526,199.80840700530234,-143.00732976652606
43.543,43.543,573.0,637.2425484015545,199.86507437744774,-93.52254840155447
43.5625,43.5625,596.0,685.4061730956635,199.92194803172134,-118.68617309566346
43.5819,43.5819,675.0,739.1060176914721,199.97844456419887,-93.38601769147206
43.6014,43.6014,675.0,799.0796757085543,200.03514632887754,-153.3596757085543
43.6209,43.6209,825.0,864.9012983497462,200.09176180126562,-69.18129834974619
43.6403,43.6403,836.0,935.4164017509445,200.14800122518864,-128.6964017509445
43.6598,43.6598,986.0,1009.8011765637899,200.20444430551404,-53.08117656378991
43.6792,43.6792,972.0,1084.7314603287978,200.26051205689956,-142.01146032879777
43.6987,43.6987,1109.0,1157.369578039656,200.31678241537176,-77.64957803965606
43.7181,43.7181,1252.0,1222.6113962292195,200.3726781680659,0.10860377078049055
43.7376,43.7376,1347.0,1276.5347710820906,200.4287754788034,41.18522891790937
43.7571,43.7571,1341.0,1314.924388046865,200.48478592184665,-3.2043880468650343
43.7765,43.7765,1374.0,1335.4063422275494,200.54042285155964,9.313657772450568
43.796,43.796,1464.0,1337.7649936975863,200.59625976494857,96.9550063024137
43.8154,43.8154,1419.0,1323.0893983924143,200.65172389716008,66.6306016075857
43.8349,43.8349,1437.0,1293.3025977336,200.7073869647547,114.4174022664001
43.8543,43.8543,1330.0,1250.976673811604,200.76267798687707,49.74332618839591
43.8738,43.8738,1310.0,1197.9965701158153,200.81816689641744,82.7234298841847
43.8933,43.8933,1251.0,1136.9804106474242,200.87356838679298,84.73958935257585
43.9127,43.9127,1144.0,1070.8490937230642,200.92859894281676,43.870906276935756
43.9322,43.9322,1047.0,1001.6869312893937,200.9838258136134,16.03306871060633
43.9516,43.9516,992.0,932.7878429293992,201.03868249454368,29.932157070600823
43.9711,43.9711,875.0,865.662474382268,201.09373444317006,-19.94247438226799
43.9905,43.9905,799.0,802.6481629670767,201.14841694988388,-32.9281629670767
44.01,44.01,763.0,744.1071178842532,201.20329367759953,-10.387117884253172
44.0295,44.0295,665.0,690.8578915109031,201.25808245843407,-55.137891510903074
44.0489,44.0489,645.0,643.2019432488464,201.31250292670774,-27.48194324884642
44.0684,44.0684,582.0,600.439995523848,201.3671160453489,-47.719995523847984
44.0878,44.0878,562.0,562.6625219336107,201.4213616079538,-29.94252193361072
44.1073,44.1073,490.0,529.0363954029683,201.4757987752569,-68.31639540296831
44.1267,44.1267,532.0,499.4505798503375,201.52986914643316,3.2694201496625226
44.1462,44.1462,468.0,473.1527578948183,201.5841300770751,-34.43275789481831
44.1656,44.1656,440.0,449.9961450707824,201.63802497486094,-39.276145070782405
44.1851,44.1851,431.0,429.3691924406431,201.69210938733232,-27.649192440643077
44.2046,44.2046,414.0,411.05732021644315,201.74610520909735,-26.337320216443146
44.224,44.224,386.0,394.84174428628324,201.79973615015223,-38.121744286283246
44.2435,44.2435,374.0,380.2964625789153,201.8535550382623,-35.57646257891528
44.2629,44.2629,367.0,367.34616692641,201.90700981723663,-29.62616692640998
44.2824,44.2824,371.0,355.66657561266277,201.96065149968442,-13.94657561266277
44.3018,44.3018,337.0,345.2095090383792,202.01392984784908,-37.489509038379225
44.3213,44.3213,329.0,335.721825628661,202.0673940564115,-36.00182562866101
44.3408,44.3408,305.0,327.1390620749739,202.1207692001721,-51.41906207497388
44.3602,44.3602,352.0,319.38761871269105,202.17378217902848,3.332381287308948
44.3797,44.3797,306.0,312.29862888765695,202.22697945331143,-35.57862888765695
44.3991,44.3991,312.0,305.86456615778644,202.27981534564003,-23.144566157786443
44.4186,44.4186,334.0,299.9494406309413,202.33283449165165,4.770559369058702
44.438,44.438,284.0,294.5560359597181,202.38549304185497,-39.83603595971809
44.4575,44.4575,294.0,289.5757731639492,202.4383338045565,-24.85577316394918
44.477,44.477,283.0,284.9922144253345,202.49108505152697,-31.27221442533451
44.4964,44.4964,267.0,280.7860441748334,202.54347688886858,-43.06604417483342
44.5159,44.5159,283.0,276.8784602933353,202.59604937667575,-23.15846029333531
44.5353,44.5353,288.0,273.2799234404861,202.64826324889233,-14.559923440486074
44.5548,44.5548,234.0,269.92549812263576,202.70065673185414,-65.20549812263576
44.5742,44.5742,234.0,266.82572837104595,202.7526923963779,-62.105728371045956
44.5937,44.5937,279.0,263.9271411615658,202.80490663253818,-14.20714116156583
44.6132,44.6132,269.0,261.22665451741386,202.8570309250253,-21.506654517413864
44.6326,44.6326,302.0,258.72032880310746,202.9087986016248,13.999671196892535
44.6521,44.6521,285.0,256.36658526972883,202.96074329104306,-0.6465852697288312
44.6715,44.6715,244.0,254.17601864855328,203.01233216941478,-39.45601864855328
44.691,44.691,244.0,252.11364413729456,203.06409702309165,-37.39364413729456
44.7104,44.7104,264.0,250.1891948067346,203.11550687359627,-15.469194806734606
44.7299,44.7299,284.0,248.37340526766755,203.1670916625563,6.3465947323324485
44.7494,44.7494,248.0,246.66695427923116,203.2185861027094,-27.946954279231164
44.7688,44.7688,252.0,245.0694846266197,203.26972675818456,-22.3494846266197
44.7883,44.7883,233.0,243.5575115351554,203.3210407967863,-39.837511535155414
44.8077,44.8077,226.0,242.13899726022026,203.37200186607024,-45.418997260220266
44.8272,44.8272,225.0,240.7937532778672,203.4231352833557,-45.07375327786721
44.8466,44.8466,255.0,239.5296646937644,203.4739165496362,-13.809664693764404
44.8661,44.8661,221.0,238.32837484589552,203.5248691295084,-46.608374845895526
44.8856,44.8856,243.0,237.19211586941628,203.57573097806937,-23.472115869416285
44.905,44.905,230.0,236.12178149730582,203.62624190963973,-35.40178149730582
44.9245,44.9245,264.0,235.10232419202845,203.6769226032327,-0.3823241920284488
44.9439,44.9439,238.0,234.14051392647775,203.7272532054326,-25.420513926477753
44.9634,44.9634,244.0,233.22294637911602,203.7777525370985,-18.502946379116025
44.9828,44.9828,224.0,232.35618860198684,203.82790260584125,-37.636188601986845
45.0023,45.0023,270.0,231.52827491161042,203.87822037225968,9.191725088389575
45.0218,45.0218,242.0,230.7411832681199,203.92844704731283,-18.0211832681199
45.0412,45.0412,263.0,229.99613646030048,203.97832570855576,3.723863539699522
45.0607,45.0607,241.0,229.28309301761263,204.02837051993333,-17.56309301761263
45.0801,45.0801,225.0,228.60746617940595,204.07806815305557,-32.88746617940595
45.0996,45.0996,244.0,227.96021122496688,204.12793090650229,-13.240211224966885
45.119,45.119,220.0,227.34619813697242,204.17744732004135,-36.62619813697242
45.1385,45.1385,259.0,226.75739890409972,204.22712782491152,2.9626010959002826
45.158,45.158,234.0,226.19536359587389,204.27671690063357,-21.475363595873887
45.1774,45.1774,214.0,225.6614771251296,204.32596090024097,-40.94147712512961
45.1969,45.1969,215.0,225.14876941519455,204.37536744793198,-39.42876941519455
45.2163,45.2163,211.0,224.66121227000855,204.4244297647423,-42.94121227000855
45.2358,45.2358,217.0,224.19272875045257,204.47365360274867,-36.472728750452575
45.2552,45.2552,252.0,223.74676454986135,204.5225340578222,-1.0267645498613547
45.2747,45.2747,221.0,223.31790084523993,204.57157500807097,-31.597900845239934
45.2942,45.2942,234.0,222.90738788713307,204.6205242134812,-18.18738788713307
45.3136,45.3136,256.0,222.51627533714642,204.6691313140159,4.203724662853574
45.3331,45.3331,219.0,222.13972279404908,204.71789737103455,-32.41972279404908
45.3525,45.3525,220.0,221.7807729789038,204.7663221778144,-31.0607729789038
45.372,45.372,201.0,221.4349595535158,204.81490491728778,-49.7149595535158
45.3914,45.3914,245.0,221.10509553254235,204.86314726379427,-5.385095532542351
45.4109,45.4109,228.0,220.78707351873572,204.9115465201199,-22.067073518735725
45.4304,45.4304,244.0,220.48207258662026,204.95985373783034,-5.762072586620263
45.4498,45.4498,236.0,220.19093609337895,205.00782185448222,-13.470936093378953
45.4693,45.4693,239.0,219.910097052041,205.0559453470783,-10.190097052041011
45.4887,45.4887,222.0,219.64188891982758,205.10373060238118,-26.92188891982758
45.5082,45.5082,220.0,219.3830098702517,205.15167021310728,-28.6630098702517
45.5276,45.5276,229.0,219.13572607082835,205.1992724528622,-19.415726070828356
45.5471,45.5471,219.0,218.89698623910098,205.24702802848466,-29.176986239100984
45.5666,45.5666,261.0,218.66769085853778,205.29469129344938,13.052309141462217
45.586,45.586,210.0,218.44852089265186,205.3420184927922,-37.72852089265186
45.6055,45.6055,211.0,218.2368043742295,205.38949749920104,-36.51680437422951
45.6249,45.6249,217.0,218.03442518342334,205.43664131260874,-30.31442518342334
45.6444,45.6444,235.0,217.83890996396804,205.4839359160018,-12.118909963968036
45.6638,45.6638,257.0,217.6519347445845,205.53089620149404,10.06806525541549
45.6833,45.6833,210.0,217.47133070104843,205.5780062609045,-36.75133070104843
45.7028,45.7028,235.0,217.29767455665836,205.62502375917038,-11.577674556658366
45.7222,45.7222,254.0,217.1316147150951,205.67170825791777,7.588385284904888
45.7417,45.7417,214.0,216.9711358851835,205.71854100711008,-32.25113588518349
45.7611,45.7611,236.0,216.8176305547539,205.76504163798953,-10.097630554753891
45.7806,45.7806,206.0,216.66930320641794,205.81168950584225,-39.94930320641794
45.8,45.8,195.0,216.52743814282832,205.85800613899025,-50.80743814282832
45.8195,45.8195,214.0,216.39035464755506,205.9044689967014,-31.670354647555058
45.839,45.839,226.0,216.2585764593117,205.95083906415778,-19.538576459311713
45.8584,45.8584,236.0,216.13254163352232,205.99687922791995,-9.412541633522324
45.8779,45.8779,238.0,216.01078272093653,206.0430640983519,-7.290782720936534
45.8973,45.8973,190.0,215.89436734385453,206.08891995461113,-55.17436734385453
45.9168,45.9168,219.0,215.7819202964883,206.13491950784476,-26.061920296488296
45.9362,45.9362,225.0,215.67442521912417,206.18059093875306,-19.954425219124175
45.9557,45.9557,231.0,215.5705984584714,206.22640505804918,-13.85059845847141
45.9752,45.9752,226.0,215.4708934021398,206.2721261791777,-18.75089340213981
45.9946,45.9946,214.0,215.37563693080395,206.3175205212177,-30.65563693080395
46.0141,46.0141,228.0,215.2837095375802,206.36305603958098,-16.563709537580195
46.0335,46.0335,230.0,215.19591358574914,206.40826567642586,-14.47591358574914
46.053,46.053,219.0,215.1112090858396,206.45361548384,-25.39120908583959
46.0724,46.0724,213.0,215.0303790203603,206.49864030955573,-31.3103790203603
46.0919,46.0919,215.0,214.95245244223017,206.5438043012424,-29.23245244223017
46.1114,46.1114,195.0,214.877758033618,206.58887510786738,-49.157758033617995
46.1308,46.1308,203.0,214.80651934986432,206.63362228785758,-41.08651934986432
46.1503,46.1503,212.0,214.73794478267237,206.67850712782933,-32.01794478267237
46.1697,46.1697,223.0,214.67261626201838,206.72306924651977,-20.95261626201838
46.1892,46.1892,241.0,214.60976723220406,206.76776802354252,-2.889767232204065
46.2086,46.2086,221.0,214.54995156700326,206.81214498681166,-22.829951567003263
46.2281,46.2281,230.0,214.49247973522685,206.85665760796599,-13.772479735226852
46.2476,46.2476,238.0,214.43758430695576,206.90107687800406,-5.717584306955757
46.267,46.267,228.0,214.38543983646625,206.94517570078256,-15.665439836466248
46.2865,46.2865,211.0,214.3354323984284,206.9894086817755,-32.615432398428396
46.3059,46.3059,233.0,214.28800176242697,207.03332212838183,-10.568001762426974
46.3254,46.3254,242.0,214.24259865275013,207.07736873581973,-1.5225986527501334
46.3448,46.3448,227.0,214.19961943570632,207.1210967238437,-16.479619435706326
46.3643,46.3643,225.0,214.15855848641732,207.16495687656416,-18.43855848641732
46.3838,46.3838,232.0,214.11956261560383,207.2087235327746,-11.399562615603827
46.4032,46.4032,228.0,214.08278126855683,207.2521729471015,-15.36278126855683
46.4227,46.4227,210.0,214.04776484110164,207.29575303301363,-33.32776484110164
46.4421,46.4421,216.0,214.01482278748546,207.33901679717334,-27.294822787485458
46.4616,46.4616,212.0,213.98356153774716,207.38241023996136,-31.263561537747165
46.481,46.481,226.0,213.95424872090885,207.42548828315321,-17.23424872090885
46.5005,46.5005,218.0,213.9265215196219,207.46869501330985,-25.2065215196219
46.52,46.52,217.0,213.90050842738543,207.5118081220443,-26.180508427385433
46.5394,46.5394,251.0,213.87627850661866,207.55460721935833,7.843721493381338
46.5589,46.5589,216.0,213.85353788836932,207.59753351732323,-27.133537888369318
46.5783,46.5783,196.0,213.83246442967655,207.64014673099692,-47.11246442967655
46.5978,46.5978,204.0,213.81282364795337,207.68288615694854,-39.09282364795337
46.6172,46.6172,225.0,213.79476480184834,207.7253134276896,-18.074764801848346
46.6367,46.6367,241.0,213.77806337384314,207.7678659236737,-2.05806337384314
46.6562,46.6562,247.0,213.76278744075864,207.8103246936263,3.9572125592413556
46.6756,46.6756,216.0,213.74895037845022,207.8524727068011,-27.02895037845022
46.6951,46.6951,234.0,213.73640281701375,207.89474446593772,-9.016402817013756
46.7145,46.7145,220.0,213.7252270398925,207.9367064021659,-23.005227039892503
46.734,46.734,221.0,213.71527525742513,207.97879110072302,-21.995275257425135
46.7534,46.7534,217.0,213.70662040131512,208.02056691211908,-25.986620401315122
46.7729,46.7729,245.0,213.69914947166603,208.0624645035935,2.020850528333966
46.7924,46.7924,213.0,213.69288211424845,208.10426828455095,-29.97288211424845
46.8118,46.8118,212.0,213.68781055917447,208.14576458665135,-30.967810559174467
46.8313,46.8313,226.0,213.68385057215932,208.18738119681421,-16.963850572159316
46.8507,46.8507,210.0,213.68103366635683,208.22869126847343,-32.961033666356826
46.8702,46.8702,233.0,213.67929563768223,208.27012066945645,-9.959295637682231
46.8896,46.8896,212.0,213.678635646402,208.3112444740943,-30.958635646402
46.9091,46.9091,227.0,213.67902636838062,208.35248663074327,-15.95902636838062
46.9285,46.9285,228.0,213.68043670102514,208.39342413498997,-14.960436701025145
46.948,46.948,228.0,213.6828565168421,208.43447901537337,-14.962856516842095
46.9675,46.9675,203.0,213.6862743568722,208.4754400059024,-39.96627435687219
46.9869,46.9869,194.0,213.69064115674124,208.51609776446173,-48.97064115674124
47.0064,47.0064,225.0,213.695984125673,208.55687143681945,-17.975984125672994
47.0258,47.0258,199.0,213.70222348724968,208.59734282552324,-43.982223487249684
47.0453,47.0453,214.0,213.7094196110582,208.6379291558025,-28.989419611058196
47.0647,47.0647,221.0,213.7174760089138,208.6782141524559,-21.997476008913793
47.0842,47.0842,225.0,213.72645912632024,208.71861311994323,-18.006459126320237
47.1037,47.1037,199.0,213.73632090798128,208.7589181584138,-44.01632090798128
47.1231,47.1231,208.0,213.74697580538717,208.79892329269137,-35.02697580538717
47.1426,47.1426,235.0,213.75853805785448,208.839040943251,-8.038538057854481
47.162,47.162,211.0,213.77086726037126,208.87885964383867,-32.05086726037126
47.1815,47.1815,192.0,213.78407881862512,208.9187898937254,-51.06407881862512
47.2009,47.2009,224.0,213.79802450691113,208.95842214950176,-19.078024506911134
47.2204,47.2204,222.0,213.81284033413684,208.9981649891181,-21.092840334136838
47.2399,47.2399,257.0,213.8284455305219,209.03781388009105,13.891554469478109
47.2593,47.2593,225.0,213.84474181043979,209.07716621501046,-18.124741810439787
47.2788,47.2788,226.0,213.86188423056598,209.1166276872276,-17.141884230565978
47.2982,47.2982,223.0,213.87969769009592,209.15579356326734,-20.159697690095925
47.3177,47.3177,218.0,213.8983499807413,209.19506761501006,-25.178349980741302
47.3371,47.3371,229.0,213.91764425130663,209.23404703202078,-14.197644251306627
47.3566,47.3566,244.0,213.93777187988977,209.2731336647055,0.7822281201102328
47.3761,47.3761,218.0,213.95862374260915,209.31212634847725,-25.23862374260915
47.3955,47.3955,196.0,213.98008976728363,209.35082584382354,-47.26008976728363
47.415,47.415,245.0,214.00237794301293,209.38963111653246,1.717622056987068
47.4344,47.4344,248.0,214.02525732732838,209.42814416609895,4.694742672671623
47.4539,47.4539,216.0,214.04895799553705,209.46676203696762,-27.328957995537053
47.4733,47.4733,212.0,214.0732299098465,209.50508865147555,-31.353229909846505
47.4928,47.4928,229.0,214.09832350523698,209.54351913283264,-14.378323505236978
47.5123,47.5123,214.0,214.12410917815888,209.58185568418472,-29.404109178158876
47.5317,47.5317,217.0,214.15044667931133,209.61990243336146,-26.43044667931133
47.5512,47.5512,227.0,214.17760757546077,209.65805161952474,-16.45760757546077
47.5706,47.5706,229.0,214.20530036156643,209.69591197395567,-14.48530036156643
47.5901,47.5901,214.0,214.2338203081673,209.73387381499174,-29.51382030816731
47.6095,47.6095,212.0,214.26286929641836,209.7715477961674,-31.54286929641836
47.629,47.629,214.0,214.29274634403225,209.8093223152151,-29.572746344032254
47.6485,47.6485,242.0,214.32330572335695,209.8470029421648,-1.6033057233569536
47.6679,47.6679,237.0,214.3543742491928,209.88439717095005,-6.634374249192803
47.6874,47.6874,244.0,214.38628461693574,209.92189051640855,0.3337153830642592
47.7068,47.7068,254.0,214.41870635232053,209.95909843906117,10.301293647679472
47.7263,47.7263,204.0,214.45197243089584,209.99640453382747,-39.73197243089584
47.7457,47.7457,219.0,214.48575006682438,210.0334261825057,-24.76575006682438
47.7652,47.7652,221.0,214.52038350403575,210.07054506042675,-22.80038350403575
47.7847,47.7847,228.0,214.55570446299782,210.1075701029767,-15.835704462997825
47.8041,47.8041,232.0,214.59153033719002,210.1443121682795,-11.871530337190023
47.8236,47.8236,197.0,214.62823194639205,210.18115005050265,-46.90823194639205
47.843,47.843,199.0,214.66544308758947,210.21770593550994,-44.94544308758947
47.8625,47.8625,238.0,214.70354588588697,210.25435669884072,-5.983545885886969
47.8819,47.8819,223.0,214.7421564938574,210.290726446277,-21.02215649385741
47.9014,47.9014,193.0,214.7816779373953,210.3271901351685,-51.0616779373953
47.9209,47.9209,220.0,214.8219209484951,210.3635600640568,-24.101920948495092
47.9403,47.9403,254.0,214.8626791094379,210.3996504526736,9.857320890562107
47.9598,47.9598,221.0,214.90438040635038,210.4358333795093,-23.184380406350385
47.9792,47.9792,220.0,214.94660444359113,210.4717377505364,-24.22660444359113
47.9987,47.9987,240.0,214.98979914610936,210.50773372728733,-4.269799146109364
48.0181,48.0181,218.0,215.03352240091613,210.54345213391417,-26.313522400916128
48.0376,48.0376,193.0,215.0782348478277,210.57926121553766,-51.3582348478277
48.0571,48.0571,233.0,215.12373151706566,210.61497663098774,-11.403731517065665
48.0765,48.0765,215.0,215.1697785996244,210.65041595835885,-29.44977859962441
48.096,48.096,190.0,215.216868284159,210.68594456678343,-54.49686828415901
48.1154,48.1154,211.0,215.26451689886957,210.72119807578423,-33.544516898869574
48.1349,48.1349,236.0,215.31323854102175,210.7565399395824,-8.593238541021748
48.1543,48.1543,257.0,215.36254574619994,210.7916076937658,12.357454253800057
48.1738,48.1738,210.0,215.4129594951895,210.82676287829727,-34.69295949518951
48.1933,48.1933,213.0,215.4642513922992,210.8618245087681,-31.74425139229919
48.2127,48.2127,229.0,215.51615017763586,210.89661351773393,-15.796150177635866
48.2322,48.2322,213.0,215.56921874831423,210.93148857260206,-31.84921874831423
48.2516,48.2516,237.0,215.62293003863306,210.96609199857556,-7.902930038633059
48.2711,48.2711,229.0,215.67785526647828,211.00078055056943,-15.957855266478276
48.2905,48.2905,206.0,215.7334524995015,211.03519846736526,-39.01345249950151
48.31,48.31,216.0,215.79031137298463,211.0697005921449,-29.070311372984634
48.3295,48.3295,240.0,215.84816771393142,211.1041092930809,-5.128167713931418
48.3489,48.3489,209.0,215.90674229478785,211.1382488526387,-36.18674229478785
48.3684,48.3684,232.0,215.96666555311398,211.1724712454335,-13.246665553113985
48.3878,48.3878,222.0,216.0273399562898,211.2064254931799,-23.30733995628981
48.4073,48.4073,250.0,216.08942159052776,211.24046166078946,4.6305784094722355
48.4267,48.4267,236.0,216.15229551012266,211.27423068069987,-9.432295510122657
48.4462,48.4462,228.0,216.2166500682798,211.3080807089824,-17.49665006827979
48.4657,48.4657,213.0,216.28217198770565,211.34183746156344,-32.56217198770565
48.4851,48.4851,233.0,216.34856247386463,211.37532856562342,-12.628562473864633
48.5046,48.5046,234.0,216.41653679948513,211.4088993132064,-11.69653679948513
48.524,48.524,211.0,216.48542542163491,211.44220541208406,-34.765425421634916
48.5435,48.5435,220.0,216.55598395919066,211.47559024775055,-25.835983959190656
48.5629,48.5629,226.0,216.6275078002441,211.50871143548025,-19.907507800244105
48.5824,48.5824,243.0,216.700781676084,211.5419104551849,-2.980781676084007
48.6019,48.6019,232.0,216.7754851320318,211.5750163650762,-14.055485132031805
48.6213,48.6213,219.0,216.851258353091,211.60786013121788,-27.131258353091
48.6408,48.6408,210.0,216.9289361432494,211.64078037457918,-36.20893614324939
48.6602,48.6602,212.0,217.00775415994417,211.67343947726047,-34.28775415994417
48.6797,48.6797,221.0,217.0885753056227,211.70617415719667,-25.3685753056227
48.6991,48.6991,230.0,217.17062585364536,211.73864870040958,-16.450625853645363
48.7186,48.7186,259.0,217.2548031018178,211.7711979228699,12.4651968981822
48.7381,48.7381,211.0,217.340748229985,211.8036542189721,-35.620748229985
48.7575,48.7575,237.0,217.4280489713476,211.83585188720113,-9.708048971347608
48.777,48.777,209.0,217.51767055100217,211.8681228902089,-37.79767055100217
48.7964,48.7964,231.0,217.60876148463467,211.90013627143708,-15.88876148463467
48.8159,48.8159,234.0,217.70233225696907,211.93222209437712,-12.982332256969073
48.8353,48.8353,215.0,217.79747555326577,211.9640513024528,-32.07747555326577
48.8548,48.8548,225.0,217.89525563571743,211.99595206116646,-22.175255635717434
48.8743,48.8743,216.0,217.99525264041816,212.02776009436576,-31.27525264041816
48.8937,48.8937,242.0,218.0970384891952,212.05931302586984,-5.3770384891952006
48.9132,48.9132,231.0,218.20171383085756,212.09093617402107,-16.481713830857558
48.9326,48.9326,218.0,218.30831013845432,212.12230522936642,-29.588310138454318
48.9521,48.9521,231.0,218.41801991525858,212.1537436153158,-16.698019915258584
48.9715,48.9715,240.0,218.5298031800536,212.18492891810536,-7.809803180053592
48.991,48.991,225.0,218.6449321143807,212.21618266748487,-22.92493211438071
49.0105,49.0105,216.0,218.76291168384364,212.2473439094027,-32.04291168384364
49.0299,49.0299,235.0,218.88324977460678,212.2782535853083,-13.163249774606783
49.0494,49.0494,230.0,219.00730410959866,212.30923038447816,-18.287304109598665
49.0688,49.0688,223.0,219.13391252609884,212.3399566290944,-25.41391252609884
49.0883,49.0883,203.0,219.26453073729328,212.37074911808006,-45.544530737293286
49.1077,49.1077,218.0,219.39792682857146,212.40129206466324,-30.677926828571458
49.1272,49.1272,229.0,219.53562889377895,212.43190037878526,-19.81562889377895
49.1467,49.1467,246.0,219.67712506727045,212.4624164205286,-2.9571250672704537
49.1661,49.1661,229.0,219.82180471267708,212.49268444065729,-20.10180471267708
49.1856,49.1856,256.0,219.97134958114907,212.5230165158494,6.748650418850929
49.205,49.205,235.0,220.1243662282459,212.55310158323016,-14.404366228245891
49.2245,49.2245,237.0,220.28263417124685,212.5832498340505,-12.562634171246856
49.2439,49.2439,223.0,220.4447385290877,212.61315209149157,-26.724738529087688
49.2634,49.2634,216.0,220.61257088344487,212.6431166628471,-33.892570883444876
49.2829,49.2829,219.0,220.78550417423244,212.67298921375837,-31.065504174232444
49.3023,49.3023,218.0,220.96284485267165,212.70261729538325,-32.24284485267165
49.3218,49.3218,238.0,221.14667141268342,212.73230638947956,-12.426671412683419
49.3412,49.3412,225.0,221.33540413308378,212.76175203021495,-25.615404133083786
49.3607,49.3607,214.0,221.53119048669663,212.7912578191896,-36.81119048669663
49.3801,49.3801,229.0,221.73236578798597,212.82052117129408,-22.01236578798597
49.3996,49.3996,212.0,221.94131846937663,212.8498438095386,-39.22131846937663
49.4191,49.4191,221.0,222.15733131424994,212.87907469594555,-30.437331314249946
49.4385,49.4385,245.0,222.37966103999855,212.90806467254748,-6.659661039998554
49.458,49.458,236.0,222.61088312547915,212.93711264505862,-15.89088312547915
49.4774,49.4774,202.0,222.84908291921275,212.96592072559122,-50.12908291921275
49.4969,49.4969,238.0,223.0971467419887,212.99478594531135,-14.377146741988696
49.5163,49.5163,236.0,223.35295183797567,213.02341229138221,-16.632951837975668
49.5358,49.5358,259.0,223.61967212171098,213.0520949220856,6.100327878289022
49.5553,49.5553,223.0,223.8964539224447,213.0806860860515,-30.176453922444693
49.5747,49.5747,255.0,224.18240949018707,213.1090399060757,1.5375905098129294
49.5942,49.5942,245.0,224.48108251525838,213.13744873189037,-8.76108251525838
49.6136,49.6136,248.0,224.79000586092684,213.16562123327205,-6.070005860926841
49.6331,49.6331,235.0,225.11310356342798,213.19384789135017,-19.393103563427985
49.6525,49.6525,250.0,225.44770234846052,213.22183924494448,-4.727702348460525
49.672,49.672,272.0,225.79805850729753,213.24988390834085,16.921941492702473
49.6914,49.6914,228.0,226.16144451844798,213.2776942876253,-27.44144451844798
49.7109,49.7109,231.0,226.54254025386783,213.30555713202685,-24.822540253867828
49.7304,49.7304,241.0,226.94041784709847,213.3333289001624,-15.220417847098474
49.7498,49.7498,230.0,227.35394887410456,213.3608679168105,-26.63394887410456
49.7693,49.7693,214.0,227.78852759960674,213.38845813463053,-43.06852759960674
49.7887,49.7887,260.0,228.2410291113577,213.4158166223154,2.4789708886422943
49.8082,49.8082,255.0,228.7172311789839,213.44322547205348,-2.9972311789838955
49.8276,49.8276,261.0,229.21379081203077,213.47040361336997,2.506209187969233
49.8471,49.8471,245.0,229.7373820891229,213.49763127986245,-14.01738208912289
49.8666,49.8666,242.0,230.28709267179076,213.52476819221445,-17.56709267179076
49.886,49.886,249.0,230.86191125371664,213.55167593066832,-11.141911253716643
49.9055,49.9055,258.0,231.4694640331685,213.5786319421355,-2.7494640331684934
49.9249,49.9249,237.0,232.10583131018672,213.6053598022452,-24.385831310186717
49.9444,49.9444,247.0,232.77993179188078,213.63213510413786,-15.059931791880786
49.9638,49.9638,256.0,233.48731340005986,213.6586832775138,-6.767313400059862
49.9833,49.9833,246.0,234.23820928327495,213.6852780637159,-17.518209283274956
50.0028,50.0028,246.0,235.03191507634082,213.71178243380842,-18.311915076340824
50.0222,50.0222,252.0,235.86755917573115,213.73806121148576,-13.147559175731146
50.0417,50.0417,247.0,236.75747160458363,213.7643853617768,-19.03747160458363
50.0611,50.0611,249.0,237.69644351264918,213.79048494316848,-17.976443512649183
50.0806,50.0806,263.0,238.69882640659463,213.8166290739431,-4.978826406594635
50.1,50.1,240.0,239.7589987978269,213.8425496595739,-29.038998797826906
50.1195,50.1195,256.0,240.8934133447773,213.8685139736617,-14.173413344777288
50.139,50.139,276.0,242.10307788328873,213.89438822539714,4.616922116711265
50.1584,50.1584,285.0,243.3877638571374,213.92004046935028,12.332236142862598
50.1779,50.1779,259.0,244.76822300963073,213.94573521366328,-15.048223009630732
50.1973,50.1973,275.0,246.23849131763328,213.97120897447383,-0.518491317633277
50.2168,50.2168,240.0,247.8230447450409,213.9967244205221,-37.103044745040904
50.2362,50.2362,267.0,249.51653892532616,214.0220199075275,-11.79653892532616
50.2557,50.2557,283.0,251.34731656851847,214.04735626698428,2.3726834314815335
50.2752,50.2752,283.0,253.32090074167746,214.07260293339363,0.39909925832253634
50.2946,50.2946,252.0,255.44048722316955,214.09763117906618,-32.720487223169556
50.3141,50.3141,283.0,257.74472842373746,214.1226990813705,-4.024728423737457
50.3335,50.3335,317.0,260.22966556531316,214.14754958777272,27.490334434686844
50.353,50.353,279.0,262.9411903583048,214.17243894390077,-13.221190358304824
50.3724,50.3724,260.0,265.8765653732906,214.19711192908144,-35.15656537329059
50.3919,50.3919,325.0,269.09391656980694,214.22182295944805,26.626083430193063
50.4114,50.4114,312.0,272.609694936803,214.2464446814403,10.11030506319699
50.4308,50.4308,339.0,276.44070368788954,214.27085157142352,33.27929631211046
50.4503,50.4503,348.0,280.6651516954801,214.29529530321008,38.05484830451988
50.4697,50.4697,308.0,285.28683624442317,214.31952522816914,-6.566836244423172
50.4892,50.4892,331.0,290.4059044784197,214.34379119634738,11.314095521580299
50.5086,50.5086,336.0,296.02777418271955,214.3678443829411,10.692225817280445
50.5281,50.5281,362.0,302.27818684036595,214.39193281656563,30.44181315963405
50.5476,50.5476,338.0,309.20233769386357,214.41593234167848,-0.4823376938635704
50.567,50.567,331.0,316.84377267111967,214.4397206244675,-15.123772671119667
50.5865,50.5865,366.0,325.3729133785966,214.46354296349838,11.347086621403406
50.6059,50.6059,407.0,334.79999559540533,214.4871550855284,42.920004404594664
50.6254,50.6254,436.0,345.32848896260145,214.51080047364158,61.391511037398544
50.6448,50.6448,424.0,356.95753553135415,214.5342366700798,37.762464468645845
50.6643,50.6643,383.0,369.9144016261519,214.5577053448677,-16.194401626151915
50.6838,50.6838,457.0,384.2432716013408,214.58108552601723,43.47672839865922
50.7032,50.7032,519.0,399.9324582603396,214.60425805476757,89.78754173966038
50.7227,50.7227,541.0,417.17891052208415,214.6274618838264,94.54108947791585
50.7421,50.7421,479.0,435.7726560983326,214.65045908574652,13.94734390166738
50.7616,50.7616,522.0,455.77704564624224,214.67348680634387,36.942954353757756
50.781,50.781,528.0,476.7347016904747,214.69630892500808,21.98529830952529
50.8005,50.8005,543.0,498.42345764371936,214.71916078317213,15.29654235628064
50.82,50.82,552.0,520.1275588149628,214.7419245774027,2.592441185037245
50.8394,50.8394,609.0,540.9380929191927,214.7644843086867,38.78190708080726
50.8589,50.8589,579.0,560.1406487289686,214.78707261432837,-10.420648728968587
50.8783,50.8783,585.0,576.583897482816,214.80945788201953,-20.863897482816043
50.8978,50.8978,600.0,589.5699641990884,214.83187095106456,-18.84996419908842
50.9172,50.9172,595.0,598.3457184965113,214.8540820070426,-32.62571849651127
50.9367,50.9367,603.0,602.6983299511437,214.87632009385302,-28.978329951143706
50.9562,50.9562,505.0,602.6033432299869,214.89847056108738,-126.88334322998688
50.9756,50.9756,515.0,598.379981020258,214.9204205536506,-112.65998102025802
50.9951,50.9951,517.0,590.4202731099184,214.94239642495148,-102.70027310991841
51.0145,51.0145,471.0,579.2776244165558,214.96417284611246,-137.5576244165558
51.034,51.034,479.0,565.3163538211038,214.98597438173312,-115.5963538211038
51.0534,51.0534,457.0,549.1610282866654,215.00757749157583,-121.44102828666544
51.0729,51.0729,421.0,531.1457631642331,215.02920495411007,-139.42576316423313
51.0924,51.0924,431.0,511.89905558229464,215.05074525589927,-110.17905558229464
51.1118,51.1118,435.0,492.0877299624551,215.07208866941696,-86.36772996245512
51.1313,51.1313,385.0,472.0578006881705,215.0934552967247,-116.33780068817052
51.1507,51.1507,342.0,452.49853014353715,215.11462605962888,-139.77853014353715
51.1702,51.1702,357.0,433.6024305765751,215.13581928086734,-105.8824305765751
51.1896,51.1896,385.0,415.8410449448579,215.1568176613447,-60.121044944857914
51.2091,51.2091,339.0,399.204555504161,215.1778377472376,-89.48455550416102
51.2286,51.2286,354.0,383.87039386972003,215.19877114551124,-59.150393869720034
51.248,51.248,354.0,369.91810924234534,215.21951123934454,-45.19810924234534
51.2675,51.2675,314.0,357.1700792663298,215.24027191302824,-72.45007926632982
51.2869,51.2869,311.0,345.68693816261805,215.26084030527977,-63.96693816261805
51.3064,51.3064,312.0,335.26350914093337,215.28142853084262,-52.54350914093337
51.3258,51.3258,319.0,325.9118156938124,215.30182549770026,-36.1918156938124
51.3453,51.3453,282.0,317.44193205932993,215.322241553894,-64.72193205932993
51.3648,51.3648,281.0,309.81050670131583,215.34257140971008,-58.09050670131583
51.3842,51.3842,288.0,302.9636842744637,215.36271154166263,-44.243684274463675
51.4037,51.4037,289.0,296.75003824476823,215.38286965086263,-37.030038244768235
51.4231,51.4231,236.0,291.16267184434946,215.4028390581529,-84.44267184434946
51.4426,51.4426,241.0,286.0777214068117,215.42282570516113,-74.35772140681169
51.462,51.462,264.0,281.4894083263014,215.44262467187684,-46.769408326301374
51.4815,51.4815,262.0,277.29845643699906,215.46244014337097,-44.57845643699906
51.501,51.501,255.0,273.48314321680607,215.48216991566557,-47.76314321680607
51.5204,51.5204,256.0,270.02071589064093,215.50171354073996,-43.30071589064093
51.5399,51.5399,273.0,266.83914235447224,215.521272572118,-23.119142354472245
51.5593,51.5593,270.0,263.9397193470298,215.54064647698218,-23.21971934702978
51.5788,51.5788,253.0,261.26470664232534,215.56003505972103,-37.54470664232534
51.5982,51.5982,252.0,258.8169671233966,215.57923953626099,-36.09696712339658
51.6177,51.6177,237.0,256.55015880631544,215.59845796486232,-48.83015880631544
51.6372,51.6372,234.0,254.458018811001,215.6175912092002,-49.73801881100101
51.6566,51.6566,234.0,252.5330796526652,215.6365418783541,-47.81307965266521
51.6761,51.6761,260.0,250.74053056947506,215.65550541484333,-20.020530569475056
51.6955,51.6955,235.0,249.08544806844162,215.67428739541648,-43.36544806844162
51.715,51.715,251.0,247.53930559829604,215.69308152408567,-25.81930559829604
51.7344,51.7344,238.0,246.10739831998234,215.71169511566097,-37.38739831998234
51.7539,51.7539,233.0,244.76556175256755,215.73032013873376,-41.04556175256755
51.7734,51.7734,263.0,243.51284682215527,215.74886050605792,-9.79284682215527
51.7928,51.7928,213.0,242.34785248135057,215.76722186496067,-58.62785248135057
51.8123,51.8123,236.0,241.25162779775908,215.7855935845156,-34.531627797759086
51.8317,51.8317,234.0,240.22942780607573,215.80378731328935,-35.509427806075735
51.8512,51.8512,218.0,239.26508590194146,215.82199069275282,-50.54508590194146
51.8706,51.8706,228.0,238.36382783638328,215.84001709857594,-39.64382783638328
51.8901,51.8901,234.0,237.5117524231956,215.85805244779166,-32.79175242319559
51.9096,51.9096,242.0,236.70953523464502,215.87600368317345,-23.989535234645018
51.929,51.929,212.0,235.95727121876348,215.89377947096258,-53.23727121876348
51.9485,51.9485,194.0,235.2437323390012,215.91156314530906,-70.52373233900121
51.9679,51.9679,232.0,234.57337857925086,215.9291723878879,-31.853378579250858
51.9874,51.9874,250.0,233.936411674915,215.94678881642395,-13.216411674915008
52.0068,52.0068,246.0,233.33680144541043,215.96423182846496,-16.61680144541043
52.0263,52.0263,201.0,232.76601608307948,215.98168132855247,-61.04601608307948
52.0458,52.0458,235.0,232.2250314752245,215.99904726994168,-26.505031475224513
52.0652,52.0652,231.0,231.71455533393504,216.0162413179791,-29.99455533393504
52.0847,52.0847,235.0,231.22744497472647,216.03344081136424,-25.507444974726468
52.1041,52.1041,227.0,230.76701764438684,216.05046942522202,-33.04701764438684
52.1236,52.1236,236.0,230.32698101545003,216.06750279327335,-23.60698101545003
52.143,52.143,260.0,229.91041752639066,216.08436629501648,0.8095824736093391
52.1625,52.1625,232.0,229.5117826711009,216.101233862512,-26.79178267110089
52.182,52.182,228.0,229.132039106613,216.1180184394867,-30.41203910661301
52.2014,52.2014,241.0,228.77184202795914,216.13463467011522,-17.05184202795914
52.2209,52.2209,230.0,228.42639675800504,216.1512539380576,-27.70639675800504
52.2403,52.2403,218.0,228.0983745682267,216.1677058712938,-39.37837456822669
52.2598,52.2598,202.0,227.78343695359416,216.18416016021743,-55.06343695359416
52.2792,52.2792,249.0,227.48399968939898,216.2004481254174,-7.763999689398986
52.2987,52.2987,237.0,227.19614750190712,216.21673776741434,-19.47614750190712
52.3182,52.3182,234.0,226.92081399958704,216.23294499993102,-22.20081399958704
52.3376,52.3376,246.0,226.65858829758395,216.24898742523078,-9.938588297583948
52.3571,52.3571,257.0,226.40613214179774,216.26503051327032,1.3138678582022578
52.3765,52.3765,249.0,226.16546360226997,216.28090980336648,-6.445463602269967
52.396,52.396,236.0,225.93350724562973,216.29678908418373,-19.213507245629728
52.4154,52.4154,229.0,225.71219443038578,216.31250557562225,-25.99219443038578
52.4349,52.4349,217.0,225.4987281364061,216.32822138852148,-37.7787281364061
52.4544,52.4544,223.0,225.2937995829918,216.34385538566497,-31.573799582991796
52.4738,52.4738,237.0,225.09798830851403,216.35932810620974,-17.377988308514034
52.4933,52.4933,229.0,224.90884388560485,216.37479914865764,-25.188843885604854
52.5127,52.5127,201.0,224.72798268163876,216.390109921234,-53.007982681638765
52.5322,52.5322,243.0,224.5531630474155,216.40541835338053,-10.833163047415496
52.5516,52.5516,210.0,224.38583859607863,216.42056752162256,-43.66583859607863
52.5711,52.5711,207.0,224.22397025251178,216.43571368988225,-46.50397025251178
52.5905,52.5905,216.0,224.06891911217951,216.45070159942995,-37.348919112179516
52.61,52.61,253.0,223.91882920173592,216.4656858522294,-0.19882920173591856
52.6295,52.6295,223.0,223.77424728139715,216.4805890709183,-30.054247281397153
52.6489,52.6489,215.0,223.63561385533632,216.4953355384898,-37.91561385533632
52.6684,52.6684,243.0,223.50124918683983,216.51007736856562,-9.78124918683983
52.6878,52.6878,227.0,223.3723486521413,216.52466345071596,-25.652348652141313
52.7073,52.7073,189.0,223.24734890245674,216.53924424560157,-63.52734890245674
52.7267,52.7267,210.0,223.12734385153377,216.55367029492845,-42.40734385153377
52.7462,52.7462,221.0,223.01088641304486,216.5680904100296,-31.29088641304486
52.7657,52.7657,231.0,222.89846455424302,216.5824301130633,-21.17846455424302
52.7851,52.7851,231.0,222.79043070379285,216.5966165737964,-21.07043070379285
52.8046,52.8046,248.0,222.68551131393767,216.61079613431588,-3.965511313937668
52.824,52.824,201.0,222.5846367986829,216.62482345277536,-50.86463679868291
52.8435,52.8435,208.0,222.48660705452014,216.63884323110966,-43.766607054520136
52.8629,52.8629,212.0,222.39231656318373,216.65271176674972,-39.67231656318373
52.8824,52.8824,223.0,222.30065197364203,216.66657212518183,-28.580651973642034
52.9019,52.9019,246.0,222.2119741409237,216.68035270568564,-5.491974140923702
52.9213,52.9213,201.0,222.1266051065972,216.6939835421545,-50.4066051065972
52.9408,52.9408,238.0,222.04353808241572,216.70760525029624,-13.323538082415723
52.9602,52.9602,202.0,221.96354120611556,216.72107821151835,-49.243541206115566
52.9797,52.9797,214.0,221.88567917731697,216.73454141443148,-37.165679177316974
52.9991,52.9991,221.0,221.810646254341,216.74785686661602,-30.09064625434101
53.0186,53.0186,238.0,221.7375774305707,216.76116193335864,-13.017577430570697
53.0381,53.0381,226.0,221.66677185351801,216.77438786822918,-24.946771853518015
53.0575,53.0575,230.0,221.5985074958777,216.787467546172,-20.8785074958777
53.077,53.077,212.0,221.53199298153535,216.800535902529,-38.811992981535354
53.0964,53.0964,203.0,221.46782801530398,216.8134589957762,-47.74782801530398
53.1159,53.1159,204.0,221.4052694296042,216.82637014745555,-46.685269429604205
53.1353,53.1353,204.0,221.3449093170094,216.8391370288697,-46.62490931700941
53.1548,53.1548,250.0,221.28604404260057,216.85189135160272,-0.5660440426005664
53.1743,53.1743,230.0,221.2289319518093,216.86456720025788,-20.508931951809302
53.1937,53.1937,221.0,221.17377417876207,216.87710026733353,-29.453774178762075
53.2132,53.2132,202.0,221.11996714221294,216.88961985466312,-48.399967142212944
53.2326,53.2326,218.0,221.06799323767294,216.90199765076315,-32.34799323767294
53.2521,53.2521,229.0,221.01725992278674,216.91436135720343,-21.297259922786736
53.2715,53.2715,218.0,220.9682417115752,216.9265842617426,-32.24824171157519
53.291,53.291,209.0,220.92037199076464,216.93879246959617,-41.20037199076464
53.3105,53.3105,227.0,220.87387673958173,216.95092287272524,-23.153876739581733
53.3299,53.3299,235.0,220.82892669798494,216.96291395726954,-15.108926697984941
53.3494,53.3494,218.0,220.7850138857601,216.97488943924333,-32.065013885760095
53.3688,53.3688,230.0,220.7425505082377,216.98672658934584,-20.022550508237714
53.3883,53.3883,241.0,220.70104882940302,216.99854753709906,-8.981048829403022
53.4077,53.4077,201.0,220.6609095688177,217.01023113862507,-48.94090956881769
53.4272,53.4272,226.0,220.62167523576719,217.02189794092973,-23.901675235767186
53.4467,53.4467,224.0,220.58351467615765,217.03348761924326,-25.86351467615765
53.4661,53.4661,208.0,220.54658615346492,217.0449414290253,-41.826586153464916
53.4856,53.4856,236.0,220.5104673024007,217.05637754897927,-13.790467302400714
53.505,53.505,210.0,220.47550775296082,217.06767878331198,-39.755507752960824
53.5245,53.5245,223.0,220.4413120494744,217.07896173823752,-26.721312049474392
53.5439,53.5439,235.0,220.40819857081058,217.09011078933543,-14.688198570810584
53.5634,53.5634,208.0,220.37579229094305,217.1012409743718,-41.655792290943054
53.5829,53.5829,201.0,220.34424862279758,217.11229472735175,-48.62424862279758
53.6023,53.6023,257.0,220.31369298613907,217.1232160483306,7.406307013860925
53.6218,53.6218,195.0,220.2837847038655,217.134117628015,-54.56378470386551
53.6412,53.6412,205.0,220.25479703641204,217.14488775464028,-44.534797036412044
53.6607,53.6607,212.0,220.22642154420092,217.15563756065472,-37.50642154420092
53.6801,53.6801,208.0,220.19891851355513,217.16625689138885,-41.47891851355513
53.6996,53.6996,224.0,220.1719810178984,217.1768553251381,-25.45198101789839
53.7191,53.7191,187.0,220.14573569268396,217.18737802978765,-62.42573569268396
53.7385,53.7385,206.0,220.12028168290905,217.19777172486837,-43.40028168290905
53.758,53.758,208.0,220.09534942240563,217.20814366319777,-41.375349422405634
53.7774,53.7774,277.0,220.07116845021616,217.2183875667691,27.648831549783836
53.7969,53.7969,241.0,220.04746946221303,217.22860914459645,-8.327469462213031
53.8163,53.8163,224.0,220.02448111626185,217.23870366126692,-25.304481116261854
53.8358,53.8358,215.0,220.00194278235037,217.24877528616028,-34.28194278235037
53.8553,53.8553,206.0,219.97996705538813,217.25877189575417,-43.25996705538813
53.8747,53.8747,218.0,219.9586399368451,217.26864290354447,-31.23863993684509
53.8942,53.8942,224.0,219.93772497221258,217.27849017534774,-25.21772497221258
53.9136,53.9136,223.0,219.9174245326741,217.28821281586585,-26.19742453267409
53.9331,53.9331,242.0,219.89750938507376,217.29791116178734,-7.177509385073762
53.9525,53.9525,202.0,219.878177198742,217.3074858456866,-47.15817719874201
53.972,53.972,232.0,219.85921133397943,217.31703567935585,-17.139211333979432
53.9915,53.9915,216.0,219.84069632282416,217.32651122218977,-33.12069632282416
54.0109,54.0109,209.0,219.82271193169348,217.33586455575653,-40.10271193169348
54.0304,54.0304,230.0,219.8050625213399,217.34519221052685,-19.085062521339893
54.0498,54.0498,201.0,219.78791661999315,217.35439862209637,-48.067916619993156
54.0693,54.0693,244.0,219.7710855378527,217.3635788067005,-5.051085537852714
54.0887,54.0887,212.0,219.75472449166358,217.37263871286967,-37.03472449166358
54.1082,54.1082,206.0,219.73866406028404,217.38167184689658,-43.01866406028404
54.1277,54.1277,230.0,219.72297146913533,217.39063142503784,-19.002971469135332
54.1471,54.1471,228.0,219.7077170132303,217.39947217066313,-20.98771701323031
54.1666,54.1666,224.0,219.6927334240609,217.40828533130804,-24.97273342406089
54.186,54.186,220.0,219.67815878237545,217.41698062089387,-28.95815878237545
54.2055,54.2055,240.0,219.66384217590434,217.42564778782648,-8.943842175904337
54.2249,54.2249,224.0,219.6499169342627,217.43419804381162,-24.929916934262707
54.2444,54.2444,235.0,219.6362295542363,217.4427196424784,-13.91622955423631
54.2639,54.2639,214.0,219.62284651124898,217.45116843051554,-34.90284651124898
54.2833,54.2833,187.0,219.60982022971507,217.45950174645336,-61.88982022971507
54.3028,54.3028,202.0,219.59701652462738,217.4678056080447,-46.87701652462738
54.3222,54.3222,253.0,219.58455359864504,217.47599495422833,4.135446401354955
54.3417,54.3417,218.0,219.57229518610075,217.48415431894253,-30.852295186100747
54.3611,54.3611,226.0,219.56036165632315,217.49220012355127,-22.840361656323154
54.3806,54.3806,207.0,219.54861896344724,217.50021542259043,-41.82861896344724
54.4001,54.4001,197.0,219.53712743808578,217.5081586663832,-51.81712743808578
54.4195,54.4195,200.0,219.52593398281698,217.51598978161581,-48.80593398281698
54.439,54.439,212.0,219.51491629918678,217.5237896101396,-36.79491629918678
54.4584,54.4584,232.0,219.50418069234576,217.53147826187558,-16.784180692345757
54.4779,54.4779,210.0,219.49361208767175,217.5391351103818,-38.77361208767175
54.4973,54.4973,225.0,219.48331225500883,217.54668173243957,-23.763312255008827
54.5168,54.5168,191.0,219.47316908588107,217.5541960377838,-57.75316908588107
54.5363,54.5363,208.0,219.46322844094783,217.56163905321353,-40.74322844094783
54.5557,54.5557,208.0,219.45353471683222,217.5689732662077,-40.733534716832224
54.5752,54.5752,208.0,219.44398400110597,217.57627439731442,-40.723984001105975
54.5946,54.5946,212.0,219.43466850981537,217.5834676726868,-36.71466850981537
54.6141,54.6141,222.0,219.42548694388555,217.5906273603027,-26.705486943885546
54.6335,54.6335,231.0,219.41652521208917,217.59768013740916,-17.69652521208917
54.653,54.653,178.0,219.4076915653619,217.6046988239416,-70.68769156536189
54.6725,54.6725,213.0,219.39902387220982,217.61164699566058,-35.679023872209825
54.6919,54.6919,234.0,219.3905627330167,217.61848967312426,-14.670562733016709
54.7114,54.7114,184.0,219.38221544861096,217.62529751087868,-64.66221544861097
54.7308,54.7308,227.0,219.3740604122013,217.6320007958572,-21.65406041220129
54.7503,54.7503,227.0,219.36601474367032,217.63866874595783,-21.64601474367032
54.7697,54.7697,205.0,219.35815340887254,217.64523308324345,-43.63815340887254
54.7892,54.7892,209.0,219.35039130688577,217.6517615935473,-39.63039130688577
54.8087,54.8087,220.0,219.34276448503616,217.6582203737294,-28.622764485036157
54.8281,54.8281,225.0,219.33531057525275,217.664576949368,-23.61531057525275
54.8476,54.8476,214.0,219.32794672877918,217.67089696499897,-34.60794672877918
54.867,54.867,217.0,219.32074448022883,217.6771157121959,-31.600744480228826
54.8865,54.8865,197.0,219.31362596830044,217.68329741496353,-51.593625968300444
54.9059,54.9059,221.0,219.30666025918208,217.6893787838458,-27.586660259182082
54.9254,54.9254,267.0,219.29977338734443,217.69542262695467,18.42022661265557
54.9449,54.9449,192.0,219.29299870525273,217.70139753404487,-56.57299870525273
54.9643,54.9643,216.0,219.28636530420627,217.70727350731758,-32.56636530420627
54.9838,54.9838,227.0,219.27980172199284,217.71311123796852,-21.55980172199284
55.0032,55.0032,224.0,219.27337213421114,217.71885096539464,-24.553372134211145
55.0227,55.0227,213.0,219.26700815630056,217.7245519765688,-35.54700815630056
55.0421,55.0421,209.0,219.26077172606543,217.73015591350867,-39.54077172606543
55.0616,55.0616,232.0,219.25459610455627,217.73572066365637,-16.53459610455627
55.0811,55.0811,216.0,219.24850968125898,217.7412172811212,-32.52850968125898
55.1005,55.1005,215.0,219.2425401555676,217.74661821599744,-33.52254015556761
55.12,55.12,205.0,219.23662454599128,217.7519792634759,-43.51662454599128
55.1394,55.1394,221.0,219.23082093728794,217.75724555329717,-27.510820937287946
55.1589,55.1589,210.0,219.22506667516257,217.76247149292467,-38.50506667516257
55.1783,55.1783,207.0,219.2194158228107,217.76760359818306,-41.499415822810704
55.1978,55.1978,220.0,219.21381204391128,217.77269489355376,-28.493812043911277
55.2173,55.2173,204.0,219.20827929474024,217.7777188686308,-44.48827929474024
55.2367,55.2367,231.0,219.2028441823256,217.78265039234685,-17.482844182325607
55.2562,55.2562,228.0,219.19744708256727,217.7875404218747,-20.477447082567267
55.2756,55.2756,216.0,219.19214356657426,217.7923389191685,-32.47214356657426
55.2951,55.2951,193.0,219.18687513105752,217.7970954703535,-55.46687513105752
55.3145,55.3145,189.0,219.1816940498338,217.8017614067476,-59.461694049833795
55.334,55.334,246.0,219.17654413049073,217.80638494822563,-2.4565441304907267
55.3534,55.3534,229.0,219.171476580071,217.8109187906608,-19.451476580070988
55.3729,55.3729,247.0,219.1664377179379,217.81540979248894,-1.446437717937897
55.3924,55.3924,200.0,219.16145225749307,217.81983453145236,-48.44145225749307
55.4118,55.4118,186.0,219.15654259544553,217.82417094296406,-62.43654259544553
55.4313,55.4313,200.0,219.15165583698928,217.82846385061785,-48.43165583698928
55.4507,55.4507,213.0,219.14684090810815,217.83266934227777,-35.42684090810815
55.4702,55.4702,205.0,219.14204661336356,217.83683089219767,-43.42204661336356
55.4896,55.4896,219.0,219.13732063484883,217.84090593584637,-29.417320634848835
55.5091,55.5091,218.0,219.13261271657615,217.8449366030003,-30.41261271657615
55.5286,55.5286,223.0,219.12794428239636,217.84890183969978,-25.407944282396357
55.548,55.548,215.0,219.12333802657565,217.85278193259893,-33.40333802657565
55.5675,55.5675,203.0,219.11874531555966,217.85661700219032,-45.398745315559665
55.5869,55.5869,199.0,219.1142121048854,217.8603678333149,-49.39421210488541
55.6064,55.6064,221.0,219.10968973205235,217.86407321421171,-27.389689732052346
55.6258,55.6258,209.0,219.10522149544877,217.86769526020097,-39.385221495448775
55.6453,55.6453,225.0,219.10076287013072,217.87127143217987,-23.380762870130724
55.6648,55.6648,217.0,219.09633358426382,217.87478301458006,-31.37633358426382
55.6842,55.6842,222.0,219.09195551700012,217.87821261521708,-26.371955517000117
55.7037,55.7037,226.0,219.08758111698324,217.8815957115219,-22.367581116983246
55.7231,55.7231,211.0,219.08325571033754,217.8848977251359,-37.36325571033754
55.7426,55.7426,187.0,219.07893248438984,217.88815281849475,-61.35893248438984
55.762,55.762,194.0,219.07465440975074,217.891327726422,-54.35465440975074
55.7815,55.7815,209.0,219.0703759161398,217.89445530131817,-39.3503759161398
55.801,55.801,220.0,219.06611780092484,217.89751913579823,-28.346117800924844
55.8204,55.8204,218.0,219.0619017195874,217.9005041284606,-30.341901719587412
55.8399,55.8399,204.0,219.05768277653547,217.903441174312,-44.33768277653547
55.8593,55.8593,205.0,219.05350239497224,217.90630027102196,-43.33350239497224
55.8788,55.8788,204.0,219.04931640939208,217.90911101602816,-44.32931640939208
55.8982,55.8982,203.0,219.04516691336107,217.9118447027177,-45.32516691336107
55.9177,55.9177,228.0,219.04101029747906,217.9145296359669,-20.321010297479063
55.9372,55.9372,212.0,219.03686735164968,217.91715168607,-36.31686735164968
55.9566,55.9566,218.0,219.0327574097736,217.91969801173877,-30.31275740977361
55.9761,55.9761,213.0,219.02863710093516,217.92219498677727,-35.30863710093516
55.9955,55.9955,226.0,219.02454779716246,217.92461712352807,-22.304547797162456
56.015,56.015,236.0,219.02044681629548,217.92698951581735,-12.300446816295477
56.0344,56.0344,198.0,219.01637540484984,217.9292879540765,-50.29637540484984
56.0539,56.0539,197.0,219.0122906595801,217.9315362572076,-51.29229065958009
56.0734,56.0734,213.0,219.00821128625978,217.9337225423913,-35.28821128625978
56.0928,56.0928,206.0,219.00415934553573,217.93583619749742,-42.28415934553573
56.1123,56.1123,229.0,219.00009098225462,217.93789913692078,-19.28009098225462
56.1317,56.1317,222.0,218.996047707243,217.93989032575212,-26.27604770724301
56.1512,56.1512,230.0,218.99198595378638,217.94183041616046,-18.271985953786384
56.1706,56.1706,226.0,218.98794821785302,217.94369963353608,-22.267948217853018
56.1901,56.1901,223.0,218.9838912114952,217.9455173729212,-25.263891211495206
56.2096,56.2096,229.0,218.97983466474133,217.94727396730747,-19.259834664741334
56.229,56.229,235.0,218.97579938478972,217.9489610024882,-13.255799384789725
56.2485,56.2485,207.0,218.97174278445837,217.9505959958014,-41.25174278445837
56.2679,56.2679,221.0,218.96770444047633,217.95216230260417,-27.247704440476326
56.2874,56.2874,235.0,218.9636443131775,217.9536761959176,-13.243644313177498
56.3068,56.3068,201.0,218.95960214443429,217.95512227345273,-47.239602144434286
56.3263,56.3263,208.0,218.9555354676049,217.9565155690573,-40.235535467604905
56.3458,56.3458,215.0,218.95146427748543,217.9578486001822,-33.23146427748543
56.3652,56.3652,214.0,218.9474100982313,217.9591151190377,-34.2274100982313
56.3847,56.3847,215.0,218.94332964028578,217.96032830880293,-33.22332964028578
56.4041,56.4041,208.0,218.93926342452087,217.96147585207552,-40.219263424520875
56.4236,56.4236,227.0,218.93517090453926,217.96256970578057,-21.215170904539264
56.443,56.443,210.0,218.93109129678416,217.9635987767705,-38.21109129678416
56.4625,56.4625,204.0,218.92698324064142,217.96457380090305,-44.20698324064142
56.482,56.482,228.0,218.92286723889467,217.965489448467,-20.20286723889467
56.5014,56.5014,214.0,218.91876347241703,217.96634160631646,-34.19876347241703
56.5209,56.5209,193.0,218.91462852376708,217.96713918690332,-55.19462852376708
56.5403,56.5403,182.0,218.91050557895176,217.96787413650816,-66.19050557895176
56.5598,56.5598,218.0,218.9063507437026,217.96855415954144,-30.186350743702604
56.5792,56.5792,229.0,218.90220658205808,217.96917240829038,-19.182206582058086
56.5987,56.5987,221.0,218.8980292239174,217.96973538435282,-27.178029223917406
56.6182,56.6182,250.0,218.89384095146966,217.97023987897043,1.826159048530343
56.6376,56.6376,204.0,218.88966095618386,217.9706838816087,-44.16966095618386
56.6571,56.6571,248.0,218.88544688173127,217.9710720979439,-0.16544688173127042
56.6765,56.6765,243.0,218.88124132995554,217.97140067386385,-5.161241329955544
56.696,56.696,226.0,218.8770000331009,217.9716731253623,-22.1570000331009
56.7154,56.7154,178.0,218.8727666567798,217.97188678593955,-70.15276665677979
56.7349,56.7349,210.0,218.8684972228832,217.9720439871769,-38.14849722288321
56.7544,56.7544,232.0,218.8642124542099,217.9721436091271,-16.144212454209907
56.7738,56.7738,222.0,218.85993416257512,217.97218571158103,-26.139934162575116
56.7933,56.7933,203.0,218.85561822003422,217.97217085789865,-45.13561822003422
56.8127,56.8127,218.0,218.85130863043,217.9720993289932,-30.13130863043
56.8322,56.8322,220.0,218.84696024216788,217.97197051704399,-28.126960242167883
56.8516,56.8516,215.0,218.84261712072276,217.9717858720406,-33.122617120722765
56.8711,56.8711,238.0,218.83823437862816,217.9715436202912,-10.11823437862816
56.8906,56.8906,201.0,218.83383367091736,217.97124469826713,-47.11383367091736
56.91,56.91,257.0,218.82943794746967,217.97089120355201,8.890562052530328
56.9295,56.9295,255.0,218.82500150380372,217.9704796221432,6.89499849619628
56.9489,56.9489,183.0,218.82056910973407,217.97001430490536,-65.10056910973407
56.9684,56.9684,232.0,218.8160943727893,217.96949058529574,-16.09609437278931
56.9878,56.9878,231.0,218.81162398180365,217.96891396458068,-17.09162398180365
57.0073,57.0073,223.0,218.80711069520808,217.96827862902603,-25.087110695208082
57.0268,57.0268,212.0,218.80257781221624,217.96758753888528,-36.08257781221624
57.0462,57.0462,228.0,218.79804737796246,217.966844796761,-20.078047377962463
57.0657,57.0657,179.0,218.79347380445017,217.96604287672437,-69.07347380445017
57.0851,57.0851,213.0,218.7889028456801,217.9651901340365,-35.0689028456801
57.1046,57.1046,225.0,218.7842872910763,217.9642779090042,-23.06428729107631
57.124,57.124,222.0,218.77967423799055,217.96331568848095,-26.05967423799055
57.1435,57.1435,193.0,218.77501604394678,217.96229368439583,-55.05501604394678
57.163,57.163,228.0,218.77033536158896,217.96121684791,-20.050335361588964
57.1824,57.1824,205.0,218.76565712322326,217.96009125363787,-43.045657123223265
57.2019,57.2019,223.0,218.7609323508837,217.9589054296291,-25.040932350883708
57.2213,57.2213,236.0,218.75620950876518,217.95767166951978,-12.036209508765182
57.2408,57.2408,196.0,218.75143909901382,217.95637738650257,-52.031439099013824
57.2602,57.2602,216.0,218.74667085538292,217.95503598686548,-32.02667085538292
57.2797,57.2797,209.0,218.74185469065065,217.9536337743678,-39.021854690650656
57.2992,57.2992,207.0,218.73701474323659,217.95217765797292,-41.01701474323659
57.3186,57.3186,225.0,218.73217634599237,217.95067565107178,-23.012176345992373
57.3381,57.3381,197.0,218.72728876734794,217.9491124020539,-51.007288767347944
57.3575,57.3575,239.0,218.7224025631903,217.947504076454,-9.002402563190287
57.377,57.377,204.0,218.71746713315284,217.94583422684005,-43.99746713315284
57.3964,57.3964,227.0,218.71253252955134,217.9441201123306,-20.99253252955134
57.4159,57.4159,233.0,218.7075474113631,217.94234419513165,-14.987547411363096
57.4354,57.4354,212.0,218.702537742618,217.9405153086779,-35.98253774261801
57.4548,57.4548,214.0,218.69752901772833,217.93864337168057,-33.97752901772833
57.4743,57.4743,223.0,218.69246940325263,217.93670921967387,-24.97246940325263
57.4937,57.4937,190.0,218.68741004761145,217.93473282317316,-57.96741004761145
57.5132,57.5132,186.0,218.68229979812443,217.9326939410507,-61.962299798124434
57.5326,57.5326,221.0,218.67718967030635,217.9306136182142,-26.95718967030635
57.5521,57.5521,222.0,218.67202754200113,217.92847054236836,-25.952027542001133
57.5716,57.5716,233.0,218.66683927351963,217.92627543787017,-14.946839273519629
57.591,57.591,211.0,218.66165188829572,217.92404009508002,-36.94165188829572
57.6105,57.6105,203.0,218.65641159272417,217.92174160391198,-44.93641159272417
57.6299,57.6299,189.0,218.65117191956622,217.91940367251553,-58.931171919566225
57.6494,57.6494,248.0,218.64587858500119,217.91700233342314,0.07412141499881386
57.6688,57.6688,221.0,218.64058574889106,217.9145623498648,-26.920585748891057
57.6883,57.6883,226.0,218.63523905003436,217.9120587025197,-21.91523905003436
57.7078,57.7078,210.0,218.6298655688342,217.9095039729059,-37.90986556883419
57.7272,57.7272,217.0,218.62449270110224,217.90691178915299,-30.904492701102242
57.7467,57.7467,209.0,218.61906487490873,217.90425556320838,-38.89906487490873
57.7661,57.7661,223.0,218.61363799669846,217.9015626730928,-24.89363799669846
57.7856,57.7856,206.0,218.6081555286613,217.89880549276924,-41.888155528661315
57.805,57.805,210.0,218.60267404050222,217.8960124359109,-37.88267404050222
57.8245,57.8245,235.0,218.5971369769347,217.89315484405742,-12.877136976934707
57.844,57.844,239.0,218.59157194020202,217.89024712192088,-8.871571940202017
57.8634,57.8634,243.0,218.58600782889692,217.88730470131867,-4.866007828896926
57.8829,57.8829,218.0,218.58038728676343,217.88429738428943,-29.860387286763427
57.9023,57.9023,173.0,218.57476793968414,217.8812561505595,-74.85476793968414
57.9218,57.9218,233.0,218.56909176817595,217.87814978369377,-14.849091768175953
57.9412,57.9412,238.0,218.56341629042998,217.87501027953013,-9.843416290429985
57.9607,57.9607,211.0,218.557683893375,217.8718054087522,-36.837683893375015
57.9802,57.9802,234.0,218.5519230329378,217.8685513651002,-13.831923032937794
57.9996,57.9996,212.0,218.54616364534706,217.8652653498018,-35.826163645347066
58.0191,58.0191,221.0,218.54034644141583,217.86191362343706,-26.820346441415836
58.0385,58.0385,233.0,218.53453056912264,217.85853069888205,-14.814530569122638
58.058,58.058,204.0,218.52865600078454,217.85508183786337,-43.80865600078454
58.0774,58.0774,214.0,218.52278347318253,217.85160254971834,-33.80278347318253
58.0969,58.0969,196.0,218.51685196361993,217.84805710294327,-51.79685196361993
58.1163,58.1163,235.0,218.51092248212345,217.84448199770506,-12.790922482123449
58.1358,58.1358,233.0,218.50493346589693,217.84084051490174,-14.784933465896927
58.1553,58.1553,229.0,218.49891600275242,217.837151097758,-18.778916002752425
58.1747,58.1747,207.0,218.49290067744573,217.83343317160805,-40.77290067744573
58.1942,58.1942,228.0,218.48682537934488,217.82964854527583,-19.76682537934488
58.2136,58.2136,209.0,218.48075263788368,217.8258361725591,-38.760752637883684
58.2331,58.2331,217.0,218.474619475218,217.82195688880736,-30.754619475217993
58.2525,58.2525,211.0,218.46848909225872,217.81805061886288,-36.74848909225872
58.272,58.272,185.0,218.46229829927003,217.81407723026203,-62.74229829927003
58.2915,58.2915,211.0,218.45607816739417,217.81005687645293,-36.73607816739417
58.3109,58.3109,199.0,218.4498609711149,217.80601067313538,-48.7298609711149
58.3304,58.3304,213.0,218.44358276913815,217.8018970455293,-34.72358276913815
58.3498,58.3498,236.0,218.4373080213679,217.79775832249265,-11.717308021367899
58.3693,58.3693,241.0,218.4309716852368,217.79355197562793,-6.710971685236814
58.3887,58.3887,231.0,218.4246384818942,217.78932128495188,-16.704638481894193
58.4082,58.4082,232.0,218.4182441236375,217.78502277413918,-15.698244123637494
58.4277,58.4277,210.0,218.41182007457817,217.78067827208562,-37.691820074578175
58.4471,58.4471,223.0,218.40540004822384,217.77631054998164,-24.68540004822384
58.4666,58.4666,233.0,218.39891755936753,217.77187471909153,-14.678917559367534
58.486,58.486,210.0,218.3924394991638,217.7674164135852,-37.6724394991638
58.5055,58.5055,221.0,218.38589881006436,217.7628898110644,-26.665898810064363
58.5249,58.5249,211.0,218.37936260503668,217.7583414768748,-36.65936260503668
58.5444,58.5444,212.0,218.37276337460307,217.75372466067228,-35.65276337460307
58.5639,58.5639,230.0,218.36613500256297,217.74906283185234,-17.64613500256297
58.5833,58.5833,223.0,218.35951115558515,217.7443803820531,-24.639511155585154
58.6028,58.6028,236.0,218.3528243626685,217.7396291785691,-11.632824362668515
58.6222,58.6222,224.0,218.34614272205684,217.73485809079835,-23.62614272205684
58.6417,58.6417,204.0,218.3393972414156,217.73001807242153,-43.61939724141561
58.6611,58.6611,201.0,218.3326574586,217.72515890393615,-46.61265745860001
58.6806,58.6806,222.0,218.32585358983903,217.7202306311519,-25.60585358983903
58.7001,58.7001,199.0,218.31902055440918,217.7152583288509,-48.59902055440918
58.7195,58.7195,222.0,218.31219360399476,217.7102679739142,-25.592193603994758
58.739,58.739,214.0,218.30530217034774,217.7052082599765,-33.585302170347745
58.7584,58.7584,226.0,218.29841699656868,217.70013122125792,-21.578416996568677
58.7779,58.7779,234.0,218.2914673235963,217.69498465791835,-13.571467323596295
58.7973,58.7973,223.0,218.28452436495678,217.68982149511118,-24.56452436495678
58.8168,58.8168,224.0,218.2775165964775,217.6845886452894,-23.557516596477512
58.8363,58.8363,230.0,218.27047941562336,217.67931275334993,-17.550479415623357
58.8557,58.8557,212.0,218.26344966073964,217.67402134605646,-35.54344966073964
58.8752,58.8752,230.0,218.25635460578417,217.6686600140056,-17.53635460578417
58.8946,58.8946,225.0,218.24926703148907,217.66328388552347,-22.52926703148907
58.9141,58.9141,205.0,218.2421140979325,217.6578376779576,-42.5221140979325
58.9335,58.9335,206.0,218.23496884158877,217.6523773903151,-41.51496884158877
58.953,58.953,224.0,218.2277580040203,217.64684687248635,-23.507758004020303
58.9725,58.9725,193.0,218.22051821542127,217.64127430405821,-54.500518215421266
58.9919,58.9919,234.0,218.2132868607526,217.63568872616787,-13.49328686075259
59.0114,59.0114,226.0,218.20598955150768,217.63003269729458,-21.485989551507686
59.0308,59.0308,213.0,218.19870064177715,217.62436436885739,-34.47870064177715
59.0503,59.0503,243.0,218.19134587091253,217.6186254463949,-4.471345870912529
59.0697,59.0697,230.0,218.18400015226433,217.61287493167256,-17.464000152264333
59.0892,59.0892,219.0,218.17658783786544,217.60705368310346,-28.45658783786544
59.1087,59.1087,210.0,218.16914677634705,217.60119137939355,-37.44914677634705
59.1281,59.1281,214.0,218.16171587853023,217.5953185404022,-33.44171587853023
59.1476,59.1476,265.0,218.15421772273302,217.58937476369738,17.565782277266976
59.167,59.167,222.0,218.14672989314002,217.5834211524941,-25.42672989314002
59.1865,59.1865,222.0,218.13917495661107,217.57739647180784,-25.419174956611073
59.2059,59.2059,219.0,218.13163045217559,217.57136265478653,-28.411630452175586
59.2254,59.2254,205.0,218.12401881687114,217.5652576397299,-42.404018816871144
59.2449,59.2449,205.0,218.11637903517575,217.55911256875254,-42.396379035175755
59.2643,59.2643,215.0,218.10875021140208,217.55295940464802,-32.38875021140208
59.2838,59.2838,212.0,218.1010538627099,217.54673485555273,-35.381053862709905
59.3032,59.3032,225.0,218.0933689688853,217.5405029049094,-22.373368968885302
59.3227,59.3227,217.0,218.08561650149977,217.53419944876546,-30.365616501499773
59.3421,59.3421,225.0,218.07787582734792,217.52788928000777,-22.357875827347925
59.3616,59.3616,216.0,218.07006727708188,217.52150748845264,-31.350067277081877
59.3811,59.3811,211.0,218.06223106901925,217.51508664377923,-36.34223106901925
59.4005,59.4005,207.0,218.05440710535072,217.5086601157979,-40.33440710535072
59.42,59.42,223.0,218.0465150777508,217.5021617949535,-24.3265150777508
59.4394,59.4394,223.0,218.03863603342023,217.49565847308955,-24.318636033420233
59.4589,59.4589,215.0,218.0306888092845,217.48908324909698,-32.3106888092845
59.4783,59.4783,241.0,218.02275458830067,217.48250370370388,-6.302754588300672
59.4978,59.4978,227.0,218.01475238534152,217.47585215012552,-20.294752385341525
59.5173,59.5173,223.0,218.00672233448162,217.46916254963455,-24.286722334481624
59.5367,59.5367,214.0,217.9987063643419,217.462469643018,-33.2787063643419
59.5562,59.5562,210.0,217.99062168490335,217.45570457501594,-37.27062168490335
59.5756,59.5756,215.0,217.9825514518001,217.4489368738004,-32.26255145180011
59.5951,59.5951,228.0,217.97441242959937,217.44209691316178,-19.25441242959937
59.6145,59.6145,213.0,217.96628822055322,217.4352549895286,-34.246288220553225
59.634,59.634,203.0,217.9580950359546,217.42834071163827,-44.238095035954615
59.6535,59.6535,229.0,217.94987496938387,217.42138939626568,-18.22987496938387
59.6729,59.6729,220.0,217.94166994508717,217.41443711901667,-27.22166994508717
59.6924,59.6924,196.0,217.93339615097213,217.40741235114862,-51.21339615097213
59.7118,59.7118,213.0,217.92513811202468,217.4003872848569,-34.205138112024684
59.7313,59.7313,242.0,217.91681072117672,217.3932896411178,-5.196810721176718
59.7507,59.7507,220.0,217.90849984461738,217.38619235969105,-27.188499844617382
59.7702,59.7702,225.0,217.90011936421698,217.3790224171863,-22.180119364216978
59.7897,59.7897,205.0,217.89171261866323,217.37181644967512,-42.171712618663236
59.8091,59.8091,219.0,217.88332246461718,217.36461183131416,-28.16332246461718
59.8286,59.8286,221.0,217.87486320592802,217.3573344323221,-26.154863205928024
59.848,59.848,230.0,217.86642098280862,217.35005903639214,-17.14642098280862
59.8675,59.8675,204.0,217.85790921816113,217.34271078419135,-43.13790921816113
59.8869,59.8869,223.0,217.84941526614722,217.3353651862248,-24.12941526614722
59.9064,59.9064,198.0,217.84085161756434,217.32794665953938,-49.12085161756434
59.9259,59.9259,236.0,217.8322618505366,217.32049312318983,-11.112261850536612
59.9453,59.9453,198.0,217.82369072254633,217.31304321351178,-49.10369072254633
59.9648,59.9648,208.0,217.8150496647057,217.3055202723377,-39.0950496647057
59.9842,59.9842,229.0,217.80642741990619,217.29800160212642,-18.086427419906187
60.0037,60.0037,213.0,217.79773510367752,217.29040983594592,-34.077735103677526
60.0231,60.0231,233.0,217.78906231844468,217.28282298225736,-14.06906231844468
60.0426,60.0426,215.0,217.7803193963808,217.27516297131106,-32.060319396380805
60.0621,60.0621,216.0,217.77155117377697,217.26746896873058,-31.05155117377697
60.0815,60.0815,221.0,217.7628028815264,217.25978083656074,-26.0428028815264
60.101,60.101,224.0,217.75398454917155,217.25201946109698,-23.03398454917155
60.1204,60.1204,222.0,217.745186280773,217.2442645906368,-25.025186280773
60.1399,60.1399,214.0,217.73631805842706,217.23643642355165,-33.01631805842706
60.1593,60.1593,234.0,217.72747061504145,217.22861539327903,-13.007470615041456
60.1788,60.1788,215.0,217.71855271109402,217.22072101622794,-31.99855271109402
60.1983,60.1983,212.0,217.70961027183307,217.21279366808116,-34.98961027183307
60.2177,60.2177,210.0,217.70068934332593,217.2048744000319,-36.980689343325935
60.2372,60.2372,194.0,217.69169808506865,217.19688171587097,-52.97169808506865
60.2566,60.2566,250.0,217.68272864036302,217.1888977366261,3.037271359636975
60.2761,60.2761,241.0,217.67368874945456,217.1808402990546,-5.953688749454557
60.2955,60.2955,198.0,217.66467122087963,217.17279218841244,-48.94467122087963
60.315,60.315,218.0,217.65558314780898,217.16467058039873,-28.935583147808984
60.3345,60.3345,247.0,217.64647109481237,217.15651702415752,0.07352890518762933
60.3539,60.3539,214.0,217.63738231229794,217.14837372338468,-32.917382312297946
60.3734,60.3734,243.0,217.62822269598357,217.1401568725691,-3.908222695983568
60.3928,60.3928,256.0,217.61908667301557,217.13195089219192,9.100913326984426
60.4123,60.4123,219.0,217.60987999366955,217.12367133064564,-27.889879993669553
60.4317,60.4317,230.0,217.60069712263024,217.1154032516816,-16.880697122630238
60.4512,60.4512,205.0,217.59144370071178,217.1070615635836,-41.87144370071178
60.4707,60.4707,209.0,217.58216716061835,217.09868895227694,-37.862167160618355
60.4901,60.4901,201.0,217.57291498816323,217.09032873723612,-45.852914988163235
60.5096,60.5096,194.0,217.5635921836848,217.08189487700878,-52.84359218368479
60.529,60.529,218.0,217.55429439468844,217.07347401809645,-28.834294394688442
60.5485,60.5485,208.0,217.54492579300896,217.06497949392994,-38.82492579300896
60.5679,60.5679,236.0,217.53558275400005,217.05649857328112,-10.815582754000047
60.5874,60.5874,210.0,217.5261690216129,217.04794397046334,-36.8061690216129
60.6069,60.6069,214.0,217.51673265664732,217.03935947142756,-32.79673265664732
60.6263,60.6263,214.0,217.507322497693,217.03078947463052,-32.787322497693
60.6458,60.6458,207.0,217.49784147396525,217.0221457761844,-39.77784147396525
60.6652,60.6652,238.0,217.4883870453036,217.01351717503496,-8.768387045303598
60.6847,60.6847,215.0,217.47886190411123,217.00481486319612,-31.758861904111228
60.7041,60.7041,197.0,217.4693638080998,216.9961282408455,-49.749363808099815
60.7236,60.7236,208.0,217.45979475931256,216.9873679019086,-38.73979475931256
60.7431,60.7431,216.0,217.45020397070547,216.97857869553707,-30.730203970705475
60.7625,60.7625,228.0,217.44064090054806,216.96980606230835,-18.720640900548062
60.782,60.782,223.0,217.43100714379017,216.96095970953664,-23.71100714379017
60.8014,60.8014,208.0,217.4214014081307,216.95213051490566,-38.70140140813069
60.8209,60.8209,229.0,217.41172476361763,216.94322760268543,-17.69172476361763
60.8403,60.8403,226.0,217.40207682553907,216.93434243071823,-20.68207682553907
60.8598,60.8598,201.0,217.3923580734155,216.92538354624904,-45.672358073415495
60.8793,60.8793,214.0,217.38261839836244,216.9163968247423,-32.66261839836244
60.8987,60.8987,219.0,217.3729077707052,216.9074287119755,-27.652907770705212
60.9182,60.9182,203.0,217.3631265357582,216.89838690022157,-43.6431265357582
60.9376,60.9376,214.0,217.35337494442703,216.88936427207855,-32.63337494442703
60.9571,60.9571,193.0,217.34355255777234,216.88026795786107,-53.62355255777234
60.9765,60.9765,193.0,217.33376032276294,216.87119139922115,-53.61376032276294
60.996,60.996,190.0,217.32389727973947,216.8620411705427,-56.60389727973947
61.0154,61.0154,249.0,217.31406484271074,216.85291126649886,2.4059351572892638
61.0349,61.0349,190.0,217.30416178329764,216.8437077115726,-56.584161783297645
61.0544,61.0544,212.0,217.29423868016602,216.83447764637995,-34.57423868016602
61.0738,61.0738,243.0,217.28434677327652,216.82526875466465,-3.564346773276526
61.0933,61.0933,211.0,217.2743841103269,216.8159862466772,-35.55438411032691
61.1127,61.1127,223.0,217.26445329636675,216.80672547392362,-23.544453296366754
61.1322,61.1322,232.0,217.25445176156344,216.797391111845,-14.534451761563446
61.1516,61.1516,198.0,217.24448228341964,216.78807904382907,-48.524482283419644
61.1711,61.1711,229.0,217.23444229903527,216.77869341654417,-17.514442299035267
61.1906,61.1906,220.0,217.22438320089472,216.76928231240655,-26.504383200894722
61.21,61.21,235.0,217.2143566627184,216.75989433578522,-11.494356662718388
61.2295,61.2295,210.0,217.20425981812488,216.75043285084837,-36.48425981812488
61.2489,61.2489,224.0,217.1941960223253,216.74099504491164,-22.474196022325287
61.2684,61.2684,231.0,217.1840617364895,216.73148376847806,-15.464061736489498
61.2878,61.2878,199.0,217.17396110817128,216.72199671958325,-47.453961108171285
61.3073,61.3073,235.0,217.16379002888715,216.7124362411078,-11.44379002888715
61.3268,61.3268,228.0,217.15360077359784,216.70285132021903,-18.433600773597846
61.3462,61.3462,213.0,217.1434456349889,216.69329144484135,-33.423445634988894
61.3657,61.3657,239.0,217.13322030865768,216.68365820711858,-7.413220308657685
61.3851,61.3851,214.0,217.1230295547001,216.67405055605715,-32.40302955470011
61.4046,61.4046,206.0,217.11276858254504,216.66436959130004,-40.392768582545045
61.424,61.424,239.0,217.1025427673963,216.65471475139222,-7.382542767396302
61.4435,61.4435,225.0,217.09224673298846,216.64498664952347,-21.372246732988458
61.463,61.463,224.0,217.08193321526792,216.6352351405276,-22.361933215267925
61.4824,61.4824,206.0,217.0716555714555,216.62551055878242,-40.351655571455495
61.5019,61.5019,199.0,217.06130778979406,216.6157127985306,-47.34130778979406
61.5213,61.5213,221.0,217.0509960839021,216.60594249628724,-25.330996083902107
61.5408,61.5408,202.0,217.04061448566543,216.5960990749741,-44.32061448566543
61.5602,61.5602,227.0,217.03026951934345,216.5862836394483,-19.31026951934345
61.5797,61.5797,217.0,217.01985454788402,216.57639514736266,-29.299854547884024
61.5992,61.5992,210.0,217.0094231271749,216.56648428410384,-36.2894231271749
61.6186,61.6186,193.0,216.99902888344056,216.55660219337616,-53.27902888344056
61.6381,61.6381,223.0,216.98856499033948,216.5466471456952,-23.268564990339485
61.6575,61.6575,222.0,216.97813850956916,216.53672139085324,-24.258138509569164
61.677,61.677,215.0,216.96764239142774,216.52672274923782,-31.247642391427746
61.6964,61.6964,213.0,216.95718454593475,216.51675391777465,-33.23718454593475
61.7159,61.7159,238.0,216.94665689982702,216.50671227277755,-8.22665689982702
61.7354,61.7354,212.0,216.93611369417596,216.49664929305024,-34.21611369417596
61.7548,61.7548,235.0,216.92560923695478,216.48661689447718,-11.205609236954786
61.7743,61.7743,198.0,216.91503532573077,216.47651179806016,-48.19503532573077
61.7937,61.7937,219.0,216.9045004401369,216.46643779260035,-27.1845004401369
61.8132,61.8132,224.0,216.89389632431377,216.45629117017245,-22.173896324313773
61.8326,61.8326,209.0,216.88333167911568,216.44617614549443,-37.163331679115686
61.8521,61.8521,214.0,216.87269781793586,216.43598858777042,-32.15269781793586
61.8716,61.8716,209.0,216.86204917234008,216.4257807320691,-37.14204917234008
61.891,61.891,223.0,216.85144094670653,216.4156052292967,-23.131440946706533
61.9105,61.9105,217.0,216.84076335358793,216.40535732517978,-29.120763353587932
61.9299,61.9299,201.0,216.83012644109758,216.39514227323616,-45.11012644109758
61.9494,61.9494,209.0,216.8194205902529,216.38485491147176,-37.09942059025289
61.9688,61.9688,195.0,216.8087556619716,216.3746008980998,-51.08875566197159
61.9883,61.9883,239.0,216.7980219551315,216.36427466946273,-7.078021955131504
62.0078,62.0078,202.0,216.78727458726664,216.353929179732,-44.06727458726664
62.0272,62.0272,214.0,216.77656866521733,216.34361777767128,-32.05656866521733
62.0467,62.0467,213.0,216.76579409749706,216.33323430798393,-33.045794097497065
62.0661,62.0661,214.0,216.75506159506838,216.3228854146006,-32.035061595068385
62.0856,62.0856,200.0,216.7442605796679,216.31246455571178,-46.024260579667896
62.105,62.105,218.0,216.73350190379517,216.3020787587216,-28.013501903795174
62.1245,62.1245,212.0,216.72267490264605,216.29162110136417,-34.00267490264605
62.144,62.144,234.0,216.71183510701087,216.28114521974902,-11.991835107010871
62.1634,62.1634,228.0,216.70103826509168,216.27070512333253,-17.981038265091684
62.1829,62.1829,215.0,216.6901732640317,216.26019333004723,-30.9701732640317
62.2023,62.2023,194.0,216.67935171208578,216.24971779993461,-51.95935171208578
62.2218,62.2218,201.0,216.6684621514269,216.23917068561965,-44.948462151426895
62.2412,62.2412,251.0,216.6576163472921,216.22866030939798,5.062383652707894
62.2607,62.2607,214.0,216.6467027235471,216.21807846464228,-31.926702723547095
62.2802,62.2802,197.0,216.63577714794252,216.20747943223765,-48.91577714794252
62.2996,62.2996,235.0,216.6248960572095,216.19691784517596,-10.904896057209498
62.3191,62.3191,219.0,216.61394734418053,216.1862849688583,-26.893947344180532
62.3385,62.3385,225.0,216.6030433752544,216.1756900051497,-20.883043375254402
62.358,62.358,249.0,216.592071894194,216.16502387534288,3.1279281058060064
62.3774,62.3774,234.0,216.5811456559126,216.1543961223442,-11.861145655912594
62.3969,62.3969,217.0,216.57015207668994,216.14369732939127,-28.850152076689938
62.4164,62.4164,217.0,216.55914762979984,216.13298238499226,-28.83914762979984
62.4358,62.4358,210.0,216.54818889461333,216.1223065085304,-35.828188894613334
62.4553,62.4553,221.0,216.5371631670401,216.1115597870892,-24.817163167040093
62.4747,62.4747,234.0,216.52618358615123,216.1008525900969,-11.806183586151235
62.4942,62.4942,196.0,216.51513702851963,216.09007468171873,-49.79513702851963
62.5136,62.5136,231.0,216.50413709395872,216.07933675122143,-14.78413709395872
62.5331,62.5331,229.0,216.49307037914858,216.0685282459015,-16.773070379148578
62.5526,62.5526,227.0,216.48199384981447,216.05770462475343,-18.761993849814473
62.572,62.572,214.0,216.47096445742017,216.04692165642692,-31.750964457420167
62.5915,62.5915,197.0,216.45986846305578,216.03606832386419,-48.739868463055785
62.6109,62.6109,236.0,216.44882005630154,216.02525608983623,-9.728820056301544
62.6304,62.6304,242.0,216.4377053562547,216.01437363554325,-3.7177053562546973
62.6498,62.6498,189.0,216.4266385537493,216.0035327224062,-56.706638553749315
62.6693,62.6693,191.0,216.4155057003756,215.9926217359286,-54.695505700375605
62.6888,62.6888,198.0,216.40436392238112,215.98169666847687,-47.684363922381124
62.7082,62.7082,232.0,216.3932705689139,215.97081380086857,-13.673270568913892
62.7277,62.7277,208.0,216.38211140937742,215.95986108602932,-37.66211140937742
62.7471,62.7471,217.0,216.37100106751478,215.94895100590557,-28.651001067514784
62.7666,62.7666,248.0,216.35982520300837,215.93797123284062,2.360174796991629
62.786,62.786,195.0,216.34869841834384,215.92703452625943,-50.628698418343845
62.8055,62.8055,223.0,216.337506373968,215.9160282839625,-22.617506373968013
62.825,62.825,218.0,216.3263063809579,215.90500899460275,-27.606306380957903
62.8444,62.8444,198.0,216.31515608525692,215.8940334140991,-47.59515608525692
62.8639,62.8639,223.0,216.30394077845494,215.88298853942155,-22.583940778454945
62.8833,62.8833,248.0,216.2927755043751,215.87198779759044,2.4272244956248983
62.9028,62.9028,229.0,216.28154540780181,215.86091792613232,-16.561545407801816
62.9222,62.9222,231.0,216.27036580485807,215.84989260839572,-14.550365804858075
62.9417,62.9417,207.0,216.25912155534036,215.8387983284971,-38.53912155534036
62.9612,62.9612,225.0,216.24787036128043,215.827692034325,-20.527870361280435
62.9806,62.9806,205.0,216.23667024598433,215.81663091987247,-40.51667024598433
63.0001,63.0001,217.0,216.2254057690033,215.8055011001379,-28.50540576900329
63.0195,63.0195,232.0,216.21419275909602,215.79441687319255,-13.494192759096023
63.039,63.039,200.0,216.2029155039292,215.7832641157062,-45.482915503929206
63.0584,63.0584,247.0,216.191690049851,215.77215736095278,1.5283099501490085
63.0779,63.0779,208.0,216.180400772617,215.76098225329903,-37.46040077261699
63.0974,63.0974,211.0,216.16910566353448,215.74979616286052,-34.44910566353448
63.1168,63.1168,212.0,216.15786271184993,215.7386566847218,-33.43786271184993
63.1363,63.1363,206.0,216.1465563104159,215.7274491258047,-39.42655631041589
63.1557,63.1557,219.0,216.1353024890901,215.7162885812995,-26.415302489090095
63.1752,63.1752,199.0,216.12398545398523,215.705060140886,-46.40398545398523
63.1946,63.1946,225.0,216.112721305011,215.69387911386022,-20.39272130501101
63.2141,63.2141,231.0,216.1013941927902,215.68263037867715,-14.381394192790196
63.2336,63.2336,209.0,216.09006225173954,215.6713716907181,-36.37006225173954
63.253,63.253,204.0,216.07878377495248,215.6601610092289,-41.358783774952485
63.2725,63.2725,224.0,216.0674426436337,215.64888290684692,-21.347442643633713
63.2919,63.2919,234.0,216.05615535276283,215.6376532020538,-11.33615535276283
63.3114,63.3114,201.0,216.0448056743801,215.62635627130038,-44.32480567438009
63.3308,63.3308,217.0,216.03351011344913,215.6151081261092,-28.313510113449126
63.3503,63.3503,212.0,216.02215246189985,215.60379295275152,-33.30215246189985
63.3698,63.3698,210.0,216.0107910372614,215.59246885496822,-35.290791037261414
63.3892,63.3892,185.0,215.9994842824377,215.58119411929326,-60.27948428243769
63.4087,63.4087,208.0,215.98811571856604,215.56985265775702,-37.26811571856604
63.4281,63.4281,227.0,215.97680234330602,215.55856093842206,-18.25680234330602
63.4476,63.4476,202.0,215.9654272275124,215.54720269815203,-43.24542722751241
63.467,63.467,244.0,215.9541075125878,215.5358945770212,-1.2341075125877978
63.4865,63.4865,209.0,215.94272673078993,215.52452014272296,-36.22272673078993
63.506,63.506,208.0,215.93134317613277,215.51313781051164,-37.21134317613277
63.5254,63.5254,211.0,215.92001543622538,215.50180615740138,-34.200015436225385
63.5449,63.5449,229.0,215.9086269969449,215.49040850836474,-16.18862699694489
63.5643,63.5643,259.0,215.89729456890313,215.47906190746437,13.822705431096864
63.5838,63.5838,204.0,215.88590165965766,215.4676495254871,-41.16590165965766
63.6032,63.6032,205.0,215.87456527155493,215.4562885575177,-40.15456527155493
63.6227,63.6227,200.0,215.8631687201961,215.4448620261419,-45.14316872019609
63.6422,63.6422,201.0,215.8517704170492,215.43342862134892,-44.13177041704921
63.6616,63.6616,251.0,215.84042918222949,215.42204717389586,5.879570817770514
63.6811,63.6811,207.0,215.82902807413356,215.41060049510577,-38.10902807413356
63.7005,63.7005,216.0,215.81768430578177,215.39920613160336,-29.09768430578177
63.72,63.72,230.0,215.80628102251686,215.38774676146443,-15.086281022516857
63.7394,63.7394,204.0,215.794935373911,215.37634006138904,-41.07493537391099
63.7589,63.7589,209.0,215.78353051813755,215.36486858217788,-36.063530518137554
63.7783,63.7783,220.0,215.77218356247363,215.35345012463196,-25.05218356247363
63.7978,63.7978,222.0,215.76077777430783,215.34196711824487,-23.040777774307827
63.8173,63.8173,211.0,215.74937166796605,215.33047855229128,-34.029371667966046
63.8367,63.8367,243.0,215.73802398240173,215.31904352989338,-2.018023982401729
63.8562,63.8562,205.0,215.72661786205578,215.30754430962438,-40.006617862055776
63.8756,63.8756,205.0,215.71527050505946,215.29609897656388,-39.995270505059466
63.8951,63.8951,220.0,215.70386494683876,215.28458968288848,-24.983864946838764
63.9145,63.9145,219.0,215.6925183098413,215.27313461689295,-25.97251830984129
63.934,63.934,223.0,215.68111408778168,215.26161583031092,-21.96111408778168
63.9535,63.9535,222.0,215.6697106945061,215.25009250337715,-22.94971069450611
63.9729,63.9729,226.0,215.65836662155408,215.23862390928986,-18.93836662155408
63.9924,63.9924,228.0,215.64696530370077,215.2270919601586,-16.92696530370077
64.0118,64.0118,220.0,215.63562375381477,215.2156150763782,-24.91562375381477
64.0313,64.0313,216.0,215.62422518855826,215.20407508448895,-28.904225188558257
64.0507,64.0507,226.0,215.61288677122877,215.1925904872666,-18.892886771228774
64.0702,64.0702,239.0,215.60149163686114,215.1810430316205,-5.881491636861142
64.0897,64.0897,207.0,215.5900984558882,215.1694920522329,-37.87009845588821
64.1091,64.1091,230.0,215.57876580094768,215.15799695591858,-14.85876580094768
64.1286,64.1286,194.0,215.56737698700485,215.1464393811788,-50.84737698700485
64.148,64.148,197.0,215.55604897671094,215.13493801084468,-47.83604897671094
64.1675,64.1675,220.0,215.54466516456407,215.12337441862093,-24.824665164564067
64.1869,64.1869,217.0,215.53334243794066,215.11186734894036,-27.813342437940662
64.2064,64.2064,224.0,215.52196426574287,215.10029831663326,-20.801964265742868
64.2259,64.2259,226.0,215.51058917935342,215.0887267744111,-18.790589179353418
64.2453,64.2453,211.0,215.4992755939126,215.07721222634456,-33.779275593912615
64.2648,64.2648,221.0,215.48790710777575,215.06563610998623,-23.767907107775756
64.2842,64.2842,220.0,215.4766004249478,215.0541172979219,-24.756600424947806
64.3037,64.3037,206.0,215.46523918291314,215.04253718362213,-38.74523918291314
64.3231,64.3231,211.0,215.45393992876618,215.03101468055394,-33.733939928766176
64.3426,64.3426,206.0,215.4425866358824,215.01943114401098,-38.72258663588241
64.3621,64.3621,198.0,215.43123747197512,215.0078461084168,-46.711237471975124
64.3815,64.3815,217.0,215.4199507941144,214.99631913884164,-27.699950794114415
64.401,64.401,216.0,215.4086104719578,214.98473154434078,-28.688610471957787
64.4204,64.4204,236.0,215.3973329578476,214.9732023147833,-8.677332957847597
64.4399,64.4399,220.0,215.38600212414184,214.96161273579514,-24.66600212414184
64.4593,64.4593,214.0,215.3747344157908,214.95008181746854,-30.654734415790813
64.4788,64.4788,211.0,215.36341379801647,214.93849082788682,-33.64341379801647
64.4983,64.4983,224.0,215.35209851875152,214.92689934697626,-20.63209851875152
64.5177,64.5177,224.0,215.34084671889457,214.91536696466153,-20.62084671889457
64.5372,64.5372,213.0,215.32954253143137,214.9037749337302,-31.609542531431373
64.5566,64.5566,232.0,215.3183021626165,214.8922422890868,-12.598302162616505
64.5761,64.5761,247.0,215.30700977328706,214.88065028067692,2.4129902267129353
64.5955,64.5955,220.0,215.29578144996975,214.86911794303606,-24.575781449969753
64.615,64.615,233.0,215.28450164079658,214.85752652913484,-11.564501640796578
64.6345,64.6345,208.0,215.27322812942606,214.84593562830662,-36.55322812942606
64.6539,64.6539,198.0,215.26201919344737,214.83440481930288,-46.54201919344737
64.6734,64.6734,245.0,215.25075930265106,214.82281537063935,0.4692406973489369
64.6928,64.6928,194.0,215.23956405340905,214.8112862902439,-50.519564053409056
64.7123,64.7123,207.0,215.22831827072233,214.799698864308,-37.50831827072233
64.7317,64.7317,235.0,215.21713737832002,214.78817207986833,-9.49713737832002
64.7512,64.7512,207.0,215.20590639227362,214.7765872466389,-37.48590639227362
64.7707,64.7707,209.0,215.19468306859594,214.7650039273848,-35.47468306859594
64.7901,64.7901,212.0,215.18352502694847,214.75348165378082,-32.463525026948474
64.8096,64.8096,206.0,215.17231745092278,214.74190178181942,-38.45231745092278
64.829,64.829,214.0,215.16117552536699,214.73038322068862,-30.441175525366987
64.8485,64.8485,239.0,215.149984530825,214.71880736450146,-5.42998453082501
64.8679,64.8679,226.0,215.138859256156,214.70729308110626,-18.418859256155997
64.8874,64.8874,222.0,215.12768532911136,214.6957218085619,-22.40768532911136
64.9069,64.9069,218.0,215.1165202971838,214.6841530472169,-26.396520297183798
64.9263,64.9263,195.0,215.10542144305128,214.672646245896,-49.385421443051285
64.9458,64.9458,208.0,215.09427456424774,214.66108291955703,-36.37427456424774
64.9652,64.9652,230.0,215.08319418157214,214.64958180714692,-14.36319418157214
64.9847,64.9847,244.0,215.0720661194818,214.63802448211246,-0.35206611948180466
65.0041,65.0041,208.0,215.0610048400399,214.62652962168906,-36.341004840039915
65.0236,65.0236,221.0,215.0498963634943,214.61497886361522,-23.3298963634943
65.0431,65.0431,215.0,215.0387979570696,214.60343161010738,-29.31879795706959
65.0625,65.0625,222.0,215.02776655139166,214.5919471915037,-22.307766551391666
65.082,65.082,210.0,215.0166888009966,214.5804073529437,-34.296688800996606
65.1014,65.1014,229.0,215.0056781558131,214.56893059190605,-15.285678155813088
65.1209,65.1209,241.0,214.99462161961677,214.55739873230723,-3.2746216196167666
65.1403,65.1403,208.0,214.98363258400929,214.5459301896235,-36.26363258400929
65.1598,65.1598,255.0,214.97259801957676,214.53440687232774,10.747401980423234
65.1793,65.1793,207.0,214.9615746517632,214.5228880489281,-37.24157465176319
65.1987,65.1987,227.0,214.95061927982826,214.5114328957833,-17.23061927982826
65.2182,65.2182,220.0,214.93961895184583,214.4999234591448,-24.21961895184583
65.2376,65.2376,205.0,214.92868679375766,214.48847792408358,-39.208686793757664
65.2571,65.2571,217.0,214.9177102186585,214.4769784358324,-27.1977102186585
65.2765,65.2765,216.0,214.90680206218514,214.46554307725336,-28.186802062185137
65.296,65.296,225.0,214.89584997281463,214.45405409831508,-19.175849972814632
65.3155,65.3155,227.0,214.8849102593879,214.44257059838787,-17.16491025938791
65.3349,65.3349,216.0,214.87403929130568,214.4311515645072,-28.15403929130568
65.3544,65.3544,191.0,214.86312521194668,214.41967941466888,-53.14312521194668
65.3738,65.3738,208.0,214.85228003310405,214.40827195089662,-36.13228003310405
65.3933,65.3933,229.0,214.8413921159824,214.39681171028417,-15.121392115982388
65.4127,65.4127,239.0,214.83057338206973,214.38541637252797,-5.110573382069731
65.4322,65.4322,213.0,214.8197123597091,214.3739685995489,-31.099712359709088
65.4517,65.4517,220.0,214.80886523255072,214.36252728630146,-24.088865232550717
65.4711,65.4711,228.0,214.79808752168893,214.35115119531028,-16.07808752168893
65.4906,65.4906,215.0,214.78726838882798,214.33972318663683,-29.067268388827983
65.51,65.51,202.0,214.77651882742921,214.32836060893095,-42.056518827429215
65.5295,65.5295,204.0,214.76572831659558,214.31694646137746,-40.045728316595586
65.5489,65.5489,203.0,214.75500784162026,214.30559795027233,-41.035007841620256
65.5684,65.5684,224.0,214.7442469602979,214.294198219626,-20.024246960297887
65.5879,65.5879,200.0,214.73350109418587,214.28280592485868,-44.01350109418587
65.6073,65.6073,212.0,214.72282545165433,214.27147956895905,-32.00282545165433
65.6268,65.6268,233.0,214.71211010504152,214.2601025240513,-10.992110105041519
65.6462,65.6462,216.0,214.70146533630827,214.24879161541065,-27.981465336308275
65.6657,65.6657,207.0,214.69078132534435,214.2374303742153,-36.97078132534435
65.6851,65.6851,197.0,214.68016800507942,214.22613546345542,-46.960168005079424
65.7046,65.7046,213.0,214.66951611172334,214.21479057903758,-30.94951611172334
65.7241,65.7241,233.0,214.65888048798922,214.20345410189393,-10.938880487989223
65.7435,65.7435,201.0,214.6483161431902,214.19218424062083,-42.92831614319019
65.763,65.763,223.0,214.63771370550876,214.18086494906552,-20.91771370550876
65.7824,65.7824,191.0,214.62718252517183,214.16961245946683,-52.907182525171834
65.8019,65.8019,230.0,214.61661418972764,214.15831090455794,-13.896614189727643
65.8213,65.8213,221.0,214.60611723337493,214.1470763344602,-22.886117233374932
65.8408,65.8408,199.0,214.5955835818993,214.1357930664386,-44.87558358189929
65.8603,65.8603,212.0,214.58506758959211,214.1245191721551,-31.865067589592115
65.8797,65.8797,210.0,214.57462329885672,214.11331253113283,-33.85462329885672
65.8992,65.8992,224.0,214.5641432840711,214.10205774825306,-19.844143284071095
65.9186,65.9186,237.0,214.55373500045155,214.09087039340707,-6.833735000451554
65.9381,65.9381,215.0,214.5432916740217,214.07963527009193,-28.823291674021704
65.9575,65.9575,215.0,214.53292024902925,214.06846774635227,-28.812920249029247
65.977,65.977,181.0,214.5225141480199,214.0572528299167,-62.802514148019895
65.9965,65.9965,225.0,214.512127269292,214.04604824857302,-18.792127269291996
66.0159,66.0159,209.0,214.50181272010187,214.03491151827174,-34.78181272010187
66.0354,66.0354,191.0,214.49146436253096,214.02372796387644,-52.77146436253096
66.0548,66.0548,224.0,214.48118859344768,214.01261242398462,-19.761188593447685
66.0743,66.0743,231.0,214.47087952836293,214.00145044169975,-12.75087952836293
66.0937,66.0937,219.0,214.46064339867874,213.99035663414938,-24.740643398678742
66.1132,66.1132,218.0,214.4503746044674,213.9792167682617,-25.730374604467414
66.1327,66.1327,210.0,214.44012628446035,213.96808819353055,-33.72012628446035
66.1521,66.1521,215.0,214.42995092394762,213.95702802802256,-28.709950923947616
66.1716,66.1716,231.0,214.41974406611547,213.94592238515682,-12.699744066115471
66.191,66.191,213.0,214.40961019971954,213.93488530366764,-30.68961019971954
66.2105,66.2105,205.0,214.39944553465415,213.92380313472844,-38.67944553465415
66.2299,66.2299,207.0,214.3893541465898,213.91278967609054,-36.6693541465898
66.2494,66.2494,227.0,214.3792324569424,213.90173152223463,-16.65923245694239
66.2689,66.2689,236.0,214.36913276519329,213.8906856101318,-7.649132765193286
66.2883,66.2883,204.0,214.35910652076728,213.87970862584802,-39.639106520767285
66.3078,66.3078,205.0,214.3490508700624,213.86868753954306,-38.6290508700624
66.3272,66.3272,210.0,214.33906913757818,213.85773552190832,-33.61906913757818
66.3467,66.3467,192.0,214.3290587255316,213.8467398002593,-51.60905872553161
66.3661,66.3661,182.0,214.31912225559694,213.83581328490527,-61.59912225559694
66.3856,66.3856,214.0,214.30915769811372,213.82484346583703,-29.589157698113723
66.4051,66.4051,230.0,214.29921635412282,213.81388683347146,-13.57921635412282
66.4245,66.4245,216.0,214.28934942284135,213.80299960795782,-27.569349422841356
66.444,66.444,211.0,214.2794553923334,213.79206968398066,-32.559455392333405
66.4634,66.4634,213.0,214.26963592500232,213.78120929641221,-30.54963592500232
66.4829,66.4829,199.0,214.25978992885862,213.77030661637693,-44.539789928858625
66.5023,66.5023,225.0,214.25001864375145,213.7594735990827,-18.530018643751447
66.5218,66.5218,211.0,214.2402214426607,213.74859869758012,-32.5202214426607
66.5413,66.5413,224.0,214.2304493071199,213.73773792190377,-19.5104493071199
66.5607,66.5607,203.0,214.2207520446169,213.7269469925776,-40.50075204461689
66.5802,66.5802,219.0,214.21103006204046,213.71611479618164,-24.491030062040466
66.5996,66.5996,226.0,214.2013832339887,213.70535256440726,-17.48138323398871
66.6191,66.6191,202.0,214.1917123460266,213.69454947943836,-41.47171234602661
66.6385,66.6385,195.0,214.18211653665566,213.68381647414108,-48.46211653665566
66.658,66.658,212.0,214.17249775120965,213.67304303175416,-31.45249775120965
66.6774,66.6774,200.0,214.16295433991982,213.66233978086865,-43.44295433991982
66.6969,66.6969,197.0,214.153388350543,213.65159651121846,-46.433388350543
66.7164,66.7164,239.0,214.1438493506472,213.64086856589304,-4.4238493506472025
66.7358,66.7358,238.0,214.13438589331642,213.6302109739133,-5.414385893316421
66.7553,66.7553,235.0,214.12490088745037,213.61951399534243,-8.404900887450367
66.7747,66.7747,237.0,214.1154919585187,213.6088874738967,-6.395491958518704
66.7942,66.7942,226.0,214.10606225340487,213.5982219896974,-17.386062253404873
66.8136,66.8136,244.0,214.0967087725313,213.5876270631859,0.6232912274687123
66.8331,66.8331,198.0,214.08733515928117,213.57699359994606,-45.36733515928117
66.8526,66.8526,217.0,214.07798995393256,213.5663763861665,-26.35798995393256
66.872,66.872,221.0,214.06872120844258,213.55582987501109,-22.348721208442583
66.8915,66.8915,213.0,214.05943366296196,213.54524547079893,-30.339433662961966
66.9109,66.9109,239.0,214.05022268379687,213.53473186173306,-4.330222683796876
66.9304,66.9304,218.0,214.04099361110337,213.52418079106548,-25.320993611103376
66.9498,66.9498,205.0,214.03184127449748,213.5137006048538,-38.31184127449748
66.9693,66.9693,229.0,214.02267147567818,213.5031833906497,-14.302671475678181
66.9888,66.9888,226.0,214.01353207060066,213.49268334462747,-17.293532070600662
67.0082,67.0082,231.0,214.00446961380388,213.48225431111146,-12.284469613803878
67.0277,67.0277,237.0,213.99539105987253,213.47178890459782,-6.275391059872533
67.0471,67.0471,211.0,213.98638962918884,213.46139459187043,-32.266389629188836
67.0666,67.0666,216.0,213.97737308197839,213.45096434510077,-27.257373081978386
67.086,67.086,215.0,213.96843374930052,213.4406052701896,-28.248433749300517
67.1055,67.1055,203.0,213.95947985768024,213.4302107023118,-40.23947985768024
67.125,67.125,206.0,213.9505580395147,213.41983421474438,-37.230558039514705
67.1444,67.1444,239.0,213.94171384797298,213.40952901022467,-4.221713847972978
67.1639,67.1639,202.0,213.93285631176218,213.39918897887836,-41.21285631176218
67.1833,67.1833,231.0,213.92407694928642,213.38892030063485,-12.204076949286417
67.2028,67.2028,208.0,213.91528484333966,213.37861724190114,-35.195284843339664
67.2222,67.2222,200.0,213.9065709448677,213.36838560312293,-43.1865709448677
67.2417,67.2417,207.0,213.89784551617262,213.35812003227684,-36.177845516172624
67.2612,67.2612,227.0,213.88915399849327,213.3478734470978,-16.16915399849327
67.2806,67.2806,201.0,213.88054065951775,213.33769837622964,-42.16054065951775
67.3001,67.3001,212.0,213.87191695381546,213.32749005039844,-31.15191695381546
67.3195,67.3195,196.0,213.86337177974787,213.3173532977273,-47.143371779747866
67.339,67.339,239.0,213.8548174982849,213.30718374368973,-4.134817498284889
67.3584,67.3584,237.0,213.84634189357092,213.29708581846467,-6.126341893570924
67.3779,67.3779,234.0,213.83785781565666,213.28695554752088,-9.117857815656663
67.3974,67.3974,204.0,213.8294092779634,213.27684516064977,-39.10940927796341
67.4168,67.4168,178.0,213.82103983285438,213.26680648014303,-65.10103983285438
67.4363,67.4363,204.0,213.8126635105139,213.25673614180377,-39.09266351051389
67.4557,67.4557,225.0,213.80436620686444,213.24673755749296,-18.084366206864445
67.4752,67.4752,195.0,213.79606290000422,213.2367077760837,-48.07606290000422
67.4946,67.4946,227.0,213.78783881887486,213.22674979317637,-16.06783881887486
67.5141,67.5141,197.0,213.77960989395956,213.21676107592032,-46.05960989395956
67.5336,67.5336,238.0,213.77141835877197,213.20679313401286,-5.0514183587719685
67.553,67.553,226.0,213.76330650908238,213.1968970513885,-17.043306509082385
67.5725,67.5725,195.0,213.75519109327416,213.18697093289717,-48.035191093274165
67.5919,67.5919,184.0,213.74715547321844,213.17711671019055,-59.02715547321844
67.6114,67.6114,224.0,213.7391171329523,213.16723291936376,-19.01911713295229
67.6308,67.6308,220.0,213.7311591866956,213.15742105763948,-23.011159186695608
67.6503,67.6503,223.0,213.7231992324305,213.1475800975217,-20.00319923243049
67.6698,67.6698,233.0,213.71527921947737,213.13776079671948,-9.995279219477368
67.6892,67.6892,226.0,213.70743962261588,213.1280134690661,-16.98743962261588
67.7087,67.7087,215.0,213.6995998616151,213.11823775190754,-27.9795998616151
67.7281,67.7281,247.0,213.69184066342578,213.1085340332613,4.02815933657422
67.7476,67.7476,224.0,213.6840821965589,213.09880239974322,-18.964082196558905
67.767,67.767,255.0,213.676405029047,213.0891427869244,12.043594970952995
67.7865,67.7865,208.0,213.66872924365921,213.07945573581046,-34.948729243659216
67.806,67.806,184.0,213.6610960150322,213.06979122049123,-58.9410960150322
67.8254,67.8254,232.0,213.65354356818597,213.06019875322116,-10.933543568185968
67.8449,67.8449,218.0,213.64599473023227,213.05057956675935,-24.925994730232276
67.8643,67.8643,219.0,213.63852735639747,213.0410324425984,-23.918527356397476
67.8838,67.8838,205.0,213.63106500449442,213.03145908063723,-37.91106500449442
67.9032,67.9032,220.0,213.62368392545136,213.02195779205985,-22.90368392545136
67.9227,67.9227,207.0,213.61630887454356,213.01243074898034,-35.896308874543564
67.9422,67.9422,210.0,213.60897789624994,213.0029271105078,-32.88897789624994
67.9616,67.9616,192.0,213.60172941344263,212.99349555611374,-50.88172941344263
67.9811,67.9811,210.0,213.59448800225908,212.98403897634176,-32.874488002259085
68.0005,68.0005,213.0,213.58732892769643,212.97465448381607,-29.867328927696434
68.02,68.02,213.0,213.58017867367113,212.9652454539321,-29.86017867367113
68.0394,68.0394,210.0,213.57311079271818,212.95590851130214,-32.853110792718184
68.0589,68.0589,210.0,213.566052743886,212.94654752120246,-32.84605274388599
68.0784,68.0784,229.0,213.55904201416283,212.93721079667645,-13.839042014162828
68.0978,68.0978,203.0,213.552113763158,212.92794615348797,-39.83211376315799
68.1173,68.1173,188.0,213.54519750850065,212.9186582017777,-54.82519750850065
68.1367,68.1367,226.0,213.5383641267742,212.90944232351896,-16.818364126774213
68.1562,68.1562,191.0,213.53154416154678,212.9002036312544,-51.81154416154678
68.1756,68.1756,212.0,213.52480725567014,212.89103700140407,-30.80480725567014
68.1951,68.1951,219.0,213.51808456620824,212.8818480538948,-23.798084566208246
68.2146,68.2146,199.0,213.51141165564948,212.87268422490123,-43.79141165564948
68.234,68.234,200.0,213.5048224116341,212.86359243584073,-42.78482241163411
68.2535,68.2535,213.0,213.4982498467663,212.85447907769327,-29.7782498467663
68.2729,68.2729,226.0,213.49176091386448,212.84543774057096,-16.771760913864483
68.2924,68.2924,223.0,213.48528950602477,212.8363753352401,-19.76528950602477
68.3118,68.3118,220.0,213.47890263448073,212.8273849288845,-22.758902634480734
68.3313,68.3313,191.0,213.47253511485823,212.81837395699125,-51.75253511485823
68.3508,68.3508,222.0,213.4662197336483,212.8093889483519,-20.746219733648303
68.3702,68.3702,222.0,213.45998910135876,212.80047589969155,-20.73998910135876
68.3897,68.3897,186.0,213.45377941056213,212.791543043487,-56.733779410562136
68.4091,68.4091,223.0,213.44765546409923,212.78268211736494,-19.72765546409923
68.4286,68.4286,198.0,213.44155344205925,212.7738018908041,-44.721553442059246
68.448,68.448,220.0,213.43553702823104,212.76499356129744,-22.71553702823104
68.4675,68.4675,222.0,213.4295446972464,212.75616644021065,-20.7095446972464
68.487,68.487,229.0,213.42360766011504,212.7473661187335,-13.70360766011504
68.5064,68.5064,247.0,213.4177567680358,212.7386376388514,4.302243231964212
68.5259,68.5259,202.0,213.41193239855062,212.72989113459872,-40.69193239855062
68.5453,68.5453,234.0,213.40619407805684,212.72121643109165,-8.686194078056843
68.5648,68.5648,185.0,213.40048358472092,212.7125242164091,-57.68048358472092
68.5842,68.5842,237.0,213.39485992405295,212.70390375850118,-5.674859924052953
68.6037,68.6037,244.0,213.38926553100887,212.69526630432645,1.3307344689911247
68.6232,68.6232,197.0,213.38372966430558,212.6866564775553,-45.66372966430558
68.6426,68.6426,211.0,213.3782812893953,212.6781183356918,-31.65828128939529
68.6621,68.6621,219.0,213.37286470530003,212.66956397377916,-23.652864705300033
68.6815,68.6815,236.0,213.36753579918795,212.66108124500892,-6.647535799187949
68.701,68.701,204.0,213.36224003367693,212.6525828153349,-38.64224003367693
68.7204,68.7204,200.0,213.35703313954318,212.64415596392755,-42.63703313954318
68.7399,68.7399,194.0,213.35186053225533,212.63571393243538,-48.63186053225533
68.7594,68.7594,198.0,213.34675078408947,212.62730034740025,-44.62675078408947
68.7788,68.7788,217.0,213.34172996792853,212.61895825241456,-25.62172996792853
68.7983,68.7983,228.0,213.33674667779513,212.61060176235904,-14.616746677795135
68.8177,68.8177,213.0,213.33185247951795,212.60231669971105,-29.61185247951795
68.8372,68.8372,195.0,213.32699749584896,212.59401776694784,-47.60699749584896
68.8566,68.8566,233.0,213.32223299801058,212.5857901958513,-9.602232998010578
68.8761,68.8761,247.0,213.31750899292993,212.57754928122716,4.4024910070700685
68.8956,68.8956,217.0,213.31285189988978,212.56933762319406,-25.59285189988978
68.915,68.915,204.0,213.3082850136723,212.56119722232052,-38.588285013672305
68.9345,68.9345,193.0,213.303762006825,212.55304427151822,-49.583762006825
68.9539,68.9539,253.0,213.29933022523394,212.54496250439783,10.420669774766054
68.9734,68.9734,203.0,213.29494478731212,212.53686871796978,-39.57494478731212
68.9928,68.9928,230.0,213.29065056311373,212.52884603865894,-12.57065056311373
69.0123,69.0123,246.0,213.28640434442775,212.5208118722534,3.4335956555722476
69.0318,69.0318,225.0,213.28222871722298,212.5128077634743,-17.56222871722298
69.0512,69.0512,220.0,213.27814635112907,212.50487464107883,-22.558146351129068
69.0707,69.0707,216.0,213.27411407100175,212.49693083355484,-26.55411407100175
69.0901,69.0901,200.0,213.2701750052857,212.48905792814395,-42.550175005285695
69.1096,69.1096,209.0,213.26628919990898,212.48117487374725,-33.54628919990898
69.129,69.129,200.0,213.2624968342002,212.47336263411856,-42.54249683420019
69.1485,69.1485,202.0,213.25876016886608,212.46554078319699,-40.53876016886608
69.168,69.168,234.0,213.25509854766491,212.4577497816599,-8.535098547664916
69.1874,69.1874,224.0,213.25153171672036,212.45002945799638,-18.531531716720366
69.2069,69.2069,196.0,213.24802370206444,212.44230033315495,-46.528023702064445
69.2263,69.2263,202.0,213.2446110376288,212.43464179116805,-40.5246110376288
69.2458,69.2458,205.0,213.24125913014467,212.42697498952109,-37.52125913014467
69.2652,69.2652,233.0,213.2380030611536,212.41937867264826,-9.518003061153593
69.2847,69.2847,188.0,213.2348100163983,212.4117746391412,-54.514810016398314
69.3042,69.3042,204.0,213.23169825891299,212.40420223732013,-38.511698258912986
69.3236,69.3236,226.0,213.22868388332782,212.39670016728692,-16.50868388332782
69.3431,69.3431,247.0,213.22573634462302,212.38919119866108,4.494263655376983
69.3625,69.3625,191.0,213.22288636279734,212.3817524561021,-51.50288636279734
69.382,69.382,229.0,213.22010555587684,212.37430736169506,-13.500105555876843
69.4014,69.4014,211.0,213.21742376163525,212.36693238458602,-31.497423761635247
69.4209,69.4209,234.0,213.2148145981216,212.35955160383887,-8.494814598121593
69.4403,69.4403,227.0,213.21230439342975,212.3522408285771,-15.492304393429748
69.4598,69.4598,198.0,213.2098691185343,212.34492479934013,-44.4898691185343
69.4793,69.4793,207.0,213.20752201326513,212.33764139334207,-35.487522013265135
69.4987,69.4987,212.0,213.20527706145833,212.33042781926036,-30.485277061458333
69.5182,69.5182,231.0,213.20310971741364,212.32320981910556,-11.48310971741364
69.5376,69.5376,220.0,213.20104459151872,212.31606153145867,-22.481044591518724
69.5571,69.5571,226.0,213.1990613804514,212.3089093709819,-16.479061380451412
69.5765,69.5765,204.0,213.19718082519958,212.3018268005749,-38.47718082519958
69.596,69.596,230.0,213.19538556322763,212.294740911991,-12.475385563227633
69.6155,69.6155,236.0,213.1936847524217,212.28768840666183,-6.47368475242169
69.6349,69.6349,192.0,213.19208888611556,212.2807053019089,-50.47208888611556
69.6544,69.6544,220.0,213.19058243642976,212.27371971429056,-22.470582436429765
69.6738,69.6738,229.0,213.1891817482159,212.26680339725098,-13.469181748215902
69.6933,69.6933,226.0,213.1878732225442,212.25988515546993,-16.4678732225442
69.7127,69.7127,216.0,213.18667122009967,212.25303605125535,-26.46667122009967
69.7322,69.7322,214.0,213.1855645900325,212.24618558178898,-28.4655645900325
69.7517,69.7517,220.0,213.18456201386735,212.2393692455489,-22.46456201386735
69.7711,69.7711,204.0,213.18366755267058,212.2326218415347,-38.463667552670586
69.7906,69.7906,248.0,213.18287407364338,212.22587391475903,5.537125926356623
69.81,69.81,231.0,213.18219025244622,212.21919477967518,-11.46219025244622
69.8295,69.8295,194.0,213.18161023200503,212.21251568468028,-48.46161023200503
69.8489,69.8489,220.0,213.18114199789954,212.2059052378435,-22.461141997899546
69.8684,69.8684,207.0,213.18078229074297,212.1992953952673,-35.46078229074297
69.8879,69.8879,212.0,213.1805340023008,212.19272042566539,-30.46053400230079
69.9073,69.9073,207.0,213.18039898017298,212.1862138831146,-35.46039898017298
69.9268,69.9268,192.0,213.18037705862042,212.17970879425994,-50.46037705862042
69.9462,69.9462,215.0,213.1804717979772,212.1732719814399,-27.460471797977192
69.9657,69.9657,219.0,213.18068249972544,212.1668371897365,-23.460682499725436
69.9851,69.9851,214.0,213.1810101675713,212.16047052006755,-28.46101016757129
70.0046,70.0046,191.0,213.18145973398376,212.15410644021196,-51.46145973398376
70.0241,70.0241,221.0,213.1820303583245,212.14777796267634,-21.462030358324512
70.0435,70.0435,234.0,213.1827217687799,212.1415173703851,-8.462721768779915
70.063,70.063,223.0,213.18353956912338,212.13526022405154,-19.463539569123384
70.0824,70.0824,203.0,213.1844787710459,212.12907080151956,-39.46447877104589
70.1019,70.1019,222.0,213.18555083523356,212.1228853967779,-20.465550835233557
70.1213,70.1213,209.0,213.18674599715126,212.11676755142764,-33.466745997151264
70.1408,70.1408,230.0,213.18807800434448,212.11065429693122,-12.468078004344477
70.1603,70.1603,219.0,213.1895420603333,212.10457736351904,-23.46954206033331
70.1797,70.1797,213.0,213.19113257619975,212.0985677371109,-29.47113257619975
70.1992,70.1992,188.0,213.19286760665221,212.0925635641707,-54.472867606652215
70.2186,70.2186,209.0,213.1947310946591,212.0866265264234,-33.47473109465909
70.2381,70.2381,201.0,213.19674362407287,212.0806955182288,-41.47674362407287
70.2575,70.2575,236.0,213.19888616295708,212.07483147046545,-6.478886162957082
70.277,70.277,221.0,213.20118279744312,212.06897402952453,-21.481182797443125
70.2965,70.2965,222.0,213.2036259645637,212.06315361767187,-20.483625964563714
70.3159,70.3159,225.0,213.20620330798567,212.0573998983547,-17.486203307985676
70.3354,70.3354,214.0,213.20894315646711,212.05165365470197,-28.488943156467116
70.3548,70.3548,230.0,213.21181914920194,212.0459739214649,-12.491819149201945
70.3743,70.3743,250.0,213.2148631138548,212.04030224406756,7.505136886145209
70.3937,70.3937,207.0,213.21804825033453,212.0346968920331,-35.498048250334534
70.4132,70.4132,215.0,213.22140579112877,212.02910017715203,-27.501405791128775
70.4327,70.4327,224.0,213.22492471863094,212.02354118842405,-18.504924718630946
70.4521,70.4521,235.0,213.22858681747525,212.01804824174596,-7.508586817475248
70.4716,70.4716,238.0,213.23243367671134,212.01256480704689,-4.512433676711339
70.491,70.491,217.0,213.23642616320882,212.00714722203085,-25.51642616320882
70.5105,70.5105,224.0,213.24060828004687,212.0017397330961,-18.520608280046872
70.5299,70.5299,214.0,213.24494062898344,211.99639789856246,-28.524940628983444
70.5494,70.5494,232.0,213.24947061676767,211.9910667453035,-10.529470616767668
70.5689,70.5689,210.0,213.254179186566,211.98577400414425,-32.53417918656601
70.5883,70.5883,208.0,213.25904126166782,211.98054661875048,-34.53904126166782
70.6078,70.6078,239.0,213.26411085497628,211.9753307951931,-3.5441108549762816
70.6272,70.6272,195.0,213.2693393102661,211.97018012485077,-47.549339310266106
70.6467,70.6467,204.0,213.274784580273,211.96504160420864,-38.55478458027301
70.6661,70.6661,203.0,213.28039099594744,211.95996803133443,-39.560390995947444
70.6856,70.6856,231.0,213.28622127809697,211.95490719706788,-11.566221278096975
70.7051,70.7051,198.0,213.292248124638,211.9498854495504,-44.57224812463801
70.7245,70.7245,225.0,213.29844419177556,211.9449283359393,-17.57844419177556
70.744,70.744,226.0,213.30487659856624,211.93998484698375,-16.58487659856624
70.7634,70.7634,200.0,213.3114820504906,211.9351057792657,-42.59148205049061
70.7829,70.7829,219.0,213.31833198567614,211.93024092766137,-23.59833198567614
70.8023,70.8023,230.0,213.32535862231072,211.92544028174808,-12.605358622310717
70.8218,70.8218,210.0,213.3326384660331,211.92065444440223,-32.612638466033104
70.8413,70.8413,211.0,213.3401419774199,211.9159083569786,-31.620141977419905
70.8607,70.8607,259.0,213.34782871722206,211.91122614625823,16.37217128277794
70.8802,70.8802,222.0,213.35578442633948,211.90655963538654,-20.635784426339484
70.8996,70.8996,232.0,213.36392967330926,211.901956778498,-10.643929673309259
70.9191,70.9191,222.0,213.37235497930934,211.89737021634153,-20.652354979309337
70.9385,70.9385,240.0,213.38097454989864,211.89284708258995,-2.66097454989864
70.958,70.958,196.0,213.38988240023878,211.88834083940088,-46.66988240023878
70.9775,70.9775,185.0,213.39904106445144,211.8838749976521,-57.67904106445144
70.9969,70.9969,211.0,213.4084040483405,211.8794722402968,-31.688404048340487
71.0164,71.0164,217.0,213.41807218647594,211.875087269763,-25.69807218647594
71.0358,71.0358,204.0,213.42795496695197,211.87076515092002,-38.707954966951974
71.0553,71.0553,206.0,213.43815254381934,211.8664614170365,-36.71815254381934
71.0747,71.0747,209.0,213.4485689597994,211.86222029930315,-33.72856895979939
71.0942,71.0942,219.0,213.45931783032105,211.85799816556496,-23.739317830321056
71.1137,71.1137,203.0,213.47034861219737,211.85381707295107,-39.75034861219737
71.1331,71.1331,210.0,213.48160757513585,211.8496982375575,-32.761607575135855
71.1526,71.1526,208.0,213.49321639447422,211.84559928713762,-34.77321639447422
71.172,71.172,217.0,213.50506312777875,211.84156235132372,-25.785063127778756
71.1915,71.1915,211.0,213.51727578911016,211.8375459017031,-31.79727578911016
71.2109,71.2109,235.0,213.52973386596224,211.83359122125674,-7.809733865962244
71.2304,71.2304,260.0,213.54257154840005,211.82965762907148,17.17742845159995
71.2499,71.2499,213.0,213.5557304924257,211.8257657056815,-29.83573049242571
71.2693,71.2693,212.0,213.56914871719164,211.82193517772535,-30.84914871719164
71.2888,71.2888,212.0,213.58297314969843,211.8181266434672,-30.862973149698433
71.3082,71.3082,239.0,213.59706375816245,211.81437925218955,-3.87706375816245
71.3277,71.3277,230.0,213.61157610523227,211.81065445873682,-12.891576105232275
71.3471,71.3471,267.0,213.62636653516194,211.80699055301474,24.093633464838064
71.3666,71.3666,221.0,213.64159774892607,211.80334985004234,-21.921597748926075
71.3861,71.3861,225.0,213.6571965309875,211.7997514313442,-17.937196530987507
71.4055,71.4055,202.0,213.67309171432206,211.79621351193651,-40.953091714322056
71.425,71.425,240.0,213.6894552840702,211.79269970491006,-2.969455284070193
71.4444,71.4444,235.0,213.70612521898028,211.78924613495607,-7.986125218980277
71.4639,71.4639,231.0,213.72328198889113,211.78581728424103,-12.003281988891132
71.4833,71.4833,214.0,213.74076353175099,211.78244840560552,-29.020763531750987
71.5028,71.5028,214.0,213.75874975159098,211.77910485381392,-29.038749751590984
71.5223,71.5223,226.0,213.77716774141382,211.7758041894045,-17.05716774141382
71.5417,71.5417,216.0,213.7959268544914,211.77256309404797,-27.0759268544914
71.5612,71.5612,201.0,213.815229825431,211.76934823909514,-42.095229825431005
71.5806,71.5806,211.0,213.83488756013165,211.7661926812887,-32.11488756013165
71.6001,71.6001,215.0,213.85511277520573,211.76306397329623,-28.135112775205727
71.6195,71.6195,225.0,213.8757109827296,211.75999428779087,-18.1557109827296
71.639,71.639,226.0,213.896905914356,211.7569520622059,-17.176905914356013
71.6585,71.6585,210.0,213.91860392261765,211.7539533145611,-33.19860392261765
71.6779,71.6779,210.0,213.940696395193,211.75101317190672,-33.22069639519299
71.6974,71.6974,208.0,213.96342532562852,211.74810140639124,-35.24342532562852
71.7168,71.7168,215.0,213.98657225588394,211.7452479643492,-28.266572255883943
71.7363,71.7363,207.0,214.01039044664415,211.7424235112291,-36.29039044664415
71.7557,71.7557,212.0,214.0346419243309,211.73965709733537,-31.314641924330914
71.7752,71.7752,191.0,214.05959521783743,211.73692028479078,-52.33959521783743
71.7947,71.7947,232.0,214.08513613284347,211.7342275280155,-11.365136132843475
71.8141,71.8141,204.0,214.11115325902512,211.73159237861867,-39.39115325902512
71.8336,71.8336,206.0,214.13791635083683,211.72898775117633,-37.41791635083683
71.853,71.853,232.0,214.16517432771488,211.72644044006506,-11.44517432771488
71.8725,71.8725,247.0,214.19322402618036,211.72392426488204,3.526775973819639
71.8919,71.8919,206.0,214.22179128896633,211.7214651122755,-37.50179128896633
71.9114,71.9114,190.0,214.25119276009485,211.719037710163,-53.531192760094854
71.9309,71.9309,226.0,214.28129130655114,211.7166549287411,-17.56129130655114
71.9503,71.9503,197.0,214.3119517650097,211.7143287238182,-46.591951765009696
71.9698,71.9698,201.0,214.34351019008156,211.7120351931068,-42.62351019008156
71.9892,71.9892,230.0,214.37565750636907,211.70979793839822,-13.655657506369067
72.0087,72.0087,234.0,214.40875278258522,211.70759397388193,-9.688752782585226
72.0281,72.0281,218.0,214.44246706022804,211.70544598218885,-25.72246706022804
72.0476,72.0476,245.0,214.47717277625492,211.7033318972081,1.2428272237450813
72.0671,72.0671,214.0,214.5127264894731,211.70126298475222,-29.792726489473097
72.0865,72.0865,213.0,214.54895581645772,211.69924958493723,-30.82895581645772
72.106,72.106,225.0,214.58626637572164,211.69727101838632,-18.866266375721636
72.1254,72.1254,217.0,214.62428905548256,211.69534765461475,-26.904289055482565
72.1449,72.1449,223.0,214.6634448244658,211.6934597419098,-20.943444824465814
72.1643,72.1643,226.0,214.7033627174875,211.69162671946341,-17.983362717487495
72.1838,72.1838,207.0,214.7444854525804,211.68982976637196,-37.02448545258039
72.2032,72.2032,219.0,214.78640903965822,211.68808738836623,-25.066409039658225
72.2227,72.2227,197.0,214.8296030180259,211.68638169847432,-47.109603018025894
72.2422,72.2422,194.0,214.87387779183558,211.68472187103558,-50.15387779183558
72.2616,72.2616,237.0,214.91904598494926,211.68311614055392,-7.199045984949265
72.2811,72.2811,223.0,214.96558413874448,211.68154802796977,-21.245584138744476
72.3005,72.3005,236.0,215.01306263736655,211.68003369056677,-8.293062637366546
72.32,72.32,219.0,215.06200793571995,211.67855759093004,-25.34200793571995
72.3394,72.3394,227.0,215.11194892410023,211.67713494207126,-17.391948924100234
72.3589,72.3589,218.0,215.16344961425165,211.6757511512641,-26.443449614251648
72.3784,72.3784,238.0,215.21627982960254,211.67441374416117,-6.496279829602543
72.3978,72.3978,226.0,215.27021226648066,211.6731292958972,-18.550212266480656
72.4173,72.4173,203.0,215.32584781995504,211.67188463765834,-41.605847819955045
72.4367,72.4367,197.0,215.3826539311767,211.67069260731526,-47.66265393117669
72.4562,72.4562,232.0,215.44127516678685,211.66954098825664,-12.721275166786853
72.4756,72.4756,208.0,215.50114402878856,211.66844166354858,-36.78114402878856
72.4951,72.4951,215.0,215.5629337018768,211.66738337174652,-29.842933701876802
72.5146,72.5146,212.0,215.62640402052637,211.66637197122478,-32.90640402052637
72.534,72.534,202.0,215.69126167693523,211.66541235943782,-42.97126167693523
72.5535,72.5535,223.0,215.75824593541043,211.6644947144337,-22.03824593541043
72.5729,72.5729,206.0,215.8267132091566,211.66362851814313,-39.106713209156595
72.5924,72.5924,193.0,215.89743774082936,211.66280491109399,-52.17743774082936
72.6118,72.6118,205.0,215.96976794493682,211.66203241016137,-40.24976794493682
72.6313,72.6313,220.0,216.04452476525302,211.66130312123565,-25.324524765253017
72.6508,72.6508,244.0,216.1213992070729,211.66062121731258,-1.401399207072899
72.6702,72.6702,236.0,216.2000558730518,211.65998990034979,-9.48005587305181
72.6897,72.6897,223.0,216.2813859925992,211.6594027308846,-22.561385992599213
72.7091,72.7091,215.0,216.36466072220335,211.6588657993721,-30.644660722203355
72.7286,72.7286,234.0,216.45078670156343,211.6583736388216,-11.730786701563432
72.748,72.748,216.0,216.53899479836298,211.65793136466655,-29.81899479836298
72.7675,72.7675,200.0,216.6302912871662,211.65753448518942,-45.91029128716619
72.787,72.787,251.0,216.72431158157264,211.65718547040447,4.995688418427363
72.8064,72.8064,215.0,216.820689944458,211.65688580945704,-31.100689944457997
72.8259,72.8259,228.0,216.92048431843244,211.65663248000018,-18.200484318432444
72.8453,72.8453,216.0,217.02281277508493,211.65642814648004,-30.30281277508493
72.8648,72.8648,194.0,217.1288532767619,211.6562707687254,-52.4088532767619
72.8842,72.8842,217.0,217.23763091868736,211.65616202648405,-29.51763091868736
72.9037,72.9037,225.0,217.35042229638478,211.65610086447847,-21.63042229638478
72.9232,72.9232,211.0,217.46677942597546,211.6560880326429,-35.74677942597546
72.9426,72.9426,235.0,217.5862512281979,211.65612329050296,-11.86625122819791
72.9621,72.9621,258.0,217.71022728678014,211.65620706643853,11.00977271321986
72.9815,72.9815,203.0,217.83758219316024,211.65633856537065,-44.117582193160246
73.001,73.001,243.0,217.9698256196419,211.65651920726685,-4.249825619641911
73.0204,73.0204,225.0,218.1057469377036,211.65674720296562,-22.3857469377036
73.0399,73.0399,216.0,218.2469470594744,211.6570249666556,-31.526947059474395
73.0594,73.0594,199.0,218.39296430224613,211.65735151160266,-48.67296430224613
73.0788,73.0788,240.0,218.54320689539796,211.65772485141915,-7.823206895397959
73.0983,73.0983,242.0,218.6994493448803,211.65814889779625,-5.979449344880294
73.1177,73.1177,241.0,218.86031167904468,211.65861936364254,-7.140311679044686
73.1372,73.1372,219.0,219.0277040482886,211.65914116135252,-29.3077040482886
73.1566,73.1566,199.0,219.2002248434802,211.65970900066432,-49.480224843480215
73.1761,73.1761,212.0,219.37984686591324,211.66032879722476,-36.65984686591324
73.1956,73.1956,259.0,219.56605909132497,211.66099781155967,10.153940908675025
73.215,73.215,214.0,219.75813343334434,211.66171229559515,-35.03813343334434
73.2345,73.2345,246.0,219.95838521050757,211.66247967587776,-3.238385210507573
73.2539,73.2539,239.0,220.16517267037497,211.6632921418581,-10.445172670374973
73.2734,73.2734,213.0,220.3808980840355,211.66415812960284,-36.660898084035495
73.2928,73.2928,245.0,220.60381116756392,211.66506881660388,-4.88381116756392
73.3123,73.3123,244.0,220.83663266612396,211.6660336509105,-6.116632666123962
73.3318,73.3318,233.0,221.07864388179635,211.66704812476036,-17.358643881796354
73.3512,73.3512,179.0,221.32909900473322,211.66810671314718,-71.60909900473322
73.3707,73.3707,242.0,221.59096589202164,211.66922038796423,-8.870965892021644
73.3901,73.3901,244.0,221.86217432622246,211.67037778481344,-7.1421743262224595
73.4096,73.4096,202.0,222.14610303923288,211.67159089362158,-49.426103039232885
73.429,73.429,211.0,222.44041701022573,211.67284732954752,-40.72041701022573
73.4485,73.4485,225.0,222.7488676743338,211.67416010292698,-27.02886767433381
73.468,73.468,217.0,223.07058082867053,211.6755229226909,-35.35058082867053
73.4874,73.4874,211.0,223.4046273583867,211.67692847218765,-41.684627358386706
73.5069,73.5069,266.0,223.7552678345605,211.678391298083,12.9647321654395
73.5263,73.5263,236.0,224.11973621473652,211.67989645280687,-17.39973621473652
73.5458,73.5458,219.0,224.50272646641747,211.68145950926518,-34.78272646641747
73.5652,73.5652,228.0,224.90126371533526,211.68306449126752,-26.181263715335263
73.5847,73.5847,211.0,225.32052661929086,211.68472800024733,-43.60052661929086
73.6042,73.6042,210.0,225.7597414719883,211.6864419473462,-45.03974147198829
73.6236,73.6236,231.0,226.21766941230157,211.68819721009427,-24.497669412301576
73.6431,73.6431,236.0,226.70037373653278,211.6900119382767,-19.980373736532783
73.6625,73.6625,216.0,227.20427985426235,211.69186757290856,-40.484279854262354
73.682,73.682,218.0,227.73612665947687,211.69378329791155,-39.01612665947687
73.7014,73.7014,227.0,228.29228619718887,211.69573951781425,-30.572286197188873
73.7209,73.7209,211.0,228.87999925704352,211.69775645287288,-47.15999925704352
73.7404,73.7404,203.0,229.4986455577668,211.69982420249957,-55.778645557766794
73.7598,73.7598,226.0,230.14677061251044,211.7019318247794,-33.42677061251044
73.7793,73.7793,214.0,230.83332421320924,211.7041010998725,-46.11332421320924
73.7987,73.7987,226.0,231.553931862107,211.70630983022954,-34.83393186210699
73.8182,73.8182,221.0,232.31830073136294,211.70858083772976,-40.59830073136294
73.8376,73.8376,244.0,233.12167703082525,211.71089088078534,-18.401677030825255
73.8571,73.8571,213.0,233.9754730523312,211.7132638251021,-50.25547305233121
73.8766,73.8766,241.0,234.87885874162015,211.71568794497148,-23.15885874162015
73.896,73.896,196.0,235.83082734659388,211.71815046595887,-69.11082734659388
73.9155,73.9155,213.0,236.84464276688186,211.72067682475134,-53.12464276688186
73.9349,73.9349,216.0,237.91448014731603,211.72324115919116,-51.19448014731603
73.9544,73.9544,218.0,239.05603706474,211.7258699549489,-50.33603706474
73.9738,73.9738,218.0,240.26247901438845,211.7285362985952,-51.54247901438845
73.9933,73.9933,235.0,241.55173787360752,211.7312677268003,-35.83173787360752
74.0128,74.0128,214.0,242.9234287837649,211.73405067589903,-58.203428783764906
74.0322,74.0322,234.0,244.3764681890526,211.7368705264219,-39.65646818905259
74.0517,74.0517,209.0,245.93268792003528,211.7397563966171,-66.21268792003528
74.0711,74.0711,214.0,247.58323081923564,211.74267873479397,-62.86323081923564
74.0906,74.0906,235.0,249.3530658374674,211.7456677151275,-43.6330658374674
74.11,74.11,230.0,251.23216206522125,211.74869272774373,-50.51216206522125
74.1295,74.1295,247.0,253.2487885357633,211.75178500466822,-35.52878853576331
74.149,74.149,229.0,255.40350456585588,211.75492913200503,-55.683504565855884
74.1684,74.1684,214.0,257.6936680072041,211.75810863329949,-72.97366800720411
74.1879,74.1879,246.0,260.15335147079526,211.76135633226588,-43.43335147079526
74.2073,74.2073,226.0,262.7675558383418,211.76463896388717,-66.04755583834182
74.2268,74.2268,251.0,265.573957899628,211.7679904144227,-43.853957899628
74.2462,74.2462,246.0,268.5554099665641,211.77137635408616,-51.83540996656413
74.2657,74.2657,276.0,271.75128571558616,211.774831733512,-25.031285715586165
74.2852,74.2852,256.0,275.15764009307804,211.77833927686743,-48.437640093078045
74.3046,74.3046,249.0,278.7628500084228,211.7818806393343,-59.04285000842279
74.3241,74.3241,236.0,282.61041452575955,211.78549237285515,-75.89041452575955
74.3435,74.3435,232.0,286.6373487747108,211.78913747643784,-83.9173487747108
74.363,74.363,243.0,290.9402750461141,211.79285357085942,-77.2202750461141
74.3824,74.3824,256.0,295.44306034502443,211.79660258410163,-68.72306034502444
74.4019,74.4019,271.0,300.18119694862105,211.80042320751164,-58.46119694862105
74.4214,74.4214,243.0,305.1133429907183,211.80429629218816,-91.39334299071831
74.4408,74.4408,291.0,310.1844408569134,211.8082016141495,-48.4644408569134
74.4603,74.4603,268.0,315.3949583906085,211.81217947517302,-76.67495839060851
74.4797,74.4797,239.0,320.6717339993437,211.8161891168,-110.9517339993437
74.4992,74.4992,251.0,325.99383351120196,211.82027191559948,-104.27383351120196
74.5186,74.5186,263.0,331.2341867150607,211.82438603616288,-97.51418671506067
74.5381,74.5381,262.0,336.3637481528393,211.82857393149084,-103.64374815283932
74.5576,74.5576,268.0,341.26374938133245,211.83281456906278,-102.54374938133245
74.577,74.577,264.0,345.81721670198255,211.83708583551814,-111.09721670198255
74.5965,74.5965,279.0,349.9775863387706,211.8414318029073,-100.25758633877061
74.6159,74.6159,290.0,353.61435434453017,211.84580793498392,-92.89435434453017
74.6354,74.6354,339.0,356.69034551974414,211.85025938421117,-46.97034551974414
74.6548,74.6548,311.0,359.116410216012,211.85474053180528,-77.39641021601201
74.6743,74.6743,348.0,360.87999389348386,211.85929761218569,-42.15999389348386
74.6938,74.6938,348.0,361.9499618684343,211.8639076992494,-43.22996186843429
74.7132,74.7132,343.0,362.3300591346539,211.86854678063224,-48.61005913465388
74.7327,74.7327,358.0,362.04512592224927,211.8732627179151,-33.32512592224927
74.7521,74.7521,367.0,361.1329833416415,211.8780071779253,-23.41298334164148
74.7716,74.7716,369.0,359.62662155495116,211.882829107938,-19.90662155495116
74.791,74.791,429.0,357.58519151820525,211.88767908699597,42.13480848179475
74.8105,74.8105,414.0,355.03752209439835,211.8926071495144,29.682477905601644
74.83,74.83,428.0,352.03659112664855,211.89758846643807,46.68340887335145
74.8494,74.8494,404.0,348.64822199855644,211.90259711737218,26.071778001443562
74.8689,74.8689,425.0,344.88161570487085,211.9076847714916,50.838384295129146
74.8883,74.8883,392.0,340.8226142102433,211.91279928075457,21.897385789756726
74.9078,74.9078,363.0,336.47797473584063,211.91799340496837,-2.7579747358406337
74.9272,74.9272,371.0,331.94245789902135,211.9232139034033,9.77754210097865
74.9467,74.9467,351.0,327.222994910417,211.92851462784597,-5.502994910417016
74.9662,74.9662,332.0,322.3973625719068,211.9338688375197,-19.677362571906798
74.9856,74.9856,348.0,317.5456568850635,211.93924869557574,1.1743431149364767
75.0051,75.0051,374.0,312.6688121740109,211.94470969563952,32.0511878259891
75.0245,75.0245,391.0,307.86331160847516,211.95019585806605,53.85668839152484
75.044,75.044,358.0,303.1206492822688,211.9557637717044,25.5993507177312
75.0634,75.0634,353.0,298.52539897082283,211.96135635966579,25.194601029177164
75.0829,75.0829,308.0,294.0575587239018,211.9670313072699,-15.337558723901822
75.1023,75.1023,305.0,289.78425961557997,211.97273043914763,-14.06425961557997
75.1218,75.1218,302.0,285.6763242213592,211.97851253830743,-12.95632422135921
75.1413,75.1413,269.0,281.76517587626626,211.98434839433816,-42.045175876266256
75.1607,75.1607,284.0,278.0748806158841,211.9902076951871,-23.354880615884127
75.1802,75.1802,292.0,274.56747823775214,211.99615087403123,-11.847478237752142
75.1996,75.1996,305.0,271.2764090399349,212.00211700266152,4.443590960065109
75.2191,75.2191,302.0,268.16236447909955,212.00816761486516,4.5576355209004475
75.2385,75.2385,269.0,265.25138139012915,212.01424067984902,-25.531381390129155
75.258,75.258,262.0,262.5050474822138,212.02039883312767,-29.7850474822138
75.2775,75.2775,246.0,259.930064551454,212.026610934813,-43.210064551453996
75.2969,75.2969,248.0,257.5291792845817,212.0328447394474,-38.80917928458169
75.3164,75.3164,243.0,255.2679946284847,212.03916453858665,-41.5479946284847
75.3358,75.3358,245.0,253.16105292717586,212.04550553877726,-37.44105292717586
75.3553,75.3553,241.0,251.1772118577622,212.05193313596936,-39.45721185776219
75.3747,75.3747,246.0,249.32812706842674,212.05838143037784,-32.60812706842674
75.3942,75.3942,229.0,247.58629880254568,212.064916923362,-47.866298802545685
75.4137,75.4137,262.0,245.95337094961207,212.07150653880424,-13.233370949612066
75.4331,75.4331,241.0,244.4298040316119,212.07811609144827,-32.709804031611895
75.4526,75.4526,248.0,242.99260069236357,212.0848137440296,-24.272600692363568
75.472,75.472,223.0,241.649947543471,212.0915308251778,-47.929947543471
75.4915,75.4915,260.0,240.38182761620644,212.0983366054481,-9.661827616206438
75.5109,75.5109,235.0,239.19541890292876,212.10516130375012,-33.475418902928766
75.5304,75.5304,229.0,238.07345732004026,212.11207529937033,-38.35345732004026
75.5499,75.5499,234.0,237.01714832028034,212.11904357383685,-32.29714832028034
75.5693,75.5693,250.0,236.02686417547366,212.12602999633157,-15.306864175473663
75.5888,75.5888,260.0,235.0880440321788,212.13310661230997,-4.368044032178801
75.6082,75.6082,256.0,234.2066821868947,212.14020086107504,-7.486682186894711
75.6277,75.6277,250.0,233.3699499919668,212.1473858989641,-12.649949991966793
75.6471,75.6471,229.0,232.58313044278202,212.1545880525355,-32.86313044278202
75.6666,75.6666,231.0,231.8349303335729,212.1618815898161,-30.114930333572914
75.6861,75.6861,216.0,231.12685471172261,212.16922954448904,-44.406854711722616
75.7055,75.7055,229.0,230.4595117692678,212.1765938350493,-30.739511769267807
75.725,75.725,213.0,229.82357743865197,212.18405039993758,-46.10357743865197
75.7444,75.7444,217.0,229.2233636652379,212.1915227789971,-41.50336366523791
75.7639,75.7639,228.0,228.6505152081467,212.19908802424652,-29.930515208146687
75.7833,75.7833,218.0,228.1091487062201,212.20666856012625,-39.38914870622011
75.8028,75.8028,226.0,227.5918234736846,212.21434255293545,-30.8718234736846
75.8223,75.8223,243.0,227.0997337573735,212.2220710836619,-13.379733757373515
75.8417,75.8417,213.0,226.63369922335232,212.22981411563256,-42.913699223352324
75.8612,75.8612,220.0,226.18743509912136,212.23765148925148,-35.46743509912136
75.8806,75.8806,243.0,225.76431855113077,212.24550283605788,-12.044318551130772
75.9001,75.9001,209.0,225.35870862792623,212.25344911236002,-45.638708627926235
75.9195,75.9195,234.0,224.97362911009247,212.26140883200682,-20.253629110092476
75.939,75.939,248.0,224.6040003704725,212.2694640678066,-5.884000370472506
75.9585,75.9585,199.0,224.25095807352594,212.2775739438485,-54.53095807352594
75.9779,75.9779,225.0,223.91523167737864,212.28569646446084,-28.195231677378644
75.9974,75.9974,217.0,223.59249610193035,212.2939153796889,-35.87249610193035
76.0168,76.0168,238.0,223.28526266061417,212.30214640522604,-14.565262660614167
76.0363,76.0363,201.0,222.98957937416944,212.310474408974,-51.26957937416944
76.0557,76.0557,207.0,222.7078610722634,212.31881398702274,-44.9878610722634
76.0752,76.0752,202.0,222.43650541326343,212.327251125619,-49.716505413263434
76.0947,76.0947,228.0,222.17639173659262,212.33574298840313,-23.45639173659262
76.1141,76.1141,227.0,221.92815255882272,212.34424561753133,-24.208152558822718
76.1336,76.1336,232.0,221.68876635467643,212.35284667905498,-18.968766354676433
76.153,76.153,198.0,221.46014595385438,212.3614579665942,-52.74014595385438
76.1725,76.1725,220.0,221.23945765257983,212.3701682656321,-30.51945765257983
76.1919,76.1919,205.0,221.0285311617936,212.37888824864996,-45.30853116179361
76.2114,76.2114,222.0,220.82474189358024,212.38770782094244,-28.10474189358024
76.2309,76.2309,217.0,220.62886098471523,212.39658218281048,-32.90886098471523
76.2503,76.2503,198.0,220.44142875114542,212.40546541172793,-51.721428751145424
76.2698,76.2698,223.0,220.26016167872157,212.41444909479137,-26.540161678721574
76.2892,76.2892,221.0,220.08660128717278,212.42344109864828,-28.366601287172784
76.3087,76.3087,224.0,219.91861740865386,212.43253413102093,-25.19861740865386
76.3281,76.3281,234.0,219.75769056732415,212.44163493626417,-15.037690567324148
76.3476,76.3476,232.0,219.60186161161326,212.4508373429963,-16.88186161161326
76.3671,76.3671,238.0,219.4517043209266,212.4600945859549,-10.73170432092661
76.3865,76.3865,230.0,219.30770806801462,212.46935877609062,-18.58770806801462
76.406,76.406,205.0,219.1681318238463,212.47872542524598,-43.448131823846296
76.4254,76.4254,202.0,219.03422545372692,212.48809846953657,-46.31422545372692
76.4449,76.4449,230.0,218.90437902430742,212.49757454223973,-18.184379024307418
76.4643,76.4643,228.0,218.77972511126356,212.50705645640969,-20.05972511126356
76.4838,76.4838,225.0,218.65877246122707,212.516641966919,-22.938772461227074
76.5033,76.5033,223.0,218.54202700199104,212.5262823413895,-24.822027001991046
76.5227,76.5227,226.0,218.42987567034882,212.53592772308465,-21.709875670348822
76.5422,76.5422,195.0,218.320999326948,212.54567755094192,-52.600999326948
76.5616,76.5616,230.0,218.2163412144431,212.55543182833895,-17.496341214443106
76.5811,76.5811,229.0,218.11471491105323,212.56529111606932,-18.394714911053228
76.6005,76.6005,241.0,218.01700432529603,212.57515429406925,-6.2970043252960295
76.62,76.62,223.0,217.9220685059294,212.58512304503677,-24.20206850592939
76.6395,76.6395,210.0,217.83030193988847,212.59514666860548,-37.11030193988847
76.6589,76.6589,211.0,217.74201073129595,212.60517333986968,-36.02201073129595
76.6784,76.6784,253.0,217.65620368162158,212.6153064258468,6.063796318378422
76.6978,76.6978,258.0,217.57363503928593,212.62544199633652,11.146364960714067
76.7173,76.7173,199.0,217.49334898984324,212.63568454024133,-47.77334898984324
76.7367,76.7367,222.0,217.416075857876,212.6459290039325,-24.696075857875996
76.7562,76.7562,233.0,217.3409113137209,212.6562809981334,-13.62091131372091
76.7757,76.7757,229.0,217.26819394193987,212.66668785430144,-17.54819394193987
76.7951,76.7951,198.0,217.19817828306626,212.67709577956919,-48.478178283066256
76.8146,76.8146,227.0,217.13005876767554,212.6876120686417,-19.410058767675537
76.834,76.834,237.0,217.0644616516526,212.69812885828003,-9.344461651652608
76.8535,76.8535,214.0,217.00062387305744,212.7087545647076,-32.280623873057436
76.8729,76.8729,213.0,216.93914722098847,212.71938020166584,-33.219147220988475
76.8924,76.8924,210.0,216.87932139895287,212.73011530671894,-36.15932139895287
76.9119,76.9119,232.0,216.82139746133905,212.74090524365235,-14.101397461339047
76.9313,76.9313,216.0,216.7655936305549,212.7516942525394,-30.04559363055489
76.9508,76.9508,230.0,216.71128452122045,212.7625935539909,-15.99128452122045
76.9702,76.9702,228.0,216.65896666662914,212.77349135365978,-17.938966666629142
76.9897,76.9897,214.0,216.60804428758505,212.78449999290916,-31.888044287585046
77.0091,77.0091,207.0,216.55897545865548,212.7955065551813,-38.83897545865548
77.0286,77.0286,219.0,216.5112240364172,212.8066245022992,-26.79122403641719
77.0481,77.0481,224.0,216.4649846998655,212.81779723157885,-21.744984699865512
77.0675,77.0675,226.0,216.42044090670984,212.82896701763877,-19.700440906709844
77.087,77.087,224.0,216.37708712684463,212.84024900381064,-21.65708712684463
77.1064,77.1064,241.0,216.33531602980543,212.8515274679745,-4.615316029805427
77.1259,77.1259,200.0,216.29467235148024,212.86291867304575,-45.574672351480245
77.1453,77.1453,205.0,216.25552401890502,212.87430577590575,-40.53552401890502
77.1648,77.1648,218.0,216.2174278885484,212.8858061586451,-27.4974278885484
77.1843,77.1843,233.0,216.18055650477103,212.89736125401666,-12.460556504771034
77.2037,77.2037,215.0,216.14504313383753,212.908911373497,-30.425043133837534
77.2232,77.2232,216.0,216.11050358998395,212.9205755785385,-29.39050358998395
77.2426,77.2426,243.0,216.0772510676705,212.93223422400092,-2.3572510676704894
77.2621,77.2621,203.0,216.04490992356574,212.94400748934467,-42.32490992356574
77.2815,77.2815,224.0,216.01378445195408,212.95577461005044,-21.29378445195408
77.301,77.301,216.0,215.9835174725128,212.96765688306144,-29.263517472512802
77.3205,77.3205,243.0,215.95425536580842,212.9795937791855,-2.2342553658084228
77.3399,77.3399,203.0,215.9261064503683,212.99152364978443,-42.20610645036831
77.3594,77.3594,211.0,215.89875377954317,213.00356946840256,-34.17875377954317
77.3788,77.3788,238.0,215.8724510991947,213.01560767306228,-7.152451099194707
77.3983,77.3983,244.0,215.84690769897955,213.02776235333016,-1.1269076989795508
77.4177,77.4177,230.0,215.82236134417906,213.03990882987966,-15.102361344179059
77.4372,77.4372,233.0,215.79853544705267,213.0521723076565,-12.078535447052673
77.4567,77.4567,214.0,215.77553327911218,213.06449029885854,-31.055533279112183
77.4761,77.4761,246.0,215.75344591853113,213.07679919848115,0.9665540814688711
77.4956,77.4956,213.0,215.73202908630853,213.08922588469076,-32.01202908630853
77.515,77.515,244.0,215.71148193531346,213.10164288629835,-0.991481935313459
77.5345,77.5345,235.0,215.6915724016247,213.11417819509276,-9.971572401624712
77.5539,77.5539,231.0,215.67248070992088,213.12670322498053,-13.952480709920877
77.5734,77.5734,218.0,215.6540032543661,213.1393470806112,-26.934003254366104
77.5929,77.5929,254.0,215.63621534701565,213.1520453196315,9.083784652984349
77.6123,77.6123,226.0,215.61918892088516,213.16473238514612,-18.899188920885166
77.6318,77.6318,214.0,215.60273170786306,213.17753905102003,-30.88273170786306
77.6512,77.6512,217.0,215.5869915845403,213.1903339459341,-27.8669915845403
77.6707,77.6707,252.0,215.57180123306597,213.20324895455826,7.14819876693403
77.6901,77.6901,194.0,215.557296020289,213.21615159353195,-50.83729602028899
77.7096,77.7096,215.0,215.54331207640777,213.22917485744813,-29.823312076407774
77.7291,77.7291,240.0,215.52991014859208,213.24225235419178,-4.809910148592081
77.7485,77.7485,219.0,215.51714722782907,213.2553165801865,-25.797147227829072
77.768,77.768,242.0,215.5048760401639,213.26850219460536,-2.7848760401639083
77.7874,77.7874,238.0,215.49320857802965,213.28167393654923,-6.773208578029653
77.8069,77.8069,207.0,215.48201252213028,213.2949675727572,-37.76201252213028
77.8263,77.8263,220.0,215.47139010846212,213.30824673357364,-24.751390108462118
77.8458,77.8458,204.0,215.46122372694887,213.3216482923009,-40.741223726948874
77.8652,77.8652,233.0,215.45160562595498,213.33503477154275,-11.731605625954984
77.8847,77.8847,224.0,215.44242584039796,213.34854415012717,-20.72242584039796
77.9042,77.9042,224.0,215.43372291387362,213.36210753752923,-20.713722913873625
77.9236,77.9236,243.0,215.42552768547793,213.3756549363471,-1.7055276854779322
77.9431,77.9431,215.0,215.41774871377285,213.38932598309378,-29.697748713772853
77.9625,77.9625,207.0,215.41045549377785,213.40298043427572,-37.69045549377785
77.982,77.982,226.0,215.4035638487637,213.4167590291835,-18.683563848763697
78.0014,78.0014,239.0,215.39713079394372,213.43052042041523,-5.677130793943718
78.0209,78.0209,258.0,215.39108886928474,213.4444064488792,13.328911130715255
78.0404,78.0404,206.0,215.38545928247112,213.45834628801077,-38.66545928247112
78.0598,78.0598,228.0,215.38026130688223,213.4722680084242,-16.660261306882234
78.0793,78.0793,215.0,215.37543281844907,213.48631510261532,-29.65543281844907
78.0987,78.0987,214.0,215.37101233736155,213.50034346720764,-30.65101233736155
78.1182,78.1182,195.0,215.36695315414602,213.51449769325907,-49.64695315414602
78.1376,78.1376,220.0,215.36328596446924,213.52863257774754,-24.643285964469243
78.1571,78.1571,222.0,215.35996551474642,213.54289380900974,-22.63996551474642
78.1766,78.1766,215.0,215.3570038876907,213.55720863167488,-29.637003887690696
78.196,78.196,203.0,215.35441060472812,213.5715031920394,-41.63441060472812
78.2155,78.2155,227.0,215.35215063719681,213.58592482328135,-17.632150637196816
78.2349,78.2349,232.0,215.3502399979082,213.60032557760755,-12.630239997908205
78.2544,78.2544,249.0,215.34865261862967,213.61485388210963,4.371347381370327
78.2738,78.2738,205.0,215.34739832068217,213.62936069404503,-39.627398320682175
78.2933,78.2933,198.0,215.34646029358646,213.643995533011,-46.62646029358646
78.3128,78.3128,226.0,215.34584006786127,213.65868372282162,-18.625840067861276
78.3322,78.3322,220.0,215.34553164579086,213.67334949388268,-24.625531645790858
78.3517,78.3517,195.0,215.34552589016164,213.68814400323285,-49.62552589016164
78.3711,78.3711,223.0,215.34581781193123,213.7029154756515,-21.625817811931228
78.3906,78.3906,225.0,215.34640682624516,213.71781615700507,-19.62640682624516
78.41,78.41,215.0,215.34728141399714,213.73269318225735,-29.62728141399714
78.4295,78.4295,232.0,215.34844560863192,213.74769988456939,-12.628445608631921
78.449,78.449,235.0,215.3498900189857,213.7627596756952,-9.62989001898569
78.4684,78.4684,236.0,215.35160004423508,213.77779487934498,-8.631600044235086
78.4879,78.4879,209.0,215.3535906491607,213.79296045806154,-35.63359064916071
78.5073,78.5073,245.0,215.35583676174687,213.80810082772257,0.364163238253127
78.5268,78.5268,206.0,215.3583570699094,213.82337203417222,-38.638357069909404
78.5462,78.5462,229.0,215.36111873335273,213.83861740904766,-15.641118733352727
78.5657,78.5657,192.0,215.36415095290462,213.85399407983488,-52.644150952904624
78.5852,78.5852,211.0,215.36743323383783,213.86942355575337,-33.64743323383783
78.6046,78.6046,187.0,215.37094386369316,213.88482626378715,-57.65094386369316
78.6241,78.6241,217.0,215.3747132078849,213.90036095207904,-27.654713207884896
78.6435,78.6435,199.0,215.37870267337584,213.91586824768015,-45.65870267337584
78.663,78.663,216.0,215.38294783904993,213.93150797606427,-28.662947839049934
78.6824,78.6824,231.0,215.38740122103823,213.9471196860618,-13.667401221038233
78.7019,78.7019,215.0,215.39210531462294,213.96286427868998,-29.67210531462294
78.7214,78.7214,249.0,215.39703559532276,213.9786613709366,4.322964404677236
78.7408,78.7408,218.0,215.40215883518405,213.99442950380893,-26.682158835184055
78.7603,78.7603,233.0,215.4075286813194,214.0103311895859,-11.687528681319407
78.7797,78.7797,233.0,215.413085256235,214.0262032881292,-11.693085256235008
78.7992,78.7992,209.0,215.4188816555831,214.04220938262995,-35.69888165558311
78.8186,78.8186,214.0,215.4248561628046,214.0581852611975,-30.70485616280459
78.8381,78.8381,227.0,215.4310682449783,214.07429557601932,-17.711068244978293
78.8576,78.8576,236.0,215.43748517617286,214.09045806293724,-8.717485176172858
78.877,78.877,214.0,215.44406816010417,214.10658938851861,-30.724068160104167
78.8965,78.8965,197.0,215.45088296338852,214.12285580614122,-47.730882963388524
78.9159,78.9159,232.0,215.4578564447238,214.1390904316893,-12.737856444723803
78.9354,78.9354,210.0,215.4650591091874,214.1554605825827,-34.745059109187395
78.9548,78.9548,227.0,215.47241446956588,214.17179830987376,-17.752414469565878
78.9743,78.9743,208.0,215.4799958082279,214.18827199297868,-36.7599958082279
78.9938,78.9938,218.0,215.4877612504582,214.20479749846876,-26.767761250458193
79.0132,79.0132,228.0,215.49567003950642,214.22128963080186,-16.775670039506423
79.0327,79.0327,210.0,215.50380002271888,214.23791835983147,-34.78380002271888
79.0521,79.0521,222.0,215.51206584667983,214.2545130822641,-22.792065846679833
79.0716,79.0716,240.0,215.52054943904716,214.27124482466985,-4.80054943904716
79.091,79.091,227.0,215.5291637175902,214.2879419262997,-17.809163717590195
79.1105,79.1105,209.0,215.5379944023142,214.30477646826392,-35.81799440231421
79.13,79.13,210.0,215.54699477503402,214.32166246053504,-34.826994775034024
79.1494,79.1494,225.0,215.55611599181208,214.3385128585912,-19.83611599181208
79.1689,79.1689,202.0,215.56544905279878,214.35550132253996,-42.845449052798784
79.1883,79.1883,187.0,215.57489830709932,214.3724535563103,-57.85489830709932
79.2078,79.2078,228.0,215.58455819826358,214.38954426894205,-16.86455819826358
79.2272,79.2272,219.0,215.5943277370015,214.4065981147442,-25.874327737001494
79.2467,79.2467,233.0,215.6043052736372,214.42379084938074,-11.88430527363721
79.2662,79.2662,219.0,215.61443918527925,214.44103463969955,-25.894439185279253
79.2856,79.2856,208.0,215.6246758117185,214.45824060613512,-36.904675811718505
79.3051,79.3051,197.0,215.6351184490942,214.475586071216,-47.915118449094194
79.3245,79.3245,231.0,215.6456575744396,214.49289307410712,-13.925657574439612
79.344,79.344,225.0,215.656400574716,214.51033997802205,-19.936400574716004
79.3634,79.3634,212.0,215.66723536897942,214.52774778080496,-32.94723536897942
79.3829,79.3829,203.0,215.67827273806682,214.54529588391347,-41.958272738066825
79.4024,79.4024,219.0,215.68945572771483,214.56289462535437,-25.96945572771483
79.4218,79.4218,232.0,215.70072397110567,214.58045330526718,-12.980723971105675
79.4413,79.4413,224.0,215.712191072135,214.59815287914398,-20.992191072135
79.4607,79.4607,239.0,215.7237399904937,214.61581175102518,-6.003739990493699
79.4802,79.4802,234.0,215.73548727080498,214.6336119083746,-11.015487270804982
79.4996,79.4996,209.0,215.7473113335908,214.65137072267746,-36.0273113335908
79.5191,79.5191,237.0,215.75933170114754,214.66927121079453,-8.039331701147546
79.5386,79.5386,217.0,215.77148823269897,214.68722189698977,-28.051488232698972
79.558,79.558,216.0,215.78371523317634,214.70513027667556,-29.06371523317634
79.5775,79.5775,216.0,215.79613711253393,214.72318090721274,-29.076137112533928
79.5969,79.5969,174.0,215.8086258458369,214.74118858879606,-71.0886258458369
79.6164,79.6164,211.0,215.82130894486585,214.75933890157478,-34.10130894486585
79.6358,79.6358,219.0,215.83405351398417,214.77744562242452,-26.114053513984175
79.6553,79.6553,203.0,215.84699220956352,214.79569535157347,-42.126992209563525
79.6748,79.6748,239.0,215.8600570555622,214.81399481546308,-6.14005705556221
79.6942,79.6942,215.0,215.8731787115806,214.8322497211718,-30.15317871158061
79.7137,79.7137,242.0,215.88649235013705,214.85064819518482,-3.166492350137048
79.7331,79.7331,211.0,215.89985994085606,214.86900146678133,-34.17985994085606
79.7526,79.7526,211.0,215.9134181219861,214.88749867557803,-34.1934181219861
79.772,79.772,225.0,215.9270265130263,214.9059500372455,-20.207026513026307
79.7915,79.7915,222.0,215.9408237804675,214.92454570168636,-23.220823780467498
79.811,79.811,209.0,215.95474041271223,214.94319061426813,-36.23474041271223
79.8304,79.8304,222.0,215.96870264783993,214.96178871096055,-23.248702647839934
79.8499,79.8499,222.0,215.98285330867785,214.9805316529654,-23.262853308677848
79.8693,79.8693,234.0,215.9970463631236,214.99922713324176,-11.277046363123588
79.8888,79.8888,212.0,216.01142609438293,215.01806781598893,-33.29142609438293
79.9082,79.9082,242.0,216.0258458193926,215.03686039074518,-3.3058458193926015
79.9277,79.9277,235.0,216.04045241383582,215.05579852172482,-10.320452413835824
79.9472,79.9472,253.0,216.05517127834509,215.07478539080444,7.664828721654914
79.9666,79.9666,219.0,216.0699238332609,215.09372318090817,-26.349923833260902
79.9861,79.9861,210.0,216.08486321753395,215.1128070518719,-35.36486321753395
80.0055,80.0055,207.0,216.09983438975183,215.1318411966066,-38.379834389751835
80.025,80.025,225.0,216.11499091544246,215.1510217673305,-20.394990915442463
80.0444,80.0444,221.0,216.13017656714973,215.17015196420334,-24.410176567149733
80.0639,80.0639,215.0,216.14554729996203,215.18942892870538,-30.425547299962034
80.0834,80.0834,245.0,216.16102294772588,215.20875409764628,-0.4410229477258838
80.1028,80.1028,236.0,216.17652440913866,215.22802791981263,-9.456524409138666
80.1223,80.1223,229.0,216.1922098901681,215.24744901590287,-16.472209890168102
80.1417,80.1417,229.0,216.20791742248963,215.26681811674277,-16.48791742248963
80.1612,80.1612,202.0,216.2238088572093,215.2863348243134,-43.50380885720929
80.1806,80.1806,220.0,216.2397202850359,215.30579888784393,-25.519720285035902
80.2001,80.2001,206.0,216.25581503640765,215.3254108873386,-39.535815036407655
80.2196,80.2196,222.0,216.2720100054268,215.345070533812,-23.55201000542681
80.239,80.239,218.0,216.28822140647432,215.36467656167216,-27.568221406474322
80.2585,80.2585,205.0,216.30461487240552,215.3844310130075,-40.584614872405524
80.2779,80.2779,239.0,216.3210226487255,215.40413119622409,-6.60102264872549
80.2974,80.2974,221.0,216.33761284874674,215.42398012310525,-24.617612848746745
80.3168,80.3168,224.0,216.35421433519954,215.4437741321039,-21.634214335199545
80.3363,80.3363,208.0,216.37099702331247,215.46371720129838,-37.65099702331247
80.3558,80.3558,201.0,216.38787625616024,215.48370733603335,-44.66787625616024
80.3752,80.3752,249.0,216.40476357695502,215.50364157695483,3.315236423044979
80.3947,80.3947,231.0,216.42183268357303,215.52372534635444,-14.70183268357303
80.4141,80.4141,238.0,216.43890662664722,215.5437525716005,-7.718906626647225
80.4336,80.4336,227.0,216.45616264833475,215.56392963259972,-18.736162648334755
80.453,80.453,198.0,216.47342225365378,215.584049498903,-47.75342225365378
80.4725,80.4725,218.0,216.49086293103917,215.60431950449117,-27.770862931039176
80.492,80.492,225.0,216.50839462203925,215.62463597002443,-20.78839462203925
80.5114,80.5114,201.0,216.52592844758325,215.6448942638674,-44.805928447583256
80.5309,80.5309,200.0,216.54364144653857,215.6653031456014,-45.82364144653857
80.5503,80.5503,252.0,216.56135363612313,215.68565320466718,6.158646363876869
80.5698,80.5698,212.0,216.5792463834459,215.70615414568576,-33.85924638344591
80.5892,80.5892,248.0,216.59713530464094,215.72659561291252,2.1228646953590555
80.6087,80.6087,207.0,216.61520502320485,215.747188252325,-38.89520502320485
80.6281,80.6281,230.0,216.63326935241275,215.76772076669243,-15.913269352412755
80.6476,80.6476,212.0,216.6515141507588,215.78840473962507,-33.9315141507588
80.6671,80.6671,216.0,216.6698454858407,215.80913435816421,-29.94984548584071
80.6865,80.6865,194.0,216.6881687971579,215.82980287373388,-51.968168797157915
80.706,80.706,198.0,216.70667191453686,215.85062327051696,-47.986671914536856
80.7254,80.7254,223.0,216.72516526096143,215.87138191282475,-23.005165260961434
80.7449,80.7449,191.0,216.74383870612724,215.89229271297899,-55.023838706127236
80.7643,80.7643,224.0,216.7625005080093,215.91314110707972,-22.04250050800931
80.7838,80.7838,244.0,216.78134155481584,215.93414193172006,-2.06134155481584
80.8033,80.8033,230.0,216.80026674014925,215.955187740486,-16.080266740149256
80.8227,80.8227,214.0,216.81917736736827,215.97617016489414,-32.09917736736827
80.8422,80.8422,246.0,216.83826821586968,215.99730542178057,-0.1182682158696764
80.8616,80.8616,227.0,216.8573420084161,216.01837664262223,-19.137342008416113
80.8811,80.8811,199.0,216.87659665652603,216.0396009586722,-47.156596656526034
80.9005,80.9005,255.0,216.895832935085,216.06076058697593,8.824167064915002
80.92,80.92,230.0,216.9152490920456,216.08207356919144,-16.1952490920456
80.9395,80.9395,220.0,216.93474600114197,216.10343084930656,-26.214746001141975
80.9589,80.9589,240.0,216.95422278935828,216.12472246329443,-6.2342227893582844
80.9784,80.9784,214.0,216.97387884544025,216.14616781196676,-32.253878845440255
80.9978,80.9978,213.0,216.99351332231387,216.16754684284663,-33.273513322313875
81.0173,81.0173,222.0,217.01332784417278,216.18907985693332,-24.29332784417278
81.0367,81.0367,214.0,217.033118610631,216.210545901606,-32.313118610630994
81.0562,81.0562,228.0,217.0530895942124,216.23216617389377,-18.333089594212396
81.0757,81.0757,230.0,217.07313849955275,216.2538300329312,-16.353138499552756
81.0951,81.0951,240.0,217.09316170856326,216.27542594440342,-6.373161708563259
81.1146,81.1146,192.0,217.11336469344135,216.29717644263803,-54.393364693441356
81.134,81.134,203.0,217.1335404701571,216.31885834186846,-43.4135404701571
81.1535,81.1535,218.0,217.1538963049781,216.34069506186947,-28.433896304978106
81.1729,81.1729,236.0,217.1742234177103,216.36246253152987,-10.454223417710296
81.1924,81.1924,208.0,217.19473085368625,216.38438505176688,-38.47473085368625
81.2119,81.2119,229.0,217.21531376494087,216.40635042250054,-17.495313764940875
81.2313,81.2313,217.0,217.23586538497722,216.42824556528106,-29.515865384977218
81.2508,81.2508,206.0,217.25659777962372,216.45029609569812,-40.53659777962372
81.2702,81.2702,228.0,217.27729762787004,216.47227574715595,-18.557297627870042
81.2897,81.2897,209.0,217.29817845144427,216.49441100543564,-37.57817845144427
81.3091,81.3091,233.0,217.3190246205714,216.51647473391168,-13.599024620571413
81.3286,81.3286,233.0,217.34005194227626,216.53869428410457,-13.620051942276262
81.3481,81.3481,228.0,217.3611525384968,216.56095592325914,-18.64115253849681
81.3675,81.3675,217.0,217.38221721618606,216.58314505584812,-29.662217216186065
81.387,81.387,219.0,217.40346293874356,216.60549032466145,-27.68346293874356
81.4064,81.4064,220.0,217.42467103245025,216.62776243654423,-26.70467103245025
81.4259,81.4259,194.0,217.44606046477872,216.6501908887037,-52.726060464778726
81.4453,81.4453,220.0,217.46741139333196,216.6725455337891,-26.74741139333196
81.4648,81.4648,222.0,217.48894375982226,216.69505671882425,-24.768943759822264
81.4843,81.4843,200.0,217.510547228955,216.71760920582514,-46.790547228955006
81.5037,81.5037,228.0,217.53210983143487,216.74008691015507,-18.812109831434867
81.5232,81.5232,206.0,217.55385416509176,216.7627214459223,-40.833854165091765
81.5426,81.5426,202.0,217.5755568210193,216.78528054950473,-44.85555682101929
81.5621,81.5621,200.0,217.5974413023187,216.80799667313187,-46.877441302318715
81.5815,81.5815,223.0,217.61928280203148,216.8306367153423,-23.89928280203148
81.601,81.601,233.0,217.64130601379736,216.85343396173576,-13.921306013797363
81.6205,81.6205,206.0,217.66339852745827,216.87627169745923,-40.94339852745827
81.6399,81.6399,213.0,217.68544630359133,216.8990323776513,-33.965446303591335
81.6594,81.6594,238.0,217.70767643171877,216.92195053002388,-8.987676431718768
81.6788,81.6788,212.0,217.72986029064057,216.94479097841455,-35.009860290640574
81.6983,81.6983,198.0,217.7522269387026,216.96778907183375,-49.03222693870259
81.7177,81.7177,210.0,217.77454617258948,216.99070881316337,-37.05454617258948
81.7372,81.7372,222.0,217.7970483415038,217.01378636781098,-25.077048341503797
81.7567,81.7567,215.0,217.8196175201517,217.03690357333397,-32.099617520151696
81.7761,81.7761,202.0,217.84213837433947,217.05994145445476,-45.12213837433947
81.7956,81.7956,219.0,217.86484189249558,217.08313739292774,-28.144841892495577
81.815,81.815,225.0,217.88749549797402,217.10625335982496,-22.167495497974016
81.8345,81.8345,232.0,217.9103325341378,217.12952754084776,-15.19033253413781
81.8539,81.8539,216.0,217.93311833728802,217.1527211035255,-31.213118337288023
81.8734,81.8734,226.0,217.95608712938304,217.17607303245273,-21.236087129383037
81.8929,81.8929,211.0,217.97912247679588,217.19946374780298,-36.25912247679588
81.9123,81.9123,210.0,218.00210489358957,217.22277287462057,-37.282104893589576
81.9318,81.9318,229.0,218.0252714823613,217.24624058728284,-18.30527148236129
81.9512,81.9512,243.0,218.04838308598673,217.2696260657316,-4.328383085986729
81.9707,81.9707,230.0,218.07168002391185,217.2931702704059,-17.351680023911854
81.9901,81.9901,234.0,218.0949221349195,217.316631595652,-13.374922134919501
82.0096,82.0096,224.0,218.11834744086383,217.34025178276423,-23.39834744086383
82.0291,82.0291,211.0,218.1418381499716,217.36390986567022,-36.42183814997159
82.0485,82.0485,212.0,218.16527325516188,217.38748410141073,-35.44527325516188
82.068,82.068,210.0,218.18889227767485,217.4112173936949,-37.468892277674854
82.0874,82.0874,216.0,218.2124533097194,217.4348661948429,-31.492453309719394
82.1069,82.1069,229.0,218.23620059972154,217.45867417620363,-18.516200599721543
82.1263,82.1263,246.0,218.25988872553827,217.48239702298596,-1.539888725538276
82.1458,82.1458,245.0,218.28376152221472,217.50627916881808,-2.563761522214719
82.1653,82.1653,238.0,218.307698776632,217.530198293459,-9.58769877663201
82.1847,82.1847,231.0,218.3315763674052,217.55403131856312,-16.611576367405206
82.2042,82.2042,225.0,218.3556391800454,217.57802381199554,-22.635639180045388
82.2236,82.2236,215.0,218.37964046202677,217.6019295638498,-32.65964046202677
82.2431,82.2431,223.0,218.4038291866507,217.6259948906683,-24.683829186650712
82.2625,82.2625,224.0,218.42795503651644,217.64997283445894,-23.707955036516438
82.282,82.282,195.0,218.45226748006323,217.67411045492565,-52.73226748006323
82.3015,82.3015,235.0,218.47664244439835,217.6982841106815,-12.756642444398352
82.3209,82.3209,215.0,218.50095450580787,217.7223694215606,-32.78095450580787
82.3404,82.3404,189.0,218.52545227170523,217.74661455251137,-58.805452271705235
82.3598,82.3598,230.0,218.5498873973037,217.7707706986946,-17.829887397303708
82.3793,82.3793,201.0,218.57450907222736,217.79508675422915,-46.85450907222736
82.3987,82.3987,205.0,218.59906498796184,217.81931318576048,-42.87906498796184
82.4182,82.4182,217.0,218.62380928536373,217.8436996109062,-30.903809285363735
82.4377,82.4377,203.0,218.64861529495226,217.86812110110776,-44.928615294952266
82.4571,82.4571,226.0,218.67335326905038,217.89245200890056,-21.953353269050382
82.4766,82.4766,201.0,218.69828045125254,217.9169430273335,-46.978280451252544
82.496,82.496,198.0,218.72314098054827,217.9413428258404,-50.00314098054827
82.5155,82.5155,235.0,218.74818939710053,217.965902806586,-13.028189397100533
82.5349,82.5349,233.0,218.7731688404506,217.9903709306074,-15.05316884045061
82.5544,82.5544,229.0,218.79833842688217,218.01499930335626,-19.07833842688217
82.5739,82.5739,227.0,218.8235678786565,218.0396617440349,-21.10356787865649
82.5933,82.5933,202.0,218.848726734233,218.06423137336384,-46.128726734233
82.6128,82.6128,231.0,218.87407644619844,218.08896134158647,-17.154076446198445
82.6322,82.6322,224.0,218.89935593054255,218.1135978635403,-24.179355930542556
82.6517,82.6517,229.0,218.92482497787438,218.13839477797862,-19.20482497787438
82.6711,82.6711,194.0,218.95022200404352,218.1630976120127,-54.230222004043526
82.6906,82.6906,228.0,218.9758105587671,218.18796088691857,-20.25581055876711
82.7101,82.7101,202.0,219.00145821344387,218.21285720555656,-46.28145821344387
82.7295,82.7295,202.0,219.02703273535133,218.237658493284,-46.30703273535133
82.749,82.749,202.0,219.0527989701753,218.2626202846976,-46.332798970175304
82.7684,82.7684,203.0,219.07849242190701,218.28748641310654,-45.358492421907016
82.7879,82.7879,215.0,219.1043757347853,218.31251308045591,-33.384375734785294
82.8073,82.8073,208.0,219.13018682793032,218.3374434535551,-40.41018682793032
82.8268,82.8268,249.0,219.15618900659877,218.36253439555148,0.5638109934012334
82.8463,82.8463,236.0,219.18225007934578,218.38765732983177,-12.462250079345779
82.8657,82.8657,219.0,219.2082352171129,218.4126830238166,-29.4882352171129
82.8852,82.8852,226.0,219.23441417943386,218.43786932166626,-22.514414179433857
82.9046,82.9046,212.0,219.2605162682533,218.46295775017967,-36.5405162682533
82.9241,82.9241,203.0,219.28681116856228,218.4882067991453,-45.56681116856228
82.9435,82.9435,253.0,219.31303037305773,218.51335735064805,4.406969626942271
82.963,82.963,216.0,219.33944252782513,218.53866853379816,-32.61944252782513
82.9825,82.9825,240.0,219.36591275280736,218.56401063035446,-8.645912752807362
83.0019,83.0019,201.0,219.39230552103712,218.58925328820857,-47.67230552103712
83.0214,83.0214,219.0,219.41889244002138,218.61465658433298,-29.698892440021382
83.0408,83.0408,229.0,219.4453997610406,218.639959815998,-19.725399761040592
83.0603,83.0603,231.0,219.4721029917132,218.66542368352168,-17.7521029917132
83.0797,83.0797,243.0,219.4987272879447,218.69078686180896,-5.77872728794469
83.0992,83.0992,234.0,219.5255462602619,218.71631066805574,-14.805546260261906
83.1187,83.1187,225.0,219.55242230051016,218.74186428122255,-23.83242230051016
83.1381,83.1381,232.0,219.57921951388158,218.76731626906695,-16.859219513881584
83.1576,83.1576,205.0,219.60621212546664,218.79292886264864,-43.88621212546664
83.177,83.177,213.0,219.63312301508662,218.81843920866652,-35.913123015086626
83.1965,83.1965,235.0,219.66023115961056,218.84411013867674,-13.940231159610562
83.2159,83.2159,208.0,219.68725820944044,218.86967819992864,-40.967258209440445
83.2354,83.2354,206.0,219.71448048692102,218.89540681784473,-42.99448048692102
83.2549,83.2549,217.0,219.7417620919556,218.92116410840714,-32.021762091955594
83.2743,83.2743,262.0,219.76896137820776,218.9468175996287,12.951038621792236
83.2938,83.2938,205.0,219.79635797024022,218.97263159594385,-44.076357970240224
83.3132,83.3132,233.0,219.8236704504505,218.9983411744263,-16.103670450450494
83.3327,83.3327,236.0,219.85118262910385,219.02421121658836,-13.131182629103847
83.3521,83.3521,201.0,219.87860940532912,219.04997622354006,-48.158609405329116
83.3716,83.3716,211.0,219.90623633439762,219.07590164707784,-38.18623633439762
83.3911,83.3911,213.0,219.9339211807062,219.10185458102177,-36.213921180706194
83.4105,83.4105,247.0,219.96152158798162,219.12770155502943,-2.241521587981623
83.43,83.43,215.0,219.98932104073668,219.1537088641979,-34.269321040736685
83.4494,83.4494,227.0,220.01703535128354,219.1796095989237,-22.29703535128354
83.4689,83.4689,232.0,220.04495030873898,219.20567060738955,-17.324950308738977
83.4883,83.4883,241.0,220.07277823165668,219.2316244280881,-8.352778231656686
83.5078,83.5078,223.0,220.10080861029977,219.25773845532962,-26.380808610299766
83.5272,83.5272,204.0,220.12875295241477,219.28374468268044,-45.40875295241477
83.5467,83.5467,216.0,220.15689845587823,219.30991104357287,-33.436898455878236
83.5662,83.5662,236.0,220.18510057030426,219.33610337930833,-13.465100570304259
83.5856,83.5856,194.0,220.2132172662153,219.36218699847947,-55.49321726621531
83.6051,83.6051,188.0,220.2415361098374,219.3884306306378,-61.5215361098374
83.6245,83.6245,229.0,220.2697662333463,219.4145649371985,-20.549766233346304
83.644,83.644,241.0,220.29820116968762,219.44085916910535,-8.578201169687617
83.6634,83.6634,226.0,220.32654764579712,219.46704346765083,-23.60654764579712
83.6829,83.6829,230.0,220.35509654243384,219.49338759800006,-19.635096542433843
83.7024,83.7024,211.0,220.38370528726088,219.51975647635985,-38.66370528726088
83.7218,83.7218,221.0,220.41222542804223,219.54601451135818,-28.692225428042235
83.7413,83.7413,209.0,220.440950281497,219.57243222658428,-40.72095028149701
83.7607,83.7607,213.0,220.4695844747954,219.59873849394677,-36.7495844747954
83.7802,83.7802,231.0,220.49842608147142,219.6252043331105,-18.778426081471423
83.7996,83.7996,195.0,220.52717720980368,219.6515581212469,-54.80717720980368
83.8191,83.8191,217.0,220.55613410018572,219.6780713667584,-32.83613410018572
83.8386,83.8386,202.0,220.58515132828404,219.70460810489362,-47.86515132828404
83.858,83.858,212.0,220.61407780930523,219.73103188903707,-37.89407780930523
83.8775,83.8775,211.0,220.6432113288211,219.75761494744307,-38.92321132882111
83.8969,83.8969,244.0,220.672254084877,219.7840844521281,-5.952254084877012
83.9164,83.9164,234.0,220.70150577725713,219.81071310151984,-15.981505777257127
83.9358,83.9358,190.0,220.7306648081073,219.83722759886922,-60.01066480810729
83.9553,83.9553,233.0,220.76003489297239,219.86390110527122,-17.040034892972386
83.9748,83.9748,228.0,220.78946449686856,219.89059682017665,-22.069464496868562
83.9942,83.9942,234.0,220.8188022728021,219.91717748747564,-16.09880227280209
84.0137,84.0137,242.0,220.8483487084302,219.94391694866036,-8.128348708430195
84.0331,84.0331,207.0,220.8778054386412,219.97054076752607,-43.15780543864119
84.0526,84.0526,218.0,220.90747304939651,219.99732322924655,-32.187473049396516
84.072,84.072,231.0,220.93704679864135,220.02398945541316,-19.21704679864135
84.0915,84.0915,240.0,220.96683444638944,220.05081416720657,-10.246834446389443
84.111,84.111,198.0,220.9966827323156,220.07765977447065,-52.27668273231561
84.1304,84.1304,237.0,221.0264362003647,220.10438825838477,-13.306436200364715
84.1499,84.1499,215.0,221.0564052963994,220.1312749801836,-35.33640529639939
84.1693,84.1693,198.0,221.0862815613227,220.15804398918186,-52.366281561322694
84.1888,84.1888,218.0,221.11637222552267,220.1849710632116,-32.39637222552267
84.2082,84.2082,199.0,221.14636795784028,220.21177983653845,-51.426367957840284
84.2277,84.2277,246.0,221.17658126950448,220.2387464957467,-4.456581269504483
84.2472,84.2472,216.0,221.20685592676787,220.26573270830167,-34.48685592676787
84.2666,84.2666,240.0,221.23703503215378,220.2925997404957,-10.517035032153785
84.2861,84.2861,237.0,221.2674334352673,220.31962437773086,-13.547433435267294
84.3055,84.3055,217.0,221.29773831309387,220.3465292506638,-33.577738313093874
84.325,84.325,231.0,221.32826049915283,220.373591533613,-19.608260499152834
84.3444,84.3444,222.0,221.35868837126154,220.4005334699379,-28.638688371261537
84.3639,84.3639,210.0,221.38933651589926,220.42763261485726,-40.66933651589926
84.3834,84.3834,214.0,221.4200477127566,220.45474994172898,-36.7000477127566
84.4028,84.4028,212.0,221.4506631752191,220.48174605082963,-38.73066317521909
84.4223,84.4223,206.0,221.48150166726455,220.50889905405995,-44.761501667264554
84.4417,84.4417,254.0,221.51224568098297,220.53593026133632,3.2077543190170275
84.4612,84.4612,239.0,221.54320969694209,220.56311814519472,-11.823209696942087
84.4806,84.4806,203.0,221.57408212682657,220.59018365660705,-47.85408212682657
84.5001,84.5001,209.0,221.60517735113024,220.6174056205564,-41.88517735113024
84.5196,84.5196,246.0,221.63633561559178,220.6446443656145,-4.916335615591777
84.539,84.539,209.0,221.66740198770185,220.67175987596656,-41.94740198770185
84.5585,84.5585,201.0,221.69869361591512,220.69903149023756,-49.97869361591512
84.5779,84.5779,208.0,221.7298882215905,220.7261792976291,-43.0098882215905
84.5974,84.5974,231.0,221.76131202627275,220.7534829685163,-20.04131202627275
84.6168,84.6168,239.0,221.79264136812557,220.78066226211325,-12.072641368125574
84.6363,84.6363,231.0,221.82419866910516,220.80799717218406,-20.10419866910516
84.6558,84.6558,209.0,221.85582096550112,220.83534743289187,-42.135820965501125
84.6752,84.6752,217.0,221.88735181413074,220.86257246331485,-34.16735181413074
84.6947,84.6947,225.0,221.91911225416084,220.8899527269088,-26.199112254160838
84.7141,84.7141,232.0,221.95077610615186,220.91720719430657,-19.230776106151865
84.7336,84.7336,237.0,221.9826739522482,220.94461663122178,-14.262673952248207
84.753,84.753,225.0,222.01447791233187,220.97189970786468,-26.29447791233187
84.7725,84.7725,210.0,222.04651389799147,220.99933748367124,-41.326513897991475
84.792,84.792,199.0,222.0786193144368,221.0267891498357,-52.358619314436794
84.8114,84.8114,195.0,222.11063274810311,221.05411361238004,-56.390632748103116
84.8309,84.8309,246.0,222.14288136822302,221.08159235556585,-5.422881368223017
84.8503,84.8503,207.0,222.17503386429595,221.1089433357369,-44.455033864295956
84.8698,84.8698,203.0,222.20742610800517,221.136448309309,-48.48742610800517
84.8892,84.8892,214.0,222.23972477234332,221.16382496238003,-37.519724772343324
84.9087,84.9087,205.0,222.27225966731194,221.1913553148091,-46.552259667311944
84.9282,84.9282,210.0,222.3048708348044,221.21889806733097,-41.584870834804406
84.9476,84.9476,224.0,222.33738914611774,221.2463116660345,-27.617389146117745
84.9671,84.9671,227.0,222.37014792088078,221.27387850981776,-24.650147920880784
84.9865,84.9865,203.0,222.40281297155656,221.30131564716137,-48.68281297155656
85.006,85.006,226.0,222.43572337285335,221.3289057183988,-25.715723372853347
85.0254,85.0254,224.0,222.46853843585365,221.35636553255705,-27.748538435853646
85.0449,85.0449,227.0,222.50160188236717,221.38397796251823,-24.78160188236717
85.0644,85.0644,216.0,222.5347430432169,221.41160127214187,-35.81474304321691
85.0838,85.0838,219.0,222.56779211343985,221.43909350178637,-32.84779211343985
85.1033,85.1033,249.0,222.6010865999406,221.46673785665942,-2.881086599940602
85.1227,85.1227,230.0,222.63429332118227,221.49425058596336,-21.91429332118227
85.1422,85.1422,212.0,222.66774988575241,221.52191510500447,-39.947749885752415
85.1616,85.1616,238.0,222.70111291411405,221.5494474549424,-13.98111291411405
85.1811,85.1811,224.0,222.73473173355276,221.57713125211785,-28.014731733552765
85.2006,85.2006,217.0,222.7684328961493,221.60482437818135,-35.04843289614931
85.22,85.22,225.0,222.80204304827487,221.63238452304876,-27.08204304827487
85.2395,85.2395,221.0,222.83590807779046,221.66009558774056,-31.115908077790465
85.2589,85.2589,233.0,222.86968650287568,221.68767313293773,-19.14968650287568
85.2784,85.2784,208.0,222.90372295058637,221.71540123780042,-44.18372295058637
85.2978,85.2978,235.0,222.9376678099214,221.74299528700055,-17.21766780992141
85.3173,85.3173,239.0,222.97187691179033,221.77073952859516,-13.251876911790333
85.3368,85.3368,225.0,223.0061736396623,221.79849151778035,-27.28617363966231
85.3562,85.3562,231.0,223.0403799046942,221.82610865040917,-21.320379904694192
85.3757,85.3757,196.0,223.07485422273336,221.85387541063534,-56.354854222733366
85.3951,85.3951,221.0,223.1092423152036,221.88150678356018,-31.389242315203603
85.4146,85.4146,199.0,223.14389675196,221.9092873988919,-53.42389675196
85.434,85.434,199.0,223.17846444741812,221.93693209838304,-53.45846444741812
85.4535,85.4535,216.0,223.2133049154824,221.96472564787425,-36.49330491548241
85.473,85.473,221.0,223.2482394129904,221.99252533295652,-31.528239412990388
85.4924,85.4924,228.0,223.28308640182652,222.02018831289848,-24.563086401826524
85.5119,85.5119,197.0,223.3182120324092,222.04799954011133,-55.59821203240921
85.5313,85.5313,217.0,223.3532544812719,222.07567353925617,-35.633254481271905
85.5508,85.5508,212.0,223.38857101806565,222.10349537508412,-40.66857101806565
85.5702,85.5702,225.0,223.4238102068533,222.13117946219768,-27.70381020685329
85.5897,85.5897,204.0,223.45932994171662,222.15901096808562,-48.73932994171662
85.6092,85.6092,206.0,223.49495155703843,222.18684696668421,-46.774951557038435
85.6286,85.6286,212.0,223.53048967237916,222.21454443926032,-40.81048967237916
85.6481,85.6481,244.0,223.56631763808946,222.24238868939892,-8.84631763808946
85.6675,85.6675,225.0,223.60206604746375,222.27009389867018,-27.882066047463752
85.687,85.687,215.0,223.638102595158,222.29794544915137,-37.91810259515799
85.7064,85.7064,208.0,223.67406532137474,222.32565744627783,-44.95406532137474
85.7259,85.7259,230.0,223.71032112271007,222.35351534083532,-22.99032112271007
85.7454,85.7454,229.0,223.7466830667177,222.38137605416293,-24.02668306671771
85.7648,85.7648,230.0,223.78297554061282,222.40909644922027,-23.062975540612825
85.7843,85.7843,249.0,223.81956640581342,222.43696206146024,-4.09956640581342
85.8037,85.8037,204.0,223.85608039070027,222.46468684893517,-49.13608039070027
85.8232,85.8232,232.0,223.89290211339573,222.4925563911061,-21.172902113395736
85.8426,85.8426,224.0,223.92965285301338,222.52028460445146,-29.20965285301338
85.8621,85.8621,230.0,223.9667095908724,222.54815710247394,-23.2467095908724
85.8816,85.8816,207.0,224.0038853588754,222.57603071408718,-46.28388535887541
85.901,85.901,218.0,224.04099687903545,222.60376224475502,-35.32099687903545
85.9205,85.9205,201.0,224.07842205903074,222.63163734025866,-52.358422059030744
85.9399,85.9399,228.0,224.11577677333318,222.65936985694157,-25.395776773333182
85.9594,85.9594,247.0,224.15345512520125,222.68724544946838,-6.433455125201249
85.9788,85.9788,220.0,224.19106967072875,222.71497796781065,-33.47106967072875
85.9983,85.9983,200.0,224.22900286439545,222.74285306536615,-53.509002864395455
86.0178,86.0178,200.0,224.26707468004747,222.77072753991524,-53.54707468004747
86.0372,86.0372,212.0,224.30508624467356,222.7984582013614,-41.58508624467356
86.0567,86.0567,249.0,224.34342906040743,222.82633068202782,-4.623429060407432
86.0761,86.0761,204.0,224.3817096053028,222.85405886060656,-49.6617096053028
86.0956,86.0956,214.0,224.42033187949212,222.8819283425351,-39.700331879492126
86.115,86.115,215.0,224.45889398903364,222.90965303598057,-38.73889398903364
86.1345,86.1345,228.0,224.49780411241946,222.93751850915984,-25.77780411241946
86.154,86.154,233.0,224.5368618251697,222.96538159113857,-20.816861825169696
86.1734,86.1734,219.0,224.5758692906353,222.9930991593262,-34.8558692906353
86.1929,86.1929,236.0,224.61522227836429,223.02095670654094,-17.895222278364287
86.2123,86.2123,221.0,224.65453439871186,223.04866826014324,-32.93453439871186
86.2318,86.2318,239.0,224.69420346380707,223.07651924964907,-14.974203463807072
86.2512,86.2512,220.0,224.73382303315674,223.10422376838864,-34.01382303315674
86.2707,86.2707,202.0,224.77381305173535,223.1320671720551,-52.05381305173535
86.2901,86.2901,216.0,224.81376266047153,223.1597636304915,-38.093762660471526
86.3096,86.3096,259.0,224.85408161335977,223.18759841499457,4.865918386640232
86.3291,86.3291,212.0,224.8945676928928,223.21542848838004,-42.17456769289279
86.3485,86.3485,245.0,224.93502387773526,223.24311090933003,-9.215023877735263
86.368,86.368,215.0,224.975861788604,223.27093080246817,-39.255861788603994
86.3874,86.3874,222.0,225.01666231857385,223.29860257553403,-32.29666231857385
86.4069,86.4069,215.0,225.0578599298652,223.3264112420736,-39.3378599298652
86.4263,86.4263,202.0,225.09903039579717,223.3540713236731,-52.37903039579717
86.4458,86.4458,252.0,225.13052690859303,223.38186771204002,-2.4105269085930274
86.4653,86.4653,199.0,225.17229741762694,223.40965754820516,-55.45229741762694
86.4847,86.4847,215.0,225.2140483781503,223.43729810677954,-39.494048378150296
86.5042,86.5042,203.0,225.25620994811908,223.46507407623488,-51.53620994811908
86.5236,86.5236,240.0,225.29834962246562,223.49270031025677,-14.578349622465623
86.5431,86.5431,211.0,225.34091581017032,223.52046134832807,-43.62091581017032
86.5625,86.5625,246.0,225.38347032676376,223.54807219597166,-8.663470326763758
86.582,86.582,227.0,225.4214187502605,223.57581723273287,-27.7014187502605
86.6015,86.6015,230.0,225.46462628150547,223.60355384402348,-24.744626281505475
86.6209,86.6209,230.0,225.5078321727213,223.63113958720814,-24.787832172721295
86.6404,86.6404,218.0,225.55147432230103,223.6588585810451,-36.831474322301034
86.6598,86.6598,216.0,225.59512932194593,223.68642625900657,-38.875129321945934
86.6793,86.6793,217.0,225.63923873950458,223.714126552291,-37.91923873950458
86.6987,86.6987,246.0,225.68335074705354,223.7416750848586,-8.96335074705354
86.7182,86.7182,228.0,225.72793707507822,223.7693555892103,-27.007937075078218
86.7377,86.7377,210.0,225.7727694038596,223.79702576245856,-45.0527694038596
86.7571,86.7571,236.0,225.8176196715499,223.824543512705,-19.097619671549893
86.7766,86.7766,241.0,225.86295031721755,223.85219225311772,-14.142950317217554
86.796,86.796,210.0,225.9083156094325,223.8796881331128,-45.18831560943249
86.8155,86.8155,216.0,225.95417669027492,223.9073143390641,-39.23417669027492
86.8349,86.8349,231.0,226.00006457101236,223.9347872501909,-24.28006457101236
86.8544,86.8544,219.0,226.04647155161624,223.9623898147448,-36.32647155161624
86.8739,86.8739,214.0,226.09315987749216,223.98998011001967,-41.37315987749216
86.8933,86.8933,233.0,226.13988615723707,224.0174164640013,-22.419886157237073
86.9128,86.9128,223.0,226.1871534355056,224.04498144606345,-32.467153435505594
86.9322,86.9322,236.0,226.23447709801292,224.07239206005292,-19.514477098012918
86.9517,86.9517,212.0,226.28234698460648,224.09993060864775,-43.56234698460648
86.9711,86.9711,217.0,226.33027261008047,224.12731436548034,-38.61027261008047
86.9906,86.9906,255.0,226.37877022162462,224.15482535501386,-0.6587702216246214
87.0101,87.0101,226.0,226.42759216321753,224.18232210437094,-29.707592163217527
87.0295,87.0295,245.0,226.4764846465502,224.20966343173956,-10.756484646550206
87.049,87.049,210.0,226.52597476301875,224.2371309221545,-45.80597476301875
87.0684,87.0684,235.0,226.57555686820822,224.2644425747223,-20.855556868208225
87.0879,87.0879,199.0,226.62573259135854,224.2918796672098,-56.90573259135854
87.1073,87.1073,231.0,226.67602295761256,224.31916050916283,-24.95602295761256
87.1268,87.1268,231.0,226.7269372940555,224.34656605936894,-25.00693729405549
87.1463,87.1463,230.0,226.77822824746914,224.37395536560055,-26.058228247469145
87.1657,87.1657,242.0,226.82962902376002,224.40118780774264,-14.109629023760021
87.1852,87.1852,199.0,226.88169608411732,224.42854384359345,-57.161696084117324
87.2046,87.2046,227.0,226.93389458203416,224.4557426107031,-29.213894582034158
87.2241,87.2241,227.0,226.9867637460027,224.48306421835497,-29.26676374600271
87.2435,87.2435,246.0,227.03979141634596,224.5102281558676,-10.319791416345964
87.263,87.263,227.0,227.09351767073716,224.53751417210486,-29.373517670737158
87.2825,87.2825,203.0,227.14768015982483,224.56478190748993,-53.42768015982483
87.3019,87.3019,216.0,227.20200868874292,224.59189137628323,-40.48200868874292
87.3214,87.3214,213.0,227.25708316597715,224.6191217637825,-43.53708316597715
87.3408,87.3408,222.0,227.31233107285115,224.64619349153352,-34.59233107285115
87.3603,87.3603,199.0,227.36835607495016,224.67338535439424,-57.64835607495016
87.3797,87.3797,224.0,227.424586575416,224.70041816768634,-32.70458657541599
87.3992,87.3992,201.0,227.48160735247788,224.72757032372903,-55.76160735247788
87.4187,87.4187,195.0,227.53913017456722,224.754702128783,-61.81913017456722
87.4381,87.4381,202.0,227.5969022487672,224.78167430535285,-54.87690224876721
87.4576,87.4576,206.0,227.65550926241383,224.80876461859287,-50.93550926241383
87.477,87.477,223.0,227.71435517687158,224.83569492197716,-33.99435517687158
87.4965,87.4965,213.0,227.77408430098316,224.86274254761372,-44.05408430098316
87.5159,87.5159,215.0,227.8340898276986,224.88962978544245,-42.11408982769859
87.5354,87.5354,237.0,227.89497988803683,224.91663352223028,-20.17497988803683
87.5549,87.5549,239.0,227.95649955238193,224.94361480445545,-18.23649955238193
87.5743,87.5743,200.0,228.0183304992038,224.97043513793108,-57.298330499203814
87.5938,87.5938,219.0,228.0811189653904,224.99737071763374,-38.3611189653904
87.6132,87.6132,230.0,228.14422666872088,225.02414497929215,-27.424226668720877
87.6327,87.6327,229.0,228.2083485651024,225.05103364154422,-28.4883485651024
87.6521,87.6521,207.0,228.2728299061311,225.07776061996026,-50.55282990613111
87.6716,87.6716,225.0,228.33834132995554,225.1046011443487,-32.61834132995554
87.6911,87.6911,221.0,228.40459837505767,225.13141707698387,-36.684598375057675
87.7105,87.7105,226.0,228.4712641521265,225.15807078325503,-31.75126415212651
87.73,87.73,224.0,228.5390317775264,225.18483673552188,-33.81903177752639
87.7494,87.7494,246.0,228.6072321025788,225.2114401045003,-11.887232102578793
87.7689,87.7689,208.0,228.67660365320936,225.23815484223007,-49.956603653209356
87.7883,87.7883,231.0,228.74642976176395,225.26470664333428,-27.02642976176395
87.8078,87.8078,228.0,228.81748705132222,225.29136892684434,-30.09748705132222
87.8273,87.8273,218.0,228.88942383939738,225.31800444761495,-40.16942383939738
87.8467,87.8467,208.0,228.9618939246692,225.34447650808812,-50.2418939246692
87.8662,87.8662,204.0,229.03563521397544,225.37105770315034,-54.31563521397544
87.8856,87.8856,245.0,229.10997446530757,225.39747509365634,-13.389974465307574
87.9051,87.9051,229.0,229.18567010083547,225.42400070949884,-29.465670100835467
87.9245,87.9245,215.0,229.26196021859226,225.45036218019834,-43.541960218592266
87.944,87.944,226.0,229.33969771024297,225.47683095776665,-32.619697710242974
87.9635,87.9635,228.0,229.4185024834056,225.50327076763486,-30.698502483405605
87.9829,87.9829,210.0,229.49797287399596,225.5295459279898,-48.777972873995964
88.0024,88.0024,232.0,229.57900016802353,225.55592699895809,-26.859000168023528
88.0218,88.0218,226.0,229.6607727331802,225.58214308911735,-32.94077273318021
88.0413,88.0413,227.0,229.7441543664488,225.6084641482299,-32.02415436644881
88.0607,88.0607,202.0,229.82830960087716,225.63461989899486,-57.10830960087716
88.0802,88.0802,202.0,229.91418653961108,225.66087966772366,-57.19418653961108
88.0997,88.0997,221.0,230.00137133090385,225.6871082296382,-38.28137133090385
88.1191,88.1191,252.0,230.08942144229042,225.71317099858425,-7.369421442290417
88.1386,88.1386,222.0,230.17933384457004,225.739336340199,-37.45933384457004
88.158,88.158,237.0,230.27021205933065,225.76533557081157,-22.550212059330647
88.1775,88.1775,216.0,230.36301361600815,225.7914363996244,-43.64301361600815
88.1969,88.1969,240.0,230.4568396923838,225.81737080324413,-19.736839692383796
88.2164,88.2164,237.0,230.55273077575575,225.84340582115118,-22.83273077575575
88.2359,88.2359,216.0,230.65023810853327,225.86940735879745,-43.930238108533274
88.2553,88.2553,229.0,230.7488748440874,225.89524200683,-31.028874844087397
88.2748,88.2748,218.0,230.84976504910202,225.9211757742113,-42.12976504910202
88.2942,88.2942,251.0,230.95191119399166,225.94694234750804,-9.231911193991664
88.3137,88.3137,212.0,231.05636698097064,225.97280703247378,-48.33636698097064
88.3331,88.3331,206.0,231.1622160439621,225.9985042228133,-54.442216043962105
88.3526,88.3526,227.0,231.2705539859122,226.02429850758205,-33.55055398591219
88.3721,88.3721,205.0,231.38090481042113,226.05005700413204,-55.66090481042113
88.3915,88.3915,240.0,231.49275271099492,226.07564756228885,-20.772752710994922
88.411,88.411,215.0,231.60735481948123,226.1013336696864,-45.88735481948123
88.4304,88.4304,215.0,231.7235520063442,226.1268515480856,-46.003552006344194
88.4499,88.4499,216.0,231.84268750205757,226.15246393442945,-45.12268750205757
88.4693,88.4693,214.0,231.96359707556002,226.17790780518592,-47.24359707556002
88.4888,88.4888,235.0,232.0875857573035,226.2034451329154,-26.367585757303488
88.5083,88.5083,234.0,232.2140851282221,226.2289443297778,-27.49408512822211
88.5277,88.5277,236.0,232.34262772288324,226.25427458839545,-25.622627722883237
88.5472,88.5472,233.0,232.4745603548987,226.27969670793848,-28.7545603548987
88.5666,88.5666,226.0,232.6085969052646,226.3049496128019,-35.88859690526459
88.5861,88.5861,236.0,232.74630515318967,226.33029330327193,-26.026305153189668
88.6055,88.6055,237.0,232.886352787282,226.3554675067308,-25.166352787281994
88.625,88.625,226.0,233.030251422973,226.3807314106856,-36.31025142297301
88.6445,88.6445,227.0,233.1774045560421,226.40595480625558,-35.45740455604209
88.6639,88.6639,216.0,233.32724351911008,226.4310083137262,-46.607243519110085
88.6834,88.6834,239.0,233.4813670327798,226.4561498741735,-23.761367032779788
88.7028,88.7028,209.0,233.63829176546707,226.48112128456305,-53.918291765467075
88.7223,88.7223,234.0,233.7998762771915,226.50617963817976,-29.079876277191488
88.7417,88.7417,239.0,233.96457566101114,226.53106758397158,-24.24457566101114
88.7612,88.7612,211.0,234.13413752127803,226.5560413533319,-52.414137521278036
88.7807,88.7807,208.0,234.3080447344355,226.58097220174133,-55.5880447344355
88.8001,88.8001,197.0,234.4854876683377,226.60573226326846,-66.7654876683377
88.8196,88.8196,219.0,234.66841891116718,226.63057644875852,-44.94841891116718
88.839,88.839,222.0,234.8551601437223,226.65524960019272,-42.13516014372229
88.8585,88.8585,232.0,235.0478964641548,226.6800057309991,-32.327896464154804
88.8779,88.8779,210.0,235.24474683766874,226.7045905848557,-54.524746837668744
88.8974,88.8974,215.0,235.44809056260354,226.72925726346722,-49.72809056260354
88.9169,88.9169,247.0,235.65708405807982,226.75387857333473,-17.93708405807982
88.9363,88.9363,225.0,235.8708776469498,226.77832824969,-40.150877646949795
88.9558,88.9558,226.0,236.0917780839081,226.80285799849094,-39.37177808390811
88.9752,88.9752,246.0,236.31802346503076,226.82721588170097,-19.598023465030764
88.9947,88.9947,233.0,236.5520779711548,226.8516526575128,-32.8320779711548
89.0141,89.0141,247.0,236.79177390538217,226.87591734002362,-19.071773905382173
89.0336,89.0336,237.0,237.04005279128856,226.90025972514775,-29.32005279128856
89.0531,89.0531,223.0,237.29594293409633,226.9245542583284,-43.57594293409633
89.0725,89.0725,246.0,237.5583212813539,226.94867636460796,-20.8383212813539
89.092,89.092,239.0,237.83043862462208,226.9728743678675,-28.110438624622077
89.1114,89.1114,249.0,238.10982010215238,226.996899727554,-18.389820102152385
89.1309,89.1309,258.0,238.39968890959602,227.02099976870957,-9.679688909596024
89.1503,89.1503,199.0,238.69741919230495,227.04492695407816,-68.97741919230495
89.1698,89.1698,233.0,239.00673761891983,227.06892759514187,-35.28673761891983
89.1892,89.1892,233.0,239.32487439071576,227.09275517268802,-35.604874390715764
89.2087,89.2087,248.0,239.65538923403582,227.11665496985827,-20.935389234035824
89.2282,89.2282,246.0,239.99754197322042,227.14050367035372,-23.277541973220423
89.2476,89.2476,223.0,240.3499383665821,227.16417900394296,-46.62993836658211
89.2671,89.2671,207.0,240.71668929240533,227.18792468205322,-62.996689292405335
89.2865,89.2865,234.0,241.09468136861713,227.21149679685374,-36.37468136861713
89.306,89.306,258.0,241.4886260139906,227.23513799419953,-12.768626013990598
89.3254,89.3254,240.0,241.89495285115683,227.25860543640553,-31.17495285115683
89.3449,89.3449,237.0,242.31889064344827,227.28214068876483,-34.59889064344827
89.3644,89.3644,230.0,242.75904372149787,227.30562227965302,-42.039043721497876
89.3838,89.3838,249.0,243.21392724331676,227.32892983605345,-23.49392724331676
89.4033,89.4033,244.0,243.68878981009317,227.35230327275187,-28.96878981009317
89.4227,89.4227,238.0,244.18026964875446,227.3755024946854,-35.46026964875446
89.4422,89.4422,223.0,244.69410924982955,227.39876629832133,-50.97410924982955
89.4616,89.4616,203.0,245.22597016377733,227.42185571157947,-71.50597016377733
89.4811,89.4811,228.0,245.7828664457578,227.44500839740854,-47.062866445757805
89.5006,89.5006,221.0,246.36313626235932,227.46810482097598,-54.64313626235932
89.52,89.52,237.0,246.96469053872391,227.4910265993346,-39.244690538723916
89.5395,89.5395,247.0,247.5955408426542,227.51400966502717,-29.875540842654203
89.5589,89.5589,214.0,248.25052663661182,227.5368179216781,-63.530526636611825
89.5784,89.5784,248.0,248.93779676407866,227.55968613002793,-30.217796764078656
89.5978,89.5978,261.0,249.65174027660322,227.58237937025856,-17.93174027660322
89.6173,89.6173,255.0,250.4019897338081,227.6051312158968,-24.68198973380811
89.6368,89.6368,225.0,251.18655091270594,227.62782416230957,-55.46655091270594
89.6562,89.6562,229.0,252.00277996137953,227.65034191076822,-52.28277996137953
89.6757,89.6757,242.0,252.86178549790594,227.67291622338365,-40.14178549790594
89.6951,89.6951,214.0,253.75675892701761,227.6953151909762,-69.03675892701762
89.7146,89.7146,228.0,254.69895875671557,227.71776934962904,-55.97895875671557
89.734,89.734,246.0,255.68118336145386,227.74004802103724,-38.96118336145386
89.7535,89.7535,223.0,256.7166175745089,227.76238049963237,-62.99661757450892
89.773,89.773,251.0,257.80280750567084,227.7846514056863,-36.08280750567084
89.7924,89.7924,252.0,258.9362378996046,227.80674662013817,-36.21623789960458
89.8119,89.8119,235.0,260.1324740351789,227.82889354387763,-54.41247403517892
89.8313,89.8313,244.0,261.38214443038726,227.85086464603208,-46.66214443038726
89.8508,89.8508,265.0,262.70046616710823,227.87288604649285,-26.980466167108233
89.8702,89.8702,240.0,264.0789482249901,227.89473150032458,-53.35894822499009
89.8897,89.8897,219.0,265.534383320871,227.91662583058306,-75.81438332087097
89.9092,89.9092,282.0,267.0636646695844,227.93845587845334,-14.343664669584399
89.9286,89.9286,232.0,268.66148876938644,227.96010980129944,-65.94148876938644
89.9481,89.9481,262.0,270.3492960605817,227.98181044538683,-37.62929606058171
89.9675,89.9675,230.0,272.1122529464122,228.00333485187602,-71.39225294641219
89.987,89.987,227.0,273.9735860826468,228.02490453031507,-76.25358608264682
90.0064,90.0064,260.0,275.91738552180624,228.0462978636137,-45.19738552180624
90.0259,90.0259,251.0,277.9666203753836,228.06773500855056,-56.24662037538363
90.0454,90.0454,277.0,280.1137750476174,228.08910512454204,-32.393775047617424
90.0648,90.0648,295.0,282.3521569141001,228.11029874344746,-16.63215691410008
90.0843,90.0843,261.0,284.70538766268555,228.13153396087915,-52.985387662685554
90.1037,90.1037,257.0,287.1500596544351,228.152592586385,-59.4300596544351
90.1232,90.1232,288.0,289.7137182458611,228.17369132238824,-30.993718245861118
90.1426,90.1426,285.0,292.3688606996688,228.19461337675088,-36.6488606996688
90.1621,90.1621,304.0,295.13991942401907,228.21557404243964,-20.41991942401907
90.1816,90.1816,287.0,298.0094834622981,228.2364648957369,-40.28948346229808
90.201,90.201,294.0,300.95887967737485,228.25717894238724,-36.238879677374854
90.2205,90.2205,299.0,304.0088472648264,228.2779293286823,-34.28884726482639
90.2399,90.2399,335.0,307.1170153809746,228.29850283155196,-1.3970153809745796
90.2594,90.2594,309.0,310.3046798322308,228.319111146871,-30.58467983223082
90.2788,90.2788,296.0,313.52238753742995,228.33954250720504,-46.80238753742995
90.2983,90.2983,332.0,316.78169106504146,228.36000714152775,-14.061691065041458
90.3178,90.3178,317.0,320.0472412070873,228.38039914294478,-32.327241207087326
90.3372,90.3372,366.0,323.2756837740489,228.40061409180285,13.444316225951098
90.3567,90.3567,371.0,326.47121082494397,228.42085998375265,15.248789175056032
90.3761,90.3761,397.0,329.56980459453575,228.44092876475526,38.150195405464245
90.3956,90.3956,381.0,332.5733554220683,228.46102692205716,19.14664457793171
90.415,90.415,380.0,335.41575344291425,228.4809479153365,15.304246557085747
90.4345,90.4345,406.0,338.09525301375754,228.50089670673384,38.62474698624246
90.454,90.454,387.0,340.5636194425914,228.52077000746425,17.156380557408596
90.4734,90.4734,382.0,342.78059443786844,228.54046607452602,9.939405562131554
90.4929,90.4929,417.0,344.7415620470362,228.5601875489448,42.97843795296379
90.5123,90.5123,389.0,346.40737289618664,228.57973175002758,13.312627103813355
90.5318,90.5318,479.0,347.7774226830206,228.59929975164485,101.94257731697942
90.5512,90.5512,441.0,348.8268850567299,228.61869044566657,62.89311494327009
90.5707,90.5707,453.0,349.5624418698819,228.63810332188774,74.15755813011808
90.5902,90.5902,470.0,349.97786294666355,228.65743781225476,90.74213705333645
90.6096,90.6096,490.0,350.07825669229885,228.67659495380607,110.64174330770115
90.6291,90.6291,501.0,349.87602165038504,228.69577182628046,121.84397834961496
90.6485,90.6485,518.0,349.3836596710925,228.71477132932523,139.33634032890748
90.668,90.668,513.0,348.611528804638,228.73378891600618,135.108471195362
90.6874,90.6874,488.0,347.5837366208175,228.75262911814661,111.13626337918251
90.7069,90.7069,526.0,346.30531168647764,228.7714857449993,150.41468831352236
90.7264,90.7264,498.0,344.79772967035075,228.7902610532058,123.92227032964925
90.7458,90.7458,515.0,343.0873126592291,228.80885896457866,142.6326873407709
90.7653,90.7653,530.0,341.1709709165865,228.827470788218,159.5490290834135
90.7847,90.7847,537.0,339.08430696951433,228.84590521379758,168.63569303048567
90.8042,90.8042,527.0,336.82210660458037,228.86435186345585,160.89789339541963
90.8236,90.8236,473.0,334.42427155302425,228.88262111942734,109.29572844697574
90.8431,90.8431,491.0,331.8808691358897,228.9009008995278,129.83913086411027
90.8626,90.8626,447.0,329.22221812614305,228.91909639040614,88.49778187385695
90.882,90.882,468.0,326.4818783005437,228.9371145047352,112.23812169945629
90.9015,90.9015,462.0,323.6481417268899,228.95514056892125,109.07185827311011
90.9209,90.9209,483.0,320.76964540105206,228.97298927505597,132.95035459894794
90.9404,90.9404,443.0,317.83798828214015,228.99084420152096,95.88201171785985
90.9598,90.9598,428.0,314.89817847065365,229.00852179412786,83.82182152934635
90.9793,90.9793,455.0,311.9401340951906,229.02620386565096,113.77986590480938
90.9988,90.9988,408.0,308.9956251157844,229.04379863941307,69.72437488421562
91.0182,91.0182,404.0,306.0962538673361,229.06121612639197,68.62374613266391
91.0377,91.0377,415.0,303.2238551615823,229.07863545552914,82.49614483841768
91.0571,91.0571,405.0,300.4213777271006,229.09587753644303,75.2986222728994
91.0766,91.0766,385.0,297.67056074766975,229.11311968820962,58.049439252330245
91.096,91.096,365.0,295.0065039073983,229.13018463610513,40.71349609260167
91.1155,91.1155,389.0,292.4099818844404,229.1472478715342,67.31001811555959
91.135,91.135,368.0,289.9010269701208,229.1642207625216,48.818973029879174
91.1544,91.1544,395.0,287.4926144758393,229.18101652715944,78.22738552416072
91.1739,91.1739,335.0,285.16410848197125,229.19780787942466,20.555891518028744
91.1933,91.1933,364.0,282.9410121547002,229.21442216430214,51.77898784529978
91.2128,91.2128,316.0,280.79879302796036,229.2310302232807,5.921206972039641
91.2322,91.2322,303.0,278.759311691446,229.24746127972298,-5.039311691445988
91.2517,91.2517,277.0,276.80060433903395,229.2638842845999,-29.080604339033954
91.2712,91.2712,325.0,274.93208094346824,229.28021386003377,20.787919056531763
91.2906,91.2906,276.0,273.1581282442188,229.29636654141134,-26.438128244218802
91.3101,91.3101,326.0,271.4591058212286,229.31250840750417,25.260894178771395
91.3295,91.3295,269.0,269.8498532084899,229.32847345924623,-30.12985320848989
91.349,91.349,274.0,268.3093910459063,229.3444258395127,-23.589391045906297
91.3684,91.3684,280.0,266.8507557777052,229.36020149112142,-16.130755777705218
91.3879,91.3879,266.0,265.45669345728265,229.37596260279662,-28.736693457282655
91.4074,91.4074,295.0,264.13002472044013,229.39162716152757,1.5899752795598658
91.4268,91.4268,271.0,262.8743797074267,229.40711513155406,-21.154379707426727
91.4463,91.4463,259.0,261.6739654957019,229.42258573344654,-31.953965495701908
91.4657,91.4657,267.0,260.53829363965593,229.4378798474272,-22.818293639655934
91.4852,91.4852,283.0,259.45178757963,229.4531546939731,-5.73178757962998
91.5046,91.5046,272.0,258.4233208736145,229.46825315948578,-15.703320873614501
91.5241,91.5241,290.0,257.4394935763365,229.4833304458682,3.2805064236635246
91.5436,91.5436,270.0,256.5027455997145,229.49830801712648,-15.782745599714502
91.563,91.563,269.0,255.61515352589407,229.5131093792957,-15.895153525894074
91.5825,91.5825,252.0,254.76581996442255,229.5278866689825,-32.04581996442255
91.6019,91.6019,244.0,253.96012794698282,229.5424878718053,-39.240127946982824
91.6214,91.6214,265.0,253.18826471661905,229.55706305928757,-17.468264716619046
91.6408,91.6408,262.0,252.45630054095628,229.57146228831604,-19.73630054095628
91.6603,91.6603,240.0,251.7541820977779,229.58583354662323,-41.034182097777915
91.6798,91.6798,269.0,251.08424371278346,229.60010188876868,-11.364243712783463
91.6992,91.6992,233.0,250.4478840584842,229.61419447691546,-46.72788405848419
91.7187,91.7187,251.0,249.83739614889544,229.62825613516358,-28.117396148895438
91.7381,91.7381,263.0,249.25674027708973,229.64214218341795,-15.536740277089734
91.7576,91.7576,248.0,248.69895614413616,229.65599531490926,-29.978956144136163
91.777,91.777,271.0,248.16855835666874,229.66967298669607,-6.448558356668741
91.7965,91.7965,233.0,247.65837148057852,229.683315742204,-43.938371480578525
91.816,91.816,233.0,247.1701991135514,229.6968523414759,-43.450199113551406
91.8354,91.8354,242.0,246.70543066084258,229.71021371853251,-33.98543066084258
91.8549,91.8549,227.0,246.25783622479065,229.72353715363184,-48.53783622479065
91.8743,91.8743,213.0,245.83114645877419,229.7366855326494,-62.111146458774186
91.8938,91.8938,256.0,245.42012098175155,229.74979393838782,-18.700120981751553
91.9132,91.9132,222.0,245.02819049214588,229.76272746056253,-52.30819049214588
91.9327,91.9327,245.0,244.65015725734148,229.77561896535573,-28.930157257341477
91.9521,91.9521,240.0,244.2893126910888,229.78833576551642,-33.56931269108881
91.9716,91.9716,277.0,243.9412045443709,229.80100849137568,3.7787954556291083
91.9911,91.9911,226.0,243.60686784000603,229.81357083788845,-46.88686784000603
92.0105,92.0105,251.0,243.28730909414688,229.82595876049956,-21.56730909414688
92.03,92.03,268.0,242.97885662671294,229.83829949663883,-4.258856626712941
92.0494,92.0494,249.0,242.68367822192874,229.85046600397453,-22.963678221928745
92.0689,92.0689,250.0,242.39841340129763,229.86258323569606,-21.678413401297632
92.0883,92.0883,261.0,242.12553644576244,229.87452644022605,-10.405536445762436
92.1078,92.1078,256.0,241.86151550230375,229.88641826705236,-15.141515502303747
92.1273,92.1273,218.0,241.60742054630427,229.89819638456342,-52.88742054630427
92.1467,92.1467,248.0,241.36400610558832,229.90980078985353,-22.644006105588318
92.1662,92.1662,218.0,241.12853253779824,229.92135063721273,-52.40853253779824
92.1856,92.1856,241.0,240.9027027620268,229.9327269903825,-29.182702762026793
92.2051,92.2051,240.0,240.68399787894293,229.94404665098392,-29.963997878942934
92.2245,92.2245,219.0,240.47436701990182,229.95519304204248,-50.75436701990182
92.244,92.244,252.0,240.2711324231008,229.96628059281775,-17.551132423100796
92.2635,92.2635,227.0,240.07515928056,229.97725106468442,-42.35515928056
92.2829,92.2829,257.0,239.88717352873212,229.98804861675055,-12.167173528732121
92.3024,92.3024,245.0,239.7047917164461,229.99878407956447,-23.984791716446097
92.3218,92.3218,265.0,239.5296679667832,230.0093468638975,-3.809667966783195
92.3413,92.3413,233.0,239.3597820694719,230.01984537838902,-35.63978206947189
92.3607,92.3607,245.0,239.19668025032598,230.03017146243636,-23.476680250325984
92.3802,92.3802,242.0,239.03830309392342,230.04043108284424,-26.31830309392342
92.3997,92.3997,244.0,238.8853524515448,230.05057021494642,-24.165352451544805
92.4191,92.4191,245.0,238.73842793832495,230.06053730165337,-23.018427938324947
92.4386,92.4386,201.0,238.59568224591732,230.07043460632224,-66.87568224591732
92.458,92.458,248.0,238.4584313484807,230.08016013056076,-19.738431348480702
92.4775,92.4775,246.0,238.3251985284722,230.08981364576093,-21.605198528472215
92.4969,92.4969,233.0,238.19698586154234,230.09929565231488,-34.476985861542346
92.5164,92.5164,236.0,238.07241877191703,230.10870340949035,-31.35241877191703
92.5359,92.5359,245.0,237.95198839566646,230.11798722898052,-22.231988395666463
92.5553,92.5553,258.0,237.83619297519854,230.1270999607175,-9.116192975198544
92.5748,92.5748,218.0,237.72358283451803,230.136135054557,-49.00358283451803
92.5942,92.5942,215.0,237.6152175090631,230.14499934961222,-51.89521750906309
92.6137,92.6137,204.0,237.5099443145514,230.15378373289818,-62.789944314551406
92.6331,92.6331,238.0,237.40856412360924,230.16239761329064,-28.68856412360924
92.6526,92.6526,203.0,237.3100031956641,230.17092929457016,-63.59000319566411
92.6721,92.6721,261.0,237.21469485849812,230.1793335486233,-5.4946948584981214
92.6915,92.6915,247.0,237.12296243626452,230.1875677570602,-19.402962436264517
92.711,92.711,211.0,237.03374299357338,230.19571630705178,-55.313742993573385
92.7304,92.7304,250.0,236.9479133746285,230.2036951247604,-16.227913374628514
92.7499,92.7499,208.0,236.86441776293785,230.21158596281782,-58.14441776293785
92.7693,92.7693,241.0,236.78405128271677,230.21930738895085,-25.064051282716775
92.7888,92.7888,232.0,236.70591842678488,230.22693850062254,-33.98591842678488
92.8083,92.8083,247.0,236.630403078986,230.23443865518618,-18.910403078986008
92.8277,92.8277,227.0,236.5576847965807,230.2417698920301,-38.8376847965807
92.8472,92.8472,220.0,236.48700553505955,230.24900728357045,-45.76700553505955
92.8666,92.8666,235.0,236.41905170385164,230.25607609545128,-30.699051703851637
92.8861,92.8861,241.0,236.3529817043413,230.26304869302433,-24.63298170434129
92.9055,92.9055,230.0,236.28942888258004,230.26985305612683,-35.56942888258004
92.925,92.925,224.0,236.22774691782226,230.2765588221802,-41.50774691782226
92.9445,92.9445,230.0,236.1681136326915,230.2831300607244,-35.4481136326915
92.9639,92.9639,234.0,236.11079411383483,230.28953359647588,-31.39079411383483
92.9834,92.9834,238.0,236.05515917856852,230.29583493212746,-27.335159178568517
93.0028,93.0028,239.0,236.00175791284022,230.30196892813748,-26.28175791284022
93.0223,93.0223,229.0,235.94992520705475,230.30799830677879,-36.22992520705475
93.0417,93.0417,227.0,235.90016759004595,230.313860716163,-38.180167590045954
93.0612,93.0612,243.0,235.85198618234844,230.3196160770391,-22.13198618234844
93.0807,93.0807,222.0,235.80551918989025,230.32523329930635,-43.08551918989025
93.1001,93.1001,219.0,235.7609715845367,230.33068412201604,-46.04097158453669
93.1196,93.1196,217.0,235.71788868502333,230.33602422025663,-47.99788868502333
93.139,93.139,247.0,235.67664913128772,230.34119830754773,-17.95664913128772
93.1585,93.1585,251.0,235.63677909929538,230.34625920436847,-13.916779099295383
93.1779,93.1779,225.0,235.5986922809873,230.35115448618606,-39.87869228098731
93.1974,93.1974,229.0,235.56192533317528,230.35593409752732,-35.84192533317528
93.2169,93.2169,214.0,235.52666773109127,230.36057191828291,-50.80666773109127
93.2363,93.2363,228.0,235.49305470049194,230.36504473230758,-36.77305470049194
93.2558,93.2558,235.0,235.46076293972303,230.36939812628063,-29.740762939723027
93.2752,93.2752,230.0,235.43002717824777,230.37358692795584,-34.71002717824777
93.2947,93.2947,239.0,235.40054345656603,230.3776537943757,-25.680543456566028
93.3141,93.3141,206.0,235.37262305579824,230.3815564903744,-58.652623055798244
93.3336,93.3336,240.0,235.3459076827379,230.38533472177494,-24.625907682737903
93.3531,93.3531,256.0,235.32054767637436,230.38896746955632,-8.600547676374362
93.3725,93.3725,247.0,235.29665072666043,230.39243669431576,-17.576650726660432
93.392,93.392,232.0,235.27396979971195,230.3957776305801,-32.55396979971195
93.4114,93.4114,225.0,235.25269019365146,230.39895548445008,-39.53269019365146
93.4309,93.4309,210.0,235.23259854302012,230.40200248494725,-54.51259854302012
93.4503,93.4503,239.0,235.21392085694157,230.40488685122713,-25.49392085694157
93.4698,93.4698,221.0,235.19640579395713,230.40763778498243,-43.47640579395713
93.4893,93.4893,224.0,235.18017067394183,230.41023950084983,-40.46017067394183
93.5087,93.5087,233.0,235.16529081132273,230.41267926958295,-31.445290811322735
93.5282,93.5282,216.0,235.15158782636783,230.41498170686296,-48.43158782636783
93.5476,93.5476,244.0,235.13919486409932,230.41712266420228,-20.419194864099325
93.5671,93.5671,214.0,235.12801977686217,230.41912367506345,-50.408019776862176
93.5865,93.5865,242.0,235.11815719211882,230.42096368083344,-22.398157192118816
93.606,93.606,182.0,235.10949037332298,230.42266111069043,-82.38949037332299
93.6255,93.6255,216.0,235.1020825090508,230.42420554697654,-48.382082509050804
93.6449,93.6449,239.0,235.0960008898243,230.42558970549769,-25.376000889824297
93.6644,93.6644,215.0,235.09113994810414,230.42682731343336,-49.371139948104144
93.6838,93.6838,220.0,235.087568529744,230.42790513773707,-44.367568529744005
93.7033,93.7033,230.0,235.08529708430544,230.4288337458074,-34.36529708430544
93.7227,93.7227,199.0,235.0843076574116,230.42960307214167,-65.36430765741162
93.7422,93.7422,233.0,235.0846158818661,230.43022050204885,-31.364615881866115
93.7617,93.7617,239.0,235.086263728577,230.43068112110893,-25.366263728576996
93.7811,93.7811,237.0,235.0892523186763,230.43098322656454,-27.369252318676303
93.8006,93.8006,205.0,235.0935913585633,230.4311293844613,-59.37359135856329
93.82,93.82,225.0,235.09927306570626,230.43111755020115,-39.37927306570626
93.8395,93.8395,211.0,235.10639584373143,230.4309470516343,-53.386395843731435
93.8589,93.8589,231.0,235.11487977994403,230.43061909022867,-33.394879779944034
93.8784,93.8784,201.0,235.12483811287385,230.430129733086,-63.40483811287385
93.8979,93.8979,229.0,235.1362980198216,230.42947970604766,-35.416298019821596
93.9173,93.9173,232.0,235.149170009675,230.42867302567265,-32.429170009675005
93.9368,93.9368,219.0,235.163623433611,230.42770082125136,-45.44362343361101
93.9562,93.9562,224.0,235.1795874772959,230.4265725126325,-40.45958747729591
93.9757,93.9757,243.0,235.19721405813573,230.42527591164068,-21.47721405813573
93.9951,93.9951,221.0,235.21635380178373,230.4238237635688,-43.49635380178373
94.0146,94.0146,250.0,235.23729266887557,230.4222005399778,-14.51729266887557
94.0341,94.0341,241.0,235.25995570864788,230.42041274549135,-23.53995570864788
94.0535,94.0535,226.0,235.28424569269026,230.41847025536532,-38.564245692690264
94.073,94.073,226.0,235.3104552434207,230.4163524835124,-38.590455243420706
94.0924,94.0924,258.0,235.33842027597552,230.4140805932295,-6.618420275975524
94.1119,94.1119,210.0,235.36842510216786,230.41163060083332,-54.64842510216786
94.1313,94.1313,226.0,235.40023239477625,230.40902707530364,-38.680232394776255
94.1508,94.1508,231.0,235.43427195999396,230.40624261231716,-33.714271959993965
94.1703,94.1703,241.0,235.4704108603427,230.40328963530533,-23.750410860342697
94.1897,94.1897,254.0,235.5085008596858,230.40018401910913,-10.788500859685797
94.2092,94.2092,239.0,235.54906325702763,230.39689318062656,-25.829063257027627
94.2286,94.2286,256.0,235.59174946430448,230.3934503086203,-8.871749464304486
94.2481,94.2481,229.0,235.63704125207857,230.3898193413989,-35.917041252078576
94.2675,94.2675,250.0,235.68457700190703,230.3860369545105,-14.964577001907031
94.287,94.287,220.0,235.73497250642927,230.38206358438288,-45.014972506429274
94.3065,94.3065,254.0,235.78805812543274,230.37791771479095,-11.068058125432742
94.3259,94.3259,241.0,235.8436180656076,230.37362136256314,-24.123618065607587
94.3454,94.3454,249.0,235.90241133427045,230.3691296629183,-16.182411334270455
94.3648,94.3648,220.0,235.96389724234177,230.36448811513182,-45.243897242341774
94.3843,94.3843,265.0,236.02881167682133,230.35964829397292,-0.30881167682133537
94.4037,94.4037,251.0,236.09670350976782,230.3546592674721,-14.376703509767822
94.4232,94.4232,232.0,236.16834122517722,230.34946902640928,-33.44834122517722
94.4427,94.4427,233.0,236.24353663736616,230.344102257955,-32.52353663736616
94.4621,94.4621,241.0,236.32202798679057,230.33858726484803,-24.602027986790574
94.4816,94.4816,252.0,236.40483409525578,230.3328666129239,-13.68483409525578
94.501,94.501,241.0,236.49124165808118,230.32699840005924,-24.77124165808118
94.5205,94.5205,234.0,236.5822870152167,230.32092154890887,-31.862287015216708
94.5399,94.5399,241.0,236.67733867193198,230.31469780894577,-24.95733867193198
94.5594,94.5594,225.0,236.7774840330843,230.30826243585508,-41.05748403308431
94.5789,94.5789,224.0,236.88251057412836,230.30164646477874,-42.16251057412836
94.5983,94.5983,244.0,236.99202773889297,230.2948846298156,-22.272027738892973
94.6178,94.6178,238.0,237.10747099937572,230.28790663666064,-28.387470999375722
94.6372,94.6372,223.0,237.22782412296846,230.280783472935,-43.50782412296846
94.6567,94.6567,218.0,237.35471690740783,230.2734411175478,-48.634716907407835
94.6761,94.6761,218.0,237.4871054651924,230.26595429343251,-48.7671054651924
94.6956,94.6956,233.0,237.6265934749955,230.25824522867273,-33.9065934749955
94.715,94.715,210.0,237.77208443229148,230.25039240558544,-57.05208443229148
94.7345,94.7345,230.0,237.9255014872748,230.24231427731766,-37.2055014872748
94.754,94.754,234.0,238.08642190130155,230.23405025489572,-33.36642190130155
94.7734,94.7734,239.0,238.25427399153676,230.22564355679813,-28.534273991536764
94.7929,94.7929,233.0,238.4313493088335,230.21700692348713,-34.71134930883349
94.8123,94.8123,229.0,238.61617250230464,230.2082283464463,-38.89617250230464
94.8318,94.8318,234.0,238.81110306627767,230.1992167305777,-34.09110306627767
94.8512,94.8512,243.0,239.01455694342252,230.19006391159428,-25.29455694342252
94.8707,94.8707,240.0,239.2292509264047,230.18067493447535,-28.50925092640469
94.8902,94.8902,231.0,239.45460849827109,230.17109589441583,-37.734608498271086
94.9096,94.9096,224.0,239.68992578583564,230.16137677946327,-44.96992578583564
94.9291,94.9291,238.0,239.93832338893625,230.15141679385007,-31.218323388936255
94.9485,94.9485,252.0,240.19779851220116,230.14131749578317,-17.47779851220116
94.968,94.968,219.0,240.4715346242643,230.13097416831755,-50.75153462426431
94.9874,94.9874,248.0,240.7576703306014,230.12049229961863,-22.0376703306014
95.0069,95.0069,222.0,241.0596193113162,230.10976322694847,-48.3396193113162
95.0264,95.0264,220.0,241.37676938361633,230.0988398792963,-50.656769383616336
95.0458,95.0458,202.0,241.70799200219153,230.08777916479025,-68.98799200219153
95.0653,95.0653,239.0,242.05766182741309,230.07646645055488,-32.337661827413086
95.0847,95.0847,247.0,242.4227273290582,230.06501716279072,-24.702727329058206
95.1042,95.1042,225.0,242.808054422157,230.05331266094123,-47.088054422157
95.1236,95.1236,235.0,243.21040523866552,230.0414723877815,-37.49040523866552
95.1431,95.1431,225.0,243.63458254422275,230.02937367020456,-47.91458254422275
95.1626,95.1626,225.0,244.07931803713504,230.01707642217005,-48.35931803713504
95.182,95.182,216.0,244.54334960545467,230.00464462395297,-57.823349605454666
95.2015,95.2015,253.0,245.03190194882967,229.99194950158395,-21.31190194882967
95.2209,95.2209,232.0,245.5405134423463,229.97912065363704,-42.82051344234631
95.2404,95.2404,249.0,246.07548024606214,229.96602521106837,-26.355480246062143
95.2598,95.2598,261.0,246.63164761052056,229.95279687653303,-14.91164761052056
95.2793,95.2793,228.0,247.215154861964,229.93929866078813,-48.49515486196401
95.2988,95.2988,225.0,247.82322850611013,229.92559761549717,-52.10322850611013
95.3182,95.3182,228.0,248.45322938839456,229.91176494670876,-49.73322938839456
95.3377,95.3377,242.0,249.11102800989934,229.897657432253,-36.391028009899344
95.3571,95.3571,225.0,249.78949200217218,229.88341915058004,-54.06949200217218
95.3766,95.3766,266.0,250.4952157462603,229.86890269615833,-13.7752157462603
95.396,95.396,259.0,251.2196878072844,229.85425633991954,-21.499687807284403
95.4155,95.4155,249.0,251.96853388259348,229.83932846758998,-32.24853388259348
95.435,95.435,246.0,252.736706525962,229.82419342283399,-36.01670652596201
95.4544,95.4544,230.0,253.5173267784208,229.8089297926675,-52.797326778420796
95.4739,95.4739,250.0,254.315345864474,229.79337959648052,-33.59534586447401
95.4933,95.4933,230.0,255.1187252454146,229.7777017032367,-54.398725245414596
95.5128,95.5128,234.0,255.93188064133818,229.76173385977947,-51.21188064133818
95.5322,95.5322,236.0,256.74105167879,229.7456392168527,-50.02105167878997
95.5517,95.5517,241.0,257.54969454842114,229.7292512231163,-45.829694548421145
95.5712,95.5712,247.0,258.34720333467766,229.71265167010202,-40.62720333467766
95.5906,95.5906,242.0,259.12301508240284,229.69592668256115,-46.403015082402845
95.6101,95.6101,213.0,259.8779949770332,229.67890320805677,-76.15799497703321
95.6295,95.6295,237.0,260.59789547693094,229.66175521985213,-52.877895476930945
95.649,95.649,268.0,261.28247654745775,229.6443053028785,-22.56247654745775
95.6684,95.6684,264.0,261.91755779058417,229.626731802379,-27.19755779058417
95.6879,95.6879,254.0,262.5034952621037,229.60885291475793,-37.783495262103685
95.7074,95.7074,223.0,263.03045009852525,229.59075803685766,-69.31045009852525
95.7268,95.7268,261.0,263.4907198620395,229.57254098951236,-31.7707198620395
95.7463,95.7463,251.0,263.88473444894964,229.5540133319131,-42.164734448949645
95.7657,95.7657,271.0,264.2051223847135,229.5353644585691,-22.485122384713492
95.7852,95.7852,246.0,264.4525563255199,229.5164014750495,-47.73255632551988
95.8046,95.8046,254.0,264.6238071552539,229.4973182389487,-39.90380715525393
95.8241,95.8241,236.0,264.7202279248142,229.47791737605957,-58.0002279248142
95.8436,95.8436,236.0,264.7417143875724,229.45829604756113,-58.021714387572416
95.863,95.863,231.0,264.6905182790863,229.43855593030437,-62.97051827908629
95.8825,95.8825,253.0,264.5685322836967,229.41849287539094,-40.8485322836967
95.9019,95.9019,220.0,264.379782788924,229.39831201869683,-73.65978278892399
95.9214,95.9214,229.0,264.1259371163151,229.3778046658032,-64.40593711631507
95.9408,95.9408,277.0,263.813140911967,229.35718050768511,-16.093140911967026
95.9603,95.9603,245.0,263.44124758902404,229.33622627798906,-47.721247589024046
95.9798,95.9798,257.0,263.01540298069824,229.31504706284565,-35.29540298069824
95.9992,95.9992,239.0,262.5421180253856,229.2937525566498,-52.822118025385606
96.0187,96.0187,276.0,262.01932394837667,229.27212257951152,-15.299323948376667
96.0381,96.0381,258.0,261.4558850335111,229.25037833198058,-32.735885033511096
96.0576,96.0576,268.0,260.8499172425134,229.2282949958364,-22.129917242513415
96.077,96.077,299.0,260.2102291054123,229.20609841965393,9.509770894587717
96.0965,96.0965,246.0,259.53421952864403,229.1835591202064,-42.81421952864403
96.116,96.116,276.0,258.82872393287084,229.16079027078678,-12.108723932870845
96.1354,96.1354,259.0,258.10154240097705,229.13790974645985,-28.381542400977054
96.1549,96.1549,229.0,257.3486814902496,229.1146810102445,-57.62868149024959
96.1743,96.1743,265.0,256.58210632271795,229.09134165387078,-20.86210632271795
96.1938,96.1938,264.0,255.7983153981281,229.0676504083008,-21.078315398128098
96.2132,96.2132,281.0,255.00875202674573,229.04384960713236,-3.288752026745726
96.2327,96.2327,276.0,254.20991561311124,229.01969322233327,-7.489915613111236
96.2522,96.2522,270.0,253.40968538597397,228.99530267817158,-12.689685385973974
96.2716,96.2716,259.0,252.6153730831048,228.97080419511383,-22.8953730831048
96.2911,96.2911,277.0,251.82267149789072,228.94594454977766,-4.102671497890725
96.3105,96.3105,259.0,251.04301771118423,228.9209780547919,-21.323017711184235
96.33,96.33,245.0,250.27059836353553,228.89564666007246,-34.55059836353553
96.3494,96.3494,256.0,249.51612240809726,228.8702095148781,-22.79612240809726
96.3689,96.3689,251.0,248.77374964285323,228.84440371522192,-27.053749642853234
96.3884,96.3884,249.0,248.04939826781379,228.81835910176784,-28.329398267813787
96.4078,96.4078,239.0,247.3475678869361,228.79221040672806,-37.627567886936106
96.4273,96.4273,270.0,246.66259452850693,228.7656873877857,-5.94259452850693
96.4467,96.4467,235.0,246.00196053048887,228.73906141141237,-40.281960530488874
96.4662,96.4662,265.0,245.3593425251119,228.71205731302106,-9.639342525111914
96.4856,96.4856,232.0,244.7417556774892,228.68495139139915,-42.02175567748921
96.5051,96.5051,241.0,244.14289210410368,228.65746353222465,-32.42289210410368
96.5246,96.5246,233.0,243.56566941370806,228.6297321595933,-39.845669413708066
96.544,96.544,280.0,243.0127085897426,228.60190068542522,7.7072914102573975
96.5635,96.5635,236.0,242.47817979825862,228.57368151269978,-35.758179798258624
96.5829,96.5829,265.0,241.9668395797215,228.5453633979129,-6.246839579721495
96.6024,96.6024,240.0,241.47286498676408,228.51665372527896,-30.75286498676408
96.6218,96.6218,239.0,241.0008408440591,228.48784628022256,-31.2808408440591
96.6413,96.6413,230.0,240.54522813395405,228.45864340046288,-39.825228133954056
96.6608,96.6608,226.0,240.10768180964882,228.42919226218484,-43.387681809648825
96.6802,96.6802,271.0,239.68976139170044,228.39964512660362,2.0302386082995554
96.6997,96.6997,236.0,239.28643745405395,228.3696967029767,-32.566437454053954
96.7191,96.7191,242.0,238.90097816089502,228.3396534772565,-26.180978160895023
96.7386,96.7386,223.0,238.5288835954567,228.3092050425105,-44.808883595456706
96.758,96.758,227.0,238.17335648273135,228.2786630111635,-40.45335648273135
96.7775,96.7775,237.0,237.8298195163114,228.24771183209643,-30.109819516311404
96.797,96.797,238.0,237.49960520991436,228.2165076038677,-28.779605209914365
96.8164,96.8164,236.0,237.18370555409314,228.18521160820626,-30.46370555409314
96.8359,96.8359,261.0,236.8782431222877,228.15350051836788,-5.1582431222877005
96.8553,96.8553,228.0,236.58564169628062,228.12169889245726,-37.86564169628062
96.8748,96.8748,248.0,236.30250706516705,228.0894781891813,-17.58250706516705
96.8942,96.8942,243.0,236.03107840009835,228.05716819159508,-22.311078400098353
96.9137,96.9137,241.0,235.7680462249952,228.02443511559258,-24.048046224995204
96.9332,96.9332,238.0,235.51436549582374,227.99144415402475,-26.79436549582374
96.9526,96.9526,234.0,235.27087657807294,227.9583657819902,-30.550876578072945
96.9721,96.9721,231.0,235.03446486170037,227.92485829118885,-33.31446486170037
96.9915,96.9915,236.0,234.8071859155606,227.8912646578497,-28.08718591556061
97.011,97.011,248.0,234.5863862935764,227.8572378598272,-15.866386293576397
97.0304,97.0304,253.0,234.3738592952257,227.82312619771704,-10.653859295225715
97.0499,97.0499,224.0,234.167046916204,227.78857730699568,-39.44704691620399
97.0694,97.0694,238.0,233.96677977660008,227.75376564836554,-25.24677977660008
97.0888,97.0888,222.0,233.7736517372299,227.7188710647957,-41.0536517372299
97.1083,97.1083,208.0,233.58536267389846,227.68353311758824,-54.86536267389846
97.1277,97.1277,251.0,233.40358604462926,227.64811355035786,-11.683586044629266
97.1472,97.1472,266.0,233.22617258026494,227.61224651032376,3.493827419735055
97.1666,97.1666,226.0,233.05461324617175,227.57629916582513,-36.334613246171756
97.1861,97.1861,232.0,232.88695530445636,227.53990022119578,-30.166955304456366
97.2056,97.2056,237.0,232.7238729873194,227.50323358019585,-25.003872987319397
97.225,97.225,226.0,232.56590253224263,227.46648862981544,-35.84590253224263
97.2445,97.2445,241.0,232.4112019147064,227.42928584881716,-20.691201914706397
97.2639,97.2639,209.0,232.26118505025855,227.39200610076483,-52.54118505025855
97.2834,97.2834,228.0,232.11411956707323,227.35426434915536,-33.39411956707323
97.3028,97.3028,237.0,231.9712803113152,227.3164469835804,-24.251280311315213
97.3223,97.3223,241.0,231.83109919417498,227.2781634231984,-20.111099194174983
97.3418,97.3418,260.0,231.69412455540453,227.2396071916865,-0.9741245554045292
97.3612,97.3612,211.0,231.56084577635454,227.20097739786368,-49.84084577635454
97.3807,97.3807,242.0,231.429789003957,227.16187508249845,-18.709789003957013
97.4001,97.4001,216.0,231.3021823499913,227.12270058498152,-44.582182349991314
97.4196,97.4196,205.0,231.1765158445191,227.0830493286844,-55.45651584451909
97.439,97.439,222.0,231.05397763057374,227.0433272812783,-38.33397763057374
97.4585,97.4585,225.0,230.93322155078693,227.0031242193934,-35.213221550786926
97.478,97.478,231.0,230.81474916152013,226.96264346514286,-29.094749161520127
97.4974,97.4974,220.0,230.69901420247857,226.92209402864563,-39.97901420247857
97.5169,97.5169,244.0,230.58477341158255,226.88105715389563,-15.864773411582547
97.5363,97.5363,228.0,230.47307312984157,226.83995301531615,-31.753073129841567
97.5558,97.5558,241.0,230.36266804526866,226.79835713642063,-18.642668045268664
97.5752,97.5752,220.0,230.2546175759797,226.75669542311803,-39.534617575979695
97.5947,97.5947,233.0,230.14772904479017,226.71453764882435,-26.42772904479017
97.6141,97.6141,224.0,230.04298761046053,226.67231548058598,-35.32298761046053
97.6336,97.6336,233.0,229.93926781184857,226.6295929120265,-26.219267811848567
97.6531,97.6531,228.0,229.83704651560043,226.58658612718244,-31.117046515600435
97.6725,97.6725,194.0,229.73675300536195,226.54351713174344,-65.01675300536195
97.692,97.692,255.0,229.6372828665776,226.49994118629016,-3.917282866577608
97.7114,97.7114,219.0,229.53960750887313,226.45630449847155,-39.81960750887313
97.7309,97.7309,235.0,229.44266456959238,226.41215647445773,-23.722664569592382
97.7503,97.7503,262.0,229.34736379637133,226.36794918747063,3.372636203628673
97.7698,97.7698,210.0,229.25270346102076,226.32322615930087,-48.53270346102076
97.7893,97.7893,242.0,229.1590992558731,226.27821378671175,-16.43909925587309
97.8087,97.8087,244.0,229.06699216279674,226.23314439317386,-14.346992162796738
97.8282,97.8282,251.0,228.9753690356413,226.18755260990477,-7.2553690356413085
97.8476,97.8476,205.0,228.88514795219086,226.141905313153,-53.165147952190864
97.8671,97.8671,218.0,228.79532427125318,226.095731174452,-40.07532427125318
97.8865,97.8865,212.0,228.70678879518732,226.0495030410198,-45.98678879518732
97.906,97.906,227.0,228.61860603303867,226.00274359446172,-30.898606033038675
97.9255,97.9255,236.0,228.5311855363505,225.95568962828509,-21.811185536350507
97.9449,97.9449,271.0,228.44491711236364,225.9085839687228,13.275082887636358
97.9644,97.9644,215.0,228.35890175618601,225.8609402478313,-42.638901756186016
97.9838,97.9838,207.0,228.27397413670204,225.81324638068787,-50.55397413670204
98.0033,98.0033,217.0,228.18922516861647,225.76500993342705,-40.469225168616475
98.0227,98.0227,222.0,228.10549867799025,225.71672489845682,-35.385498677990256
98.0422,98.0422,221.0,228.02190626992754,225.66789274546989,-36.30190626992754
98.0617,98.0617,243.0,227.9388371473774,225.61876085042164,-14.2188371473774
98.0811,98.0811,226.0,227.85669199837574,225.56958272897964,-31.13669199837574
98.1006,98.1006,227.0,227.77460948840226,225.51985064086065,-30.054609488402264
98.12,98.12,212.0,227.69339560964806,225.47007391358216,-44.973395609648065
98.1395,98.1395,232.0,227.6121857757308,225.41973863373326,-24.89218577573081
98.1589,98.1589,223.0,227.53179515405586,225.36936031349205,-33.81179515405586
98.1784,98.1784,201.0,227.45137649231177,225.31841883552292,-55.73137649231177
98.1979,98.1979,232.0,227.37131093048967,225.2671723456275,-24.65131093048967
98.2173,98.2173,214.0,227.2919930577394,225.2158852372772,-42.571993057739405
98.2368,98.2368,251.0,227.21258180759543,225.16402802127683,-5.492581807595428
98.2562,98.2562,245.0,227.1338794378964,225.11213181459138,-11.413879437896412
98.2757,98.2757,217.0,227.05504575436495,225.05966084672067,-39.335045754364955
98.2951,98.2951,230.0,226.9768845559975,225.00715252759196,-26.256884555997487
98.3146,98.3146,222.0,226.89855640682984,224.95406477432473,-34.17855640682984
98.3341,98.3341,214.0,226.82045464301916,224.90066669166487,-42.10045464301916
98.3535,98.3535,249.0,226.74296417025081,224.8472337409608,-7.022964170250816
98.373,98.373,216.0,226.66527355198514,224.79321430412688,-39.94527355198514
98.3924,98.3924,222.0,226.5881515984397,224.73916166799054,-33.86815159843971
98.4119,98.4119,241.0,226.51080314339572,224.6845178240085,-14.79080314339572
98.4313,98.4313,243.0,226.43399974815412,224.62984246124833,-12.713999748154123
98.4508,98.4508,228.0,226.3569350732018,224.57457114935448,-27.636935073201812
98.4703,98.4703,248.0,226.2799931683756,224.51898414282152,-7.559993168375598
98.4897,98.4897,215.0,226.20356252672093,224.46336816265767,-40.48356252672093
98.5092,98.5092,211.0,226.12682906259982,224.4071490784892,-44.406829062599826
98.5286,98.5286,236.0,226.05057347973036,224.35090273084228,-19.33057347973036
98.5481,98.5481,236.0,225.97400413970198,224.2940484887539,-19.254004139701976
98.5675,98.5675,216.0,225.89788983961128,224.23716870524746,-39.17788983961128
98.587,98.587,240.0,225.82143283429681,224.17967621713603,-15.101432834296816
98.6065,98.6065,233.0,225.74501673535943,224.12186262117947,-22.02501673535943
98.6259,98.6259,237.0,225.6690296419153,224.06402609154577,-17.949029641915303
98.6454,98.6454,188.0,225.59266705938467,224.0055695987433,-66.87266705938467
98.6648,98.6648,218.0,225.5167077725567,223.94709192426686,-36.796707772556715
98.6843,98.6843,230.0,225.44036261890443,223.88798942692162,-24.72036261890443
98.7037,98.7037,247.0,225.36439643135034,223.82886751193968,-7.644396431350344
98.7232,98.7232,229.0,225.28802410177127,223.76911589450688,-25.56802410177127
98.7427,98.7427,210.0,225.21163036409752,223.7090377078848,-44.49163036409752
98.7621,98.7621,244.0,225.1355955206686,223.6489427746235,-10.415595520668603
98.7816,98.7816,214.0,225.0591259497341,223.5882107758389,-40.3391259497341
98.801,98.801,241.0,224.98300055051465,223.52746382471113,-13.263000550514647
98.8205,98.8205,244.0,224.90642942016441,223.46607487855272,-10.186429420164416
98.8399,98.8399,241.0,224.83018274513753,223.4046727865081,-13.110182745137536
98.8594,98.8594,233.0,224.7534756385166,223.34262374988765,-21.03347563851659
98.8789,98.8789,208.0,224.67668761929878,223.28024263441654,-45.956687619298776
98.8983,98.8983,213.0,224.60021180777622,223.21785110797862,-40.88021180777622
98.9178,98.9178,260.0,224.52324740425158,223.1548051685651,6.196752595748421
98.9372,98.9372,237.0,224.44658437558152,223.0917506552179,-16.726584375581524
98.9567,98.9567,252.0,224.36941754308356,223.02803672903445,-1.6494175430835583
98.9761,98.9761,219.0,224.292535719838,222.96431607823828,-34.572535719838015
98.9956,98.9956,212.0,224.21514390133714,222.89993099455114,-41.495143901337144
99.0151,99.0151,240.0,224.13763058452602,222.8352082738559,-13.417630584526023
99.0345,99.0345,231.0,224.06038326667186,222.7704816280575,-22.340383266671864
99.054,99.054,250.0,223.98260473538951,222.70508297481976,-3.262604735389516
99.0734,99.0734,236.0,223.9050903783987,222.63968227669474,-17.185090378398712
99.0929,99.0929,239.0,223.82702912620917,222.57360450036884,-14.10702912620917
99.1123,99.1123,221.0,223.74921909317428,222.50752657178694,-32.02921909317428
99.1318,99.1318,256.0,223.6708557288487,222.4407664738916,3.049144271151306
99.1513,99.1513,221.0,223.59232922307507,222.37366313215546,-31.87232922307507
99.1707,99.1707,257.0,223.5140415888374,222.3065625029342,4.205958411162612
99.1902,99.1902,235.0,223.43518344386013,222.23877202287844,-17.715183443860127
99.2096,99.2096,207.0,223.35655697572525,222.17098617918373,-45.636556975725256
99.2291,99.2291,236.0,223.27734554855175,222.10250534244224,-16.55734554855175
99.2485,99.2485,229.0,223.19835875615345,222.03403107845168,-23.478358756153455
99.268,99.268,218.0,223.1187799495386,221.96485665869398,-34.39877994953861
99.2875,99.2875,219.0,223.03900684629906,221.8953333394087,-33.31900684629906
99.3069,99.3069,231.0,222.95944996751064,221.82581952358015,-21.239449967510637
99.3264,99.3264,204.0,222.87928235173675,221.7555977626638,-48.15928235173675
99.3458,99.3458,219.0,222.79932584488827,221.6853874731303,-33.079325844888274
99.3653,99.3653,245.0,222.7187477944882,221.61446402429453,-6.998747794488196
99.3847,99.3847,224.0,222.63837615217432,221.54355402744005,-27.918376152174318
99.4042,99.4042,234.0,222.55737283201788,221.47192563640306,-17.837372832017877
99.4237,99.4237,223.0,222.47615141927815,221.39994264111866,-28.756151419278154
99.4431,99.4431,238.0,222.3951255742865,221.3279760951329,-13.675125574286511
99.4626,99.4626,222.0,222.31345858056326,221.25528325701478,-29.593458580563265
99.482,99.482,238.0,222.23198036212546,221.18260888065248,-13.511980362125456
99.5015,99.5015,249.0,222.14985032629787,221.10920292538822,-2.429850326297867
99.5209,99.5209,236.0,222.06790987133135,221.0358174571384,-15.347909871331353
99.5404,99.5404,229.0,221.9853066521665,220.9616951023926,-22.265306652166515
99.5599,99.5599,225.0,221.90246034647694,220.88721238946766,-26.182460346476944
99.5793,99.5793,232.0,221.81979763604824,220.81275322816546,-19.099797636048237
99.5988,99.5988,256.0,221.73645867520455,220.7375491729559,4.983541324795453
99.6182,99.6182,225.0,221.6532967344903,220.6623707268104,-25.933296734490312
99.6377,99.6377,215.0,221.56945392986708,220.58644202687762,-35.84945392986708
99.6571,99.6571,253.0,221.4857860157456,220.51054100638154,2.23421398425441
99.6766,99.6766,193.0,221.40142544998244,220.43388435123506,-57.68142544998244
99.6961,99.6961,217.0,221.31680179025616,220.35686153458636,-33.596801790256166
99.7155,99.7155,200.0,221.2323503518517,220.2798695299555,-50.512350351851694
99.735,99.735,207.0,221.14719390110372,220.20211377296621,-43.42719390110372
99.7544,99.7544,243.0,221.06220501630924,220.12439093087514,-7.3422050163092365
99.7739,99.7739,253.0,220.97650426202685,220.04589890287838,2.7434957379731486
99.7933,99.7933,219.0,220.8909700749907,219.96744190572193,-31.17097007499069
99.8128,99.8128,223.0,220.80471510781328,219.88821026796992,-27.08471510781328
99.8323,99.8323,231.0,220.71817952888057,219.8086066158228,-18.99817952888057
99.8517,99.8517,237.0,220.63180568924713,219.729041195755,-12.911805689247132
99.8712,99.8712,186.0,220.54470056369252,219.64869290624884,-63.82470056369252
99.8906,99.8906,218.0,220.45775494401624,219.56838499759826,-31.737754944016245
99.9101,99.9101,225.0,220.37007203523953,219.48728871173626,-24.650072035239532
99.9295,99.9295,213.0,220.28254562000885,219.40623496869853,-36.56254562000885
99.949,99.949,227.0,220.19427298403107,219.3243873193736,-22.474272984031074
99.9685,99.9685,231.0,220.10570313074464,219.24216175301186,-18.385703130744645
99.9879,99.9879,217.0,220.01728978432195,219.1599820000585,-32.29728978432195
100.0074,100.0074,226.0,219.9281172965507,219.07700000000003,-23.20811729655071
